date,EME,DME,Gov,Infl,EMD_L,EMD_H,EMD_C,IG,HYD,SIG,PD,Com,RE,PE,HF,Cash
2007-06-07,97.7549,98.1198,100.4618,100.573,99.7532,99.6539,99.927,99.7931,99.2813,100.3191,99.0934,99.9672,101.2394,98.3463,99.5263,100.0806
2007-06-08,97.4042,97.813,100.1959,100.4416,99.5891,99.8988,100.4997,99.7569,98.9273,100.3427,98.4836,99.737,100.7369,97.8707,99.2931,100.0262
2007-06-11,97.5948,98.4208,100.2131,100.4536,100.9469,100.2828,101.0904,99.9657,98.7729,100.9159,98.4878,99.2457,100.5806,98.0831,99.4301,100.0456
2007-06-12,99.9118,99.7946,100.6253,100.9084,101.8346,100.6707,101.2771,100.4729,99.4726,101.0327,99.3293,98.8247,102.7393,100.8545,100.0774,100.1326
2007-06-13,100.9842,100.66,100.0374,100.5777,102.8681,100.1981,101.1377,100.031,100.3399,101.1374,100.0247,98.2895,102.0808,99.8803,100.0372,100.1577
2007-06-14,101.7039,100.8064,99.9989,100.6159,102.5964,100.373,101.714,100.4896,100.4544,101.2484,101.2665,97.1903,102.2681,101.879,100.5339,100.2181
2007-06-15,100.7877,100.9219,100.3583,100.6609,101.7318,100.201,101.9981,101.0416,100.8295,101.3356,102.5091,97.8618,102.5125,101.7719,100.4874,100.2768
2007-06-18,101.4268,100.7177,100.3301,100.4816,102.0332,100.349,101.5299,101.218,100.412,101.0402,102.946,96.2676,103.3097,102.7497,100.6367,100.3038
2007-06-19,103.2092,102.1261,100.4046,100.4657,102.9839,101.3353,102.8731,101.728,101.0272,101.5355,103.3844,97.2502,104.9463,101.9255,100.9362,100.2626
2007-06-20,102.707,101.7208,100.9093,100.668,103.3782,101.2636,102.8868,102.5164,100.869,101.7141,103.1332,97.3581,105.2419,102.7758,100.4321,100.2752
2007-06-21,104.4616,101.7928,100.8384,100.5902,103.1515,100.5435,102.5738,102.6183,100.8573,101.6138,102.5382,97.3524,107.0361,103.3237,101.1749,100.2921
2007-06-22,104.1761,101.8796,101.0238,100.8993,103.9574,101.5257,103.3061,102.8781,100.76,101.7337,102.255,97.8363,106.6567,102.5527,101.1945,100.3326
2007-06-25,104.5155,102.133,100.4563,100.1385,103.7582,101.2141,102.9357,102.9134,101.0923,101.4931,102.1185,95.8024,106.7457,100.7612,100.923,100.3755
2007-06-26,103.8118,102.639,99.8515,99.4768,103.808,100.7982,102.424,102.6881,100.5964,101.442,101.8238,94.8305,106.3616,100.5965,100.7384,100.322
2007-06-27,103.4006,102.1188,99.4397,98.8361,102.9727,100.5854,102.3531,102.7716,99.9358,101.1068,101.8117,93.9529,104.9707,100.2514,100.88,100.3615
2007-06-28,101.055,100.9137,99.3435,98.3783,101.5661,99.8798,101.6026,102.0486,98.5797,100.9593,100.7403,93.6648,103.8582,98.9813,100.9313,100.3599
2007-06-29,100.5948,100.4078,98.8185,97.5174,100.0198,99.2665,101.1386,101.2146,97.2785,100.2774,100.8934,94.2495,102.4859,99.9604,100.3366,100.4202
2007-07-02,100.8024,99.9525,98.5585,96.8841,99.3633,98.5931,100.1753,100.7994,97.0211,99.9672,101.9234,93.1947,103.0773,98.8792,100.6781,100.4132
2007-07-03,100.0597,100.5633,98.3382,96.606,99.9047,98.291,99.8766,100.5209,97.0256,99.7567,102.217,92.3166,102.0563,98.4071,100.3827,100.4304
2007-07-04,101.0289,100.3358,98.753,96.6946,100.0938,98.0707,99.8139,100.8329,96.3628,99.7156,101.9625,91.9809,104.0173,101.317,99.7492,100.4583
2007-07-05,101.3977,101.174,98.8604,96.6876,100.2393,98.173,100.0994,100.6491,96.3375,99.9574,102.3284,92.5744,104.8784,102.6964,99.4037,100.4631
2007-07-06,103.0622,101.8065,98.9679,96.7018,101.056,98.4452,100.4082,100.5278,96.4637,100.4372,102.8106,93.4522,105.6238,104.1743,99.3612,100.464
2007-07-09,106.5066,103.0066,99.1507,97.1732,102.4863,99.3201,101.3424,101.1115,97.9125,100.9421,103.9911,94.9738,106.4371,104.3235,100.5794,100.4311
2007-07-10,107.6755,103.7508,99.0941,96.6901,102.6571,99.6527,101.198,101.462,98.2189,100.8098,105.1643,94.3466,105.5958,105.095,100.6501,100.4457
2007-07-11,109.1222,103.6052,99.1981,96.6865,102.4351,99.7793,101.2065,101.4559,98.7575,100.9215,105.2887,94.838,105.2973,105.5798,100.5716,100.4809
2007-07-12,109.0478,103.7787,99.579,97.1,102.0617,99.9345,101.8258,101.5839,98.8004,101.2397,104.178,93.6844,105.1108,107.4422,100.8886,100.4783
2007-07-13,110.5167,104.8647,99.526,96.6013,102.6075,99.5761,102.0519,101.9047,99.626,101.4975,104.6676,92.5247,104.4556,106.4389,101.3359,100.4924
2007-07-16,111.4726,104.6255,99.8423,97.2337,103.5988,100.3093,103.0543,102.5968,99.8661,102.2235,104.5938,91.9882,105.9917,107.968,101.4208,100.5064
2007-07-17,111.8717,104.7797,99.779,97.2472,104.0726,100.5755,103.1713,102.9586,100.6175,102.0683,104.6908,91.0094,105.5915,107.4241,100.9008,100.4812
2007-07-18,114.0442,105.8859,99.7324,97.3936,105.5591,101.206,103.6969,103.4721,101.217,102.856,105.0878,92.1595,106.1696,108.4716,101.5486,100.466
2007-07-19,115.5611,106.8957,99.7087,97.4062,105.7396,101.8728,104.3777,103.3625,100.5717,102.7762,104.615,93.7639,106.2639,110.2235,102.298,100.4514
2007-07-20,115.529,106.5536,99.8302,97.405,105.197,102.5362,104.7429,103.3821,100.4815,103.0669,104.1519,93.6,105.3844,110.1653,102.6118,100.4865
2007-07-23,114.4321,106.2662,100.2799,97.8951,104.8641,102.2686,105.1272,103.5688,100.4883,103.2974,104.6715,92.9568,105.5488,111.7453,102.6371,100.4979
2007-07-24,116.1855,107.4531,100.0362,97.769,104.8086,102.6318,105.2324,102.8917,100.1504,103.2396,104.9106,94.8102,105.8941,114.2996,102.806,100.5172
2007-07-25,117.6225,108.4362,100.174,98.2686,106.2113,104.0848,105.7222,103.1721,100.9544,103.3064,104.873,94.1485,106.9456,115.1058,102.4897,100.5529
2007-07-26,117.3701,108.6881,100.2729,98.5446,105.6093,104.319,106.3316,103.4885,101.0218,103.1786,104.9519,94.8877,108.2656,115.4815,102.5133,100.5521
2007-07-27,121.6918,110.8508,100.7641,98.7922,106.5576,105.4508,106.5297,104.1153,102.4524,103.6049,106.6528,96.2023,110.6042,117.8808,103.4284,100.6518
2007-07-30,124.0351,112.8814,100.4192,97.874,106.1103,104.879,106.3888,104.125,101.8959,103.2242,107.3748,96.3991,111.3346,120.4649,104.1054,100.7085
2007-07-31,122.0939,111.4036,100.3337,97.9103,105.4827,104.7323,106.0638,103.9065,100.6517,102.6116,106.5594,96.4682,110.3314,120.9481,103.6197,100.6952
2007-08-01,122.1273,112.4721,100.264,97.8888,105.9488,104.5173,105.3761,103.9887,101.095,102.4729,106.9506,97.329,111.4861,119.5542,104.2089,100.6765
2007-08-02,119.0291,110.8142,99.7839,97.8292,105.9582,104.4194,105.0965,103.4776,100.6453,102.3131,106.2442,97.0777,109.7931,114.5765,104.1436,100.7139
2007-08-03,120.2854,111.6979,99.8532,97.7552,106.5135,105.2704,105.3946,103.7054,100.8084,102.3888,106.8907,98.4711,110.1124,113.6709,104.9378,100.7094
2007-08-06,119.5641,112.1216,99.8325,97.6468,107.2795,105.3857,104.6177,103.8528,100.5677,101.9519,106.6719,96.9139,109.6926,114.6364,104.4327,100.663
2007-08-07,119.6159,112.6618,100.1106,97.6559,106.29,104.8735,104.2981,103.7462,101.2228,101.9389,108.002,97.5637,110.3433,114.4775,104.9154,100.6842
2007-08-08,119.0201,111.7439,100.2632,97.5135,105.3828,104.3831,103.7311,104.1773,100.8821,101.7565,108.2766,97.6802,110.4773,115.4965,104.6954,100.6793
2007-08-09,118.9732,111.8958,100.1474,97.6064,105.5486,104.4592,103.7016,103.7478,100.9795,101.7703,107.6892,97.3143,109.4187,115.9438,104.5712,100.7003
2007-08-10,119.0457,112.5716,100.2494,97.2184,104.9926,104.3275,103.2155,103.2694,100.542,101.8266,107.4383,98.8541,108.7506,117.2417,104.3643,100.7088
2007-08-13,119.1598,111.5353,100.1207,97.198,104.8526,103.9519,103.4595,103.0972,100.5202,102.3078,107.1138,99.2803,108.006,115.9901,104.7567,100.7023
2007-08-14,117.9188,110.5921,100.2213,97.2338,103.9469,103.6368,103.5536,103.2009,100.3102,102.2526,106.6434,99.3484,107.3895,115.2429,104.7091,100.6923
2007-08-15,117.1235,111.1648,100.4793,97.0288,103.2998,102.876,102.9714,103.1325,100.211,102.138,106.4099,97.3031,108.5762,114.57,105.4385,100.7514
2007-08-16,116.5436,110.9771,101.1055,97.9753,103.9639,103.7313,103.1744,103.1843,100.1947,102.7553,106.3371,97.9662,109.143,116.1282,106.0957,100.785
2007-08-17,116.478,110.7282,101.1712,97.8324,103.1067,103.5854,102.7927,103.0726,99.3605,102.0163,106.5379,97.078,109.3207,118.2289,106.2579,100.734
2007-08-20,116.9565,110.3396,101.1399,97.8046,102.8657,103.8322,102.7427,103.2501,99.1683,101.275,106.666,96.3804,109.435,118.8915,105.8713,100.7333
2007-08-21,115.0854,108.2491,101.4915,97.9832,102.1872,103.9979,103.1827,103.45,98.2922,101.3144,106.5529,97.8474,108.3713,117.2041,105.7492,100.7088
2007-08-22,114.4689,108.1709,100.994,97.4818,101.365,103.6356,102.7597,103.0627,97.7252,100.693,106.5673,97.0342,107.5943,117.6122,105.4266,100.797
2007-08-23,111.7781,107.0137,101.2047,97.5458,100.5144,103.6702,103.1714,103.3053,97.1446,100.7274,104.911,95.8521,107.8663,114.9419,105.0331,100.7984
2007-08-24,115.271,108.9778,100.7469,97.3565,101.7337,104.4255,104.015,103.7713,97.8685,101.0169,104.4778,94.2443,109.3072,117.3324,105.1185,100.7966
2007-08-27,115.775,108.712,100.7684,97.0731,100.8225,104.1124,103.7572,104.0558,97.9002,101.0897,104.7914,93.4597,110.2792,117.5415,105.5632,100.8307
2007-08-28,116.6541,109.0266,100.401,96.4001,100.203,103.468,102.5483,103.5184,97.4395,100.5375,105.1911,91.7343,111.2948,119.1955,105.359,100.8776
2007-08-29,116.1174,108.6219,100.3886,96.3546,99.6755,103.5972,102.6382,103.6706,97.3192,100.3138,104.9291,92.3024,112.025,117.3219,105.347,100.8879
2007-08-30,112.2899,106.2141,100.5466,96.6083,99.4513,103.5702,102.5252,103.9219,96.3795,100.1393,103.8897,92.7349,110.0689,113.5573,105.1753,100.8759
2007-08-31,111.2582,105.6503,99.7614,95.8853,98.4106,103.0354,102.2598,103.4082,96.0166,99.6742,103.8423,91.3777,109.4443,112.1379,104.3526,100.9436
2007-09-03,113.0545,107.1523,99.7383,95.8896,98.7869,104.0595,102.6269,103.7183,96.1767,99.5299,104.2191,92.3788,109.8521,113.7986,105.0013,100.9312
2007-09-04,112.117,106.7133,99.6809,95.8022,98.1351,103.596,102.4169,103.7346,96.1427,99.5064,103.4388,92.1957,109.7847,112.9404,104.7699,100.9779
2007-09-05,110.9135,105.89,99.9429,96.2592,98.0349,104.3655,102.855,103.6896,96.3416,99.6845,102.0518,92.1591,108.4522,109.9756,105.4665,100.928
2007-09-06,108.585,104.5064,100.0008,96.0571,97.2389,103.0049,101.9082,103.3092,95.3879,99.3372,102.0276,92.6944,107.9432,108.904,105.1449,100.9505
2007-09-07,109.3084,105.1245,100.165,96.0447,97.4868,102.4269,101.9566,103.5916,95.8732,98.9467,102.9069,93.0182,107.8757,108.3196,105.5379,100.9548
2007-09-10,110.3139,105.8461,100.387,96.0567,97.2664,103.2617,102.8899,103.789,95.8847,99.6951,102.5446,91.5701,108.988,110.7537,105.6442,100.9196
2007-09-11,108.6687,105.6889,100.3841,96.1916,97.3753,102.5063,102.6202,103.5019,95.7709,99.5985,102.8729,90.2941,108.4126,111.7687,104.9442,100.9058
2007-09-12,107.2384,105.8257,99.9236,95.8617,96.7075,102.2207,102.8544,102.8218,95.4049,99.3204,102.9252,90.355,109.0182,110.3535,104.0333,100.84
2007-09-13,103.9734,104.8653,100.3789,96.0817,96.5943,101.2839,102.0135,102.7376,95.3138,99.363,102.6411,90.365,109.2577,106.9729,103.6169,100.893
2007-09-14,106.2352,106.8035,100.5904,96.3244,97.6353,102.3865,103.0254,102.9687,95.9917,99.4898,103.7724,90.4867,109.0031,110.1355,103.7111,100.8847
2007-09-17,105.9273,106.0278,100.4348,96.6759,97.6834,102.9872,103.4154,102.3483,96.2212,99.592,104.0942,89.8279,107.6002,110.7432,103.1227,100.882
2007-09-18,107.5394,107.5946,100.1886,96.765,97.5875,103.1182,104.1361,102.042,96.65,99.6851,105.2558,89.4431,109.8291,112.3113,103.8721,100.8893
2007-09-19,107.3787,106.8598,100.1416,96.6134,97.8511,103.4591,103.6328,101.9741,96.2751,99.4495,104.7102,88.0207,108.5524,112.0957,103.7739,100.9923
2007-09-20,109.0904,107.3453,100.3618,97.0095,99.2554,104.6838,104.062,102.5202,97.7747,100.2631,106.3541,89.0496,109.1134,110.8868,104.0981,101.0365
2007-09-21,107.3783,106.5101,100.3256,97.3666,100.1404,105.0649,104.5294,102.5363,98.2492,100.6505,105.0823,88.6626,107.9196,107.5719,103.3161,101.0023
2007-09-24,107.2416,107.412,100.5988,97.7116,100.4762,105.2766,104.2073,102.687,98.6323,100.9915,105.264,89.0966,108.1387,109.1732,103.7019,100.99
2007-09-25,104.5827,106.4687,100.1518,97.3166,99.7563,104.9021,103.7588,102.3706,97.8607,100.7977,104.0153,88.4881,106.9052,106.4555,103.4876,101.0094
2007-09-26,105.3467,107.1925,100.004,96.9437,99.3765,104.8196,103.2129,102.4054,97.5131,100.7914,103.6975,90.0331,108.5403,105.8699,104.3955,101.0252
2007-09-27,106.5605,107.7117,99.9811,97.1797,100.2036,104.4497,102.9585,102.417,98.4783,101.1782,104.0754,89.2002,108.5635,107.3913,104.3645,100.986
2007-09-28,107.2625,108.17,99.8315,96.9877,100.424,104.3514,103.0483,102.8061,99.0299,100.803,104.1617,88.5962,109.048,106.2957,104.0172,101.0283
2007-10-01,108.3588,108.3474,100.1112,97.2374,100.4291,105.2347,103.5252,103.228,100.0565,101.0476,105.574,88.8017,108.7173,106.138,104.569,101.0413
2007-10-02,108.5493,108.647,99.5656,96.8328,99.7084,104.9831,103.5096,102.7115,100.2213,100.5086,105.4938,87.4933,108.5153,104.7235,104.7766,101.007
2007-10-03,104.9038,105.2547,99.7813,97.2181,98.0981,104.9946,103.9243,102.2948,98.7574,100.433,104.7957,87.3914,107.3288,103.7898,103.8067,101.0563
2007-10-04,105.0469,105.3852,100.2885,97.422,98.0312,105.2404,103.9135,103.1802,99.3003,100.7099,106.3298,87.4982,108.1392,105.1104,103.8535,101.0682
2007-10-05,103.7798,105.8196,99.8173,97.164,98.9232,105.0136,103.5144,102.8916,99.3194,100.8962,105.5918,87.8032,107.18,102.6212,103.6937,101.0724
2007-10-08,102.617,106.4695,99.5527,96.7213,98.8699,104.6122,103.5048,102.4444,98.5894,100.924,104.4266,88.3204,106.0741,102.8378,102.9053,101.0614
2007-10-09,102.8415,105.2558,99.3845,96.5996,99.3443,105.2631,103.6621,102.5255,98.5915,101.125,103.7225,87.4051,105.3119,100.6379,102.7988,101.0982
2007-10-10,103.0501,105.8505,99.0883,96.2366,98.6195,104.8872,103.2802,102.2741,98.6575,100.9511,103.6449,87.3836,106.823,100.4752,102.5635,101.1029
2007-10-11,103.634,107.1266,99.213,96.1761,99.1896,104.8684,102.6697,102.2806,98.983,100.4834,103.3205,88.4604,106.1124,100.0583,102.9812,101.135
2007-10-12,105.7163,108.3733,99.4816,96.4918,100.28,106.0476,103.3452,103.0887,100.556,101.2964,105.9179,88.8723,106.4512,102.1063,103.0987,101.153
2007-10-15,105.9991,108.2847,98.9896,96.3186,99.782,106.1644,103.4737,102.9979,100.87,101.3903,105.684,89.6154,106.6101,101.786,102.6154,101.1911
2007-10-16,105.1572,106.9387,99.3964,96.6946,100.3588,105.57,103.1559,103.3932,100.7943,101.866,104.7613,89.0124,107.1861,101.0948,102.3851,101.273
2007-10-17,104.2641,106.3268,99.8002,96.9443,100.6552,105.6198,102.8097,103.2276,100.7687,102.3609,105.6319,89.0561,107.5907,100.2543,102.7329,101.2303
2007-10-18,104.1187,106.9042,99.9791,97.5434,102.1196,106.5809,103.053,103.8915,102.4317,102.575,106.1904,88.7223,106.5545,98.1801,103.0192,101.3144
2007-10-19,103.3923,105.9732,99.2545,96.7514,101.1453,106.3638,102.7675,103.6038,102.6857,102.3921,105.9092,87.8602,104.2929,94.8861,102.8516,101.313
2007-10-22,102.7183,104.6477,98.8352,96.5376,100.8854,107.0597,103.0014,103.3219,102.3464,102.2175,105.308,88.957,102.6919,92.0315,102.6985,101.254
2007-10-23,101.7695,103.8856,98.8755,96.325,99.8313,106.3009,102.7619,103.0878,101.9118,102.0707,105.549,89.4867,102.4259,91.7546,102.4115,101.2163
2007-10-24,100.9273,103.1798,99.1598,96.1394,100.2314,105.9478,102.5759,103.7954,101.14,102.0102,105.3786,89.5294,102.6574,90.3191,102.7557,101.2652
2007-10-25,100.2187,101.3968,99.6965,96.8172,100.5992,106.1462,102.7109,104.2467,100.8116,102.4447,104.0019,90.8184,101.6565,89.4349,103.2795,101.3056
2007-10-26,99.2531,101.2301,99.3297,96.3617,99.833,105.6303,102.2893,104.1085,100.8255,102.0198,103.9825,90.7656,101.0056,88.5994,102.3892,101.2848
2007-10-29,98.383,100.7455,99.2578,96.3035,99.5199,105.8576,102.4795,104.2522,101.2939,102.1737,104.9247,90.8442,100.9126,86.7763,102.1215,101.2808
2007-10-30,99.3914,100.0559,98.9015,95.5784,99.137,105.2927,102.0015,104.548,100.5146,101.9608,104.0228,90.1428,100.9702,87.5711,101.6992,101.2781
2007-10-31,99.8567,100.2413,98.5922,94.9652,98.7897,104.8217,101.7762,104.2326,100.5616,101.7286,103.9913,88.323,100.6983,86.8175,101.688,101.2377
2007-11-01,98.7646,98.6372,98.3818,95.0223,99.3997,105.3484,101.515,104.748,100.5966,101.491,102.9727,87.8544,98.876,84.4463,101.2404,101.2288
2007-11-02,98.032,97.9911,98.2974,95.373,100.1518,105.193,100.9551,104.4595,101.1419,101.2604,102.6447,87.5619,98.0625,83.0515,100.7516,101.2306
2007-11-05,100.8829,100.2019,97.845,95.3565,101.6738,106.3217,101.7116,104.5241,102.2465,101.6513,102.1278,87.7734,98.7699,83.5811,101.0597,101.2822
2007-11-06,102.5934,100.6983,97.8943,95.8055,103.0291,106.6264,103.0036,104.8495,102.7543,102.1648,102.3895,87.2205,98.5542,85.1858,101.3208,101.2561
2007-11-07,100.611,98.9257,98.0825,96.0658,102.6394,106.3136,102.8518,105.1325,102.338,102.1408,101.1713,87.3322,98.9591,83.7927,100.3179,101.2806
2007-11-08,99.4388,99.8043,98.5909,96.5771,103.3228,107.1919,103.7879,105.2171,102.5145,102.4502,102.0863,88.2239,98.6359,83.5751,100.4256,101.2783
2007-11-09,97.7973,98.0464,99.0912,97.1626,102.8408,106.5844,103.4713,105.3389,102.4831,102.2292,101.8981,88.4039,98.1134,82.3697,100.4623,101.2764
2007-11-12,98.944,97.9707,98.8789,96.988,103.602,106.5536,103.4119,105.1318,102.7664,102.2675,102.0552,88.7515,97.6638,82.3566,99.8902,101.1972
2007-11-13,95.939,95.7962,98.4013,96.6201,102.0352,106.2951,103.2887,104.6937,101.7939,101.8529,100.8564,88.6196,95.1668,78.9834,99.8101,101.1944
2007-11-14,97.4571,97.0612,98.8475,97.0127,102.4591,107.1804,103.6074,105.0375,102.3236,101.8351,102.2217,89.7799,96.0434,81.0095,100.1311,101.2589
2007-11-15,97.4874,98.1782,99.2665,97.5453,103.8866,107.9848,104.4496,105.4904,102.8017,102.3462,102.8953,89.74,96.4845,82.5897,99.5548,101.2845
2007-11-16,98.2456,98.9574,99.1288,97.5959,104.3598,108.0545,104.2113,105.0184,102.8622,102.7903,103.0113,89.9286,96.5639,84.9249,99.2857,101.2955
2007-11-19,98.2944,99.4527,99.1794,97.3955,104.558,107.8022,104.1954,104.9938,102.9755,103.2203,102.8384,88.6742,96.5539,85.1073,99.4698,101.2575
2007-11-20,101.1899,100.1901,99.4974,97.9859,105.3672,108.6856,105.0873,105.3,103.9177,103.7694,102.79,89.0263,97.6032,86.5283,100.4101,101.2745
2007-11-21,101.9013,100.1906,99.8601,98.4018,105.5342,109.2866,104.7247,105.6008,103.963,103.6063,102.0354,89.3945,99.8033,86.5103,100.75,101.3211
2007-11-22,102.8945,100.8658,99.5006,98.4267,106.9099,110.0702,105.0735,105.6988,104.2721,104.3092,100.8914,89.4175,99.9881,85.369,101.6008,101.335
2007-11-23,100.5853,99.0718,99.9543,98.555,106.7202,108.9435,103.8194,105.1961,102.7298,104.3973,100.6089,90.0136,101.3785,84.7262,101.2442,101.3074
2007-11-26,101.9902,100.0684,100.0745,98.6464,107.3555,108.6974,103.7113,104.9249,103.0096,103.9044,101.6158,89.994,102.2657,85.9041,101.2148,101.2983
2007-11-27,101.6014,99.3618,100.3454,98.768,107.2428,108.7486,103.1772,105.065,103.1137,104.2083,101.3385,88.9074,103.1091,85.2889,101.4015,101.2967
2007-11-28,100.2685,98.5204,100.2902,99.1622,107.0974,110.0745,103.771,104.7353,102.9376,104.2614,100.5199,89.2875,102.0265,83.7463,101.2367,101.3456
2007-11-29,99.2872,98.2152,100.369,99.4187,107.284,110.163,104.5656,104.6105,103.0412,105.1616,99.9943,90.1667,101.9955,82.2924,101.3293,101.4216
2007-11-30,98.1096,96.1945,100.448,99.5508,105.9952,110.4222,104.5978,104.8193,102.972,104.8468,99.4434,89.3808,101.4698,80.7483,100.801,101.45
2007-12-03,97.8763,94.926,99.9368,98.9696,104.9243,110.1362,104.5296,104.1546,102.6203,104.4398,98.6452,88.357,100.7612,78.7379,100.169,101.4197
2007-12-04,99.6737,95.8998,100.1189,98.7633,103.9905,109.9043,104.5076,103.8832,102.6937,104.4851,99.1348,89.1062,101.9127,80.4521,100.7559,101.4565
2007-12-05,100.1195,95.3461,99.7007,98.8786,104.8687,110.5967,104.3698,103.2183,102.5292,104.5125,98.5191,88.9821,101.8279,79.8972,100.4581,101.3901
2007-12-06,98.1406,93.7548,99.8457,99.0996,103.8215,109.6287,103.7616,102.3197,102.143,104.0301,98.4468,88.9125,101.1587,78.6425,99.8461,101.4514
2007-12-07,97.8329,93.6472,99.9652,99.0845,103.8314,109.7383,104.2096,102.3047,101.8748,104.222,98.4117,89.376,99.9858,78.5524,100.0447,101.5082
2007-12-10,99.3211,94.8629,100.1089,99.579,105.2359,110.3507,104.2882,102.3621,102.7282,104.2846,98.8889,89.0296,100.4281,79.6117,100.6664,101.5478
2007-12-11,97.6438,94.3128,100.4256,99.5403,104.4996,110.6015,104.3665,102.9854,102.9299,104.4299,98.6724,88.3375,99.304,78.7038,100.3775,101.5443
2007-12-12,97.3135,93.7365,101.085,100.2594,106.0722,110.1115,104.2734,103.6774,102.5793,105.1692,98.4462,88.8073,100.4142,79.6837,100.6083,101.574
2007-12-13,98.4793,94.2005,101.0087,100.3959,106.0826,110.6798,104.4278,103.5792,103.0842,104.5804,99.1847,87.7021,99.7563,80.8806,100.7171,101.5435
2007-12-14,97.6357,94.04,101.0142,100.3025,105.2619,110.2267,104.6779,103.3125,102.9965,104.8794,99.771,86.8557,99.6024,82.1356,99.9637,101.6024
2007-12-17,97.9112,94.3227,100.9271,100.1792,105.4495,110.5978,105.4997,103.6276,103.1147,105.1813,98.8865,85.384,99.7129,81.764,99.9418,101.651
2007-12-18,97.2319,93.9609,100.9615,100.3755,106.4629,110.8929,106.2246,103.8088,103.0731,105.9201,99.1529,85.3526,99.8903,81.2808,99.4762,101.6034
2007-12-19,97.8011,94.3457,101.1392,101.0935,107.1193,111.7808,107.1679,103.9517,104.4826,106.6438,99.601,86.1106,100.0818,80.9407,99.6135,101.5962
2007-12-20,97.5317,93.7786,100.4996,100.5527,106.5273,111.3114,106.5637,103.4408,104.5352,106.6116,98.8784,85.0018,100.2046,79.3843,99.2633,101.5665
2007-12-21,98.0753,94.0162,100.1816,100.3149,107.2397,111.9521,107.1799,103.5517,104.5643,107.0971,99.0474,84.4577,101.0111,78.813,99.1164,101.5576
2007-12-24,96.4855,93.5862,100.7236,100.8961,107.6008,112.2984,107.0226,103.7625,103.8482,107.0316,99.209,85.5359,101.6013,78.2832,99.71,101.5928
2007-12-25,97.1765,93.0289,100.6681,100.7178,107.8448,112.1902,107.2556,103.9544,103.7614,107.4494,98.9187,85.7306,101.817,77.7424,99.7233,101.5737
2007-12-26,97.8725,93.6731,100.8193,100.8548,109.2432,112.7204,107.4068,104.3173,104.2194,107.6039,98.8625,85.4964,102.1138,78.3121,99.0311,101.5612
2007-12-27,98.206,94.0948,101.0768,100.8822,109.8154,112.656,106.8259,104.3216,103.8782,107.7745,97.9421,85.5103,102.131,78.4661,99.9782,101.5617
2007-12-28,97.5453,93.7832,100.5803,100.2075,109.2273,111.3954,105.7936,103.9098,103.2564,107.2024,97.521,85.0599,101.323,78.3634,99.4209,101.5443
2007-12-31,95.986,92.7611,100.5315,99.7468,108.1903,110.9451,105.5292,103.702,102.9561,106.851,97.5193,83.6353,100.083,76.3137,99.1721,101.5553
2008-01-01,94.0058,91.4171,100.2458,98.8822,106.1442,109.62,104.6202,103.3168,101.4832,106.3577,97.0488,83.3025,98.8368,75.783,98.6931,101.6001
2008-01-02,92.9915,90.9686,100.6265,99.115,105.8923,109.8389,104.4812,102.994,101.0639,106.3183,98.114,83.4366,98.2944,76.738,98.2646,101.6417
2008-01-03,95.4449,91.5268,101.2254,99.683,105.696,110.0869,104.4974,103.2202,102.4578,106.6123,99.4951,83.7003,99.362,78.5122,99.2442,101.6792
2008-01-04,96.428,93.2226,100.6761,99.5769,105.2998,109.9517,104.4803,102.6295,103.4399,105.9949,100.6499,84.6202,99.5996,78.8197,99.4684,101.6708
2008-01-07,97.4949,93.9257,100.4034,99.5545,106.7088,110.6496,104.7892,102.6973,103.9136,105.9468,101.028,84.0564,98.9288,79.1563,99.1811,101.7044
2008-01-08,98.7889,94.4784,100.2634,99.6265,107.4487,110.7727,105.5585,102.9756,104.452,105.9979,101.8368,84.4814,99.3336,79.6982,98.9196,101.7618
2008-01-09,96.6013,92.211,100.7756,100.2392,105.9819,110.7246,105.6976,103.0644,104.3755,105.7671,101.7527,83.259,98.973,77.5138,99.353,101.8012
2008-01-10,95.8913,90.4452,101.2234,100.3216,104.7209,109.7335,105.3873,103.0494,103.8256,105.2678,101.8913,83.3634,99.2459,77.12,98.81,101.8262
2008-01-11,94.4162,89.6835,101.0428,100.5093,105.3101,110.5243,105.4682,102.8764,103.9213,105.5667,100.588,83.3604,97.3834,74.8182,98.7275,101.8679
2008-01-14,94.4451,89.5778,101.0512,100.7973,105.2255,110.5992,106.2733,102.6834,103.3596,105.6859,100.2004,83.1536,97.7984,76.1257,98.6479,101.8257
2008-01-15,92.5661,89.0893,100.8425,100.7188,104.6996,111.0525,105.9051,102.1424,102.9116,105.3469,99.981,83.597,96.1536,74.7703,98.5109,101.8311
2008-01-16,93.5324,89.1687,100.7728,101.058,104.5369,110.5624,106.1055,101.555,103.9141,104.9025,100.3383,82.521,96.3616,74.9917,98.1646,101.8387
2008-01-17,93.9527,89.0405,100.5851,100.8593,104.03,110.4632,106.0681,101.3971,103.8107,105.1122,99.9703,83.3463,96.639,75.5429,97.7398,101.7718
2008-01-18,93.5595,89.1794,100.0897,100.2592,104.0955,110.6163,105.5612,100.8379,103.1093,104.8305,98.4026,81.763,96.3307,74.728,97.4147,101.7281
2008-01-21,94.2176,89.5757,99.9546,100.1973,104.0393,110.5922,105.5268,100.3014,103.332,104.6279,98.3848,81.7818,96.5078,74.593,97.4333,101.732
2008-01-22,94.7898,90.0868,100.2258,100.4401,104.5248,110.8966,105.5264,100.3559,103.5969,104.8332,98.9835,83.173,97.0553,75.4094,97.2294,101.8112
2008-01-23,92.2162,87.9303,100.5324,100.8469,104.1109,110.6647,104.8776,100.1457,102.9761,105.3202,98.8392,82.5566,96.6139,74.4374,96.906,101.8012
2008-01-24,91.9461,88.5208,100.6509,101.1915,104.0336,110.9746,105.4291,99.9409,103.3775,105.4294,99.6226,83.1982,96.5378,75.3145,96.5829,101.8562
2008-01-25,90.8364,87.6757,100.3887,101.0254,103.4278,110.1254,104.7961,99.4336,102.8629,105.421,99.3113,83.4058,96.1297,74.0663,96.9179,101.9214
2008-01-28,89.3731,86.6641,100.2052,100.7643,102.2467,109.5931,104.1883,99.0069,102.5537,104.8914,99.1075,82.8618,94.6193,72.5886,96.8627,101.9517
2008-01-29,90.9949,87.191,100.0573,100.823,102.8007,110.3039,104.9497,99.3413,102.9647,104.8146,100.009,81.9816,94.0955,75.0403,96.3295,101.9825
2008-01-30,90.2868,86.6871,100.3721,100.677,102.5699,109.8602,104.0171,99.1122,102.7702,104.8079,99.9953,79.8201,94.1906,74.0806,96.9547,102.0281
2008-01-31,88.2864,85.2939,100.3482,100.5082,102.5531,109.2913,103.5719,98.8087,101.8759,104.7579,99.3465,80.2111,91.8011,72.5243,96.6327,102.0303
2008-02-01,87.8276,84.0272,100.5794,100.9229,101.5404,108.6546,104.0538,99.0884,102.653,105.2127,99.5868,80.8232,91.3066,71.5949,96.73,102.0265
2008-02-04,87.6697,83.993,101.0056,100.9005,101.4754,108.5529,103.668,99.5965,101.9123,105.1182,99.1435,81.511,92.7771,71.8076,96.9391,102.0002
2008-02-05,88.7344,85.1467,101.176,101.3758,102.3999,108.6266,103.5443,99.7616,103.0106,106.0128,100.1438,81.5753,93.7269,73.8807,97.354,101.9772
2008-02-06,88.3864,83.8781,100.8565,101.0148,100.9249,108.0557,103.8807,99.7231,102.9194,106.019,100.172,81.1612,93.0783,73.4541,96.7057,101.9707
2008-02-07,87.3078,83.2781,100.9835,101.0295,100.6289,107.3139,103.5143,99.3951,102.2987,105.8958,99.5684,80.7821,92.6191,72.9354,96.822,101.9253
2008-02-08,87.4566,83.1941,101.3168,101.9649,101.4368,108.2337,104.3223,99.9762,103.2487,106.3973,99.2428,81.1518,92.1204,73.193,97.1167,101.9917
2008-02-11,88.8859,83.6747,101.4012,102.0727,102.0472,108.6398,105.0852,100.4238,103.9095,106.8145,99.5411,80.3879,92.4785,73.9922,97.2569,102.0514
2008-02-12,88.0918,83.3812,101.6242,102.2909,102.6736,108.7354,104.8984,100.6346,103.8555,106.4832,99.5185,79.9704,91.5722,73.5663,96.9877,102.088
2008-02-13,86.9817,82.4066,101.4998,102.2472,102.9495,108.1393,104.2664,100.6634,103.5131,106.2557,99.0475,78.939,91.2883,72.465,96.6473,102.0141
2008-02-14,87.1761,82.6666,101.6431,101.6477,102.2117,107.1797,103.5921,100.611,103.1054,106.0573,99.6849,79.457,90.0979,73.0379,97.2726,102.0385
2008-02-15,86.9424,82.1828,101.5645,101.8995,102.5656,107.1552,103.5065,100.3317,103.4304,106.1276,98.6032,79.0753,89.9202,70.9991,97.7976,102.0776
2008-02-18,87.2666,82.3431,101.7032,101.9831,103.1116,107.3656,103.7591,100.5423,103.1573,106.4061,98.5657,80.2971,89.3974,71.3726,98.276,102.0263
2008-02-19,88.3011,82.6442,102.0876,102.1749,102.2338,107.9795,103.7491,100.545,103.0707,106.1094,100.0801,80.2197,89.925,73.7768,98.8523,102.0252
2008-02-20,91.0807,83.9498,102.146,102.4364,103.3281,108.9495,104.3181,100.9638,104.1422,106.5228,100.8148,81.7308,91.4565,75.5863,98.7542,102.1033
2008-02-21,93.1845,84.8763,101.5158,102.0696,103.9989,109.6268,105.077,100.8771,104.5658,106.4796,101.3322,80.9094,90.6035,77.0161,98.6659,102.1043
2008-02-22,91.781,84.5304,101.6983,102.291,103.9644,109.7553,105.0948,100.9077,104.7161,106.6132,100.1561,81.3753,89.5785,75.6424,98.2963,102.1423
2008-02-25,94.134,85.5523,102.1717,103.108,104.0069,110.7958,106.0511,101.2605,106.3386,106.9361,101.9264,82.0217,90.9835,78.1332,98.533,102.191
2008-02-26,92.7828,84.6401,102.0575,102.4652,102.7549,110.071,105.3296,100.8368,105.4266,106.3876,101.0572,81.9108,89.5859,76.9653,97.9753,102.2126
2008-02-27,93.4351,84.7262,102.3923,102.4431,103.3241,110.323,105.2534,101.1924,105.2232,106.5314,101.016,81.6232,90.1027,77.2778,98.2893,102.1934
2008-02-28,93.938,83.6068,101.9366,102.6215,103.0245,110.4653,105.5708,100.8457,105.9528,106.3528,100.0729,80.2638,89.3536,75.6987,98.2339,102.1445
2008-02-29,93.4041,83.7042,101.7821,102.3973,103.8327,110.3724,105.754,100.8012,105.979,106.4926,99.6084,81.1842,89.3451,73.2884,97.999,102.1151
2008-03-03,91.9972,82.1131,101.5321,101.9801,102.8704,109.8054,105.3688,100.5257,104.6729,106.1385,99.0591,80.7193,88.8064,71.92,97.8889,102.0718
2008-03-04,92.5667,82.8276,101.6046,102.2902,103.3222,110.7088,106.1366,100.5572,105.5269,106.4954,99.568,80.8433,88.2683,72.2161,98.1188,102.0449
2008-03-05,94.2691,84.8939,101.8785,102.4074,104.4933,110.7702,106.0917,100.7808,105.8278,106.6496,99.8069,82.1225,89.2197,73.7667,99.2504,102.0514
2008-03-06,92.5599,83.5345,101.8204,102.0862,103.7387,110.5253,106.0261,100.9174,104.9789,106.417,98.166,81.8295,87.6089,71.5455,99.2333,102.0086
2008-03-07,91.5884,84.4087,101.64,101.6076,104.552,110.5,105.214,100.4384,105.0573,106.8192,98.47,80.9803,86.7458,70.725,99.2828,102.0736
2008-03-10,93.1273,85.1995,101.6502,102.1301,105.8763,110.7937,106.1999,100.6222,106.079,107.0309,99.322,80.6377,87.8123,70.8357,99.7309,102.1212
2008-03-11,92.6784,85.0516,101.8242,102.5098,106.2036,110.7295,106.3149,100.5967,106.2627,106.9438,99.2848,79.9867,87.8435,70.7617,99.6574,102.1327
2008-03-12,89.3372,83.4734,102.0376,102.9257,105.0855,110.2758,106.399,100.4785,105.4107,106.4272,98.6736,80.4713,87.1211,68.9125,99.0616,102.1706
2008-03-13,88.5245,82.6761,102.5334,103.4254,104.8693,110.5903,106.3779,100.4213,105.7608,106.4924,98.7805,80.6561,86.1561,68.2656,99.1199,102.1651
2008-03-14,89.242,82.3608,102.4905,103.3805,104.0675,110.4095,106.9433,100.2987,106.1584,106.593,99.416,80.0507,85.8772,69.0292,98.7787,102.2291
2008-03-17,90.2984,82.8273,102.6953,103.7402,104.3328,111.246,106.5976,100.2477,106.3356,106.158,99.9518,81.3783,85.6114,70.5428,98.9707,102.2704
2008-03-18,90.2824,82.8078,102.6609,103.458,104.2985,111.8988,107.0583,100.3774,105.6952,106.5906,99.7008,81.788,84.8519,70.7653,99.2188,102.2863
2008-03-19,90.5143,82.2625,102.8641,103.4365,104.1268,111.5686,106.5381,100.2092,105.2439,106.9466,99.9813,81.7907,84.9624,72.3587,98.8194,102.3369
2008-03-20,89.9793,81.4533,102.5465,102.74,102.9187,110.3331,105.9244,100.0316,104.23,106.5469,99.6792,80.8502,83.698,73.1582,98.5056,102.3504
2008-03-21,89.0688,81.1836,102.36,102.3678,102.148,109.3297,104.7879,99.4433,103.9136,106.1575,98.7259,79.3515,83.5009,72.5782,98.3092,102.3781
2008-03-24,88.3625,79.9581,102.3754,102.1541,101.2826,108.8203,103.8813,99.2787,103.6875,106.0941,98.2241,79.7187,83.4918,70.7294,98.4366,102.3794
2008-03-25,88.7672,80.1375,101.944,101.9294,101.1304,108.5135,103.6689,98.5174,103.8576,105.7609,99.323,79.6906,83.2991,70.2014,98.8432,102.2769
2008-03-26,88.0967,80.0865,101.4405,101.7647,101.0497,108.0909,103.041,97.9879,103.7532,105.6295,99.2716,79.3995,83.8215,69.4768,98.7019,102.2596
2008-03-27,89.7078,81.7891,101.1745,101.6525,101.5149,108.77,102.8731,98.0442,104.7198,105.3927,99.7509,80.9575,85.136,69.4917,98.9385,102.3318
2008-03-28,90.8927,81.8619,101.1822,101.6339,100.7796,108.6598,103.2593,98.0842,105.8319,105.4908,100.2456,78.8988,85.6826,69.5054,99.2263,102.3587
2008-03-31,91.4695,81.6596,101.8096,102.1214,101.7029,109.0515,103.4664,98.6035,106.806,106.3487,100.664,79.4272,85.2189,69.1048,99.7569,102.3796
2008-04-01,93.8525,82.9864,102.0255,102.4913,101.6259,109.8381,104.3248,98.9341,108.0188,106.336,102.3926,79.8991,87.1901,70.9429,99.9865,102.413
2008-04-02,92.4168,82.5629,102.1269,102.4728,101.2667,109.7965,104.0163,99.0875,107.8621,105.7887,102.1361,79.2611,85.7606,70.5266,99.5551,102.3674
2008-04-03,92.8115,83.4216,102.1464,102.4092,101.6275,109.4897,103.8413,99.2144,108.116,105.8007,101.9026,79.2384,85.8191,71.1615,99.6699,102.415
2008-04-04,92.0285,82.8667,101.9708,102.0752,100.471,109.588,103.6965,98.9818,107.3266,105.5507,101.4254,78.7852,85.5934,70.8126,99.6962,102.4909
2008-04-07,90.7325,82.0525,102.3551,102.0537,99.6193,109.5108,103.2576,99.0079,106.4767,105.4586,101.1425,79.078,86.0919,70.659,99.2915,102.4607
2008-04-08,90.1104,80.8133,102.3214,102.5778,100.0856,109.6119,103.2487,99.0402,107.091,105.8539,101.6816,78.2389,85.3927,70.4243,98.7889,102.4712
2008-04-09,87.2198,78.7123,102.2782,101.7587,98.361,107.9098,101.8186,98.7218,105.2454,105.0412,100.8543,78.4446,83.4313,68.5714,98.1148,102.4693
2008-04-10,87.6404,78.7805,102.4264,102.2382,99.4079,108.4925,102.1903,98.9544,105.1087,105.2086,101.8815,78.5195,84.0271,69.9087,98.0437,102.5428
2008-04-11,85.3169,77.7382,102.9894,102.6328,98.6343,108.1734,101.6565,98.9791,104.9176,105.0542,101.2418,76.8967,83.8831,69.2557,97.4994,102.5867
2008-04-14,84.2194,76.855,102.6061,102.2839,98.8227,108.1422,101.6896,98.8733,103.7545,104.923,100.6529,75.5297,82.4901,68.8826,97.2694,102.6029
2008-04-15,82.3446,76.052,102.4986,102.7998,98.3615,108.5497,102.423,98.9221,103.9433,104.9254,100.4954,75.8586,81.8359,67.7959,96.5251,102.5952
2008-04-16,80.8385,75.5421,102.9463,102.7076,97.9361,107.5763,101.5167,99.133,104.1255,105.132,100.0353,75.5602,80.848,65.9365,97.2269,102.6132
2008-04-17,82.925,76.6037,103.0683,103.1583,99.1281,107.9511,102.3927,99.0929,105.3217,105.5461,100.477,74.4222,81.8818,67.0865,97.5274,102.6365
2008-04-18,82.4901,76.6207,103.1643,103.1891,98.7654,108.1438,102.5897,98.7442,104.6229,105.5055,99.4638,74.154,81.9873,67.1141,97.7251,102.6502
2008-04-21,82.8124,76.9136,102.7116,102.7037,98.8959,107.7986,102.6259,98.3797,103.7779,105.0345,98.3931,75.5404,82.1794,66.4278,97.4346,102.7342
2008-04-22,84.6162,76.7078,103.0553,102.9616,99.4599,107.9259,102.5592,98.8634,104.2529,104.779,99.4979,77.3748,82.6837,66.6827,97.7296,102.7458
2008-04-23,84.8057,77.083,103.3512,103.0518,99.4445,107.5384,102.592,98.8291,104.4938,104.7656,99.8187,77.3081,83.5016,66.8895,97.6258,102.7722
2008-04-24,84.3238,76.942,102.9576,102.7722,99.5847,107.5194,102.838,98.4306,104.1844,104.9819,99.1282,77.7634,82.2244,66.1634,97.3889,102.7466
2008-04-25,85.0772,77.6278,102.908,102.6218,100.4292,107.8798,102.8941,98.9311,103.8821,104.5917,99.1552,78.3458,82.5041,66.4962,97.6172,102.7545
2008-04-28,86.8985,79.5848,102.8405,102.4666,99.9936,107.9079,103.1673,99.0619,105.1075,105.0946,99.8346,79.616,83.1203,68.3203,98.2121,102.7133
2008-04-29,88.6743,80.5386,102.4386,102.6938,101.1322,108.4796,103.2261,98.7741,105.7249,105.0512,100.4154,79.3183,84.0628,70.0519,97.8755,102.7514
2008-04-30,87.6093,80.0326,102.5713,102.7287,101.1365,107.8356,102.1582,97.961,105.4566,104.6807,100.7503,80.6716,82.535,69.1855,97.7783,102.8445
2008-05-01,87.9105,80.0525,102.2119,102.5069,101.1356,108.0316,101.748,97.6752,106.0225,105.033,100.7974,80.4415,82.345,69.4095,97.0239,102.9111
2008-05-02,87.9379,79.5511,101.8625,102.6085,101.5374,108.1019,101.936,97.5382,106.5273,105.0303,100.9328,79.0346,82.4724,68.3979,96.7895,102.8698
2008-05-05,88.7759,80.6019,101.5539,102.3464,101.5746,108.4585,102.5228,97.3523,106.978,105.1987,101.6253,78.9231,82.5184,68.7757,96.9905,102.828
2008-05-06,90.2797,81.8699,101.8152,102.4998,101.6061,108.2895,102.9051,97.4574,107.3443,105.2054,101.9476,80.706,83.4024,69.9259,97.5878,102.868
2008-05-07,89.1576,81.5304,101.6817,102.0283,101.2078,107.1261,102.0453,97.104,107.2374,105.2064,101.9198,79.5817,83.1551,69.3059,96.8504,102.9537
2008-05-08,90.1565,82.604,101.749,102.1332,102.2906,107.5717,102.2857,97.6615,108.1773,105.6013,102.0516,79.987,83.4092,69.9463,96.6975,102.9707
2008-05-09,91.5818,84.6113,101.6592,102.7309,104.2543,108.8073,103.5631,98.0441,109.7855,106.4151,102.7865,79.5607,84.1533,71.4332,96.69,103.0305
2008-05-12,90.6665,84.4205,101.8473,103.0454,104.641,109.705,103.7395,98.4098,108.8714,106.5436,102.1934,80.4831,84.729,71.978,96.4775,103.0767
2008-05-13,91.3075,85.2022,101.9278,102.8103,104.8801,110.0961,104.1921,98.9245,109.0247,106.707,102.1814,80.8597,85.1358,72.6776,95.9774,103.1485
2008-05-14,90.4384,84.9452,102.2372,103.1519,106.1648,110.7374,104.7025,99.3916,109.4125,107.1527,101.5744,79.3744,83.774,71.7949,95.909,103.1417
2008-05-15,89.8577,84.726,101.9458,103.0983,106.3606,111.0446,105.0142,99.1558,109.4544,106.9499,101.0309,77.345,84.5372,70.4731,95.3092,103.1857
2008-05-16,89.2734,84.6353,102.1622,103.6529,108.1537,112.2701,106.0492,99.5817,109.0396,107.3386,99.6122,78.1064,84.3927,69.7386,94.9062,103.2508
2008-05-19,88.5895,83.688,102.4311,103.6307,106.6076,111.7286,106.2921,99.8341,107.9212,106.965,99.2305,79.262,84.3863,70.8384,94.3287,103.2344
2008-05-20,86.1857,81.9482,102.8263,103.5717,104.9187,111.0702,105.0147,99.6623,107.2376,106.6982,98.7541,79.2617,84.4228,68.8042,94.2116,103.281
2008-05-21,88.7269,83.2822,102.8081,103.3845,106.0466,111.6266,104.7858,100.3816,108.8012,106.7126,99.7202,78.3189,84.8411,69.2726,94.9516,103.2598
2008-05-22,89.1759,84.3591,103.1663,103.7541,107.3774,112.2453,105.6965,100.714,109.2497,107.613,99.5536,78.681,85.3929,70.1201,94.8678,103.259
2008-05-23,88.9638,84.542,103.024,103.6933,107.3503,112.3969,105.7099,100.2179,109.4435,107.7932,99.61,78.098,84.872,69.9367,94.8388,103.2686
2008-05-26,87.527,84.2019,103.0348,104.0664,107.2694,112.3132,106.2197,100.2814,109.9702,107.7786,98.9611,78.3135,83.9166,68.3861,94.5298,103.2667
2008-05-27,87.0123,83.9999,103.0402,104.0084,107.3574,112.4366,106.2754,100.2668,109.176,107.8054,98.539,77.7626,84.0321,68.5569,94.5954,103.3285
2008-05-28,86.6988,83.5178,102.7748,103.3967,105.5741,111.2579,105.3197,100.0919,108.639,106.9093,97.5452,77.536,83.5835,67.937,94.7951,103.3368
2008-05-29,88.7152,84.7874,102.5547,103.3172,106.2587,112.5155,106.7697,100.7927,109.5381,107.2248,97.9246,77.0852,83.9229,68.5923,95.2225,103.3528
2008-05-30,87.1101,83.3555,102.5488,103.3373,106.7197,111.9261,105.9661,100.8174,108.8299,107.2533,96.1852,75.9337,82.8379,67.3179,94.8952,103.3982
2008-06-02,86.4996,83.3507,102.873,103.4107,106.8222,111.9394,105.9623,100.9437,108.1384,107.1788,96.2182,77.0744,83.1755,66.8889,95.2229,103.3834
2008-06-03,87.5465,84.1653,102.6815,102.9641,106.6276,112.9477,105.9791,100.8966,108.2908,106.7675,96.3958,76.2702,83.6445,66.959,95.2628,103.386
2008-06-04,89.5114,85.9781,102.0165,102.0612,106.4947,111.9772,105.6597,100.5878,108.5992,106.1528,96.7074,76.3411,84.5977,67.2895,95.5524,103.4003
2008-06-05,88.6888,85.6009,102.2202,101.9603,105.9211,111.8628,106.1193,100.9832,107.6529,106.4076,95.9411,77.3341,84.9266,67.3456,95.3325,103.418
2008-06-06,87.9855,84.2283,102.0842,101.7684,105.2806,111.0607,105.3148,100.8821,107.3617,106.2202,96.0127,77.1604,84.3957,66.6663,95.059,103.3731
2008-06-09,85.9832,83.5225,101.8877,101.6946,104.3665,110.9863,104.8207,100.8452,107.4489,105.7713,95.5879,76.9165,83.2278,64.602,95.0894,103.3606
2008-06-10,87.211,84.6119,102.0575,102.1912,105.0981,111.9401,106.0691,101.2763,108.0559,105.4201,96.2643,77.8887,82.7548,65.2943,95.7278,103.4024
2008-06-11,84.6586,84.1319,102.1607,102.1857,105.002,111.8865,105.4181,101.2872,106.7472,105.1473,95.697,77.6195,82.3775,64.9326,95.3983,103.4261
2008-06-12,85.1578,84.668,101.7384,101.451,104.8817,111.4529,104.7492,101.6043,107.0492,104.8644,95.7486,76.9253,81.6868,64.8098,95.4221,103.4259
2008-06-13,85.7732,84.8857,101.4896,101.4214,106.0618,111.9031,104.9987,101.8763,107.0658,105.1418,94.5504,76.1659,81.0748,65.0248,95.4528,103.4212
2008-06-16,86.5931,85.2218,101.4341,101.5628,106.6721,113.2291,105.1712,101.7133,106.9585,105.6314,94.7818,76.3599,80.8576,66.4492,95.6245,103.423
2008-06-17,86.7435,84.9078,101.5786,101.9578,106.3495,114.0416,105.3991,101.6418,107.4877,105.9768,94.7386,77.5413,80.3832,66.4912,95.7494,103.4059
2008-06-18,86.2612,83.9113,101.5957,101.5599,105.5299,112.3799,104.4403,101.6512,106.7899,105.6398,94.3085,77.0362,79.9225,66.8775,95.3367,103.3903
2008-06-19,86.6758,83.3256,101.746,101.3529,105.8225,112.1921,104.3198,102.1505,106.2665,105.8708,92.9172,75.9253,79.3598,66.863,95.8551,103.3696
2008-06-20,87.6031,83.577,101.1586,100.6118,105.9392,112.1245,104.0212,102.1137,106.4684,105.5071,93.0148,74.0593,78.489,66.7241,95.8318,103.3688
2008-06-23,85.0459,81.8598,101.6339,100.76,104.6115,111.9184,103.8777,102.2914,106.1376,105.421,92.6473,73.1351,76.6245,65.277,95.6431,103.4103
2008-06-24,85.2286,82.7618,101.8956,101.0826,106.0851,112.6641,104.3357,102.7211,107.6528,106.2437,93.0979,72.4766,76.4515,65.6372,94.7711,103.4104
2008-06-25,87.8795,84.766,101.6478,100.8189,107.0772,112.491,104.1783,102.9432,109.1292,106.1818,94.8317,72.339,76.4126,67.2751,95.4888,103.4195
2008-06-26,89.2059,85.2814,101.6049,100.4552,107.2708,111.8952,103.9444,103.0196,109.2189,106.414,95.0881,71.6532,76.5305,68.8513,95.4397,103.4062
2008-06-27,88.8767,84.5544,102.0963,100.5788,106.459,111.2982,103.8504,103.0791,109.2476,106.7634,95.4838,71.6511,76.336,69.0512,95.627,103.4385
2008-06-30,87.727,84.0873,102.4016,101.1267,107.082,111.7065,103.9569,103.2314,109.2848,107.2092,95.0587,72.2656,75.9061,68.9287,95.2557,103.426
2008-07-01,87.5665,83.8028,102.3705,101.6207,108.9564,111.8096,104.3135,103.3425,109.6036,107.7636,94.0152,71.3303,75.4678,68.1277,95.4086,103.4596
2008-07-02,85.5594,83.7733,102.1129,101.2393,108.4468,111.2565,104.3124,103.0948,109.3165,107.8686,93.6107,70.6827,74.633,66.5069,95.3093,103.4514
2008-07-03,86.2543,84.3282,102.1171,101.2609,108.9883,111.0966,104.5525,103.2425,109.1387,107.9472,93.5261,70.9411,74.804,67.3206,95.6944,103.4255
2008-07-04,85.6157,84.0689,101.741,100.5546,107.7042,110.4081,104.0198,102.7845,108.641,107.8688,93.0779,70.9048,74.3899,66.2283,95.8898,103.4203
2008-07-07,84.39,83.6963,101.6345,100.0459,106.845,109.2901,103.0311,102.225,107.7312,107.5952,92.3599,69.6606,74.2697,66.0811,95.5073,103.4715
2008-07-08,84.0017,83.9084,101.8329,99.5852,106.5003,108.6337,102.424,102.137,107.5433,107.9296,92.479,70.1868,74.2049,65.8801,95.3031,103.5508
2008-07-09,83.8984,84.2969,101.8546,99.3857,106.2468,108.3519,102.1667,102.104,107.9432,107.6989,93.3456,71.1904,74.2872,65.571,94.7675,103.5458
2008-07-10,83.7894,84.1505,101.6937,98.94,104.9276,108.1111,102.0681,101.6436,107.4438,107.7458,92.4397,71.117,74.5481,65.3131,94.6476,103.5221
2008-07-11,84.8937,84.7769,101.6713,99.0435,105.2076,108.711,103.0179,101.9346,108.0071,108.0783,93.1879,71.7881,74.2564,65.9906,95.0064,103.5433
2008-07-14,84.2791,84.311,101.8013,98.6628,104.5712,107.5677,101.6378,101.7065,107.0377,107.8418,92.8116,72.4733,74.0254,66.0458,95.3529,103.5444
2008-07-15,85.2845,85.0182,101.7922,98.6958,104.4275,108.3539,101.7823,102.0033,107.8831,107.4245,93.2831,72.3239,74.5383,66.3103,95.2539,103.5288
2008-07-16,84.8555,84.5319,102.0616,99.0964,105.0222,109.1813,102.2288,102.0055,107.1168,107.6427,91.7837,72.7806,74.3537,66.0496,95.3064,103.5032
2008-07-17,86.0818,85.0414,102.4069,99.3242,105.5922,109.6925,102.4909,102.1596,107.467,107.645,91.4812,72.8387,74.8307,66.3849,95.6025,103.4807
2008-07-18,85.0208,84.5106,102.3263,99.3806,105.8487,109.8334,102.1239,101.7663,106.7252,107.5661,90.7717,72.3663,74.797,65.5956,95.5741,103.5385
2008-07-21,84.3968,83.6454,102.1335,99.5423,105.8203,109.8101,102.1907,101.5222,106.4267,107.8402,89.9419,73.2689,74.6615,64.9088,95.1737,103.5083
2008-07-22,85.1684,84.9799,102.1387,99.4096,106.2673,109.6536,101.7513,101.4095,106.9809,107.5075,90.4167,73.1892,74.5915,65.7031,95.2632,103.5672
2008-07-23,86.5427,85.25,101.5835,98.8681,106.8293,110.0552,102.0058,101.3639,106.9485,107.0591,90.0113,74.3007,73.8321,64.4226,95.4487,103.5448
2008-07-24,86.0924,85.4944,101.9775,99.3438,107.7216,110.7315,102.5264,101.6279,107.3289,107.4978,90.2083,74.8493,73.5191,64.7035,95.024,103.5602
2008-07-25,85.798,85.4208,101.8084,99.6778,108.3688,111.5648,103.4362,101.7413,108.0647,107.8304,90.0243,74.4718,72.3627,64.082,94.8824,103.5564
2008-07-28,86.3326,86.033,101.6811,99.697,109.4344,112.0129,103.3411,101.8948,107.8882,107.5726,88.964,73.5728,72.7449,64.3887,94.8542,103.5459
2008-07-29,87.6011,86.3092,101.7403,99.81,109.6246,112.3278,103.9326,101.8774,107.9382,107.7422,89.7074,74.1872,73.0713,65.5724,94.9277,103.5156
2008-07-30,89.0227,86.9132,102.0567,100.6377,111.8406,112.9996,104.5734,101.9227,108.5498,108.4006,90.145,73.202,74.6323,66.3861,95.5144,103.5519
2008-07-31,89.9521,88.1134,102.2067,100.8018,112.6632,113.4386,104.9495,102.2926,108.3216,108.9014,89.5051,75.1858,75.6722,67.7028,95.6989,103.5253
2008-08-01,89.1918,87.6765,101.7811,100.686,112.3663,112.8648,104.6839,101.4859,107.1908,108.1783,89.0173,76.4745,75.2257,67.4979,95.2626,103.5917
2008-08-04,89.5529,88.3563,101.7168,100.6705,112.7028,113.0221,104.5447,101.0089,107.6287,108.2573,88.8673,75.9641,74.7468,67.2266,95.7673,103.5779
2008-08-05,88.3093,87.0002,102.0193,100.578,112.341,112.4767,104.0904,100.8913,106.4211,108.0117,88.6052,74.9306,74.6764,66.9584,95.4613,103.5398
2008-08-06,87.6371,86.6273,102.198,100.9075,113.011,112.5414,104.1395,101.1754,106.8823,108.1227,88.3618,74.228,74.4721,66.0465,95.3363,103.5313
2008-08-07,86.7895,85.3063,102.9096,101.2657,112.5727,113.2661,103.9438,101.6368,105.8912,108.2052,87.6882,73.8323,75.1841,65.83,95.6745,103.606
2008-08-08,84.5925,83.2169,102.5437,100.9065,110.845,113.1858,104.2405,101.8471,104.8913,107.7954,86.3959,73.2797,73.6652,64.143,94.8042,103.5966
2008-08-11,85.6257,83.4767,102.6219,101.0727,110.6871,113.2441,104.2846,101.8902,105.6189,107.9646,87.0377,74.0398,74.1056,64.6404,95.0191,103.6187
2008-08-12,85.68,83.5536,103.2965,101.9565,111.7247,114.3566,105.4491,102.4992,105.6969,108.3968,86.6668,73.2056,74.5005,65.4403,95.4411,103.5426
2008-08-13,86.2174,83.7543,103.0106,101.475,111.4529,113.8251,104.9019,102.1278,105.2772,107.7928,86.9499,74.1717,73.6719,65.8639,95.4173,103.5
2008-08-14,86.5117,83.8497,103.211,101.6005,111.2759,113.5183,104.4803,102.2844,105.6492,107.4479,87.1164,72.2683,73.0082,66.4501,96.3877,103.5327
2008-08-15,86.4358,83.717,103.1775,101.9251,112.8508,113.9895,104.5912,102.4379,106.3276,107.6328,87.4074,72.3409,72.6382,64.8775,96.6612,103.4618
2008-08-18,87.1588,83.931,103.4678,102.352,114.0638,114.311,104.9907,102.9274,106.7346,108.0342,87.6681,72.6695,73.7095,65.7228,96.0133,103.5307
2008-08-19,85.6846,83.6459,103.7967,102.523,114.1619,113.6309,104.7558,103.2321,106.7432,107.8502,87.863,72.2517,73.9264,65.3743,95.2241,103.5574
2008-08-20,87.0751,84.9076,103.8692,102.5398,115.0371,114.1802,105.0668,103.3082,106.6565,107.899,88.5107,72.3187,74.89,67.079,95.456,103.6269
2008-08-21,88.1893,85.5965,103.656,102.7124,115.054,114.9693,105.2775,103.199,107.3555,107.524,89.9909,71.5989,75.3641,69.2882,94.674,103.6097
2008-08-22,88.9917,86.2388,104.1032,103.0972,116.1874,115.4552,105.419,103.8714,108.0036,107.7993,91.0297,71.2018,76.2978,70.0275,95.1367,103.5965
2008-08-25,90.3114,87.8887,104.1013,103.0065,116.8914,116.8382,106.3142,104.6076,109.0515,107.9947,91.1149,72.8352,76.0721,69.8539,95.2864,103.6217
2008-08-26,89.6901,88.1978,104.4875,103.7126,118.0873,118.0097,106.7298,105.1426,109.0955,108.4206,91.1715,72.8327,76.1348,70.7571,95.4085,103.676
2008-08-27,88.1636,87.9225,104.2599,103.0215,117.0543,117.3967,106.0343,104.9958,108.7774,108.0914,90.9898,71.8474,75.2305,69.5627,94.9489,103.6748
2008-08-28,86.9514,87.6012,104.1408,102.6834,116.6094,117.5308,105.8521,104.8279,107.7363,108.1127,90.7023,71.5877,75.8661,68.329,95.235,103.6687
2008-08-29,87.0277,86.9844,103.8458,102.2877,116.2524,116.9255,105.1593,104.6978,107.6267,107.7083,90.3668,71.1959,76.4181,67.7461,94.3846,103.6764
2008-09-01,89.6262,87.9373,103.9961,102.4188,116.9924,117.0305,106.0387,105.6286,107.6192,107.8665,90.9637,72.5161,77.5506,69.5602,95.5078,103.8361
2008-09-02,89.3084,87.556,104.4442,102.9577,117.0748,117.267,106.3771,105.6359,107.4122,107.7529,90.4109,72.0243,77.7907,69.8742,95.5149,103.8641
2008-09-03,87.2245,86.3947,104.462,102.5025,115.5038,116.4507,105.8881,104.9452,106.185,107.0736,89.7125,72.2974,75.6022,69.0114,94.856,103.8605
2008-09-04,84.7004,84.6483,104.5775,102.7515,114.7339,115.8182,105.7961,104.8757,105.4024,106.4302,89.2347,72.1565,74.4583,67.387,94.3186,103.8289
2008-09-05,84.0294,84.1352,103.9911,102.2863,114.1409,115.253,105.1545,104.2329,104.251,105.9208,88.3082,71.1433,74.6902,66.6305,94.4872,103.889
2008-09-08,85.7509,86.433,104.1343,102.7771,116.2614,116.7432,106.3681,104.5807,105.3769,106.2533,88.9588,70.8287,75.3584,67.9513,94.9383,103.8939
2008-09-09,84.3243,85.3438,104.131,102.9666,115.7194,116.089,105.967,104.3995,105.2299,106.3326,88.8922,69.5948,75.6921,67.6809,94.2874,103.9673
2008-09-10,84.6923,85.4571,103.5034,101.8765,114.9907,115.3573,105.0435,104.2355,105.0549,106.0527,88.6639,68.6396,74.8997,67.3374,94.1366,104.0415
2008-09-11,85.5924,86.1119,103.1232,101.5939,115.1339,115.3536,105.6815,104.837,105.6138,106.1051,88.9195,68.9211,74.7522,67.5833,94.1061,104.047
2008-09-12,85.357,85.4249,103.024,101.2446,114.4526,115.3322,105.0757,104.284,105.3089,106.174,88.4613,68.2721,74.4026,67.1571,93.862,104.0235
2008-09-15,83.7262,84.7716,103.4586,101.9944,114.9695,115.1988,105.9123,104.6989,105.8277,107.0655,88.0419,66.9784,73.8624,66.4318,94.0936,104.0031
2008-09-16,83.5255,84.7224,103.3321,101.6937,114.3643,114.6803,105.4068,104.4529,105.5457,107.2429,88.1162,67.8785,73.4962,67.0059,93.8245,103.996
2008-09-17,82.8159,83.8888,103.5875,102.3664,115.2973,115.5831,106.2545,104.5417,105.7566,107.5419,88.0554,66.7717,72.3621,67.1671,93.2716,104.0437
2008-09-18,83.1294,84.387,102.9971,101.5683,115.167,114.9902,105.4759,103.8472,105.1162,107.2789,88.6442,66.1879,72.2234,67.31,93.702,104.077
2008-09-19,83.3771,85.1592,103.3014,101.4434,115.4265,115.3138,106.0063,104.3671,105.1501,107.6296,88.9318,65.8015,72.8749,67.8838,93.6516,104.0978
2008-09-22,81.2666,84.3444,102.9672,101.0141,114.1402,114.6148,105.1574,103.5377,104.0598,106.8114,87.5138,66.2206,72.2467,66.1847,92.7124,104.0935
2008-09-23,81.3708,84.3894,103.0384,100.8373,113.6559,113.9899,104.8632,103.4985,104.1342,106.308,88.1197,66.4602,72.1583,65.9539,92.8151,104.1017
2008-09-24,81.3347,83.6209,102.9826,100.5341,113.1845,113.694,104.6653,103.2459,104.0457,106.7006,87.9563,66.2234,71.7617,65.969,92.0759,104.1223
2008-09-25,82.5392,83.9307,102.7878,100.3685,113.1266,113.9049,104.5259,103.3432,104.9603,106.5904,88.3894,66.0921,71.2174,65.9653,92.3443,104.1463
2008-09-26,81.4309,82.8747,102.1822,100.0524,111.8928,113.7366,104.1309,102.5815,103.8836,105.5696,87.5544,65.9807,70.8851,64.5966,91.9242,104.254
2008-09-29,79.9193,82.6625,102.4555,100.0439,111.0265,112.7795,103.5524,102.4672,103.9488,104.9156,88.2637,65.9897,70.7933,64.1106,91.1692,104.2428
2008-09-30,79.3322,82.2369,102.3694,99.8067,110.1585,111.9061,103.0408,102.0798,103.5578,104.7492,88.2522,65.6762,70.1499,64.0702,91.3361,104.3014
2008-10-01,78.5881,81.9555,103.1303,100.3188,110.9699,111.9805,102.827,102.5554,103.1722,105.509,87.2131,65.0841,70.9967,63.9519,91.9986,104.2729
2008-10-02,79.1238,83.1677,103.0256,100.4765,111.3255,112.7477,103.5778,102.3841,103.6409,105.0418,87.2101,64.8087,71.0961,64.0316,92.1317,104.2567
2008-10-03,80.15,83.7046,103.2187,100.6837,111.383,112.8473,103.8338,102.8707,104.2729,105.3358,86.9999,64.8656,73.0362,63.8347,92.6906,104.2624
2008-10-06,82.3262,84.771,103.3066,101.0017,112.0019,113.227,104.2601,102.9596,105.0089,105.5726,87.4161,65.1404,74.6057,65.7034,92.8156,104.226
2008-10-07,84.5001,85.7099,103.1609,100.6719,112.3368,112.6592,103.8188,102.9463,105.2772,105.6503,86.9975,65.0712,75.4188,67.199,93.0302,104.2718
2008-10-08,85.0084,86.469,103.9133,101.6256,113.7167,113.4218,104.2209,103.715,106.3421,106.2954,87.131,66.2911,76.4745,67.8082,93.2415,104.3389
2008-10-09,83.8829,86.0642,103.8864,101.6813,114.02,113.9603,104.1363,103.7901,105.9997,106.5391,86.2254,66.344,76.1728,66.9924,92.9475,104.3006
2008-10-10,83.3259,85.9127,103.9764,101.9771,115.1732,115.1,105.0186,104.6789,106.127,107.521,85.7486,66.0587,76.2888,66.4027,93.0899,104.3467
2008-10-13,84.0947,86.6854,103.9382,101.9666,115.8089,114.9912,105.1446,105.0878,107.7793,107.6285,86.6249,65.4188,76.0788,66.1989,92.8054,104.2885
2008-10-14,86.3946,87.9022,103.9092,102.5103,117.8456,115.9537,106.1063,106.0482,109.6456,108.079,87.6984,66.191,76.9059,66.8744,92.9089,104.3523
2008-10-15,85.5511,87.1003,104.4206,102.8261,116.913,115.6362,106.1522,106.1155,109.25,108.4484,87.125,65.7314,77.244,67.2138,93.057,104.37
2008-10-16,85.9388,88.0032,104.6674,103.191,117.5662,116.813,107.032,106.7632,109.5156,109.4223,87.1857,65.1802,78.1814,68.8207,93.4155,104.3722
2008-10-17,84.5293,86.8029,104.8835,103.4852,117.1199,116.8431,106.8993,106.641,109.4801,109.7212,87.6257,65.0362,77.5409,68.7494,92.7209,104.3627
2008-10-20,84.7989,87.031,104.8896,103.1391,116.8685,116.7924,106.757,106.8049,108.8962,109.9672,86.4337,65.7892,77.6101,68.6836,93.0581,104.3789
2008-10-21,82.4255,84.9882,105.0308,103.1987,115.7394,116.6602,106.5508,106.7151,108.1439,109.516,84.761,65.4847,76.641,66.4384,91.9716,104.387
2008-10-22,82.2623,84.649,105.4815,103.7121,115.32,116.8123,106.8499,106.6126,108.9938,110.1978,85.7933,66.191,76.9871,66.0467,92.2563,104.4192
2008-10-23,82.0508,84.9131,105.6997,104.1728,116.1113,117.0441,107.1301,106.4576,109.4318,110.4118,85.9193,65.4391,76.5238,66.3834,92.3625,104.4481
2008-10-24,79.7703,83.4032,105.3854,103.5886,114.1206,115.7554,106.2604,105.3974,107.4505,109.8464,84.947,65.8452,75.9421,65.7436,91.3966,104.3924
2008-10-27,81.3201,85.0809,105.4162,103.5607,115.2672,116.2142,106.0327,105.6316,108.0038,110.2418,85.2963,66.2798,76.9305,67.0924,92.0298,104.4031
2008-10-28,81.9432,85.3149,105.1361,103.5426,116.9559,116.2655,105.5908,105.887,109.0548,110.4026,85.3385,66.2681,76.2829,66.3049,91.812,104.4123
2008-10-29,83.259,85.3231,105.0677,103.7281,116.8897,116.8803,106.9509,106.2343,109.8807,110.7637,86.5342,65.8556,76.2973,66.3938,92.6156,104.358
2008-10-30,82.8777,84.79,104.8132,103.5593,116.2962,116.1234,106.818,105.5852,109.418,110.4921,86.9253,65.9304,75.6649,66.3175,92.5089,104.3731
2008-10-31,79.48,81.5095,104.8239,103.5289,113.4829,114.5117,105.7918,104.962,107.9416,109.7993,85.9213,65.2812,75.0159,64.4828,91.3055,104.4212
2008-11-03,78.2374,80.8176,104.9891,103.5531,113.2352,114.0453,105.3899,104.8535,108.056,109.7509,85.8789,64.3526,74.1689,63.6394,90.9558,104.4016
2008-11-04,78.1085,81.0711,104.9107,103.5036,113.6865,114.3991,105.2225,104.7941,107.84,109.4874,86.635,64.5841,73.9545,64.935,90.0205,104.3159
2008-11-05,78.0432,81.4807,105.3617,104.3761,114.9529,115.3637,105.6067,104.6907,107.2193,110.1823,86.3924,64.6116,75.3274,67.1734,90.0164,104.3337
2008-11-06,79.6686,82.5252,105.1037,103.9562,115.5268,115.6278,105.6821,104.2018,108.4933,110.4415,88.0466,64.0388,75.7861,67.2847,89.7457,104.3658
2008-11-07,80.0266,82.6562,104.985,103.9147,115.4242,115.865,105.5164,103.821,108.5142,110.7223,88.7756,64.5604,75.9696,67.439,90.2086,104.3716
2008-11-10,78.53,81.6032,104.7036,103.4644,114.4268,115.6627,105.6912,103.7701,107.5574,110.5296,87.5196,63.5788,74.5069,66.3785,89.792,104.3674
2008-11-11,79.4048,81.7784,104.7428,104.097,114.8461,116.7768,106.4818,103.9715,108.393,110.5475,87.1382,63.6999,76.0357,65.5332,90.0701,104.4235
2008-11-12,77.9552,80.7157,105.2177,104.5468,114.7706,116.2728,106.6955,104.3287,108.0422,110.3373,86.2308,63.406,75.5865,64.7846,89.5254,104.4391
2008-11-13,79.24,81.1516,105.369,104.5272,114.0528,116.2321,107.4373,104.4386,108.4307,110.4139,86.676,64.3775,75.9025,65.6196,89.696,104.4773
2008-11-14,80.4879,81.7539,105.4817,104.7403,114.9318,117.4348,108.2326,105.4767,108.8953,110.5503,85.7427,63.9749,77.1128,65.7864,89.8538,104.5665
2008-11-17,79.3784,80.2893,105.4042,104.6508,114.1105,116.8192,107.7731,105.4528,108.2886,110.4782,85.4518,63.519,76.5831,65.1937,89.6272,104.5366
2008-11-18,77.8029,78.2288,105.0142,104.3087,112.1676,115.7675,106.9798,104.6217,107.3272,110.15,84.352,64.0365,75.3207,63.1749,89.445,104.5064
2008-11-19,76.091,76.669,104.7728,103.8647,111.2855,114.4111,105.5606,103.9256,105.6435,109.7537,84.1464,64.3323,74.27,62.3583,89.4719,104.5226
2008-11-20,76.9246,77.5766,105.6755,104.8267,112.7316,115.7005,106.6181,104.9519,106.4297,110.5061,84.8794,64.2067,74.9334,64.18,90.0689,104.4922
2008-11-21,76.764,77.489,106.0458,105.0048,112.6816,115.9274,106.5598,105.1394,106.513,110.5426,84.9076,63.4509,75.1824,64.7292,89.7959,104.5393
2008-11-24,76.1529,77.0959,105.6737,105.0403,113.0028,116.8562,107.1148,104.9629,106.7083,110.6787,84.2281,63.227,73.6063,64.0379,89.0711,104.5575
2008-11-25,75.324,76.9471,105.669,105.3044,112.4653,116.8315,107.5158,104.4631,106.836,110.2448,84.2001,62.8,73.3942,63.7735,88.3335,104.6272
2008-11-26,74.0589,75.6931,105.2593,104.4607,111.3283,115.0947,106.4625,103.8434,105.1074,109.9166,82.5325,62.5171,72.3844,64.1365,86.8613,104.6384
2008-11-27,74.159,76.2626,104.9567,104.4398,111.1969,115.5581,106.5408,103.7703,105.9555,109.7602,82.7108,63.3905,72.439,62.8065,87.0782,104.6987
2008-11-28,74.0152,76.6896,105.2612,104.1669,111.7921,115.1661,106.1389,104.2104,106.5162,110.4708,83.2214,63.0157,72.497,62.652,86.9669,104.7212
2008-12-01,74.4568,77.1256,105.4549,104.3946,112.105,115.3385,106.7204,104.104,107.0753,110.5233,83.2787,62.6432,72.1643,63.4627,86.5315,104.7561
2008-12-02,74.5982,77.1952,105.8508,105.1502,113.2876,115.6211,106.9205,104.3934,108.1439,110.7672,83.6721,61.4986,73.0081,63.1885,86.6931,104.8319
2008-12-03,72.8998,76.821,105.9702,104.8117,112.1987,114.5264,106.4093,104.5048,107.3756,110.7561,83.2783,60.4839,72.7785,63.1647,86.4359,104.8433
2008-12-04,73.0081,77.1439,105.9099,105.2746,113.2973,115.1574,107.3588,104.7346,108.0555,110.9658,82.4843,59.834,71.667,63.1057,86.5209,104.8878
2008-12-05,72.3158,77.2357,105.443,104.5294,111.5412,114.0044,106.7547,104.1732,107.0945,110.3226,82.3662,59.8485,71.4436,62.952,86.8024,104.8466
2008-12-08,72.6366,77.8102,105.5269,104.9381,112.1012,115.1976,107.9288,104.3338,108.1329,110.565,82.773,60.041,71.0705,62.7568,86.6425,104.8691
2008-12-09,72.9944,78.6381,105.7859,105.4872,113.3126,115.7959,108.2172,104.5168,109.4771,110.9254,83.0443,60.7439,70.9185,62.3844,86.7901,104.9322
2008-12-10,72.0854,77.5072,105.6467,105.5348,112.9873,115.5151,107.5125,104.0991,109.1918,110.8517,82.8805,61.0085,70.747,61.5652,86.0987,104.9859
2008-12-11,74.1565,79.0769,105.537,105.3646,113.0521,116.0021,107.9425,104.2965,110.4199,111.2536,83.6119,61.3287,71.416,63.0773,86.4743,104.986
2008-12-12,71.8715,77.7193,105.7376,105.5992,112.1193,115.1185,107.2164,103.7811,109.0264,111.1439,82.5117,61.7777,70.9157,61.8514,86.6097,105.0476
2008-12-15,72.0008,77.5693,105.3801,105.5056,112.7865,114.8964,107.162,103.5396,109.0496,111.0413,83.3271,61.8518,70.1113,61.9899,86.4881,105.019
2008-12-16,72.0075,77.3397,105.7073,105.2244,111.4156,114.6659,107.0429,103.7249,108.1129,111.1319,82.7631,61.9567,70.6987,63.2716,86.3122,105.0518
2008-12-17,71.0702,76.6282,106.2683,105.9122,110.9051,114.5493,107.0754,103.7139,108.4621,111.051,82.0903,61.616,70.2371,62.3052,86.5735,105.1012
2008-12-18,71.1397,76.8635,106.3337,105.6484,109.5737,113.5294,106.8585,104.0034,108.2109,110.2572,82.3983,61.8622,70.5319,62.9273,86.7233,105.0982
2008-12-19,71.6234,77.1489,105.849,105.2852,109.028,112.8989,106.6123,103.6381,108.4336,110.1397,82.0736,61.4905,70.0118,63.2951,86.8165,105.1684
2008-12-22,71.8449,76.5081,105.6771,105.1406,109.4701,113.218,106.7447,103.7412,108.102,110.1486,81.1601,61.4295,70.0649,63.5585,85.4479,105.184
2008-12-23,73.4218,77.8703,105.9589,105.3408,110.2308,113.8582,107.3173,104.1262,108.5986,110.8237,81.1002,62.2038,70.8668,65.2258,86.0079,105.2225
2008-12-24,73.4406,78.1936,106.5241,105.7289,111.101,114.4861,107.8077,104.8158,109.428,111.3062,81.3421,62.6054,70.9746,64.1725,86.4546,105.2559
2008-12-25,72.1298,76.9916,107.3846,106.1044,109.8975,113.7159,107.8107,104.9197,109.0403,111.438,81.1909,63.0694,70.8136,62.9284,86.8676,105.265
2008-12-26,72.5907,77.4048,107.5799,106.4605,110.5626,113.6044,107.7743,105.1108,109.4965,111.9372,81.4778,62.8778,71.5846,64.2172,86.7661,105.3266
2008-12-29,72.6807,76.7338,107.6944,106.4371,109.7799,113.9337,108.1845,105.6326,109.7927,111.8346,81.1687,63.4814,71.0115,63.4143,86.5961,105.3273
2008-12-30,72.0456,75.8725,107.4779,106.4215,108.9487,113.4748,108.2052,105.251,109.4972,111.8588,80.9415,64.015,70.5705,62.4293,86.6781,105.3697
2008-12-31,73.2894,76.7341,107.9661,106.8906,109.5878,113.7759,108.55,105.8364,110.1439,111.7245,81.8985,64.5759,71.7819,64.1492,86.6114,105.4299
2009-01-01,71.1352,74.9323,107.9115,106.7534,107.6785,112.077,107.6499,105.7911,109.6608,111.207,81.24,64.0517,70.5389,62.4584,86.398,105.4269
2009-01-02,71.4228,74.6402,107.8362,106.6255,107.5748,112.1184,107.6754,105.8333,108.9347,110.7773,80.397,63.3656,70.9257,63.1446,85.8884,105.421
2009-01-05,71.2698,74.5282,107.9609,106.8333,107.5312,113.3244,108.0062,106.1243,109.1936,111.0601,79.6748,63.3365,70.7773,62.6428,85.952,105.3599
2009-01-06,71.2507,75.0154,107.916,106.9316,108.6123,113.0741,108.0048,106.2598,109.8109,111.4051,80.0083,65.0056,71.0189,61.9949,85.482,105.391
2009-01-07,70.9021,74.3178,107.6251,106.4399,108.4359,113.1908,107.5095,106.3004,109.566,110.7381,79.8788,64.7871,69.7282,60.9778,84.9238,105.3899
2009-01-08,70.2592,73.0363,107.7623,106.712,108.9094,113.0721,107.6058,106.6208,110.0333,110.4914,79.7731,63.7724,68.7759,59.304,84.4982,105.3814
2009-01-09,69.2213,71.7421,107.2926,106.4969,107.7967,112.7444,107.457,105.9448,109.0565,110.1967,78.9985,63.4692,67.6035,58.6822,84.1579,105.364
2009-01-12,70.0685,72.1333,107.5691,107.1191,109.5575,113.5725,108.4501,106.2429,110.0016,110.4241,78.989,63.7609,67.7533,58.186,84.1733,105.3692
2009-01-13,69.5522,71.9531,108.3356,107.9031,110.7364,114.2866,108.3238,106.6143,110.4816,110.8402,79.5416,63.8964,68.0437,58.1725,84.0023,105.3504
2009-01-14,68.96,71.0268,107.6221,107.4466,110.467,114.206,108.4785,106.6265,109.7131,110.2049,78.2929,63.8417,67.1823,56.6933,83.4553,105.3186
2009-01-15,68.6194,69.82,107.7589,107.1598,109.8098,114.1063,108.5752,107.1394,109.1453,110.2424,77.6287,63.9971,66.7259,56.2635,82.6782,105.3148
2009-01-16,68.9017,70.4888,107.7489,106.9176,109.0626,114.3246,108.8893,106.6807,108.6362,110.5709,78.241,63.9803,66.5856,58.0167,82.9279,105.3887
2009-01-19,68.2557,69.7923,107.389,106.7168,108.0921,113.9844,108.5302,106.2245,108.4551,110.4304,78.2395,63.2977,65.8163,58.4327,82.1704,105.4106
2009-01-20,68.1494,69.6167,107.9069,106.9386,107.9611,113.7491,108.773,106.8377,108.5226,110.7476,78.2652,63.0613,65.8853,58.8596,82.325,105.4498
2009-01-21,67.7592,69.2267,108.4625,107.0597,107.2581,113.7301,108.6737,106.9807,108.0566,110.3733,77.8868,63.0174,66.0361,58.84,82.1799,105.4954
2009-01-22,68.3104,69.4707,108.5872,107.2465,108.0008,113.8157,108.7592,107.185,108.1644,110.7026,78.315,61.8887,66.5416,60.0759,82.3522,105.5691
2009-01-23,67.6286,68.4053,109.0912,107.3029,106.4118,112.9614,108.3711,107.2194,107.9793,110.6167,78.2515,61.8866,65.9414,60.3513,81.9543,105.5235
2009-01-26,66.5063,68.1805,108.6374,107.2203,107.1056,113.301,108.6874,107.169,108.0932,110.9308,77.648,62.1217,65.0144,58.3393,81.7457,105.551
2009-01-27,68.0924,69.4096,108.2751,106.7763,107.0916,113.8182,108.8413,107.429,109.2383,110.6874,78.1723,63.1157,65.5074,58.5886,81.6406,105.553
2009-01-28,67.8606,68.8459,108.5138,107.3756,107.7767,114.3642,109.0099,107.3266,108.8284,110.9611,78.8193,63.5962,66.2359,58.7138,81.7107,105.549
2009-01-29,67.8169,68.4116,108.9548,107.1596,105.9993,113.9986,108.4798,107.3141,108.4474,110.5826,78.9292,63.5613,66.2952,59.5648,81.4679,105.5835
2009-01-30,66.5286,67.8808,109.1313,108.0358,106.6875,114.3261,109.0359,107.3525,109.0831,110.9918,79.3535,62.9907,67.1376,58.1146,81.2029,105.5943
2009-02-02,65.8178,67.2162,109.0292,107.7614,106.8192,113.5879,107.8814,106.8989,107.8282,110.2355,78.4078,62.4779,66.353,57.6904,81.1074,105.5662
2009-02-03,63.4037,65.5433,108.9188,107.5909,106.3235,112.6953,107.1368,106.2265,106.6409,109.7388,77.8799,61.6064,65.2194,55.5256,80.337,105.5667
2009-02-04,63.9414,65.8727,108.5279,107.2663,106.0875,112.2978,107.1517,105.8977,106.676,109.2207,78.1607,62.6931,64.7455,55.7753,80.0964,105.5292
2009-02-05,63.6641,65.8743,108.967,107.7068,107.11,112.1358,107.5526,105.9949,106.7308,110.0532,78.1784,62.5684,64.549,56.2968,80.0654,105.4818
2009-02-06,64.5801,65.3826,109.2241,107.7503,107.6501,112.4074,107.9259,106.9796,106.8034,110.5745,78.3568,62.5561,64.2212,56.9182,80.4181,105.5383
2009-02-09,64.5785,65.0633,109.5879,108.3472,108.3605,113.1161,108.3165,107.2471,106.4763,110.3226,78.1199,62.9861,63.9909,57.3107,80.3899,105.5348
2009-02-10,65.3791,65.3622,109.7652,108.4667,108.4672,113.1876,108.8119,107.0027,106.7276,110.5746,78.14,63.2937,64.5851,58.0876,80.0468,105.5286
2009-02-11,66.4651,65.6516,109.6585,109.3112,110.5252,115.1669,110.3744,107.5153,107.5551,111.3372,78.9576,62.1131,64.7187,59.6801,80.0539,105.5323
2009-02-12,65.9062,65.4819,109.417,108.9241,109.5741,114.8055,110.4802,107.4796,106.8941,111.0943,78.8089,61.7763,65.4747,58.7368,80.2343,105.5686
2009-02-13,65.5715,64.55,109.444,108.4826,108.7025,114.7598,110.1954,107.8059,106.2553,110.8714,78.9177,61.2331,65.0715,58.7085,79.7556,105.5184
2009-02-16,65.6914,65.5225,109.7614,109.0382,109.6023,115.333,110.6267,107.7764,106.8901,110.7346,78.7566,61.0404,65.8384,58.8837,79.7128,105.5413
2009-02-17,65.0924,64.9235,109.8668,109.0425,109.7072,115.8333,111.06,107.9312,106.6515,111.5193,78.6062,61.2048,64.4999,58.7329,79.5944,105.5511
2009-02-18,64.6032,64.3316,109.9752,109.0982,109.0631,115.0425,110.5018,107.6792,105.9607,111.3087,78.538,62.286,65.0012,58.3401,79.5867,105.5813
2009-02-19,64.4901,64.7525,110.8123,109.4719,109.6602,113.8572,109.9547,107.6744,106.5255,111.4074,78.5652,61.7098,64.9602,58.7289,79.7761,105.589
2009-02-20,64.2962,65.188,110.8903,109.8464,110.2339,113.8594,110.8383,107.7675,106.7979,111.746,78.4291,61.0452,64.7147,59.6826,79.4476,105.6316
2009-02-23,65.8075,66.471,111.3824,110.5104,111.2844,115.162,111.8597,108.0223,108.1355,112.3925,79.1785,61.196,65.2812,61.1433,80.0531,105.6068
2009-02-24,67.249,67.3217,111.1528,110.3511,112.5415,115.2259,111.4634,107.7271,108.9502,112.5981,80.021,61.0692,65.0832,62.0358,80.4488,105.6093
2009-02-25,67.6534,67.3258,111.0755,110.4109,112.4166,114.8082,110.9884,106.982,109.3126,113.1453,80.3567,60.9559,65.6346,62.8107,80.2692,105.5658
2009-02-26,66.8805,66.9571,111.1734,110.4066,112.2015,115.1351,111.1536,107.3605,109.5666,113.464,80.363,60.3376,65.5111,61.6953,80.2665,105.5138
2009-02-27,67.93,67.2152,110.5388,109.9981,112.0802,114.5099,110.8123,107.1382,110.0001,113.2793,81.4686,60.7815,65.6691,62.3774,80.3143,105.4981
2009-03-02,67.7532,67.4592,110.6266,109.8845,111.3346,115.1983,111.4081,107.2287,110.0749,113.1908,81.2821,60.4023,65.7127,61.4193,80.8621,105.5077
2009-03-03,67.9047,67.9041,110.7117,110.1901,112.219,115.5549,111.6629,106.9135,110.3053,113.5924,81.2962,59.8545,65.6751,61.5231,81.3949,105.4449
2009-03-04,67.3841,67.6977,111.2194,110.4975,111.9399,116.0412,112.267,107.3096,109.6858,113.9176,80.1488,60.0863,66.0788,61.1922,81.6944,105.4556
2009-03-05,68.5436,68.2655,110.5045,109.6937,112.1894,115.8489,111.9456,106.9733,110.0208,113.5775,80.1997,60.3958,66.3058,60.2391,81.7639,105.4789
2009-03-06,67.9227,67.3846,110.3305,109.3255,112.6219,116.1356,111.5466,106.691,108.2944,113.638,79.7375,59.3531,66.4207,59.9424,81.7504,105.4563
2009-03-09,68.0986,66.9956,110.492,109.4477,114.1336,116.2684,111.1755,106.5608,107.768,113.8127,79.494,59.3913,66.4691,59.9929,81.4073,105.5075
2009-03-10,67.728,67.5385,110.5701,109.5721,115.2815,116.1213,111.6872,106.8421,108.3577,114.221,79.9586,58.8391,66.3083,59.3654,81.6167,105.5055
2009-03-11,67.8707,68.0921,110.5134,110.1308,115.6888,116.698,112.5288,106.5202,109.0879,114.2272,80.0181,59.511,65.9966,59.3761,81.7034,105.4981
2009-03-12,67.7224,67.664,110.2161,109.4299,114.3294,116.7251,112.3236,106.227,108.2886,114.4373,79.4011,59.4445,65.8858,59.1978,81.5527,105.5291
2009-03-13,68.3079,68.5424,110.0755,108.8806,113.9011,115.3177,110.9314,105.7953,108.5542,113.8197,80.1979,59.9451,66.6119,60.6723,80.8167,105.5573
2009-03-16,66.6141,67.9759,110.0728,108.6467,112.9766,114.8094,110.2976,105.6152,108.1236,113.4033,80.3053,59.0651,66.3105,59.3643,80.5708,105.6009
2009-03-17,66.9261,68.1503,110.1332,108.8527,112.9396,115.0898,110.2754,105.8741,108.7335,112.9127,80.1837,59.8324,66.219,59.0348,80.5492,105.5821
2009-03-18,66.7925,67.9111,110.191,108.8427,111.8941,114.7341,109.9955,105.5631,108.135,112.6164,80.2733,60.5849,66.6349,60.1418,80.0034,105.6359
2009-03-19,67.8881,68.4701,110.2102,108.6589,113.2468,114.688,110.0445,105.9884,108.845,113.1262,80.6997,59.6885,66.5263,61.0178,80.0579,105.6034
2009-03-20,67.876,68.7363,110.4011,108.7397,114.0177,115.2253,110.2306,106.389,109.44,112.9822,81.39,59.0155,65.9274,61.2595,79.6898,105.6201
2009-03-23,67.936,67.9655,110.7046,109.1167,113.7351,114.5447,109.4944,106.0274,109.3725,112.8857,81.4689,59.444,65.7228,61.9092,79.5137,105.6459
2009-03-24,67.4405,68.0753,110.8225,109.0223,113.5048,113.6538,109.2936,105.9334,107.9389,112.6471,81.456,59.331,66.1679,63.6544,79.4831,105.5898
2009-03-25,68.7793,68.0558,111.0592,109.6124,115.3353,114.1446,109.3348,106.0892,108.435,112.7998,81.6083,59.068,66.8001,63.2871,80.5217,105.6194
2009-03-26,66.5504,66.9018,110.9288,109.3996,114.0745,112.9508,108.0264,105.145,106.9456,112.2417,79.8237,58.4298,66.3065,61.5261,80.3717,105.6058
2009-03-27,66.049,66.9233,110.6522,109.1984,113.3382,113.4951,108.6504,105.6801,107.438,111.9701,79.4849,59.1694,66.2845,59.998,79.8815,105.5502
2009-03-30,66.0444,67.0681,110.2509,108.455,113.1874,112.8829,107.831,105.0526,106.47,111.5366,79.1256,59.1854,66.6235,59.4335,79.9337,105.5533
2009-03-31,68.6259,68.6392,110.378,109.2066,114.5206,114.7772,109.3715,105.7707,107.9089,111.8301,80.4849,59.7605,68.5393,61.8671,80.1859,105.6405
2009-04-01,69.0092,68.8116,110.1444,108.6522,114.1364,114.2019,108.879,105.8203,107.6871,111.4749,80.4485,60.1383,68.7252,61.7516,80.1723,105.6634
2009-04-02,68.7719,68.6323,109.8944,108.5078,113.3146,113.8324,108.7819,105.4111,107.7175,111.5256,80.3606,59.0419,68.8813,61.6512,80.2562,105.6721
2009-04-03,69.8026,69.2165,108.9233,107.6375,113.2002,114.067,108.3735,104.756,107.4011,110.7193,80.2174,59.235,68.0408,61.8829,80.1515,105.7371
2009-04-06,70.1604,69.1876,108.5037,107.3055,113.5686,114.4801,108.0688,105.1626,107.5273,110.6196,80.0337,58.517,67.8815,61.4357,80.3801,105.8087
2009-04-07,72.1152,70.1399,107.8715,106.5451,113.7996,115.0538,108.1483,104.7099,107.0322,110.8087,80.0438,58.4409,68.0353,63.2019,80.7151,105.8801
2009-04-08,71.8248,68.9974,108.3094,107.697,113.415,115.8727,108.9292,104.5069,107.4271,110.8077,79.8237,58.2824,67.9519,63.1645,80.6225,105.8477
2009-04-09,72.6663,69.8192,108.0497,107.4767,112.9383,115.6522,109.5833,104.7583,108.0165,110.99,80.2696,58.5262,68.231,63.9879,80.8282,105.8718
2009-04-10,71.6718,68.6442,107.5862,107.4192,112.0283,115.7048,109.889,104.3882,107.1984,110.6692,79.16,59.0094,67.254,62.5236,80.6383,105.8752
2009-04-13,70.9184,68.3719,108.0849,108.0508,112.4667,116.3845,110.509,105.1179,107.3781,111.0657,79.3769,59.6726,68.5604,61.58,80.5003,105.8888
2009-04-14,71.7398,68.5843,107.1708,106.742,111.9552,115.8358,110.1766,104.7292,106.9415,110.9197,78.8575,58.7384,67.3588,61.7115,80.4009,105.8972
2009-04-15,72.3756,68.7269,107.2437,107.3867,113.3348,117.0938,111.1377,104.8795,107.7291,111.8116,79.1604,58.2012,67.123,62.3451,80.7587,105.8527
2009-04-16,70.7415,67.992,107.8685,107.9971,112.4784,116.8599,110.6503,104.5981,106.9857,111.54,78.04,58.2718,67.8318,62.1909,80.17,105.8868
2009-04-17,70.2296,67.4365,107.9033,107.7804,111.622,115.9877,109.6213,103.9691,106.5083,111.4171,78.185,59.0203,67.2641,61.9412,80.263,105.9066
2009-04-20,70.4165,67.7777,107.7738,107.8126,111.5544,116.2963,110.4437,104.122,106.7838,111.3278,77.9687,58.7922,67.3933,61.8961,80.1636,105.8477
2009-04-21,69.7795,67.1769,107.2587,107.628,111.4866,116.6062,110.3105,103.8175,106.751,110.7595,77.7225,59.5497,66.0735,59.8584,79.9925,105.9027
2009-04-22,68.643,66.4478,106.9297,106.7974,110.6007,115.4971,109.3735,103.0468,104.6497,110.2857,76.6966,59.5227,66.3636,59.3274,79.4013,105.8776
2009-04-23,70.3148,66.8128,106.5723,106.292,110.9511,114.7629,109.6496,102.7216,104.7615,110.5512,76.7416,59.1691,66.646,59.8748,79.6456,105.8346
2009-04-24,69.2406,65.903,107.4015,106.7221,110.061,113.4432,108.3723,102.8345,104.4527,110.6418,77.634,59.2752,67.1065,60.0053,80.205,105.8341
2009-04-27,70.2861,65.9516,107.3763,106.7033,110.7993,113.9708,108.4472,102.5048,104.8455,110.4212,78.1886,59.9405,66.7309,59.8349,80.0597,105.8312
2009-04-28,71.6697,67.5251,107.487,106.6809,110.5673,113.9334,108.5983,102.6828,106.1869,110.3256,79.6195,60.5978,67.3646,61.1723,80.4902,105.8349
2009-04-29,70.2393,66.2614,107.7013,106.4805,108.7633,112.528,107.6485,102.4602,106.0118,109.7711,79.2353,61.2027,66.8398,59.5094,79.8766,105.8168
2009-04-30,70.8437,66.5075,107.5853,106.353,109.2825,112.166,107.0436,102.0862,105.76,109.4758,79.1344,62.3539,67.0372,59.2997,80.1517,105.8076
2009-05-01,70.273,65.692,107.7749,106.6077,109.3728,112.4781,106.7951,102.1999,105.56,109.4514,78.7176,62.4679,66.1451,58.7564,80.1593,105.8303
2009-05-04,69.9917,66.3601,108.0382,106.9279,110.9082,112.7047,106.9256,102.5478,105.6886,109.4233,78.3349,61.8747,65.7358,58.5601,80.6403,105.9202
2009-05-05,70.3867,66.7675,107.8295,106.3572,110.9737,112.2713,106.441,102.2608,106.0174,109.6362,78.5602,62.0413,65.8523,57.9971,80.5592,105.9654
2009-05-06,71.1385,67.1229,107.8868,106.3239,111.3585,112.4942,106.4232,102.2454,105.9865,109.5201,78.7217,62.7898,66.7017,58.2904,80.4349,106.0193
2009-05-07,70.4046,67.065,107.6472,105.9273,110.7189,111.7534,105.4228,101.4072,104.8885,108.685,78.0637,63.1079,66.2341,58.0479,80.3771,105.9852
2009-05-08,71.3445,67.1938,107.7595,106.0131,110.494,112.1423,106.027,101.6917,104.7838,109.064,77.5464,63.5619,66.3332,59.3809,80.4376,106.0144
2009-05-11,70.5444,66.8503,108.1599,106.2835,110.8742,111.6711,105.6173,101.881,104.0563,108.9769,77.1665,63.1301,66.9102,59.4907,80.4612,106.0688
2009-05-12,71.289,67.7305,108.422,106.87,111.2569,111.9903,105.8416,102.0143,104.9609,108.3805,77.8221,62.4927,67.8051,60.2414,80.8315,106.0895
2009-05-13,72.5314,68.0241,107.6718,106.0659,110.959,111.8175,105.1841,101.2859,104.9057,107.4608,78.1096,63.127,67.0993,59.5155,81.2075,106.1303
2009-05-14,72.649,67.7931,107.7105,106.3737,112.3641,112.2561,105.3164,101.728,105.54,107.7439,78.6007,63.775,66.8924,59.1933,80.6589,106.1453
2009-05-15,72.2189,67.6437,108.002,106.5351,112.1071,112.7365,105.3502,101.8183,105.3459,108.1165,78.1583,63.3724,66.8202,58.5887,81.5486,106.2246
2009-05-18,73.046,67.6279,108.2792,106.5015,112.7072,112.1061,104.7113,102.1307,105.3077,108.2237,78.3774,63.0559,66.5921,59.336,82.2769,106.3379
2009-05-19,72.3604,67.1412,108.2303,106.2782,112.4262,112.117,104.3324,102.3844,105.3978,107.87,77.704,62.4972,65.8231,57.9923,82.1153,106.3119
2009-05-20,74.3207,68.3864,107.6596,105.7755,113.5859,113.0083,104.7222,101.991,105.8699,107.8498,77.9601,62.3005,65.8221,58.5771,82.1584,106.3618
2009-05-21,74.4307,69.0979,107.3601,105.3616,112.6776,112.6046,104.7413,101.9659,105.7344,106.8951,78.7981,63.1023,66.321,58.646,82.0577,106.3887
2009-05-22,75.0846,69.1931,107.7219,105.9948,113.6629,113.1463,104.8287,102.1164,105.7699,107.1644,79.4236,63.8746,68.1526,59.527,81.9544,106.4076
2009-05-25,75.0761,69.2517,107.8474,105.9518,113.4311,113.3989,104.6618,102.496,106.1502,106.4437,79.4863,64.1664,68.1034,58.6586,81.8302,106.451
2009-05-26,75.2979,69.6585,108.3309,106.1489,113.2507,113.913,104.4166,102.6649,106.6231,106.7139,80.5774,63.6723,68.591,60.0208,81.8348,106.4727
2009-05-27,75.9339,70.1948,108.0017,105.2292,112.5851,112.7835,103.5718,102.4208,106.3949,106.9921,80.1101,63.5637,68.4057,60.4622,82.1735,106.5239
2009-05-28,75.7271,70.843,108.0986,105.2391,113.2139,113.1921,104.1356,102.8769,105.8292,106.9958,79.7433,63.5294,68.3894,61.0027,82.4517,106.5285
2009-05-29,77.1102,72.1086,108.3106,105.6,115.2179,113.9146,104.9834,103.5418,106.9315,107.6568,79.8912,64.124,69.095,60.9757,83.0063,106.5237
2009-06-01,77.1106,71.6514,108.5146,105.606,114.5977,113.4699,104.4427,103.6459,106.7862,107.7619,79.8058,64.7711,70.0359,60.4555,83.3237,106.5545
2009-06-02,77.2767,71.0502,108.9432,105.998,114.0762,113.042,104.2725,103.0516,106.3774,108.0424,79.8466,65.9044,70.0024,61.4241,83.3694,106.4722
2009-06-03,77.9656,70.5084,109.1991,105.9069,114.2527,113.0115,104.1439,103.3155,106.3012,108.301,81.2284,64.4815,70.2553,62.4242,83.5236,106.556
2009-06-04,75.623,68.3995,108.8261,104.7995,111.4667,110.8061,102.026,102.491,105.0397,107.4394,80.9606,64.0077,69.8777,60.2809,82.3245,106.5928
2009-06-05,76.1114,69.5443,109.1461,104.9617,110.8809,110.7762,101.8485,102.4574,105.1682,107.5537,81.4876,64.8133,70.0005,61.8948,83.4667,106.6348
2009-06-08,76.3244,69.9821,109.1994,105.2196,112.7771,111.0748,101.7982,102.6322,106.091,107.8608,81.472,65.0028,68.8654,60.948,83.856,106.7234
2009-06-09,76.3135,69.5453,109.3264,104.7928,111.7121,110.7522,101.2952,102.9658,105.5025,107.0718,81.135,64.9735,68.293,61.0458,83.7864,106.7076
2009-06-10,77.4449,70.1658,109.36,104.8506,111.362,109.7548,100.718,102.6159,106.3148,107.0564,82.3384,66.1272,68.5909,62.6228,83.8365,106.7431
2009-06-11,77.0687,69.6658,109.4781,105.2065,110.9182,109.7187,100.6727,102.4959,106.6942,107.1597,82.6152,66.3514,68.797,62.3325,83.6599,106.8264
2009-06-12,78.9324,70.9157,109.2474,104.8599,112.1165,109.8185,101.0416,102.9393,106.6145,107.3886,82.5922,66.9498,69.0929,64.0085,83.9896,106.889
2009-06-15,77.2687,69.4467,109.1994,105.3499,112.1881,109.7236,101.0623,102.4588,106.1365,107.1128,82.1258,66.4367,68.3206,62.4488,83.6444,106.8687
2009-06-16,77.7076,69.7642,108.8641,105.7402,113.0598,110.5473,101.9688,102.4838,107.3411,107.5785,82.1343,65.939,68.2266,61.5707,83.924,106.8636
2009-06-17,76.8186,68.8175,108.5261,105.387,112.108,109.6507,101.1694,101.7956,106.6253,107.7136,81.3894,65.3865,67.8986,61.2573,83.5709,106.8325
2009-06-18,76.6507,68.5823,108.0428,104.4842,110.7958,109.0316,100.9718,101.4195,106.2291,107.3878,81.9985,65.6408,66.3363,61.0601,83.4622,106.7827
2009-06-19,76.4804,68.8509,108.8199,105.2692,111.2405,110.26,101.5795,102.1493,106.8379,107.4497,82.4784,65.7999,66.3623,61.9735,83.2832,106.7771
2009-06-22,76.7367,69.5152,109.3574,105.8513,110.9096,110.1284,101.7266,102.3553,107.0488,107.5037,83.331,66.5649,67.6511,64.174,83.2164,106.8207
2009-06-23,76.8327,69.0669,109.3998,105.6187,110.7234,109.4878,100.5885,102.1548,106.3365,107.101,83.4907,66.9504,67.7009,64.3184,83.4983,106.9378
2009-06-24,75.9641,68.2322,109.3851,105.8481,110.8585,108.9372,100.3005,102.0831,106.2626,107.2558,82.893,66.6578,66.7251,64.0571,83.2032,106.9427
2009-06-25,75.1916,68.7436,109.2717,105.5806,110.1112,108.6913,100.3948,102.0219,105.3989,106.8907,82.9489,66.8281,66.5418,64.9361,83.3466,106.9454
2009-06-26,76.3981,69.6398,109.1488,105.7476,110.8125,109.0421,100.9171,101.9864,106.4066,106.9373,83.4589,67.4146,67.587,64.2967,83.8082,106.8895
2009-06-29,75.9004,69.0423,109.0093,105.5483,110.1751,108.3764,100.1508,101.6114,106.3731,106.2561,84.0957,68.3035,67.0746,63.2208,83.4793,106.9743
2009-06-30,75.7503,69.1567,109.0299,105.8611,110.1124,109.6981,100.6949,101.4191,106.3864,106.5565,83.883,68.6074,67.5408,63.0855,83.5377,106.9601
2009-07-01,75.8964,69.8744,108.768,105.7716,110.2802,109.6105,100.6813,100.9016,106.0598,106.3584,83.5285,68.5501,68.26,62.8253,84.0783,106.928
2009-07-02,76.3636,69.668,108.3025,105.1213,109.115,109.226,100.3146,100.1986,106.0139,106.5152,82.7316,68.8747,68.3134,61.8541,84.1292,106.8652
2009-07-03,76.2504,69.1464,108.5604,105.3963,108.6144,108.9282,100.6597,100.4417,106.0929,106.7583,82.7028,68.7689,68.7462,62.143,83.8875,106.9481
2009-07-06,74.9416,68.8559,108.6827,104.8836,107.1222,108.3749,100.009,100.1967,105.7085,106.8694,83.0165,67.5908,67.8787,61.7072,84.3233,106.9932
2009-07-07,76.7833,69.8819,108.6931,104.9652,107.3771,108.3987,100.537,100.6334,106.413,107.1772,83.8179,67.8933,69.0513,63.3583,84.8818,106.9314
2009-07-08,75.4193,68.9931,108.8524,104.7284,106.5569,107.8955,99.3653,100.4878,105.5581,107.0513,83.1867,67.4416,69.4125,62.3661,84.796,106.908
2009-07-09,76.6264,70.0282,108.5017,104.5339,107.1553,108.021,99.4753,100.112,105.7779,106.9379,83.6652,67.133,69.669,63.3856,85.0875,106.9486
2009-07-10,74.6616,68.2416,109.0988,105.109,107.3937,107.8275,99.399,100.5177,105.3126,107.1221,82.9901,66.0573,68.7293,62.1202,84.6962,106.9981
2009-07-13,74.5374,68.1049,109.4973,106.0721,107.6491,107.9392,99.5311,100.5893,106.345,107.1967,83.4588,65.2636,68.9307,62.5292,84.9958,106.9741
2009-07-14,74.3522,67.1735,109.2844,105.4093,106.9862,107.3901,99.0309,100.5988,104.9942,107.3295,82.2183,65.7038,69.4114,61.4976,85.0479,106.9455
2009-07-15,76.3525,68.4281,109.3749,105.6946,108.2629,108.8049,100.441,101.5162,106.2435,108.1091,82.3653,65.1943,70.0445,62.7896,85.4871,106.9249
2009-07-16,76.5073,68.522,109.2727,106.1794,108.6853,109.4598,101.5761,101.2654,106.1429,108.3225,81.9771,64.7149,71.1671,62.9589,85.2779,106.9704
2009-07-17,77.0491,69.0667,109.4501,106.1686,108.9121,109.9436,102.0754,101.7909,106.4627,108.7636,81.5021,64.9358,72.4441,63.2317,84.9444,106.972
2009-07-20,77.0532,69.5233,109.5966,106.4482,108.9408,110.2707,102.9636,102.3032,106.8658,108.8539,80.9416,65.0948,72.5368,63.351,84.9059,106.9684
2009-07-21,76.5991,69.5596,109.6563,106.8629,109.226,110.9765,103.9928,102.7271,108.0696,109.1263,81.7997,64.6358,71.85,62.5472,84.7734,107.0437
2009-07-22,75.5823,68.774,109.5064,106.7575,109.7704,110.3844,103.5403,102.7392,107.7092,109.1902,81.2216,64.146,70.9649,61.3627,84.627,106.9656
2009-07-23,75.9509,68.9998,109.4458,107.1443,110.6514,111.7778,104.5401,103.2377,108.5925,109.3652,82.1709,63.659,70.887,61.6348,84.2983,107.0174
2009-07-24,75.9983,68.7448,109.8817,107.271,110.2428,111.5776,104.104,103.6167,108.1085,109.3426,81.6315,62.9666,71.5697,62.4861,84.6653,107.0155
2009-07-27,79.046,70.2662,109.9905,107.5853,111.7698,113.4975,105.3448,104.2187,109.4877,109.9142,81.9985,63.0243,72.0112,64.522,85.1138,107.088
2009-07-28,77.7797,69.4673,110.4807,108.1114,111.5203,113.187,105.048,103.9635,110.049,110.1234,82.5481,63.3958,71.8548,63.4423,84.674,107.0536
2009-07-29,78.6759,69.7458,110.3141,107.999,111.8369,113.9386,105.1987,103.5714,110.3966,109.9518,83.6096,63.2985,70.941,64.1072,84.7052,107.0713
2009-07-30,78.1054,69.6297,110.2605,108.1501,112.0445,113.9501,104.7618,103.4101,110.5219,109.9493,84.4601,62.4174,71.5545,64.2687,84.4896,107.1379
2009-07-31,78.7687,69.6668,110.3263,108.5997,112.846,114.2243,104.6712,103.6339,111.1768,110.2741,84.6965,62.74,72.0905,64.3035,84.9187,107.2051
2009-08-03,78.9993,69.901,110.4833,108.8468,112.0195,114.2497,104.7791,103.6676,111.3644,110.121,84.9464,63.227,72.7087,64.4973,85.631,107.1906
2009-08-04,78.1427,69.06,110.2125,108.7895,111.0337,114.178,104.4849,103.2132,111.0578,109.9939,84.3373,62.4273,73.1276,63.2476,85.5139,107.2051
2009-08-05,77.7741,69.2467,109.801,108.4616,110.4604,114.1318,104.791,103.321,111.1164,109.7336,83.3035,61.799,73.4083,61.9497,85.5369,107.1978
2009-08-06,77.0972,68.9195,110.3177,108.9896,110.7549,114.2124,104.6755,103.4091,111.5298,109.6735,83.9949,61.9588,72.9659,61.6637,85.4472,107.2428
2009-08-07,78.1591,69.9082,110.6719,109.1986,112.0654,114.8611,105.1926,104.0699,111.5822,109.411,84.2412,61.5597,73.4441,62.5675,86.0552,107.3312
2009-08-10,79.1143,70.8167,110.1267,108.4444,111.6209,114.779,105.0854,103.5932,111.0577,109.3605,84.0502,61.621,72.5953,63.9675,86.5389,107.2979
2009-08-11,78.5308,70.4199,110.4797,108.3103,110.3326,114.2512,104.763,104.3922,110.613,109.5099,83.9539,60.5466,73.6357,64.7384,86.7045,107.328
2009-08-12,76.4441,69.2648,110.9912,108.4688,108.5108,112.9441,104.293,104.1532,109.3402,109.0899,83.474,60.7495,73.4886,63.8068,87.1214,107.3401
2009-08-13,76.1327,68.5697,110.6974,108.4722,108.3262,112.7171,104.3762,103.6885,108.98,109.0263,82.8594,60.5126,73.2217,62.7585,87.1993,107.4002
2009-08-14,75.6767,68.0955,110.9794,108.8792,108.2829,113.1024,104.7061,103.9316,108.8088,109.1331,82.9974,60.3182,73.1852,62.5559,87.6278,107.3788
2009-08-17,75.3164,67.6953,110.5379,108.1156,106.8116,112.0034,103.4696,103.2366,108.1353,108.5239,83.652,60.1668,72.7364,62.8872,87.4547,107.3902
2009-08-18,75.3966,67.5503,110.2936,107.534,106.4307,111.5639,102.7474,102.8525,107.6195,108.4759,83.9424,59.7196,72.7253,62.9838,87.4889,107.3988
2009-08-19,76.0774,67.6035,110.083,107.7574,107.7602,112.1654,103.3831,102.7475,107.8336,108.8132,83.8718,58.9533,73.0878,63.0542,87.2763,107.4598
2009-08-20,76.5041,68.108,110.8729,108.5681,108.9146,113.2084,104.4193,103.615,108.679,109.4383,83.6089,58.8942,73.8953,63.0619,87.6835,107.4479
2009-08-21,77.0307,68.1401,110.4917,108.3466,109.2699,113.2311,104.1256,103.7702,109.1595,109.1097,83.3138,59.6732,74.2779,61.865,87.395,107.4252
2009-08-24,78.7246,68.8353,110.156,107.6421,108.3369,113.2096,103.9701,103.971,109.5294,108.8833,83.9289,59.8989,74.3056,62.9259,87.8569,107.4381
2009-08-25,78.5428,68.9602,110.1748,107.625,108.3751,113.0361,104.074,104.2976,110.2913,109.4216,84.7045,59.8978,74.4242,62.8697,87.6191,107.4571
2009-08-26,76.9432,67.2909,110.4289,107.7451,108.1027,112.5881,103.368,104.3295,109.6258,109.6985,83.8397,59.1652,73.3498,61.5233,87.6557,107.4873
2009-08-27,77.8451,67.2781,110.2239,107.5258,107.8616,111.4319,102.743,104.1489,109.7579,109.6366,84.1871,59.3625,73.2918,62.3065,87.9933,107.516
2009-08-28,78.7818,68.6158,109.8126,107.0438,108.6864,111.7542,102.7682,104.0168,109.8543,109.2462,84.4832,59.5095,73.419,62.249,88.4585,107.5576
2009-08-31,80.1067,69.2981,110.4675,107.7157,109.1955,112.8304,103.7032,104.6473,110.3695,109.4666,85.4357,59.522,73.9818,64.5722,88.8737,107.5099
2009-09-01,79.5361,68.9198,110.3682,108.1873,109.3033,113.3068,103.9673,104.4652,110.6188,109.6581,84.3499,59.7197,74.2384,63.7122,88.5117,107.4973
2009-09-02,78.7963,68.6427,110.9012,108.8866,110.1707,114.4141,104.8894,105.1495,111.0211,110.0982,84.5209,58.8769,74.2054,63.4364,88.3507,107.4984
2009-09-03,76.9315,67.8585,110.9123,108.8482,109.4637,114.0751,104.4261,105.2679,110.39,109.7998,84.4143,59.8563,73.8793,61.945,88.0404,107.5384
2009-09-04,78.5612,69.2965,110.9549,109.0151,110.371,114.4427,104.8847,105.7235,111.0084,110.0796,84.7677,60.1671,75.0104,64.0685,88.2525,107.5356
2009-09-07,80.0573,69.7033,110.8005,108.5178,110.2227,114.2362,104.6184,105.4605,110.5509,110.1023,85.352,61.0583,75.27,66.0354,88.0306,107.5818
2009-09-08,80.6209,70.5729,111.1133,109.0819,111.8948,115.2527,105.4893,106.4749,111.6104,111.0772,85.1858,61.2127,75.2775,66.6418,88.4395,107.6198
2009-09-09,80.8495,70.1889,110.8031,108.8547,111.6877,115.4138,105.5498,106.3934,111.1278,111.3594,84.41,61.758,75.7476,66.0481,88.4448,107.6764
2009-09-10,81.0707,69.7812,111.5655,108.8807,110.6507,114.0362,104.9362,106.511,110.1049,111.701,84.3011,62.168,78.1916,67.3064,88.7496,107.597
2009-09-11,81.5112,70.1067,111.3589,108.8767,111.2036,114.51,105.1375,106.6777,110.2882,111.7628,84.1398,62.249,78.7247,67.6918,88.3643,107.5083
2009-09-14,81.3106,69.0316,111.4416,108.6905,110.5521,113.6597,103.993,106.0397,110.1082,111.6322,83.7703,62.4453,78.3255,66.3733,88.4663,107.4797
2009-09-15,81.7412,68.9131,111.3857,108.3964,109.634,112.52,103.6073,105.8927,109.7325,111.3464,83.8214,61.9823,79.3569,66.77,88.7863,107.5035
2009-09-16,82.0131,68.9228,110.9008,107.4573,107.4699,111.5423,102.7686,105.5383,109.9851,111.1719,83.3747,62.2355,79.1836,66.1212,88.8584,107.5061
2009-09-17,82.6794,69.446,110.4683,107.3912,107.7297,111.814,103.0742,105.4362,110.4075,111.2115,83.319,62.1914,78.5244,66.5467,89.1167,107.5576
2009-09-18,82.084,69.1016,109.9538,106.7373,106.5578,111.2885,102.7334,104.8857,109.5264,110.8713,82.7629,62.3941,77.9687,65.6968,89.2282,107.5935
2009-09-21,82.6316,69.3364,109.8452,106.6362,105.0839,110.4973,102.6702,104.7072,109.7934,110.526,83.2631,63.475,78.8729,66.5945,89.071,107.5488
2009-09-22,81.6859,68.5994,110.2131,106.7671,104.8698,110.4694,103.2589,105.1774,109.1658,110.9385,83.4261,63.1232,78.5771,67.1285,88.6314,107.5796
2009-09-23,80.334,67.6079,109.8226,106.586,105.0549,110.9426,103.1047,105.0455,108.4352,111.0148,81.8302,62.87,77.4698,64.3632,88.9649,107.5214
2009-09-24,80.6366,67.9929,110.2427,107.0222,105.4094,111.4174,103.9234,105.6143,108.5887,111.2206,81.6402,62.6726,78.8544,65.1026,88.817,107.5122
2009-09-25,81.6688,69.13,109.6246,106.4236,106.2456,112.3113,104.9726,105.7056,108.4587,111.1679,81.4497,61.9059,78.5566,65.594,88.6876,107.5606
2009-09-28,83.8333,69.7624,110.1397,107.3047,106.4853,113.0477,106.1093,105.9775,109.8547,111.6482,82.5289,60.711,79.9107,67.7738,89.5437,107.4795
2009-09-29,83.7254,70.3915,109.9268,107.0856,106.7472,112.9077,105.9675,105.83,110.0963,111.527,83.1031,60.6105,79.5665,67.5781,89.7418,107.5341
2009-09-30,84.5906,70.6886,109.3683,106.6611,106.73,113.2816,106.2777,105.8048,109.8512,111.1151,82.5649,60.9138,79.4171,67.1496,89.9632,107.5028
2009-10-01,85.8092,71.9811,109.2363,106.4642,107.6215,113.199,106.0753,106.1676,110.6589,111.24,82.843,61.0785,80.6619,66.8525,90.7038,107.5099
2009-10-02,87.3329,72.6012,108.9512,106.3603,108.6452,113.6088,105.922,106.006,110.1524,111.4916,82.448,60.652,80.7935,69.3255,90.7702,107.5977
2009-10-05,86.0612,72.0078,108.9877,106.0975,107.2898,112.7728,105.3636,105.5861,109.5552,111.0479,82.5197,60.1476,80.8027,68.794,90.5965,107.5832
2009-10-06,84.8327,71.9963,109.5607,106.3711,106.4692,112.6897,105.3447,106.2145,109.8161,111.2059,83.0613,60.7002,80.9726,68.4766,90.9224,107.5697
2009-10-07,83.8614,71.1863,110.1508,107.1869,107.5576,114.1227,105.8055,107.1168,109.9803,111.3978,82.4243,60.5293,80.9117,67.6768,90.3852,107.5872
2009-10-08,81.2455,70.3372,110.0556,106.4678,105.8928,112.4754,104.7268,106.791,108.2897,110.524,81.7354,60.9346,79.7469,66.996,89.4538,107.6142
2009-10-09,83.5709,71.4379,109.5473,106.2582,107.3698,112.865,105.1919,107.3286,109.2635,110.8797,81.8188,61.0361,81.5429,66.7437,89.9029,107.5898
2009-10-12,84.1604,71.8311,109.2765,106.7382,108.7519,113.4311,105.885,107.5693,110.1636,110.7122,81.9357,61.8067,80.9974,65.9422,90.1559,107.5653
2009-10-13,82.1009,70.7437,109.8488,107.0878,107.6423,112.3345,105.2774,107.0078,109.1842,111.2237,81.5743,61.8396,81.2264,66.6037,89.6076,107.5891
2009-10-14,81.2438,70.278,110.0024,107.1219,107.0592,112.0306,105.1227,106.6985,108.9987,110.7565,81.2068,61.7469,81.4893,65.3659,89.1988,107.6093
2009-10-15,82.4127,71.1357,109.6442,107.0457,107.1835,112.3442,105.5469,106.5795,109.2172,111.0963,80.8536,62.6943,81.8581,65.0914,90.4991,107.7134
2009-10-16,82.7286,71.9928,109.6624,107.1625,108.1851,112.2467,105.1558,106.3256,109.501,111.5118,80.9115,63.6146,82.5857,65.3431,90.7479,107.6661
2009-10-19,83.4007,72.7536,109.4861,106.9398,109.0909,112.8387,106.16,106.6946,109.4557,111.7533,80.8069,62.1738,82.9693,65.7105,90.9417,107.6846
2009-10-20,82.0486,72.3239,109.5384,107.0369,108.731,113.1404,106.5109,106.6809,108.7373,111.8065,80.445,61.9843,82.2157,65.4565,90.928,107.6881
2009-10-21,81.7135,72.0767,109.9009,106.618,107.2957,111.9427,105.7274,106.8624,108.3294,111.5275,79.8875,61.8968,82.0793,65.4647,91.206,107.6506
2009-10-22,82.297,72.3289,109.5573,106.2948,106.6671,112.4002,105.9665,107.0282,108.5413,111.4438,80.0589,61.6073,82.3894,66.3219,90.6861,107.6639
2009-10-23,82.0323,72.3355,108.9552,105.7064,106.4398,112.3185,105.9102,106.8644,108.1667,111.0226,79.5056,61.8188,81.8935,65.0467,90.5198,107.6356
2009-10-26,82.3611,72.9292,108.7774,105.3513,107.8023,112.1512,105.2722,107.2214,108.5879,110.8071,79.4543,61.3059,81.6313,64.1946,90.5512,107.7102
2009-10-27,80.9433,71.7752,108.8299,105.8562,107.6698,112.7831,105.9849,107.6012,108.7104,110.7205,78.689,61.8017,80.5353,61.5571,90.8362,107.6665
2009-10-28,81.7671,71.8532,108.6644,105.7898,107.7469,112.2518,106.0139,107.3205,108.5487,110.4958,78.8285,62.5095,80.3531,61.7237,91.2282,107.726
2009-10-29,79.6771,70.26,108.9632,105.4939,106.2019,111.158,105.1312,107.2338,107.3397,110.1223,78.4118,62.5718,80.1116,60.6036,90.5263,107.6999
2009-10-30,81.0529,70.6666,109.0844,106.0887,106.438,111.7504,105.7514,107.8087,108.9578,110.2648,79.067,63.2128,79.8601,60.8362,91.2694,107.7371
2009-11-02,81.7996,70.8059,108.5374,105.8293,106.6842,111.9118,105.9873,107.6016,109.3232,110.4589,78.9863,62.6543,80.4319,59.9834,91.5373,107.7451
2009-11-03,81.3663,70.0142,108.2382,105.4999,106.3526,110.7124,105.0585,107.068,108.9944,110.2869,79.1092,62.8598,79.2272,59.7294,91.3121,107.708
2009-11-04,81.7749,70.5649,107.7923,105.1888,106.3151,109.8375,104.9921,106.2379,108.4117,110.1381,79.2461,64.1796,78.8334,60.3271,91.539,107.7217
2009-11-05,82.6755,71.8399,107.4663,104.333,106.7282,109.4993,104.5205,106.25,108.3272,110.0664,79.736,64.6033,78.4677,60.5218,92.2189,107.6671
2009-11-06,81.8081,71.3575,107.4118,104.4728,106.8704,110.1109,104.9627,106.5407,107.8047,110.2509,78.9847,64.459,77.9864,59.7177,92.5097,107.6868
2009-11-09,82.3877,72.3963,106.9827,104.1347,107.5238,110.0624,105.0997,106.5019,108.0795,109.8947,78.7328,64.7856,78.3891,59.3111,92.2992,107.7031
2009-11-10,81.1388,72.9167,107.035,104.047,106.8855,109.5955,104.5438,106.2502,107.924,109.6833,78.7689,65.3791,78.0568,59.0254,92.5773,107.7564
2009-11-11,80.2312,72.8573,107.0885,103.9508,107.8656,109.6044,104.3947,106.3348,106.9261,110.0494,77.8518,65.1711,78.1272,58.1772,93.0815,107.7575
2009-11-12,79.4843,72.1439,107.2047,104.0597,106.0192,109.1993,104.514,105.986,107.0446,110.2488,78.3579,66.0798,77.6685,58.0767,93.173,107.7775
2009-11-13,79.4259,72.5775,107.0978,103.9968,107.6143,109.6472,104.4574,105.7296,106.2314,110.5445,77.335,65.5966,77.0544,57.8576,93.9081,107.8101
2009-11-16,79.5692,72.8374,107.47,104.4989,107.602,110.1005,105.0414,105.9279,106.6473,110.7569,77.5162,65.6146,77.7248,57.9209,94.4606,107.8236
2009-11-17,79.2572,73.6517,107.3781,104.1367,106.9867,110.2112,105.2891,105.6705,106.3126,110.7096,77.4093,65.7122,77.1515,57.7672,95.2989,107.7585
2009-11-18,80.9784,74.2885,107.4068,104.4127,107.3012,110.7369,105.5217,105.4938,107.4749,110.7889,78.5178,65.1676,78.224,58.2396,95.9095,107.7431
2009-11-19,80.9008,74.6515,107.3108,104.14,107.2558,111.1624,105.5494,105.9484,107.0339,110.5074,78.804,64.5664,78.2244,58.4616,96.4594,107.8432
2009-11-20,80.6627,73.5562,107.1051,103.8784,106.3297,111.0195,105.8551,105.7736,106.3933,110.9061,77.9739,64.0151,78.8437,57.6159,96.2872,107.8643
2009-11-23,80.7152,74.2311,107.1294,104.1912,107.355,111.6369,106.673,106.083,107.1699,111.4034,78.1889,63.1474,78.2301,57.8482,96.5081,107.9615
2009-11-24,80.3381,74.731,106.7512,104.107,107.543,112.4131,107.1784,106.2165,107.0062,111.5023,78.0737,62.6451,79.1124,57.3239,96.8317,107.9536
2009-11-25,80.2295,74.1419,107.1458,104.0105,107.7382,112.0032,106.6317,106.4083,106.4564,111.5356,77.5648,61.5838,79.4006,56.8118,97.3941,107.9441
2009-11-26,79.085,73.232,106.6251,103.1729,106.7619,110.6097,105.2806,105.8991,105.5227,111.2954,76.862,60.9676,78.328,56.2254,96.9415,107.9812
2009-11-27,79.3948,73.4542,106.0837,102.0372,104.9275,109.7157,104.0713,104.8022,104.6574,111.4372,77.3751,61.1886,79.0569,56.3246,97.6543,108.0159
2009-11-30,79.1603,73.2079,105.8124,101.4694,104.1651,108.6186,103.3261,104.5026,103.717,110.9793,76.999,60.5101,79.2742,56.6931,97.4944,108.0421
2009-12-01,79.3694,73.2295,105.2783,100.8715,103.3279,108.62,103.3181,104.731,103.6765,110.3761,76.3736,60.331,79.4652,56.0322,96.9752,108.0158
2009-12-02,79.3712,72.892,105.3352,100.8672,102.3251,108.8147,103.5988,104.5147,103.7013,110.3799,77.1472,59.4178,78.3763,56.4343,97.8808,107.955
2009-12-03,80.4658,73.7593,105.9202,101.4081,103.2295,109.9195,104.1664,105.2111,104.3249,110.8274,78.4173,59.1442,78.8156,58.0152,98.8368,107.9534
2009-12-04,81.6989,74.3515,106.0948,101.3186,102.9179,109.2526,103.9396,105.1557,105.3042,111.3619,79.5494,59.246,79.6157,58.3988,99.6648,107.9761
2009-12-07,83.3571,74.9232,106.5082,101.8405,103.0824,109.9686,104.5581,105.9041,107.0226,111.647,80.1016,59.111,80.1134,58.6451,100.5025,108.0725
2009-12-08,83.4253,74.7552,107.165,101.9201,102.8718,109.7965,104.8496,106.2801,106.4706,112.189,80.3814,59.0813,79.8767,60.3136,100.4809,108.0517
2009-12-09,83.5218,74.2138,107.3251,102.3196,102.734,110.7908,105.6138,106.7571,106.8909,112.7285,80.3216,60.3247,79.0077,60.0897,100.6238,108.0982
2009-12-10,83.314,73.9524,107.2546,102.2741,102.6031,111.21,106.1203,107.1566,106.6745,112.9235,79.8288,61.0849,79.4968,59.1921,100.5874,108.1159
2009-12-11,82.8721,73.2815,107.3715,101.9321,102.2535,110.7409,105.0453,107.4366,106.4383,112.4008,79.6841,60.8466,79.1538,58.5612,100.3186,108.0823
2009-12-14,84.6813,74.6232,107.0373,101.6867,103.4632,110.8693,104.9829,107.7667,107.1947,112.2375,79.7038,61.4045,79.5858,59.2039,100.1623,108.1225
2009-12-15,84.1653,74.7554,107.118,102.1182,103.9367,111.2404,105.1852,107.5591,108.069,112.4026,80.4531,60.7025,79.3273,59.1687,99.8361,108.1242
2009-12-16,83.8498,73.5787,107.3663,102.4055,104.132,111.1019,104.9039,107.3302,107.318,112.2897,79.7141,60.4375,79.6403,59.049,99.4013,108.0995
2009-12-17,81.5055,71.9007,107.2836,102.1493,104.0221,110.3809,103.7939,106.9329,105.9474,111.9655,79.2014,58.9662,77.9633,57.7593,99.2277,108.1507
2009-12-18,83.0053,73.1496,106.856,101.9362,104.0397,111.4189,104.0863,106.7061,106.5958,111.7254,79.7441,60.0536,78.1113,58.2713,99.4172,108.1934
2009-12-21,83.7869,73.7472,106.8181,101.3191,103.4405,110.699,103.3749,106.4778,106.5632,111.4396,80.3222,59.6516,78.6658,58.4757,99.9488,108.1996
2009-12-22,84.0343,74.0068,107.3403,101.6473,104.0702,110.8679,103.3689,106.9264,106.9246,111.8138,79.9563,60.0996,78.9656,58.4223,100.3417,108.1979
2009-12-23,84.4794,74.1552,107.1321,101.9798,105.1343,111.2637,104.1184,107.2733,107.2081,111.8755,79.5128,61.1027,79.9303,57.3122,100.5248,108.1679
2009-12-24,83.2603,73.3036,107.7599,102.4255,104.9578,110.6304,103.3678,107.4797,106.5384,111.8214,79.178,60.9297,80.5505,56.9793,101.1573,108.1685
2009-12-25,84.2149,73.1619,107.1985,101.7537,104.4955,110.4275,103.0741,107.4809,106.4274,111.3306,78.3967,61.3269,81.0526,56.2983,100.5312,108.1699
2009-12-28,82.8342,71.9574,108.1357,102.3816,104.97,110.3498,103.0207,108.2767,106.4889,112.1479,78.8774,61.3045,81.2084,56.0864,100.1414,108.1512
2009-12-29,83.474,72.4357,108.3676,102.4036,105.7515,110.1821,102.7389,108.5804,106.7537,112.3127,79.2784,60.6998,81.4595,57.1764,100.1127,108.1784
2009-12-30,83.6411,72.3896,107.7323,101.86,105.2955,109.3967,101.9542,107.7054,106.3142,111.6572,79.1211,60.2669,81.8394,57.5476,99.0544,108.2016
2009-12-31,83.7467,73.0653,107.7743,101.4155,105.6662,109.0497,101.7585,108.1366,106.638,111.2399,79.4741,60.111,82.0923,56.7752,98.9322,108.1895
2010-01-01,85.3166,74.2377,107.8583,101.2191,104.92,109.0522,101.4067,108.1153,107.6777,111.1873,80.4254,59.7988,83.2747,58.2807,99.0142,108.1545
2010-01-04,83.7722,74.1443,108.1409,101.1992,104.6079,108.6886,100.6078,108.1357,107.4156,110.4625,80.7744,59.5923,83.2549,57.635,98.6997,108.1664
2010-01-05,81.2191,72.1762,108.2974,101.2926,103.6153,107.3549,99.2394,107.9688,106.2296,109.8988,79.7614,59.831,83.1763,56.5892,97.7044,108.145
2010-01-06,80.889,72.0678,108.1592,100.9533,103.8424,107.0654,99.2428,108.2181,106.4218,110.1802,79.8318,59.9211,83.585,55.2673,97.5188,108.1449
2010-01-07,80.6016,72.0663,108.3251,100.9615,104.1006,106.6421,98.5584,108.2658,106.5428,109.8986,79.1438,60.7361,83.7618,54.1857,97.5588,108.0745
2010-01-08,80.97,72.7994,108.5032,101.0731,104.9992,106.8963,98.283,108.2324,107.2773,110.226,79.0702,61.2978,82.7695,54.3952,97.601,108.1299
2010-01-11,80.0772,72.5691,108.3385,101.171,105.0536,106.7213,97.6137,108.3691,107.5268,110.0044,79.0604,60.9289,83.1684,53.7988,97.3514,108.1402
2010-01-12,79.3725,72.6835,108.2815,101.0254,104.8309,106.2664,97.4084,108.7455,107.4091,109.5743,78.7932,60.6447,83.5654,53.3234,97.1798,108.21
2010-01-13,77.1943,71.0258,108.4343,101.2853,104.305,106.4409,97.7952,108.779,106.7606,109.4176,78.1868,59.6383,82.7673,51.7358,96.5695,108.1719
2010-01-14,78.7471,72.6448,108.2124,100.7544,104.649,106.0568,97.5828,108.725,108.0343,109.2086,79.6365,59.4619,83.8349,52.3003,96.2414,108.1843
2010-01-15,81.7346,74.0929,108.0584,100.9554,105.7967,107.0286,98.536,109.0078,109.5731,109.5611,80.78,59.2105,84.9437,53.6554,96.7607,108.2198
2010-01-18,82.4063,75.1893,107.7007,100.4319,105.5124,106.7966,98.1406,108.3763,108.85,109.1192,81.3051,60.0593,84.9297,54.947,96.9878,108.2056
2010-01-19,81.4146,75.3517,107.2184,99.7662,104.461,106.3181,97.8265,107.6434,108.1559,108.9033,81.5697,60.6003,85.079,53.9593,96.9758,108.2604
2010-01-20,78.9632,73.4847,107.478,100.0512,104.1596,105.5808,97.1937,107.4311,107.2515,108.924,80.631,60.7897,83.5131,52.789,96.4782,108.2713
2010-01-21,79.8482,73.971,108.2459,100.494,104.9146,105.7236,97.5008,108.2683,108.1734,109.6851,81.8653,61.2512,84.0845,53.3406,97.4233,108.3021
2010-01-22,79.7668,73.9682,108.455,100.3645,105.2052,104.8411,96.5517,108.2183,108.2597,109.6709,82.066,61.2191,84.3139,53.2073,97.524,108.2813
2010-01-25,79.7241,73.7242,108.6798,100.6018,106.3007,105.1761,97.1874,108.8823,108.5515,110.3625,81.9002,61.2701,84.0195,52.9318,97.2818,108.2902
2010-01-26,82.4282,75.0417,108.8814,101.0467,107.4002,106.2281,97.7678,109.7797,110.3133,110.8433,82.3577,62.7214,84.5797,53.9091,98.1091,108.3831
2010-01-27,83.1716,75.6418,109.3605,101.4688,106.3141,106.2925,98.641,110.5643,111.5957,111.2153,83.4297,63.0447,84.9207,55.1885,98.5837,108.3987
2010-01-28,83.6691,75.4658,109.2913,101.5525,106.8509,106.2555,98.826,110.8682,111.6892,111.5851,83.0129,62.4443,84.7092,55.2946,99.1251,108.2725
2010-01-29,83.1863,74.6693,108.8117,101.0279,105.8187,106.2285,98.5859,110.5315,110.7069,111.1108,82.8767,63.0786,85.4965,53.9005,99.0587,108.2426
2010-02-01,82.6625,74.475,109.025,100.8873,105.0714,105.2519,98.5937,110.7578,110.5587,111.1049,82.9722,62.7616,85.7757,53.8532,99.0218,108.2684
2010-02-02,81.3077,73.0428,109.036,101.1032,105.0817,104.8586,98.2306,110.7236,109.8419,110.4958,82.5553,62.2856,85.3852,52.7518,98.5724,108.3881
2010-02-03,81.5651,72.9832,109.031,100.6179,104.4867,104.722,97.7769,111.0065,109.1657,110.7525,83.1919,62.6302,85.846,53.6982,98.6845,108.3947
2010-02-04,83.0778,73.8177,108.9839,100.5345,104.3344,105.2688,98.0868,110.9451,109.749,110.4999,83.2541,62.8329,85.4186,54.8012,98.6366,108.3738
2010-02-05,83.1042,73.3866,108.7673,100.7018,105.3757,105.6622,98.5511,111.2044,110.4944,111.3524,83.5603,63.0806,85.0241,53.6647,98.6926,108.3547
2010-02-08,83.4081,72.854,108.4033,100.7768,105.6961,105.8131,98.5106,111.2431,111.6844,110.834,84.1789,62.9631,83.3553,52.7878,98.1519,108.3859
2010-02-09,81.1812,71.3027,108.6226,100.5438,104.3871,104.7795,97.7423,110.7984,110.0581,110.5562,83.8144,62.6413,83.1924,52.4925,97.1558,108.3615
2010-02-10,81.9652,71.4224,108.502,100.2428,104.1524,104.8603,97.7277,110.7307,109.8181,110.3162,83.3551,63.9161,83.2851,52.2526,97.1308,108.3751
2010-02-11,82.6032,72.244,108.5305,100.4248,105.7967,105.4489,98.1208,111.5091,110.6511,111.0055,84.2135,64.2553,84.0277,52.594,97.0047,108.4829
2010-02-12,81.9064,71.2618,108.29,99.8662,104.1874,104.4957,97.3301,110.718,109.8555,110.267,84.1274,64.5579,83.7387,51.6155,96.6419,108.5109
2010-02-15,82.523,71.377,108.3858,100.06,104.7174,104.9884,97.6824,110.9584,110.0616,110.5011,83.5927,65.5853,83.8134,51.7768,96.3195,108.5376
2010-02-16,84.2181,72.5422,107.9364,99.492,105.5268,105.4807,97.8335,110.8439,109.9578,110.2562,84.0342,65.9812,84.0971,52.0393,96.7436,108.5604
2010-02-17,82.15,71.6579,107.8565,99.2787,104.5042,105.5563,97.8079,110.5662,108.7584,110.111,83.233,66.6451,82.486,50.834,96.9055,108.5419
2010-02-18,81.2796,71.8994,107.4592,98.8924,105.0729,105.4767,98.0907,110.7087,108.5527,110.7263,82.9415,65.6637,83.005,50.2254,96.3852,108.5416
2010-02-19,81.6322,71.8279,107.7033,99.3472,106.2527,106.1285,98.1403,111.2102,109.4036,110.7699,83.6106,66.0919,83.0853,49.8753,96.2387,108.5582
2010-02-22,82.6489,72.2936,106.819,98.7746,107.1569,106.4329,98.4067,111.0484,108.9333,110.4472,83.4217,65.6211,82.6429,50.3111,95.8334,108.5728
2010-02-23,81.6243,71.6539,106.0597,98.4376,106.35,106.678,98.2544,110.1505,108.4261,109.3967,83.1762,65.4589,81.7995,49.0345,95.1419,108.5481
2010-02-24,83.2687,71.8996,105.8491,98.1751,108.3265,107.0664,98.6138,111.0765,108.9674,109.5843,82.8118,65.8846,82.315,48.5967,94.4084,108.5022
2010-02-25,83.619,71.9687,105.675,97.7805,107.6625,106.6857,98.2322,110.405,108.4915,109.0393,83.4652,65.8408,82.7172,48.4493,94.7663,108.5215
2010-02-26,82.8696,71.5499,105.9794,97.6707,108.1949,106.7962,98.2812,111.1377,108.2006,109.0267,83.4865,66.1359,82.0332,48.0081,94.1422,108.5289
2010-03-01,82.8988,70.9473,106.4834,98.5323,109.0283,107.7433,98.8523,111.8688,108.7475,109.5393,83.8176,65.4593,82.7718,48.4096,94.088,108.5508
2010-03-02,82.4673,70.9616,106.5976,98.7288,109.1008,107.6184,98.8396,111.3946,108.6504,109.4605,83.5714,66.4128,83.1436,47.9276,93.8667,108.5328
2010-03-03,80.6932,70.0352,106.5644,98.7877,107.7545,106.6915,98.7079,110.8387,108.3776,109.3624,83.4229,65.7889,82.9084,47.3502,93.3749,108.4966
2010-03-04,81.0767,70.1759,106.2147,98.6546,107.7778,106.5037,98.679,110.2511,108.7378,109.604,83.5701,66.5224,83.1678,47.3427,92.7411,108.4798
2010-03-05,80.7079,69.8301,105.9478,98.1833,106.8751,105.7929,97.9691,109.9987,108.1821,109.06,83.4273,67.3707,83.9938,46.6409,92.3713,108.5292
2010-03-08,81.5523,70.4328,105.89,98.0155,108.0918,106.7042,98.543,110.762,108.7508,109.1754,83.7695,66.6381,84.0666,46.2757,92.4611,108.6135
2010-03-09,81.1438,69.8663,105.8473,98.7477,108.0177,107.2772,98.978,110.1993,109.7681,109.38,84.5505,66.7481,84.4026,45.7238,92.1249,108.6339
2010-03-10,80.3479,69.5285,105.7597,98.685,106.7623,106.9995,98.6003,109.7435,109.2916,109.1806,84.4431,66.4595,84.6726,45.234,92.9365,108.5541
2010-03-11,82.4256,70.6623,105.7553,99.0444,108.5248,108.4306,99.7998,109.7944,109.3567,109.515,85.5012,66.441,85.6474,46.568,93.6495,108.5512
2010-03-12,82.3137,70.5613,105.7896,99.0468,107.7103,108.5889,99.206,109.6405,109.1619,109.3626,86.0061,67.0222,86.2689,46.9754,93.7738,108.6166
2010-03-15,81.6914,70.8568,105.411,99.2731,108.9194,109.5751,99.9154,109.3496,109.4194,109.5362,86.0577,66.9225,85.8992,46.46,93.1375,108.6612
2010-03-16,83.2377,71.7761,105.4929,99.2575,109.7038,110.2495,99.7629,109.807,110.1785,109.2709,86.9058,66.8769,86.0765,47.0904,93.594,108.688
2010-03-17,83.1564,72.7851,105.54,99.0415,110.1842,110.4581,99.7702,109.8343,109.5508,109.2894,87.6279,67.036,86.7771,48.0679,93.6081,108.6393
2010-03-18,82.8978,73.0594,105.7082,99.4359,109.9805,110.919,100.7966,109.7694,109.5367,109.5129,86.8775,67.4364,87.2516,47.6748,94.1062,108.6656
2010-03-19,82.3098,72.2341,105.8722,99.4643,110.2425,111.1052,100.4124,109.9078,108.7754,109.5955,86.2735,66.9622,87.2282,47.5024,93.947,108.7383
2010-03-22,81.828,71.3909,105.8289,99.3651,109.8347,110.3861,99.6897,109.9635,108.6281,108.9725,85.8907,66.8893,86.038,46.7637,94.1196,108.7807
2010-03-23,80.1601,71.1661,105.3808,99.186,109.4436,110.424,99.8054,110.19,108.2603,108.7078,85.4005,67.0874,85.4608,45.976,93.5061,108.8493
2010-03-24,80.706,71.6764,105.4566,99.0522,110.0089,110.4311,99.7559,110.5692,108.3577,109.0534,85.7757,67.6643,85.4032,46.5951,93.6145,108.8399
2010-03-25,78.3255,69.8769,106.0556,99.4128,108.6528,109.7718,99.3174,110.6134,107.2532,109.236,84.9414,67.0634,85.6317,45.8021,93.7161,108.8145
2010-03-26,79.8121,71.229,105.6829,98.8025,108.8323,109.9528,99.726,110.5326,107.3159,108.9227,84.9679,68.0115,85.9808,45.986,93.9626,108.7001
2010-03-29,81.5608,72.6412,106.0972,98.9393,109.2911,109.8116,99.9454,111.2299,107.5821,109.0149,85.7796,69.4002,88.0312,47.6722,94.3053,108.7777
2010-03-30,82.264,72.3644,106.1618,99.0523,109.3509,110.4343,100.4933,111.4032,107.6868,108.611,85.9498,69.7102,87.2931,47.66,94.137,108.8746
2010-03-31,83.5726,73.2097,106.2401,98.4248,110.1895,110.01,99.8498,111.6583,107.1621,108.3155,87.4736,70.3283,87.413,48.9126,94.1731,108.8615
2010-04-01,82.7104,73.1392,106.0765,98.4247,110.0168,109.5462,99.6961,111.2798,107.1266,107.9777,87.632,69.8551,87.2372,48.2578,94.2797,108.8519
2010-04-02,82.5838,72.7054,106.4789,98.743,109.9565,109.5314,99.6663,111.7377,107.407,108.603,87.2396,69.8804,87.5619,48.5538,94.1452,108.8868
2010-04-05,82.0154,72.9615,106.7116,98.6921,109.6895,108.6138,98.9017,111.4544,106.9028,108.1905,86.8734,69.1884,88.4478,48.9224,94.1095,108.8428
2010-04-06,81.8445,73.5573,106.7121,99.0416,110.177,108.5457,98.8822,111.6498,107.1755,108.0786,86.2104,69.4771,89.0854,49.2033,94.0263,108.8431
2010-04-07,81.5056,73.3461,106.7288,98.8165,110.5726,107.8438,98.3548,111.7168,106.7907,108.1311,85.4653,69.3724,88.4621,48.297,94.8027,108.9048
2010-04-08,82.2248,74.0914,106.8638,99.1285,111.5621,108.0591,98.7223,112.0197,107.0291,107.9685,85.3723,69.2328,89.2017,48.5176,95.3993,108.9193
2010-04-09,82.8924,74.5791,106.3315,98.5403,110.508,107.3481,98.224,111.4547,106.3024,107.267,85.3559,69.5555,89.8542,49.1709,95.6172,108.9046
2010-04-12,84.863,74.8126,106.6512,98.9575,111.6621,107.6702,98.8468,111.9477,106.7276,107.7614,86.0496,70.6469,90.1867,50.0746,96.4407,108.9217
2010-04-13,85.3152,75.8334,106.8555,99.4858,112.1454,108.6742,100.09,112.1932,107.5254,108.1584,86.8216,70.8072,90.4419,50.827,96.7191,108.9398
2010-04-14,85.1148,75.5034,106.4755,99.3111,112.3417,108.9373,99.7623,111.9782,107.4593,108.358,87.1643,70.4473,89.8997,50.8088,96.5104,108.9759
2010-04-15,86.1766,75.8401,106.3658,99.2606,112.7461,109.1831,100.4658,111.7925,108.2113,108.769,87.9497,70.0312,89.137,51.6144,95.9613,108.9138
2010-04-16,86.2648,76.2471,106.3705,98.9409,113.004,108.6871,100.1786,111.8792,107.6751,109.0118,88.0809,70.5545,90.091,51.998,95.9606,108.8706
2010-04-19,85.948,76.2949,106.4214,98.6491,112.9241,107.9721,99.7792,112.3786,107.5184,108.4709,87.4685,71.0251,89.5875,51.5302,95.7397,108.907
2010-04-20,85.7179,76.6703,107.0339,98.9765,113.6956,108.4286,100.4451,113.2307,107.3544,109.1429,87.505,70.8085,89.1495,52.9703,95.6384,108.9089
2010-04-21,85.4793,76.0164,107.1379,99.3154,114.247,108.8124,100.2438,113.0563,106.9553,109.589,87.3912,70.2933,89.0687,53.0901,96.2073,108.9436
2010-04-22,86.0284,76.854,107.4861,99.4681,114.5824,108.9077,100.171,113.0483,107.2274,110.0562,87.3714,71.9084,88.7384,54.0459,96.4547,108.966
2010-04-23,85.5695,76.0834,107.42,99.7706,114.6527,109.0508,99.9612,112.9062,107.1135,109.8146,87.8826,72.111,88.2641,54.1391,96.1936,108.9351
2010-04-26,85.4391,75.8138,107.0308,99.7445,114.8592,108.3083,100.1502,112.5919,107.0732,109.7036,88.181,71.9662,87.9275,54.091,95.893,108.9436
2010-04-27,87.0765,76.9565,106.8738,99.3032,114.7687,108.4278,99.7339,112.4167,106.6309,109.5279,87.9071,72.6063,89.0952,55.3009,96.331,109.0672
2010-04-28,85.1621,75.9575,106.8209,99.1525,113.9589,108.2041,99.4494,112.2299,106.3889,109.777,88.1127,72.2319,88.6564,54.185,95.7783,109.1139
2010-04-29,82.9362,75.4638,106.3275,98.3031,111.7087,107.1738,98.7781,111.6497,104.8444,108.8879,87.5891,72.4556,87.3475,54.0611,94.8895,109.1039
2010-04-30,83.0262,75.4155,106.3406,98.3492,112.2488,107.6123,98.4761,112.2585,104.9748,108.7958,87.5421,72.2015,86.8502,54.0497,95.2982,109.1406
2010-05-03,81.2355,75.0086,106.8306,98.6095,112.288,107.7059,98.4176,112.4617,104.5735,108.791,87.409,71.5342,86.4465,53.9409,94.6219,109.2227
2010-05-04,81.4194,74.6382,106.7762,98.4697,110.7059,107.2934,98.3189,112.4277,104.6128,108.8303,87.2768,72.6388,86.3942,53.859,94.9848,109.2537
2010-05-05,82.4829,75.4784,106.4134,97.8985,109.691,106.4523,98.1726,112.378,104.5935,108.7237,87.4176,72.1308,87.1816,55.0228,95.2564,109.3074
2010-05-06,82.8483,75.6978,106.2896,97.6518,110.4977,106.3717,97.9039,112.236,104.7907,108.8856,88.4634,71.4032,85.7971,55.7824,95.1172,109.3121
2010-05-07,81.76,75.4347,106.6293,97.7882,110.8324,106.1502,97.5824,112.3032,103.8343,109.1922,87.9798,71.1,86.5444,55.8647,95.4444,109.2519
2010-05-10,80.332,73.9915,106.974,97.9549,110.4906,105.8381,96.9359,112.2082,102.9365,109.0501,87.8643,70.893,85.9146,55.62,95.1234,109.2559
2010-05-11,80.7962,74.2538,107.1281,98.1893,109.9482,105.7114,96.9476,112.0933,103.3201,108.8658,88.5308,71.3679,86.4588,55.8573,95.7551,109.3063
2010-05-12,80.3037,73.9121,106.2979,97.6668,110.1013,105.8154,96.9792,111.5553,102.442,108.902,86.61,69.8635,86.1346,54.8448,95.6181,109.3145
2010-05-13,79.7848,73.2518,106.5746,98.0569,110.435,105.9762,97.0567,111.5809,102.7668,109.3953,86.1895,69.1153,85.4029,54.9089,95.1644,109.366
2010-05-14,77.8956,71.9368,107.0586,98.7848,110.6872,105.8967,97.2262,112.0827,102.7413,109.764,85.8354,68.4509,84.9611,54.1617,94.8811,109.4053
2010-05-17,78.2588,72.8674,106.5312,98.3907,111.1387,106.4162,97.33,112.0764,103.2133,109.8939,86.0511,67.3771,85.7057,53.6872,95.1072,109.3568
2010-05-18,75.8069,72.0489,106.7062,98.2569,110.9002,106.2234,96.5812,111.6889,102.0578,109.8043,85.4276,66.287,85.0157,52.8822,94.6096,109.3838
2010-05-19,75.8996,72.0209,107.0679,98.4774,110.3965,106.6759,97.2056,111.9011,101.5827,110.1748,86.2332,67.3541,86.0276,53.7184,94.8405,109.4091
2010-05-20,75.4112,71.7336,106.9346,97.8075,109.4917,106.1066,97.0448,112.069,100.8919,110.2036,85.9635,66.4254,85.3917,53.5567,94.9631,109.3966
2010-05-21,75.9547,71.8568,106.8718,97.8436,109.598,106.2463,97.0372,111.7404,101.0424,110.2775,86.1347,66.3224,85.7752,53.7638,95.0978,109.4178
2010-05-24,76.049,71.1875,107.236,97.8819,108.1598,105.4357,96.4224,111.5105,100.9301,110.0485,86.4425,66.5325,86.4674,53.8578,95.4741,109.4051
2010-05-25,74.7755,69.9385,106.9611,97.6519,107.6192,104.8206,96.1542,111.0437,100.3852,110.2522,86.0191,66.3824,85.1255,52.8766,94.9362,109.446
2010-05-26,76.4508,70.5903,107.4378,98.1247,109.2385,106.1638,96.542,111.8188,101.648,110.6426,87.4518,65.6512,84.8374,54.0899,95.3865,109.4776
2010-05-27,76.1318,70.0811,107.1893,97.9979,110.246,107.343,96.6494,111.983,101.064,110.6908,86.567,65.3797,84.6116,53.6141,94.4025,109.5261
2010-05-28,76.0079,69.4006,107.1473,97.9091,109.742,107.6257,96.4707,111.726,100.642,110.3192,85.9701,66.2203,83.3005,53.1082,94.3962,109.5184
2010-05-31,74.6871,69.3179,107.2659,97.4204,108.6118,106.7679,95.3746,111.5278,100.008,109.9878,86.145,67.0408,81.89,53.3004,94.0992,109.5706
2010-06-01,74.3488,69.557,107.2789,97.5752,109.4993,106.6543,95.1152,111.5318,100.2419,110.3093,86.5435,67.4651,81.4259,53.0725,94.5262,109.5599
2010-06-02,76.0756,70.8507,107.3375,97.9605,110.4864,107.8214,96.2709,112.033,101.8704,110.9638,87.585,67.7442,82.311,53.6158,94.9132,109.5948
2010-06-03,76.7842,70.6788,107.186,97.8789,110.4343,107.5518,96.3851,112.1832,101.9848,111.0716,87.378,68.1291,82.8956,53.863,94.5341,109.689
2010-06-04,76.2485,70.3959,107.9409,98.5365,110.048,107.556,96.7594,113.1286,102.7925,111.3367,88.3825,68.2358,83.0949,54.4157,94.456,109.6637
2010-06-07,76.8956,70.9299,108.2719,98.7711,110.6073,108.0613,96.7791,113.1573,103.4706,111.8824,88.8928,67.5312,84.0455,54.621,95.0015,109.7383
2010-06-08,78.1201,70.9923,108.1686,98.463,109.8643,107.841,96.4508,112.8341,103.1144,111.8135,88.5753,67.6577,86.0896,55.4371,94.7183,109.7663
2010-06-09,77.5932,70.5644,108.5273,98.9288,110.3864,107.9478,96.5751,112.8985,103.1876,111.9091,88.3709,67.8753,85.1917,55.3285,94.6458,109.7483
2010-06-10,78.5094,71.3236,108.7586,98.7539,111.6605,108.2512,96.7205,113.5194,102.9822,112.1046,88.3074,68.8598,86.6504,55.0041,95.0179,109.78
2010-06-11,79.9273,72.1856,108.5514,98.6172,112.6986,108.7676,97.0741,113.4682,103.4776,112.1503,88.6061,68.9276,87.0024,55.6201,94.6557,109.769
2010-06-14,79.4543,71.5801,108.7705,99.0595,113.1759,108.4322,97.0687,113.9714,103.7927,112.3699,87.9353,68.5002,88.0859,55.1865,94.1328,109.7905
2010-06-15,78.7531,71.1507,108.4638,98.7148,112.5755,108.2711,96.9739,113.8281,103.6531,111.9359,88.3369,67.4735,87.5917,54.6462,93.5766,109.7747
2010-06-16,78.3095,70.5023,108.7327,98.3158,111.6128,107.3165,96.0526,113.9546,102.9645,111.6533,88.1759,68.3173,88.4333,53.7854,93.6337,109.8099
2010-06-17,78.5383,69.4423,108.1473,97.8711,110.8365,106.8633,95.7413,113.6056,102.6444,111.3395,87.818,66.6936,87.9464,53.2106,93.6774,109.7889
2010-06-18,78.1064,69.2315,107.8942,97.2444,109.6354,105.7407,94.9732,113.0946,101.8715,111.0103,87.8129,66.978,87.2808,53.1862,93.8956,109.7468
2010-06-21,79.2454,69.6378,107.7664,97.237,110.4309,106.5738,95.5861,113.9788,102.6913,111.6598,88.3153,67.6114,88.4397,53.0983,93.8532,109.7344
2010-06-22,79.8333,69.5102,107.3369,97.3529,110.2841,106.8069,95.922,113.6766,102.6837,111.2191,87.8611,68.4637,88.4,52.463,94.3825,109.7097
2010-06-23,79.7307,69.4227,106.7718,96.9877,110.6699,106.8865,96.2699,113.1062,102.0814,111.4133,87.6214,67.6386,87.5527,52.3687,94.2619,109.6948
2010-06-24,78.0269,68.7837,106.6411,96.609,109.4625,105.3744,94.9656,112.2979,101.2908,110.5932,87.0091,67.8102,87.3313,51.3243,93.7525,109.7272
2010-06-25,78.0697,68.3153,106.6727,96.4549,109.1081,104.9266,94.4598,112.3651,101.3664,110.1056,87.4875,67.7136,86.7198,51.4615,93.1934,109.7256
2010-06-28,76.9198,68.1441,106.832,96.5551,107.8727,104.7524,94.4577,111.9873,100.8653,109.9475,87.311,68.9208,86.9712,50.9295,93.4371,109.7087
2010-06-29,78.5808,69.289,106.5877,96.4127,108.9869,105.4073,94.9173,112.359,101.1524,109.9562,87.7034,68.8078,86.9595,51.5908,94.3651,109.7645
2010-06-30,78.8759,69.7494,106.3696,96.4467,109.0042,105.7442,94.9454,112.4356,101.2745,109.6877,87.707,69.1422,87.674,51.9454,94.1999,109.7929
2010-07-01,79.762,70.9102,106.3955,96.043,108.7577,105.6472,95.3556,113.0275,100.9019,109.4269,87.3707,69.6167,88.0924,53.0472,94.4978,109.8143
2010-07-02,80.7838,70.9044,106.3258,95.9603,108.9295,106.0172,95.1516,113.2143,101.1457,109.8255,87.4379,70.133,88.4105,53.7327,94.3054,109.8769
2010-07-05,81.2585,71.1918,105.773,95.2777,109.0732,105.5867,94.83,112.9987,101.5875,109.8595,87.6229,69.4216,86.6216,53.7222,93.9436,109.8276
2010-07-06,81.4666,71.6421,106.4162,95.5592,109.2666,105.4998,94.985,113.6245,102.133,110.3182,87.3386,69.6259,87.7311,53.7921,94.2364,109.8696
2010-07-07,82.3478,72.1636,106.2361,95.1752,108.0524,105.6676,95.1539,113.8668,101.5864,109.942,87.3984,70.7791,87.6351,55.0708,94.6276,109.9376
2010-07-08,81.1087,72.438,105.7097,94.8038,107.5564,105.2228,95.0389,113.162,101.7695,109.6088,87.5075,70.5816,87.5252,53.2383,94.5003,109.9603
2010-07-09,79.4301,71.9747,105.6307,94.409,105.1144,104.3592,94.694,113.102,101.7257,109.2566,87.3233,70.1069,87.2556,52.4085,94.2614,109.9359
2010-07-12,81.8565,73.7915,104.6456,93.8378,106.4395,104.8225,94.9696,112.6862,102.4661,109.2697,87.695,70.5182,87.3188,53.0787,94.2759,109.9619
2010-07-13,84.3398,75.3907,104.6449,93.8335,107.4766,105.2537,95.1462,113.116,103.3803,109.163,88.2044,71.4369,88.6099,54.0541,94.6787,109.9915
2010-07-14,84.2419,74.9619,104.9543,93.9065,106.6286,104.8962,94.7518,113.0067,103.2206,109.3698,89.1557,71.1049,89.1753,54.1228,95.8103,110.0041
2010-07-15,82.8448,74.3873,105.3536,94.322,106.0759,105.0681,94.8672,113.2973,103.1884,109.6021,88.5498,71.8307,88.7114,53.4815,95.9587,110.0976
2010-07-16,83.8511,74.5133,105.2167,94.1994,106.6872,104.9847,94.5655,113.1538,103.3135,109.7117,88.4138,71.4969,89.2271,53.5749,96.0761,110.1045
2010-07-19,81.8241,73.6261,104.6516,93.893,106.293,104.1569,94.3254,112.5417,102.6708,109.2772,87.6445,70.3789,88.1423,51.7237,95.8333,110.1063
2010-07-20,81.2724,73.2919,103.9342,93.5496,106.0826,104.2272,94.2653,112.1763,102.8474,108.8991,87.0772,70.4052,87.1404,50.5469,94.9749,110.2051
2010-07-21,81.0727,72.9357,103.6461,93.3395,105.03,103.8912,94.2884,111.7973,102.8542,108.642,87.4834,70.5373,87.6535,50.3174,94.3953,110.2374
2010-07-22,79.6922,72.7774,103.9711,93.5417,104.6455,103.4473,94.1553,111.9666,102.318,108.8998,87.1963,69.677,87.9845,50.7252,94.6147,110.2327
2010-07-23,78.116,71.6032,104.1056,93.9164,104.3747,103.9027,94.7868,111.9282,101.3838,109.1146,86.3327,69.331,87.0118,50.1335,94.8396,110.1962
2010-07-26,78.5741,71.792,104.3606,94.4817,104.9111,105.0271,95.9493,112.7069,102.1392,109.3632,87.6399,69.2648,87.3059,50.8476,94.7111,110.2137
2010-07-27,77.9764,71.1641,104.2074,93.95,104.2028,104.7025,95.5683,111.9124,101.3864,109.5444,87.4922,68.5221,86.77,50.5239,94.2873,110.1828
2010-07-28,76.7715,70.0013,104.8667,94.1567,103.4013,104.7258,95.1966,112.2085,100.768,109.7277,87.4435,69.4098,87.1035,50.1688,94.004,110.121
2010-07-29,77.3308,70.1313,104.6602,94.0145,103.7594,104.4234,94.9149,112.1698,100.3977,109.2299,87.5414,70.5429,88.0005,50.2407,93.7571,110.1402
2010-07-30,76.6973,69.6818,105.0983,94.0694,102.5789,103.7746,94.5644,111.8263,99.8294,109.2492,87.3189,70.0309,89.1511,50.685,93.6337,110.1394
2010-08-02,76.3785,70.4927,104.911,93.6434,100.9798,102.7661,94.074,111.3708,100.3355,108.7855,87.8635,69.9929,88.4667,51.019,93.7044,110.1785
2010-08-03,77.6803,70.9264,105.0686,93.6736,100.5065,102.872,94.177,111.6016,100.8199,108.9869,87.7243,70.3275,88.5509,51.6484,94.6701,110.2141
2010-08-04,76.9811,70.1548,105.0928,93.9232,102.043,102.8905,93.9327,111.4628,100.653,109.4252,87.2704,69.4801,88.1618,50.726,94.3864,110.2608
2010-08-05,78.6388,71.0409,105.5539,94.7361,104.22,103.8767,95.295,112.3173,101.6661,110.0755,87.8428,69.5749,88.6172,51.0503,95.7153,110.2176
2010-08-06,78.5397,71.0101,105.7623,94.6987,103.9154,103.5091,95.3682,111.7999,101.6931,110.1801,88.512,69.1581,87.5222,51.7015,95.4429,110.2733
2010-08-09,79.6603,71.6699,105.9619,94.8692,104.1328,104.0012,95.3786,111.9732,103.2802,111.2011,89.3789,68.0744,86.9168,52.9873,95.6487,110.282
2010-08-10,79.1784,71.5881,105.9589,94.6891,103.4061,103.5924,95.1486,112.1991,103.1298,110.8488,89.6535,68.5297,86.866,52.8196,95.7372,110.2129
2010-08-11,80.2802,71.7485,105.8666,94.5193,103.5482,103.1464,95.1235,111.7896,102.9681,111.3517,89.5109,69.246,87.2697,53.5835,95.7363,110.2505
2010-08-12,80.3752,71.5951,105.8496,94.5506,103.5171,103.2713,95.309,111.866,103.0551,111.2165,89.5264,70.0361,87.9396,52.6605,95.8628,110.193
2010-08-13,79.5438,70.9694,105.825,94.5715,103.8625,102.9478,95.4906,112.0767,102.1936,110.9786,88.9063,69.1267,88.1637,52.214,95.7093,110.2513
2010-08-16,79.2492,71.1228,105.6666,94.696,104.383,103.2691,96.3643,112.1443,102.2846,111.1818,88.4215,68.5714,87.6935,52.1134,95.2877,110.276
2010-08-17,79.4531,71.4142,105.8514,94.8245,103.7108,102.8439,96.2051,112.1503,102.5357,110.9513,89.1874,68.2287,88.3929,52.9168,95.6116,110.3103
2010-08-18,79.8892,71.2842,106.0146,94.9661,102.656,102.8079,96.6645,112.2966,102.9249,111.0495,89.5263,68.4978,88.4065,53.4818,95.7308,110.3348
2010-08-19,78.9067,70.7338,106.0602,94.5528,102.0647,101.7055,95.2583,111.6196,101.7623,110.6334,89.1927,68.5648,87.857,53.644,95.5629,110.3333
2010-08-20,79.641,70.8013,105.8117,94.723,102.9287,101.7843,95.6478,111.3335,102.0816,110.497,88.4668,67.9994,86.764,53.3256,95.9431,110.3105
2010-08-23,77.2703,69.4027,105.5892,94.6044,102.0756,101.3777,94.8996,110.7793,101.1149,110.265,87.8277,67.5422,86.4486,52.1175,95.0747,110.3449
2010-08-24,76.0208,68.1072,105.5059,94.4145,101.2319,100.9264,94.4532,110.7618,100.7427,110.1603,87.3993,67.4449,85.4475,50.9745,94.6702,110.3247
2010-08-25,76.131,68.5261,105.5403,94.7641,101.0356,100.9841,95.2063,110.7976,100.9308,110.1434,87.4237,67.2459,85.9583,51.7818,94.6698,110.3267
2010-08-26,78.1384,69.706,105.1146,94.3486,101.8156,101.2123,95.18,110.9164,101.3824,110.4847,88.0757,67.3228,86.4478,53.2647,94.7795,110.3422
2010-08-27,80.6197,71.4967,105.0305,94.313,103.0631,102.0292,96.0388,111.6787,102.3448,110.9698,88.9065,67.7822,87.6779,54.4367,95.5869,110.3788
2010-08-30,81.9143,71.8716,104.6738,94.0327,103.5639,101.7951,95.5164,111.4436,103.07,110.5074,89.1112,67.5097,86.7725,54.4207,95.5561,110.3673
2010-08-31,82.2521,71.7485,104.4582,93.8033,103.257,101.2422,95.2783,110.9564,103.6002,110.3167,89.0924,66.3697,86.5308,53.6291,95.6861,110.3315
2010-09-01,83.8701,71.698,105.1722,94.3617,102.798,101.3748,95.565,111.7917,104.4177,110.4245,89.1421,66.9833,88.1715,54.511,96.1096,110.3084
2010-09-02,83.3014,71.7979,105.9784,94.8749,102.8275,101.4176,95.5942,112.1941,104.6853,110.9519,89.5513,66.7286,89.1094,54.7394,96.7194,110.3976
2010-09-03,83.5368,72.402,106.5672,95.5922,103.7863,101.9846,95.9475,112.761,105.5862,111.3325,89.7131,66.6373,90.5465,55.4563,96.4432,110.3889
2010-09-06,84.0343,72.1574,106.4499,95.3865,103.7486,101.8254,95.4907,112.923,105.5548,111.2303,89.6612,66.655,90.2323,55.4499,96.6684,110.4615
2010-09-07,82.6558,71.5423,106.8429,96.0485,104.7373,102.2642,95.9418,113.2303,105.3113,111.7086,89.001,65.825,90.6918,55.0595,96.2915,110.4711
2010-09-08,80.7733,70.8315,106.7969,95.7247,104.7879,102.0176,95.1847,113.5913,104.8368,111.8079,88.4641,65.8224,89.8587,53.7237,95.8084,110.4754
2010-09-09,80.1808,70.3565,107.2138,95.5535,103.6781,101.5231,94.4631,113.3417,104.3339,111.5965,88.6235,65.8203,90.7063,52.9759,96.3689,110.5243
2010-09-10,79.49,69.8301,106.1121,94.7725,103.5961,100.6427,93.7349,112.2427,102.9706,110.6695,87.2556,66.5538,89.8145,51.3432,96.0414,110.5009
2010-09-13,78.4667,68.8213,105.9819,94.9081,103.1588,100.8772,93.6131,111.6666,102.5704,110.5576,85.9641,66.465,89.2777,49.7541,96.186,110.5565
2010-09-14,77.3957,68.9289,105.5227,94.0647,102.1189,99.7684,92.8711,111.3068,102.0407,110.1605,85.4947,65.5802,89.1032,48.9499,96.0163,110.522
2010-09-15,77.3397,68.9144,105.7554,94.3361,102.3653,99.9493,92.6751,111.3674,102.2228,110.1742,85.6391,66.0994,89.1403,49.366,95.7155,110.518
2010-09-16,77.8375,69.5321,105.6829,93.8912,102.5279,99.5862,92.1534,111.029,101.8189,110.3917,86.0513,66.1957,90.254,49.4284,96.3977,110.5722
2010-09-17,75.4631,68.696,105.35,93.1851,100.7507,98.4494,91.5932,110.3114,100.8614,109.7883,86.0499,65.6627,89.0093,47.9355,95.9615,110.5167
2010-09-20,76.3944,68.6936,105.2251,93.3368,100.1673,98.0074,91.3055,109.927,101.65,109.3553,87.0239,66.0888,88.7908,48.5388,95.9733,110.5544
2010-09-21,76.9688,68.7172,105.2916,93.5675,99.6899,98.0113,91.6755,110.3687,102.2926,109.3635,88.3821,65.3412,89.8877,49.443,96.0372,110.4779
2010-09-22,76.3131,68.7507,105.5295,93.5667,100.2643,97.9936,91.4616,110.4625,102.1161,109.784,88.1668,65.2142,88.7111,49.1865,96.5249,110.4953
2010-09-23,77.1257,69.7895,105.5807,93.3972,100.7439,98.2152,91.4864,111.1386,102.43,110.0043,88.455,65.3604,89.8695,49.8312,96.7594,110.6281
2010-09-24,76.7166,69.7207,105.2123,92.9737,100.2567,97.8458,91.0175,111.5604,102.8206,109.6522,88.905,65.5505,90.366,49.1683,95.9126,110.6026
2010-09-27,77.6959,70.0435,105.0249,92.875,100.8279,97.9418,90.536,111.1326,102.2288,109.1476,89.2139,65.0578,91.3818,50.1355,96.0432,110.6365
2010-09-28,76.3629,69.2958,105.0404,92.7152,100.2005,97.5674,90.0919,111.324,101.2761,108.6798,89.0596,64.512,91.021,49.8937,95.9359,110.6658
2010-09-29,76.7921,69.5529,105.2158,92.6523,100.3499,96.8578,89.3871,111.2052,101.1612,108.4189,89.0345,63.9419,91.7316,50.9677,95.6109,110.6481
2010-09-30,78.3044,70.54,105.041,93.0111,101.869,97.9693,90.2678,111.2213,102.0074,109.0994,89.2971,64.3798,92.0398,51.5873,95.9361,110.6038
2010-10-01,79.0838,71.1703,105.007,92.6607,101.9393,97.8974,89.4595,111.024,102.0721,108.7423,89.5081,64.9485,92.6037,51.2324,96.6321,110.6581
2010-10-04,80.3434,71.8483,104.7201,92.619,102.5367,98.419,89.6755,110.7096,102.4332,108.7208,89.7351,65.5664,93.1567,51.1681,96.9668,110.6709
2010-10-05,78.7133,71.5252,104.662,92.1869,101.2337,97.2772,88.7468,110.2998,101.0678,107.9465,89.5058,66.3353,93.7473,50.6399,96.9519,110.6675
2010-10-06,78.7579,71.4786,104.9777,92.8303,102.4551,97.8879,89.3559,110.7756,101.8743,108.8042,89.7677,66.6094,93.6841,50.2074,97.4795,110.6564
2010-10-07,78.6681,71.2937,105.4021,93.3941,101.9237,98.0324,89.6946,111.0461,102.002,108.9799,90.712,67.3899,94.9551,51.0222,97.6211,110.7197
2010-10-08,79.059,70.8879,105.7008,93.2101,101.7154,97.1869,89.0425,111.266,101.8083,108.5825,91.3388,66.8913,95.7534,50.8175,98.0789,110.7083
2010-10-11,78.5288,70.2991,105.7029,93.3277,101.7575,97.4727,89.368,111.4703,101.828,107.9184,90.7284,66.1005,95.6753,49.6047,97.5756,110.7421
2010-10-12,77.0423,69.3894,105.4312,92.9921,102.0066,97.3031,89.171,111.2279,100.6675,108.3593,89.1894,65.8469,94.5302,48.5937,97.1907,110.7263
2010-10-13,77.3602,69.2438,104.9413,92.8145,101.5807,97.3721,89.555,110.7209,100.3555,107.7227,88.7922,65.7851,94.9813,48.3812,96.4361,110.7616
2010-10-14,78.2083,69.5228,104.8752,92.3895,101.2313,97.4242,89.5021,110.7525,100.061,107.5619,89.1792,65.8696,94.6276,49.4148,96.135,110.7763
2010-10-15,77.4564,68.6464,105.1389,92.2455,100.1503,96.8609,89.1266,110.5477,99.572,107.5348,88.7174,65.3287,94.3297,49.0015,96.1077,110.7858
2010-10-18,76.7334,67.9772,104.6715,92.0198,99.9322,96.6576,88.9501,110.0371,98.9781,107.3166,88.6976,65.0545,93.6304,48.3909,95.9464,110.7398
2010-10-19,76.4593,67.1874,104.3409,92.0113,99.3667,96.4334,89.0502,109.5885,98.8751,107.043,88.3539,65.5747,93.0803,47.6404,95.5757,110.7234
2010-10-20,76.5483,66.59,104.1883,91.3857,97.4318,95.5047,88.1412,109.1519,97.8397,105.7605,88.6799,65.9761,92.81,48.1779,95.3215,110.7015
2010-10-21,74.7087,65.4932,104.5484,91.5246,96.2607,95.427,87.8383,108.8782,96.8894,105.8877,87.9422,65.4009,92.7526,48.0974,94.9009,110.7558
2010-10-22,74.7306,65.6236,104.4987,91.4562,96.7045,95.9558,88.0119,108.9291,95.7336,105.5665,87.0058,65.6684,94.4096,48.3035,94.5549,110.8321
2010-10-25,76.7509,66.9413,104.4474,91.7652,97.688,96.7757,89.1082,108.943,96.1745,105.8494,87.3286,65.8273,94.23,50.1954,95.1857,110.8275
2010-10-26,76.8966,67.0509,104.3514,91.5788,98.2235,96.2102,88.972,108.8016,95.7527,106.0624,86.9029,65.6486,93.9699,50.6455,95.116,110.798
2010-10-27,76.0933,66.948,104.3058,91.5648,98.4519,95.5274,88.826,108.6226,96.2612,106.3406,86.3926,65.7708,92.5325,49.644,94.8809,110.8439
2010-10-28,77.4113,67.5765,104.157,91.5675,99.0256,95.8068,88.8993,109.1326,96.9118,106.0825,86.771,66.3041,93.3239,50.2562,94.5656,110.8463
2010-10-29,76.576,67.3586,104.322,91.7623,99.721,96.6165,89.0295,109.6238,97.1028,106.0214,86.2645,65.864,91.8679,49.4034,94.4449,110.8777
2010-11-01,77.534,66.9857,104.3848,91.8029,100.3819,96.6054,88.6282,109.6927,97.6268,105.7669,86.5081,66.2287,91.0172,49.117,94.3672,110.8723
2010-11-02,77.0346,67.7222,104.2876,91.7868,101.3406,96.6496,88.8409,109.5536,98.2985,106.4233,86.0392,65.4833,90.6023,48.4379,94.3125,110.8843
2010-11-03,79.3815,68.308,103.431,91.3048,101.5628,97.2264,89.4732,109.3008,98.2743,105.812,85.2869,65.7372,90.3125,48.9173,94.0889,110.8927
2010-11-04,80.3577,69.0628,103.3842,91.3247,101.6516,97.8088,89.8542,109.4049,98.6452,105.8065,85.8546,66.562,91.4075,49.6496,93.7449,110.9304
2010-11-05,80.4058,69.0961,103.5261,91.4434,102.2443,97.8589,90.0828,109.8599,98.0206,106.1491,85.7541,66.1234,91.3811,51.03,93.7489,110.971
2010-11-08,81.635,69.8882,103.6137,91.5641,102.8136,97.8198,90.328,109.9774,98.644,106.4181,86.1572,66.3938,91.9951,51.464,94.3944,110.9267
2010-11-09,79.9929,68.9254,103.4784,91.2935,102.1279,97.7467,89.9586,109.9694,98.6412,106.5592,85.4751,66.3227,91.7061,50.0311,93.1477,110.889
2010-11-10,79.4416,68.0805,103.4912,91.4758,101.6086,97.459,89.973,109.5171,98.834,107.2476,84.8746,67.0881,91.2837,49.4161,92.9679,110.774
2010-11-11,78.0669,66.8301,103.6106,91.657,101.1385,96.9936,89.7876,109.657,98.4641,107.2329,84.7586,66.7423,90.2963,48.5475,93.2592,110.7639
2010-11-12,77.746,66.5516,104.175,92.0927,100.9245,97.2933,90.1979,109.8199,98.3084,107.7978,85.476,67.2258,89.6318,49.8278,93.2538,110.8242
2010-11-15,77.4876,66.2503,104.4703,92.0954,100.771,97.0161,89.3519,109.799,98.3057,107.7078,84.8177,67.3726,90.6645,49.0873,93.2818,110.8111
2010-11-16,77.8768,66.3329,104.234,91.9131,101.2086,96.8618,89.0453,110.0243,98.6559,107.4201,84.5505,67.2424,91.5959,48.151,93.1935,110.7908
2010-11-17,78.1166,65.729,104.5437,92.2188,101.4197,97.0169,89.117,110.4334,98.203,107.7791,84.5582,67.9868,92.9008,48.5761,93.2082,110.8274
2010-11-18,79.807,66.3524,104.6761,92.5873,102.7614,97.6761,89.4457,110.8265,99.271,108.2112,85.7601,68.7532,94.3694,49.2206,93.1607,110.8478
2010-11-19,78.8646,65.7882,104.2262,92.3688,102.8326,97.6437,89.0277,110.4802,99.4121,107.589,85.4051,67.3868,92.8846,48.1086,92.3941,110.8731
2010-11-22,78.7214,65.708,103.7518,91.8407,102.3198,96.5574,88.6293,110.1174,98.8205,107.0134,85.5963,67.0531,92.7109,47.7731,92.6651,110.9393
2010-11-23,77.4924,64.5377,103.2352,91.6973,101.6272,96.4342,88.3871,109.4907,98.4223,106.5289,85.3443,66.874,90.5334,46.7074,92.3154,110.9065
2010-11-24,78.7388,65.6556,103.041,91.8579,102.4199,97.1916,89.127,109.9515,99.8365,106.9878,85.5761,66.3589,91.242,46.3172,93.2302,110.9273
2010-11-25,80.1975,66.9121,103.0022,92.0491,104.1338,98.025,89.8185,110.6161,100.8837,106.8251,86.1488,66.9194,91.6015,46.7817,92.8454,110.9105
2010-11-26,81.3719,67.4141,102.9179,91.9319,104.3642,98.413,89.8463,111.2248,101.4206,106.6752,86.2957,66.0209,92.3371,47.3623,92.8976,110.9447
2010-11-29,82.3872,67.7738,102.4414,91.543,105.2658,98.7272,90.204,111.6907,101.0044,106.3109,86.5424,66.8076,93.1265,47.7454,92.0821,110.9117
2010-11-30,83.0592,68.4898,102.408,91.9229,106.1916,98.973,90.2415,111.5216,102.0109,106.3057,86.3011,67.4897,93.2655,47.4633,92.2992,110.9074
2010-12-01,83.4349,68.8268,102.9621,92.557,107.2394,99.472,90.6672,112.482,102.704,107.0569,87.4065,68.1136,94.2628,48.2955,92.6176,110.9397
2010-12-02,82.678,68.5423,102.7482,91.8732,106.0197,98.5671,89.8399,111.9086,101.9936,106.7356,87.3123,69.0931,93.7217,48.3093,91.6141,110.9026
2010-12-03,81.6317,67.8589,103.3082,92.3007,105.4453,98.2334,89.2188,111.5871,101.4139,107.0888,86.834,69.3794,92.9464,49.061,92.0364,110.9091
2010-12-06,80.3245,67.4076,103.4071,91.8674,104.0616,96.7191,88.319,111.0864,99.9165,106.8847,86.8694,69.8901,92.5208,49.9956,91.8498,110.9301
2010-12-07,79.639,67.2647,103.7896,91.9855,103.5522,96.3739,88.3146,110.9507,99.0842,106.7337,86.0839,69.9921,92.9669,50.1152,92.119,110.9588
2010-12-08,80.3511,67.9754,104.1011,91.8418,104.2373,96.7532,88.1372,111.1626,99.066,107.0916,86.9273,70.2814,93.3586,50.9383,92.4377,110.9575
2010-12-09,83.11,69.2226,104.5783,92.457,106.008,98.1325,88.6605,112.148,100.7928,107.8457,88.5614,70.0137,93.7374,53.1472,92.9816,111.0447
2010-12-10,83.9844,69.231,104.589,92.3304,106.4599,98.3778,87.9126,111.8471,100.7805,107.7558,89.0399,71.2098,94.0481,53.1954,92.99,111.1104
2010-12-13,85.4704,70.2045,104.4337,92.2756,106.875,98.5591,88.1186,111.6942,101.2228,107.9419,89.0429,71.4036,95.2067,53.8412,93.1934,111.1255
2010-12-14,86.1424,70.2596,103.9701,91.9968,106.6463,98.8045,88.6246,111.5939,100.7021,107.3247,88.3454,71.2119,94.4334,53.9957,93.12,111.1364
2010-12-15,86.6498,70.4562,103.8938,91.8547,106.2758,99.1281,88.9064,111.9175,101.0497,107.3218,88.0337,71.1154,93.8388,54.2791,92.9239,111.1133
2010-12-16,86.6878,70.3088,103.4781,91.3073,105.7233,98.1574,88.7107,111.2777,99.9724,106.8381,87.4031,71.4837,92.6959,54.7855,92.6435,111.0658
2010-12-17,85.4836,70.3345,102.6453,90.7622,105.5377,97.7614,88.4542,110.5731,100.0603,106.2853,87.0454,71.6483,90.9411,52.7528,92.3663,110.9962
2010-12-20,86.8814,71.3101,103.2442,91.3518,105.6457,98.0839,88.986,111.1715,101.1685,106.628,88.463,71.1263,93.1831,54.4608,92.8237,110.9715
2010-12-21,86.2814,71.2071,103.29,91.706,105.8932,98.4546,89.424,111.062,100.9382,106.5237,87.7995,72.068,93.3479,53.9099,92.7326,110.9533
2010-12-22,86.2318,71.3204,103.0259,91.8171,106.6565,98.5376,89.6937,110.8504,101.5455,106.7443,88.029,72.1936,92.7875,53.4894,92.3067,110.9891
2010-12-23,85.9227,71.9225,103.4656,91.9086,106.2688,97.7282,89.0643,111.0974,101.4016,106.2832,88.8626,72.9992,93.6693,54.1641,92.884,110.9626
2010-12-24,88.0425,73.0232,103.1789,92.0543,106.3461,98.772,90.4366,111.1139,101.6757,106.7579,88.9484,73.9011,94.7938,54.695,94.2864,111.006
2010-12-27,89.8283,73.5028,103.5658,92.7783,108.1219,99.6906,91.2819,112.0775,102.8516,107.2259,89.6711,73.9316,94.8904,55.7638,94.6351,111.0147
2010-12-28,90.4141,73.9918,103.3305,92.9025,108.6055,99.7799,91.0869,111.6857,103.5498,107.1466,90.8496,74.5456,94.9405,55.827,94.808,111.0649
2010-12-29,92.0803,74.5904,103.1585,92.8651,109.8526,100.1964,90.7784,111.6732,103.7378,107.5872,90.9828,74.604,95.0172,56.9496,95.2979,111.0522
2010-12-30,91.3278,74.4264,103.5113,93.7081,110.3141,100.6474,91.4908,111.756,104.1391,107.7369,91.0988,73.546,95.2419,56.6876,95.99,111.1066
2010-12-31,93.8292,76.2729,103.2918,93.9448,112.1607,102.0915,92.72,112.2125,104.9088,108.4392,91.5243,74.3406,95.541,58.5037,96.4429,111.1345
2011-01-03,92.7367,76.2884,102.4583,93.0078,112.4719,101.2873,91.7168,111.4779,103.6704,107.8944,90.266,74.5946,94.4709,57.2336,95.9567,111.146
2011-01-04,91.8858,76.4815,102.6785,93.1649,111.9383,100.9956,91.4756,111.3116,103.5095,107.8068,90.406,76.7072,94.941,56.8287,96.2069,111.2152
2011-01-05,94.266,78.7033,102.4508,93.3569,114.4258,102.4208,92.4242,111.9894,105.1347,108.7496,91.6391,76.7492,96.2235,57.3284,97.0539,111.235
2011-01-06,94.1754,78.6657,102.3378,93.0223,114.1762,101.7692,91.6895,111.9388,104.3845,107.9566,91.6707,77.0234,95.8398,57.4078,97.33,111.2332
2011-01-07,93.5038,77.8473,102.7786,93.8993,115.0599,102.9312,92.6953,112.3139,105.0268,108.4522,90.2537,77.2844,95.956,55.3026,97.5666,111.2677
2011-01-10,92.6361,77.5241,102.3557,93.5155,113.5766,102.1299,92.583,111.6425,104.3324,107.9789,90.6625,78.5037,95.7333,54.4316,97.9577,111.205
2011-01-11,91.4767,77.7059,102.7272,93.9118,113.3484,102.2448,92.8241,111.8207,104.7664,108.2656,91.4843,79.5339,95.9565,54.4819,97.7064,111.2086
2011-01-12,91.3503,77.0538,103.0422,94.4188,113.1825,102.0861,93.3612,112.3798,105.5476,108.2267,92.2894,78.4117,96.4138,53.8588,98.1638,111.1881
2011-01-13,91.2228,77.3675,103.0729,94.9941,113.6357,102.3979,93.9506,112.5458,106.1738,108.5486,92.8745,78.8415,96.7993,53.8859,98.7813,111.1699
2011-01-14,91.7139,78.256,103.1126,95.2493,114.751,103.4098,94.1183,113.0346,106.7156,108.3493,92.9956,80.0272,96.8671,53.4951,99.2733,111.2296
2011-01-17,92.0893,78.4492,103.1744,95.3307,115.367,104.1029,94.4635,112.957,106.2547,108.6959,92.3495,80.2199,97.113,53.6681,99.6075,111.2407
2011-01-18,92.3943,79.618,103.2098,95.414,115.2185,104.5915,94.631,112.892,107.0587,108.6298,92.8691,80.1437,97.8547,53.9669,99.6215,111.3119
2011-01-19,92.545,79.5728,103.2838,95.5842,115.2713,104.2401,94.2886,112.8977,107.3582,108.7061,93.6942,79.4801,98.3461,54.6902,99.7077,111.3156
2011-01-20,92.5679,79.7434,103.6177,95.5561,115.4724,103.255,94.0141,112.7906,106.8317,108.6683,93.4246,79.318,98.7332,55.6812,99.3195,111.3898
2011-01-21,94.7785,81.665,103.5642,95.6767,116.4344,103.7577,94.6684,113.3523,108.6717,109.2605,94.1485,79.2399,100.0635,56.3097,99.8007,111.45
2011-01-24,93.9849,81.0705,103.9162,95.5197,115.1916,103.4027,94.0328,113.1207,107.4472,109.269,94.0962,79.1868,101.4716,56.5101,100.2879,111.4611
2011-01-25,94.2946,81.5148,103.9836,94.9014,115.0903,103.1054,93.2494,113.2009,106.9032,109.333,94.1903,80.1595,100.9098,57.106,100.1905,111.5725
2011-01-26,92.3632,79.919,104.2067,95.1742,114.3413,102.9208,92.967,113.5543,106.8057,109.275,93.8038,80.532,100.4712,55.5596,99.991,111.5812
2011-01-27,92.33,80.2181,104.9723,95.6946,114.2256,102.467,92.7866,114.4242,107.7919,109.4583,95.8819,81.4427,101.3988,56.6356,100.2051,111.5945
2011-01-28,92.7617,80.4304,104.7422,96.0053,115.0993,104.1845,94.0726,114.9765,107.9227,109.4904,96.1405,81.6255,101.5751,56.7324,99.9016,111.6401
2011-01-31,92.4992,80.3088,104.6867,96.0198,115.1883,103.9683,93.651,114.8355,108.0998,109.7952,95.9021,82.8009,100.4289,56.4979,100.191,111.6151
2011-02-01,91.973,80.2891,104.1922,95.7639,116.4497,103.8364,93.9772,114.3642,107.2678,109.6765,95.4362,82.0924,99.265,55.8998,100.064,111.6079
2011-02-02,93.8738,81.7468,104.0733,95.3721,116.2977,103.6009,94.1446,114.3951,106.9641,109.052,96.7372,82.7069,100.4106,57.5049,100.5783,111.6081
2011-02-03,93.1466,81.2037,103.9711,95.2486,116.2234,103.7863,94.2397,114.1441,106.051,108.9194,95.81,83.0265,99.5909,57.1292,100.2867,111.6747
2011-02-04,90.36,79.4902,103.8069,95.0887,114.1476,102.3875,93.4709,113.5156,105.164,108.1191,94.5218,82.2826,98.0664,55.5503,100.0462,111.6724
2011-02-07,91.0624,80.1164,103.9478,94.8539,114.1356,102.1243,93.1531,113.5151,104.3289,108.2781,93.7596,82.1698,99.5855,56.4141,100.8204,111.644
2011-02-08,91.2168,80.5188,104.5131,95.2178,114.5395,101.7833,92.3514,113.5429,104.8305,108.22,94.4843,81.9326,100.1908,57.3902,100.9601,111.6855
2011-02-09,91.5866,80.2792,104.1817,94.9057,113.6155,101.4588,91.941,113.4439,104.6192,107.9664,94.8272,81.0359,101.9782,57.1738,101.3664,111.7044
2011-02-10,89.3607,78.7752,104.0778,95.1432,113.5849,101.2204,91.7635,113.4302,104.0135,107.9071,93.452,81.149,101.3156,55.9905,100.3074,111.7029
2011-02-11,89.3726,78.498,103.9516,95.1183,113.6932,101.1965,92.0835,113.362,104.1319,108.0368,93.4459,80.8537,100.9451,55.665,100.0656,111.7557
2011-02-14,88.1863,78.5308,103.7474,94.785,113.2783,101.6734,92.0746,113.6469,103.7694,107.9802,92.7969,79.1717,100.8832,55.5319,99.4522,111.8046
2011-02-15,87.6816,78.3704,104.3414,95.2151,113.6097,102.1253,92.6842,114.3381,103.9134,108.0357,91.9362,78.026,102.0453,55.4105,98.7796,111.815
2011-02-16,88.4159,79.0032,104.113,95.4206,115.1749,102.9417,93.8081,115.103,104.3987,108.1748,91.9271,78.3754,101.8709,55.4867,98.4587,111.8552
2011-02-17,87.8874,78.7039,103.7972,95.4212,116.3655,103.2951,93.8317,115.1246,103.9517,107.6816,91.8338,79.8125,101.0446,54.2221,98.275,111.9155
2011-02-18,87.9196,78.4969,104.0794,95.6873,116.1106,103.1995,94.1721,115.4449,104.6666,107.3873,91.4889,80.8039,100.0497,53.3099,98.3581,111.9333
2011-02-21,86.0904,77.8245,104.2605,95.7479,116.1133,103.0634,94.2526,115.6727,103.8048,107.5281,91.2862,80.6617,98.809,52.9663,98.3731,111.9828
2011-02-22,86.0946,77.0748,104.6787,96.4219,117.5452,103.459,94.0021,115.403,103.411,107.9184,91.6275,81.2224,98.9155,53.5509,98.4906,112.0328
2011-02-23,88.9145,79.2984,104.8566,96.8212,119.3932,104.6176,95.023,116.6133,104.8427,107.7413,92.6391,83.3627,101.9971,54.7275,98.2116,111.9509
2011-02-24,87.9598,78.047,104.7494,96.7258,118.5674,104.3968,94.0271,115.8953,103.6487,107.25,91.5283,82.7533,102.2983,54.2932,98.0702,111.9558
2011-02-25,90.5097,78.8222,105.0641,96.8437,117.8714,104.8569,94.6111,116.3607,104.374,107.3246,92.434,83.7148,103.4148,56.2163,98.2286,112.0089
2011-02-28,90.8895,79.0394,104.7427,96.2069,118.2082,104.3419,93.793,116.4847,104.7547,107.4966,92.6965,82.9902,102.4688,56.0508,98.1021,111.9695
2011-03-01,89.3102,77.8695,104.5564,96.3028,117.1682,104.2004,93.7291,116.2848,104.3693,107.3839,91.6425,83.4764,102.518,54.896,97.416,111.969
2011-03-02,89.9085,78.8137,104.9937,96.649,117.6579,104.7546,93.977,116.5392,105.3657,107.8272,92.8845,84.0819,102.4428,55.9235,97.5071,111.9768
2011-03-03,89.8412,78.727,104.8814,96.5314,117.0742,104.871,93.7797,116.0017,104.4333,107.6028,92.6032,84.6561,102.6339,56.5079,97.6517,112.0358
2011-03-04,88.4421,78.3841,105.0782,96.61,116.8669,104.2089,92.9922,115.0707,103.767,107.4236,92.5827,85.2186,101.6422,56.6025,97.4231,112.1269
2011-03-07,88.3458,78.7002,104.7998,96.5067,116.9617,104.4856,93.0897,114.2583,103.9479,107.7822,93.2516,84.63,101.578,56.67,97.3243,112.0763
2011-03-08,87.6686,77.8614,104.9615,96.6542,115.6454,103.6845,92.8269,113.8284,103.8687,107.4818,93.1521,84.9343,99.961,57.2493,96.8181,112.1282
2011-03-09,88.0854,78.6579,104.7769,96.8451,117.9616,104.4802,93.2942,114.2944,105.1331,108.1561,92.7674,83.9958,100.1983,56.3642,96.3755,112.1144
2011-03-10,87.7396,78.4095,104.846,96.4796,116.4081,103.7559,92.8599,114.574,104.8234,107.8762,92.7582,83.9932,100.9288,56.1861,96.5703,112.1128
2011-03-11,88.6784,78.741,104.6996,96.7456,117.3354,104.3708,93.3473,114.6397,105.8498,108.5783,93.4211,84.8416,101.0814,56.0942,96.6739,112.1393
2011-03-14,89.9756,80.0244,104.7739,96.6606,118.1261,104.9591,93.3306,115.6244,107.0724,108.8291,93.5316,85.2517,102.0135,56.1098,96.9511,112.0475
2011-03-15,88.3704,79.0539,104.6652,96.3268,116.8434,103.7316,92.7253,115.6953,106.5211,108.2616,92.7957,84.8457,101.5794,55.5745,95.8908,112.0548
2011-03-16,89.197,79.3615,104.2328,96.2424,116.5218,103.9336,93.4621,115.5672,106.353,107.4721,92.8889,84.5266,101.6304,55.5771,96.1803,112.105
2011-03-17,88.9308,79.3166,104.3646,96.1206,116.8386,103.6474,93.0511,115.5403,106.7798,107.464,93.0014,84.1613,102.0033,54.7656,95.7096,112.1082
2011-03-18,90.1924,80.1905,104.1445,96.2582,118.561,104.8441,93.7419,115.7442,107.1266,107.7527,93.3975,84.3699,101.8266,55.5518,95.5619,112.1396
2011-03-21,89.5832,79.6422,103.9099,95.707,117.3651,103.9632,92.889,115.0165,105.9857,107.3478,92.1418,86.7265,101.5435,54.875,95.0828,112.2446
2011-03-22,89.1869,78.758,103.7723,95.5912,118.3814,104.2067,93.0795,115.4963,105.8794,107.8327,91.6008,84.7313,100.6548,53.8261,95.1871,112.265
2011-03-23,89.0011,78.5111,103.8868,95.9424,118.8776,103.9023,92.9713,115.2298,106.7766,108.0317,92.6143,85.2444,101.2047,53.0836,94.8877,112.2987
2011-03-24,87.5548,78.7884,104.1548,95.8691,118.1142,104.0623,93.6038,115.3523,106.6111,108.2874,92.1895,84.3187,101.0425,52.2184,95.2122,112.3248
2011-03-25,86.2045,78.3321,103.8352,95.6784,117.1094,103.8664,93.1214,114.5565,105.8166,108.2283,91.8107,83.8461,100.9107,52.017,95.1375,112.336
2011-03-28,86.0728,79.1639,103.4008,94.7831,115.9893,103.5868,93.077,114.2061,105.0663,107.5457,92.2721,82.9044,100.6125,51.8517,95.5173,112.4272
2011-03-29,86.5138,79.5211,103.0699,94.0288,115.1979,103.4937,92.7045,114.1064,104.5308,106.8811,92.5248,82.3709,100.3745,51.9089,95.4905,112.4515
2011-03-30,84.3447,78.5524,103.4585,94.3029,114.4662,103.1307,92.3769,114.0764,104.4998,106.7614,92.8374,82.674,100.6426,50.8789,94.5977,112.5799
2011-03-31,85.5232,78.4706,103.6162,94.8007,114.6174,103.4201,92.4881,114.2236,104.9463,106.861,93.4949,83.6473,100.8968,52.0106,94.9368,112.6331
2011-04-01,86.6008,78.8908,103.2857,94.3427,114.2834,103.2738,92.3439,114.1635,105.0438,106.1309,94.3454,83.2494,100.3797,52.973,94.2857,112.6911
2011-04-04,86.1949,79.2856,102.9766,94.1939,113.2188,102.7689,91.7698,113.6853,105.2135,105.584,94.4414,84.1118,101.653,52.4034,94.3106,112.6837
2011-04-05,86.6493,79.4861,102.767,94.0353,112.4199,102.7145,91.7909,113.4471,105.8497,105.774,95.1155,83.6953,101.0554,52.8195,94.4213,112.6327
2011-04-06,86.5679,79.3138,102.9185,94.3364,113.1145,102.7844,91.8355,113.1065,106.0141,106.1589,94.8632,83.528,100.9789,52.6787,94.4084,112.6408
2011-04-07,85.762,78.8558,103.0576,94.6476,113.2052,102.6575,92.192,112.8826,106.0597,106.3057,95.6613,83.6747,100.1017,52.6869,94.181,112.6868
2011-04-08,87.178,79.1908,102.9194,94.5032,113.0213,102.4983,91.9893,112.698,106.3912,106.0527,96.2549,84.3953,101.0213,53.3216,93.9275,112.787
2011-04-11,86.7255,78.69,102.6806,94.3511,112.1723,102.1908,91.9345,112.201,106.4543,105.7552,96.3044,84.224,100.44,52.5996,93.6948,112.7771
2011-04-12,88.4454,79.6602,102.362,93.8466,111.2475,101.6931,91.3465,111.5219,106.9835,105.6028,96.226,84.0408,100.7037,52.8266,94.5931,112.7958
2011-04-13,85.1734,77.7524,102.5849,93.8615,109.4056,101.3647,90.8798,111.0126,105.8196,105.3306,95.9456,83.8046,99.2458,51.6884,94.0303,112.7666
2011-04-14,85.1867,77.047,102.8381,94.3101,110.0156,101.9627,90.812,110.8686,105.6996,105.7982,95.9957,83.184,98.9938,52.1121,94.262,112.7716
2011-04-15,85.3191,77.1767,103.1661,94.2692,109.4492,101.4311,90.7095,110.9747,105.9581,105.7324,96.8656,83.5335,99.1245,51.8449,94.9561,112.805
2011-04-18,84.4087,76.7509,103.1267,94.17,108.1351,100.6447,90.4987,110.734,105.4369,105.5156,96.6696,82.0252,99.8322,52.1575,94.8634,112.8231
2011-04-19,85.1299,76.837,103.2307,94.3695,107.5842,100.5364,90.86,110.6897,105.9751,105.3625,96.8565,81.7271,99.6256,52.6934,94.9702,112.8039
2011-04-20,84.46,76.5613,103.7054,95.0628,107.4804,100.7982,90.8569,110.8215,106.6149,105.6277,97.9079,81.0263,99.7293,53.6329,94.7013,112.8408
2011-04-21,85.2192,77.4151,103.3333,94.8923,108.5512,101.2537,91.0987,110.6752,107.3497,105.9108,97.2043,80.8395,99.6243,53.1359,94.3902,112.9072
2011-04-22,85.3843,77.8217,103.1026,94.7706,108.3656,101.5181,91.2326,110.3628,107.7754,105.6254,97.7563,81.1157,99.6451,53.0999,93.732,112.9345
2011-04-25,87.4423,79.3159,103.0856,94.8091,110.0444,102.4988,91.8769,110.8545,108.3012,105.6085,99.6303,81.6188,101.155,54.3864,93.6543,112.9707
2011-04-26,87.8691,79.0485,103.6146,95.2566,109.8937,102.3874,91.842,111.34,108.5709,106.1937,100.2787,81.9317,102.2752,55.4003,94.1608,112.9815
2011-04-27,87.2967,79.512,103.9818,95.9521,111.4213,103.7062,92.6651,111.7585,108.6038,106.8057,100.5697,81.3738,102.8026,55.9912,94.3351,112.9157
2011-04-28,89.1152,80.5946,103.9103,96.6259,113.2233,105.1079,93.6008,111.2191,109.8357,107.4952,101.6181,81.6632,103.8407,57.0408,94.1931,112.891
2011-04-29,89.0452,80.2411,103.789,96.844,112.5754,104.9346,93.9627,110.8964,109.7446,107.1283,100.7933,80.4927,104.1713,57.4833,93.6781,112.8856
2011-05-02,89.0069,80.06,104.0842,96.7222,111.5164,103.9942,92.9975,110.4142,109.1487,106.4444,100.7296,80.5425,105.0616,58.0898,93.6144,112.8733
2011-05-03,88.6231,80.8942,104.0664,96.8953,111.9043,104.2854,93.3548,110.5888,109.9067,106.9191,101.5541,79.4594,105.2074,58.9894,93.2397,112.8737
2011-05-04,90.0787,81.5931,104.0884,97.2125,113.7361,105.2306,94.0589,110.9686,110.8692,107.944,102.0427,79.2681,106.0596,59.6067,93.3457,112.8746
2011-05-05,88.4293,80.8999,103.9758,97.388,112.5317,104.9807,93.7638,110.407,110.5695,107.5858,101.3613,78.6741,106.3818,58.6638,93.3462,112.8732
2011-05-06,87.1826,80.1795,104.3846,97.7578,113.1348,105.1631,93.8978,110.718,109.9761,107.6743,100.7382,78.9207,106.0969,57.9907,93.3034,112.8768
2011-05-09,87.2094,80.1881,104.3665,97.704,114.3044,105.685,93.7821,110.9745,109.8072,108.3331,100.4004,77.8044,105.4851,57.6858,94.1402,112.8787
2011-05-10,86.8831,80.103,104.4692,97.9085,114.7755,105.9609,93.7539,111.2122,110.3556,108.7081,100.7556,77.8648,106.1714,56.7792,94.3917,112.8434
2011-05-11,86.88,80.428,104.5091,97.8587,115.0808,106.0066,94.0185,111.9744,110.728,108.6984,100.469,77.5345,106.0237,56.549,94.3883,112.8085
2011-05-12,88.5041,81.6953,104.7043,98.3344,116.06,107.3716,95.385,112.902,112.2796,109.3565,100.233,77.3488,107.3957,56.4907,95.0079,112.7726
2011-05-13,87.6216,81.6478,104.9142,98.3509,115.7172,107.2219,95.4225,112.7033,111.7986,109.3233,100.3384,77.1949,107.0412,56.2091,95.4253,112.7849
2011-05-16,88.1672,82.332,105.2702,98.2841,116.1835,107.9136,95.4885,113.3576,112.2808,109.605,101.1927,77.3338,107.0116,56.9875,95.2287,112.7994
2011-05-17,86.7823,81.4877,105.2882,98.3772,116.3859,108.7178,95.8766,113.1166,111.2083,109.7315,99.8403,77.2221,104.9053,56.4192,95.0867,112.8096
2011-05-18,86.1884,81.59,104.5831,97.5251,115.7806,107.9547,94.9639,112.2759,109.4289,109.2697,99.0755,76.3471,105.4909,57.0293,94.7887,112.8088
2011-05-19,85.3926,80.1968,104.4228,96.7829,113.2729,106.4472,94.1091,111.8845,107.347,108.4407,97.9084,77.9427,106.0564,56.5442,94.7159,112.8059
2011-05-20,84.1829,79.4353,104.3258,96.766,113.0457,106.5101,94.228,111.344,106.8021,108.2123,97.7179,77.2174,105.4314,55.7805,94.1045,112.8351
2011-05-23,84.4264,80.2734,103.6826,95.597,111.1719,105.3582,93.3141,110.522,106.5352,107.6334,98.2297,76.5715,105.8269,55.8648,94.023,112.8151
2011-05-24,83.6431,79.8624,103.5992,95.6238,111.7901,105.5684,93.1923,110.7353,106.0921,107.3059,97.0607,77.5286,104.1458,55.5795,93.1425,112.899
2011-05-25,84.2666,80.218,103.7916,96.1126,112.5721,106.4583,94.1451,110.8272,106.682,107.72,98.1527,77.6587,105.5064,55.7228,93.2577,112.9031
2011-05-26,83.343,79.72,104.1477,96.4539,112.1719,106.4024,94.2649,111.3524,106.6519,107.9097,96.9473,78.2984,106.2291,54.8882,93.343,112.9734
2011-05-27,82.4998,78.8099,104.9707,96.8347,111.273,105.5725,93.5453,111.3815,105.7902,108.6199,97.2747,77.2374,108.1474,56.1148,94.1624,112.9841
2011-05-30,83.5321,78.8163,104.7335,97.1357,112.0266,106.2768,93.9906,111.0408,106.37,108.7606,96.3859,77.1912,108.5643,55.7709,93.9804,112.9873
2011-05-31,84.1742,79.1489,104.4293,96.9289,112.8101,106.1982,93.8274,110.6827,105.9541,108.3756,96.4039,77.0985,107.87,56.4428,93.725,113.0217
2011-06-01,82.542,78.4858,104.6987,96.6413,110.6062,104.8682,92.7261,110.306,105.4275,108.1478,96.7311,79.8313,108.1027,55.347,93.8779,113.0505
2011-06-02,81.8398,78.45,104.1766,96.4406,109.8841,104.87,92.7426,109.4633,105.0206,107.4131,96.2856,78.8555,108.0991,54.8546,93.3287,113.1285
2011-06-03,81.5259,78.6402,104.0521,95.7656,109.6236,104.257,92.4738,109.211,104.7399,107.22,96.0928,79.2357,107.7842,54.0849,92.5965,113.1371
2011-06-06,81.9109,79.5124,104.0651,95.6582,109.8712,103.9589,92.4786,108.9972,104.2166,107.4592,96.1462,78.0279,108.4902,55.9036,92.7665,113.1379
2011-06-07,82.4082,79.9975,104.3344,95.909,110.3473,103.6697,92.0571,109.0179,105.2986,107.7512,97.1625,78.2308,109.8197,55.3637,93.4458,113.1511
2011-06-08,80.0715,78.9218,104.38,95.8725,109.7215,102.8583,92.0046,109.0247,104.9641,108.0533,96.1437,77.5597,109.0422,53.6083,93.1599,113.1236
2011-06-09,81.0909,79.259,104.5109,96.0459,109.2107,103.0034,92.6576,108.9961,105.337,108.1448,96.5658,78.8133,108.4933,54.1072,93.7803,113.159
2011-06-10,80.4321,78.4073,104.3256,95.9675,109.6433,102.5779,92.7247,108.942,105.3551,108.3287,95.9516,77.6312,107.7236,52.856,93.566,113.0912
2011-06-13,79.5291,77.0013,104.5173,96.1413,109.2763,102.1067,92.6939,109.4919,104.5569,108.4281,94.9417,77.7074,108.1549,52.5863,93.2972,113.0365
2011-06-14,78.4961,77.4236,105.0601,96.6015,110.0085,102.8646,92.8458,109.9706,104.3951,108.9706,94.1509,77.9349,110.1807,52.4464,93.1525,113.0333
2011-06-15,78.1431,76.7296,105.1526,96.8109,109.5353,103.4574,93.2768,110.2943,104.0203,108.7347,94.1748,77.4255,109.6597,52.7288,93.0403,113.0569
2011-06-16,76.8818,75.7136,104.6822,96.2119,107.1959,102.6274,92.2635,109.6201,103.6059,107.8461,93.7488,78.1586,108.6667,51.7177,92.1654,113.0665
2011-06-17,75.4368,75.075,104.4338,96.0529,106.756,102.2751,91.7454,109.383,103.3133,107.4329,93.6934,78.5134,107.8013,50.9213,91.3445,113.0498
2011-06-20,76.7684,75.7291,104.1444,95.7949,107.0603,103.0332,92.594,109.2326,103.4559,107.8141,93.3709,78.6873,108.3223,50.9316,91.4455,113.1144
2011-06-21,77.1057,75.6935,104.1915,95.8159,107.6786,102.6171,92.8769,109.2388,104.0187,108.3832,93.2649,77.3,107.7885,50.9475,91.2839,113.1755
2011-06-22,76.4985,75.0542,104.9339,96.4925,108.1452,102.6252,93.3443,109.9783,103.3721,109.0571,92.9259,77.2418,108.7911,51.8274,91.5463,113.1782
2011-06-23,76.1701,75.3011,105.3802,96.9066,108.9548,103.4552,93.9542,110.2697,103.3827,109.0873,92.8911,78.3855,108.6229,51.5475,91.3948,113.238
2011-06-24,76.5091,74.9005,105.1804,97.1858,109.4912,104.124,94.1902,110.1507,103.5502,108.9555,92.6838,77.4567,108.4409,51.6277,91.1773,113.2255
2011-06-27,74.9314,73.5382,105.5796,96.7885,108.1161,102.2284,92.7779,109.6599,101.5493,108.0927,92.1577,76.7061,107.3555,52.162,90.9268,113.1837
2011-06-28,74.9432,73.4442,105.0198,96.1872,107.7758,101.6615,92.5103,108.9582,100.767,107.7361,92.6706,74.1095,107.2497,52.4705,91.1901,113.1323
2011-06-29,74.9302,73.4762,104.5581,95.535,107.9587,101.2032,91.9555,108.8041,100.4421,107.7968,92.8862,74.0849,106.3899,51.8558,91.5524,113.0336
2011-06-30,76.1171,73.7501,104.428,95.1048,107.5007,101.3164,92.1911,108.9455,100.6886,107.9534,93.4045,73.8675,105.8983,51.9628,92.2389,113.0223
2011-07-01,76.8499,73.5756,104.6359,95.1267,108.2729,101.1321,91.7936,109.64,100.9942,107.7362,94.1002,73.5873,106.8272,52.7208,91.4354,113.0102
2011-07-04,75.8349,72.1752,104.924,95.4716,107.0154,100.5177,91.0758,109.3334,101.3108,107.5821,94.2426,74.0342,107.1301,52.3375,90.4641,112.9847
2011-07-05,76.0268,71.4031,104.5973,95.2109,107.9373,100.9153,90.8321,109.264,100.9859,108.0156,92.9268,74.8725,106.6577,51.1026,90.0329,113.0553
2011-07-06,75.1535,70.7931,104.7489,95.3964,108.1378,101.2163,90.8742,109.4075,100.685,108.3617,92.5437,74.3111,106.3374,51.1901,89.4931,113.0663
2011-07-07,74.4998,69.904,105.1369,95.838,108.2573,101.249,90.8669,109.4882,100.8632,108.7385,92.2757,73.985,105.9776,50.714,89.4042,113.0373
2011-07-08,74.3111,69.9205,105.2422,95.6556,108.4655,100.3175,90.5366,109.4853,100.6758,108.9553,91.9637,73.4468,106.5914,50.4311,89.5794,113.0373
2011-07-11,73.8451,70.508,105.3956,95.5948,107.498,100.2701,90.7029,109.3748,100.1928,108.8869,92.3754,73.5834,107.3559,50.845,90.3461,113.0561
2011-07-12,75.4599,71.7591,105.2261,95.4385,108.1168,100.0879,90.952,109.3923,100.4566,109.1664,93.0935,71.9259,108.4549,52.6213,91.0447,113.128
2011-07-13,74.5293,71.638,105.0541,95.1241,107.2092,99.8053,90.473,108.8127,99.7877,108.9914,92.133,71.2039,108.6955,51.9099,91.2786,113.1255
2011-07-14,74.8512,71.4639,105.4213,95.6852,108.5598,100.0205,90.7273,109.1207,100.687,109.4059,92.8425,70.4306,109.1151,51.6627,91.2685,113.1657
2011-07-15,74.1612,70.1964,106.3039,96.0679,107.7633,99.4995,90.2152,109.6628,100.2978,109.432,92.6735,70.186,109.2382,51.8926,91.3949,113.1828
2011-07-18,75.6059,71.8992,106.4319,96.0875,109.1448,99.4294,90.1269,109.2435,100.2965,109.6005,93.3548,72.6576,110.0703,53.3151,91.7741,113.1303
2011-07-19,75.8151,72.0059,106.8508,96.3587,109.0172,100.039,90.6317,109.4937,100.7885,110.0719,93.8329,72.3648,109.032,53.9384,91.9994,113.1435
2011-07-20,75.7108,71.7232,107.1583,96.4014,109.18,100.1173,90.9405,110.2835,100.5033,110.2867,93.2261,73.0638,108.748,54.1319,91.7651,113.0974
2011-07-21,75.228,71.6359,106.551,95.6813,108.3088,99.7953,90.7596,109.6065,99.4959,109.2995,92.2539,73.1217,107.5211,53.5938,91.0953,113.1127
2011-07-22,76.386,72.4322,106.4589,96.3469,109.9202,100.9311,91.6746,109.386,100.2363,109.7375,93.2534,72.7187,108.6361,54.4117,91.4464,113.1369
2011-07-25,76.1788,72.0206,106.0246,95.6728,109.2355,100.3211,90.6805,109.0939,99.6847,109.2415,93.2529,72.5952,108.1071,54.0211,91.3169,113.0986
2011-07-26,75.9413,72.5154,106.4393,96.3181,108.9277,100.2697,91.5859,109.6624,100.3442,109.4245,93.7514,72.6932,108.9975,54.503,91.8262,113.0845
2011-07-27,77.6193,73.69,106.6653,97.2009,110.9512,101.7509,92.9364,110.218,102.0053,109.8979,95.0797,72.2329,110.0081,55.5965,91.8808,113.0943
2011-07-28,76.5517,73.5052,107.1471,97.7795,110.5549,101.7311,93.1546,110.4156,102.3515,110.0965,94.9512,72.677,109.8057,54.9978,92.4094,113.0759
2011-07-29,76.5029,73.0622,107.7526,98.3187,109.7705,101.9488,92.9761,110.7222,103.0544,110.0864,95.9217,72.7362,110.6434,55.7154,92.0683,113.1053
2011-08-01,75.4408,72.664,107.3905,98.6658,110.4153,102.097,92.7321,110.2679,103.3593,109.7771,94.5728,72.2604,111.1459,53.7978,91.6949,113.1166
2011-08-02,74.9458,72.0923,106.948,98.0778,109.4517,101.6369,92.0531,109.1106,101.7763,109.0368,93.8171,72.2994,111.1687,53.2579,91.6506,113.1941
2011-08-03,75.1661,72.4672,107.0489,98.2444,109.9755,101.9041,92.1921,109.2084,101.7614,109.2792,93.7186,72.2902,111.2408,53.7917,91.9579,113.2317
2011-08-04,74.292,72.0751,107.1701,98.1504,109.0027,101.9239,91.9909,109.537,101.9869,109.2027,94.5601,72.1587,110.397,53.4494,91.9233,113.2093
2011-08-05,76.011,73.3022,107.5386,98.5876,111.082,102.2251,91.8986,110.054,102.725,109.5421,94.5228,72.059,111.9874,54.8967,92.2891,113.2009
2011-08-08,76.3235,73.2939,107.1256,98.4024,110.4894,103.0892,92.7215,110.0294,102.7422,110.088,94.115,72.4577,110.9762,54.9053,92.4063,113.1937
2011-08-09,75.955,72.9852,107.3037,98.3549,109.5925,102.8681,92.3905,109.7436,102.8837,110.4278,94.7291,73.1385,110.7052,54.9657,92.294,113.2199
2011-08-10,77.6302,74.002,107.6841,98.9179,111.6617,103.8854,93.1349,110.4781,103.9203,111.4898,95.2816,72.7243,111.8714,56.7939,92.2856,113.2466
2011-08-11,76.8506,74.8527,108.115,99.2636,111.9133,103.9534,92.9492,110.9369,105.0755,111.3606,95.9257,72.7448,112.4485,56.5122,91.9499,113.2067
2011-08-12,77.8205,75.3754,108.3642,99.2377,111.4726,103.8067,93.1237,111.1809,105.4491,111.5664,96.22,73.8531,113.7156,56.9801,92.2277,113.2715
2011-08-15,77.5363,75.2141,108.3939,98.9707,111.0885,102.795,92.6942,111.0951,105.26,112.1142,95.8895,74.113,114.0614,56.7191,92.5335,113.2298
2011-08-16,77.7772,74.9812,108.6515,99.0393,112.2549,102.9803,93.0341,111.5436,105.2794,112.6734,95.3064,74.0797,113.7549,56.4949,92.2174,113.2073
2011-08-17,76.9283,74.9698,108.7967,98.7257,112.2538,102.3097,91.9469,111.6223,104.7421,112.3255,95.3099,73.9984,113.5107,56.7196,91.8514,113.1648
2011-08-18,78.2999,75.9731,108.4824,98.512,113.3123,102.5625,92.2327,111.8889,104.8559,112.4578,95.6868,74.3933,114.4785,57.373,92.1933,113.2165
2011-08-19,77.6529,75.5466,108.7798,98.9085,114.1239,103.0733,92.4911,112.2084,105.2768,112.514,95.662,74.2331,113.644,56.2549,92.0694,113.2459
2011-08-22,80.3518,77.29,109.0179,99.2348,114.7475,103.7048,92.9641,112.7261,106.4098,112.4166,96.7318,76.1662,115.8969,57.9357,92.7142,113.2353
2011-08-23,79.4892,77.3899,108.5063,98.6955,115.0333,102.8315,92.5949,112.2689,105.7929,112.2768,96.2958,75.8456,115.6529,56.9311,92.5523,113.2068
2011-08-24,79.3141,77.6051,108.8062,98.8976,115.2315,102.3267,92.8522,112.472,106.2988,112.306,96.6772,75.9884,116.161,56.3623,92.6811,113.2424
2011-08-25,80.011,78.542,108.6906,98.3602,114.7468,101.5948,92.2216,111.8169,105.6529,111.7088,96.6922,77.3898,117.6809,56.6377,92.935,113.2209
2011-08-26,80.8395,78.1495,108.7093,98.4582,115.3341,102.159,92.3454,111.9897,105.8801,111.9502,96.108,77.6668,116.7069,56.5637,92.9901,113.2403
2011-08-29,81.0253,77.9326,109.025,98.7824,114.9881,101.8889,92.1166,111.683,105.5995,111.7017,96.7499,76.7511,117.7494,58.2036,92.7336,113.2892
2011-08-30,81.0028,78.391,108.9922,98.3766,114.5031,101.4356,91.7002,111.6465,105.2755,111.1503,97.2475,76.7555,118.2572,58.0345,93.0877,113.3223
2011-08-31,80.2836,77.8673,109.1473,98.7244,114.8875,101.5545,91.6677,111.4597,104.8833,111.0546,96.974,76.5576,118.9152,57.7316,92.8428,113.2931
2011-09-01,82.3318,79.2351,108.8186,98.6413,116.8624,102.2442,92.248,111.2926,104.6607,111.2789,95.8991,76.6899,119.4059,58.6902,93.3525,113.2652
2011-09-02,84.4149,80.4314,108.7251,98.6405,118.3667,102.6751,92.4575,111.2008,104.9234,111.2174,95.9438,76.8004,119.1374,60.1811,93.6566,113.2564
2011-09-05,83.8329,79.4615,108.8435,98.8677,117.7297,102.9127,92.5681,110.9482,104.68,111.1625,95.5444,77.1154,116.8891,60.2581,93.4135,113.3416
2011-09-06,84.0151,80.1247,108.985,99.2762,118.4199,103.3595,92.6323,111.2249,106.0597,111.1414,96.3128,75.9259,117.03,60.0977,93.5808,113.381
2011-09-07,84.1649,80.3643,109.274,98.813,117.7742,102.2581,91.8129,111.1069,105.7183,111.2796,97.3072,76.8081,117.2633,60.4275,94.186,113.3897
2011-09-08,83.5536,80.2772,109.5196,99.0825,117.5075,102.2141,92.0319,111.0071,105.4973,111.3231,97.2968,76.7425,117.3717,60.0852,94.8942,113.4183
2011-09-09,83.5802,80.4573,109.6768,99.2868,118.9623,103.2266,92.5629,111.4887,105.9867,111.8211,97.275,76.7459,116.6557,59.5178,94.6815,113.4592
2011-09-12,82.3681,79.6749,110.0633,99.5375,118.0678,102.8766,92.0223,111.4456,105.6153,111.4071,97.1164,76.3398,116.1407,59.9087,94.2386,113.5805
2011-09-13,82.0163,79.2832,110.0055,99.8367,119.6258,103.1284,92.0225,111.633,105.9968,111.5215,96.1509,74.8267,116.7158,57.9889,94.5593,113.5352
2011-09-14,82.2452,79.6504,110.0031,99.6968,119.5456,103.0028,92.3009,111.53,106.32,112.263,96.0877,75.1933,117.2223,58.1848,94.2553,113.5788
2011-09-15,82.7946,79.7529,110.1124,99.792,120.788,103.0938,92.1974,112.0947,106.7538,112.4796,95.9919,75.6558,117.0575,58.0908,94.2327,113.6244
2011-09-16,84.5242,81.0706,110.0872,99.7591,121.2395,103.3219,92.2831,112.406,107.295,112.1543,97.0904,76.1141,118.2488,59.2994,94.726,113.6896
2011-09-19,85.4074,80.5571,109.6159,99.497,121.6726,103.6554,92.3842,112.5409,107.2911,112.4104,96.6687,75.7135,117.8307,59.0862,94.6683,113.6784
2011-09-20,85.383,80.4943,108.9509,98.5909,121.1042,102.9041,91.6318,112.0781,106.239,112.2885,95.3421,75.5591,117.6271,59.1515,94.2264,113.7391
2011-09-21,86.932,81.5931,108.6479,98.2372,120.673,102.6471,91.0177,111.6735,106.9534,112.1454,96.3862,75.9828,119.2941,59.7347,94.6392,113.7231
2011-09-22,88.2619,83.1387,108.6058,98.3856,121.9279,103.5325,91.8241,112.0749,107.5415,112.0441,96.7975,76.3136,120.7196,60.1429,94.8812,113.7163
2011-09-23,88.2513,82.449,108.8062,98.3883,121.2683,102.9386,91.6731,112.2321,106.4875,111.5705,95.9974,77.0202,120.3488,60.8861,94.9585,113.7968
2011-09-26,88.431,81.5735,108.5995,98.1137,121.2141,102.7529,91.0713,112.0552,105.6738,111.9343,95.7519,76.8092,120.0139,61.3409,95.1448,113.8513
2011-09-27,89.8268,82.1684,108.4947,98.1141,121.3301,102.8,91.4874,111.8598,106.4325,112.0029,96.9683,76.3974,119.8908,61.8998,95.5774,113.8499
2011-09-28,88.596,81.5635,109.0626,98.2374,120.8741,102.378,91.3516,112.1394,105.799,112.0908,97.1888,76.9741,119.7076,61.5533,95.9923,113.8402
2011-09-29,87.429,80.9313,109.2151,98.1183,121.2048,101.7234,91.0998,112.0895,104.856,112.0064,95.6244,76.6853,119.613,60.7114,95.596,113.8557
2011-09-30,86.283,79.5835,109.2653,98.2381,120.3749,101.3177,91.2048,112.0949,104.4164,111.753,96.3402,77.427,118.2101,60.1884,95.3959,113.846
2011-10-03,86.2757,80.5582,108.6248,97.8388,120.811,101.3527,91.056,111.7427,104.0836,111.4796,95.2972,78.08,117.6803,59.5389,95.8494,113.809
2011-10-04,85.3643,79.9458,109.2679,98.4224,120.8313,101.223,90.6853,111.75,103.7214,111.2284,95.6399,79.0833,117.6238,60.0354,95.7021,113.8237
2011-10-05,85.6684,81.0556,109.0354,98.0344,121.8243,101.0839,91.0411,111.9024,103.446,111.306,96.1198,78.3465,118.2517,60.4224,95.8076,113.8495
2011-10-06,87.7731,82.8762,108.6211,98.1655,123.265,102.3753,91.815,111.8753,104.8466,111.6768,96.4713,77.4491,119.1941,61.0422,96.1673,113.9204
2011-10-07,86.7821,81.7724,108.857,98.1296,121.795,102.5229,91.5606,111.5948,104.3037,111.3952,95.6995,77.4018,118.8968,59.9567,96.1642,113.9234
2011-10-10,86.7843,82.7118,109.1121,98.3864,122.2591,102.4279,91.343,111.4577,104.2303,111.4835,96.047,78.2718,119.1345,60.8327,96.8642,113.9971
2011-10-11,87.2714,83.3299,109.0966,98.4997,123.4638,102.9863,91.75,111.8667,104.7948,111.841,96.1998,79.2016,119.0684,60.0245,97.4127,113.9767
2011-10-12,85.8977,82.6716,109.0318,98.6737,123.9129,103.0413,91.6868,111.9282,104.3113,111.6732,95.5741,80.0747,118.1857,59.2564,96.8861,113.9507
2011-10-13,87.2285,83.428,109.0583,98.6936,124.2437,103.4639,91.9728,112.5121,105.3082,111.9964,97.4488,79.431,117.8881,60.4821,97.4713,113.999
2011-10-14,86.9268,83.6469,109.1987,98.6604,124.3665,104.1628,91.9354,112.9362,105.5718,112.3479,97.9032,80.3974,118.1282,60.36,97.2266,113.93
2011-10-17,87.8207,83.6694,109.275,99.0515,125.5948,105.1061,93.1172,113.6986,106.0829,112.7228,97.7183,81.5728,118.9749,58.6431,98.2832,113.8882
2011-10-18,85.1594,81.4142,109.8301,99.7956,125.1799,105.6179,93.2979,113.8041,105.2056,112.941,96.5343,80.7895,119.7209,57.0936,97.7916,113.8787
2011-10-19,86.7016,82.538,109.369,99.541,125.502,106.1573,93.9326,113.6731,105.1846,112.7346,96.6616,80.2536,121.6138,58.2849,97.3969,113.8871
2011-10-20,84.6005,81.6554,109.6213,99.5382,124.1812,105.8576,93.4889,113.8191,104.9303,112.7785,96.5105,81.4702,121.4682,57.1321,96.8211,113.9458
2011-10-21,86.2786,82.4248,109.7574,99.0977,123.1816,104.957,92.7458,114.0973,105.516,112.2807,97.0087,82.0811,121.6186,57.9003,97.4184,114.0069
2011-10-24,86.0211,81.7953,109.8472,99.3099,122.7631,105.3948,92.9851,114.4611,105.9208,112.2042,97.1768,81.8525,120.473,57.5432,97.4622,113.9969
2011-10-25,87.7427,82.3522,109.6229,99.2209,123.6555,105.8726,92.9187,113.9106,105.4379,112.0653,96.9869,81.9049,121.9007,59.1829,96.9903,113.9889
2011-10-26,87.8582,82.3059,109.3821,99.3457,123.437,106.2654,92.95,113.6949,105.3554,112.2317,96.607,83.3906,123.9141,58.9205,96.8405,113.9725
2011-10-27,88.4425,83.4935,109.4906,99.6559,124.2761,106.9284,93.0255,113.7786,106.595,112.2562,97.1684,84.1431,124.9043,58.973,96.5448,113.8695
2011-10-28,90.2948,83.6384,110.0097,100.5555,123.9559,108.3582,94.464,114.5576,108.3441,112.6508,97.8724,84.0517,125.5792,59.6482,97.0364,113.974
2011-10-31,90.9166,84.0952,110.0033,100.4124,123.2457,107.8562,93.7968,113.9126,108.4488,112.7747,97.5359,86.6491,126.144,59.7066,97.2929,114.0231
2011-11-01,90.2086,83.6588,109.988,100.7806,123.1039,107.2863,93.8429,113.671,109.5562,113.2632,97.3966,86.8024,128.3768,58.1388,96.743,114.0277
2011-11-02,88.0684,82.8927,109.4909,100.3325,122.7198,106.7314,93.1633,112.673,107.9092,113.0037,96.1321,86.8271,126.6493,56.7327,97.0028,114.0355
2011-11-03,87.113,82.0132,109.5639,99.9976,121.4538,105.3005,92.0628,111.9176,107.2407,112.7268,96.6222,87.2143,127.4816,56.1085,96.8941,113.9994
2011-11-04,86.188,81.0692,109.4833,100.1379,120.7726,104.7174,91.6635,111.1189,106.0862,112.1494,95.7882,86.9702,127.9224,55.9788,96.8154,113.9655
2011-11-07,86.5882,81.6765,109.5769,100.161,120.6119,104.5781,92.1472,111.4515,106.3363,112.323,96.217,87.6558,128.5523,56.7613,96.6662,113.8684
2011-11-08,86.436,80.9126,109.4633,100.2019,120.254,104.0506,91.8434,111.0857,106.7591,112.5353,96.5678,86.8673,128.7988,55.501,97.347,113.8627
2011-11-09,87.3353,80.9823,109.8529,100.6545,120.3847,103.9724,91.81,111.4468,107.769,112.9213,96.9918,87.2237,130.9321,55.4973,97.7865,113.8633
2011-11-10,87.3006,80.627,110.447,101.4298,120.6623,104.4783,92.6259,111.9186,108.0454,113.6707,97.083,87.3344,133.2618,55.6592,98.0196,113.8214
2011-11-11,87.6003,80.6068,110.3893,101.5382,121.3759,104.5884,92.2241,111.6278,108.2943,113.4021,96.8777,87.5802,133.0926,55.1554,98.0037,113.8816
2011-11-14,88.8489,80.496,110.6249,101.9743,122.699,104.9354,92.158,111.7565,108.7314,113.9449,97.0052,87.2594,132.9102,56.1968,98.2148,113.9211
2011-11-15,88.4933,79.7564,110.5271,101.9251,122.8205,105.4364,92.3294,112.1162,108.1193,113.9176,95.9321,85.4784,132.8903,55.6709,98.3835,113.9822
2011-11-16,89.6026,80.7589,110.3083,102.0078,123.817,106.3124,93.5101,112.6385,109.2567,114.9019,96.4405,85.3415,133.5266,56.1098,98.2136,113.9844
2011-11-17,88.0209,80.1712,111.2036,102.7206,124.132,105.9814,93.1998,112.8903,108.7832,114.8153,96.444,85.0078,134.7532,55.858,98.6419,113.9821
2011-11-18,88.9785,80.9373,111.1255,103.0232,125.423,106.6494,93.808,112.9885,109.0389,115.0046,96.9481,86.3811,134.6945,56.6642,98.6621,114.0506
2011-11-21,87.6325,79.9976,110.3462,101.9199,122.5044,105.3694,93.0675,111.9391,108.022,113.8742,96.3967,86.1104,133.0897,54.9972,98.3555,114.067
2011-11-22,89.6334,80.5431,110.0571,101.8025,123.2864,105.6146,93.1034,111.8986,108.0169,113.4953,96.3977,86.9767,132.5878,55.8097,98.7631,114.0858
2011-11-23,89.2928,79.9019,110.1513,101.7623,122.084,105.3237,92.9175,111.518,107.3147,113.6277,96.44,86.7162,132.6073,56.4099,99.0568,114.0871
2011-11-24,88.8797,80.4763,109.8649,101.128,121.3226,105.165,92.2248,111.3377,106.3721,112.9068,96.7644,86.7848,132.0562,57.2899,99.0149,114.1117
2011-11-25,88.4979,80.5777,109.9942,101.1471,121.352,105.4131,92.2252,111.5478,105.7798,113.1988,95.7953,87.5982,131.7398,58.1139,98.7464,114.1028
2011-11-28,87.817,80.3412,109.9921,101.2491,121.7347,105.0639,91.9947,111.6552,105.921,113.0453,95.5726,86.6658,131.9998,57.5891,98.4641,114.0845
2011-11-29,86.2675,79.2133,110.123,101.0702,121.0192,104.166,91.6696,111.6955,104.4892,112.3444,94.4887,86.4663,130.0581,57.2254,98.314,114.0276
2011-11-30,86.2924,79.3084,110.7371,101.6912,121.8403,103.9927,91.791,112.2705,105.3401,113.0412,95.5211,86.6306,131.2731,57.6513,98.5272,114.0253
2011-12-01,86.2639,79.9462,111.2097,102.3608,123.3453,104.4196,92.3145,112.7746,106.0531,113.4313,96.2393,87.0287,133.0725,57.6406,98.613,113.9926
2011-12-02,87.7117,81.2703,111.1377,102.5697,125.4636,104.7993,92.7357,113.2031,107.1732,113.8285,95.8517,88.1603,133.8069,56.9176,99.2638,113.9624
2011-12-05,86.767,80.8538,110.8476,102.1437,123.5643,103.922,91.9877,112.3224,106.7956,113.2483,96.1626,87.0871,133.6686,56.7189,99.0608,113.9767
2011-12-06,90.3463,82.0617,110.9215,102.4004,124.8506,104.675,92.2994,112.5215,108.1949,113.1036,97.4357,87.0417,135.1804,58.5701,99.1461,114.0278
2011-12-07,89.3398,80.9706,110.6332,102.1745,124.1085,104.6426,91.993,112.2462,107.5223,112.8607,96.6569,87.1924,134.797,56.9667,99.2814,113.9972
2011-12-08,89.0001,80.529,110.599,102.1556,124.3235,104.1537,91.6347,111.7837,107.1785,112.6837,97.1567,89.0672,133.5172,57.0325,98.6513,114.0623
2011-12-09,87.9889,80.4776,110.7554,102.231,125.1824,103.9577,91.3394,111.7806,107.1522,112.6533,97.2249,88.1067,132.6354,56.7085,98.3227,114.1099
2011-12-12,88.6545,80.0791,110.3529,102.1,125.0354,104.7397,91.744,112.0131,106.7309,113.0641,96.2975,89.1575,134.424,56.8642,97.755,114.2181
2011-12-13,88.1065,79.4773,110.7878,102.8182,126.096,105.0814,91.975,112.407,106.9782,113.3587,95.9369,87.6445,134.9871,56.5944,97.8914,114.244
2011-12-14,88.0903,78.6082,111.0491,103.1683,125.7613,104.7371,91.5881,112.5158,107.0896,113.0805,96.027,86.8627,135.1713,56.7204,98.0147,114.2821
2011-12-15,87.073,77.7411,110.9939,103.0393,123.7713,104.1523,90.7851,112.1399,106.3433,112.5537,96.109,87.3718,136.1209,57.2657,97.3249,114.3113
2011-12-16,87.1994,77.216,111.5742,103.2333,124.1069,104.4238,90.8662,112.4799,106.1451,112.826,95.4608,88.2448,134.7656,57.2574,97.3572,114.3453
2011-12-19,86.5525,77.1456,111.4779,102.4942,122.9516,103.6188,90.2692,112.285,104.9808,112.6563,95.2427,87.7653,133.9775,58.0917,97.1407,114.3308
2011-12-20,87.0085,77.6224,110.7383,102.3239,122.5678,103.5262,90.2537,111.4956,105.271,111.9,94.8828,87.8226,133.8952,57.6981,96.9377,114.3277
2011-12-21,86.0977,76.7915,110.5792,101.8815,121.0614,102.6234,89.9053,110.5262,104.2145,111.6247,94.4488,87.4255,132.6858,57.4403,96.7257,114.3823
2011-12-22,84.6576,75.6786,110.2937,101.5067,119.7009,102.0524,89.6686,110.2885,103.8619,111.7957,93.3472,87.0199,130.2601,55.8551,96.9194,114.3393
2011-12-23,87.0294,77.6083,110.8587,102.1251,121.4809,102.3145,90.0434,111.3208,105.071,112.3896,94.8539,89.9705,134.8182,58.0729,96.9391,114.3556
2011-12-26,88.736,79.2424,110.7998,102.2069,122.6489,102.4412,90.2237,111.6848,105.6649,112.6902,95.454,90.5526,137.3728,59.0956,97.8657,114.3082
2011-12-27,88.7305,78.0828,110.8502,102.051,123.0431,102.7549,89.9015,112.1338,105.2004,112.9189,94.6585,89.6419,136.5042,58.8549,97.5787,114.3138
2011-12-28,87.6242,77.9206,110.5794,100.7082,120.2113,100.72,88.3817,111.5398,103.5264,111.9966,94.6404,89.2346,136.5626,58.9954,97.8228,114.3048
2011-12-29,88.4974,77.7577,110.1612,100.1078,119.8001,100.0814,87.9043,111.0104,102.6817,111.2184,94.4563,88.1507,137.3165,59.3224,97.7333,114.3934
2011-12-30,87.2875,76.8799,110.3653,100.1927,119.786,99.214,88.0117,110.7237,101.8954,111.1901,93.5668,87.345,134.6082,58.4613,98.4304,114.4308
2012-01-02,89.9684,78.8973,110.1184,100.2513,121.6759,99.0759,88.4579,110.977,103.2389,111.4204,94.082,87.6013,136.4666,59.3644,98.9942,114.4135
2012-01-03,90.5344,79.2083,109.9309,99.9743,122.5919,99.9788,88.2484,111.1525,103.0569,111.4256,94.1501,86.3869,136.7339,59.584,98.9562,114.4963
2012-01-04,92.5898,80.0642,109.8454,100.4371,125.3878,101.1027,89.2406,112.2129,104.4722,112.2365,94.2509,87.8211,138.0825,58.8116,99.4407,114.5475
2012-01-05,91.549,79.6875,109.9281,100.6299,125.2528,100.6411,89.016,112.4172,105.0549,112.0224,94.6589,88.0919,137.8637,57.2577,99.6678,114.6119
2012-01-06,89.5666,78.5776,110.4795,101.0173,124.9473,100.4747,88.5451,112.7241,104.4775,111.6285,94.1101,88.1517,138.1348,57.0259,98.5975,114.6413
2012-01-09,92.7809,80.8658,110.4474,101.6843,127.4173,102.2395,90.0605,112.9714,106.3003,112.3483,95.1116,89.4092,140.8743,57.8122,99.2461,114.69
2012-01-10,92.7101,80.5345,110.4576,101.9695,127.9479,103.029,90.4558,113.5618,106.9916,112.8786,94.7135,88.6663,140.5104,57.0569,99.4698,114.7017
2012-01-11,91.594,80.4406,110.1826,101.7999,126.8747,102.4337,90.3627,113.0751,107.5301,113.0986,94.7087,86.8239,139.7031,56.7955,98.9425,114.725
2012-01-12,92.1784,80.8603,110.2173,101.8623,126.687,102.8524,90.6924,113.3604,107.9785,112.9013,94.8719,87.0485,140.8197,56.3879,99.3145,114.7201
2012-01-13,90.8909,80.1585,110.6599,102.1097,126.2307,102.4594,90.418,113.7316,107.5623,113.0801,94.5227,87.1095,141.3041,56.667,98.8564,114.8151
2012-01-16,88.7661,78.8768,110.4464,101.9724,125.233,102.3813,90.4224,113.9434,107.3256,113.0551,93.7074,88.1023,138.0258,55.0112,98.3609,114.7775
2012-01-17,91.1669,80.0708,110.6725,102.2306,125.3033,102.8517,91.078,114.3591,108.9443,113.6564,94.6329,90.5406,137.8082,56.0371,98.9714,114.7521
2012-01-18,92.2496,80.7926,110.5147,102.4072,126.1843,103.7758,91.3805,114.5616,109.0081,113.073,95.0345,90.105,138.8176,56.7406,99.0952,114.7937
2012-01-19,93.1598,80.4457,110.2353,102.1395,126.8873,103.9936,91.4236,115.1035,109.494,113.1494,95.2224,89.0519,138.7377,56.2795,98.7964,114.852
2012-01-20,92.7017,79.9785,110.3758,102.706,128.1691,104.7394,91.7153,115.6728,110.0594,113.5897,94.9509,87.4166,139.0697,56.1406,98.4056,114.8318
2012-01-23,92.2449,79.3463,110.5074,103.4398,128.0851,105.6312,92.627,115.4979,110.1931,113.6391,95.4529,86.444,139.4244,56.3137,98.2696,114.8347
2012-01-24,92.4259,80.1973,110.1239,103.4575,128.1363,105.6361,93.178,115.1219,109.8607,113.6067,95.8984,87.8461,139.6957,56.9552,98.6715,114.862
2012-01-25,92.1204,80.1635,110.9373,104.3908,130.6,106.4924,93.9387,115.8243,109.7098,114.1068,94.7037,88.964,138.6698,56.8544,98.9063,114.7985
2012-01-26,93.574,80.4156,110.8581,104.5036,130.8023,106.5575,94.3497,116.5004,110.4213,113.9207,95.3394,89.0363,139.3402,57.2303,99.2651,114.747
2012-01-27,93.2159,80.6034,111.0949,104.8619,130.9112,106.0929,94.515,116.9685,111.0968,114.0479,95.0555,89.0436,140.1138,57.13,99.0669,114.7593
2012-01-30,92.8787,80.1394,111.0986,104.8513,130.8717,105.6453,94.1053,116.6293,111.3982,114.3481,95.634,90.6671,138.7072,56.7799,98.7932,114.8009
2012-01-31,93.8874,80.872,111.2298,104.7266,130.4357,105.1829,93.9531,116.7664,111.1324,114.1678,95.4423,91.1433,140.4823,58.4388,98.5854,114.82
2012-02-01,94.918,82.0374,111.4216,105.009,130.2381,104.7484,93.8898,116.1396,112.3558,114.5121,96.677,92.4957,142.2494,59.5397,98.3709,114.846
2012-02-02,96.123,82.6538,110.8549,105.0874,131.131,105.6334,94.1159,115.5616,112.5122,114.4485,97.0641,93.1729,141.5596,60.1977,98.5749,114.8225
2012-02-03,96.129,81.5276,111.148,105.3548,129.6419,105.096,93.9115,114.8305,111.8003,114.4003,96.8621,94.5799,142.0003,60.6506,98.6708,114.8107
2012-02-06,95.8484,82.0345,111.7082,105.9529,130.4549,105.1816,93.7752,115.7988,113.0992,115.293,96.59,93.1819,145.1539,60.4531,99.0715,114.714
2012-02-07,97.1036,83.5005,111.4948,105.6164,130.9229,104.8886,93.9305,116.0764,113.2808,115.2422,96.9235,91.9059,147.0766,61.8483,99.2163,114.725
2012-02-08,96.0725,83.1023,110.871,104.7674,129.5497,103.6793,93.0743,115.3815,112.0713,114.4982,96.0281,93.2422,146.4859,61.3131,98.3625,114.6994
2012-02-09,99.6388,84.1588,110.6393,104.6267,131.6017,104.7746,93.647,115.6823,112.3985,115.1404,96.02,95.0078,145.7507,62.8892,98.8641,114.7349
2012-02-10,100.8274,85.4853,109.2972,103.1488,131.0071,104.6072,93.4703,114.7863,111.8869,114.2331,96.2139,94.443,145.7998,62.5934,98.2503,114.7733
2012-02-13,101.8358,86.8088,109.1948,103.1532,131.0611,104.6839,93.886,114.6901,112.0183,114.1112,96.5298,94.4794,146.2882,63.7375,98.8806,114.6809
2012-02-14,101.9884,86.7087,108.9321,102.748,130.4607,104.2613,93.7509,114.7082,112.1531,114.2359,96.0042,93.6179,145.6667,63.3954,98.864,114.7679
2012-02-15,102.9483,86.8928,108.3664,101.8135,129.8257,103.8048,93.1495,114.6634,111.3573,113.6393,95.7429,93.359,145.2377,63.886,98.768,114.7297
2012-02-16,102.7294,86.5086,108.0636,101.8132,130.3979,103.9412,93.4743,114.9525,111.7625,113.7925,95.4326,92.5322,143.0662,62.8405,99.1192,114.6716
2012-02-17,103.3441,86.7494,107.7517,101.4707,129.3321,103.3363,93.7472,115.0169,111.7727,113.2409,95.8203,92.0056,143.045,63.2054,99.1717,114.656
2012-02-20,104.1286,87.3,107.7597,101.1124,128.5658,103.1212,93.09,114.6626,111.4932,112.9149,96.1141,92.0786,142.7024,64.2717,99.6166,114.6595
2012-02-21,104.1837,87.052,108.0556,101.6269,130.7736,104.2845,93.932,115.7091,112.2844,113.885,95.8696,91.226,143.6139,63.0643,99.646,114.7099
2012-02-22,106.5309,87.7595,108.6697,102.73,132.4389,105.1805,95.4462,116.4692,113.542,114.4849,94.9707,91.8319,145.0322,64.3159,99.752,114.6935
2012-02-23,106.7893,88.2969,108.998,102.986,133.4597,106.0764,96.5459,117.1551,113.6828,115.4051,95.0746,92.3688,145.1826,64.7047,99.9097,114.7594
2012-02-24,107.2539,87.7068,109.3556,102.953,132.3945,106.0673,96.6929,117.3581,113.8467,115.3635,95.9187,92.8731,144.3171,65.1422,99.78,114.7345
2012-02-27,106.6073,87.4198,108.9843,102.4899,131.2643,105.6212,96.4756,116.6393,112.5901,114.6231,95.6467,94.1476,143.8302,65.1655,99.2634,114.7538
2012-02-28,107.3916,87.6379,108.7457,102.4617,131.1797,105.72,96.9588,116.3652,112.3148,114.8961,95.1551,96.1623,143.1365,65.3077,99.7029,114.7988
2012-02-29,106.5464,86.5416,108.3613,101.7345,129.523,105.0315,96.2047,115.587,110.4568,114.5275,94.4413,97.0155,141.9215,65.2576,99.7033,114.8437
2012-03-01,105.4659,85.8674,108.645,102.1293,128.4297,105.114,96.4577,115.2927,110.3005,114.1186,94.3411,97.2914,140.9551,64.8715,99.7904,114.8669
2012-03-02,106.1208,86.175,108.1366,101.6616,128.0529,104.4097,96.1055,115.205,110.4979,113.7207,93.9511,98.2163,140.4313,64.5029,99.6595,114.8955
2012-03-05,107.3391,86.4781,108.5256,101.9356,128.8892,104.8553,96.3742,116.2208,111.5044,114.587,94.6186,97.4106,140.3862,65.5517,100.1935,114.9721
2012-03-06,106.0781,85.3959,108.5176,102.0072,128.3178,105.0453,96.5116,116.0329,111.3222,114.661,94.2264,98.2232,137.8965,64.2305,100.2541,114.9717
2012-03-07,107.4254,86.0921,109.061,103.0455,129.3943,106.5864,97.4652,116.131,112.4777,115.3512,95.1313,97.4337,137.383,66.703,100.418,114.955
2012-03-08,109.3663,87.0099,109.0411,103.0408,129.5693,107.4201,97.9349,116.3553,113.2452,115.5297,95.4246,99.4031,136.9233,67.7006,100.3049,114.9132
2012-03-09,110.0957,87.2121,108.5723,102.5324,129.8967,106.8569,97.6404,116.0794,113.5408,115.6197,96.1345,99.1932,136.0641,67.4663,100.2848,114.9036
2012-03-12,111.3358,88.1099,108.0996,102.257,130.6364,106.3597,97.5965,115.5664,113.7324,115.7646,95.9333,101.4036,137.3266,67.0989,100.1553,114.8856
2012-03-13,111.0157,88.2682,107.9966,101.7477,130.7185,105.6317,96.7552,115.3001,113.1199,115.4597,95.6001,100.7037,138.2942,66.4063,100.2614,114.868
2012-03-14,110.5916,88.4658,107.8663,101.8767,131.8894,106.1608,97.4628,115.6888,112.8922,115.6008,94.0326,100.5287,137.5591,66.0871,99.7979,114.9067
2012-03-15,110.7361,87.7481,108.1404,101.9881,131.167,106.1075,97.1632,115.6193,112.7696,115.4459,94.9595,102.0114,137.1195,66.2559,100.0123,114.8517
2012-03-16,110.4128,88.0741,108.188,101.9889,131.4456,105.9977,97.0067,115.857,113.0672,115.5444,94.5834,102.9211,136.9195,65.2098,100.5372,114.8444
2012-03-19,112.3187,89.3973,108.5132,101.8531,131.8462,106.5856,96.9258,116.2148,113.5578,115.5938,95.9714,102.4991,138.8457,66.8385,100.6416,114.8478
2012-03-20,110.981,89.1074,108.3516,101.4804,131.1674,105.9722,96.7052,115.866,113.3066,115.5846,95.5323,101.3656,139.0943,65.1116,100.7617,114.8697
2012-03-21,113.3375,91.0241,108.4003,101.6096,132.8748,107.2407,97.6102,116.4814,114.4771,116.3942,96.1108,100.2984,140.8518,65.9472,101.4172,114.9738
2012-03-22,111.2492,90.7388,108.3926,100.9903,131.1797,106.2765,96.2646,116.1101,113.4559,115.6632,95.8312,100.5188,141.7669,64.9155,101.3258,114.9255
2012-03-23,113.6024,91.0721,108.7903,101.2453,132.1853,106.8843,96.5768,116.7889,113.886,116.1262,96.1238,99.8146,143.1151,66.2286,101.97,114.9019
2012-03-26,117.8076,93.2037,109.1599,101.3668,133.0259,107.4951,97.2558,117.508,115.2165,116.7038,98.2677,100.8836,146.6247,68.6975,102.6987,114.8598
2012-03-27,121.5211,94.3617,109.2256,101.7005,135.6836,108.2531,98.1115,118.3405,116.4437,117.3537,98.9847,101.211,149.1346,68.6079,103.8791,114.8912
2012-03-28,119.7092,94.0686,109.2558,101.8439,135.1716,108.5623,98.4664,117.7958,115.6347,117.3592,98.4061,101.7432,150.6454,67.2455,104.0081,114.9621
2012-03-29,119.2046,94.1433,109.4721,101.9214,135.7532,108.3547,98.689,117.932,115.7546,117.9353,98.0487,102.3967,148.8734,67.5233,103.6641,114.9791
2012-03-30,119.3149,93.6239,108.7789,101.5595,134.9127,107.2949,97.9358,117.4504,116.1757,117.497,97.8532,102.5125,147.3867,67.0003,103.2888,115.0063
2012-04-02,117.4919,92.8914,108.6418,101.607,134.4859,106.8955,97.3579,116.9077,116.5493,117.2123,98.0544,101.5099,148.2595,65.0403,102.8609,115.0282
2012-04-03,119.6168,94.1389,108.79,101.9296,135.1013,107.1059,97.5581,117.205,117.4351,117.1584,98.7361,101.8151,150.0953,66.6881,102.9992,115.0834
2012-04-04,121.6202,95.1278,108.8099,102.1277,136.6172,108.6587,98.6869,118.0256,117.5917,117.5956,98.2838,101.6734,151.2877,67.1054,103.7271,115.1224
2012-04-05,124.3343,96.4193,109.0125,102.6857,139.3572,109.8132,99.8065,118.9413,118.7471,118.5009,98.6634,103.9657,152.1645,67.9254,103.9611,115.157
2012-04-06,123.3844,95.5204,108.4845,102.2125,139.9204,110.1256,99.6614,119.1461,117.5912,117.874,97.2781,104.5605,149.9386,66.5772,103.3112,115.1802
2012-04-09,119.1908,92.8906,108.8419,102.0076,137.5393,108.5218,98.1545,119.0843,116.1325,117.3888,96.4967,102.077,149.6065,65.9211,102.4567,115.2018
2012-04-10,119.6241,93.4754,108.9017,102.0324,138.2529,109.2377,98.8189,119.2703,116.4101,117.5049,96.9599,101.7818,148.6556,66.7343,101.7884,115.1586
2012-04-11,118.9176,92.9854,109.053,101.8666,137.5731,109.0986,98.3133,119.1743,116.0833,117.697,97.553,101.6042,149.7864,66.6767,101.6918,115.2015
2012-04-12,120.5803,93.9462,109.6021,102.6392,139.8831,111.172,100.1086,120.6753,117.6432,118.3703,98.4914,101.2713,150.2053,67.1423,101.7091,115.2374
2012-04-13,119.3384,94.0726,109.9364,102.7566,139.2698,111.2862,100.27,120.7641,117.459,118.4643,97.8677,100.1208,150.3014,66.4552,102.4212,115.3081
2012-04-16,119.0333,93.8652,109.7516,102.6332,139.1833,111.9283,100.7019,121.1554,117.8054,118.0822,97.0296,99.5486,149.4617,64.3533,102.5911,115.3465
2012-04-17,118.5035,93.4598,109.6555,102.7061,138.2574,112.1576,100.9522,121.1241,117.9682,117.4695,97.4615,99.4309,149.4538,63.5863,102.502,115.3842
2012-04-18,117.953,93.5081,109.7569,102.6956,138.6333,111.7619,100.5076,121.2642,118.7322,117.7109,98.1606,101.5457,147.4279,62.9301,102.395,115.4038
2012-04-19,117.9623,93.2814,109.2781,101.7573,137.6844,111.405,99.685,120.3945,118.0046,117.2541,97.6239,100.8081,145.0837,62.6887,101.8327,115.396
2012-04-20,116.5969,92.2174,108.6957,101.2248,136.0143,110.8416,99.2898,119.7032,117.1146,116.8888,97.3076,100.6048,143.9468,61.5893,101.8968,115.332
2012-04-23,117.9718,93.3092,108.8206,101.3488,136.802,110.9237,99.5766,119.7738,118.4087,117.2934,97.966,100.5066,145.1502,61.6983,101.8848,115.3181
2012-04-24,118.9117,93.9301,108.6995,101.5635,137.7349,111.9114,100.1793,120.0338,119.7121,117.6707,98.0669,100.9984,144.0419,61.3545,101.7909,115.3457
2012-04-25,117.8615,93.3017,108.3915,101.321,137.0436,111.4198,99.8963,119.8191,119.7445,117.5599,97.8413,100.867,144.08,59.9775,101.6108,115.3587
2012-04-26,117.3851,92.6798,108.4396,101.2592,137.6523,111.0413,99.8115,119.745,119.1989,117.5192,97.9027,100.324,141.762,60.2323,101.466,115.3313
2012-04-27,117.4918,92.4323,109.0932,101.6161,136.8678,111.3702,100.2454,120.6233,120.2465,118.3625,99.2568,99.4544,141.919,61.3488,101.5439,115.3331
2012-04-30,114.6573,91.3583,109.0691,101.1973,136.065,110.2598,98.8782,120.4899,118.9703,117.6484,98.5946,99.601,139.7587,60.7312,100.9751,115.4029
2012-05-01,117.0301,92.5711,108.9182,101.1458,136.9033,110.728,99.3406,120.8029,120.0185,118.0291,98.8937,98.94,140.9409,61.6949,100.9614,115.3735
2012-05-02,116.1264,91.6912,109.1049,101.1188,136.7049,109.8964,98.5654,120.3336,119.4478,117.91,98.5078,96.9073,140.619,61.5957,101.0979,115.3887
2012-05-03,116.0692,91.5704,108.4238,100.8285,137.1266,110.3097,98.8823,120.2721,119.7316,117.7976,98.1007,96.9515,139.3511,60.3503,100.6774,115.4015
2012-05-04,116.2915,91.2464,108.3758,100.7312,136.4693,110.3914,99.0055,120.5363,119.9275,118.0292,98.1247,97.8432,140.0882,60.0666,100.4872,115.3186
2012-05-07,114.0305,90.0552,108.2163,100.2807,134.7266,109.7923,98.4271,120.0962,118.5699,117.7521,97.1571,97.0663,139.4554,58.9452,100.6161,115.3507
2012-05-08,112.7836,89.0892,108.5542,100.3143,133.1634,108.5592,97.3858,119.8745,118.7361,117.3721,98.629,96.2487,138.2142,59.1306,100.947,115.3812
2012-05-09,112.8475,88.6033,108.7444,100.6352,132.5103,109.1139,98.0436,120.1787,119.4242,117.8638,98.6554,96.6441,136.8746,59.1137,101.1044,115.3666
2012-05-10,114.6418,89.833,108.1294,99.8231,132.7081,109.0556,98.0697,119.675,118.4037,117.431,97.8003,97.2327,138.1067,59.2877,101.3589,115.3989
2012-05-11,112.7675,88.8092,108.1147,99.7133,131.8872,108.4837,97.6001,119.6149,118.4638,117.2374,98.1915,97.4168,137.1293,57.68,101.236,115.4406
2012-05-14,116.7111,90.7437,108.0775,99.7122,133.3397,109.4163,98.3852,119.6623,119.9795,118.1826,99.4816,97.4934,137.77,59.5242,101.5757,115.4777
2012-05-15,116.0853,90.8969,107.8358,99.2914,131.7602,109.4846,98.4139,119.3439,119.5832,117.6769,99.5952,97.3822,137.1329,59.4075,101.408,115.5718
2012-05-16,114.0772,90.2863,107.8534,99.1335,131.3686,109.6908,98.0158,119.4451,119.4703,117.6595,99.01,98.2728,134.0452,58.4164,100.984,115.5617
2012-05-17,114.397,90.8069,108.22,99.6888,132.9858,110.1929,98.4981,119.6894,120.0405,118.1216,99.6152,98.3482,135.5724,58.2269,101.468,115.5513
2012-05-18,114.8059,92.0709,107.6407,99.0611,134.1015,110.0525,98.0473,119.4699,119.8936,118.3144,99.8824,97.793,134.7334,58.8677,101.3449,115.5543
2012-05-21,115.6779,92.4007,107.6862,99.2901,134.5317,110.2825,99.0435,119.9671,120.5026,118.6288,100.8086,96.4326,133.9221,59.9811,101.4344,115.6388
2012-05-22,115.2008,93.9907,107.3231,98.8335,134.1553,110.7092,99.1044,120.0242,120.3046,118.353,100.6826,97.4848,133.7686,59.664,101.8923,115.6771
2012-05-23,113.146,93.0267,107.8475,99.1016,132.2128,109.4793,98.71,119.8404,120.6877,118.5631,100.0872,98.0368,134.4643,58.7064,101.6024,115.6994
2012-05-24,113.4417,92.4096,108.1452,99.793,132.7089,110.0571,99.4109,120.0353,121.3289,118.7466,100.187,97.5244,135.0197,58.3201,101.7986,115.7393
2012-05-25,112.6141,92.341,107.7984,99.8763,134.0274,110.483,100.3456,120.2522,121.4392,118.6646,99.0037,96.3563,133.5679,56.9288,101.5122,115.6868
2012-05-28,113.493,92.8328,107.6388,99.7854,135.3338,110.7508,100.3804,120.4746,121.2942,119.105,99.0879,98.7061,133.527,57.6342,101.0283,115.71
2012-05-29,114.894,93.8165,107.6586,99.8533,137.0096,111.2939,100.8301,121.5152,122.1102,119.4335,99.344,99.0353,133.6946,57.751,101.3903,115.7623
2012-05-30,114.3442,92.9141,108.4373,100.4552,137.1714,111.0507,100.9362,122.1247,122.0801,119.6537,99.283,99.4545,134.0511,57.9057,101.476,115.798
2012-05-31,113.4626,91.455,108.7237,100.3995,136.459,110.0849,99.9229,122.0836,120.9547,119.5546,98.5248,100.2786,133.7326,58.1037,101.2644,115.8555
2012-06-01,112.2605,90.9937,109.0196,100.9148,136.8175,110.1698,100.1219,122.6829,121.4392,119.712,98.5631,98.5852,134.7923,57.8593,100.9992,115.9291
2012-06-04,110.3493,90.4235,109.4852,101.6822,136.5938,110.3928,100.3082,122.7063,121.7959,119.8945,100.1005,99.1913,135.0163,57.8117,101.0246,115.9488
2012-06-05,111.0266,90.346,108.8578,101.1357,136.5354,109.9352,99.625,122.2421,121.3785,119.7769,99.8236,98.771,135.6115,57.8749,100.8975,115.9299
2012-06-06,110.8539,90.1669,108.7455,100.4045,134.8781,108.5571,98.8349,121.8043,121.0307,120.0127,99.8446,99.6562,134.268,58.0982,100.763,116.0007
2012-06-07,108.9782,89.4074,109.182,100.5196,134.0353,108.6138,98.5586,122.1626,120.6085,119.7786,99.8569,99.811,134.289,57.5429,100.4742,116.0642
2012-06-08,110.6759,90.5251,109.2495,100.6788,135.3989,109.0924,99.0835,122.1355,120.8444,120.7108,99.5879,101.8343,135.9417,58.0363,100.9558,116.084
2012-06-11,111.4347,90.643,109.7193,100.85,135.6408,108.6839,98.3497,121.8559,120.4934,120.3277,99.2811,103.1133,137.1206,58.3883,101.2632,116.0684
2012-06-12,111.3581,90.6777,109.1812,100.5567,136.878,109.0272,98.4697,122.1052,120.3638,120.0581,99.5486,104.777,133.9368,58.1891,100.7072,116.0647
2012-06-13,110.2328,90.0897,108.564,100.3411,136.688,109.0226,98.6354,121.4303,119.5502,120.2937,98.5933,104.915,133.2792,58.4589,99.3082,116.0551
2012-06-14,107.8574,89.1179,108.8608,100.6013,136.2436,108.6904,98.6545,121.8655,119.174,120.4035,98.4586,104.0407,132.6964,58.4101,98.6157,116.1151
2012-06-15,109.2251,89.2858,109.2029,100.9379,135.7792,108.3772,98.2248,121.617,119.5536,120.1398,99.0307,106.4748,132.0676,59.6168,99.1281,116.1228
2012-06-18,107.4015,89.0149,109.2266,101.2814,136.6761,108.9902,98.8917,122.1224,119.8135,120.1853,99.4209,104.9803,129.5496,59.3075,98.7643,116.154
2012-06-19,106.0748,89.0394,109.402,101.6064,136.8284,108.9469,99.1896,122.0917,119.4592,120.5304,99.2452,106.2899,128.2077,58.9259,99.6658,116.1455
2012-06-20,102.7054,87.4244,109.2612,101.2333,134.2046,108.0546,98.7737,121.3601,118.08,119.9666,98.1605,106.0731,126.6248,56.9064,99.5998,116.1484
2012-06-21,100.8466,87.297,109.9903,102.1336,133.6022,108.074,99.442,121.5786,119.5348,120.3703,98.9707,104.9012,126.8683,56.2081,99.6192,116.226
2012-06-22,102.0257,88.0123,110.0423,102.7137,134.8686,109.178,100.5406,121.7991,120.7477,121.0321,99.7938,105.1965,128.0436,56.3572,99.8451,116.3082
2012-06-25,100.9671,87.6348,110.5979,103.2726,135.8684,109.8228,100.8587,122.2813,120.9121,121.6193,99.7753,105.7158,126.8525,55.6602,100.4775,116.3372
2012-06-26,102.6887,89.0342,111.1139,103.434,136.6457,110.2344,101.4713,122.832,120.9859,121.9006,100.1402,107.6359,128.9886,57.0755,100.5993,116.353
2012-06-27,100.081,87.2775,110.8379,103.4788,136.9435,110.0667,102.3331,122.7118,120.0446,122.4017,98.1301,106.1638,126.2769,55.434,99.8757,116.373
2012-06-28,99.885,86.4511,110.9084,103.2574,136.9921,110.2346,102.11,122.866,119.6892,122.8623,98.2766,105.308,125.8777,55.9141,99.024,116.3638
2012-06-29,99.5706,86.0573,111.2491,103.4181,137.7831,110.273,102.0263,123.3794,119.9867,123.4578,98.4165,104.7593,125.5529,56.3563,98.3569,116.2686
2012-07-02,98.824,85.2229,111.2421,103.7439,137.6933,110.4627,102.1242,123.4686,120.1899,123.4765,98.2397,104.8104,125.1323,55.6249,98.3088,116.3403
2012-07-03,98.3534,84.912,111.7777,104.2396,137.4852,110.337,102.424,123.2984,120.226,124.0681,99.4874,105.3934,125.8866,56.2822,98.3672,116.3871
2012-07-04,98.2865,84.4136,111.1271,103.4833,136.406,110.554,102.1744,122.9729,119.3964,123.7822,98.0548,103.3332,124.7055,55.7249,98.3881,116.4371
2012-07-05,98.496,83.8894,111.1887,103.4963,136.4287,110.0955,101.8891,122.887,119.385,123.3681,97.4529,102.9727,124.9684,55.4068,97.9462,116.4345
2012-07-06,98.5688,83.0394,111.4745,103.5199,136.5623,109.8224,101.3723,123.0436,119.5328,123.202,96.8911,102.7034,123.7874,55.3779,97.1904,116.4554
2012-07-09,97.6315,81.6751,111.3634,102.8803,134.4115,108.1401,99.8187,121.8958,118.5397,122.692,97.2156,102.6748,123.021,55.1243,96.8405,116.4216
2012-07-10,96.4837,81.3143,111.1188,102.878,133.4029,108.0426,99.2203,120.7355,118.5304,122.1463,97.58,101.1933,122.3921,54.3676,97.0257,116.362
2012-07-11,97.5721,80.8793,111.4981,103.3418,132.9091,108.1149,98.8739,120.5475,118.2365,121.8645,97.5704,103.0891,123.814,55.4756,97.1023,116.4144
2012-07-12,98.2586,81.2211,110.8496,102.8555,133.0839,108.5049,98.942,120.1969,118.2947,122.058,97.2465,102.2764,123.3616,55.1551,97.195,116.4375
2012-07-13,96.2238,79.7054,111.0815,103.291,132.9566,108.1764,98.6363,120.3235,117.7125,121.6809,97.2331,102.6613,123.3586,54.1127,96.8274,116.3687
2012-07-16,95.3058,79.9487,110.7557,103.1213,131.4838,107.5459,98.3854,119.2036,117.1999,121.1016,97.6126,100.9775,124.2424,54.5265,96.6787,116.3544
2012-07-17,96.0903,80.3116,110.6002,102.8392,131.9252,107.8635,98.8958,119.257,116.7497,121.0346,97.8775,101.2374,123.6327,55.448,96.1178,116.39
2012-07-18,96.9416,80.4315,110.29,102.4342,131.1651,107.7298,98.6551,119.0355,116.3745,120.7337,97.7951,100.178,123.7107,56.1321,96.3365,116.4582
2012-07-19,98.3409,80.801,110.1017,102.7642,132.5116,108.8622,99.6709,119.3502,116.7677,121.0787,97.269,100.0388,123.8017,56.801,96.1607,116.4243
2012-07-20,97.767,80.7855,110.0474,102.7739,132.6415,109.1125,100.0519,119.5566,116.969,121.7169,98.0772,98.5237,122.8105,56.8234,96.7086,116.4244
2012-07-23,99.2405,81.0825,109.91,102.5171,132.4195,109.2068,100.1667,119.7641,117.14,121.689,98.308,98.515,123.4857,57.2616,96.9747,116.4378
2012-07-24,99.2736,81.6646,109.5001,102.2313,132.1915,109.1159,100.8656,119.7224,116.4157,121.6631,98.3669,98.5034,123.7461,57.2915,97.791,116.4864
2012-07-25,100.1021,81.7035,109.3609,102.2224,133.0286,108.8726,100.657,119.8926,115.9257,121.8715,97.5643,97.9913,125.0562,58.1524,97.8674,116.4167
2012-07-26,100.188,82.0365,109.0731,101.749,132.1789,108.6834,100.9708,120.133,115.6197,121.6423,97.636,96.8605,124.7471,58.5201,97.9242,116.4135
2012-07-27,98.0136,79.9424,109.1929,101.7946,131.2668,107.7467,100.5457,119.7137,114.2188,121.6827,95.9658,97.036,123.8215,57.3813,97.427,116.4311
2012-07-30,98.8285,79.6871,109.4639,101.8159,131.1023,107.5361,100.7054,120.0655,114.3209,122.0259,96.837,98.4544,124.3624,57.6264,97.6962,116.4069
2012-07-31,100.724,81.0063,109.5512,102.4226,133.9061,109.2474,101.7947,120.3186,115.5115,122.3701,97.3107,98.261,124.3265,58.4357,97.6367,116.4332
2012-08-01,101.3707,81.1067,109.5277,102.4463,134.7424,109.5287,101.8218,120.1018,114.9142,122.4865,96.454,98.2293,125.3132,58.7435,97.6595,116.3871
2012-08-02,100.1026,79.4825,109.3597,102.4425,133.1651,108.9915,101.4568,119.6186,114.4654,121.992,96.0638,98.9774,123.5866,57.3111,97.7714,116.4159
2012-08-03,98.6025,79.8153,110.1143,103.1281,132.8173,109.3125,102.1516,120.061,115.5284,122.525,97.7625,98.4083,122.0253,57.8172,98.0718,116.5122
2012-08-06,100.6726,81.5083,109.9253,102.9092,133.9663,108.5441,101.8498,120.0639,115.84,122.3891,98.0931,98.9631,124.4764,59.2037,98.1704,116.5861
2012-08-07,103.9137,83.7733,109.4184,102.6459,135.8858,109.2422,102.0383,120.2363,116.8862,122.4315,99.2414,99.72,127.0159,60.4638,98.3346,116.6571
2012-08-08,104.7554,84.6317,108.7751,102.4063,135.5193,109.5289,102.8781,119.6425,118.4146,122.4601,100.0899,98.9726,126.782,59.643,97.9497,116.6341
2012-08-09,104.5197,84.6843,108.6354,102.8778,136.2356,109.9244,103.1994,119.2755,119.1877,122.4269,100.8885,98.5119,126.6665,59.0037,98.187,116.6319
2012-08-10,104.3072,84.7633,108.9573,103.1808,135.6388,109.9911,103.4476,119.8808,119.9346,122.4792,102.0802,98.5006,127.1263,59.2963,98.3862,116.6205
2012-08-13,102.7511,84.1445,108.5577,102.7497,134.741,109.8931,103.1894,119.2472,119.6161,122.3118,102.5908,96.6771,126.5108,57.9558,98.22,116.6966
2012-08-14,101.8199,83.7541,107.7713,101.882,133.0868,109.5219,102.4622,118.5778,118.7868,121.8595,102.6294,96.9158,125.6051,56.8433,98.4018,116.7413
2012-08-15,102.4908,84.1999,107.0945,101.5398,133.783,109.2274,102.5698,118.0517,118.5286,121.6874,101.7565,97.1504,125.4472,56.4494,98.3983,116.7313
2012-08-16,103.9123,85.4565,107.0181,101.5884,135.312,108.6452,102.3181,118.0229,119.2355,121.411,102.2302,97.7071,125.703,57.0267,98.5673,116.7436
2012-08-17,104.8499,85.6294,106.7409,100.9061,134.8898,107.8478,101.3761,116.9787,117.9273,120.8799,101.4506,98.9657,125.9116,57.0313,98.9193,116.7989
2012-08-20,105.6744,86.2228,106.1036,100.3426,134.1239,107.81,101.2146,116.3263,116.7752,119.6211,101.6269,99.0515,126.5895,57.5,99.1051,116.7953
2012-08-21,104.7298,85.13,106.2169,100.755,134.6008,108.3675,101.5634,116.5188,116.7138,119.3569,101.6367,98.4513,125.2579,56.8184,98.8011,116.7791
2012-08-22,103.4744,84.4954,105.6156,100.2228,133.5782,108.3684,101.9383,115.9882,115.6734,118.9006,101.3593,99.4968,122.5494,56.0761,98.2514,116.836
2012-08-23,103.1656,83.7557,105.34,99.7829,132.5791,107.8502,102.006,116.2256,115.0396,118.7937,100.1631,99.3329,121.1291,56.1626,97.7485,116.8044
2012-08-24,105.5642,85.0406,105.4954,100.1363,134.4793,108.7448,102.9806,116.6094,115.1177,119.1384,100.2631,100.4287,122.1047,57.4535,98.5239,116.7955
2012-08-27,105.3389,85.398,104.7295,99.3458,134.1922,107.9569,102.4129,115.6822,113.8771,117.9256,99.2446,100.0789,121.5433,56.8025,98.3863,116.8285
2012-08-28,103.9569,84.4544,104.6753,99.3763,133.4584,108.3562,103.0275,115.6428,113.7085,118.3176,98.5248,99.0444,121.444,56.1327,97.5041,116.7922
2012-08-29,101.8958,83.8531,104.9816,99.7515,133.0889,108.732,102.9867,115.5352,113.2711,118.1055,98.2306,99.6256,120.2588,55.8659,97.1596,116.7602
2012-08-30,100.4916,83.5305,104.619,99.3514,131.535,108.7407,102.786,115.3525,112.909,117.867,97.8679,98.0049,118.4484,55.4052,97.3569,116.9178
2012-08-31,103.1297,84.49,104.6418,99.0131,131.919,109.2845,103.0167,115.4885,113.1921,117.6161,98.5919,97.5384,119.4262,56.3517,97.5228,116.8562
2012-09-03,102.128,83.9139,104.3013,98.9462,131.4207,109.0928,102.8924,115.2685,113.3224,117.0588,98.8942,98.4307,118.2749,55.2352,97.1895,116.8063
2012-09-04,99.4684,81.9035,104.4671,98.9653,129.2959,108.6278,102.5965,115.2136,111.6975,117.0443,96.9076,99.3247,118.6004,54.8613,96.0291,116.8693
2012-09-05,98.4679,81.3571,105.0123,99.273,129.3895,108.8287,102.4846,115.7642,112.0043,117.561,97.4403,99.7002,118.254,54.6784,95.8739,116.8918
2012-09-06,97.5687,81.2329,104.8394,98.5223,129.0141,107.4535,101.5989,115.2435,110.6942,117.3244,96.9514,99.0031,119.095,54.0075,95.946,116.8584
2012-09-07,97.7386,81.5908,104.9884,98.6871,130.1719,107.6786,101.9449,115.2234,110.437,117.7786,97.034,99.5286,119.3515,54.9667,95.4375,116.8035
2012-09-10,100.1965,83.0514,104.4724,98.4977,130.5285,107.9269,101.9341,114.5124,110.4041,117.7043,97.3812,99.9767,122.3466,56.2341,95.9589,116.7996
2012-09-11,99.6326,83.3834,104.4938,98.5071,130.9044,107.8446,101.8374,114.4365,110.4644,117.8533,97.3137,100.8813,122.0582,56.0043,95.8687,116.8083
2012-09-12,97.5412,82.8096,104.0866,97.9028,129.4609,107.5837,101.4032,114.1362,109.3245,117.2854,96.2779,101.6652,120.606,54.5255,95.7595,116.8488
2012-09-13,96.1786,81.9808,104.4981,98.5394,130.4293,107.1445,101.4335,114.5914,109.7339,117.2103,96.2332,99.7678,120.3186,53.8138,95.6553,116.882
2012-09-14,98.5728,83.6597,104.4792,98.5353,130.2714,107.4904,101.8049,114.8705,110.6769,117.073,97.5894,101.6844,120.8055,55.8421,95.8133,116.8502
2012-09-17,100.5734,84.5441,104.4535,98.5497,131.0783,108.4363,102.6582,115.1358,110.6585,117.5868,97.6357,103.5134,121.9859,57.1471,95.6731,116.8663
2012-09-18,100.1237,85.2785,104.3226,98.1315,130.9483,108.3518,102.4914,115.404,110.6377,117.34,97.9613,103.9574,121.938,57.0116,95.3157,116.8914
2012-09-19,101.4289,86.7132,103.672,97.4944,131.1624,107.6001,101.6876,114.4599,110.548,116.7215,98.3898,103.0965,121.2412,57.9494,95.7662,116.8845
2012-09-20,100.6498,86.2728,103.1659,97.193,131.8057,108.3677,102.0823,114.7178,110.8481,116.8175,97.9858,102.1076,119.5651,56.4003,95.1389,116.9311
2012-09-21,101.5035,87.0372,102.5302,96.531,132.2047,107.8628,101.9417,114.3624,110.1285,116.8121,97.1924,103.4692,119.6211,56.9862,94.6684,116.8806
2012-09-24,101.3938,87.3334,102.2763,96.2722,132.4999,107.717,102.3141,114.4973,110.1171,117.5098,96.6131,102.124,119.9638,56.7759,94.8827,116.862
2012-09-25,102.4724,87.3975,102.4979,96.2926,132.8335,108.1,103.2003,114.8472,109.6629,117.4865,96.7031,101.6157,120.7867,57.0921,95.2837,116.8786
2012-09-26,103.6122,87.7467,102.324,96.2757,133.5746,108.3367,103.4216,114.4629,110.1617,117.9122,95.4403,101.4923,121.107,56.5686,95.2296,116.8784
2012-09-27,102.4025,87.5167,102.7489,96.4447,133.5737,107.7732,103.5461,114.4196,109.1177,118.031,95.1854,102.0285,122.6685,56.9958,94.8611,116.8324
2012-09-28,104.0703,88.9536,102.955,96.6275,134.9387,107.863,103.3574,114.4504,109.4591,118.6983,96.1476,101.5097,123.1374,59.6842,95.1623,116.9356
2012-10-01,103.6282,89.5095,103.2521,96.3538,133.3818,106.6892,102.3974,114.1526,109.5572,118.5605,97.679,103.4866,122.7897,60.7187,95.1398,116.9445
2012-10-02,104.5276,90.885,102.7247,96.5668,134.636,107.6992,103.3624,114.3674,110.3053,119.1288,97.6102,103.2566,124.4446,61.2595,95.0005,116.9775
2012-10-03,104.7998,91.0275,102.3115,96.1822,132.9163,107.5119,103.3382,113.8151,110.5735,118.7438,98.3365,104.0909,124.0329,61.2168,94.7266,117.0028
2012-10-04,105.8224,90.5869,102.4664,96.4932,134.6124,108.6356,104.2284,115.102,111.3807,119.5489,98.2346,104.1915,123.2881,61.3207,94.333,117.0551
2012-10-05,106.2964,90.1713,102.3757,96.3221,133.9951,108.9923,104.277,115.3662,110.851,119.6199,97.7063,104.8113,123.7474,61.4238,94.6088,117.0373
2012-10-08,108.9603,90.6777,102.3038,96.2052,134.7373,109.3619,104.5827,115.8312,111.3879,119.9268,97.0538,103.6814,124.6539,61.9067,95.1042,116.9674
2012-10-09,107.242,89.5908,102.5463,96.2167,133.3729,108.731,104.557,116.1728,111.3243,119.6959,97.6463,103.1257,123.5847,61.128,95.1066,117.0317
2012-10-10,105.5478,88.8952,102.141,95.8834,133.822,108.784,104.2282,115.7742,110.2157,119.8616,96.6421,101.7657,123.7842,60.3686,94.3837,117.0269
2012-10-11,106.1945,89.0609,101.5781,95.1801,132.555,108.5185,103.923,115.2131,109.9159,119.851,97.2089,103.3263,123.9935,60.5664,94.0,117.0359
2012-10-12,106.255,89.1637,101.7898,94.9587,132.6819,108.4766,103.5852,115.3116,109.1282,119.9051,97.5659,104.3574,123.5007,61.6447,93.8424,117.0798
2012-10-15,107.8027,90.0748,101.9244,95.2131,132.7804,108.7587,104.1158,115.7264,109.7542,119.6733,98.2345,104.4345,124.3679,62.7244,94.2535,117.0772
2012-10-16,109.784,91.6565,101.5881,94.6808,133.4487,109.0259,104.2487,115.904,109.856,119.1563,97.683,104.5761,124.6706,62.3953,94.8519,117.1815
2012-10-17,109.1752,90.9853,101.3443,94.4948,132.1131,108.1977,104.0271,115.6302,109.6775,119.1504,97.7103,105.5315,123.4728,62.6811,94.4417,117.2229
2012-10-18,108.5735,90.5233,101.3487,94.7668,133.5396,108.4084,104.1479,115.5702,109.583,119.4493,96.6912,105.3183,123.875,61.6924,94.051,117.2343
2012-10-19,107.0438,88.7635,102.1116,95.6319,132.6267,107.9059,103.7156,115.1737,108.1514,118.8131,96.1527,105.6923,125.3711,62.5222,94.1441,117.2427
2012-10-22,107.1088,88.3509,102.1084,95.948,133.074,108.5267,104.1598,115.0806,107.7031,118.3047,95.8719,105.4744,124.9089,62.6409,94.1294,117.2522
2012-10-23,106.1687,87.5773,102.2156,95.6219,132.9482,108.4738,103.7337,115.3662,107.1269,118.3903,95.5657,102.9587,123.7629,62.5287,93.9867,117.2095
2012-10-24,106.8874,88.1376,101.4203,95.0607,133.0983,108.2843,103.6163,114.6621,107.829,118.172,95.0963,102.4752,122.9384,61.2216,93.6266,117.1562
2012-10-25,109.0892,89.9652,100.9665,94.3476,132.3041,108.3551,103.5196,114.1983,108.0221,117.4865,95.7604,104.187,122.7329,62.0489,93.8537,117.1357
2012-10-26,109.864,90.057,101.222,94.4422,133.8102,108.71,103.1479,114.882,108.7299,117.7678,96.0396,102.0291,122.9328,61.6898,94.3753,117.1096
2012-10-29,109.6233,90.4172,101.3594,94.5035,132.9751,108.8439,103.3267,115.172,109.3678,117.2923,97.0534,101.5341,124.6658,61.316,94.1092,117.1123
2012-10-30,110.6679,92.3486,100.6212,93.9791,133.74,108.6337,103.5547,114.6568,110.4585,117.87,98.0441,102.2787,123.4522,60.996,94.5787,117.0792
2012-10-31,109.4698,91.3175,100.5255,94.0995,133.4782,109.3401,103.8142,114.6944,110.012,117.9235,96.8149,102.5095,121.9054,60.3662,94.2088,117.1154
2012-11-01,109.7928,91.32,100.5845,94.3782,134.3729,109.7384,104.1423,115.2538,110.5783,117.9526,96.601,102.5263,122.2576,59.3602,94.7,117.1731
2012-11-02,109.843,91.1188,100.2922,94.2536,134.5801,109.8063,103.7592,115.1462,111.0531,117.6474,96.4754,102.3174,122.2309,58.5102,94.2165,117.1591
2012-11-05,111.1341,91.497,100.9573,94.8717,135.0142,110.2804,103.8101,115.7971,111.5381,118.2095,96.4419,101.9486,125.0963,59.462,95.0645,117.2193
2012-11-06,111.109,92.3032,100.8245,94.9224,135.6654,109.6385,104.0489,115.9154,111.8657,118.0448,96.4319,100.4628,125.4796,59.6235,95.2564,117.1722
2012-11-07,110.3809,90.8637,100.6052,93.9997,132.819,109.2604,103.1676,115.6698,109.4388,117.0768,94.9853,102.1356,124.1066,59.5708,95.2427,117.2293
2012-11-08,109.951,90.3379,100.2998,93.8735,132.8483,108.6757,102.7861,115.1966,109.4895,117.2047,94.112,102.3152,122.8911,58.6884,95.1068,117.2696
2012-11-09,109.0396,90.8774,100.4997,93.8901,132.0396,108.453,102.892,115.4203,109.2897,116.971,95.0301,102.7008,122.0897,59.7689,95.1634,117.2886
2012-11-12,111.8384,92.6247,100.4401,94.0216,133.4343,108.7808,103.4939,115.711,110.5041,117.3919,95.5205,101.987,123.7728,60.59,95.8215,117.2612
2012-11-13,112.9086,92.6128,100.5767,94.5099,135.103,109.4725,104.0327,116.1034,110.8966,117.7405,96.0479,102.2112,124.5885,61.0126,95.9194,117.2656
2012-11-14,112.1083,92.2473,100.4226,94.221,133.9806,110.2199,104.5214,116.5951,110.5218,118.0834,95.7175,100.7079,124.6686,61.045,95.6952,117.2955
2012-11-15,110.486,91.3866,100.4572,93.8812,132.8668,109.5244,103.8835,116.0281,109.4662,118.2819,95.476,100.2817,123.5195,61.1422,95.5665,117.2885
2012-11-16,112.9145,91.7848,100.1867,93.7314,132.4974,109.526,103.9311,116.2006,110.2843,118.2484,95.517,99.966,125.1122,62.0373,95.2323,117.3219
2012-11-19,112.1987,91.7218,99.9131,93.8576,132.8206,109.7044,103.9864,115.8107,110.9878,118.3069,95.1551,99.5498,124.2091,61.2861,94.5483,117.2672
2012-11-20,112.9442,92.0672,99.9513,94.2051,133.4781,110.3394,104.7051,116.4774,112.4675,118.3298,96.0065,97.611,125.2147,60.3472,94.975,117.3339
2012-11-21,112.0474,90.2043,99.8533,94.0394,133.1185,110.9326,104.2095,116.4741,111.7453,118.0599,94.9984,97.2208,124.5302,59.0204,94.371,117.3768
2012-11-22,110.0614,89.8896,100.2881,94.3006,132.817,110.4622,103.9123,116.2936,110.9137,117.6689,95.0729,99.3526,124.6662,59.0094,93.9036,117.3604
2012-11-23,110.558,89.8435,100.4169,94.63,132.6292,110.9756,104.321,116.4221,111.5726,117.8418,95.0742,99.9438,125.6286,58.6306,94.0477,117.2945
2012-11-26,109.8771,90.0607,100.1371,94.6612,133.2071,111.08,104.5465,116.5546,111.3465,117.2815,94.8263,100.4639,124.7967,58.6955,93.4027,117.241
2012-11-27,114.6802,92.8902,99.8739,94.5172,135.7602,112.1768,104.87,116.8051,112.3511,117.3682,95.7054,100.8562,127.1401,60.7674,93.697,117.2886
2012-11-28,115.435,93.1298,100.1153,94.7525,135.8634,111.9087,105.332,117.2999,112.9147,117.4535,96.3204,102.6476,127.5551,60.7016,94.0701,117.2892
2012-11-29,113.761,93.076,100.4013,95.0349,134.9267,111.3676,105.6673,117.5061,112.5232,117.2945,96.1077,104.4777,128.4548,60.9483,93.5805,117.3014
2012-11-30,114.2939,91.827,100.6284,95.2999,134.3424,111.2332,105.8536,117.5635,112.1649,117.6366,96.2433,105.089,128.3045,61.864,93.6419,117.3191
2012-12-03,111.6762,90.5524,101.1894,96.0227,134.0652,111.4399,106.1358,117.664,111.4754,117.6625,95.1723,103.6176,127.0724,61.3385,94.1615,117.3684
2012-12-04,112.9417,90.906,101.0439,95.771,134.4165,111.4327,105.3652,117.8557,112.6331,117.7316,96.2664,103.5502,128.273,61.0194,93.8569,117.4209
2012-12-05,113.0212,91.4253,101.0993,95.6852,134.8492,110.886,104.4983,117.243,112.8725,117.2417,97.4162,102.5165,127.5219,61.3488,94.0229,117.4717
2012-12-06,112.3751,92.1997,100.9823,95.3908,134.0204,110.7746,104.2049,116.8575,112.1635,116.7414,96.8562,100.6642,127.8797,62.2546,93.9424,117.4788
2012-12-07,109.6122,91.523,101.1823,95.0698,132.7802,109.9986,103.5547,116.6595,110.6554,116.6494,96.0084,99.9788,127.8945,61.9019,93.7789,117.4767
2012-12-10,110.7728,92.7409,101.1704,95.2307,133.0775,109.4458,103.2947,116.2086,111.3119,116.9103,96.4709,100.853,128.8725,63.3456,93.8971,117.4598
2012-12-11,108.3985,91.2493,101.3783,95.762,133.6348,109.2415,102.9584,116.2449,111.0257,116.8596,96.4577,100.041,128.1249,62.22,93.9484,117.5235
2012-12-12,106.1523,90.2886,101.3247,95.8678,132.9249,108.8046,103.188,115.9871,110.5227,116.7222,96.4755,100.9714,127.5609,61.1863,93.3701,117.5291
2012-12-13,106.5584,91.1888,101.2936,95.6383,133.0866,108.0285,103.3238,115.7432,110.7733,117.3061,97.0238,100.123,126.8605,62.1394,93.6623,117.5891
2012-12-14,107.2954,91.3026,101.4859,95.9473,133.9388,107.9415,102.9308,115.9197,110.5838,117.2035,97.281,100.6579,128.432,63.0369,93.9369,117.6789
2012-12-17,108.0129,92.7245,101.4218,95.7932,134.4075,108.3937,103.5511,116.349,111.5566,117.3449,98.0048,99.9685,128.8594,63.2698,93.6723,117.6486
2012-12-18,106.0772,92.5388,101.0536,95.3084,134.9548,108.3861,103.2085,116.3439,111.2717,117.1879,97.8979,100.2046,127.3696,61.471,92.9473,117.6312
2012-12-19,107.4009,93.1513,101.2539,95.5646,136.2718,108.8614,103.1847,117.103,111.9962,117.3825,97.6519,98.7889,128.8831,62.8766,92.3397,117.6471
2012-12-20,109.5789,94.8944,100.61,95.2902,138.3618,109.5986,103.1516,116.9495,112.7098,117.2813,98.716,97.2847,129.4135,63.3664,92.7766,117.6163
2012-12-21,109.4633,94.8132,99.7321,94.4934,137.342,109.1849,103.108,116.1932,111.7973,117.0248,98.465,96.8413,128.973,63.456,92.2018,117.6106
2012-12-24,107.5843,94.1709,100.1152,94.7145,136.9105,109.1077,102.9329,116.2218,111.1042,116.521,98.6091,95.6426,126.8405,63.6136,92.5196,117.7147
2012-12-25,107.3395,94.612,100.6153,95.2351,136.8773,109.5707,103.6429,116.9305,111.5257,116.489,99.7122,96.4408,127.8426,64.4635,92.4816,117.7366
2012-12-26,108.1364,94.6693,100.2986,94.6049,135.9425,109.1054,102.9807,116.9638,111.1127,116.0057,99.1108,96.6949,129.2737,64.3308,92.1195,117.7662
2012-12-27,110.8068,96.7069,100.4852,94.883,136.9849,109.57,103.4941,117.3665,112.4856,116.3806,100.5499,97.6432,132.052,66.5305,91.8106,117.7969
2012-12-28,108.6206,95.2818,100.5958,94.7061,136.1399,108.9371,102.3788,117.1806,111.5981,115.7335,99.1245,97.0826,131.2755,64.8879,91.6046,117.8124
2012-12-31,108.8962,95.7039,100.4461,94.9064,136.9106,109.4054,102.8155,117.1894,112.2367,116.0751,99.6382,95.8129,131.2861,64.5772,92.1953,117.8006
2013-01-01,108.8002,96.3672,100.6594,95.4773,137.1544,110.5388,104.3184,117.9379,113.3876,116.6392,99.8574,96.9344,131.8052,64.1964,92.2432,117.7598
2013-01-02,106.4059,95.7722,101.0281,95.5815,136.608,108.7018,103.5388,117.6335,112.8877,116.5326,98.9125,96.3997,130.2852,63.6608,92.4731,117.7869
2013-01-03,108.9997,97.4195,101.2277,95.9908,138.7158,110.527,105.3174,118.404,113.9778,117.4909,100.6891,98.0135,130.9615,65.3216,92.4796,117.8155
2013-01-04,107.9504,97.0626,101.6518,96.252,139.2433,110.5709,105.1065,118.8334,113.9883,117.5503,100.9072,97.1475,130.8424,65.5031,92.1481,117.8404
2013-01-07,108.5086,95.8328,101.7978,96.1691,139.5536,109.82,104.2507,119.071,113.2187,116.8499,100.7142,98.6588,131.432,65.6374,91.532,117.9539
2013-01-08,107.5238,94.3118,101.8012,96.7329,140.3135,110.1859,105.4469,119.991,113.5364,116.4312,100.3524,97.1241,130.2109,64.6343,90.7956,117.985
2013-01-09,107.6505,95.1395,102.0895,96.7959,141.1508,110.1252,105.3592,121.4961,114.7602,116.294,101.3668,95.5732,129.925,64.6076,91.218,117.9908
2013-01-10,110.2804,95.8802,102.4625,97.3086,144.0254,111.2956,105.947,122.3376,115.8802,117.2973,101.1396,95.668,130.9597,64.8069,91.9981,118.0231
2013-01-11,109.2009,95.3055,103.1291,97.9246,143.8681,110.67,105.7721,122.8129,116.7525,117.2487,102.2284,95.0537,131.4919,64.6882,91.9128,117.986
2013-01-14,108.8444,95.1307,102.6813,97.7466,144.2941,111.129,106.0871,122.0609,116.1949,117.0751,100.5771,95.5628,129.1782,63.4851,91.845,118.0594
2013-01-15,110.2453,95.9638,102.871,97.8693,144.3237,111.4497,107.0755,122.1499,116.0973,117.6748,100.031,94.5919,131.5147,64.929,91.9508,118.1137
2013-01-16,110.9515,95.7915,102.7668,97.9553,145.1429,110.9979,106.8455,121.7001,116.237,118.1952,100.2377,93.8582,131.3522,66.0273,91.7214,118.1315
2013-01-17,110.3671,95.6957,102.6464,98.073,144.501,110.3611,107.0341,121.596,116.1221,118.0464,100.1742,93.6305,131.6767,66.4412,91.6133,118.1652
2013-01-18,107.9554,94.1294,102.0289,97.3937,142.6178,109.7963,106.2814,120.7583,114.9638,117.2663,99.3376,92.7765,129.1508,64.5557,91.2055,118.1198
2013-01-21,107.8204,94.1961,102.2976,97.5578,143.4133,110.1648,106.1396,121.1513,114.7693,117.6115,99.111,92.9355,129.0815,64.7709,91.6538,118.0639
2013-01-22,105.5459,92.2884,102.6962,98.2826,144.269,109.919,106.046,121.2731,114.6475,118.0921,98.8831,93.0984,126.7911,64.1535,91.3155,118.1315
2013-01-23,104.4868,91.7711,102.841,97.8324,142.4571,108.7235,105.0378,121.1498,113.8065,117.3937,98.9243,94.2332,126.8081,63.233,91.7175,118.1067
2013-01-24,105.3807,92.1253,102.945,98.305,144.2702,110.1864,106.1095,121.6446,114.2406,117.6734,99.082,94.9075,128.0335,63.0235,91.5663,118.1195
2013-01-25,104.9921,91.2278,103.4952,98.771,143.6051,110.1353,105.8006,122.2974,113.7019,117.6781,98.2637,96.0848,129.6441,63.4886,91.7637,118.1638
2013-01-28,104.71,90.8965,103.3603,98.3167,143.4102,109.257,104.9166,122.2086,113.0124,117.2452,97.7662,94.1067,128.9798,63.3525,92.108,118.169
2013-01-29,103.1241,91.0778,103.369,98.2251,143.6681,109.3961,104.7781,122.1646,112.6495,117.4323,98.1062,93.2342,128.61,62.5951,92.5838,118.2114
2013-01-30,102.096,90.258,103.5583,98.3255,142.8964,108.8313,104.3195,122.2217,112.466,117.0102,98.7071,93.3993,128.7563,62.7623,91.9346,118.2424
2013-01-31,102.0609,90.7995,103.4634,98.4005,143.6111,109.5941,104.2865,122.3747,112.8437,116.9443,99.4907,93.8462,128.811,62.3124,92.2337,118.244
2013-02-01,99.9993,89.4771,103.7043,98.6889,143.0144,110.4919,104.8308,123.3038,113.7622,117.274,99.0345,92.1231,127.6489,60.2705,91.6024,118.3352
2013-02-04,100.4174,89.8126,104.5834,98.994,142.1502,110.139,104.4126,123.8403,114.6156,117.6671,99.8867,92.416,129.2292,61.0741,91.964,118.3728
2013-02-05,101.0253,90.1578,104.3534,98.9683,143.3973,110.6515,104.8617,124.232,114.7671,117.6738,99.2285,93.2349,128.2369,60.6749,91.9553,118.4006
2013-02-06,101.6516,89.8072,103.9548,98.7365,143.5872,110.8094,104.9497,124.1727,114.7268,118.3844,99.5703,92.5988,129.4991,61.0888,91.5978,118.418
2013-02-07,102.4934,89.7037,103.5435,98.3617,142.9571,110.8865,104.8707,123.6856,114.7806,118.1075,99.5768,93.0654,128.7193,60.5656,91.697,118.4659
2013-02-08,101.0804,89.8648,103.5978,98.2782,143.8475,110.5747,104.5358,123.8239,114.6948,118.0928,99.112,91.4846,127.9134,60.1074,91.3768,118.4483
2013-02-11,100.5654,89.6682,103.9843,98.6472,142.8694,111.0942,104.777,124.0235,114.0607,117.7221,99.4864,91.1631,129.7544,61.331,91.1794,118.4827
2013-02-12,102.602,90.7971,103.4584,98.7784,144.4641,111.6747,105.2345,123.4615,114.7445,118.1898,99.1079,92.3466,130.3366,61.7375,91.4111,118.5137
2013-02-13,104.2932,92.3055,102.6684,98.2097,144.4731,111.3677,105.2341,123.1544,114.8259,117.6599,99.0715,93.6992,130.6249,62.6036,91.1851,118.555
2013-02-14,104.0138,92.1921,102.9916,98.6479,145.496,112.1667,106.3288,123.8718,115.0102,118.0824,98.742,94.5468,130.0749,62.1707,91.2173,118.5314
2013-02-15,101.8122,90.7805,103.2496,98.8188,144.0223,110.8874,105.2237,123.2618,114.3711,117.7854,98.8835,94.4833,128.3865,62.0291,91.3305,118.5297
2013-02-18,100.7739,90.4762,103.2623,98.7261,143.796,111.116,105.5099,123.1961,114.4124,118.359,98.4362,94.0171,128.0699,61.0114,91.1736,118.5434
2013-02-19,100.7801,90.3547,103.2782,99.0391,143.9483,111.3807,106.182,123.1347,114.5321,118.2396,98.3596,94.73,128.8242,60.6793,90.8834,118.5572
2013-02-20,100.7007,90.8755,103.0465,98.368,142.3725,110.3645,105.6669,122.8189,113.4422,117.7693,97.6491,94.9,128.5729,60.8805,91.6329,118.6403
2013-02-21,99.1761,89.612,103.3208,98.5708,141.9345,110.2084,105.2458,122.9286,113.1557,117.4896,97.1413,95.1261,126.9191,60.1442,91.3125,118.62
2013-02-22,99.3252,90.1282,103.4599,98.7501,141.8149,110.369,105.5499,123.0632,113.5947,117.1243,98.288,94.1707,128.3235,60.5352,91.2054,118.6869
2013-02-25,101.5218,91.271,103.5533,98.8547,141.7556,110.2092,105.7329,122.5989,113.6823,116.9412,99.9316,94.537,130.2512,63.0782,91.3387,118.7428
2013-02-26,101.6653,91.091,103.1768,98.8221,142.1939,110.6425,105.8426,122.2453,113.5972,116.5051,99.8193,94.094,129.3594,62.2927,91.5176,118.8377
2013-02-27,101.1079,91.7028,103.4518,99.1584,142.4662,110.3682,105.8898,122.118,113.9985,116.3205,100.4307,95.1325,129.2572,62.7277,91.1753,118.8117
2013-02-28,101.3005,92.458,103.9897,99.8944,144.5899,111.3172,106.0084,122.8089,115.147,117.2898,100.8986,95.8673,129.6536,63.1537,91.5173,118.853
2013-03-01,102.4148,93.6205,103.4094,99.794,145.3666,111.5961,106.8695,122.7101,116.2459,117.0746,100.9501,96.1987,129.5313,62.8214,90.9608,118.8395
2013-03-04,101.4465,92.6089,103.3948,99.5989,145.1105,111.1721,106.3869,122.9928,116.3342,116.8756,100.9662,95.1867,126.6375,62.0576,90.9312,118.7921
2013-03-05,99.7478,91.1003,103.2744,99.344,144.901,111.4055,106.4476,123.2733,115.5902,117.0752,99.8436,95.2248,126.3727,59.9611,90.3799,118.8398
2013-03-06,97.366,88.8356,103.3078,98.965,142.4682,110.7846,106.0546,122.7481,113.4839,116.3511,98.9775,94.4364,124.816,58.6897,90.4209,118.8952
2013-03-07,95.1144,87.7136,103.9643,99.316,141.7232,110.0833,105.3569,122.68,112.5703,116.9094,99.1597,94.4734,124.3527,59.3051,90.5021,118.9151
2013-03-08,95.7758,88.6247,103.9037,98.845,141.9271,109.6546,105.0471,122.9664,112.559,117.3339,99.4434,95.0994,124.4104,60.0397,90.7222,118.9427
2013-03-11,95.6871,88.7587,103.9381,98.7235,141.684,109.4263,105.0611,122.8922,112.4882,117.3503,99.6746,93.9819,123.3763,60.7617,90.7065,118.9743
2013-03-12,97.0954,89.0613,103.9029,98.6328,142.1323,109.2642,104.8522,123.2714,113.5731,117.2711,100.2585,94.8455,123.3402,60.599,90.6375,118.9843
2013-03-13,96.786,88.7011,104.4497,98.795,140.7718,108.485,104.2564,123.1693,113.1016,117.0235,100.7066,95.3717,123.7551,62.0916,90.5183,118.9608
2013-03-14,94.9987,87.5327,104.8952,99.2922,140.397,108.5541,104.0039,123.1511,113.7672,117.3115,100.5921,94.6515,123.5596,60.2394,90.5365,118.9621
2013-03-15,95.2761,86.5255,105.0542,99.297,139.5322,108.2831,104.0766,123.4982,113.6012,117.3209,100.6387,95.0537,121.9208,60.4931,90.8451,118.9646
2013-03-18,94.2227,85.2962,105.3131,99.5544,138.2971,107.9574,103.754,123.3514,114.3003,117.1899,101.7842,93.7306,120.5336,59.6603,90.9554,118.9797
2013-03-19,94.6507,84.7372,105.5995,99.5248,138.7155,107.4563,103.0676,124.1343,114.0162,117.3451,101.87,94.2036,120.6201,61.023,90.4357,118.9831
2013-03-20,93.621,84.3195,106.0612,99.9401,138.192,107.3658,103.5353,124.7608,114.1964,117.5685,101.9793,94.7295,120.6581,60.6679,90.5738,118.9343
2013-03-21,94.2008,84.5906,106.3143,100.0075,138.6125,107.4271,103.7226,125.1401,113.7217,118.0169,101.276,94.9687,121.9641,61.4165,90.9192,118.9641
2013-03-22,92.0115,82.7837,106.8701,100.4836,137.9442,107.4982,103.8415,125.493,113.5581,118.2205,100.2229,94.5136,120.928,59.3592,90.9276,119.007
2013-03-25,91.5827,82.1593,106.4494,100.2887,138.5017,107.2926,103.8555,125.0309,113.3713,118.175,100.7549,93.1738,119.2761,58.7801,90.756,119.0637
2013-03-26,91.6174,82.2102,106.3959,99.7141,136.6535,106.7797,103.4704,125.0786,112.8727,117.575,100.5609,93.8181,120.6966,59.2827,89.756,119.1074
2013-03-27,92.5271,83.1704,106.1036,99.4197,138.3824,106.7424,103.6662,125.1722,113.3873,118.2915,100.3473,94.5893,120.4742,59.046,89.7866,119.0306
2013-03-28,91.8898,82.8255,105.9705,99.2027,138.4464,106.3238,103.1937,124.7705,112.5225,118.2988,100.1559,94.7241,120.2411,59.5593,89.2034,119.0471
2013-03-29,91.0773,82.3185,106.1624,99.1124,137.8333,105.435,102.7319,124.8984,112.015,118.093,100.716,94.3889,119.1224,59.763,89.5969,119.0032
2013-04-01,92.4038,82.7987,106.452,99.6457,138.3995,106.1562,102.6045,125.2763,112.9815,118.9505,101.058,94.1328,120.7049,60.8047,90.534,119.0211
2013-04-02,91.8766,82.3594,106.5559,99.6583,138.3023,106.0986,102.6651,125.6029,112.9498,119.346,101.3007,95.8262,119.6828,60.7482,90.2624,119.0451
2013-04-03,90.2943,81.0324,106.2646,99.4576,137.1423,106.063,102.6214,125.1321,112.1528,119.3529,100.629,92.9936,119.6507,59.6241,90.1071,119.1219
2013-04-04,88.8314,80.2325,106.6322,99.4676,135.9787,105.8986,102.4321,124.8377,111.3841,118.6949,100.246,93.8896,118.5779,58.9877,89.4803,119.2409
2013-04-05,88.6968,80.2491,106.3452,98.9643,134.8416,105.7667,102.0858,124.5133,111.4944,118.9248,100.5,94.0998,118.6199,58.8915,88.9897,119.3393
2013-04-08,87.2178,79.5067,106.8944,99.2773,134.0492,105.437,101.7862,124.5656,110.4838,119.0998,100.4549,94.0961,119.6444,59.1652,89.2925,119.3536
2013-04-09,85.1196,78.2841,107.0824,99.1925,132.5355,104.3818,101.1131,123.9112,109.2957,119.3379,99.2647,92.7722,118.6083,59.2063,89.0883,119.3939
2013-04-10,86.5796,79.3813,107.7584,99.8414,133.7483,105.269,101.3836,124.1509,110.2398,119.7542,100.0239,93.446,120.2245,60.2728,89.6943,119.4589
2013-04-11,85.4367,78.4948,107.8057,99.562,132.1178,103.8114,100.5465,123.7399,109.5366,119.0977,99.3965,93.3804,121.46,59.1724,89.3651,119.4428
2013-04-12,86.0395,79.2328,107.9784,100.2054,134.0071,104.3371,100.9123,123.8898,110.6905,119.2963,100.1289,94.1169,122.559,58.7029,89.6713,119.5132
2013-04-15,84.5686,78.0059,108.7975,101.105,133.3887,104.5022,101.666,124.4949,110.458,119.7458,99.1563,94.8569,123.255,58.3549,89.4057,119.5471
2013-04-16,85.2695,78.749,108.7694,100.9456,133.9908,104.819,101.382,125.0571,110.0642,118.9472,99.4909,95.5963,125.155,59.2347,89.0233,119.6208
2013-04-17,85.9615,78.5066,108.5584,100.8852,134.764,105.4821,101.5582,125.1695,110.218,119.1223,98.4051,95.6907,124.4192,58.7911,88.797,119.6293
2013-04-18,86.0689,78.3934,108.3366,100.1852,132.2598,103.9929,100.6983,124.777,109.2511,117.8016,98.6615,96.5097,124.9151,59.7734,88.3177,119.7373
2013-04-19,86.4956,78.5698,107.9827,99.217,130.1282,102.5263,100.0378,124.6122,108.7433,117.0141,98.9576,96.4221,125.8046,59.9668,88.1898,119.709
2013-04-22,87.8221,79.2474,108.0345,99.4692,130.6327,103.3467,100.3898,124.6946,109.5463,117.1318,99.3948,96.7017,127.449,60.5738,88.0438,119.7719
2013-04-23,87.0167,78.1824,108.1177,99.2433,129.8109,103.2187,100.1672,124.8072,108.4718,116.7032,99.4375,97.2383,126.9771,60.4595,87.5051,119.8803
2013-04-24,88.7853,78.8971,108.081,99.9386,131.3988,103.6217,101.0086,124.8032,109.6319,117.0096,100.3826,97.7647,128.2243,61.3843,87.7228,119.9928
2013-04-25,87.8502,78.5552,107.7825,99.391,130.5309,102.3404,100.7253,123.9686,108.4551,116.7388,100.2346,97.3378,126.2071,61.6964,87.6201,119.9491
2013-04-26,88.2819,79.4553,107.5889,99.3969,130.6843,102.6422,101.4998,123.9332,108.8704,117.1976,100.0329,97.4695,126.1264,62.5984,87.3278,120.0088
2013-04-29,87.4725,79.2154,107.642,99.4868,129.9845,102.3433,101.345,123.8145,108.7795,117.0294,99.9472,95.5675,126.6819,62.9518,87.0873,120.0717
2013-04-30,86.7882,79.8149,107.2815,99.0862,129.3001,102.22,101.071,123.4817,108.8266,116.3341,99.8713,94.2144,126.7788,62.1643,86.967,120.1006
2013-05-01,86.4917,79.3023,107.7113,99.458,128.6471,102.2043,100.9915,123.1573,108.4172,116.5009,99.8153,93.4434,126.7374,63.119,87.2834,120.2019
2013-05-02,84.3275,77.4247,107.8437,99.2072,126.8685,101.2346,100.0074,122.6717,106.8497,116.3219,97.8819,94.5574,126.4398,61.8363,86.6009,120.2252
2013-05-03,85.2031,77.656,107.3613,98.4922,124.7308,100.4576,99.4337,121.3504,106.4805,115.6277,98.2723,94.235,125.7887,62.4875,86.9482,120.2324
2013-05-06,85.1543,77.588,107.549,98.6436,123.692,100.3298,99.5348,121.4013,106.7996,115.5847,99.1217,95.4274,126.0752,63.4534,86.428,120.3054
2013-05-07,86.9048,77.9475,107.7872,99.0103,124.2006,100.7993,100.1108,121.8107,107.2612,115.4059,99.2224,96.4268,127.3402,64.2173,86.6412,120.3019
2013-05-08,86.8062,77.6192,107.9838,99.1101,124.6446,100.3427,99.8568,122.2274,107.5829,115.3821,99.2384,94.8336,127.2336,64.348,86.3895,120.3411
2013-05-09,87.3379,77.8583,107.9668,99.3072,125.9207,101.1226,100.6804,122.8849,108.4735,115.7334,99.0525,95.8367,126.6097,63.3898,86.1816,120.3405
2013-05-10,88.1374,77.8905,108.6542,99.7698,125.9674,100.8839,100.9803,123.142,108.4785,116.3858,99.7471,97.0046,128.9311,64.2961,86.9096,120.2497
2013-05-13,87.8883,78.2172,108.6282,100.0838,127.7096,100.9362,100.9014,123.8538,109.3042,116.7931,99.7373,95.1683,128.7345,64.6581,86.6841,120.2635
2013-05-14,89.1426,78.7083,108.8294,100.1946,129.2355,102.0126,101.1043,124.9088,110.0435,117.5436,99.7481,94.8113,129.5832,65.3953,86.5649,120.3556
2013-05-15,86.8245,77.171,108.4732,99.7572,128.1265,101.0998,100.2271,123.8914,108.313,116.4953,98.3953,94.1275,127.3281,63.6264,86.1408,120.3768
2013-05-16,87.8894,77.1264,108.6268,100.2011,129.2072,101.5605,100.6346,123.8623,108.4547,116.7685,97.9647,94.317,127.0301,65.2449,85.6371,120.4242
2013-05-17,87.588,77.5337,108.2781,100.0312,128.9418,101.8213,100.9267,123.8686,108.958,116.5325,99.2796,94.4452,125.821,65.1056,85.4435,120.467
2013-05-20,89.2828,78.8659,108.1748,99.7358,129.415,101.2913,100.1715,123.251,109.002,116.0494,100.1507,96.1007,127.733,66.0277,85.8396,120.4055
2013-05-21,88.1605,78.0191,108.1166,99.7197,128.5451,101.1968,100.1396,123.1962,108.7938,115.7841,100.5848,96.4725,126.8214,64.9273,85.7423,120.3882
2013-05-22,88.7498,77.9333,108.0389,99.8145,129.4806,101.3437,99.9703,123.3301,108.679,115.5992,101.4526,96.0913,127.9317,65.4638,85.7172,120.396
2013-05-23,88.1164,77.4613,108.4033,100.1128,129.8811,101.7473,99.8486,124.0394,108.7972,115.8855,101.1223,96.2905,126.4557,65.6403,85.5861,120.4626
2013-05-24,89.1659,77.7196,108.2369,99.9547,129.9845,102.6322,100.0589,123.8796,108.3971,115.9226,100.6412,98.0202,127.4137,65.3042,85.9867,120.5578
2013-05-27,89.1251,77.6776,108.3563,99.6751,129.373,102.1544,99.4174,123.5892,107.5798,115.9269,100.657,99.0529,128.2463,65.8712,86.0826,120.6201
2013-05-28,88.5743,76.5247,108.7216,99.3227,127.61,101.216,97.9904,123.6244,105.642,115.4203,98.9712,99.1241,129.3038,66.3208,86.6511,120.759
2013-05-29,88.1668,76.0507,108.6707,99.0881,126.4827,100.692,97.3766,123.2323,105.055,115.4756,98.3898,99.7629,129.3488,65.9827,87.0469,120.7919
2013-05-30,86.8413,75.3023,108.363,99.1869,125.7469,101.1817,98.2315,123.1615,105.0161,115.6935,98.5086,101.4204,128.6298,64.5845,86.4185,120.8123
2013-05-31,85.216,74.2959,108.3817,99.5146,125.7339,101.6136,98.6158,123.4995,105.5363,116.1411,98.7611,102.7433,127.6007,62.7762,85.7044,120.8216
2013-06-03,86.2515,74.4918,108.8512,100.1479,126.4561,102.1931,99.0357,123.4872,106.6724,116.6358,99.715,104.5103,127.3688,63.4923,85.5389,120.8985
2013-06-04,85.7294,74.4441,108.9519,100.0738,126.7922,101.7314,98.6979,123.4051,106.0512,116.521,99.3548,102.6418,127.3362,63.2596,86.1709,120.9344
2013-06-05,85.7107,74.3385,109.2114,100.5064,127.3995,101.7588,98.7937,124.1631,106.932,116.7602,99.8363,102.5136,127.072,62.8853,86.5362,120.9909
2013-06-06,86.6404,75.1129,108.2936,99.7639,127.1587,101.3148,98.7199,123.4259,106.8683,116.0536,100.3133,101.9669,126.6329,62.9409,86.4804,121.0446
2013-06-07,85.3627,74.4201,108.8688,99.7598,126.4063,101.3062,98.4517,124.1152,106.4824,116.8606,100.2233,101.5742,126.4355,62.8603,86.7518,121.0182
2013-06-10,83.6551,72.825,109.3163,100.0092,125.7139,101.2466,98.2036,124.3504,105.1828,116.7178,99.6468,100.6381,125.0218,62.9575,86.7147,121.0487
2013-06-11,83.8483,71.9096,109.6226,100.2327,124.7088,100.5302,98.4399,124.4306,104.9775,116.8131,99.4929,102.2675,126.2238,62.71,86.6946,121.1227
2013-06-12,85.084,72.0711,109.1557,99.7195,125.3768,100.228,97.7712,124.0893,105.0682,116.3615,99.2754,101.9886,124.6104,62.6408,86.7662,121.1687
2013-06-13,85.9823,73.0592,108.971,99.9708,127.1095,101.5542,98.5694,124.3529,106.1211,116.8984,100.2874,102.3374,125.9561,62.6369,86.5125,121.1567
2013-06-14,88.4115,73.6116,108.4646,99.5888,127.4011,100.9586,98.086,124.2573,106.7334,116.7046,99.4608,103.7324,127.254,62.4258,86.9062,121.1528
2013-06-17,86.097,72.0392,109.0026,99.7004,125.8277,100.6083,97.4105,124.1389,105.8138,116.8925,98.8904,102.0389,127.1525,61.8901,86.6452,121.1743
2013-06-18,87.0678,72.6782,108.7774,99.2115,126.4072,100.2431,97.2189,124.6459,106.3795,117.3407,99.0645,101.7879,127.8689,62.2353,86.3112,121.2029
2013-06-19,89.1123,73.3605,108.4459,98.7991,125.9784,99.9687,97.2914,124.8209,107.1422,116.8447,100.2126,102.2296,128.5971,62.4686,86.7401,121.1418
2013-06-20,90.311,73.6885,108.019,98.4692,127.6141,99.88,96.9677,124.9123,107.16,116.3906,100.0757,102.7892,127.5749,62.2738,86.6377,121.1493
2013-06-21,90.7598,73.4316,108.2212,98.0422,126.327,99.5206,96.2879,125.0542,106.5593,115.5604,100.7134,102.733,128.2314,62.824,86.608,121.202
2013-06-24,93.0099,74.1955,108.2271,98.4147,127.4651,99.9296,96.5688,125.0656,107.4066,115.4414,101.8805,103.5519,128.1571,64.1432,87.2536,121.2686
2013-06-25,93.1741,74.9142,108.4101,98.4333,127.3106,99.9217,96.3555,125.328,107.9206,115.6676,101.443,105.1053,127.2282,64.2209,87.8193,121.2949
2013-06-26,95.4145,75.4867,108.3429,98.7261,129.3138,101.0921,97.1861,126.0021,109.0647,116.1658,100.9562,105.7778,127.8718,63.8351,88.0172,121.311
2013-06-27,95.6638,75.4232,108.3145,98.5402,129.985,100.9202,96.8855,126.2939,108.894,116.3912,100.4178,104.3806,126.7336,64.8544,87.6562,121.3546
2013-06-28,93.5457,74.344,108.6308,98.9204,129.6258,100.6922,96.9757,126.1017,108.6967,117.0674,99.9533,104.1474,126.8545,63.1655,87.7468,121.3482
2013-07-01,93.1904,74.414,108.8417,98.9953,129.0643,100.3558,97.055,126.293,108.7489,116.7347,99.9293,103.8939,127.0101,63.5716,87.3925,121.3572
2013-07-02,93.7699,74.7326,108.9236,99.2799,129.3988,101.3012,97.6277,126.9796,109.5696,116.7932,100.2697,102.3336,128.6667,63.3912,87.5348,121.3633
2013-07-03,93.4964,74.0652,108.7895,99.3259,128.5491,101.3844,97.2991,126.5381,109.3993,116.4213,100.5216,101.8553,126.6991,63.6572,87.7579,121.3276
2013-07-04,93.4617,73.3414,108.6905,99.2852,129.1314,101.4234,97.2188,126.8172,109.1089,116.5803,99.8763,101.2974,126.3304,63.1883,87.6442,121.2928
2013-07-05,93.0303,72.9831,109.2568,99.7681,128.658,101.6646,96.9301,127.2543,109.1736,116.586,99.8653,102.53,128.2232,62.9304,87.8653,121.3698
2013-07-08,94.6052,73.3451,109.2037,99.7704,129.8897,102.903,97.478,127.6541,109.6614,116.9592,100.4381,103.9475,127.249,63.4057,87.7508,121.3504
2013-07-09,94.5635,73.5992,109.3124,100.1495,129.8586,103.1482,97.9724,127.7227,110.2727,117.2684,99.7986,101.6946,128.1187,63.7609,87.7643,121.4675
2013-07-10,95.6577,74.3775,109.4213,100.649,130.9176,103.9145,98.9007,127.9234,110.9006,117.5389,100.2062,100.8999,130.2441,64.6866,87.7686,121.4265
2013-07-11,96.1632,73.7095,110.2376,101.0637,130.3209,103.4519,98.5593,127.7933,109.9309,117.8537,100.374,102.3135,132.3993,66.3771,88.0848,121.4962
2013-07-12,95.1341,73.6436,110.0456,100.58,130.1275,103.1808,97.9401,127.7514,109.8246,118.1665,100.3196,101.9712,130.9522,65.7659,87.9042,121.5236
2013-07-15,95.5776,74.1393,109.5346,100.2922,130.5519,104.0391,98.6856,127.5141,109.4219,118.0594,99.9082,102.0815,130.2491,65.6113,87.8817,121.6599
2013-07-16,95.3828,73.7063,109.9094,100.2231,130.2671,103.5202,97.7011,127.2296,109.5458,118.2391,100.75,101.4027,130.1487,65.4815,88.2015,121.7074
2013-07-17,95.2566,74.1523,109.8176,100.212,130.3357,103.2362,97.8271,127.279,109.6408,117.6562,101.0928,103.0381,130.998,64.9964,87.9985,121.6667
2013-07-18,96.2057,74.7945,109.7966,100.5745,131.4636,104.1443,98.8485,127.3514,110.4163,117.9945,101.3449,104.6785,130.7747,64.4734,88.3686,121.725
2013-07-19,96.7055,75.8786,110.0086,100.5594,131.5443,104.5508,99.0204,127.4546,111.0433,118.2242,101.7175,104.5619,131.1909,65.0455,88.4934,121.8211
2013-07-22,97.1841,76.2799,110.2634,100.4807,132.1742,104.9941,98.9235,127.4651,110.3553,117.8536,101.3947,104.142,130.1628,65.6872,88.999,121.9341
2013-07-23,99.2567,77.4072,109.842,100.0238,134.2579,105.581,98.9277,127.9339,109.9696,118.0233,102.3243,103.93,132.6292,67.0261,89.0698,121.9717
2013-07-24,99.4779,77.8311,110.0622,100.4012,134.7722,106.2205,99.813,128.308,110.0434,118.1301,101.7468,104.4263,133.5636,67.3687,88.8904,122.0333
2013-07-25,98.5548,77.6173,109.8275,100.3565,135.8699,106.8244,100.2012,128.6036,110.079,118.6517,101.4727,102.5922,132.1892,66.308,88.9186,122.1178
2013-07-26,99.2602,77.3127,110.0324,100.6341,136.4085,107.1028,100.4418,128.7499,110.1723,118.8145,101.5494,101.1888,132.2147,66.8713,89.1596,122.1475
2013-07-29,98.8877,77.131,109.3154,99.9419,135.8479,106.2886,99.9668,128.1526,109.9314,118.8699,101.6664,100.4067,132.3369,65.6487,89.2253,122.1582
2013-07-30,98.5387,76.3722,109.4727,100.1738,135.7099,106.6891,100.0829,128.2581,110.036,119.5509,101.489,100.2168,132.2977,64.6989,89.8512,122.1522
2013-07-31,97.8973,76.1313,109.9315,100.6376,135.2042,106.5278,100.5448,128.6773,110.319,119.897,101.8715,101.778,134.0605,63.9963,90.0904,122.2057
2013-08-01,100.7969,76.8063,110.1042,100.928,135.8226,107.4249,101.5998,129.4364,111.0896,120.0032,103.2751,100.9178,135.8972,66.1573,90.288,122.1909
2013-08-02,102.0606,77.5734,109.854,100.5757,134.5602,106.804,101.3584,128.8999,111.0531,119.5461,104.2622,102.7194,136.0836,67.534,90.5275,122.2355
2013-08-05,103.4057,79.0059,109.2986,100.0073,134.7698,107.0629,101.5983,128.5383,110.7269,119.4608,104.1613,102.7042,137.2997,68.3103,90.8142,122.2656
2013-08-06,103.1369,79.8538,110.0571,100.8025,135.58,107.0591,101.9635,129.3042,111.1507,120.0445,104.9724,103.9012,139.9267,70.0344,90.9963,122.124
2013-08-07,104.366,80.3541,110.2308,100.779,137.7209,107.984,101.7702,130.2914,112.4327,121.151,105.8479,102.2834,139.9939,70.0976,91.1641,122.1869
2013-08-08,103.8593,80.5181,110.5678,101.2577,137.9595,108.9076,102.2483,130.9159,113.5305,121.6622,106.5051,103.8346,140.5156,68.5904,91.5686,122.2123
2013-08-09,106.1549,81.332,110.7135,101.0985,137.8422,108.6747,102.7656,131.539,113.5312,121.6493,106.7268,104.5475,141.7542,70.1311,92.1972,122.2131
2013-08-12,108.4257,82.8543,110.4231,101.1237,138.7854,109.1447,103.2205,131.0938,113.8112,122.1556,107.0741,103.9304,143.108,72.5341,92.6529,122.2092
2013-08-13,108.5787,81.8206,110.0695,100.3896,137.9593,107.8742,102.2044,130.4669,113.3135,122.176,107.1185,103.5262,142.5992,71.3512,92.72,122.2458
2013-08-14,107.6548,80.8513,109.5565,100.2218,138.0152,107.8025,101.6383,129.9923,113.1353,122.4123,106.0082,104.5626,140.1777,70.651,91.912,122.2009
2013-08-15,106.7317,80.5588,109.821,100.4576,137.4382,107.1567,101.1839,129.5144,113.0481,122.4558,105.7926,106.1888,142.0448,70.1675,91.5398,122.1827
2013-08-16,107.3559,80.708,109.2209,100.4558,137.4931,107.8308,101.6982,129.4388,113.6379,122.2751,105.7126,105.8925,142.9745,69.6828,91.123,122.1595
2013-08-19,108.9237,81.6162,109.1474,100.4694,138.7535,108.4237,101.8889,129.7461,115.0238,122.4469,106.9938,105.7163,142.4429,69.7819,91.1722,122.2298
2013-08-20,107.2417,80.5438,109.7377,100.5913,137.364,108.1646,102.1363,129.8985,114.325,122.8856,107.0434,104.7998,142.0446,69.823,91.2348,122.183
2013-08-21,109.2113,81.4113,109.3379,100.3521,138.4093,108.9579,102.3805,129.8591,114.8144,122.9714,107.9346,105.9127,142.1022,70.6419,91.0221,122.1221
2013-08-22,108.7913,81.5481,109.518,100.5358,138.2176,109.2681,102.6532,130.3126,114.7531,122.8919,108.5797,106.9661,143.1869,70.6207,91.1848,122.1111
2013-08-23,107.8041,81.8038,109.7218,100.3528,137.4273,108.6911,102.5361,130.0065,114.2616,122.7333,108.6118,106.9905,144.3848,70.3118,91.124,122.1091
2013-08-26,106.0392,81.6819,109.7867,99.8759,135.8843,106.919,101.3289,129.3903,113.3277,122.0325,108.7856,108.1503,145.2093,69.7254,90.9261,122.1547
2013-08-27,107.3147,82.632,110.2859,100.4557,135.4666,107.6327,102.102,129.5968,114.394,122.2348,110.2678,108.5944,145.0405,71.3298,91.7993,122.2101
2013-08-28,109.3609,84.085,110.8842,100.718,135.3884,107.8758,102.3022,130.1637,114.2886,122.0257,110.7914,109.6656,147.9129,74.3335,92.3879,122.2902
2013-08-29,106.9101,82.4866,111.1645,100.4308,133.2909,107.0783,101.7247,129.9993,113.1177,121.7933,111.308,109.2701,146.9889,73.4496,92.3184,122.2786
2013-08-30,105.2346,81.4677,111.3217,100.5545,131.3252,106.5388,101.7794,129.7259,112.4885,120.9824,111.1589,108.1885,145.6467,74.0206,91.6339,122.3529
2013-09-02,105.4792,81.3927,111.7686,100.977,129.3606,106.1073,102.1007,129.6529,113.1261,121.1291,112.2034,106.667,148.4781,75.4813,91.8237,122.3167
2013-09-03,104.9625,80.7345,112.426,101.6165,129.166,105.6558,101.8643,129.0822,111.1994,120.8849,112.3628,107.9336,152.061,77.1193,92.604,122.3627
2013-09-04,103.7574,80.1621,111.5943,101.157,129.5134,104.9699,101.8988,128.1729,110.3543,120.339,111.3681,108.6935,149.5177,75.5931,91.6003,122.4308
2013-09-05,103.8785,79.831,112.3001,101.7902,129.9453,105.2536,102.2782,128.5357,110.252,120.2477,111.1365,109.5679,152.0735,74.852,92.079,122.3223
2013-09-06,104.8228,80.2228,112.0683,101.6237,129.4903,105.09,102.1624,127.8634,110.3404,119.896,111.2539,111.2661,152.1353,74.733,92.2309,122.4009
2013-09-09,105.8348,80.9097,111.7653,100.9735,129.2652,105.287,102.075,127.8353,109.7158,119.5014,111.2624,112.3756,150.169,75.8269,92.3661,122.4131
2013-09-10,108.216,82.3113,112.053,101.5455,131.2133,106.9867,103.2749,128.8014,110.9689,120.56,113.0906,113.4514,152.5215,77.8308,92.6156,122.4683
2013-09-11,105.7221,81.6482,111.7412,100.7028,130.0904,105.3853,102.2673,128.2614,109.5545,120.3325,112.0804,112.8579,150.9198,76.5146,92.3931,122.4811
2013-09-12,104.1684,81.1355,110.8683,100.3313,130.3787,105.1874,102.1773,127.6589,108.5633,119.7758,110.539,112.4546,148.263,75.2439,91.8359,122.5774
2013-09-13,102.4477,79.5716,110.1211,99.0975,128.0052,103.5747,100.6756,127.2313,107.3313,119.0559,109.1349,110.9801,145.1929,73.829,91.218,122.5975
2013-09-16,103.4928,79.9373,109.9321,98.8313,127.9932,103.658,100.7174,127.1377,107.4176,119.3318,109.6961,111.4928,145.8996,74.2536,91.3954,122.6314
2013-09-17,102.8687,80.2474,110.1231,99.3214,128.6406,103.841,101.3407,126.9204,107.47,119.5812,109.6358,110.7428,144.7872,74.7096,91.7872,122.6135
2013-09-18,104.4787,80.6987,110.3832,99.4779,129.4062,104.52,101.7578,126.9452,107.679,119.4592,109.4303,110.7436,145.6817,75.3737,91.6725,122.577
2013-09-19,104.0459,80.276,110.907,99.914,129.7483,104.2006,101.9249,127.4154,107.4451,120.0133,110.0162,110.9442,145.95,76.2756,92.1238,122.5781
2013-09-20,102.4815,80.0243,111.1245,99.6663,128.9026,103.5733,100.9714,127.4286,107.3412,120.0701,109.9079,110.2402,145.8964,75.914,91.8042,122.5433
2013-09-23,101.3188,79.2988,111.4315,99.9441,128.1922,103.4184,100.8574,127.495,107.4882,120.0583,110.5651,110.0115,146.0146,75.7332,91.388,122.5601
2013-09-24,102.2328,80.3305,111.3802,100.1829,128.9248,104.0544,102.0381,128.3046,109.1033,120.8948,110.6616,110.4456,145.2789,75.118,91.8675,122.544
2013-09-25,102.8051,79.6065,111.8453,100.0001,127.8357,103.2467,101.3609,128.096,108.6413,121.0372,110.3701,111.0728,145.5915,75.3773,92.3106,122.466
2013-09-26,102.2678,79.568,111.7577,99.8762,127.5733,103.6571,101.6342,128.4633,108.441,121.3114,110.9172,110.2461,145.3166,75.5546,92.5184,122.4271
2013-09-27,103.3043,79.2766,112.2428,100.2457,128.2062,104.4871,102.1036,129.5916,109.1072,122.1641,111.1484,109.3881,145.2493,76.3414,92.8779,122.4946
2013-09-30,105.2318,80.1628,113.1413,101.0037,128.6205,104.8079,102.2558,130.1849,110.4984,122.7345,112.814,111.1077,147.4746,78.0153,93.7587,122.5359
2013-10-01,102.7522,78.8788,113.4867,100.991,128.0507,104.6052,101.9563,130.2897,109.3573,122.984,112.59,111.4052,145.6838,77.7728,93.2235,122.568
2013-10-02,101.8014,78.6285,113.2975,100.2822,126.5964,104.5127,101.516,130.1399,109.4309,123.5566,112.425,111.7451,143.4127,76.2437,93.394,122.584
2013-10-03,102.7407,78.8383,113.1806,100.3494,128.0699,104.8673,101.7215,130.8829,109.9597,123.7902,111.9943,112.2925,142.8401,76.2892,93.1322,122.5143
2013-10-04,102.9812,78.7358,113.5886,100.7071,128.7046,105.0485,101.483,131.1631,109.8283,123.3229,112.1447,112.777,142.473,77.1116,93.11,122.5648
2013-10-07,101.0428,77.2365,113.4509,100.5564,128.3681,104.4309,100.6424,131.2013,109.3855,122.9577,110.814,111.8611,141.2842,74.8008,92.6156,122.5167
2013-10-08,100.581,77.2276,113.5431,100.9709,130.2082,104.6879,100.4415,131.0333,110.0636,123.4951,110.473,112.7058,141.3983,73.2032,92.4674,122.538
2013-10-09,100.2611,77.9793,113.7047,100.8315,128.4302,103.9496,100.3452,130.9491,110.087,122.7927,111.0339,113.4128,141.6597,74.5962,92.2852,122.5123
2013-10-10,98.18,77.0678,113.6544,100.5695,127.2312,103.3794,99.9911,130.6474,109.5385,122.2773,110.9901,112.9254,139.6469,72.776,92.1566,122.5731
2013-10-11,97.4625,77.4835,113.6759,100.424,126.2618,103.3006,99.9071,130.3557,109.1148,122.4537,110.2539,111.7559,140.0264,73.5468,92.3772,122.5973
2013-10-14,100.1899,79.2081,114.0023,100.9662,127.7162,104.1524,100.6704,131.3662,110.8771,123.0766,110.9686,113.2274,142.6497,74.5338,93.2779,122.6046
2013-10-15,98.6212,78.4361,114.5264,100.9969,126.5366,103.5206,100.2397,131.4441,110.4241,123.2976,110.6576,112.3335,144.2139,73.5065,93.5003,122.6454
2013-10-16,97.3817,78.3934,113.772,100.6367,126.8941,103.6739,99.9741,130.2868,109.5421,123.2429,110.2067,112.535,142.7586,72.9513,92.9981,122.6941
2013-10-17,98.5923,78.4039,113.8043,100.7407,127.9108,104.4635,100.3179,130.5493,109.9025,123.7661,109.9585,113.4023,143.2826,72.4317,93.1531,122.8211
2013-10-18,97.9065,77.4609,114.0781,100.7575,127.2513,104.2246,100.0002,130.9404,108.7831,123.692,109.805,114.803,143.9373,72.8204,93.1418,122.9181
2013-10-21,97.6431,76.4628,114.7515,101.1968,127.5597,103.8805,99.8613,131.3162,109.145,124.4788,110.2317,115.4861,142.9506,73.1127,92.9451,122.8896
2013-10-22,98.3913,77.0279,114.5569,100.7665,127.4746,103.6794,99.3015,131.4859,108.9312,124.1792,109.0271,114.8131,144.8842,72.9298,93.2293,122.9336
2013-10-23,98.3661,76.8158,114.4808,100.8724,127.1943,103.8984,99.579,131.6478,109.2422,123.7678,109.8342,114.0576,143.1802,73.3093,93.1267,122.9024
2013-10-24,99.0957,76.9998,114.1492,100.6555,127.4609,103.8273,98.971,131.926,109.8196,123.1177,110.2706,114.2027,143.8347,72.4665,93.1574,122.8256
2013-10-25,99.3869,77.2326,113.9899,99.6163,126.954,102.3809,98.2589,132.1167,108.35,122.6911,109.1729,114.3925,143.8124,73.325,92.9634,122.7806
2013-10-28,99.8575,76.9702,113.817,99.4843,126.9544,102.6733,98.5318,132.6723,108.0134,122.2801,108.7135,113.9833,142.1419,73.3393,93.4403,122.7583
2013-10-29,100.8393,78.4497,113.6473,99.2635,127.6216,102.8857,98.8302,132.8524,107.4642,122.3663,109.1693,115.4108,142.8758,75.792,93.6557,122.7993
2013-10-30,101.004,78.5681,114.255,99.2786,127.8431,102.236,98.1768,133.0467,107.5578,122.4725,109.1117,114.1407,142.311,75.9306,94.5365,122.7896
2013-10-31,100.9843,78.3657,115.0503,99.3849,127.5022,101.2947,97.0784,133.3284,107.4601,122.4406,109.8166,114.8296,143.5275,77.5052,94.334,122.7647
2013-11-01,100.2119,78.1652,115.4083,99.243,127.449,101.2942,96.8808,133.7577,107.2458,122.2099,110.2828,114.8643,142.0694,76.682,94.6307,122.732
2013-11-04,100.4567,78.0196,115.2249,99.2349,127.5723,101.549,96.668,134.0618,108.3733,122.2864,110.3572,114.4309,140.9006,75.5152,94.4988,122.7692
2013-11-05,100.455,78.85,115.5795,98.9128,127.3942,100.689,96.6715,134.2631,108.8136,122.3506,111.1773,113.6666,140.2856,75.6032,94.701,122.7416
2013-11-06,98.7633,77.736,115.282,98.6837,127.1127,100.6618,96.6304,134.0549,108.981,123.0016,110.0488,113.8385,136.4709,73.8658,93.8206,122.7548
2013-11-07,98.38,77.9212,115.7674,99.1272,127.6132,101.2672,97.243,134.3518,109.3068,123.4102,109.7082,114.6969,135.6143,74.0478,93.6677,122.7127
2013-11-08,99.759,78.9991,115.9496,99.7074,129.2451,101.9039,97.5737,134.1896,109.9322,123.6677,109.8798,116.0493,136.0687,76.1167,93.4544,122.7415
2013-11-11,101.657,80.1495,116.0103,100.0434,129.3541,102.3183,97.7288,133.7922,110.6629,123.8334,110.9933,115.5723,137.2594,78.12,94.4891,122.8102
2013-11-12,100.8782,79.0815,116.0446,100.1752,128.4891,102.1214,97.3233,133.4349,111.6328,124.0496,111.4626,114.6468,135.7887,76.3908,94.4208,122.8062
2013-11-13,102.3459,79.7396,116.2201,100.3694,128.9503,102.046,97.6624,133.8053,111.9277,124.5161,110.9683,115.7968,137.9916,77.4532,94.623,122.9326
2013-11-14,102.8537,80.1336,116.8562,100.8026,129.9437,102.379,98.2768,134.5564,111.6552,125.0549,109.9604,116.3839,140.2884,78.5177,94.6119,122.9779
2013-11-15,104.2074,81.0568,117.0034,101.1395,130.6673,102.9333,98.9757,134.7771,112.6391,125.2612,110.0699,117.5432,142.1634,78.1216,94.9392,122.9054
2013-11-18,103.3678,80.7916,116.6163,100.8623,129.7532,102.553,98.9686,134.3139,113.0364,125.6914,109.7003,116.2793,142.7776,76.9487,94.3675,122.9089
2013-11-19,105.9031,81.7074,116.9596,101.4896,131.4875,104.2723,99.7514,134.9984,113.8826,125.8029,110.1741,117.438,143.6125,78.7642,94.4788,122.9402
2013-11-20,105.1364,81.4307,117.2662,101.3061,130.3693,103.9195,99.0962,134.7794,113.0129,125.9084,110.1145,115.2383,145.183,79.9032,94.6246,122.9572
2013-11-21,105.1504,80.7664,117.8824,102.0372,131.6028,104.5858,99.4557,135.1375,113.1381,126.026,110.035,115.1958,145.1576,79.4892,94.8243,122.9802
2013-11-22,104.602,80.1971,117.8475,101.5029,130.1354,103.5457,98.6505,134.6342,112.0555,125.5851,109.4878,117.0924,146.1679,79.0122,94.4239,123.0361
2013-11-25,104.0114,80.3967,117.2567,101.3788,130.3697,103.6348,98.464,133.6058,111.3611,124.9744,108.5437,115.6091,145.7584,78.9857,94.1948,123.0669
2013-11-26,106.4791,81.9483,117.7575,102.1247,132.3381,104.8111,99.5259,135.0746,113.8027,126.0908,109.2664,115.2044,148.0288,79.4352,94.9407,123.1179
2013-11-27,106.8213,82.0769,117.844,102.3361,133.2814,105.7557,100.0218,135.6315,114.8195,126.5642,109.7228,115.307,145.8863,78.2489,95.525,123.1557
2013-11-28,106.3671,82.0904,117.6059,102.1331,134.2673,105.0266,99.6687,135.6595,115.235,126.3533,109.1215,113.314,144.7062,77.5411,94.7862,123.186
2013-11-29,105.203,82.2089,117.4419,101.7744,134.3278,103.9923,98.3,135.2556,114.8325,126.0537,108.465,113.1343,144.2311,77.0974,94.7259,123.2634
2013-12-02,104.7094,81.6526,117.9563,102.3768,133.8715,103.9985,98.2322,135.3205,114.9211,126.0087,109.2935,114.2625,143.8699,77.8569,95.009,123.2765
2013-12-03,104.3319,81.2675,118.1878,102.513,133.4606,104.2068,98.4409,135.8273,115.1474,125.9877,109.5849,114.2879,144.5524,76.5624,95.3873,123.3251
2013-12-04,104.5462,82.0864,118.4817,102.8689,135.4634,104.4207,98.508,136.4243,115.4944,126.4429,108.5876,114.2467,144.1787,76.6956,95.9601,123.3447
2013-12-05,103.4095,80.9594,118.8896,103.5007,135.3886,104.6743,98.5758,136.5876,115.6409,126.9552,108.2296,114.6386,145.2146,75.3028,96.1574,123.2989
2013-12-06,102.4889,80.7182,119.1329,103.9582,134.431,105.0602,98.7368,135.9509,115.3549,127.0178,108.3927,114.7502,145.67,76.119,96.1451,123.2402
2013-12-09,101.2035,80.6774,119.4731,104.319,132.2832,104.4732,98.6284,134.8368,114.6714,126.7605,109.1298,115.2596,146.6977,77.0813,96.8591,123.2739
2013-12-10,102.0006,80.6217,119.4851,104.0178,132.6302,104.3816,98.4631,135.0246,114.7144,127.0273,109.3451,115.687,147.0584,77.24,96.4598,123.2893
2013-12-11,102.243,80.432,119.1735,104.1502,133.7084,104.702,99.3016,134.4136,114.7778,127.3047,108.6651,116.8048,147.2616,75.3625,96.2203,123.3011
2013-12-12,102.5098,81.2285,118.5767,103.7397,133.7798,104.6395,99.4312,134.4381,114.9466,127.3992,108.1923,115.7901,146.6836,75.1774,96.5772,123.3605
2013-12-13,104.3925,82.0664,118.7705,103.3786,133.3825,103.9813,98.7732,134.5042,115.0734,127.2297,109.2158,117.7369,149.3507,76.7748,96.5536,123.3104
2013-12-16,102.2242,80.8454,118.5206,103.1019,131.3723,103.3467,98.1318,133.4757,114.2619,126.1445,109.2553,117.4234,148.2165,75.2809,95.8852,123.3723
2013-12-17,103.675,80.8414,118.7926,103.3224,132.2562,103.8663,98.7821,133.6301,113.9793,126.4439,109.6756,119.5572,148.9478,75.8134,96.233,123.3584
2013-12-18,104.7959,81.4132,118.9105,103.2569,132.9596,103.5349,98.5326,134.1703,114.18,126.7934,109.932,119.5281,148.6561,77.0386,96.9885,123.436
2013-12-19,106.5291,82.2354,119.4946,103.7445,132.8852,103.6199,98.4315,133.7722,115.1811,126.9171,110.6181,120.3122,149.9179,78.6733,97.3635,123.4661
2013-12-20,107.2014,82.2122,119.2951,103.4021,132.5198,103.867,98.0512,133.6661,114.9709,126.9739,110.9974,120.0928,149.5624,79.56,97.4078,123.4398
2013-12-23,107.5979,82.6186,118.7766,102.9286,132.5416,104.4966,98.2781,133.4996,114.8477,126.8947,111.7173,117.2221,149.4291,79.6428,97.5618,123.5315
2013-12-24,109.3571,83.2451,118.2181,102.8582,133.433,105.3051,98.9884,133.936,114.768,126.4836,110.8142,118.2555,149.8376,79.9335,97.6271,123.5774
2013-12-25,110.4536,83.172,118.2968,102.9334,134.2769,105.6407,98.6809,134.3422,114.9093,126.928,110.9011,120.1288,151.9852,79.9528,97.6087,123.5785
2013-12-26,110.8203,83.3326,118.2746,103.1118,135.5382,106.1176,98.9567,134.7162,115.7324,127.3717,111.5292,121.5675,151.7369,79.1247,97.4198,123.6844
2013-12-27,112.1566,85.1912,118.1586,102.8898,136.6998,106.7831,98.8724,135.0614,116.1874,127.0348,112.1442,120.8534,151.8238,80.1224,98.108,123.5822
2013-12-30,112.1584,85.5716,118.0021,102.8742,137.0551,107.1098,98.9835,135.2064,116.0939,127.0777,111.1961,119.6449,152.9297,80.9214,97.5228,123.6077
2013-12-31,114.191,87.1646,117.6985,102.6543,136.6575,107.5132,99.5894,135.4153,116.8495,126.585,112.923,120.9801,154.2761,82.3367,97.6286,123.5848
2014-01-01,113.666,87.7882,118.1057,102.9316,136.2523,107.0748,99.1515,135.4475,116.992,126.0255,113.3816,120.9391,153.8167,83.6841,97.9316,123.5605
2014-01-02,113.7721,87.6587,118.4829,103.4175,136.0205,107.7347,99.9165,136.4527,117.8837,126.0342,113.9558,119.6409,153.7505,83.6428,98.2394,123.6365
2014-01-03,113.4994,87.6865,118.0349,103.3991,135.9729,107.3138,99.8361,135.8614,118.6078,125.7632,114.249,119.2035,154.66,82.0277,97.858,123.6363
2014-01-06,112.3305,87.6055,117.9734,103.2717,134.7592,106.6996,99.7134,135.6147,118.8693,125.5028,114.8247,119.2311,152.726,81.4039,98.0417,123.6259
2014-01-07,111.1273,86.0079,117.0908,102.3812,132.9051,105.6254,98.5102,134.4149,117.2014,124.3529,113.2502,120.4151,149.6883,79.6754,97.6532,123.6391
2014-01-08,112.4934,86.3013,117.2213,102.6046,133.462,105.567,98.8705,134.4404,118.4742,124.8668,115.0191,118.5994,149.7711,80.7583,97.6876,123.5731
2014-01-09,110.947,85.4787,116.7602,102.4893,134.0806,105.7837,98.7081,134.2814,118.2104,125.1557,114.6326,117.5705,149.2223,78.7991,97.4112,123.5847
2014-01-10,110.5572,85.3041,117.3315,102.8631,133.553,105.7155,98.9627,134.445,118.3064,125.671,114.4913,119.2327,149.8798,78.8435,97.7034,123.5922
2014-01-13,108.7272,84.7788,117.1005,102.7824,133.1973,105.6261,98.9784,134.5393,117.4505,125.5522,112.7721,120.7498,148.921,76.9257,97.9108,123.6569
2014-01-14,107.3551,84.2753,117.3814,103.3383,133.6671,105.5158,99.1861,134.5504,117.3378,125.7163,111.659,119.978,149.0343,76.4256,97.7186,123.6277
2014-01-15,109.2681,84.8106,117.4935,103.2387,133.3365,106.1898,99.3801,134.9646,117.327,125.5356,111.9545,119.3426,149.4402,78.8109,97.7613,123.6677
2014-01-16,111.5475,86.3918,117.7802,103.102,133.0384,105.9081,99.653,135.023,117.2245,125.7788,111.5703,120.016,152.2698,80.5843,98.9271,123.6698
2014-01-17,110.91,85.9149,117.5878,102.998,132.9588,105.8717,99.4795,134.5231,116.4678,125.2069,111.1267,119.3269,153.7019,79.7566,98.4363,123.6996
2014-01-20,109.1692,85.7547,117.7536,103.3745,133.1444,106.0615,99.5435,134.2672,116.474,125.2682,110.7993,118.6983,154.3542,79.0614,98.0113,123.6029
2014-01-21,110.2201,86.7429,118.1671,104.0871,134.4364,106.7773,100.0783,135.0362,117.0526,125.6238,111.8832,119.4099,155.1312,81.2705,98.7348,123.611
2014-01-22,110.1351,86.7291,118.1543,103.9567,134.025,107.0986,100.6111,135.4035,116.3348,125.4951,111.1308,120.9374,155.4418,80.2054,99.4172,123.6412
2014-01-23,108.9051,86.4309,118.4345,104.5245,134.2007,107.4312,100.524,135.187,117.3365,125.6351,112.5809,119.9771,152.7551,80.1673,99.3979,123.6045
2014-01-24,111.786,88.569,118.2965,104.2197,135.8921,107.8087,101.1538,135.6263,117.6338,125.7956,113.1858,119.4144,155.009,82.5813,99.4742,123.6632
2014-01-27,110.5405,87.832,118.424,104.7635,136.7626,108.3278,101.6636,136.2246,117.4416,125.8986,112.2421,119.1866,154.9517,81.3669,99.5497,123.7116
2014-01-28,109.6841,87.7544,118.7787,105.2925,136.5454,108.6509,102.1795,136.5359,117.8063,126.186,113.2186,118.9327,155.3071,81.8251,99.7645,123.6801
2014-01-29,109.6331,87.8985,119.3248,106.36,138.6993,109.5172,103.1958,137.4598,118.4773,127.1924,112.7024,119.6698,156.6742,81.7511,100.0667,123.7584
2014-01-30,110.384,88.5476,119.1379,106.3369,140.0545,109.4959,103.5439,137.4417,118.1082,127.9347,112.6967,119.2674,158.9426,83.05,100.1459,123.7132
2014-01-31,111.6131,88.7978,119.6653,107.1075,140.6022,109.4476,104.064,137.7424,119.3041,128.4486,114.2314,118.9709,159.6141,84.554,100.771,123.7111
2014-02-03,111.325,88.6256,119.2028,106.5506,139.566,108.2893,103.142,137.3079,119.2178,127.7204,114.9467,117.525,157.5083,85.0209,100.6898,123.6983
2014-02-04,112.2306,89.2776,120.1173,106.5845,139.6645,107.703,102.7764,137.8836,118.5009,127.6924,114.4776,117.0974,159.2068,87.171,101.4746,123.7203
2014-02-05,109.8166,88.9071,120.0819,106.8012,140.3648,108.555,102.8774,138.0214,118.1564,127.6154,112.6412,116.2411,157.6785,84.7324,101.3516,123.6875
2014-02-06,108.2155,87.484,119.4167,105.897,138.686,107.4705,102.096,137.2491,117.1583,126.8487,112.1857,115.0576,154.7486,83.146,100.5178,123.6516
2014-02-07,106.7184,86.5356,119.2971,106.1504,138.4721,107.5352,102.2907,137.0418,116.6767,127.0266,111.7356,115.0507,154.7108,82.156,100.4187,123.6895
2014-02-10,104.9588,85.8305,119.4151,106.3566,138.0723,107.0675,102.3054,136.9087,116.6415,127.2718,111.923,114.585,154.3703,80.6502,100.6173,123.7168
2014-02-11,104.6325,85.7451,119.7007,106.6368,138.4945,107.6549,102.5722,137.1438,116.157,127.5363,111.372,114.789,155.2142,80.886,100.7629,123.72
2014-02-12,105.3977,85.4063,119.4222,106.528,138.8733,107.2563,102.2334,136.5907,116.2871,127.4901,112.0538,113.2379,155.7725,81.218,100.5646,123.6548
2014-02-13,103.3408,84.1406,119.5616,106.5294,139.8118,107.4748,102.3049,136.7038,115.3169,128.1749,111.3642,111.3635,154.7325,79.8982,100.2572,123.6532
2014-02-14,101.9473,83.6328,119.9898,107.0566,140.1988,107.4221,101.7345,136.806,115.3573,128.0764,110.6184,111.2864,155.0853,79.215,100.0895,123.6248
2014-02-17,99.473,83.3758,120.1438,107.3356,140.0408,107.1263,101.3365,135.9794,114.7677,128.0056,109.8135,111.8255,153.0492,79.0493,99.5974,123.5802
2014-02-18,100.1308,83.3507,120.2986,106.8992,140.0461,106.8842,100.826,136.1323,113.9219,127.7429,108.5826,113.1306,153.471,79.2383,99.4136,123.5765
2014-02-19,100.9486,84.5069,120.5067,106.7315,138.8953,106.9257,101.122,136.1526,113.8266,127.6514,109.6751,112.9306,154.8672,81.5147,99.9079,123.5244
2014-02-20,103.431,84.7988,119.8557,106.324,138.919,106.6877,100.8497,135.3839,112.9369,126.6822,109.0915,112.9396,155.8666,83.1161,100.2794,123.5156
2014-02-21,104.6227,85.101,119.7754,106.7038,138.7865,107.7888,101.7292,135.7655,113.2234,126.4604,109.7108,113.1699,156.0577,84.0496,101.006,123.5249
2014-02-24,103.9468,84.9746,119.7076,106.4957,137.7775,107.3373,101.7617,135.6069,113.0528,126.0247,109.7302,111.4605,157.1021,83.6778,100.6001,123.5288
2014-02-25,105.0787,85.7135,119.3198,106.2641,137.4993,107.875,102.3198,135.3082,113.4756,126.07,109.7034,111.5608,158.0183,83.61,100.5568,123.5491
2014-02-26,105.0749,86.2859,118.7055,105.7623,137.0917,108.3537,102.6328,134.953,113.3954,125.7307,110.3361,111.6784,155.9133,83.8345,100.2446,123.5685
2014-02-27,105.6424,86.3041,118.9966,105.8715,137.214,108.4284,102.5988,135.5082,112.9008,125.6212,110.0245,112.2616,156.212,85.2734,100.4805,123.6298
2014-02-28,104.8296,85.5203,119.2325,105.6125,136.5192,107.2056,101.901,135.4385,111.8806,125.5264,109.2271,112.4175,156.3613,85.4683,100.3048,123.5834
2014-03-03,103.0171,84.4855,119.7541,106.5082,137.8567,107.8512,102.8106,136.5889,112.409,126.6141,108.7734,110.4751,155.6001,84.0118,100.5128,123.6176
2014-03-04,104.1026,85.0609,120.0998,106.9171,139.9146,108.3587,103.1563,137.3387,113.1135,127.064,108.5743,109.9724,155.609,84.8566,100.5653,123.5741
2014-03-05,102.8134,84.7078,120.7537,107.0175,139.1351,108.1745,102.631,137.6229,112.6577,127.7058,108.4044,108.6015,157.3709,85.4703,100.7941,123.6938
2014-03-06,104.477,85.4718,120.9838,106.8274,139.4275,107.8378,101.955,137.7271,112.9165,127.6518,109.0189,109.5613,159.4712,86.6598,101.0516,123.6781
2014-03-07,105.5995,86.3971,120.835,107.0025,141.1313,108.7392,102.4255,137.7671,114.5159,127.997,109.6248,112.4985,157.4038,84.1536,101.6217,123.7079
2014-03-10,106.7028,87.0709,120.7995,106.9335,141.8796,108.7781,102.3959,138.08,115.0364,128.2307,110.0386,111.9356,157.249,84.2986,102.5236,123.7215
2014-03-11,107.8236,89.0448,120.8782,106.6676,141.7603,108.2792,102.7321,138.161,115.6994,128.9082,110.9089,113.4234,158.1313,85.0032,103.762,123.7399
2014-03-12,107.9009,89.4624,121.0199,107.2388,142.7046,108.9703,103.1415,138.324,116.8174,129.0613,112.2626,116.6721,159.2116,84.2421,103.3885,123.6984
2014-03-13,108.0323,89.3751,121.7033,107.7879,144.0513,109.9006,104.2454,139.5989,117.339,129.8306,113.1912,116.3492,158.9174,84.1656,103.8838,123.6813
2014-03-14,107.1925,88.7011,122.0094,108.0258,144.679,110.0122,104.1068,140.1055,117.2851,129.8057,113.7032,116.5066,156.3656,84.3119,103.7379,123.6652
2014-03-17,105.9936,87.9971,121.6688,108.122,144.3553,109.5444,104.2993,140.0403,117.8608,130.4175,114.4274,115.6743,155.2275,83.5422,103.5059,123.6843
2014-03-18,106.1172,87.0751,122.1668,108.5114,145.365,109.968,104.3448,140.5831,118.5568,130.5742,115.8223,114.7046,153.9786,82.9492,103.4398,123.6932
2014-03-19,105.9723,87.1262,122.8305,109.0691,145.8406,110.6401,104.3727,140.8762,118.9792,130.6625,115.48,113.7319,156.3409,82.8041,103.2645,123.7054
2014-03-20,106.4989,86.7604,122.7772,109.1063,146.5568,111.2124,104.4948,140.4627,118.5537,130.8014,115.1291,113.4527,155.9398,82.5672,103.5065,123.7527
2014-03-21,105.6539,85.5339,123.3587,109.5449,146.2119,111.6335,104.6187,141.0553,118.3078,131.0441,114.7525,113.1098,155.5023,81.6784,103.9676,123.8076
2014-03-24,103.0155,84.2006,123.6088,109.8294,145.1613,111.3155,104.311,141.3863,117.5443,131.0199,114.1261,112.8832,155.0739,80.715,103.8504,123.8787
2014-03-25,102.7113,84.8503,123.4812,110.0087,146.6939,112.0738,104.8452,141.6955,118.1677,131.7034,113.8047,112.3841,154.5403,80.1177,103.8225,123.8736
2014-03-26,104.5588,86.4365,124.1088,110.9414,148.3337,112.8042,105.4078,142.0364,119.4944,132.5784,115.6884,114.3215,157.4881,82.5789,104.5245,123.895
2014-03-27,104.727,87.3941,124.5915,111.5023,149.5412,114.2173,106.5854,143.4608,119.7787,133.0954,116.4748,114.3445,159.4663,83.8559,104.8544,123.8828
2014-03-28,105.8891,87.924,124.3408,111.4108,149.5748,114.6094,107.1575,143.5193,120.0838,133.0864,116.2853,113.3437,159.1766,84.0511,105.4704,123.9251
2014-03-31,106.6676,88.2116,124.7362,111.2161,147.4539,114.5103,106.878,143.3819,119.7228,132.5238,117.1223,115.2172,160.2384,85.9667,105.3943,123.9597
2014-04-01,107.6321,88.4962,124.3171,110.612,146.7141,114.0213,106.5506,142.7341,119.5183,132.3954,116.5504,113.8862,161.0184,85.7322,105.8069,123.8723
2014-04-02,106.0195,88.7038,124.7448,110.907,146.0911,113.4499,106.4111,142.3889,119.0138,132.5822,116.3631,115.2403,163.0292,86.2448,105.3769,123.9289
2014-04-03,106.8443,89.2529,125.2791,111.0104,146.4971,114.3066,107.0797,143.2028,118.96,133.0389,117.2703,113.7127,163.8661,88.4234,105.5717,124.0419
2014-04-04,106.1743,88.1145,125.596,111.9268,146.5175,114.9218,107.7032,144.1386,119.8235,133.3476,118.0023,113.4699,164.0178,88.6888,105.0693,124.0375
2014-04-07,107.0831,87.9755,125.6228,112.1481,146.8614,115.2005,108.429,144.6306,119.9002,133.147,117.907,111.0004,165.2377,90.6392,104.2701,124.0447
2014-04-08,107.1618,86.939,125.7624,111.9068,145.2914,114.6826,108.2436,144.248,119.4535,133.1129,118.3123,111.3773,163.7308,91.2841,104.0123,124.0211
2014-04-09,106.6572,86.3275,125.3731,111.4864,144.8221,114.4482,107.7762,143.3166,118.6856,132.6745,117.2092,111.3959,161.943,90.3406,103.5693,124.0315
2014-04-10,107.2528,87.1164,125.6435,111.7971,145.4952,114.4533,107.5244,142.9796,119.2291,133.3771,117.5774,110.9008,161.514,91.8879,104.4824,123.9789
2014-04-11,110.0396,88.4802,125.1692,111.3739,146.4132,114.5304,107.0221,142.5667,119.6025,133.1967,118.5541,111.9855,162.04,94.3901,104.5825,123.9326
2014-04-14,110.7898,88.897,124.965,110.8734,146.1636,114.7975,107.2263,143.1697,119.292,133.6363,117.6822,112.4724,162.6508,94.7539,104.6894,123.9785
2014-04-15,111.7512,89.7355,124.8603,110.6298,145.5632,115.104,107.1596,143.0714,118.8793,133.7745,117.617,112.7784,162.0913,97.517,105.2227,124.0232
2014-04-16,109.3099,88.5387,125.0275,110.6139,144.6276,114.1037,105.9325,142.4335,118.0902,133.1776,118.0418,111.6227,160.0108,97.5356,104.7534,124.065
2014-04-17,109.4827,89.5788,125.1685,110.6424,145.0854,113.9643,106.0296,142.5592,117.6552,132.9844,118.3247,111.1686,162.1417,99.0781,105.0572,124.1036
2014-04-18,110.0718,89.9497,124.8183,110.4279,146.1277,114.3315,106.1264,142.5561,117.8063,133.5587,118.5144,111.5187,162.8146,99.3051,104.6401,124.1031
2014-04-21,107.8012,90.3715,124.2684,110.1485,145.7243,114.4481,106.1158,141.4007,116.5439,133.2331,116.8731,111.0697,162.6581,98.1659,104.3698,124.1174
2014-04-22,107.855,90.7612,124.6353,109.9915,145.5743,114.5499,106.6521,142.038,117.0397,134.1216,117.0532,111.442,161.8709,96.9247,105.2104,124.1593
2014-04-23,107.3277,91.189,124.953,109.8687,144.9738,114.5057,106.3523,142.1841,117.1894,134.5932,118.2211,111.613,162.2939,97.8735,105.2906,124.1338
2014-04-24,107.2123,91.0814,125.0734,109.8081,144.5008,114.1672,105.2363,141.9623,116.9419,134.2189,118.7654,112.1235,163.4762,98.8865,105.1213,124.1831
2014-04-25,105.2843,89.7241,125.0192,109.4971,143.5231,112.8684,104.2775,141.7585,116.4748,133.9731,117.8339,111.4078,163.4342,96.617,104.4557,124.1037
2014-04-28,102.364,89.0518,124.9194,108.8393,140.8318,111.7827,103.1827,140.588,114.4465,133.5337,117.5075,112.0273,160.9544,96.7056,104.7643,124.1547
2014-04-29,101.2608,88.3429,125.0793,108.5103,140.5292,111.2949,101.7839,140.3063,113.0691,132.8598,116.3768,112.8494,160.5377,95.8104,104.9787,124.1907
2014-04-30,100.8716,87.0662,124.5871,107.822,138.641,110.4065,100.5428,139.709,112.3102,131.9116,115.7761,113.6252,160.5396,94.7938,104.1752,124.1581
2014-05-01,101.3021,87.616,124.7599,108.1778,139.5676,110.9646,100.5752,139.7171,112.9826,132.1591,115.8539,114.2329,161.3763,94.9001,104.1139,124.159
2014-05-02,101.6411,87.7115,124.5579,107.9484,139.6133,111.1875,100.8709,140.0518,112.9373,132.4032,116.9834,114.7425,160.8001,96.043,103.7882,124.2058
2014-05-05,100.5897,87.3634,124.7081,108.4247,138.7359,111.4302,101.2687,140.0982,112.3139,132.4499,116.4707,113.7623,162.0587,97.5788,103.7898,124.3306
2014-05-06,100.5795,87.1728,124.8889,107.9485,137.9021,110.6974,100.7904,140.1041,111.4885,131.8397,116.5058,112.5875,161.3741,98.7772,103.6777,124.3978
2014-05-07,104.5532,89.6515,125.2172,107.8928,138.7266,111.2231,100.6392,140.5995,112.3668,131.802,117.6288,113.2016,164.1403,104.2225,104.1038,124.4716
2014-05-08,104.3353,89.4096,125.8449,108.3349,138.85,111.5292,101.1945,141.393,112.5733,132.3497,117.8826,113.1436,165.3725,105.1423,103.8289,124.4514
2014-05-09,102.4798,88.9039,126.0603,108.5389,138.6624,111.9214,101.4725,142.062,112.492,132.7393,116.5973,110.9873,165.4334,104.7913,103.045,124.4694
2014-05-12,102.9189,88.3429,126.3546,108.36,139.8136,112.305,101.2268,142.4413,112.2379,133.6043,115.9163,107.769,165.0502,104.7543,103.4545,124.4399
2014-05-13,101.7234,87.3775,125.8043,108.058,140.2045,112.5703,101.612,142.4113,111.3259,133.5816,114.8511,107.1524,164.0048,102.6475,102.8083,124.5101
2014-05-14,101.2267,87.2884,126.5699,108.3494,140.6606,112.9425,101.5455,142.8534,112.0775,134.3276,116.2495,106.084,162.5553,103.2007,102.7951,124.5534
2014-05-15,101.5112,87.4449,126.1862,108.3934,141.1475,114.1512,102.1203,142.8357,113.6379,135.1142,116.8004,104.2799,160.8977,101.8395,102.4527,124.5471
2014-05-16,101.342,87.8331,126.1855,108.787,141.5098,114.7738,102.7355,143.2115,114.6074,135.288,117.2848,103.3068,162.6133,101.8217,101.811,124.5078
2014-05-19,102.1252,88.0473,126.6132,108.8662,140.8634,115.2976,103.2032,143.6549,114.286,135.4457,117.6935,103.0399,164.3473,103.3885,102.4214,124.5163
2014-05-20,104.0194,88.6438,127.1163,109.8791,143.2303,115.8187,103.9543,144.0896,114.8797,136.1855,118.1718,103.3816,167.8997,105.4319,103.0811,124.554
2014-05-21,104.5374,88.8851,126.8106,109.2657,141.1063,116.0519,103.967,144.7767,116.0299,135.8156,118.5451,102.8492,165.9816,104.1149,103.3111,124.6165
2014-05-22,102.7734,88.4636,127.2813,109.6412,141.0997,115.5324,103.6188,144.7074,116.0547,135.9927,118.4462,103.3201,167.3165,102.6092,103.0007,124.6423
2014-05-23,102.1605,88.9505,127.2446,109.4989,140.2128,114.7335,103.4105,144.4161,116.3135,135.7706,118.5164,103.2191,166.4353,103.6055,102.5284,124.6137
2014-05-26,103.3234,89.2609,127.0678,109.4778,140.4136,115.1168,103.4641,144.8603,116.4374,135.2566,118.8925,102.5684,166.3594,106.273,101.9634,124.6863
2014-05-27,103.0654,89.3877,127.2643,108.9429,138.3089,113.8534,102.723,144.0049,115.4269,135.1079,119.087,104.313,168.2374,107.1271,102.1296,124.6695
2014-05-28,106.6433,90.6307,127.3365,109.1502,140.4949,114.2758,102.8958,144.5157,117.7519,135.796,121.0346,103.7774,168.953,108.448,102.4798,124.6986
2014-05-29,106.761,90.8841,127.1926,108.6285,139.5857,113.4602,101.9559,143.6426,116.3718,135.4538,121.2095,104.2059,170.0654,110.3789,102.8864,124.7868
2014-05-30,107.5078,89.7689,127.5732,108.7804,138.1753,113.437,101.7037,143.7099,116.3256,135.4913,121.7073,105.6422,170.7776,110.6714,103.1572,124.8559
2014-06-02,108.8719,90.4752,127.6671,108.9153,138.2678,113.5951,101.9609,144.0106,117.5579,135.447,122.8428,106.9777,171.3638,110.2281,103.4926,124.7877
2014-06-03,111.5887,91.5809,127.8255,109.227,139.3894,114.8175,102.6183,144.8689,118.7997,135.8949,123.8618,106.0616,171.5675,112.2626,104.6033,124.7863
2014-06-04,110.3652,91.1156,127.9202,109.9039,140.084,115.6145,103.6512,145.1442,119.4329,136.1295,122.7278,105.4818,172.8863,108.5951,104.3554,124.8714
2014-06-05,108.7239,90.6052,128.2375,109.8069,139.4864,114.727,103.357,144.8374,117.4552,136.3003,121.8819,107.5689,174.3223,109.0515,104.4874,124.8602
2014-06-06,110.8165,91.2618,127.9785,109.9698,140.3361,115.5869,103.7876,144.3441,117.8178,136.0025,121.8037,108.0798,174.9055,109.9036,104.4899,124.9609
2014-06-09,109.3782,90.9024,127.9964,109.9479,140.9013,115.4648,103.2436,143.2934,117.0015,135.7473,122.0336,108.286,174.0017,109.1322,104.0343,124.9675
2014-06-10,109.1202,91.3438,128.345,110.2541,140.9546,115.6504,103.8506,144.2347,116.4899,135.6416,121.9966,108.6334,175.4279,109.6489,105.1128,124.9877
2014-06-11,110.1854,92.3773,128.1898,110.1353,141.8524,115.5859,103.3342,143.8916,116.9252,135.459,122.7512,110.6292,175.0149,110.0387,105.3833,124.994
2014-06-12,107.8661,90.3292,128.2245,110.4908,141.5391,115.157,102.8194,144.3096,116.5306,135.2194,121.8255,111.3631,175.3386,106.5109,105.0764,124.9638
2014-06-13,111.2282,91.7696,128.0134,110.0057,141.838,114.8714,102.412,143.7995,117.5304,135.111,122.4547,110.1973,176.8149,108.4995,105.2531,124.9525
2014-06-16,111.6521,92.1686,128.2258,110.3141,142.9198,114.907,102.5096,144.4797,117.5872,135.5004,122.4571,110.3948,178.9978,109.6997,105.4524,125.0285
2014-06-17,111.4815,90.8531,128.0788,110.5724,144.9902,115.7403,102.4739,145.0452,117.0776,135.4615,122.1319,108.5782,180.249,108.5331,104.9394,125.0078
2014-06-18,111.9621,91.1633,127.6632,110.4061,145.086,115.2578,101.8268,144.2385,117.4073,134.9137,122.6883,109.8319,178.5357,108.4327,104.865,125.0358
2014-06-19,111.2686,90.7061,127.7518,110.2946,144.3564,114.2681,101.3017,143.7707,116.2755,134.4206,122.2673,110.3335,178.5089,109.0561,105.1332,124.9935
2014-06-20,111.1571,91.4042,127.6795,109.8274,143.9283,113.3619,100.5932,143.208,115.8221,134.2668,122.5362,109.9718,177.2801,110.6129,105.4794,124.9912
2014-06-23,110.799,91.0362,127.873,109.7571,144.2149,113.0894,100.8357,143.5238,115.3824,134.257,122.1042,108.9363,175.3706,110.634,105.6123,124.9903
2014-06-24,108.5952,89.6246,128.0648,110.117,142.6213,113.2531,101.2185,143.242,114.6927,134.3743,120.9513,108.8041,174.1139,110.1044,105.1693,124.9213
2014-06-25,109.028,89.4919,127.8569,110.0507,143.0573,113.486,101.1417,143.4788,114.9044,134.5481,121.4459,109.2679,173.101,109.9979,105.3653,125.0302
2014-06-26,109.6594,88.9892,127.8417,110.2407,142.5455,113.4003,101.4056,142.8535,114.3069,134.763,121.0793,110.5157,172.1727,112.0541,105.4762,125.0518
2014-06-27,111.1414,89.5015,127.3079,110.2858,142.564,113.621,101.9892,142.6123,115.1799,134.7736,121.3094,110.3283,171.8239,112.7715,105.4177,125.1184
2014-06-30,111.0528,88.0498,127.2725,109.763,141.4205,112.9344,101.2983,142.0708,113.7294,134.4011,120.9955,111.2409,171.289,112.7149,105.0954,125.196
2014-07-01,112.697,88.9016,126.8306,109.8177,142.5242,113.5904,102.32,142.595,114.2504,134.4925,121.6082,111.1168,173.1953,113.5948,104.9312,125.2096
2014-07-02,114.3482,88.9636,127.2955,110.1855,144.0623,114.0126,102.8699,143.3137,114.2722,134.8279,121.0587,113.1142,175.418,113.2048,105.3256,125.135
2014-07-03,114.9859,89.9658,127.6387,110.2141,144.9275,113.9362,103.003,143.4633,113.5843,134.4808,121.3929,112.8573,177.5492,114.5213,106.1172,125.1429
2014-07-04,115.4182,90.3385,127.2625,109.8311,145.1836,113.4518,102.6532,143.5131,114.3052,133.7674,121.5211,112.3877,176.7005,113.2287,105.494,125.0677
2014-07-07,116.5467,91.0869,127.2721,110.009,148.2803,114.353,102.6068,144.1455,114.591,133.5298,121.1818,111.9974,177.1313,111.9558,105.8655,125.117
2014-07-08,117.4742,90.7204,127.1276,109.9665,148.3798,114.1841,102.9648,144.3131,114.2266,133.3007,121.0767,111.5895,177.6932,112.5342,105.9104,125.1689
2014-07-09,115.1026,89.9177,128.009,110.4764,148.3827,115.1728,103.1428,145.702,114.4333,133.5898,121.3532,110.9225,177.3903,111.3155,105.5316,125.1139
2014-07-10,116.1027,89.998,127.1242,109.894,148.621,115.0986,103.0475,144.8111,114.2421,132.9599,120.8082,109.8447,175.4341,111.143,105.0113,125.0821
2014-07-11,116.2662,89.9466,127.1636,109.7744,147.4132,114.5072,103.1251,144.5372,113.9401,132.4706,122.1461,109.8838,176.3711,111.6682,105.3257,125.1628
2014-07-14,114.9281,88.9573,127.7877,109.8459,145.4482,114.0825,102.6986,144.1172,113.3525,132.159,122.9433,112.1562,175.8504,110.3927,105.674,125.1864
2014-07-15,115.6892,88.6364,127.8845,110.0887,145.8851,115.3175,102.9999,144.8705,113.9881,132.7367,122.5049,110.061,175.7695,110.7645,105.7252,125.2056
2014-07-16,116.9668,88.9784,127.5974,110.3059,147.8898,115.3524,103.1386,145.2269,114.9598,133.3531,123.6588,111.4978,176.3444,110.4146,105.8068,125.1968
2014-07-17,117.3343,89.1198,128.1126,110.2593,148.4867,114.6192,102.3435,145.5264,114.8119,133.7819,124.8408,111.5235,177.3667,111.7598,106.4284,125.2927
2014-07-18,118.834,88.6317,128.4884,110.6991,149.9677,114.8064,102.7217,146.1157,115.3854,134.6836,125.1621,112.1123,176.174,112.6557,106.7171,125.3184
2014-07-21,116.5383,87.4099,128.948,111.0218,149.0104,114.2621,102.5039,146.0297,114.2511,133.9029,123.4077,112.0225,175.6364,111.2802,106.5933,125.2878
2014-07-22,119.4274,88.992,129.0861,111.064,150.8278,114.6797,102.597,146.8266,114.9554,133.9176,122.634,111.6495,178.2402,112.3559,107.4059,125.2544
2014-07-23,120.4572,88.9447,129.1042,111.1939,150.4459,114.6608,102.5451,146.3745,115.4027,134.4174,122.8295,112.5376,179.404,113.2864,107.2591,125.2408
2014-07-24,121.9703,90.3847,129.5332,111.459,150.5873,115.3539,103.0553,146.7848,115.9909,135.1695,123.1024,114.3375,182.1421,114.6896,108.2096,125.2938
2014-07-25,122.4789,90.3637,129.9606,111.8792,150.2305,115.7193,103.324,147.2971,116.6802,135.4122,124.4278,115.0662,182.0545,116.5869,108.1591,125.2954
2014-07-28,120.7489,89.7832,130.1896,112.047,150.3052,116.0246,103.6798,147.7239,116.4809,135.8007,125.0551,114.9634,181.3247,115.3866,108.2224,125.2187
2014-07-29,119.908,89.6117,129.8928,111.1949,150.4835,115.6268,102.9094,147.5547,115.591,136.0306,123.7747,114.1648,180.9994,113.5853,107.9835,125.3048
2014-07-30,119.1034,89.4065,129.8633,111.4823,151.9171,115.7253,103.1487,147.9912,115.6739,136.4318,121.4656,112.9394,181.8622,110.6749,108.3594,125.2862
2014-07-31,117.1223,87.8247,129.9869,111.279,151.6628,115.6712,102.2293,147.1136,114.4409,136.6048,119.611,113.1488,179.9594,108.3943,107.9737,125.2312
2014-08-01,120.0667,89.543,129.9564,111.349,151.8241,115.9967,102.7923,147.9461,116.2237,137.1161,121.7322,112.4089,183.264,110.8226,108.5678,125.304
2014-08-04,120.5609,90.5802,130.4917,111.501,152.3799,115.8751,102.5691,147.979,116.4386,136.8887,122.2787,112.3961,183.3637,112.7904,108.7656,125.2669
2014-08-05,119.9834,90.0577,130.1922,111.2983,150.5049,115.2356,102.402,147.5038,116.1599,136.7559,122.52,113.4675,184.5036,113.12,108.1519,125.2576
2014-08-06,119.4215,89.4624,130.3311,111.1984,150.6015,114.8517,102.0342,147.4879,115.5908,137.362,122.8308,113.118,185.1953,112.574,108.8056,125.2136
2014-08-07,121.0289,89.6337,129.9559,111.2703,150.3946,115.8674,103.2248,147.6356,116.4016,137.8613,123.1576,112.1894,185.4018,113.5325,108.4071,125.2527
2014-08-08,121.4733,89.8257,129.2956,111.0038,150.6997,115.8815,103.1167,146.8432,116.3931,137.4308,122.5588,112.3153,185.4063,113.3965,107.4077,125.277
2014-08-11,121.0422,88.5768,128.74,110.6302,150.6875,115.4717,102.6163,145.9999,116.5672,137.7102,122.4392,111.959,181.0943,111.1415,107.0816,125.2618
2014-08-12,120.5364,89.1183,129.0284,110.8129,151.1094,116.3099,103.0595,146.8146,117.2184,137.7036,122.1004,112.5409,180.4731,110.2525,106.6918,125.283
2014-08-13,120.8989,88.5441,129.8135,111.5171,150.8244,116.5553,103.9033,147.539,118.0726,138.4851,123.1244,112.4075,179.85,112.2508,106.4352,125.2562
2014-08-14,123.3701,89.3898,129.9543,111.8196,151.0308,116.6752,103.8155,147.4371,118.9756,138.1732,124.5793,111.934,180.8019,114.2516,107.5494,125.2961
2014-08-15,122.0308,88.7478,130.5066,112.6138,150.9397,117.0154,104.6074,147.4963,120.4185,138.8451,125.6748,111.0104,178.3686,110.8739,108.6498,125.3233
2014-08-18,120.3496,87.657,130.7822,112.528,150.8727,116.2845,103.9378,147.163,118.5679,138.6506,123.969,111.3239,178.994,109.8065,108.8123,125.3828
2014-08-19,118.9035,86.7706,131.6184,113.2371,150.2617,116.2444,103.9568,147.3034,118.9215,138.7096,123.0105,110.135,178.6695,108.5665,108.9498,125.363
2014-08-20,117.7025,86.378,131.2419,112.8074,148.7902,115.6008,103.651,147.2002,118.0746,138.2929,122.1799,110.4745,178.8721,107.3343,109.1521,125.3435
2014-08-21,118.9688,86.7653,131.2847,113.2915,149.7706,116.3449,104.9789,147.7377,118.3305,138.6247,121.4009,111.6325,179.1665,107.5468,109.6814,125.3098
2014-08-22,117.221,86.0644,131.766,113.485,149.3074,116.2684,105.1459,148.0687,117.1378,138.9249,121.8562,111.7212,179.109,107.851,110.4168,125.3493
2014-08-25,113.7153,85.1891,131.7075,113.2338,147.9638,115.4146,104.8335,147.7827,115.9435,138.8989,120.9668,110.8056,178.0164,106.0272,110.1696,125.4392
2014-08-26,114.2265,85.4386,131.4607,113.04,146.8515,115.143,105.0023,147.6167,115.7554,139.0714,120.9765,110.8264,181.6251,105.4911,111.0542,125.4241
2014-08-27,113.7955,85.4971,132.0281,113.1526,146.9062,114.5486,104.1179,148.0955,115.3642,139.0867,121.5465,109.554,185.0303,107.3383,111.2379,125.3601
2014-08-28,112.02,84.9567,131.8146,112.534,144.8338,113.4036,103.0583,147.5589,114.2232,138.4474,120.7466,109.8324,184.5213,106.9344,111.0057,125.3179
2014-08-29,111.5471,84.7524,131.8361,111.9019,143.4478,112.4532,102.1731,146.9184,112.6293,138.0881,120.5399,110.4215,183.8824,109.6315,110.741,125.3199
2014-09-01,110.9582,84.5601,131.6109,111.6651,142.5516,111.7889,101.7549,146.9004,112.4521,137.907,119.8062,109.4386,186.1407,109.6398,110.0755,125.3197
2014-09-02,112.0735,85.4739,131.2257,111.3052,142.2044,111.4801,101.9334,146.8676,113.1406,137.4112,120.6417,110.2738,185.3625,109.9826,109.8905,125.3098
2014-09-03,113.4514,85.6822,131.1365,110.9008,142.3955,111.6115,102.2058,146.9692,112.5613,137.9112,120.9509,110.7201,186.0158,111.3191,110.2471,125.3188
2014-09-04,112.3637,84.8456,132.0923,111.7605,143.4639,111.8655,102.0977,147.8984,112.235,138.5552,120.3273,109.532,187.2431,112.1197,110.6349,125.3864
2014-09-05,112.8887,84.993,132.5613,112.2409,143.5541,112.3506,102.614,148.093,112.9841,138.8394,121.7314,110.268,185.7998,113.6767,110.6587,125.3829
2014-09-08,112.6772,85.1079,132.1605,111.9035,143.5872,112.3659,102.429,147.0864,112.0072,138.5369,122.5153,111.6385,184.8926,115.049,110.0847,125.4011
2014-09-09,114.0732,85.0073,131.8158,111.5928,142.6534,111.9279,101.6218,146.0497,111.6107,138.3188,123.2229,112.6645,185.3187,117.9879,109.9219,125.3957
2014-09-10,114.0361,84.8646,131.829,111.9603,143.3982,112.5055,102.0394,146.2805,111.8989,138.4435,121.9946,112.6567,184.9736,116.8719,109.8324,125.3989
2014-09-11,114.142,84.567,132.2284,112.2822,142.546,111.9689,101.4411,146.2984,111.9504,138.054,123.3665,110.7654,187.5882,119.7478,109.8095,125.3963
2014-09-12,113.4891,83.5581,133.125,112.602,141.645,111.1628,100.3899,146.3567,112.2773,138.5325,123.6368,110.221,187.3961,120.1063,110.1711,125.4036
2014-09-15,110.9986,82.6474,133.0881,112.1589,140.2885,110.325,99.9037,146.5635,110.9921,138.1749,123.052,109.6033,188.7988,118.2149,109.7865,125.465
2014-09-16,108.6959,81.3173,133.5882,112.746,139.4927,110.1578,100.4593,146.9376,110.7599,138.5898,122.8396,109.4041,188.2152,117.1898,109.4185,125.4095
2014-09-17,107.7095,81.3769,133.8216,113.045,139.9577,110.6401,100.9414,147.5864,111.7821,139.2849,123.6139,109.1971,189.4324,115.1995,108.8801,125.403
2014-09-18,108.3294,81.6731,134.3058,113.2835,138.7845,110.385,100.6689,147.1524,112.4903,139.4141,125.0767,107.9972,193.5035,116.5345,109.0696,125.4375
2014-09-19,109.911,83.2602,133.5837,113.1578,139.6599,110.7083,101.0909,146.692,112.9844,139.1143,125.1403,108.6489,196.8825,116.903,108.9929,125.5174
2014-09-22,108.6638,82.56,133.5788,113.3566,138.9923,110.9766,100.7385,146.7903,112.3159,138.3856,123.8361,110.0499,197.5896,115.6252,108.6778,125.5135
2014-09-23,107.6248,82.1823,133.8935,113.244,138.4202,110.1792,100.3191,147.2949,112.3754,139.0265,123.6974,108.8277,198.2856,114.9917,108.9962,125.5184
2014-09-24,105.4106,81.4602,134.1779,113.1816,137.6489,109.3737,99.6999,146.9817,111.4352,138.9292,123.8418,109.7872,196.8282,114.7208,108.7403,125.5569
2014-09-25,107.0289,81.3843,134.12,112.9267,137.3908,109.5903,100.1952,147.5884,111.2784,139.3948,123.4323,110.1362,197.6024,115.5465,109.2277,125.5724
2014-09-26,108.1817,82.249,134.11,112.806,137.5097,109.2797,100.1898,147.4346,111.2775,139.5082,122.8841,112.6858,199.7963,115.4641,109.7754,125.6429
2014-09-29,106.7814,81.4355,134.3781,113.0921,137.2505,109.3458,99.5619,147.0501,110.8646,139.7555,123.0453,113.645,199.9349,115.0793,109.6333,125.5941
2014-09-30,107.1964,81.5051,133.881,112.7469,136.8598,109.3451,99.9992,146.3652,110.8395,140.0022,123.7168,115.5032,199.2392,113.7249,109.8306,125.5573
2014-10-01,106.6319,80.4029,133.9452,112.733,136.9352,109.4959,99.6935,146.4167,109.9363,140.092,123.3466,115.1306,199.3885,113.0951,109.9587,125.5247
2014-10-02,105.9422,80.8262,134.1621,112.8714,136.6404,109.7692,99.4534,146.3049,109.7941,139.9845,124.9859,114.8804,199.3462,115.5866,109.8981,125.6276
2014-10-03,107.425,81.3789,134.042,112.577,136.5978,109.5397,99.2336,145.6747,110.3329,139.6651,125.837,116.3172,198.43,115.557,109.8597,125.7085
2014-10-06,107.3916,81.4157,133.5754,112.443,136.0438,109.715,99.2974,145.2013,111.0193,139.2856,126.3602,116.0838,196.5693,114.7336,109.249,125.7673
2014-10-07,108.6503,82.1281,133.9578,112.7194,136.1773,110.0326,99.9833,146.0073,110.5207,140.019,126.0886,113.992,201.0553,119.6789,109.8709,125.7662
2014-10-08,108.1007,81.9838,133.3936,112.3241,136.076,109.7421,100.3219,146.2252,110.8309,140.083,125.9724,112.718,200.9145,116.7707,109.7973,125.6698
2014-10-09,108.7854,81.9028,133.595,112.4333,135.5382,109.9395,100.7795,146.1913,110.8166,139.5285,127.1243,112.9793,199.3317,117.4675,110.3303,125.6449
2014-10-10,110.5952,82.746,133.3503,112.9236,137.0812,110.9746,101.7369,146.2992,111.9237,140.2002,128.1376,114.3759,201.3361,117.6903,110.6008,125.647
2014-10-13,112.1735,83.5385,133.4641,112.7549,137.33,111.424,102.0483,146.7942,113.0812,141.0115,129.2429,114.7549,201.2193,117.1322,111.4632,125.7193
2014-10-14,111.2428,83.5329,133.8124,113.0281,138.268,111.4655,101.9472,147.4196,113.1007,141.5201,129.3432,115.9872,201.779,116.2577,111.6441,125.729
2014-10-15,111.6244,83.6931,134.1442,113.0038,136.3586,111.2813,102.067,147.3683,113.613,141.9623,132.0002,116.4208,203.4663,118.2239,111.9644,125.8441
2014-10-16,107.6397,81.2038,134.848,113.2468,134.3535,110.372,101.4646,147.2906,112.4412,141.7317,131.6022,116.4552,203.2223,114.5154,111.5183,125.877
2014-10-17,111.0441,82.7084,135.2874,113.6793,136.1538,111.0663,102.7219,148.7231,113.723,142.3964,132.4022,117.5924,204.3729,118.2115,111.8779,125.8144
2014-10-20,110.4154,82.4192,135.4953,113.8603,135.2586,111.2049,102.6581,148.5452,113.5701,141.6112,132.3308,116.0723,205.1083,116.8241,112.6221,125.7398
2014-10-21,111.1869,82.767,135.1781,113.407,134.4079,111.439,102.9523,148.8283,113.7175,141.2353,132.2836,115.8378,203.7776,116.6368,112.8702,125.8231
2014-10-22,110.3477,83.307,135.0442,113.3129,134.6251,111.4638,103.0072,148.7321,114.3755,141.2746,133.6589,115.7989,203.3605,114.6575,113.0228,125.8197
2014-10-23,109.5152,82.186,134.685,112.7791,132.1517,111.105,102.6755,148.7883,114.2002,140.4488,133.9521,114.4795,200.267,114.0426,112.7136,125.7843
2014-10-24,110.5336,81.9112,133.9523,112.4504,131.9204,110.9187,102.8079,147.7859,113.3493,140.3117,133.6585,115.9222,199.4529,113.9995,113.3013,125.8729
2014-10-27,108.8106,81.9282,134.5245,112.7541,130.7136,110.0148,102.714,147.1864,112.9609,140.2078,133.1096,117.0899,198.3017,113.9283,113.8739,125.8233
2014-10-28,106.4427,80.4099,134.86,113.1634,129.3439,109.5739,101.8046,146.8236,113.0978,139.588,133.9286,116.5507,195.5032,112.3272,113.698,125.8261
2014-10-29,108.2044,81.5244,135.2226,113.7683,130.0777,110.5336,102.4381,147.7742,114.311,139.7066,135.9969,118.1697,198.8139,115.8293,112.9936,125.8925
2014-10-30,107.3349,81.1526,136.4803,114.9117,130.3977,110.6755,102.5557,148.3572,114.51,140.2856,136.7401,119.9579,201.4932,116.9487,113.2186,125.8536
2014-10-31,106.0489,81.3392,135.9697,114.8782,130.424,110.2515,102.6718,147.9951,114.4382,140.4072,137.2837,120.0303,202.0742,115.836,113.2142,125.8809
2014-11-03,109.3308,82.7061,135.3296,114.3743,130.6492,110.5699,102.9402,148.368,115.338,140.4934,137.4545,122.2273,202.1301,117.4997,113.692,125.9058
2014-11-04,107.4576,81.5081,135.0093,114.2472,130.3372,110.1635,102.4178,147.5169,114.8048,140.6004,136.0293,120.2459,201.5248,115.0042,112.9715,125.9182
2014-11-05,111.0241,84.073,134.2837,113.6345,132.6327,109.845,101.4061,147.1987,115.81,140.1582,137.6951,120.7394,203.4402,119.1799,112.6063,125.9036
2014-11-06,109.7791,83.3266,134.3821,113.6065,132.2942,109.45,101.0997,146.7086,115.1397,139.8167,137.4913,119.807,202.471,118.7575,112.155,125.9045
2014-11-07,109.4489,82.7745,134.5739,113.2338,130.5796,108.5287,100.8853,146.703,114.195,139.5396,135.8471,119.4541,203.1119,118.6318,112.4508,125.9733
2014-11-10,107.5629,81.9587,135.1696,113.1219,128.5457,107.0526,99.466,145.4646,112.7004,138.6819,136.2786,121.9596,203.2216,119.855,112.1982,126.0145
2014-11-11,111.0035,83.179,134.9069,113.1139,129.6065,108.0717,100.2862,146.3292,113.9186,138.5175,138.339,122.1513,204.847,121.7686,112.5986,126.109
2014-11-12,109.2046,82.4873,135.2095,113.4478,129.1023,107.7973,99.9341,146.6522,113.7817,139.3577,138.1317,123.2404,206.5017,122.3821,111.9207,126.0656
2014-11-13,110.4467,82.7372,135.4268,113.7229,129.1539,108.0378,100.5099,146.3777,114.8172,140.2276,139.8209,122.2497,207.3499,123.9053,111.922,126.054
2014-11-14,109.6134,83.4097,135.6948,114.4395,129.2442,108.5192,101.4637,146.5841,115.4488,140.0541,141.0886,121.9651,207.1643,124.1617,112.3893,126.0755
2014-11-17,111.4953,85.1572,136.0595,114.7723,129.7412,108.818,101.9432,147.0189,115.9902,139.9313,142.3305,122.0008,209.5839,128.3045,113.1884,126.0979
2014-11-18,110.0748,85.1658,135.6521,114.0786,129.1813,108.2097,101.7312,146.7996,115.4462,139.4346,142.4016,121.0308,206.5832,127.3776,112.605,126.11
2014-11-19,110.3429,85.296,135.2627,113.8211,129.8585,108.1238,101.4657,146.2694,114.3107,139.628,140.0215,119.8372,208.9418,127.622,112.9214,126.0623
2014-11-20,111.9881,85.0194,134.8956,114.148,129.7977,109.0317,102.2266,145.8967,114.3643,139.493,140.8234,120.4145,209.9527,128.9853,113.0374,126.1071
2014-11-21,114.6722,86.189,134.6456,113.6482,129.9937,108.7117,101.7517,145.5075,114.5048,139.425,142.9764,119.5006,211.9584,134.0526,113.1033,126.1304
2014-11-24,113.4102,85.5035,134.3102,113.2818,129.0297,108.2152,101.3726,145.4151,114.11,139.3327,142.1339,118.4978,210.916,132.8504,112.8405,126.1146
2014-11-25,112.5312,84.1688,133.944,113.3792,128.9187,108.7127,101.151,144.7374,114.0707,139.2283,142.1713,119.4377,210.1105,128.5724,112.793,126.0825
2014-11-26,113.4495,84.401,133.6571,113.4166,129.716,109.5235,102.3091,145.0414,113.8942,139.719,142.6245,119.647,208.3572,129.9104,113.0798,126.1047
2014-11-27,111.2666,84.0613,134.0655,113.8128,129.4988,109.4976,102.2137,145.0604,114.2596,139.6626,142.7649,119.6442,206.4183,126.8316,113.4761,126.1323
2014-11-28,113.3474,84.7707,134.1407,113.7352,129.3925,109.8018,102.7325,144.984,114.5903,139.7743,143.4601,118.7114,209.2642,129.0901,113.5636,126.1446
2014-12-01,112.9032,83.9794,133.8321,113.7917,129.4229,109.8697,102.9391,144.9543,114.739,139.2204,142.9741,118.6708,205.0903,128.224,112.7607,126.0344
2014-12-02,113.992,85.031,134.2305,114.3715,129.6453,110.4993,103.4106,145.6458,115.7949,139.3628,144.3853,117.6336,208.6597,130.945,113.0905,125.999
2014-12-03,113.4176,84.944,133.8674,113.9015,128.6563,110.0049,102.3218,145.0012,115.3524,138.4746,144.7081,118.8454,208.408,130.1508,112.9743,126.0711
2014-12-04,111.692,83.513,134.3586,114.8314,128.8355,111.0045,102.7604,145.812,115.3949,138.2908,143.8481,120.6761,206.3008,127.6453,112.7627,126.0708
2014-12-05,109.3203,81.881,133.8577,114.6462,127.1941,110.8215,102.1376,144.8445,114.1705,136.9535,143.0184,120.0388,203.1277,125.7659,112.0804,126.0068
2014-12-08,108.8875,81.0882,133.822,114.8821,127.6655,110.9573,102.2324,144.9535,113.9549,137.5838,142.7169,120.1322,202.298,125.9818,111.8334,126.0919
2014-12-09,107.1958,79.9023,133.8573,114.8808,126.5635,110.3867,101.1946,144.7245,114.0208,137.2015,141.6058,120.5227,200.8448,122.0635,112.0488,126.1132
2014-12-10,106.9596,79.677,133.6691,115.1682,127.5491,111.2787,101.591,144.9546,114.7723,137.5449,142.3192,120.2453,199.3408,120.3065,111.8907,126.191
2014-12-11,107.476,79.8698,134.3561,116.3012,129.6297,111.8657,102.3515,145.6336,115.5502,138.5482,143.7202,122.7271,200.2009,120.9399,112.5156,126.2295
2014-12-12,105.8785,80.1358,134.1471,116.7546,130.6709,112.3826,102.8723,145.8622,116.3219,138.1619,143.2462,121.6812,199.2405,118.1312,111.9169,126.1828
2014-12-15,106.5848,80.9165,133.9721,116.7179,130.8511,112.7119,103.0076,145.7975,116.5393,139.0633,143.4426,122.683,200.7665,119.2239,112.6053,126.2299
2014-12-16,104.0293,79.7076,134.6598,117.2768,129.4805,112.1617,102.7659,146.3024,116.5421,139.243,143.2406,121.3665,201.8651,117.9822,112.4081,126.2559
2014-12-17,103.3489,78.817,134.3693,116.5191,127.895,111.0794,101.9912,146.3434,115.5732,138.8333,143.0353,119.2691,202.394,118.124,112.1858,126.2531
2014-12-18,102.8902,79.295,134.539,116.5885,127.992,111.503,102.1984,147.0879,116.1913,139.6045,143.5852,118.8047,202.2073,120.4078,111.2585,126.3001
2014-12-19,102.5746,78.8326,134.117,116.1099,127.2233,111.2724,101.5511,147.2587,116.3501,139.189,143.9404,118.736,198.9808,119.1596,111.4912,126.184
2014-12-22,104.1489,79.9814,133.5157,115.642,127.0535,111.4752,101.6643,146.6744,116.8724,139.1112,144.4582,120.3031,198.2069,120.5571,111.3983,126.1688
2014-12-23,102.973,79.1883,133.4578,115.9224,127.1279,112.1527,101.9341,147.1404,116.5407,138.7997,144.3027,118.6226,196.7335,119.7271,111.3924,126.1912
2014-12-24,103.8003,80.9936,132.7333,115.4116,128.2662,112.1146,102.5849,147.4235,116.4375,138.5079,144.6401,116.843,197.0309,121.1891,111.9552,126.2248
2014-12-25,103.4601,81.4738,132.5054,115.2375,128.4285,113.0448,103.2228,148.1972,116.2614,137.9692,143.1825,116.8307,196.4843,119.155,112.0525,126.3214
2014-12-26,106.9391,83.8551,132.1244,114.865,129.7294,113.4579,103.6954,148.585,117.2663,137.5479,145.7793,115.445,198.3817,123.0998,112.7673,126.3289
2014-12-29,107.4005,84.8392,132.2591,115.1301,129.6834,113.2214,103.9762,148.1778,117.5305,137.0288,147.1992,116.7421,200.9055,124.0842,113.0203,126.2639
2014-12-30,106.9275,85.6995,131.5851,114.4989,128.7937,113.3744,104.3302,148.0187,116.9815,136.7793,146.2443,116.7559,201.0578,124.9541,112.3943,126.3048
2014-12-31,106.4669,85.5513,130.9888,113.8345,126.3207,112.622,104.2136,147.1537,116.8853,136.388,147.2379,116.7405,200.4849,123.6391,112.8572,126.3274
2015-01-01,107.5023,85.8873,131.6376,114.4201,126.7945,113.251,104.9402,148.3667,118.0199,136.7787,149.5278,116.3616,201.6424,126.0506,112.8202,126.3407
2015-01-02,106.9015,85.6345,131.2133,113.7759,126.5637,113.683,104.7626,148.2522,115.7716,136.5228,147.0587,115.7014,202.6064,126.4415,113.0412,126.4704
2015-01-05,105.7682,85.5869,131.5935,114.1322,126.396,113.9938,105.1195,148.3991,115.09,136.8117,147.0936,115.9278,203.2367,127.8067,113.2296,126.5226
2015-01-06,106.9694,85.9588,131.5597,114.6591,127.2691,114.8371,105.8396,148.8821,115.6555,136.6309,148.2036,115.8014,205.5273,129.2072,113.2361,126.5186
2015-01-07,107.2787,86.1792,130.478,113.9187,126.7739,114.6543,105.4149,148.0971,115.8701,136.1095,149.5991,116.3829,202.7316,129.8325,112.2415,126.4842
2015-01-08,106.1196,86.0115,131.0572,114.3795,127.0081,114.4222,105.4851,148.5282,115.6773,136.4428,148.8774,117.1844,204.6303,128.3364,112.7781,126.4927
2015-01-09,106.8141,86.2118,130.0933,113.8326,127.3512,114.3417,105.7075,147.8051,114.8691,135.6126,146.7213,118.4708,204.396,126.9759,112.1659,126.5254
2015-01-12,106.7125,86.2623,130.5699,113.6742,127.528,113.5561,105.3437,148.0508,113.777,135.8226,146.3721,117.8216,205.8829,129.4359,112.4635,126.5021
2015-01-13,105.6559,86.3315,130.69,114.2256,128.5142,113.7728,105.7109,147.9829,113.9511,136.4972,145.7765,117.6741,205.2357,128.6241,112.7714,126.6065
2015-01-14,104.5684,85.2531,130.7365,114.1834,127.467,113.8925,105.7277,147.6082,113.1894,136.9233,144.0149,118.4067,204.3942,126.6857,113.1062,126.5002
2015-01-15,104.2797,85.0093,130.9404,114.6685,128.0577,114.2843,105.9916,148.2163,113.1605,136.2416,144.0738,116.9084,204.6869,127.9763,112.5,126.4983
2015-01-16,105.6043,86.0047,130.5106,114.668,129.3216,114.4442,106.4864,148.0577,113.791,136.1738,144.3076,115.6908,203.7305,128.2805,113.0344,126.5235
2015-01-19,107.2764,86.6056,130.82,114.7008,129.0636,113.8698,106.4533,148.7616,114.214,136.5001,144.5428,116.4762,205.0611,132.1137,113.1541,126.5765
2015-01-20,108.0637,86.9374,131.6438,115.3801,129.4433,114.9927,107.4231,149.6332,115.1474,136.9836,145.4776,118.1932,203.398,133.5174,113.3127,126.5845
2015-01-21,106.2736,84.7244,131.572,115.5226,127.9841,114.4754,107.0639,148.5497,114.3273,136.9016,143.8892,119.063,201.8784,129.4432,113.261,126.6586
2015-01-22,105.6788,84.8301,131.7664,115.1732,127.4841,113.6463,106.3417,148.1937,113.5096,136.4063,143.6675,120.816,202.9966,129.5089,112.8456,126.7114
2015-01-23,104.5659,84.5234,131.6438,115.6644,128.2383,114.3449,107.0689,148.0002,113.4617,135.8568,142.8163,121.7042,202.4466,126.3886,112.3981,126.6586
2015-01-26,103.7273,84.996,130.5265,114.659,127.6895,113.5177,106.4113,147.0921,113.2251,135.6547,142.0622,122.02,202.4609,124.2074,111.5503,126.6796
2015-01-27,102.4671,85.3138,130.4465,114.935,127.4476,113.2808,106.7473,146.4286,112.4228,135.4245,140.8474,122.8687,204.0647,123.7186,111.8206,126.8742
2015-01-28,99.7601,84.5689,130.0952,114.786,127.5469,112.9368,105.938,146.2851,112.2407,135.3386,138.4633,121.1564,200.5634,120.5806,111.0293,126.8734
2015-01-29,102.068,85.7865,129.8024,114.4201,128.5024,113.0402,106.3368,146.6365,112.7021,135.095,139.7953,120.5958,202.4998,122.9643,110.6728,126.9229
2015-01-30,101.362,85.814,130.178,115.4168,129.2379,114.0874,107.5842,147.3996,113.4182,135.1693,139.4226,120.5325,203.4108,120.4575,111.3684,126.9891
2015-02-02,100.9653,85.8677,130.1647,115.3263,128.0384,113.2025,107.3627,147.2144,113.4076,135.275,140.5499,122.5673,202.571,121.9375,111.3904,127.0183
2015-02-03,100.224,85.0471,129.8206,114.9132,126.7715,112.6709,107.0083,146.7139,112.6025,134.4487,140.413,123.4274,198.9922,121.8945,111.0186,127.0212
2015-02-04,101.991,85.7982,130.4026,115.6781,127.6487,113.1122,107.7482,148.0785,114.5221,135.3128,142.087,122.9826,202.8103,123.4763,111.2935,127.1131
2015-02-05,101.0736,85.1278,130.1706,115.4004,128.0217,113.3989,106.9345,148.0444,113.8618,134.5937,140.8323,119.8343,202.6649,121.3472,111.1814,127.08
2015-02-06,100.2031,85.241,130.4961,115.4263,128.6507,113.6863,107.1191,148.7229,113.7696,134.9995,139.1899,118.6922,203.5396,119.3791,111.2984,127.0758
2015-02-09,98.6205,83.97,130.1307,114.9861,127.2182,113.0928,106.4135,148.3527,113.0027,134.008,138.4533,119.2985,202.3434,116.6588,110.491,127.1142
2015-02-10,101.8964,86.5945,130.1794,115.086,128.7833,114.8563,108.1359,149.6825,114.6593,134.4152,141.4117,119.1868,203.9475,119.6302,111.4455,127.1814
2015-02-11,99.9248,85.8551,130.3863,115.5081,128.8525,115.0366,108.2906,149.6232,114.4653,133.9896,141.7039,117.5697,203.4546,118.4217,110.7055,127.1824
2015-02-12,100.4723,86.4478,130.3131,114.9583,129.3439,114.2394,107.3302,149.3308,114.2937,134.5428,140.7778,116.0002,203.6755,120.1104,110.6372,127.263
2015-02-13,99.1094,86.4646,130.5198,115.219,130.5778,114.0926,107.4229,149.7857,114.503,135.0225,140.3873,114.5065,204.571,118.9009,110.0165,127.3655
2015-02-16,98.9886,86.6505,130.6083,114.719,130.191,114.033,107.3003,149.6097,113.1009,134.9686,138.4147,117.074,204.3273,118.7776,110.2222,127.4242
2015-02-17,100.3642,87.1581,130.2083,114.8914,131.5795,114.363,107.3944,148.9672,113.347,135.0613,138.4388,118.7264,207.5909,119.1346,109.5955,127.4654
2015-02-18,103.0789,87.7795,130.2218,115.036,131.8099,114.3041,107.8542,149.4416,114.9033,135.6082,139.472,118.2526,208.4996,120.3579,110.4544,127.4841
2015-02-19,104.3942,88.4575,129.7204,114.6858,131.3335,114.3304,107.4657,148.8365,115.3472,135.0757,140.2278,118.2542,209.8408,121.2699,110.2866,127.4829
2015-02-20,104.3892,87.842,130.028,115.5353,131.6003,115.297,107.916,148.6446,115.6412,135.8389,140.8657,118.9741,212.2041,121.2339,110.6912,127.5555
2015-02-23,105.3433,88.4643,129.541,115.0013,131.523,115.486,107.389,148.3566,115.5829,135.4276,140.0513,118.2553,213.4533,121.3195,110.5585,127.6307
2015-02-24,104.3319,87.8907,129.3902,115.1034,131.6996,115.4962,107.2532,147.5762,115.0541,135.6242,138.8104,117.8024,212.947,120.1531,110.3807,127.6838
2015-02-25,104.1276,87.6875,129.7223,115.3957,131.9387,115.4477,107.3136,147.7567,114.9327,135.5305,139.0164,117.43,213.2293,120.4115,110.6071,127.7565
2015-02-26,104.1368,87.5615,130.2508,115.4124,131.8986,114.8758,106.5874,148.0356,115.2225,135.4342,139.3727,116.31,213.9905,121.1753,110.3151,127.7689
2015-02-27,104.8466,87.5724,129.5374,114.9182,131.7204,115.3707,106.4767,147.5799,114.5583,134.511,138.5979,115.641,216.5459,120.7019,109.6833,127.7986
2015-03-02,105.1833,87.2863,129.8279,115.0925,131.2478,115.4641,106.6208,147.2682,114.6643,134.5116,138.7858,115.29,217.5003,120.6708,109.7362,127.8104
2015-03-03,103.1585,85.8777,129.6217,115.2558,130.0177,115.5258,106.892,146.614,113.1628,134.4371,137.4928,116.5237,214.5827,120.3324,109.7219,127.7993
2015-03-04,103.7981,86.0639,129.395,115.5473,131.9189,115.5344,107.1585,146.2976,113.5236,135.2969,137.4171,116.5287,213.9133,120.5311,109.8228,127.7765
2015-03-05,101.8341,85.7502,129.7272,115.3479,131.8017,115.1401,106.3049,146.2376,112.9329,135.249,136.5491,113.9352,213.2251,119.4919,109.7125,127.7795
2015-03-06,102.3587,85.2737,130.0149,115.6579,132.178,115.4838,106.0277,146.5174,113.6178,134.7572,138.3954,112.5894,214.6316,119.8118,109.1472,127.747
2015-03-09,100.888,85.0005,130.107,115.3566,132.3768,115.603,105.6954,146.6166,112.9125,134.632,138.2427,112.946,213.1908,117.9085,108.9765,127.7227
2015-03-10,104.0385,87.1171,130.0592,115.4415,134.4811,116.5264,106.4657,147.1216,114.3777,135.5192,139.282,113.3005,216.8583,119.1158,109.8212,127.7161
2015-03-11,106.7953,89.0077,129.9439,115.9264,136.7584,117.9616,106.3423,147.0749,115.8924,135.8664,140.5053,113.8956,220.2723,120.9395,110.502,127.7781
2015-03-12,105.6228,88.3874,129.2812,115.2545,136.1508,117.3722,105.5715,146.4088,115.0435,135.2523,138.7975,112.6633,218.4173,118.2597,110.4917,127.7203
2015-03-13,106.4916,88.9782,129.4524,116.1128,137.0171,117.88,105.9446,146.2087,116.0356,135.1262,140.6588,111.9403,220.0553,120.1707,110.8549,127.7609
2015-03-16,106.272,88.7548,129.8305,116.781,136.8046,119.0851,106.7287,146.6619,116.3842,135.4976,140.3957,112.599,221.2577,119.952,110.9413,127.8677
2015-03-17,106.0852,87.9915,129.8355,117.065,137.095,119.5674,106.7858,146.9431,116.3602,135.7725,140.499,112.7457,220.4469,120.4735,110.6592,127.8515
2015-03-18,105.8574,87.4777,130.412,117.5099,137.0951,119.9063,107.1263,147.5902,115.8325,136.0972,140.5518,114.3867,219.6897,121.8836,111.0152,127.8654
2015-03-19,104.8132,86.8073,131.0503,117.7786,136.1515,119.9296,106.9575,147.6917,115.4185,136.8841,141.0772,113.8284,222.8257,122.2621,111.3698,127.8886
2015-03-20,105.7825,86.3733,131.1074,117.8757,136.4867,120.5734,107.0865,147.9095,115.7663,137.2549,141.402,113.9047,224.6553,122.0255,111.1337,127.9115
2015-03-23,106.0548,86.6109,130.5239,117.2242,136.0813,119.626,106.419,147.2065,115.2964,136.713,141.4219,114.3106,223.9002,122.7001,110.7948,127.9674
2015-03-24,105.5101,86.3787,130.6784,117.3297,135.4069,119.2953,106.3818,147.5748,115.2406,136.3047,141.2198,114.3357,224.9238,121.2097,111.3534,127.9896
2015-03-25,106.1355,87.1191,130.7604,117.0097,136.2722,119.0143,105.8315,148.1102,116.0307,136.9447,142.458,114.3159,225.8068,121.3591,111.4874,128.006
2015-03-26,105.0713,86.3144,130.8962,117.1336,135.2328,118.6133,105.9388,148.3801,115.5269,136.5732,141.4793,114.6359,223.3227,120.782,111.7461,128.0536
2015-03-27,103.6627,84.9565,130.8458,116.9838,134.697,117.3666,105.1102,147.6662,114.6659,135.8517,139.6624,112.588,222.0259,118.4302,111.6407,127.9631
2015-03-30,100.0929,83.0094,130.5621,116.8421,133.8786,116.7095,104.3702,147.066,114.1997,135.6863,138.4088,109.5873,219.6382,113.5771,110.7722,127.9778
2015-03-31,100.1996,82.9887,130.4397,116.4812,133.5186,116.6664,104.1147,147.4028,114.582,135.4576,139.8447,108.6009,217.668,113.2433,110.9751,127.9711
2015-04-01,99.7535,83.76,130.1735,116.0549,133.4894,117.1534,103.9015,147.6011,114.4175,135.0189,139.8012,108.9433,217.3119,113.7556,110.28,128.0217
2015-04-02,101.0978,84.4313,130.1627,115.818,132.9756,117.1306,104.0053,147.2176,114.7175,135.0933,140.9028,108.8504,219.1579,116.3126,109.8491,128.0408
2015-04-03,99.8032,83.269,130.1231,115.9656,132.3591,117.1907,103.5075,146.7065,114.2365,134.8536,140.0602,109.8811,218.8803,114.4767,109.3503,128.0403
2015-04-06,99.1822,82.6221,130.4825,116.294,131.7462,117.0679,103.8347,146.8078,114.305,135.1786,141.3716,109.8432,220.4799,114.329,109.211,128.0578
2015-04-07,99.6911,83.3707,130.9275,116.4766,132.6156,117.3562,103.77,147.7144,114.1546,135.4217,141.3981,110.5721,223.239,116.0868,109.6011,128.0375
2015-04-08,99.6511,83.398,130.521,116.0577,130.9807,116.1785,103.3572,147.1395,114.1978,134.6081,141.7042,110.7475,224.6357,115.3408,109.5268,128.0322
2015-04-09,99.1816,82.8352,130.136,116.2692,130.3699,115.7953,103.1906,145.6826,113.6301,134.1021,140.2752,112.4787,224.0733,114.6558,109.2226,128.0228
2015-04-10,100.0328,82.7789,130.1671,115.9388,130.1931,115.0357,102.6712,145.2493,113.5443,134.1624,140.9971,111.9258,225.3565,115.6785,109.1705,128.0225
2015-04-13,97.6976,81.6443,130.1593,115.9548,130.0174,114.7125,102.189,144.9758,113.0935,133.7313,140.0127,113.3159,223.4273,111.5465,108.4299,128.0537
2015-04-14,98.3776,81.8664,129.7739,115.502,128.6197,113.685,101.6908,144.0854,111.9756,132.6294,139.2924,113.8582,222.0059,113.5845,109.2071,128.0565
2015-04-15,99.7445,83.6579,129.4742,115.0212,129.5055,114.0873,101.7296,143.87,112.3013,132.6489,140.454,114.2433,222.9066,114.8662,109.5564,128.0283
2015-04-16,100.074,83.8507,129.3214,114.8946,129.4304,114.1377,102.0502,144.5091,112.5536,132.9126,140.4838,112.7408,220.9514,116.5674,109.6113,128.0378
2015-04-17,99.2882,83.3766,129.1404,115.0751,128.8552,114.482,102.5926,144.496,113.0193,132.8888,140.4607,111.2919,222.599,115.4299,108.5803,128.0384
2015-04-20,98.2273,83.2813,128.4719,115.1297,129.0047,114.7984,102.8211,143.8442,113.4024,132.9488,140.1442,111.5659,221.3952,113.1502,108.0108,128.1176
2015-04-21,98.5398,83.714,127.8787,114.5325,128.4286,114.5808,102.6876,143.3269,112.5205,132.4747,139.6909,113.4955,220.0043,114.1091,107.9516,128.2411
2015-04-22,100.138,84.4845,128.1726,115.0012,129.5101,114.5963,102.7698,143.9675,113.5644,133.3228,141.2241,113.6515,223.0487,116.3002,108.7301,128.3072
2015-04-23,99.6521,84.7513,128.3023,115.3677,128.8788,115.1333,103.0076,144.201,114.0365,133.1804,142.2347,113.7644,223.371,116.574,109.1212,128.2611
2015-04-24,98.6677,83.7412,128.1544,115.4616,128.5501,115.7095,103.6872,144.4883,114.1966,132.9842,142.1687,113.4467,218.8651,114.4784,108.6724,128.2966
2015-04-27,97.8859,83.409,127.7124,115.218,129.9548,115.1942,102.8932,143.9409,113.4536,132.7783,140.8619,112.7486,218.6115,113.0156,108.2132,128.2267
2015-04-28,96.8253,82.4436,127.8684,115.8159,129.9758,116.0901,103.655,143.855,113.9656,133.1592,140.8852,111.8231,216.6193,110.6344,108.1767,128.2804
2015-04-29,96.1524,82.5794,127.9848,116.3552,130.9743,116.8452,104.0952,144.0414,115.0859,133.9199,141.5091,111.9722,216.6628,107.8495,108.6614,128.3244
2015-04-30,94.9893,82.6578,127.4288,115.4998,131.1081,116.673,103.9526,143.6985,114.002,134.1682,139.6671,111.6321,213.5348,106.07,108.5967,128.2983
2015-05-01,95.1787,81.9913,127.8874,116.1012,133.2171,117.4384,104.2142,144.174,114.2335,135.3884,139.5596,109.3692,212.8011,106.2014,109.087,128.2639
2015-05-04,96.7186,83.3175,126.8269,115.4962,132.7638,116.8137,103.803,142.8821,114.4645,134.5034,139.287,110.2506,212.8445,106.7641,109.3846,128.3242
2015-05-05,96.5647,84.2003,127.0001,115.7346,132.9166,116.4639,103.4361,142.6725,115.1597,134.5005,139.6741,111.5697,214.0118,106.7544,109.6133,128.2342
2015-05-06,97.3552,84.0659,127.0008,115.5671,132.6975,116.7159,103.5309,143.1668,115.245,134.7669,139.5176,112.096,213.8237,107.5817,109.5021,128.257
2015-05-07,97.0428,84.0623,126.6206,115.2034,133.1241,115.8026,102.722,142.4982,114.192,134.2011,138.6831,113.2634,214.0952,107.2293,109.4861,128.2105
2015-05-08,96.1661,84.0042,127.1216,115.5691,132.2849,116.4677,103.6292,142.8574,113.9508,133.8786,138.5153,113.9385,214.4484,106.409,109.5801,128.2475
2015-05-11,95.0526,82.7852,127.3292,115.2362,130.2249,115.4827,102.8253,142.3814,113.1733,133.7241,138.3344,112.7755,215.4877,105.1113,109.9446,128.3421
2015-05-12,95.755,84.3866,127.0515,114.8349,130.1739,114.7752,102.2116,141.9415,113.0959,132.8342,140.7528,114.0432,218.2894,106.3962,110.6802,128.3259
2015-05-13,97.1052,85.2039,127.5375,115.5487,131.1284,115.8889,103.0192,142.1888,113.9751,133.3873,141.9191,114.7022,221.5527,108.4291,110.6223,128.3797
2015-05-14,96.5039,85.213,127.8536,115.5279,131.2808,115.8139,102.5976,142.4961,113.8394,133.5963,141.5992,115.9987,222.0889,108.1904,110.3053,128.3536
2015-05-15,96.932,85.6747,127.6036,115.4451,130.0337,115.4341,102.7658,142.2075,114.0057,133.3785,140.6932,116.0733,222.484,108.5256,110.9354,128.3089
2015-05-18,96.2175,85.7017,127.7234,115.5517,130.694,115.3952,103.0404,142.7349,113.8798,133.5603,139.1902,116.3285,221.3705,107.8015,110.6484,128.2433
2015-05-19,97.6696,87.3001,127.8369,115.4731,131.3155,115.7805,102.9049,143.4682,114.4103,133.028,140.2422,117.4454,224.4511,109.3492,110.9829,128.2313
2015-05-20,96.6667,87.3413,127.7057,115.223,131.7769,116.2591,102.7989,143.884,114.5492,133.2908,140.4918,117.5838,222.7986,107.9366,110.5197,128.2595
2015-05-21,98.2357,87.8592,127.5806,115.4224,133.453,116.3912,102.7072,143.8374,115.8103,133.1609,142.5403,116.1431,221.9835,108.0128,110.8891,128.3084
2015-05-22,100.67,89.4832,128.3013,116.5467,134.5921,117.3362,103.5374,144.8252,117.5087,133.7773,143.8501,116.6552,225.3362,112.2102,111.7732,128.3038
2015-05-25,101.1082,90.3262,128.5794,116.2501,135.3188,116.7394,103.2093,145.5162,118.4773,133.7601,145.4633,115.085,225.8703,111.694,111.9393,128.2022
2015-05-26,99.7478,89.1228,128.415,116.5919,135.5573,117.3326,103.9044,145.4406,117.9724,133.725,144.1077,114.1658,223.3449,109.4995,111.7972,128.2136
2015-05-27,98.9197,88.7285,128.7365,116.6115,135.7275,116.6475,103.2876,145.6168,117.3447,133.7901,144.9675,114.3518,222.7856,110.5893,111.8724,128.1698
2015-05-28,98.2847,88.4965,129.2546,117.1559,135.8664,116.5946,103.1726,145.5883,117.4494,134.5192,143.9475,113.1167,224.9142,111.101,111.9401,128.2432
2015-05-29,98.0796,88.2695,129.5794,117.3355,135.386,116.7254,103.5769,145.4245,118.0348,135.0493,144.0877,112.5595,223.5842,110.1876,112.1837,128.2168
2015-06-01,100.4953,89.5708,129.4742,117.0434,135.6813,117.6019,103.9714,146.0641,118.9295,135.4745,144.5276,112.1369,227.6556,110.6139,112.998,128.2711
2015-06-02,99.1624,88.6487,130.9973,118.2488,135.4099,117.3861,104.0895,146.6812,118.7769,136.1467,145.0211,112.5898,230.854,111.7323,113.3688,128.2669
2015-06-03,98.5945,89.1071,130.2242,117.3935,134.9581,116.7604,103.6091,146.5478,118.7615,135.3773,144.2658,114.6424,227.7668,109.2952,112.8739,128.2951
2015-06-04,98.2483,89.8048,129.2928,116.6497,135.67,116.2802,103.3225,145.4831,118.0953,134.5548,143.7601,115.9779,226.4159,107.1118,112.4674,128.3245
2015-06-05,97.9978,89.7858,129.6299,116.7549,136.5926,116.8314,103.7957,146.289,117.3037,134.8506,142.991,117.7789,226.8226,107.3374,112.3569,128.3888
2015-06-08,97.8762,90.082,130.1291,117.2518,136.3093,117.1458,104.4314,145.9076,117.7039,135.6524,143.1043,116.6473,225.7772,108.4485,113.0021,128.4884
2015-06-09,98.3846,90.7285,130.2582,117.4096,135.5793,117.0019,104.8601,146.5392,117.8991,135.2056,142.8412,115.9381,226.927,110.5153,113.2026,128.4878
2015-06-10,98.4933,89.6103,130.3616,117.8625,135.9906,117.2802,105.6091,147.0479,117.6745,135.0681,142.9425,115.4956,227.8821,110.1174,112.9688,128.4443
2015-06-11,98.494,89.4379,129.3522,116.5813,134.1042,116.5166,105.0796,145.8776,116.4768,134.2169,142.991,115.615,227.9496,110.02,112.1707,128.4095
2015-06-12,96.8505,89.1265,129.4796,116.7172,134.0665,116.4799,104.9376,146.316,116.3177,133.7163,143.3927,116.1629,227.7289,109.7826,110.8809,128.3811
2015-06-15,95.6645,88.306,129.8202,116.9983,133.1742,115.8737,104.1546,145.3618,115.4165,133.2049,144.3675,118.2,229.1855,110.1698,110.556,128.4316
2015-06-16,95.2202,87.7953,130.1885,117.3408,132.5998,116.0954,104.1144,145.3098,115.7577,133.7039,145.1598,116.2168,229.4883,110.3503,111.1188,128.393
2015-06-17,95.4282,88.0127,129.9948,117.0179,133.1178,116.5732,103.5862,145.613,116.7033,134.1816,145.8936,117.9513,226.7705,109.8407,110.3506,128.427
2015-06-18,95.384,88.2501,129.9301,117.1299,134.541,117.2074,103.6153,145.9774,116.5272,133.5587,146.4717,116.7397,226.1809,110.5446,109.8851,128.3798
2015-06-19,95.1716,87.9512,129.2687,116.7851,135.2791,116.3397,102.674,144.8073,116.2317,133.8686,145.8459,116.5625,226.2174,109.2567,109.8661,128.4119
2015-06-22,94.8004,88.1425,129.3647,117.4092,136.242,117.4232,104.1055,145.2046,116.6137,134.8967,145.0024,116.5343,225.7464,108.3923,110.3236,128.4466
2015-06-23,95.518,88.7552,129.287,118.051,136.9927,118.2558,105.0213,144.9345,116.7487,134.936,146.5426,117.4187,227.9501,111.4209,109.8061,128.4493
2015-06-24,97.7416,88.8349,129.8229,118.1515,136.6802,118.2198,105.4125,145.8483,117.8548,135.449,148.6043,117.9793,232.7009,113.157,109.6518,128.4107
2015-06-25,97.7423,88.4083,129.7309,118.251,137.0623,118.4868,105.2683,145.681,118.1752,135.8302,148.8969,119.41,233.2349,112.1576,109.1572,128.3979
2015-06-26,98.8044,89.3979,129.668,118.0486,137.9784,118.458,105.7706,145.7615,118.3319,136.2575,148.0705,120.3857,238.7244,110.736,109.2029,128.5035
2015-06-29,98.5462,89.6532,129.6187,117.8372,138.0494,118.1181,105.9776,146.3147,117.9398,135.9899,146.4987,118.6393,241.5335,109.9357,109.1847,128.5456
2015-06-30,96.8321,88.9302,129.1483,117.6823,138.348,118.5353,106.919,146.162,116.8546,135.9032,145.047,119.9509,238.1821,107.1417,108.6946,128.4161
2015-07-01,97.3959,88.6868,129.3883,118.0583,138.3804,119.3122,107.5329,146.6192,116.2816,136.527,144.7659,120.731,239.7569,109.2037,109.196,128.4731
2015-07-02,95.731,88.2315,128.896,117.9913,137.691,119.9684,108.0356,145.8969,115.8081,136.5694,142.8682,119.3313,238.5475,107.3177,108.5406,128.4621
2015-07-03,96.6283,88.3114,129.5016,118.9321,138.3976,121.3065,109.4632,146.8715,116.7671,137.8984,144.5323,118.4059,241.1053,110.0101,108.609,128.511
2015-07-06,93.9105,86.8861,129.6434,118.7917,137.0527,120.2308,108.6362,146.2198,115.5019,137.3706,143.5101,117.9724,235.7918,109.3323,108.0489,128.4571
2015-07-07,92.1243,86.5548,129.422,118.1797,135.3807,119.0961,108.2207,145.7533,115.03,136.359,143.928,115.9618,234.5098,106.9416,107.9421,128.3535
2015-07-08,92.1584,86.9719,129.8951,118.6753,136.3973,120.34,108.6788,146.6748,115.6168,136.5431,144.0972,113.3784,234.6706,107.7812,108.0978,128.3637
2015-07-09,90.062,86.0029,130.2809,118.9197,135.9301,119.9675,107.9217,146.4857,114.8648,136.7925,143.3999,113.0498,235.7758,106.4669,108.0379,128.5102
2015-07-10,88.1994,84.7613,130.3194,118.982,135.5896,119.47,107.686,146.4674,114.2676,136.9431,143.1253,112.1631,234.3015,106.5048,106.7249,128.5107
2015-07-13,88.5892,84.6721,129.3741,117.9712,135.8432,118.9556,107.1252,146.2968,113.2897,136.3777,143.5374,112.7114,229.2386,106.4228,107.2512,128.4993
2015-07-14,88.3382,85.1671,129.3336,117.879,135.3265,118.3011,107.2382,145.8786,113.2071,136.3754,144.0877,112.1618,230.5288,106.1616,108.0005,128.4939
2015-07-15,87.3569,84.3258,129.2437,118.0473,134.8712,118.37,107.3246,145.8363,113.0232,136.111,143.3332,112.2739,229.1009,104.6259,107.6501,128.5688
2015-07-16,86.7116,84.4,128.8556,117.9173,135.996,119.0356,108.1548,146.6601,113.469,136.2869,141.5763,110.9776,228.1319,101.5876,107.0501,128.573
2015-07-17,88.3316,85.5604,128.6533,117.6795,135.9481,119.0686,108.5258,146.399,114.1818,136.2317,142.5823,112.6211,228.1201,103.4852,106.6998,128.5273
2015-07-20,89.9559,86.0685,128.2802,117.569,136.2372,119.234,108.7901,146.4393,114.6894,135.8844,144.066,113.0374,228.5043,104.6692,106.803,128.6107
2015-07-21,91.3149,86.6857,128.4607,117.7182,137.2632,119.4783,108.7477,146.8844,115.027,136.706,144.3945,112.7291,230.497,106.6866,107.5216,128.6549
2015-07-22,92.1772,88.3109,128.6469,118.0858,138.73,120.263,109.4413,147.683,116.2138,137.1498,145.2888,113.1589,230.2334,108.6486,107.5364,128.6786
2015-07-23,93.0613,89.3247,127.9206,117.5078,139.2868,120.8633,109.2259,147.2701,116.255,136.5207,144.9387,111.4897,232.363,108.7411,107.0409,128.634
2015-07-24,94.4902,89.5572,127.8593,117.6823,139.5277,121.3591,109.5507,147.7612,117.0097,136.274,145.92,112.4674,232.8204,110.1661,106.6087,128.6758
2015-07-27,95.2012,89.6334,127.157,116.9933,139.6826,121.0575,109.036,147.575,116.5844,135.9652,145.4293,113.8485,231.8828,110.3755,106.1265,128.7681
2015-07-28,94.7844,89.239,126.1873,115.5755,138.0616,119.7804,107.769,146.5944,115.0515,134.6854,144.7764,111.9598,229.055,110.6817,105.6281,128.7705
2015-07-29,95.1953,89.7342,126.4653,115.2627,137.2206,118.9205,107.1724,146.3711,115.2959,134.8494,145.5686,112.268,231.8131,110.9492,105.869,128.8162
2015-07-30,92.8681,89.4165,126.1947,114.5996,136.73,117.8229,106.0812,146.2428,113.8475,134.8215,142.3165,110.8746,231.655,109.6774,105.3794,128.8278
2015-07-31,93.3798,90.269,126.0164,115.3437,137.9846,118.5883,107.2838,146.5886,116.0513,135.5506,143.6134,110.4045,230.1979,110.3475,104.6962,128.8351
2015-08-03,92.7349,89.6997,125.9857,115.4108,137.7101,118.8999,107.1426,146.1179,116.342,135.9935,141.4856,110.9279,229.4068,106.3568,105.301,128.8243
2015-08-04,92.3957,89.4714,125.6608,114.9788,136.6072,118.0852,106.7638,145.2374,115.8389,136.1436,141.5316,112.1671,230.5192,105.6888,105.3117,128.7931
2015-08-05,92.0926,89.5927,125.6943,114.833,135.9079,118.4586,107.3492,145.6372,115.1685,136.2427,141.8263,111.7581,231.0693,107.0563,105.4279,128.7892
2015-08-06,90.3617,88.6796,125.9721,115.4998,135.4509,118.1704,107.256,145.1908,115.21,136.313,141.1144,111.8549,229.5294,105.1885,105.8344,128.7168
2015-08-07,91.3898,88.8989,126.0047,115.8715,136.29,118.7285,107.1672,145.1302,115.0166,136.2171,141.3609,111.0882,230.7413,108.1639,106.0065,128.7333
2015-08-10,91.5745,89.0755,126.4645,116.7917,138.6215,120.582,108.266,146.2716,115.561,136.286,140.8737,109.9892,232.7514,106.1209,106.6382,128.7533
2015-08-11,92.861,89.8496,126.4913,116.9975,140.277,122.3971,109.0813,147.3863,116.2269,137.3909,140.9231,110.5772,235.0363,106.7479,106.7837,128.7281
2015-08-12,90.4968,87.9591,126.5971,117.195,140.8475,122.3307,108.6251,147.8564,116.2062,137.9361,140.1666,109.9573,232.2798,103.0276,106.0955,128.6884
2015-08-13,90.5327,86.9342,126.6257,117.4534,141.0403,121.9029,108.1234,147.797,116.594,138.2342,139.8711,109.7006,231.3549,102.4569,106.0365,128.6482
2015-08-14,91.2689,87.303,126.9272,117.8916,141.0015,122.1408,108.3141,147.8213,116.8094,138.0642,139.9661,110.3978,233.9441,104.1467,105.8813,128.7234
2015-08-17,89.4268,86.8567,127.001,117.8516,139.3557,121.1936,107.2568,146.7811,116.9244,138.1913,139.4623,111.1292,231.5488,103.0501,105.5773,128.7277
2015-08-18,90.5566,87.992,126.0407,117.1014,140.6446,121.5165,107.3942,146.0671,116.5022,138.0962,140.2278,112.0937,233.0341,102.1287,106.0022,128.7606
2015-08-19,90.8243,87.7868,125.8496,117.0005,139.6051,121.3108,107.8455,145.7089,116.3818,138.0386,140.3272,112.4016,232.0785,102.6395,105.9874,128.795
2015-08-20,92.7793,89.2645,125.8557,117.3648,141.6337,122.5492,108.4159,146.0962,117.3399,137.8028,142.2896,111.3201,232.791,105.1075,106.324,128.8463
2015-08-21,92.3341,88.7401,126.1711,117.6589,141.8301,122.969,108.364,146.4507,117.0318,138.6733,141.7193,113.1647,234.5158,104.6903,106.5489,128.8374
2015-08-24,91.7107,87.8033,126.1961,118.1954,143.2597,123.3107,108.5699,146.632,116.8622,139.0327,140.7994,113.8161,232.8894,103.5413,106.368,128.8339
2015-08-25,92.0567,87.5884,126.7038,118.723,143.4763,123.7845,108.6595,147.0352,117.2933,139.6629,139.4796,114.4426,233.1134,103.4447,106.8748,128.8851
2015-08-26,91.7434,88.3421,126.7779,119.2603,143.9734,124.1355,108.7258,146.3925,117.734,139.9169,140.0176,114.9785,234.5285,104.3558,106.8133,128.9053
2015-08-27,90.0678,87.6702,126.5964,118.7625,140.7973,122.5618,107.7088,145.373,117.4667,138.7017,141.4908,116.2513,232.3439,102.5372,106.7999,128.9517
2015-08-28,90.3991,88.3347,126.3918,119.4357,142.3035,122.1902,107.9447,145.2841,118.6963,138.4332,142.3329,116.3363,232.0242,102.4566,107.0228,128.884
2015-08-31,88.173,86.0308,126.319,119.2964,140.1244,121.987,107.8575,145.182,117.7655,137.7659,141.3815,114.0593,229.6466,99.8424,106.2943,128.939
2015-09-01,88.6177,87.271,125.793,119.0657,140.9456,122.3336,108.4045,144.6538,117.7285,137.6338,141.2265,114.6136,230.6816,99.8308,106.1208,128.918
2015-09-02,86.2666,85.8355,125.1711,118.3978,139.411,121.9764,107.8005,143.9033,116.0953,136.8015,138.9057,113.8817,225.0198,98.1836,105.1647,128.8838
2015-09-03,88.3807,86.5626,125.5338,119.0434,141.584,123.2858,109.065,145.1443,117.7403,137.3088,140.1995,113.9347,226.4404,98.4256,105.5344,128.8442
2015-09-04,87.298,86.4289,125.3613,118.7493,141.4693,123.333,109.129,144.7665,117.0083,137.6422,141.2837,115.4061,223.5282,98.6871,105.1485,128.9031
2015-09-07,87.4376,87.0284,126.084,119.3487,141.922,123.8711,109.2464,144.7485,116.6744,137.3608,142.9999,115.8556,226.916,100.5705,105.637,128.8584
2015-09-08,87.5376,88.2085,126.023,118.8246,142.2885,123.7188,109.5088,145.3341,116.4976,137.3589,143.1092,115.0591,226.9985,101.0799,105.8673,128.8051
2015-09-09,86.2486,87.1722,126.376,119.3353,142.0495,124.0818,109.7741,145.4075,115.8882,137.8864,142.8909,114.4316,227.1292,101.1329,105.9346,128.7756
2015-09-10,86.7315,87.3673,125.8679,118.7857,142.3339,124.1441,110.0254,145.0041,114.847,137.4685,141.4119,114.513,226.4935,101.2911,105.7298,128.8481
2015-09-11,87.619,87.5805,125.7306,118.4162,141.2732,123.2919,109.6615,144.7468,115.3762,137.0849,141.4588,114.9846,228.2365,100.8746,105.6755,128.7295
2015-09-14,86.654,86.3741,125.6414,118.6123,141.5071,122.9599,109.4792,144.8502,115.0238,136.969,140.1896,116.1273,225.3654,99.6088,105.0956,128.7926
2015-09-15,85.9339,85.4075,125.9753,118.5901,141.2975,122.5008,108.9042,144.9291,114.8413,137.0247,139.8007,117.2465,224.8697,97.5292,105.0074,128.8506
2015-09-16,86.1209,85.4438,126.5085,119.6949,143.0061,123.3694,109.4739,145.2546,116.1061,137.7801,140.6773,116.7755,227.5471,97.2216,104.979,128.8823
2015-09-17,84.4531,84.7897,126.6687,120.4098,143.4651,124.1302,109.9568,145.1084,116.5197,138.1329,141.8765,116.5434,225.9754,95.1495,105.1313,128.8703
2015-09-18,84.8448,85.6957,126.3959,120.1567,144.1894,124.1527,109.6436,145.1825,116.8615,138.0962,141.9324,117.4899,226.3752,94.8731,105.2963,128.8997
2015-09-21,87.4176,87.9461,126.2359,119.9265,145.3058,124.6952,109.9722,144.8688,117.2296,138.1886,142.1722,118.5522,226.7495,99.1743,105.3118,128.9734
2015-09-22,87.8951,88.2233,126.3022,119.8894,144.0863,124.3461,109.7335,145.0669,117.1741,137.4142,142.093,118.1833,227.3797,100.3917,105.8128,129.0336
2015-09-23,86.1833,87.41,126.5193,119.8076,141.7732,123.7886,109.9541,144.8811,116.2941,137.2332,141.6295,118.7495,226.8725,99.5847,105.7352,129.0786
2015-09-24,85.4729,86.881,126.0565,119.0757,140.7745,122.9725,109.4929,143.9263,115.3849,137.0696,140.9509,118.6471,225.6425,97.0896,106.348,129.0142
2015-09-25,84.8868,86.6047,125.6956,118.6107,140.088,122.9376,109.402,144.0884,114.7928,136.498,139.9867,117.7626,224.2666,95.8958,106.4478,129.0658
2015-09-28,85.3371,87.5731,125.3624,118.1827,140.2365,123.225,109.4881,144.748,114.6836,136.4278,140.2113,118.2786,224.6514,96.8929,106.6064,129.153
2015-09-29,85.4348,87.8428,125.3717,118.0573,140.217,122.8022,109.6555,145.5524,114.8684,136.4553,139.8784,117.4978,226.9863,97.0677,106.4213,129.1595
2015-09-30,82.9869,86.4797,125.3399,118.0171,138.2467,122.2502,109.4827,144.8595,113.9393,136.2226,138.2369,115.7617,226.1842,94.7311,106.1726,129.187
2015-10-01,80.9987,85.7487,125.4791,117.975,137.6426,121.4479,109.0252,144.9605,113.1354,136.146,137.1551,116.2256,224.0856,93.5019,105.989,129.1793
2015-10-02,79.3416,84.5264,125.8925,117.8967,136.1819,120.4691,108.3099,144.4221,111.906,136.1124,137.8218,115.6191,222.1953,94.2832,105.83,129.2538
2015-10-05,78.6236,83.9256,126.3102,118.1537,135.6197,120.015,107.6116,144.4712,111.7395,136.3495,139.0222,116.1493,221.8429,94.5683,106.5408,129.162
2015-10-06,78.9277,83.5819,126.0155,118.2406,134.5552,119.5776,107.8477,144.023,112.34,135.7341,139.5256,113.6144,221.5282,94.5292,106.5539,129.1042
2015-10-07,78.5701,83.4388,125.7138,117.4445,133.7373,118.185,106.5234,142.9619,111.6428,134.5582,139.614,114.352,221.1736,92.8186,106.4198,129.1658
2015-10-08,77.5517,82.5938,126.0842,118.0973,134.5468,119.0794,107.0268,143.9058,111.2368,134.7538,139.7354,114.7841,220.7188,91.7338,106.8507,129.1884
2015-10-09,75.9858,81.4898,125.6705,117.7992,133.2341,119.0706,106.6317,143.0303,109.9848,133.9792,138.4684,115.3316,218.2445,91.0906,105.5693,129.1863
2015-10-12,76.0013,81.9707,125.3182,118.1766,133.6747,119.6987,107.2155,142.7734,110.5809,133.6779,138.6881,116.4047,218.1383,91.1078,104.9533,129.2521
2015-10-13,73.8038,80.3602,125.6677,117.9481,132.5068,118.0636,105.9088,142.1662,108.8092,133.6542,137.4068,115.9547,214.6734,90.8204,104.888,129.2902
2015-10-14,72.1464,78.4022,126.0258,118.6125,130.2235,117.7934,105.3203,141.1208,107.6256,133.2217,138.0588,115.2493,213.4689,92.1865,104.8353,129.2697
2015-10-15,72.2055,78.4589,126.803,119.0048,129.7629,118.1848,105.2855,142.1666,108.5796,133.8016,139.6604,114.641,212.5171,92.9362,105.6848,129.3339
2015-10-16,71.7431,77.4497,126.5469,118.8957,128.3003,117.7912,104.9897,141.1932,108.4326,133.7099,138.7653,112.7078,209.7958,92.3113,105.7398,129.4062
2015-10-19,72.1751,77.3234,126.3135,118.7525,128.3018,117.6514,104.8824,140.7933,108.3354,133.9906,139.1038,112.948,210.3708,92.4557,105.9251,129.4865
2015-10-20,74.2996,78.8186,126.7348,119.2598,128.9555,117.9499,105.0495,141.2603,109.4982,134.2696,141.0622,113.9838,215.9759,95.6589,106.6765,129.4342
2015-10-21,73.8449,77.7655,126.6008,119.4657,128.1887,117.3789,104.6959,140.5966,109.5999,134.0946,140.7337,113.802,216.5716,93.9938,106.4507,129.5091
2015-10-22,73.0409,76.6972,126.7897,119.4154,127.1987,116.7672,104.6239,140.6161,108.5732,133.7062,141.1648,113.7393,216.6523,92.6938,107.2439,129.4877
2015-10-23,71.147,74.6876,127.0288,119.3956,124.6588,115.8878,103.9442,140.5634,107.7366,133.419,141.545,111.6809,215.7863,92.2717,106.7615,129.5365
2015-10-26,69.5882,73.7238,127.1606,119.9027,123.3617,114.7725,103.5892,139.837,106.9302,132.8707,140.7895,110.9227,218.5125,92.1661,106.2193,129.6421
2015-10-27,71.3749,74.9318,127.1471,119.8659,123.2086,115.1695,103.7383,139.7713,108.2227,132.8426,142.9087,111.6152,219.1734,93.914,106.8559,129.6896
2015-10-28,70.5476,74.8757,127.0412,119.7171,122.978,115.0356,103.7888,140.1518,107.7583,132.5272,141.5833,111.3596,218.8493,93.5787,106.2939,129.6827
2015-10-29,71.2248,74.3282,127.0522,119.6151,122.6552,115.2388,104.0888,140.3771,107.4905,133.1434,140.1702,111.9247,218.2914,93.8074,106.6188,129.7041
2015-10-30,71.0605,74.2908,126.7778,119.3262,122.1587,114.2967,103.6437,139.769,108.1898,132.8273,142.0548,110.5947,216.4966,94.0313,105.8834,129.6484
2015-11-02,69.2604,73.1196,126.6263,118.953,121.2061,113.9723,103.192,139.3986,107.3971,132.7884,140.7674,109.6867,212.6679,91.7496,105.4314,129.5906
2015-11-03,67.5814,71.8261,126.4868,118.3753,119.7927,112.576,101.9724,139.0012,106.0949,132.118,139.5855,109.2493,210.2605,90.9265,104.5376,129.5825
2015-11-04,66.7501,71.9884,126.3673,118.4896,120.3047,112.7868,102.2838,138.7477,105.5333,132.1862,139.5623,109.1309,208.5964,90.6107,104.9269,129.5276
2015-11-05,66.2245,71.5713,126.6296,119.3309,122.07,113.7401,102.7944,139.4603,106.1533,132.3843,138.6839,108.5172,205.5194,88.6899,105.1124,129.5915
2015-11-06,67.0426,72.3245,127.3443,119.4875,122.1498,113.6869,102.6196,140.1175,106.8404,132.3939,140.0523,108.7343,207.0106,90.5654,105.3694,129.5653
2015-11-09,68.1779,72.8906,126.8668,119.9109,124.6515,115.3879,104.0954,140.3638,107.3905,133.0289,140.3437,108.6496,206.6955,89.9326,105.9921,129.6078
2015-11-10,68.1594,73.3523,127.365,120.7051,125.705,115.6478,104.6907,140.5951,109.0189,134.1379,141.4132,108.3297,205.3672,88.847,106.9759,129.6244
2015-11-11,67.9625,73.2631,127.4535,120.4524,125.4636,116.121,104.8062,140.9347,109.5275,134.0918,143.0464,106.0992,201.1308,89.4667,106.5952,129.6622
2015-11-12,68.016,73.5017,127.4772,119.994,125.5093,116.4006,104.6508,140.6974,109.1679,134.1704,143.7288,106.4933,200.1026,89.9918,106.1749,129.6797
2015-11-13,67.3154,73.1432,127.7065,120.347,124.8648,116.4944,104.5817,140.2374,109.153,133.786,143.9863,107.6085,197.3577,89.962,105.9085,129.7204
2015-11-16,65.9125,72.2189,127.2484,120.4794,124.589,116.1622,104.6437,139.2435,108.5694,133.498,143.0243,108.3884,196.7536,87.859,104.7437,129.7707
2015-11-17,65.9431,72.3411,126.8698,120.078,123.0088,115.5904,104.0979,137.9287,107.8223,132.5915,142.1746,109.191,196.3723,88.7753,104.5388,129.85
2015-11-18,67.3603,73.5638,127.4914,120.6339,124.7128,116.864,104.6504,138.7324,108.9028,133.5082,144.0258,108.9344,200.4054,90.605,105.1921,129.8044
2015-11-19,67.4788,73.5493,127.1795,120.0771,124.2417,116.2575,104.3621,138.8183,109.0714,133.5289,145.1221,108.1056,200.4857,90.1462,105.3836,129.7983
2015-11-20,67.4721,72.6251,127.2476,120.7255,124.3145,116.5242,104.1605,138.2308,108.9309,133.0971,144.1332,106.7427,202.8332,89.2904,105.4072,129.7939
2015-11-23,67.7063,73.1984,126.9215,119.6909,122.5543,115.2495,102.9934,138.0504,108.709,132.3433,145.2214,105.9906,206.0645,91.0586,104.6377,129.7725
2015-11-24,67.3301,73.0044,126.6905,119.5754,122.5973,115.3704,102.8795,137.6499,108.16,132.1907,144.775,105.6181,207.9373,91.1957,103.7725,129.7698
2015-11-25,68.1613,73.8357,126.8117,119.7278,123.2029,115.9529,103.5162,137.1757,108.194,132.1848,143.3468,106.0852,210.4081,91.0512,103.9971,129.7805
2015-11-26,67.8978,73.4313,127.2262,119.9932,123.6742,115.7815,102.7424,137.1906,108.0744,132.3327,142.7103,106.2631,210.1258,91.5128,103.7447,129.7578
2015-11-27,67.6292,73.3028,127.6437,120.5491,123.1906,115.7307,102.877,137.5283,109.0967,132.0999,142.5239,104.6577,210.1089,90.8881,103.734,129.7707
2015-11-30,66.997,72.7173,128.2105,121.8608,123.3415,116.6941,103.5327,137.698,109.8443,132.295,143.1313,104.5511,209.6495,90.1192,104.2664,129.8426
2015-12-01,66.9765,73.632,127.4428,121.1824,123.5066,117.1043,103.7332,137.219,110.8034,132.1173,143.8545,102.1041,209.8175,87.2669,104.5423,129.8742
2015-12-02,67.387,73.6732,127.3789,121.3855,123.8701,118.0802,104.508,137.9295,111.4449,132.4084,143.9415,102.0559,207.9275,86.6559,105.1896,129.8552
2015-12-03,67.8337,74.6498,127.0087,120.6916,123.6001,117.8677,104.0283,137.296,112.056,132.2609,144.7225,101.1084,206.1098,86.9404,105.29,129.8359
2015-12-04,69.1938,75.3956,126.9195,120.4539,124.0228,117.7727,104.0651,137.387,112.111,132.8511,144.401,101.9128,208.1351,88.599,105.8321,129.7731
2015-12-07,70.3355,75.7096,127.2825,120.2436,123.9863,117.08,103.6039,137.4148,112.207,132.7208,144.0586,100.9548,209.1118,90.0788,106.2198,129.6574
2015-12-08,69.2393,74.6017,126.8166,119.4594,121.9098,115.5383,102.8355,136.2438,110.9383,132.2181,142.9557,102.0069,206.7629,89.249,105.3785,129.7176
2015-12-09,68.271,73.7342,126.9768,119.7608,122.6294,115.9663,103.2641,136.5452,110.9277,132.3439,142.7026,101.243,203.9414,87.177,105.1053,129.7023
2015-12-10,68.4461,74.0705,126.4933,119.5604,123.3153,115.8705,103.524,136.3139,110.8694,132.01,143.3139,100.1883,204.0691,87.4057,104.7224,129.6915
2015-12-11,66.4553,72.8326,126.9353,119.4596,121.2837,114.4687,102.0706,135.9539,110.3135,132.1163,143.6087,98.6524,203.3104,86.8302,104.7162,129.7029
2015-12-14,67.6014,73.231,127.24,120.2781,123.6539,115.4771,103.0954,136.6986,111.5573,133.0283,144.9309,98.9842,202.4012,88.6147,104.3459,129.651
2015-12-15,67.4857,72.9586,127.4064,120.2483,123.5666,114.7859,102.8895,137.1389,110.8604,133.3796,143.9494,98.4139,204.8286,89.6492,104.4267,129.6633
2015-12-16,68.7491,73.3115,127.3593,120.1383,124.3232,115.8739,103.8992,138.0348,111.4144,133.7596,145.1803,98.0777,205.3751,91.3352,103.6672,129.6948
2015-12-17,68.9472,73.8508,127.1961,120.1055,125.0327,116.702,104.5305,138.4056,111.4766,134.0846,144.5046,98.8171,205.4501,91.251,103.5858,129.6599
2015-12-18,68.7045,73.6894,127.8263,120.5058,125.8653,116.9104,104.0148,139.016,111.5058,134.1629,144.3319,99.3132,204.8032,91.0149,104.0206,129.6579
2015-12-21,68.3373,73.6352,127.4051,120.001,124.2515,116.3864,103.4649,138.3083,111.379,133.2918,143.8821,98.3481,206.1883,90.0033,103.6547,129.6619
2015-12-22,67.5675,73.1423,127.0877,119.5429,123.4718,116.0109,103.4388,138.5773,110.6059,133.0948,142.9719,96.6602,204.3732,88.9071,104.3248,129.6465
2015-12-23,69.0558,74.5023,126.9442,119.2582,122.5055,115.872,103.2371,138.2814,111.0684,132.8352,145.009,97.4478,209.8046,91.7143,104.5276,129.7376
2015-12-24,69.4787,74.7893,126.7533,119.0599,123.1021,116.2015,103.3503,138.6961,111.7859,133.0565,144.4201,97.7411,209.67,90.4841,104.3056,129.6352
2015-12-25,68.5334,74.6211,127.3999,119.0877,122.6009,116.2035,103.1269,138.7399,111.0518,133.2262,144.7494,97.8415,209.6102,90.5191,104.6236,129.6484
2015-12-28,67.9802,74.1776,127.6766,119.2822,122.7634,116.0461,102.7293,138.4986,110.9233,133.5278,145.1273,97.69,208.2237,90.4541,104.7252,129.6152
2015-12-29,68.5268,75.4058,126.7135,118.273,123.7808,115.9384,102.1724,137.6776,110.3441,133.5465,144.6349,98.0181,206.8519,90.7277,105.0967,129.5835
2015-12-30,69.8675,76.4344,126.3294,118.271,124.6568,116.7899,103.1413,137.5501,111.4886,134.2848,145.6149,96.3546,205.9537,92.5502,105.1297,129.4624
2015-12-31,71.2222,77.5417,126.29,118.1351,124.9618,117.6734,103.3756,137.8598,112.072,134.8783,147.1195,96.6684,205.6296,94.0795,106.5195,129.6098
2016-01-01,71.9613,78.2883,126.5858,118.5917,125.6519,118.2795,104.011,138.0764,112.9397,134.8434,147.7005,96.3839,207.1917,94.1943,106.9238,129.4883
2016-01-04,70.3281,76.6178,126.397,118.9941,125.3989,118.3333,103.7355,138.2013,112.9597,134.2089,146.6899,94.6359,206.1374,91.6888,105.7904,129.4289
2016-01-05,71.0854,76.908,126.0448,118.321,125.2965,118.0947,103.8566,138.0671,112.276,134.4192,145.2741,95.2483,208.0696,91.5806,105.8669,129.5062
2016-01-06,70.5794,76.2029,126.122,118.4563,124.5675,118.5135,103.7447,138.0725,112.1572,134.1141,143.6553,94.9952,207.2656,89.7702,106.1497,129.502
2016-01-07,70.3608,76.3988,126.4417,119.224,124.493,118.9325,104.4256,138.179,112.5855,134.2264,144.2352,95.9845,208.4826,90.0181,106.4867,129.4899
2016-01-08,70.7984,76.9376,126.3577,119.1145,125.4975,119.8472,104.8497,138.6032,113.3613,134.6807,144.8316,96.2663,205.4157,90.2228,106.1646,129.443
2016-01-11,71.7321,77.9763,126.1892,119.4716,127.2674,121.1428,105.476,139.0765,114.7927,135.6616,145.3024,96.7392,207.818,89.5825,106.4883,129.4676
2016-01-12,72.7595,78.8849,126.2766,119.2619,127.8771,121.6768,105.7233,139.8225,114.7183,135.5275,146.3529,97.687,210.3042,90.886,106.7058,129.4409
2016-01-13,72.499,78.8657,126.0295,119.3419,128.7379,122.2556,105.7573,139.8298,115.1689,135.4706,147.3556,96.2991,210.2402,90.6652,105.951,129.4413
2016-01-14,72.3726,78.6824,125.9933,119.5892,129.6659,122.1397,106.2384,140.2653,115.2973,136.0411,146.0313,96.2626,209.6141,91.4424,104.8793,129.4569
2016-01-15,70.7567,77.7528,126.1785,119.3349,129.1459,121.1282,105.695,139.9896,114.3492,136.3396,145.3698,96.5092,205.5963,89.9749,105.0966,129.4854
2016-01-18,72.0055,78.8563,125.6324,119.0519,129.2325,121.4005,106.183,139.4302,114.2871,136.4642,145.84,97.2216,208.8527,90.7353,105.8712,129.4208
2016-01-19,71.4535,79.2896,125.2795,118.5225,128.5409,121.4217,106.6079,139.613,114.199,136.109,146.0114,95.9503,206.8283,90.9806,105.2322,129.467
2016-01-20,71.2463,78.2484,125.6416,118.8974,126.6503,121.2937,106.4137,138.9707,114.5257,135.9672,144.9275,98.0718,207.3402,88.5722,105.7001,129.4565
2016-01-21,70.7211,78.3821,125.9839,119.5154,127.3725,121.5406,107.11,139.7943,115.1578,136.1978,145.1678,98.3038,207.6403,88.0365,105.5306,129.5603
2016-01-22,71.9297,78.5908,125.5655,118.8465,127.0547,121.6061,107.1255,139.9068,114.8759,136.2066,144.4207,97.9,208.408,88.7552,105.7191,129.6223
2016-01-25,71.8072,79.0364,125.6992,118.585,126.452,121.5567,107.3734,140.0804,113.7215,136.3191,144.0499,99.7073,209.2776,89.7938,106.326,129.5951
2016-01-26,73.9666,81.1126,125.3883,118.869,127.652,122.5276,108.1251,139.9516,115.3917,136.6772,147.2487,99.3377,211.6887,93.1528,106.6879,129.581
2016-01-27,74.1286,80.5316,125.619,119.5755,128.0701,122.602,108.3745,139.957,116.029,137.2847,146.9875,99.2537,211.5865,92.5043,107.3319,129.6229
2016-01-28,75.5824,81.063,125.8082,119.8292,129.1233,122.8273,108.5276,140.3185,117.1129,137.4003,148.1312,99.756,211.5807,93.2226,107.6807,129.777
2016-01-29,77.7586,82.3577,125.5262,119.9618,130.1098,123.9529,109.9023,140.7886,118.1982,137.6982,149.3677,101.1703,214.6008,93.8813,108.1597,129.7728
2016-02-01,76.7222,82.9847,126.1033,120.0596,129.9856,124.249,109.958,140.7962,117.141,137.8375,149.6285,102.882,215.0038,94.1971,108.939,129.7998
2016-02-02,75.9709,82.5645,126.3934,120.3776,129.5067,124.0908,109.969,140.9603,117.0865,137.5643,149.8144,104.3908,214.3708,93.5851,108.7512,129.7764
2016-02-03,75.8513,82.6183,126.4686,120.59,130.1854,124.0605,109.4102,141.3288,117.382,137.6674,150.362,105.216,218.1049,93.7006,108.019,129.8293
2016-02-04,75.4666,82.2295,127.2296,120.9691,130.1391,123.4145,108.6056,140.8686,116.5239,138.0794,150.4184,105.5397,218.9487,94.6826,109.1304,129.8119
2016-02-05,75.047,82.1203,127.571,121.1864,130.4898,123.4576,108.6998,140.7724,116.4062,138.4604,151.8293,104.1965,218.6552,94.9106,109.6368,129.8618
2016-02-08,74.9828,82.7924,127.8559,120.9692,129.7252,123.3033,108.6272,141.3448,116.2515,138.5111,153.1916,103.2524,218.5281,97.1049,110.2315,129.8361
2016-02-09,74.3944,83.0453,127.6376,120.986,129.5423,123.5097,109.0931,141.4961,116.6804,138.7463,154.4611,102.2151,219.414,97.4952,109.3586,129.9825
2016-02-10,75.3154,83.3514,127.7579,121.1576,129.9281,123.3214,109.1845,141.3346,117.103,139.2308,154.8651,103.0374,220.2668,98.6026,109.6222,129.9949
2016-02-11,74.7232,83.599,127.747,120.9679,129.0895,122.7304,109.0777,140.2431,116.1099,138.9621,154.5965,103.7736,219.935,98.304,110.4128,129.9496
2016-02-12,75.732,84.6698,127.1967,121.0238,129.7457,122.8068,109.4343,139.5755,116.9313,139.5211,154.195,103.5872,220.3725,99.3717,110.5875,130.0142
2016-02-15,75.2697,84.284,126.8813,120.2866,128.0031,122.2103,109.0422,139.4111,115.7084,139.0013,152.953,103.614,220.2339,100.041,110.0749,130.0848
2016-02-16,77.2611,86.4889,127.063,120.4189,127.9156,122.495,110.044,139.4733,116.3466,139.6405,153.7296,106.075,225.3789,103.9357,110.4463,130.0647
2016-02-17,76.77,85.715,126.6605,120.6403,127.158,122.6339,110.8249,138.9394,116.1584,139.59,153.6284,106.748,226.6958,101.957,110.4981,130.0385
2016-02-18,77.5603,85.4408,126.1913,120.3265,126.8708,122.747,111.6143,139.0055,116.0122,138.9779,154.2973,106.6736,225.4481,101.5733,110.5622,130.023
2016-02-19,77.3762,84.82,126.6942,120.8864,127.523,122.8518,112.1494,139.6261,116.2984,139.132,153.6577,106.8203,227.6906,99.4256,110.6573,130.066
2016-02-22,76.6316,83.9624,126.7306,120.5419,126.4592,121.6853,111.4707,139.2845,114.8696,138.788,153.8403,106.0655,227.866,100.3855,110.7609,130.1138
2016-02-23,75.7162,83.0977,126.8767,120.6626,126.1862,121.246,111.3654,138.6563,114.1626,138.9149,152.6474,106.286,226.2197,98.9152,110.9788,130.215
2016-02-24,76.9277,83.1228,126.1634,119.9275,126.0143,121.183,111.5063,138.4028,114.5397,139.3335,152.2599,105.2912,224.423,98.9954,110.9071,130.2256
2016-02-25,77.6442,83.2446,126.4564,120.1475,125.955,121.3573,111.3448,139.0205,114.4863,139.0579,152.2978,106.9716,227.1949,100.5681,110.7033,130.2673
2016-02-26,79.1394,83.8579,126.0024,119.5441,126.5854,120.6578,110.7131,138.8136,114.617,138.8123,153.3454,106.1134,227.7121,102.2667,110.758,130.3094
2016-02-29,78.603,84.1203,126.3676,120.2237,127.8394,121.025,111.3592,139.4855,114.8956,139.1538,153.2976,107.5516,226.1127,101.7527,111.2287,130.2736
2016-03-01,78.9254,84.5673,126.1222,120.1123,127.3993,121.4953,112.2095,139.1336,114.7198,138.7354,152.1525,107.8863,226.7202,101.4958,110.9644,130.2448
2016-03-02,79.4761,85.1054,125.8397,120.456,129.0636,122.8326,112.7468,139.575,115.4181,138.8933,150.9402,107.4058,228.7188,100.6581,110.5521,130.3565
2016-03-03,78.8283,84.1937,125.5781,120.0917,127.5121,122.8466,112.7981,139.4672,114.4858,138.9844,149.2746,108.3646,228.3509,100.1654,110.1594,130.3617
2016-03-04,80.2358,84.3621,126.0229,120.9289,128.3217,123.5828,113.4296,140.209,115.4172,139.4716,148.56,108.051,230.098,101.4431,110.9087,130.3591
2016-03-07,81.3449,85.6225,126.4101,121.345,129.4599,123.5253,113.987,140.4373,115.6991,139.9401,148.925,109.9804,232.7968,103.6293,111.2363,130.3697
2016-03-08,80.9569,85.9553,126.7017,121.3727,129.1017,123.8736,114.5163,140.7312,115.6285,139.7068,149.5479,108.7084,232.4112,103.5533,111.6797,130.3946
2016-03-09,80.5742,86.4852,126.8642,121.1565,129.0073,124.3741,114.2244,140.8528,114.8432,139.4418,148.9996,109.6284,231.2649,104.5966,111.7606,130.4303
2016-03-10,82.5545,87.5462,126.7035,120.8904,128.3433,124.4313,113.882,140.9288,115.8612,139.1711,150.1345,109.189,233.821,105.8369,112.8677,130.3353
2016-03-11,83.0948,87.615,126.0797,120.9196,129.0877,125.3833,114.5188,140.6411,116.8626,139.0706,150.8942,108.7911,233.9326,104.1765,112.0661,130.405
2016-03-14,83.761,87.5339,126.6134,122.0537,131.1173,126.4891,114.9703,141.4185,117.9751,139.598,150.1068,109.5894,234.5575,103.6321,112.4166,130.4462
2016-03-15,83.8825,87.4226,126.62,121.8754,131.214,125.7051,113.947,141.0684,117.8838,139.2415,151.0177,108.3794,235.1347,104.4402,112.3148,130.5298
2016-03-16,82.9145,87.0165,126.6641,121.833,131.2538,125.9501,114.1752,141.2552,117.6822,139.4312,150.5222,108.8802,231.4059,102.9975,112.37,130.4999
2016-03-17,84.1616,87.7982,126.5504,121.7684,131.1124,126.0708,114.2191,141.2115,117.1418,139.0887,150.6113,109.1908,233.4338,105.8523,113.0851,130.5796
2016-03-18,84.2223,88.4628,127.0674,122.4399,132.0257,125.7243,114.7778,141.3751,117.1163,139.2229,152.4998,110.2669,235.6767,108.4057,113.0968,130.4995
2016-03-21,85.3251,89.0225,127.1941,122.2388,132.515,125.853,114.4933,141.4972,117.4542,139.5884,153.241,111.1206,234.6685,109.0279,113.8996,130.5049
2016-03-22,86.0976,89.7293,126.6377,120.8651,131.5404,124.6297,113.117,140.8645,116.8763,138.3965,154.5443,111.2035,233.5737,110.7781,113.2012,130.3717
2016-03-23,87.2261,90.2927,126.5882,120.7316,130.8632,123.9458,113.0924,140.6426,117.3109,138.5776,156.2552,111.8686,236.0068,112.9025,113.3168,130.3856
2016-03-24,88.7152,91.1471,126.3577,120.2845,131.1811,124.6289,113.4729,140.6703,116.8765,138.4436,156.6661,111.9857,235.6295,115.5501,113.3941,130.4031
2016-03-25,88.3398,90.7616,126.2003,119.7781,131.0959,124.0674,112.5584,140.7707,116.5198,138.0075,156.0666,113.1879,235.9086,113.6003,112.8634,130.4276
2016-03-28,89.7042,92.4793,126.5287,119.4839,130.4393,124.3308,112.8691,140.7749,116.9931,138.6463,157.84,113.0575,236.4023,117.9321,113.3069,130.3146
2016-03-29,89.7862,92.0215,126.9217,119.3207,128.8125,123.3897,112.6404,140.2713,116.9467,138.7812,159.4614,114.3471,234.0462,119.5215,113.3548,130.2915
2016-03-30,89.0115,92.3007,126.7126,119.2033,129.2385,123.4783,113.3361,140.6135,116.631,138.9384,159.4059,112.2045,234.8696,120.2244,112.5827,130.2867
2016-03-31,88.8185,93.0083,126.0934,118.6708,128.9482,123.6616,113.2326,140.4263,116.2406,138.7331,157.4079,111.8067,233.0181,120.8793,112.1977,130.3315
2016-04-01,86.8253,91.8727,126.2175,119.1328,128.7124,123.2708,113.0048,139.9911,116.2695,138.9095,157.6972,111.1664,230.4714,119.1955,111.8494,130.3897
2016-04-04,87.809,91.5143,126.3319,119.3523,128.4238,123.8019,112.6634,139.5931,115.8411,139.3125,156.9475,111.3322,234.5098,120.7166,112.4587,130.3218
2016-04-05,87.9543,91.5526,126.1051,118.9449,129.6255,124.1993,112.6879,140.1169,115.9988,139.5978,155.7898,111.0189,231.8979,120.1915,111.3845,130.3048
2016-04-06,86.4758,90.8183,125.9608,118.7757,128.6006,123.3363,111.8505,138.8073,114.5146,139.5697,155.0431,111.058,234.4165,120.8788,110.7079,130.2924
2016-04-07,87.242,91.5197,126.0853,118.8661,128.7543,124.4345,112.1637,139.261,114.9204,139.6236,156.6554,110.3872,232.15,123.0611,111.622,130.3104
2016-04-08,87.7112,91.6795,125.6128,118.5088,129.2287,124.296,111.5495,138.5743,114.4873,139.7398,155.937,112.0097,231.0941,123.3838,111.6754,130.2443
2016-04-11,87.2384,90.5523,125.2659,118.3512,129.3935,124.5054,111.1466,138.3478,114.2562,139.7886,154.2469,112.1616,229.2026,120.8465,111.2536,130.2479
2016-04-12,89.8132,92.7558,125.5179,118.7582,130.7395,125.8534,112.5324,139.3406,115.4515,139.5343,156.7591,111.666,230.0591,125.3938,111.8696,130.219
2016-04-13,91.3859,94.3527,125.1384,118.7603,131.8997,126.9865,114.0456,140.1871,116.11,139.8452,157.7915,112.3596,234.1098,126.9402,111.5539,130.1239
2016-04-14,93.6894,95.8255,124.0727,118.0268,132.0522,127.8007,114.3981,139.606,116.4458,139.5138,157.2833,111.2917,233.7931,127.9269,112.0749,130.1474
2016-04-15,95.9981,97.528,123.2976,117.2446,133.5388,127.795,115.0515,139.7422,115.9863,139.3818,157.4314,112.904,234.4107,130.2458,111.9797,130.1751
2016-04-18,96.3707,98.1279,123.3629,117.6261,135.5167,128.684,115.1056,139.6133,116.0438,139.5322,156.9734,113.3315,234.6209,130.4752,111.9558,130.2429
2016-04-19,96.3271,97.7346,123.2322,117.688,135.2438,128.8751,115.4596,139.6872,116.4121,139.5008,157.3958,113.0202,234.9491,128.2347,112.2825,130.3255
2016-04-20,96.1261,97.8463,123.2156,117.2104,135.0698,128.3649,114.7674,139.5256,116.4055,139.598,156.7475,113.1374,233.3386,128.005,111.7814,130.3141
2016-04-21,97.142,99.7588,123.237,116.9087,134.7499,128.239,114.1384,139.2161,116.4068,139.4151,156.992,113.9519,235.1803,130.5198,112.7606,130.3216
2016-04-22,95.6978,100.0109,123.4638,117.3759,135.8145,129.2075,114.4889,139.2988,116.3284,139.7176,156.3726,113.4637,234.19,129.7724,112.6221,130.3164
2016-04-25,95.835,99.9183,123.8011,117.9508,135.9067,129.4134,114.7417,139.8049,116.4088,139.4827,156.6707,114.439,235.5561,129.9576,113.3498,130.2822
2016-04-26,95.9793,99.5834,123.729,118.3617,136.769,130.0964,115.4504,140.205,116.3867,139.6442,154.8851,115.2132,234.4554,129.2076,113.3456,130.3762
2016-04-27,96.1216,99.6507,123.822,118.3082,137.0789,129.7411,114.2435,139.4463,115.4427,138.913,155.2358,115.2407,234.3273,133.7772,112.2831,130.4473
2016-04-28,94.8867,99.1081,123.7266,118.0164,136.2531,129.8587,113.4118,139.1073,115.3135,138.5046,156.1432,116.2631,231.849,132.1855,111.8246,130.4961
2016-04-29,94.4598,98.347,124.0995,118.0145,134.6282,129.4064,112.8916,139.1602,114.7738,138.3632,156.681,116.9874,232.4057,133.1401,112.3136,130.4753
2016-05-02,94.46,98.9133,124.8189,118.8555,134.8851,129.707,113.3993,139.0378,115.8644,138.8837,158.5794,116.5541,231.4922,135.0122,112.6903,130.4693
2016-05-03,95.3655,99.6381,125.1089,119.4109,135.5378,129.9672,114.1214,139.3286,116.0793,139.6893,159.5754,116.3921,234.0248,138.891,113.3402,130.4091
2016-05-04,94.9576,99.9344,124.9299,119.6801,137.2847,130.4981,114.7954,139.3707,116.3807,139.7668,160.2121,117.1337,232.8003,136.1696,113.4054,130.4331
2016-05-05,93.7007,98.9669,125.1609,119.9283,136.9078,130.6374,114.7337,139.6109,116.4086,140.2309,159.2746,117.418,230.6942,135.4367,112.8913,130.4404
2016-05-06,93.8306,98.6575,124.3867,118.7678,135.3255,129.8376,113.6098,138.6156,115.3817,139.7633,157.6762,118.0951,228.7779,135.2659,112.5319,130.4855
2016-05-09,90.753,96.3158,124.2041,118.0668,133.2036,129.293,112.7787,138.4519,113.6734,139.6915,155.8253,116.4094,224.4481,133.0364,111.6997,130.4804
2016-05-10,92.1475,96.3919,124.4502,118.4578,133.3268,129.6676,113.4754,138.5272,114.3552,140.0305,156.2044,118.6805,223.5344,134.2255,111.8245,130.4876
2016-05-11,90.4086,95.1331,125.0139,118.5151,132.527,128.8979,112.2058,138.5658,114.0044,139.7737,156.2359,117.9405,223.5155,132.9595,111.3872,130.5511
2016-05-12,90.718,94.7475,125.1049,118.4733,131.2871,128.6453,111.7619,137.9673,113.8481,139.2782,157.2033,117.6596,224.8727,133.25,111.819,130.5396
2016-05-13,92.4265,95.6752,125.1538,118.3355,131.1301,129.0514,112.1495,138.018,114.5458,139.9857,156.6451,116.4739,226.8694,135.4848,111.9993,130.6036
2016-05-16,92.5231,93.9782,125.0722,118.0671,130.1005,128.446,111.6125,137.365,113.263,139.645,155.7344,115.1999,228.117,134.2002,112.7057,130.6192
2016-05-17,91.451,92.6276,125.1345,118.3956,129.418,128.4822,111.5982,136.7353,112.3519,139.127,155.3168,113.7929,227.8961,133.3786,112.895,130.6214
2016-05-18,92.595,93.0503,124.8659,118.2323,130.36,128.7146,112.2985,137.4783,112.6093,139.255,154.1671,113.8774,227.2786,133.2276,112.9235,130.6718
2016-05-19,93.5017,93.7084,125.1369,118.6854,130.5566,129.1127,112.1514,136.924,113.2085,139.8316,154.9676,114.7802,230.8751,135.4892,112.9069,130.709
2016-05-20,93.933,93.5773,124.6749,118.4506,131.0212,128.8764,111.8333,136.808,114.0307,140.1033,154.7876,112.8321,230.8289,132.8331,113.2273,130.756
2016-05-23,94.0707,94.6143,125.0311,118.8087,131.3147,129.6437,112.4215,136.7882,114.4278,140.1361,156.3671,113.2427,231.4568,133.6069,113.6682,130.7784
2016-05-24,95.3688,95.4252,124.6585,118.6428,131.6967,130.7636,112.5509,136.8492,114.7804,139.7646,157.6815,113.8373,233.7805,133.32,114.1216,130.7202
2016-05-25,96.5103,95.8224,124.4733,118.5288,132.5465,131.2498,112.4267,136.5523,115.217,139.4135,158.8652,113.0091,234.4534,133.62,113.757,130.7422
2016-05-26,96.9072,97.0961,124.5919,118.3002,132.3009,131.911,112.7165,137.3392,116.0456,139.4915,160.8913,111.2973,234.6376,134.9253,114.2222,130.7461
2016-05-27,97.6167,97.4568,124.6306,118.096,133.0582,132.0236,112.6724,138.01,116.4517,139.505,160.7782,110.7167,236.6366,133.9581,114.0956,130.7465
2016-05-30,97.8804,98.0653,124.415,117.7004,132.5925,132.1073,112.6482,137.5838,116.98,139.6049,161.4288,111.6465,234.3729,132.5262,114.3792,130.799
2016-05-31,96.5477,97.2738,124.5099,117.3256,129.9817,130.4912,112.3006,137.0082,115.829,138.782,160.7578,111.0539,234.3354,132.4176,114.596,130.734
2016-06-01,96.9334,97.3635,124.8576,116.9288,129.548,130.8439,111.7703,136.8278,114.7115,138.5934,160.1676,113.1749,233.5406,132.9616,115.2724,130.68
2016-06-02,99.0452,98.4518,124.7709,117.43,130.172,131.8874,112.8148,137.1985,115.4693,138.5105,160.3299,114.6877,236.4566,134.2427,116.0673,130.5725
2016-06-03,98.4691,97.9521,125.0463,117.668,130.9145,131.0757,111.8415,136.7618,115.4551,138.2024,160.2214,112.9735,236.7791,132.5217,116.5331,130.6726
2016-06-06,97.1861,98.0427,125.2021,118.0173,131.6871,131.3574,112.3325,137.1648,115.8991,138.6348,159.9547,110.6152,235.6196,130.3784,117.0919,130.6249
2016-06-07,98.5198,98.43,125.5545,118.7118,133.3681,132.4405,113.0729,138.3087,117.2032,139.8323,161.2006,111.4861,236.622,130.5684,118.1709,130.5161
2016-06-08,98.8698,99.6443,125.5275,118.6619,133.8925,132.1816,112.9624,138.1657,117.1197,139.7693,161.3254,110.5505,238.0482,132.678,118.5888,130.4534
2016-06-09,100.076,100.3295,125.6413,118.9857,134.0709,133.446,113.5297,138.3774,117.8026,139.6493,162.8625,111.7839,240.1503,132.7861,119.127,130.4213
2016-06-10,101.9317,100.9469,125.4597,119.7662,134.8106,134.7362,115.1257,138.4817,119.6106,140.5066,164.5295,112.5532,239.8686,134.1289,119.3863,130.4678
2016-06-13,104.7102,101.9802,125.7573,120.1905,136.6314,136.8181,116.2598,139.8936,120.2488,140.9642,165.9365,112.3971,244.011,135.9469,120.6488,130.458
2016-06-14,104.2657,101.7623,125.245,119.8838,137.5406,136.8524,116.2059,139.9191,120.3095,140.9188,165.8258,113.3522,241.212,132.7654,120.4725,130.5009
2016-06-15,105.0791,102.4888,125.9231,120.5088,137.8292,137.3891,117.3348,140.9917,121.3498,141.5766,167.1052,113.3496,242.8217,135.4885,120.3946,130.5261
2016-06-16,104.6776,102.2629,126.5929,121.2012,138.395,136.8337,116.6039,140.9378,121.9143,141.9153,166.0482,113.8407,244.7848,134.715,120.5932,130.5159
2016-06-17,101.5775,100.569,127.1304,121.6303,136.634,135.7818,116.3227,140.4601,121.4238,141.6848,166.1501,114.0958,242.3328,132.7827,120.1112,130.4487
2016-06-20,100.8787,100.6371,126.9997,120.9653,135.2326,134.9486,115.4493,139.8561,121.2858,141.3925,167.0667,112.9129,242.5037,132.2499,119.8767,130.5355
2016-06-21,102.4254,102.0959,126.9132,120.6089,134.9244,135.0174,115.7013,140.482,122.2233,141.4652,167.2505,112.275,247.0453,132.4299,120.1613,130.5804
2016-06-22,100.695,101.8704,126.9148,120.2056,133.7164,134.5678,115.4296,140.4703,121.4599,141.5601,165.9539,113.0895,246.1747,131.6954,119.6001,130.6056
2016-06-23,99.363,100.7135,126.6765,119.5426,131.2766,133.3423,114.1101,139.4271,120.544,141.1063,166.7742,112.7543,245.2144,131.6476,119.3776,130.6406
2016-06-24,98.2424,100.2875,126.3257,119.3957,129.8178,132.5519,113.9818,138.1904,119.8624,140.8252,164.628,111.9431,246.2728,129.1949,119.847,130.693
2016-06-27,98.6045,100.2096,125.718,118.6097,128.6096,131.6758,113.131,137.2993,119.4273,139.9413,164.2904,110.9128,246.61,128.0927,119.99,130.6931
2016-06-28,99.3761,100.8643,125.4923,118.781,129.2586,131.982,113.3116,137.5385,120.1398,140.1898,165.634,112.9369,250.5383,127.8237,119.8164,130.7358
2016-06-29,98.5419,99.8609,125.7295,118.8927,129.298,131.509,113.4739,137.3461,119.5349,140.685,164.0186,113.357,250.4639,125.9826,119.7438,130.695
2016-06-30,101.5014,101.6129,125.034,118.2903,130.7479,132.4372,114.1994,137.4255,120.0578,141.5555,163.1503,113.5846,252.6196,126.623,120.1974,130.7516
2016-07-01,102.1964,102.6522,124.8471,118.0191,130.5161,132.0341,114.0209,137.3542,119.989,141.2218,162.6569,112.9811,254.3671,128.3534,120.3206,130.7116
2016-07-04,99.8877,101.2058,125.209,118.1763,129.1805,130.7371,113.0381,137.2993,120.5614,141.1913,163.1594,111.905,253.3464,125.2541,120.0831,130.6865
2016-07-05,100.3057,101.9796,125.3871,117.8694,128.8146,130.0545,112.7355,137.3379,119.7609,141.2942,162.5107,113.2649,254.0679,126.6729,121.3082,130.6054
2016-07-06,101.6866,102.6359,125.9726,118.2107,129.3669,129.8327,113.0307,137.6113,120.5971,141.9261,165.2273,114.5612,252.4857,130.1276,121.6695,130.6548
2016-07-07,104.9941,104.3649,125.8175,118.7489,131.7011,131.4423,114.5988,138.1258,121.5294,142.4345,165.7163,116.4274,256.291,132.8024,121.7608,130.7452
2016-07-08,103.1294,102.5599,125.5651,118.2389,131.3361,129.9418,113.3091,136.9975,120.0625,142.0043,161.8615,116.5341,256.3149,127.4773,121.3917,130.6161
2016-07-11,102.7104,102.0195,125.2261,117.3301,130.8118,128.3384,112.1724,136.112,119.1247,141.6175,161.1834,116.5818,253.6584,126.1201,121.3191,130.5069
2016-07-12,102.2857,100.8005,125.4486,117.7444,131.2369,128.6012,112.1474,136.5237,119.175,141.4226,159.4978,117.0072,251.607,124.8757,120.7416,130.4789
2016-07-13,102.2885,100.4773,125.36,116.9795,130.8057,126.5906,110.6396,136.6993,118.9244,141.0004,159.273,116.9572,252.9697,125.1452,119.7906,130.4708
2016-07-14,103.4041,101.2031,125.0565,116.5557,130.5,126.4489,110.7555,136.682,119.3881,141.0925,159.4514,116.3675,252.9329,125.0894,120.4223,130.4684
2016-07-15,105.4184,102.8003,124.9461,116.5526,131.9567,126.9033,111.1177,136.5269,119.5618,141.3598,159.333,117.8963,255.409,126.6039,120.8295,130.4584
2016-07-18,107.6266,104.3284,124.7524,117.0114,133.3543,128.4974,112.2189,137.0015,121.3416,141.7989,160.9882,119.4396,257.6598,126.8372,121.1107,130.3537
2016-07-19,106.7122,103.7544,124.8254,116.7686,132.6777,128.3213,111.7394,137.125,121.2294,141.7171,162.0736,119.7798,256.4462,125.8181,120.9983,130.3587
2016-07-20,108.0733,103.9465,125.2998,117.0725,133.464,128.9332,111.4578,137.6431,122.1123,142.5548,162.265,119.9349,257.4981,126.3886,121.7027,130.367
2016-07-21,108.8883,105.0173,125.5498,117.0038,133.1769,129.1458,111.3913,137.9268,123.1093,141.9754,163.573,119.7327,257.9006,126.292,121.8752,130.4092
2016-07-22,110.7717,106.3236,125.1074,116.667,134.5284,129.6335,111.1714,137.3472,123.493,142.1235,163.9796,119.2706,260.1905,126.6575,121.9882,130.3889
2016-07-25,108.9012,104.9912,125.0871,116.9828,134.382,129.9322,111.8857,137.1449,123.9527,142.9189,162.5657,117.9944,256.6745,121.7072,122.4879,130.4263
2016-07-26,108.2871,105.3582,125.3225,117.2423,135.7252,130.5188,111.4387,137.2717,124.3957,142.9655,163.4033,117.4722,256.5449,121.8429,121.8061,130.4119
2016-07-27,107.6549,106.2075,125.4467,118.0733,136.916,130.9775,112.2333,137.4861,125.3325,143.1243,163.4619,116.0917,255.759,122.8694,121.6047,130.4258
2016-07-28,109.2829,107.7554,125.1608,118.4146,139.8377,131.8363,113.0175,137.8632,126.5948,143.1966,164.9192,115.7722,253.5487,124.5026,121.1606,130.405
2016-07-29,110.3398,107.174,125.358,118.9136,140.8002,131.9154,112.6976,137.6233,126.9937,143.532,163.3876,115.5439,255.4587,123.2869,122.0056,130.3586
2016-08-01,111.3659,107.1472,125.424,119.4871,141.2939,132.4452,113.1607,138.0377,127.6951,143.7644,163.3403,114.4192,256.4281,123.5974,123.1016,130.4272
2016-08-02,111.7425,108.3165,126.0154,119.8934,142.8433,133.0275,113.3466,138.7219,128.0202,143.7078,163.8434,114.6008,255.9457,125.4068,123.2494,130.3685
2016-08-03,111.94,108.8763,126.446,120.2577,143.0404,133.153,113.2849,139.3045,128.3984,143.6541,163.4766,116.2386,256.2415,126.0212,123.6268,130.3076
2016-08-04,111.4204,108.6608,127.1938,120.779,143.6291,132.6939,113.6752,139.6297,128.378,144.0324,164.5963,116.4468,258.0483,127.3409,123.1361,130.3041
2016-08-05,111.8635,108.359,126.7983,120.3252,142.8777,131.8278,112.6439,139.2819,128.4475,143.0554,163.5966,117.0262,259.1944,125.9826,122.4611,130.3682
2016-08-08,111.2448,108.766,126.7343,120.1619,142.3124,131.1323,113.0101,139.1261,128.7516,143.4838,164.5012,117.0743,256.7932,126.6813,122.2724,130.3578
2016-08-09,112.2798,110.3821,126.8377,120.4763,143.1443,132.4498,113.4673,139.5008,129.7531,143.723,165.2811,116.5532,259.1262,128.5981,122.2555,130.3723
2016-08-10,112.6354,111.0342,127.4102,121.555,144.7069,133.8898,114.8896,139.8886,130.5852,144.7509,164.9872,116.1292,260.58,128.9254,123.0314,130.4374
2016-08-11,111.5439,111.6069,127.323,121.4649,145.0478,134.211,114.9456,139.5408,130.02,144.9791,164.8783,118.1499,260.7325,129.2123,122.196,130.3807
2016-08-12,109.8933,110.0034,126.9035,120.6652,142.6939,133.6629,114.9862,139.2129,128.7334,144.0959,163.9234,117.1233,257.4659,127.1048,121.4156,130.4659
2016-08-15,110.3141,109.2507,126.4303,120.0827,141.8957,132.603,113.7268,138.824,128.2198,143.4313,163.603,116.2618,257.4421,127.6017,121.1618,130.5347
2016-08-16,108.9608,108.7405,126.3471,120.2246,140.9993,132.2852,113.6181,138.1647,127.8009,143.0338,163.4034,115.8851,257.0318,127.9232,120.4691,130.5459
2016-08-17,109.6986,110.1109,126.5145,120.359,141.8764,132.9137,114.3376,138.5868,128.4742,143.5042,164.3244,116.7456,256.0205,128.9282,120.7586,130.6675
2016-08-18,113.1119,112.5717,126.551,120.4537,143.4381,134.2707,115.031,139.0292,130.1459,143.9045,165.7301,118.4282,259.5163,129.9023,121.5204,130.6874
2016-08-19,115.1804,113.5931,126.0963,120.5007,143.6141,134.9841,115.6667,138.498,130.5402,143.9894,165.6805,118.4381,262.4088,131.7848,121.6043,130.7591
2016-08-22,113.4588,112.2039,125.87,120.8267,144.1197,135.1151,115.6753,137.9295,129.4713,143.4484,165.031,116.8072,258.6511,130.6362,121.8337,130.733
2016-08-23,114.7526,113.2004,125.9213,121.0676,144.6553,135.4221,115.9506,138.1727,130.3776,143.0798,165.0099,117.5188,258.4659,131.4129,121.8081,130.7621
2016-08-24,114.2005,112.3114,126.3119,121.4801,145.3564,135.9153,115.8698,138.4297,129.583,143.4085,163.7797,119.5585,258.3565,131.252,121.8824,130.7884
2016-08-25,113.9427,112.7082,127.0932,122.4239,147.3122,136.9758,116.9524,139.7398,131.2051,144.5039,163.2019,119.6754,259.4415,128.379,122.2629,130.8775
2016-08-26,115.717,113.5575,127.2588,122.8506,148.4094,138.1749,117.5448,139.7681,132.7212,145.3944,164.293,119.4789,259.5609,128.4017,123.1583,130.9539
2016-08-29,114.3869,112.1661,127.5988,122.8584,147.867,137.4174,116.685,139.1969,130.9369,145.1041,163.4125,118.9358,258.4486,129.8497,123.1132,130.9446
2016-08-30,115.2974,111.7075,127.2482,121.9784,146.9507,136.719,115.8453,138.2249,129.9188,144.657,163.7052,117.7166,255.2288,131.4687,123.2336,130.9059
2016-08-31,112.9159,110.9353,127.406,122.0896,145.5814,136.5023,115.3645,137.8138,129.1321,144.5445,162.6017,119.4016,257.2972,129.4871,122.8536,130.8916
2016-09-01,115.2893,111.9524,127.1349,122.2426,146.0421,137.3776,116.3962,137.9047,129.6872,144.9047,164.1875,119.5993,259.9811,132.1523,123.2659,130.8888
2016-09-02,112.7839,110.9453,126.9065,121.8171,144.9331,136.6567,116.0174,137.0666,128.3759,144.4264,162.435,119.6078,258.3189,129.274,122.5364,130.9122
2016-09-05,111.8193,111.0673,126.7971,121.2552,144.1291,135.5891,115.0732,136.2377,127.7875,144.129,161.8506,118.5733,259.0919,129.0218,121.848,130.9893
2016-09-06,111.4387,110.4898,126.3806,120.4427,143.3296,134.2859,113.5221,136.4338,126.9753,143.1045,158.9603,118.2058,256.0536,128.6443,121.4661,131.0035
2016-09-07,112.5924,111.9542,126.1429,119.655,143.6683,133.3506,112.5941,136.3177,126.564,142.9922,158.2838,117.9079,258.2789,129.3055,122.2146,131.0033
2016-09-08,112.4536,112.7114,126.3791,120.2363,144.7695,134.3611,113.748,136.9727,127.0245,143.5821,157.3514,116.2651,259.4922,130.5696,121.9731,131.0647
2016-09-09,113.8845,113.5636,125.9635,119.3149,143.8338,133.4435,113.2547,136.5518,126.2129,142.8124,157.7653,116.4953,260.1846,132.0784,122.3741,131.1061
2016-09-12,113.6423,113.595,126.2206,119.613,144.1288,133.5903,113.3729,136.9397,126.7868,142.9102,158.9001,118.3856,261.0181,130.9901,122.3077,131.0454
2016-09-13,111.0384,110.5641,125.9661,119.0603,140.7708,132.9084,112.8295,136.4921,125.8844,141.9266,158.1932,115.6866,258.4955,127.0389,121.7356,131.0467
2016-09-14,110.5394,111.6896,125.6383,118.9869,140.9612,132.2907,112.6159,136.0902,126.4777,141.5309,157.1622,115.3924,257.4272,126.0347,121.5661,131.0534
2016-09-15,112.8295,112.1339,125.569,119.0405,142.1583,132.3319,112.6617,136.1965,127.5757,141.9963,156.5596,113.5057,258.6874,128.2634,120.7157,131.1314
2016-09-16,111.8991,111.6915,126.0967,120.1059,143.0568,132.595,113.1845,136.2333,126.8639,142.6035,156.3874,115.1004,261.9479,130.5339,120.6387,131.1747
2016-09-19,108.4723,109.4198,126.1279,120.0155,142.7382,132.5028,112.9569,136.3949,125.1895,142.4241,153.2859,115.074,257.4029,127.6493,119.4352,131.2234
2016-09-20,107.1028,108.4564,125.904,119.5061,142.1917,131.4182,112.2255,136.1963,124.7062,141.8368,153.9996,115.5597,256.4486,125.8831,118.3654,131.1282
2016-09-21,106.8335,110.0307,125.9479,119.3915,142.0772,132.0396,112.3649,136.5505,125.1919,141.6996,154.3702,115.8075,255.2077,125.9484,118.8368,131.1165
2016-09-22,106.4289,110.6088,125.8118,119.4389,142.2854,131.6245,112.0656,136.0918,125.2593,141.788,155.0804,117.9917,253.7031,125.7215,119.2648,131.158
2016-09-23,107.4031,111.7862,126.2451,119.7462,142.0434,132.4577,112.6153,136.1787,125.5466,141.6735,157.0365,118.4474,255.0159,127.8599,120.218,131.089
2016-09-26,109.4807,112.5274,126.2416,119.8754,143.9905,133.0282,113.1583,136.69,126.727,141.9564,158.3574,117.408,253.732,129.107,120.1205,131.0637
2016-09-27,111.8899,113.2131,126.4136,120.1337,145.1206,133.1361,113.4221,137.651,127.4668,142.6969,158.5587,119.7733,259.1809,130.8766,120.2623,131.0689
2016-09-28,112.8651,114.337,126.1942,120.2995,145.4221,134.0433,114.0326,137.3779,127.6217,142.6264,159.7106,119.472,257.584,133.342,120.9772,131.047
2016-09-29,112.0946,113.4058,125.9359,120.0447,145.3678,133.2508,113.6824,137.1753,127.5424,142.2818,160.2388,118.6095,254.7893,131.1978,121.015,131.0097
2016-09-30,110.6017,112.3676,126.5492,120.6705,145.7892,132.8335,113.6281,137.4773,127.7448,143.0431,160.1422,118.3361,255.2916,130.1209,121.0963,130.9707
2016-10-03,112.4801,112.8569,126.087,120.8896,146.4086,133.5985,114.6059,137.4292,127.7061,143.4152,160.8208,120.6015,256.0669,134.5733,120.3586,130.9497
2016-10-04,110.6117,112.6055,126.1067,120.5548,144.8863,132.5194,114.2311,137.1618,126.771,143.4486,159.5363,122.3601,255.6256,133.9189,120.0975,130.9058
2016-10-05,109.0039,112.1347,126.0398,120.4846,143.6181,132.4245,114.5783,136.6656,126.5373,143.108,158.8778,122.1595,252.9419,132.9603,119.1734,130.9641
2016-10-06,106.7969,110.502,125.6939,120.4825,142.373,132.1122,114.7014,135.708,126.3041,142.9092,158.754,120.5862,248.9647,130.6246,118.383,130.9108
2016-10-07,105.6732,110.7328,125.6665,120.3366,141.8232,133.3133,114.9651,135.6932,125.8129,142.7326,157.5254,120.9371,248.9625,129.5801,117.7874,130.9718
2016-10-10,107.3739,111.6262,125.6975,121.0988,144.3464,134.7762,116.3383,136.3067,127.0492,143.3628,157.8437,120.1722,252.0021,131.4798,116.8774,130.9484
2016-10-11,105.2424,110.3764,125.5506,120.9896,143.0791,134.4677,116.447,135.6889,126.8118,143.5967,157.6645,118.4613,249.6054,127.5348,117.4433,130.9191
2016-10-12,104.6551,110.059,125.4178,120.8706,141.8292,133.8873,116.1086,135.6097,127.3942,143.1386,157.6339,118.5617,247.6826,125.462,117.6912,130.9
2016-10-13,105.2446,111.2282,124.4433,120.2333,143.2876,134.3804,116.6199,135.0024,127.4501,142.7783,157.7176,118.9363,244.9587,123.4782,117.3404,131.0016
2016-10-14,104.1222,111.1826,123.9474,119.9244,142.7249,133.5232,116.6798,134.113,126.9186,142.4991,158.0724,118.7165,245.3447,121.4769,117.4617,131.0165
2016-10-17,106.5293,112.0322,123.4484,119.4741,141.6999,133.3405,116.371,133.3516,126.8087,141.8935,159.4533,118.1245,247.0994,125.159,117.8847,131.0367
2016-10-18,108.3351,112.99,123.059,119.3158,142.5834,133.2982,116.6944,133.1638,127.5625,141.8752,160.4005,118.906,247.0131,125.8932,117.7647,130.947
2016-10-19,107.1152,112.7589,122.7007,118.544,141.6991,132.4439,115.9008,132.8425,126.3394,141.4257,160.4068,119.6767,247.1722,125.5672,117.1247,130.9396
2016-10-20,107.5699,111.017,122.2757,118.4461,141.6496,132.8698,115.5869,132.6766,126.0702,141.0368,158.3141,119.2711,246.8034,123.1247,116.8126,130.9047
2016-10-21,107.7173,111.8907,121.9932,118.226,142.3235,132.2483,115.9099,131.8386,125.6767,140.6241,157.9276,120.7774,244.942,123.2734,116.1772,130.8852
2016-10-24,107.8494,112.7322,122.0711,118.3068,142.2977,132.3148,116.2164,131.8668,125.1708,140.9555,158.2596,120.8068,248.373,125.7137,116.3723,130.981
2016-10-25,110.3772,114.1539,121.7426,118.2163,143.717,133.2082,117.0404,131.7012,125.204,141.4401,156.8179,121.1914,249.102,127.3995,116.8793,130.8988
2016-10-26,109.0953,112.3585,122.1974,118.3677,142.7186,132.5306,116.3016,131.9679,124.4494,141.5121,156.6151,121.0493,247.9764,128.6715,116.5614,130.8846
2016-10-27,108.6823,111.3009,122.7995,118.7297,143.661,132.005,116.5214,132.7052,123.8899,141.3993,156.0272,121.4109,245.6293,128.6565,116.6124,130.9188
2016-10-28,108.6058,110.0851,123.239,119.0246,143.5546,131.7364,116.616,132.7244,122.4858,141.1967,156.3135,122.805,247.9492,130.5588,116.3761,130.9284
2016-10-31,107.9744,109.5727,123.4121,119.2958,144.3654,131.1619,115.782,132.635,122.0097,140.9576,157.442,122.6759,249.3945,131.9152,116.1313,130.9868
2016-11-01,108.5432,109.1261,124.3486,119.9488,143.9319,131.0194,115.6908,133.2378,122.6589,141.0329,159.336,123.5656,249.8816,133.9337,116.5877,130.9442
2016-11-02,109.9063,108.932,124.9875,120.3135,143.9876,130.9628,114.8423,133.578,122.6285,140.7058,161.1425,122.0945,253.2692,138.1373,117.0185,130.9565
2016-11-03,110.1388,109.2217,125.4906,120.5508,144.3706,131.0114,115.0228,133.9682,123.4062,141.0218,161.6795,121.2527,252.6412,138.1738,117.204,130.9836
2016-11-04,109.6899,110.1173,125.5453,120.6129,143.3887,131.472,115.5484,133.6409,123.9495,141.0306,163.3869,120.9615,253.607,137.2484,117.7675,131.0323
2016-11-07,109.7007,109.3195,125.8399,120.9448,141.8033,131.0623,115.5662,133.8392,123.9388,140.8965,163.8871,121.5089,255.8791,138.8762,117.814,131.0031
2016-11-08,109.3822,109.4264,125.9468,121.4327,142.4899,131.2474,115.9348,134.059,123.6506,141.2044,162.6431,122.5783,257.9078,139.2149,117.9698,131.0324
2016-11-09,111.7068,109.6803,126.1882,121.4863,142.4665,131.5584,116.7177,134.3888,124.2115,141.6948,163.8652,123.8845,260.1635,142.149,117.4783,131.0471
2016-11-10,112.1439,109.6744,125.3372,120.5397,142.3572,130.7316,115.7009,133.5967,123.1608,141.3262,162.7491,123.3968,257.8891,142.2825,117.7336,131.1561
2016-11-11,112.4831,109.7948,125.3699,120.6428,142.4963,130.9745,116.5585,133.7691,122.7339,141.1039,163.2701,124.854,258.0516,144.0894,117.1652,131.1554
2016-11-14,112.3734,110.3667,125.1253,120.2007,142.1052,130.9971,116.4276,133.2763,121.8203,140.7376,162.8944,127.7958,256.5406,142.902,117.9113,131.2178
2016-11-15,115.6322,111.94,124.9433,120.0584,142.1449,130.9798,117.05,133.19,122.0857,140.6823,163.3262,128.1812,261.4027,147.2264,118.0848,131.1895
2016-11-16,115.7737,112.5466,124.3821,119.5962,142.3944,130.7708,116.1236,132.4672,122.0235,139.5565,163.1891,127.9484,260.576,144.846,118.3038,131.1581
2016-11-17,117.473,112.5786,124.5473,119.7679,142.8692,131.1652,116.3809,132.8711,122.4476,140.2093,163.7583,130.1112,258.0476,148.3535,118.2117,131.1258
2016-11-18,117.5232,112.3612,124.8552,119.9445,142.2019,130.7698,116.271,132.9337,122.5294,140.1857,165.3696,131.1429,257.2989,148.1617,119.4479,131.212
2016-11-21,117.1757,111.9341,125.0851,120.1853,143.3987,131.0843,116.8094,133.7861,122.6058,140.9021,163.9696,131.1724,259.6152,146.4248,119.0656,131.1764
2016-11-22,118.1945,112.2709,124.8972,120.2691,143.8089,131.9944,117.302,133.3509,122.2079,141.4913,162.7427,133.4152,259.8153,147.7344,119.1619,131.2491
2016-11-23,115.5293,109.7597,124.7481,120.3913,143.692,131.8453,117.5371,133.2812,121.5581,141.6024,162.4763,132.5882,255.8821,143.9684,118.4401,131.252
2016-11-24,116.5074,110.2253,124.6906,120.0318,142.9413,131.4118,117.3137,133.1327,121.5778,140.5433,163.2618,132.9212,255.377,146.0603,117.6024,131.2889
2016-11-25,114.3005,109.6461,124.7878,120.8749,143.5504,132.223,117.8575,133.1891,121.2325,140.2294,162.7491,132.3931,254.5304,145.3635,117.3015,131.3308
2016-11-28,115.7031,110.9216,124.6808,120.6882,143.9456,133.0975,118.1391,133.4254,121.2736,140.2724,161.197,133.0421,256.6485,147.8156,116.5941,131.2664
2016-11-29,116.8149,111.2296,124.4928,120.6007,144.7868,133.8144,118.3232,134.1431,121.3996,140.251,160.6741,133.3306,256.8507,149.1272,116.2167,131.2721
2016-11-30,118.5373,112.6847,124.5752,120.4434,145.0196,134.678,118.7387,134.595,122.3634,140.5333,162.5975,132.8195,254.0565,151.3838,116.9978,131.3549
2016-12-01,116.6721,110.9243,124.6302,120.4605,143.916,134.1965,118.4527,134.554,121.4441,140.2561,159.854,133.166,254.2927,147.3538,117.0409,131.313
2016-12-02,117.8773,112.3416,124.8239,120.967,145.7118,135.669,119.6939,135.6258,122.1853,140.6717,161.3999,133.4681,253.6839,149.9618,117.5769,131.304
2016-12-05,116.8881,112.5064,125.1089,121.0364,145.0511,135.3632,119.8193,135.6071,121.2031,140.4928,161.3448,133.335,255.7994,151.5448,117.8162,131.3486
2016-12-06,116.7161,112.7849,125.3036,121.1207,145.7977,135.3646,120.1914,136.2712,121.752,141.7443,162.0344,131.6065,254.8979,152.7927,118.0984,131.3721
2016-12-07,116.7846,112.3674,124.6375,120.2976,144.7912,135.0969,119.6426,136.4176,121.2208,141.1329,161.4192,131.0263,256.6016,151.3382,117.6924,131.3029
2016-12-08,114.8327,111.4546,124.0298,120.1522,145.3699,134.9445,120.1637,136.3876,121.1504,141.3229,160.335,129.3807,253.4636,146.4194,117.487,131.2766
2016-12-09,114.8073,111.9877,123.3326,119.4971,146.7143,134.8013,119.5853,136.3628,120.2595,141.6756,158.3824,130.1758,253.3534,146.5035,117.1491,131.2485
2016-12-12,114.6993,111.1858,123.7497,119.4189,146.8838,133.9857,118.9178,136.7651,120.1245,142.1151,158.6611,127.8373,252.3912,148.247,117.2065,131.1661
2016-12-13,115.105,111.6778,124.3941,119.9774,148.4654,134.987,120.0568,138.1558,120.4816,142.8477,158.7898,127.1552,253.7201,149.3427,117.5059,131.212
2016-12-14,113.9188,110.9816,123.6254,119.7241,148.1192,135.2836,120.5297,137.7661,120.8652,142.7378,157.9497,127.8995,251.5993,144.1336,116.6589,131.3072
2016-12-15,116.102,111.4555,123.3416,119.7358,150.0112,136.8024,121.4453,138.0235,121.4815,143.4511,157.4157,125.2356,254.448,144.2874,116.4199,131.3701
2016-12-16,118.9438,112.4845,123.5495,120.2262,151.5109,138.01,121.6986,138.3686,122.8789,144.4496,157.8969,124.7665,257.0664,146.2963,117.3412,131.4268
2016-12-19,117.9646,110.9778,124.3827,120.942,151.4532,138.3957,121.5601,138.859,123.1889,144.8243,158.5757,125.4429,256.4009,145.0185,117.5099,131.5327
2016-12-20,120.0928,112.9243,125.2088,121.4805,153.0881,139.1887,122.0726,140.2531,124.6288,145.7366,159.8466,125.7277,258.3783,149.637,117.8452,131.5026
2016-12-21,120.85,114.2333,125.2548,120.9853,153.8499,139.1197,121.908,140.9426,124.6703,145.7976,159.3323,124.977,258.3722,151.462,117.5739,131.5036
2016-12-22,119.0242,113.259,125.3419,121.0894,153.3771,139.0781,122.0848,140.1448,123.2018,145.4998,157.0865,124.2719,257.9117,149.6934,117.6088,131.5097
2016-12-23,118.9185,113.0479,125.0181,121.0864,153.9437,139.3788,122.3481,140.3316,123.4305,145.5111,157.1858,121.4106,257.4248,149.0767,117.6781,131.5983
2016-12-26,118.1497,112.6244,125.3662,121.3247,153.9051,139.3103,122.2846,140.341,122.801,145.7079,156.1199,121.5684,256.7449,150.1565,117.7226,131.5625
2016-12-27,120.8412,115.03,125.121,120.8107,155.4511,139.928,122.5276,140.7503,123.508,146.6255,157.0146,121.6765,256.7456,153.6312,118.37,131.4715
2016-12-28,118.9134,114.6189,124.9287,120.1796,153.7411,138.4663,121.0783,139.8119,123.0398,146.2464,156.8886,122.2318,255.8902,150.823,118.2747,131.4355
2016-12-29,120.2239,115.8606,124.6344,119.4253,153.0515,137.9511,120.4447,139.4007,122.2576,145.6205,157.562,121.1304,256.4581,154.6072,118.7496,131.4826
2016-12-30,119.0968,117.0291,124.6486,119.6401,154.1493,138.2601,120.6589,139.5335,122.7058,146.1124,157.5063,122.614,256.0735,153.7287,118.5372,131.5589
2017-01-02,119.815,117.2575,124.6735,119.3936,154.6815,138.4633,120.2757,139.9077,122.4492,145.9565,156.2301,123.4368,256.8794,151.9907,119.1634,131.6026
2017-01-03,120.1283,116.9953,125.2853,120.1769,155.7146,139.5882,120.975,140.5043,122.7699,146.7243,156.3397,123.8577,257.111,153.9036,119.1841,131.5733
2017-01-04,119.622,116.5129,125.7534,120.4928,154.6688,139.2708,120.874,141.1023,122.7179,146.7193,156.9525,124.6197,259.1021,154.338,119.8019,131.5871
2017-01-05,120.5225,116.2141,125.4174,120.1272,152.8668,139.5472,121.1966,140.5649,122.3112,146.4598,158.0719,126.242,259.3485,154.6149,120.2504,131.5658
2017-01-06,118.8471,114.8302,125.9802,119.8403,150.8138,137.8788,119.6109,140.1774,121.2745,146.4272,157.0518,127.1378,259.1308,153.4129,120.8281,131.5762
2017-01-09,121.1821,117.833,125.4583,119.6103,151.9882,138.2585,119.936,140.34,122.3986,146.3986,157.2289,127.9432,263.3345,155.2945,120.6681,131.6092
2017-01-10,120.0108,117.2129,125.4744,119.5112,153.0148,138.4401,119.365,140.7765,121.9636,147.0392,156.7108,126.2421,265.5585,154.6821,120.0986,131.6422
2017-01-11,121.9443,117.6569,125.3364,119.8624,156.0148,140.2701,119.9045,141.2293,121.6959,146.9463,156.5007,126.786,265.5073,155.6372,120.5654,131.7572
2017-01-12,122.2152,117.3409,125.484,119.8771,155.292,140.6439,120.3983,140.9778,121.2813,147.4219,157.2058,127.3926,264.6522,156.702,121.2568,131.6932
2017-01-13,121.0918,117.5081,125.4143,120.0602,156.4168,140.539,121.0974,140.9421,121.9725,147.904,156.6674,126.1014,262.2173,153.8878,120.9065,131.6661
2017-01-16,121.045,118.5757,125.9862,120.3972,156.565,140.6127,121.3957,141.5458,122.4637,148.0403,157.5551,126.0988,261.8749,155.4673,121.6084,131.6766
2017-01-17,121.1924,118.394,126.5136,121.3844,158.3603,142.1833,122.3674,141.9236,123.1861,149.1271,158.3754,124.4153,262.3371,155.0682,122.678,131.7055
2017-01-18,121.1667,117.7779,126.3398,121.5718,159.5475,141.4781,122.5981,141.773,123.5705,149.3233,158.3004,124.902,260.5928,152.5383,122.7027,131.6416
2017-01-19,122.1031,119.3512,125.6223,121.0778,158.6705,140.9916,122.258,140.5094,123.1669,148.5408,157.276,125.5896,262.6293,153.8692,122.6918,131.6442
2017-01-20,122.4957,119.2243,125.9118,121.3421,159.9455,142.2998,123.2052,141.6622,123.3253,148.9199,157.7663,124.1515,260.3898,155.8063,122.5299,131.6976
2017-01-23,122.4289,119.3465,126.1146,121.7847,160.8311,142.2782,123.3052,141.8675,124.1769,148.9249,158.8683,123.8094,261.2477,154.7892,122.4795,131.7176
2017-01-24,121.6949,119.2122,126.5313,121.9932,161.2107,142.3543,123.0816,142.2935,124.7452,149.3432,159.5868,122.6988,261.6782,153.5665,122.6024,131.7101
2017-01-25,121.5385,119.4786,126.3506,122.1708,162.2311,143.2623,123.7874,142.5006,125.5737,149.5559,158.8077,121.5076,258.5498,152.4875,122.0284,131.757
2017-01-26,122.1411,119.363,126.3549,122.142,162.3887,142.9135,123.2299,142.0798,125.2604,150.0209,158.085,121.6114,259.6871,153.7796,122.4073,131.8106
2017-01-27,120.7924,119.5505,125.6711,121.301,161.4468,142.21,122.757,141.7811,125.1398,149.5879,157.4288,122.4058,255.6209,151.547,121.5225,131.8507
2017-01-30,122.2185,120.2102,125.3571,120.6259,160.9563,141.1454,121.7326,141.0346,124.7068,149.1222,156.2866,122.1996,255.4296,152.9945,121.7753,131.8455
2017-01-31,123.8042,121.284,125.1426,120.5452,160.8116,141.3005,121.3574,140.3699,125.0928,148.8997,156.7324,121.8286,258.3308,154.7785,121.8971,131.8938
2017-02-01,123.323,120.4282,125.447,120.5235,160.1769,140.9212,120.9523,141.3079,124.8323,148.7031,154.7123,122.0522,257.3673,154.8113,121.6794,131.8923
2017-02-02,124.2148,120.7261,124.6307,119.8431,161.0904,140.7998,120.5257,141.1085,123.8305,148.087,154.3211,123.6451,257.6713,154.9594,121.4256,131.8913
2017-02-03,123.8105,120.3112,124.5526,120.0127,160.5175,141.281,120.1458,140.3456,122.8552,147.4418,153.472,124.0649,260.0836,154.5538,121.8394,131.8939
2017-02-06,124.6644,120.1801,124.7082,120.0349,159.2336,140.7398,120.4445,140.5672,123.4794,147.8202,153.9098,124.7049,262.2413,154.6808,122.0485,131.8609
2017-02-07,125.0116,120.04,125.6376,120.8955,160.066,141.7647,121.3253,141.6339,124.2283,148.4935,155.155,124.6091,265.2689,155.4035,122.3101,131.9211
2017-02-08,126.7926,121.4216,126.1548,121.2333,159.3589,141.3987,121.3381,141.6998,124.9533,148.1536,158.6017,124.844,268.9999,160.3446,123.0018,131.9357
2017-02-09,128.3813,121.4548,125.7047,120.7724,160.1714,141.0664,120.685,141.295,124.3794,148.0457,157.9604,124.255,268.9648,161.6035,123.2347,131.9737
2017-02-10,129.554,122.6671,125.316,120.3897,163.8215,142.5976,121.3171,142.2621,125.2438,148.6715,158.151,122.3877,267.0162,159.0174,122.8939,132.0175
2017-02-13,127.8074,120.62,125.2896,120.2804,162.8329,141.7229,120.6465,142.077,124.6137,147.8292,157.2446,121.5428,263.1301,156.4553,122.6039,131.9141
2017-02-14,128.3242,121.7954,125.4925,120.3792,162.9498,142.0454,120.4161,141.9726,125.251,148.3266,158.0393,120.5568,266.114,156.5505,123.6182,131.9509
2017-02-15,127.2459,121.0631,125.7831,120.5185,162.1907,141.9709,120.4906,141.8656,125.0465,148.8442,158.7353,121.9587,266.605,155.0708,123.9427,132.0099
2017-02-16,127.2742,121.0769,125.3407,119.4821,159.7205,140.8064,119.4579,140.8448,124.7587,148.6481,159.1647,121.7397,268.3124,154.2082,123.6382,132.0014
2017-02-17,127.0908,121.0112,125.6598,119.572,159.1592,139.9836,119.6638,140.7676,124.6875,149.265,160.2298,121.8885,269.6631,154.5606,124.4992,132.0105
2017-02-20,130.7299,122.6349,124.8686,119.1424,160.1051,140.5083,120.5206,141.2241,125.8393,149.4193,160.5961,123.3073,269.8384,154.588,124.9962,132.0721
2017-02-21,129.4856,121.1585,124.8079,118.5556,158.1918,139.2711,119.5099,140.5645,125.3891,149.4452,161.0084,122.2348,270.3031,152.1421,124.8813,132.1135
2017-02-22,129.7386,121.6818,124.1507,117.5918,158.2937,138.5539,119.1629,140.0822,124.1906,149.2358,158.6374,121.9421,270.561,149.6094,125.5232,132.1062
2017-02-23,127.1099,119.3974,123.9518,117.3821,156.7363,137.7467,119.0686,139.3897,123.6274,149.0294,157.5512,122.448,266.571,146.1706,124.0324,132.1255
2017-02-24,130.5512,122.1158,123.4986,117.2114,158.814,138.7883,120.4705,139.9814,124.6109,149.3354,157.3223,122.8883,270.65,148.0623,123.6071,132.0551
2017-02-27,134.1107,123.6388,123.1703,117.4059,160.1148,140.4358,121.6757,140.9867,126.0167,149.8417,158.6548,124.4217,271.4438,150.3475,124.0569,132.0489
2017-02-28,136.976,125.5289,123.5573,117.4477,161.7356,141.01,121.2482,141.4366,126.8058,150.281,158.3655,125.6639,273.3904,153.0051,124.4252,132.0615
2017-03-01,136.75,125.5844,123.5523,116.8483,160.6195,140.1589,120.38,141.0879,126.1638,149.9156,159.8688,124.7294,274.1419,153.1388,125.1488,132.0198
2017-03-02,137.307,126.0371,123.6572,117.2043,160.9474,140.6797,121.0384,141.9139,126.902,149.9464,161.2333,127.25,276.4159,152.9785,125.0497,132.0535
2017-03-03,138.8933,127.8613,123.34,116.79,160.5215,140.2705,121.4079,141.1004,127.3299,149.8969,163.4656,127.4972,275.6754,156.105,124.8943,131.9824
2017-03-06,140.153,128.6294,123.63,117.1264,161.0754,140.9418,122.5923,141.7598,128.33,150.4616,164.9883,128.6461,274.3154,158.1843,124.6606,131.9946
2017-03-07,140.5183,129.2451,123.776,116.9857,159.9541,140.9222,122.7103,141.5545,128.0173,150.3924,164.1348,129.6426,276.2629,158.2317,125.2184,131.9425
2017-03-08,141.4115,127.8271,123.8998,117.1032,159.6509,139.7594,123.1478,141.6649,128.7037,150.3819,164.0014,128.6498,273.8499,157.5176,124.7471,131.9208
2017-03-09,139.3194,126.2676,124.0704,117.7089,159.2584,139.6023,123.1913,141.3096,128.6153,150.7171,162.9838,129.7361,273.9749,155.6488,124.2843,131.9383
2017-03-10,137.2489,126.0598,124.1711,117.7552,159.5722,139.1713,123.2302,141.1051,128.7047,150.8123,163.199,129.5886,273.6055,153.0865,123.5768,131.9752
2017-03-13,136.0152,126.0206,124.1115,117.3434,158.5413,139.5495,123.3381,141.7552,128.6107,150.7595,163.2261,129.5633,275.254,151.4185,122.8999,132.0155
2017-03-14,135.6356,126.3588,124.6968,117.6884,160.2497,139.8898,123.2432,142.1844,128.1235,151.805,162.7962,129.0207,276.7315,153.8685,123.163,132.0076
2017-03-15,136.1026,127.4264,124.97,117.9294,161.0355,140.0248,123.1555,141.9132,127.7321,151.7377,163.1859,128.6951,279.4663,156.6405,123.4899,132.0558
2017-03-16,132.182,124.9419,125.1738,117.9369,158.828,138.9799,122.4738,141.5268,126.8831,151.3202,161.5385,127.1992,275.1933,153.9497,122.984,131.9513
2017-03-17,129.7916,124.5089,125.7519,118.2634,157.4671,138.29,121.5098,140.845,127.1404,151.3664,162.0029,127.1477,274.5017,152.9703,123.0571,131.9784
2017-03-20,129.8146,124.8257,125.1317,117.781,157.0148,138.7299,121.0901,140.4978,127.7105,150.1224,162.0891,127.1788,272.3365,150.1855,122.1153,132.0106
2017-03-21,130.626,124.4722,124.2347,116.8767,157.1205,138.7981,121.2406,140.3793,126.7047,149.3021,161.6641,127.0011,266.8266,150.0652,121.8147,132.0688
2017-03-22,130.0719,124.0517,124.0007,116.3967,157.3089,137.9889,120.066,139.4708,126.2707,148.9033,162.1723,125.4689,264.5991,148.2096,122.2333,132.0216
2017-03-23,134.1525,127.0892,124.7039,117.5389,160.2389,141.2268,122.3089,141.1523,128.37,150.5893,164.1132,126.0719,269.4653,151.7681,124.0696,132.0634
2017-03-24,135.9837,127.3818,124.4437,117.0984,159.7637,139.6744,120.3177,140.1811,128.4148,149.6823,165.9346,125.5174,271.6269,156.287,123.3392,131.9976
2017-03-27,138.8315,130.1842,124.8491,117.9401,161.8734,140.9898,121.4618,140.0682,130.4492,150.8983,166.2796,126.0299,274.414,157.3411,124.5755,131.9481
2017-03-28,138.4269,130.6363,124.7907,117.4383,161.0292,140.567,121.6688,140.2484,130.3469,150.8527,167.5038,126.8265,270.6693,157.6638,124.5445,132.0003
2017-03-29,138.8205,129.5021,124.8604,117.4555,160.97,140.1619,121.4704,140.541,130.7112,150.8476,167.3456,128.9713,271.414,155.4753,123.9991,131.9659
2017-03-30,139.0459,130.7268,125.0828,117.5661,161.6003,141.0834,121.7634,140.7793,130.535,150.9902,167.8923,128.2868,271.8215,157.463,124.6172,132.0768
2017-03-31,136.6405,129.5403,125.4461,117.6736,161.9554,140.7946,121.4468,141.1239,130.021,151.0783,168.7618,129.2048,269.0121,155.8568,124.3086,132.1552
2017-04-03,137.3576,129.8458,125.5771,117.5567,163.1107,140.5813,121.3188,141.5419,130.4615,151.3407,169.6002,128.373,269.6559,154.8798,124.5976,132.1396
2017-04-04,139.174,131.068,125.8254,118.0264,165.2579,141.0806,121.6816,142.108,132.1622,152.1448,170.2628,126.9042,268.3944,156.2769,125.0196,132.1442
2017-04-05,138.3196,130.5229,125.8407,118.1655,164.9444,141.2563,122.6884,142.5763,132.0149,152.4688,168.1686,127.1298,268.7641,155.1914,124.3479,132.1044
2017-04-06,139.5949,131.8684,125.4486,118.0622,163.7919,141.2627,122.887,142.012,132.7713,151.7781,168.3068,127.348,271.1036,156.2158,123.8907,132.1676
2017-04-07,139.4891,131.4416,125.3769,118.253,165.3714,142.5366,123.5805,142.091,133.3774,152.1433,167.3802,125.6609,268.6679,152.9328,123.6582,132.2002
2017-04-10,138.3827,131.195,125.2298,117.8102,164.282,142.6235,123.3976,141.7051,131.7233,151.2872,166.024,126.8742,267.8996,153.238,123.1677,132.2381
2017-04-11,136.6999,129.6614,124.4791,116.8632,161.5859,142.8963,123.5277,141.2133,130.4677,149.903,164.2742,125.2677,264.6998,149.2833,122.3576,132.2864
2017-04-12,137.8361,129.5274,124.2555,116.7117,161.1427,142.686,123.0913,140.8811,130.9129,149.3452,164.6496,127.5489,263.4786,148.9795,121.872,132.3216
2017-04-13,138.7286,130.7164,124.7918,117.4453,162.3558,144.0852,124.4951,141.3952,131.3165,150.2395,163.3931,126.6873,264.8071,151.4556,122.3468,132.3523
2017-04-14,137.8701,129.9785,125.0514,117.8837,163.0371,144.9437,125.1335,141.9708,130.9102,150.2446,162.377,126.5523,263.691,150.9136,122.4019,132.396
2017-04-17,134.4286,127.2938,124.8683,117.7146,161.1636,144.4365,124.4462,141.3865,129.0363,149.72,159.7169,126.6104,262.9312,148.3429,121.5932,132.4112
2017-04-18,134.1197,126.5453,124.8803,117.7571,160.0854,144.5458,124.6033,141.0265,127.8574,149.0979,159.7328,127.9829,263.7305,149.0602,121.7191,132.4868
2017-04-19,133.658,126.1074,125.756,118.8478,160.1678,144.0741,124.6988,141.9695,128.8295,149.6975,160.7118,129.1818,264.0243,151.8071,122.0456,132.4829
2017-04-20,134.1838,126.6411,126.631,119.7491,161.0616,144.5803,124.8022,143.0028,129.8679,149.9911,162.2665,130.0167,263.0275,155.2934,122.5508,132.4439
2017-04-21,133.2617,126.589,127.3059,120.1915,159.8962,144.3559,124.0042,142.7665,129.2598,149.996,162.8117,130.3755,267.5875,156.9033,123.588,132.4069
2017-04-24,131.822,126.4503,127.4162,120.4568,158.9797,144.4045,123.8953,142.7433,129.5872,149.3864,164.2821,130.1986,268.4825,156.626,123.0263,132.4712
2017-04-25,131.4277,127.6178,126.7017,119.77,158.6893,143.3624,123.5018,141.8558,128.3705,149.0317,164.3977,128.326,270.3157,158.7644,123.2111,132.4851
2017-04-26,129.4078,125.3006,127.2555,119.8377,158.6373,142.145,122.569,142.0061,127.1721,148.7987,163.5753,127.5784,269.5887,156.983,123.1025,132.4384
2017-04-27,131.0787,126.2642,127.3845,119.7337,157.5894,142.3013,122.8949,141.9668,127.4161,147.957,165.4425,127.3582,270.7012,160.0996,123.1288,132.4631
2017-04-28,129.5383,124.7432,127.6707,119.9305,157.7949,142.6712,122.7826,142.4274,126.9556,148.0598,164.6664,127.8515,270.6605,157.8189,122.6118,132.4839
2017-05-01,128.8062,122.9723,128.5413,120.2355,157.3133,143.386,122.3151,143.0664,127.3765,148.5891,164.5987,125.8351,271.2308,156.392,122.3356,132.5425
2017-05-02,130.5089,122.6725,127.7858,119.6786,155.6003,142.9012,121.9356,141.9331,127.4269,147.6142,165.6683,124.3758,272.9195,157.5814,121.7289,132.5817
2017-05-03,131.8958,123.7873,128.4452,120.5975,157.4537,143.2877,122.4604,142.8174,128.9456,148.2817,167.1065,125.1412,275.3477,160.3783,121.7499,132.6406
2017-05-04,128.6527,122.1047,128.5672,120.4065,155.4452,142.0004,121.4763,142.2742,128.7933,148.4058,167.0097,123.3055,270.2478,158.4639,121.5467,132.5951
2017-05-05,131.8071,123.669,128.3279,120.0336,155.9344,142.679,121.8603,142.8392,129.4037,148.5585,168.53,123.5378,272.2728,163.412,121.0399,132.6221
2017-05-08,133.0385,124.5027,128.1588,119.7509,156.7398,143.4726,122.4035,142.9862,129.4943,148.9267,168.9877,124.8148,271.6671,162.6468,121.4955,132.6555
2017-05-09,130.842,122.6308,127.7469,119.3169,155.5826,142.9053,121.3179,142.3638,128.1762,148.419,167.088,123.5279,270.2035,160.8031,120.8772,132.5749
2017-05-10,126.8106,120.6016,128.1825,119.9759,154.0427,142.7259,120.8972,142.1378,127.2385,148.0396,165.0847,123.0133,270.2343,157.673,120.9555,132.5748
2017-05-11,129.1815,121.2734,127.8041,120.0139,154.9661,143.3193,121.5477,142.5633,128.2125,148.6731,164.8514,124.0477,269.237,159.0603,121.1178,132.6176
2017-05-12,131.3389,123.0732,127.9479,120.275,156.2313,143.4176,121.4274,142.7181,129.1551,149.2059,166.5542,125.1412,271.0162,162.7635,121.8184,132.6567
2017-05-15,131.3046,124.2611,127.602,120.1237,158.3768,144.3808,121.5094,142.5571,129.1073,149.3554,166.3206,124.784,270.3078,162.0031,121.5304,132.6673
2017-05-16,132.5167,124.8481,127.3601,120.2745,158.7253,145.8114,123.1597,143.1035,129.115,149.2005,166.0597,122.4228,269.2935,163.3903,122.2317,132.6094
2017-05-17,133.0649,126.1905,127.4858,120.2277,157.3207,145.3362,123.4088,143.1445,129.3535,148.9094,166.7765,125.7109,271.3623,163.5255,123.086,132.5522
2017-05-18,134.4194,126.184,127.8659,121.3146,158.6589,145.8995,124.0257,143.5793,130.3988,149.4247,168.7391,127.8565,273.1874,166.94,123.0494,132.5297
2017-05-19,133.6793,124.9365,127.6193,120.5653,155.9894,143.9477,122.9777,142.6066,128.8896,148.4306,167.871,128.5751,276.7116,164.7504,123.0688,132.5246
2017-05-22,134.879,125.5824,127.4153,119.8254,154.9438,143.0972,122.0629,142.4129,129.5741,148.3304,169.3034,128.236,277.9916,163.9692,123.2651,132.5322
2017-05-23,134.3299,124.5549,127.3833,120.0961,155.9416,143.2588,121.9961,142.5249,129.9464,148.5228,168.1808,129.6819,274.6134,161.0914,122.8678,132.5363
2017-05-24,131.1027,122.903,127.1241,119.9164,155.1411,143.2318,121.7381,142.153,129.0245,148.3954,165.329,131.7425,272.3713,154.3743,122.5028,132.5573
2017-05-25,130.9396,123.2566,127.138,120.4255,155.4443,144.4145,123.3475,142.5812,129.7502,149.1454,165.3325,130.9187,273.79,153.3496,122.7002,132.5396
2017-05-26,132.8845,125.31,126.8775,120.3656,157.3256,145.8134,124.2619,142.874,130.2791,149.2579,166.0246,132.0487,275.6878,152.2768,123.4233,132.6824
2017-05-29,133.0166,124.7096,126.6014,119.9241,157.6053,145.5353,123.9626,142.8862,130.0166,149.0859,165.0082,130.8345,274.625,150.769,123.0007,132.66
2017-05-30,133.0455,124.9177,126.8194,120.2317,158.4508,145.6999,123.9641,143.0486,129.8046,149.4901,163.8802,128.9613,277.3496,153.1172,122.7558,132.6429
2017-05-31,131.1581,124.0057,127.0232,120.0448,158.5006,145.3745,123.3794,142.7834,128.5401,149.4032,162.5162,128.7331,276.5519,153.1974,121.7565,132.6168
2017-06-01,133.5077,126.5866,126.8931,119.8601,158.9681,145.6243,123.767,142.7553,128.6977,149.563,162.663,129.5947,279.6852,157.5271,122.0995,132.6168
2017-06-02,136.1462,128.5526,126.3725,119.6896,160.4174,146.8047,124.3046,142.6775,129.1953,149.5882,162.8767,128.7162,282.4835,160.1929,121.8029,132.6259
2017-06-05,136.3265,129.8646,126.4392,119.5894,159.477,147.004,124.6504,142.5147,129.5876,149.9198,163.3115,130.3519,282.0403,162.6036,121.5002,132.6031
2017-06-06,135.7491,129.3499,126.3188,119.9309,160.6839,147.2151,124.8346,142.4343,129.5469,150.0869,162.6414,128.7197,283.1241,159.9481,122.127,132.602
2017-06-07,134.2343,128.0372,126.4847,119.9298,159.3083,147.264,124.5474,142.3908,128.2905,149.4905,161.5813,127.1946,283.816,160.3393,122.1184,132.5608
2017-06-08,132.1855,126.2546,126.7147,120.3841,158.8548,145.7411,123.5373,141.4137,127.2062,148.8391,160.6305,126.5687,286.047,160.3858,121.5272,132.5031
2017-06-09,131.1204,125.4573,126.8106,120.2406,158.7641,145.0235,122.9845,140.9057,125.9419,148.8505,160.1025,127.3853,286.5607,160.4535,121.3284,132.5379
2017-06-12,132.5264,126.6561,126.9889,120.27,158.9507,145.4273,123.5102,141.7238,126.3522,149.2619,160.1603,127.1319,289.1905,161.668,122.2811,132.5863
2017-06-13,130.8927,125.8174,127.5642,120.1283,157.8306,144.5634,123.3679,142.0964,126.0216,149.543,160.6392,127.2679,285.1637,161.5239,122.3801,132.5558
2017-06-14,130.3485,125.7319,128.033,120.7435,158.8091,145.5526,124.2788,142.4643,126.1475,149.7091,161.2163,125.5297,282.158,161.7688,123.1816,132.6037
2017-06-15,127.7859,124.7703,128.2969,121.0341,159.494,145.4,124.0727,143.0399,125.5941,149.5486,161.462,125.7878,281.81,160.3582,122.5004,132.5846
2017-06-16,131.9303,128.4669,128.5021,121.6922,162.1662,147.8704,125.4522,143.8046,127.7308,150.1206,163.3215,125.3665,282.6047,165.8815,123.3457,132.572
2017-06-19,132.3242,128.215,128.9308,122.0586,162.3179,148.3424,124.7075,143.726,128.211,150.2981,164.1264,126.8819,285.7236,165.8052,123.3006,132.637
2017-06-20,130.8267,128.2826,128.514,122.2064,160.9315,148.4707,124.7189,142.3089,128.1195,150.2655,163.9769,128.4967,284.3774,165.0169,123.1649,132.5845
2017-06-21,130.9458,129.3305,128.5458,121.7164,159.6842,147.2206,123.3205,141.5039,128.2832,149.3768,165.6102,128.3419,283.2178,167.2472,122.9558,132.6267
2017-06-22,132.9737,130.3765,128.458,121.7771,159.8056,147.5781,123.6451,141.7752,129.116,150.1308,166.1158,127.7896,283.6111,171.1173,123.4057,132.6658
2017-06-23,132.5926,130.4971,128.3168,121.1007,159.371,147.5718,123.4418,141.9936,129.5353,150.328,164.9757,128.9091,281.3782,167.1353,122.7862,132.6053
2017-06-26,135.148,130.923,128.3778,121.2681,161.8028,148.7775,123.8931,142.8609,130.683,150.9319,165.8582,128.0135,283.9322,166.1731,123.044,132.5456
2017-06-27,139.1236,133.9778,127.5885,120.7046,163.5164,149.3024,125.0647,143.1084,131.5636,151.0761,165.2707,129.8768,285.6554,166.7523,123.1456,132.5497
2017-06-28,142.3522,135.5388,128.1378,121.2468,164.708,149.7396,125.2974,143.6738,132.8347,151.5605,167.2051,130.6663,287.915,171.1255,124.0714,132.579
2017-06-29,142.6325,135.2997,128.1209,121.0701,164.7867,149.8104,125.1094,143.6378,132.4691,151.4143,167.0345,130.2337,288.2836,171.1532,124.0257,132.5623
2017-06-30,141.4704,135.2789,128.3505,121.546,164.713,149.4929,124.9924,143.503,132.4505,151.1896,167.0063,132.6863,287.2965,171.6633,123.7523,132.6476
2017-07-03,143.3356,136.3295,128.455,121.8495,164.991,149.8074,126.2734,143.5152,132.9611,151.8543,169.0453,133.5063,288.91,175.086,124.1933,132.701
2017-07-04,144.2891,137.981,128.1229,121.8116,166.45,151.133,127.2054,143.7697,133.5996,152.1451,169.844,133.6784,287.7799,176.296,123.723,132.8013
2017-07-05,143.7908,138.5585,128.0755,121.8408,167.2213,151.1968,127.5757,144.5239,133.9006,152.2321,169.5801,133.0943,287.5395,175.3032,123.8608,132.7792
2017-07-06,138.968,135.5571,128.1907,121.7648,165.0043,149.8672,127.0775,143.1128,131.5201,152.418,167.3433,131.1174,287.1995,172.1024,123.7785,132.7961
2017-07-07,137.6062,134.3547,128.6652,121.8139,164.4482,149.3335,126.5632,143.3941,130.2928,151.735,168.4908,131.1919,288.2106,174.0399,123.2834,132.8896
2017-07-10,137.2994,133.4744,128.3108,121.3637,162.2797,148.1127,125.6226,142.0017,129.1722,150.819,168.3655,133.6046,288.1333,172.4672,123.7158,132.9712
2017-07-11,135.8869,131.0079,128.6964,122.1262,163.004,148.2566,125.0132,142.583,130.3962,151.1699,168.5786,132.7101,285.32,169.487,123.1163,132.9644
2017-07-12,136.8113,132.8225,128.7004,122.1256,163.4522,148.5043,124.8528,142.4085,130.4705,151.3856,169.3833,133.6353,286.4864,172.4469,123.9196,132.9736
2017-07-13,136.1152,132.383,129.1629,122.1284,162.7779,148.8336,124.7284,142.7198,129.9798,152.1765,169.0322,133.736,286.5586,173.3978,124.4247,133.0288
2017-07-14,137.2652,133.5941,129.555,122.7794,163.9555,148.9743,124.9687,142.7555,131.6636,152.2957,171.2823,135.4947,285.287,173.9047,124.752,133.0163
2017-07-17,136.7759,131.5988,129.2513,123.0804,164.6684,149.1762,125.1426,142.8392,132.8048,152.1951,171.6502,132.8897,283.0416,171.5702,123.0696,133.0009
2017-07-18,136.4866,131.9104,129.3766,123.3131,163.9311,149.1694,126.1721,142.7986,132.5365,152.4504,170.8816,132.7675,283.7642,171.6661,123.8004,133.0855
2017-07-19,135.0431,132.1351,130.311,124.1003,162.9162,150.2283,126.6354,143.2655,133.2996,153.2055,172.93,133.0465,285.8655,172.5889,124.32,133.1125
2017-07-20,135.05,131.5855,129.9472,123.9218,162.5886,150.8361,127.7823,143.9265,132.8435,153.0742,172.0726,133.4198,282.8357,172.2785,124.1868,133.1789
2017-07-21,135.6465,133.141,129.7387,123.6109,163.201,151.3479,128.4565,144.184,132.9851,153.1981,172.0307,135.1923,281.458,173.0326,123.7748,133.1941
2017-07-24,134.0429,131.2545,130.1874,123.5322,162.34,149.9083,127.1833,143.9184,132.3889,152.9721,171.2319,134.3635,280.7928,169.7661,124.228,133.1856
2017-07-25,136.385,131.1061,130.4787,124.2393,162.9931,150.4495,128.461,144.2904,133.7103,153.5384,170.9408,133.1675,282.261,169.3278,125.0883,133.149
2017-07-26,134.2627,129.7539,131.0307,124.1893,161.0313,149.9377,128.2294,144.6179,133.0044,152.7216,171.2992,132.727,280.4995,167.5139,125.1962,133.246
2017-07-27,133.9557,130.2736,130.6545,123.7647,162.4574,150.5994,128.5219,145.1865,133.0632,152.4086,169.5833,131.8268,276.9165,162.8443,125.5111,133.3171
2017-07-28,133.328,131.0443,131.2414,124.0553,162.9457,151.3493,128.5288,145.9721,133.997,153.0962,169.9853,133.038,276.4201,162.0737,125.7173,133.2852
2017-07-31,131.9693,131.4634,131.0492,123.3573,161.8787,150.1856,127.136,145.2783,132.9872,152.3037,171.4122,131.381,275.6045,164.2362,125.4265,133.3717
2017-08-01,131.5026,131.2792,131.2418,123.6348,161.8427,149.431,127.589,145.2628,133.2506,152.8736,169.0906,129.4972,277.0804,163.0396,125.5813,133.3886
2017-08-02,131.0934,130.725,131.2644,123.8795,163.1215,150.4589,127.419,145.3862,133.0941,153.2769,168.4482,128.1853,276.7656,162.8931,125.4639,133.3436
2017-08-03,127.7794,129.5098,131.219,123.9438,162.6506,150.7446,126.6324,144.3359,132.7499,152.7856,168.4287,126.1365,273.9361,158.7301,124.935,133.3871
2017-08-04,128.4752,129.6283,131.1367,123.644,161.6853,150.0772,127.1172,144.9138,133.0959,152.7899,167.7952,127.6014,274.6622,158.6764,124.3088,133.3447
2017-08-07,127.4655,129.7676,131.1946,123.7087,162.0969,149.841,126.9,144.8247,133.7816,153.1877,168.2628,124.5673,276.1787,155.6645,124.8561,133.4149
2017-08-08,124.2522,128.6403,131.4397,123.5465,161.5826,149.1175,125.9108,144.6623,132.7618,152.9002,167.5851,123.9289,273.7529,153.4524,124.5474,133.4038
2017-08-09,122.8279,126.6164,131.5793,124.1214,161.238,149.1826,126.562,144.6049,132.6967,153.1802,166.8615,124.9893,271.8133,152.7797,123.2624,133.4222
2017-08-10,123.1001,127.0414,131.654,124.2939,160.66,148.3221,126.6596,144.3721,132.0302,153.2137,166.347,128.5299,272.5158,155.2853,123.5775,133.5225
2017-08-11,122.8892,128.0875,131.6351,124.1602,160.4152,149.0913,127.23,144.6763,131.4744,153.0245,164.8867,127.5939,276.0301,155.7481,123.4696,133.5548
2017-08-14,124.1769,130.2176,131.7197,123.6712,161.1051,148.1885,127.1922,144.4469,131.3066,153.183,163.5466,128.7339,274.7905,156.8097,124.1387,133.5365
2017-08-15,124.688,129.6238,131.5015,124.0657,160.185,148.587,128.4267,143.961,131.6351,153.783,163.0739,127.3945,275.5966,156.7922,124.6541,133.5569
2017-08-16,123.1769,129.6295,132.0431,124.4478,160.0851,147.878,128.4904,144.217,132.0461,153.7121,162.704,127.1877,273.2949,155.9224,124.6365,133.613
2017-08-17,122.8476,130.1292,132.139,124.1949,159.9751,147.3725,128.0353,144.1964,131.9902,152.6842,162.5028,127.3403,271.8474,154.9559,124.2957,133.6081
2017-08-18,125.7882,133.6261,132.6798,124.2273,161.2237,147.7677,128.6199,145.009,133.2948,153.1527,163.9129,128.1725,274.4742,159.1707,125.0046,133.6126
2017-08-21,126.2373,132.168,132.2897,123.9201,161.3691,147.8877,128.9186,144.8884,132.6992,152.7621,161.6116,128.7459,270.635,156.4515,124.7109,133.5398
2017-08-22,128.5902,133.4034,132.452,123.9662,163.3907,148.8124,128.969,145.6813,133.0475,153.5307,161.9298,130.177,270.5108,158.206,125.8651,133.5265
2017-08-23,126.5886,131.1094,132.81,124.1051,162.0243,147.9296,128.0175,145.6329,132.2455,153.2427,160.8417,130.4845,269.0995,157.9197,125.1541,133.4811
2017-08-24,127.2562,131.8776,132.7745,123.6155,161.1598,147.1904,127.249,145.8503,131.7615,152.6526,160.8821,133.9846,269.2311,158.6418,125.6063,133.5248
2017-08-25,123.8636,128.7369,133.1728,123.8824,159.1542,145.9647,126.4114,145.7668,131.4592,152.7749,160.2723,133.9112,267.29,154.3044,125.487,133.6201
2017-08-28,123.7973,127.7639,133.3423,124.4191,160.0014,145.8096,126.3475,145.8058,132.2469,153.3283,159.9723,134.5573,267.8757,151.6133,125.702,133.6071
2017-08-29,123.7425,128.027,133.1019,124.1803,160.1737,145.4816,126.2825,145.1652,132.288,153.6936,159.4524,134.7843,268.5517,150.6313,125.2373,133.5988
2017-08-30,124.5184,128.7563,133.2606,124.5265,160.0257,145.8584,126.3455,145.4924,133.5178,153.3642,160.6988,132.9934,267.1465,152.593,125.5347,133.6777
2017-08-31,124.0111,128.5778,133.2629,125.1751,161.9547,147.5068,127.8306,146.1647,134.272,153.7917,160.1727,132.0379,265.8902,150.7547,124.875,133.6617
2017-09-01,125.129,129.6654,133.3588,124.8736,160.4492,146.2071,127.3428,145.8919,134.7674,153.0984,161.2175,131.8913,269.6472,150.7419,125.6161,133.6568
2017-09-04,123.1247,128.8805,133.7948,125.2063,159.7053,145.5465,127.0497,145.5463,133.4174,152.4887,161.0141,131.8489,270.126,150.7133,126.2038,133.6109
2017-09-05,122.5723,127.7996,133.2952,124.9391,160.023,145.6578,126.8676,145.2457,133.4299,152.0289,160.68,128.7285,267.4695,148.343,125.6535,133.6365
2017-09-06,126.1013,129.8188,132.3534,124.1162,160.6298,146.2809,127.7052,144.6546,132.887,151.8433,159.9467,128.1593,266.4474,151.3186,126.5051,133.6039
2017-09-07,127.5516,130.5643,132.7698,124.6058,161.1672,146.9196,128.8708,145.3697,134.0694,152.8023,160.5511,126.3822,268.9084,152.7493,127.1529,133.5572
2017-09-08,127.2008,130.6689,132.63,124.7491,160.6244,146.8039,129.4219,145.5007,133.8066,152.2073,160.115,128.2471,267.3586,152.7429,127.2872,133.585
2017-09-11,126.3976,132.1816,132.5705,124.3853,160.0897,145.9316,127.9405,144.9112,134.1006,151.7659,161.3702,127.8131,268.358,153.7024,127.2287,133.5621
2017-09-12,126.4363,132.4133,132.5502,124.6323,159.9322,146.6839,128.4364,144.5446,135.0545,152.0688,162.0397,125.8405,268.7971,152.7412,127.3021,133.6264
2017-09-13,126.3833,133.2327,132.4041,124.7293,160.0715,147.5605,128.5776,144.5575,135.7693,151.8668,163.2859,124.6045,269.6094,155.3935,125.9078,133.5908
2017-09-14,127.7031,134.326,132.4431,125.2308,161.6485,148.4794,129.6458,145.2722,136.4913,151.9127,162.6406,124.2194,267.9902,155.9291,126.9126,133.5197
2017-09-15,125.3925,132.4138,132.0458,124.8815,161.7095,148.9037,129.5202,144.8036,134.8961,151.5674,160.4734,121.9639,264.5432,151.9723,126.6788,133.6275
2017-09-18,127.418,134.2498,131.8667,124.5874,163.1141,149.4466,130.0343,145.1403,135.7091,151.8741,162.9571,123.4772,263.3403,153.8318,126.6832,133.6381
2017-09-19,128.5299,134.975,131.5953,124.4419,162.0782,149.5997,130.9595,144.9556,135.9729,152.2884,163.2309,123.8221,265.9477,155.0971,126.7268,133.6574
2017-09-20,127.2213,134.0356,131.6729,124.8549,162.4243,150.2967,131.2632,144.8724,136.4095,152.4908,163.7176,123.7856,263.6304,153.1088,126.3277,133.6409
2017-09-21,126.2499,133.8844,131.9754,124.477,160.9088,149.4063,130.1743,145.4181,137.5954,153.267,164.067,123.2662,265.2492,151.4972,125.9172,133.5889
2017-09-22,123.003,131.6778,132.5984,125.0618,159.2924,149.8396,130.5237,146.1472,138.1738,153.2029,163.926,124.8306,260.3413,147.7182,125.1056,133.6621
2017-09-25,121.3502,131.2256,132.5192,124.5607,159.6526,149.5929,131.2714,146.4424,136.7666,152.6819,161.1993,122.1701,259.9733,144.3182,124.6973,133.5706
2017-09-26,123.989,133.588,131.9702,123.9526,160.5783,149.8636,130.741,146.1804,137.4024,152.6251,162.2655,124.5618,260.8605,147.14,124.2324,133.542
2017-09-27,124.6259,134.173,131.8528,123.8145,160.2953,149.7845,130.682,146.398,138.1252,151.9361,162.4355,125.4374,259.139,146.5696,124.0858,133.5305
2017-09-28,126.0733,134.6023,132.1895,124.3373,160.7556,150.7516,131.0595,146.362,138.9324,152.4006,162.5911,128.0206,261.9183,146.4876,124.3977,133.4565
2017-09-29,123.6411,133.0916,132.0099,124.368,159.194,150.317,130.5703,146.4323,138.7604,151.5431,162.0846,126.9052,260.3675,143.5831,124.0823,133.5192
2017-10-02,122.8332,133.2581,131.9173,124.1884,158.8953,150.5421,130.8513,146.1038,138.6505,151.7009,162.7376,124.4517,261.6133,141.5859,124.7894,133.463
2017-10-03,121.9306,133.6495,132.2386,124.0978,158.8226,150.7012,131.1985,146.6198,138.0727,151.7834,162.4934,124.1708,262.7703,141.7989,124.7094,133.489
2017-10-04,123.5468,135.1814,131.8559,123.7712,160.5912,151.2537,131.146,146.4127,137.6657,151.5032,163.3738,125.0472,263.7598,142.6049,125.1802,133.5332
2017-10-05,121.9535,133.4926,132.0736,123.7596,159.9048,150.8563,130.9485,146.4611,137.2024,151.9515,163.5714,125.3766,263.8035,142.4147,123.9881,133.5343
2017-10-06,121.8621,135.3685,132.2163,124.2883,160.5613,151.6544,131.7571,146.7333,138.5341,152.9501,164.1783,124.4172,266.9297,142.6451,124.6429,133.4916
2017-10-09,122.5848,136.9357,132.7451,124.097,160.7402,151.7104,131.6425,147.383,138.3599,153.5039,164.1668,126.2347,268.9343,143.8682,125.6135,133.4649
2017-10-10,123.6536,137.8436,132.653,123.9177,161.0632,151.2315,131.0311,146.4597,137.5482,152.9281,163.644,126.5385,268.4221,146.8855,125.7013,133.5039
2017-10-11,121.0105,136.9785,133.2749,124.735,161.7385,151.5586,131.4596,146.7252,136.5962,153.1437,163.477,127.0282,267.2652,145.1416,126.9039,133.5299
2017-10-12,121.5892,136.8521,133.8399,125.2649,161.7222,151.6584,131.9752,147.2421,136.9121,153.7883,163.7167,128.1309,269.3317,146.3707,127.4727,133.5267
2017-10-13,122.4526,136.4559,134.2003,126.368,164.0877,152.7045,132.9587,148.041,139.1843,154.5032,164.0914,130.8978,266.3839,143.724,127.3544,133.6463
2017-10-16,122.5568,137.1871,133.5436,125.614,164.2582,153.0392,133.0842,147.8981,139.2747,154.8498,163.7496,131.5324,263.1908,142.3196,127.1306,133.6339
2017-10-17,123.5321,137.9804,133.3088,125.3505,164.7863,153.9166,133.1096,147.63,138.4102,154.6348,161.6076,132.7015,265.9778,141.8151,127.277,133.7278
2017-10-18,121.6725,135.8176,132.9717,125.0511,163.6373,152.9877,132.8962,147.7828,138.4327,155.0655,160.1155,130.7691,264.4823,138.8107,126.4389,133.6921
2017-10-19,121.6485,136.1063,133.4077,125.2473,163.6437,152.4862,133.1991,148.265,138.7522,155.6254,160.0437,130.0165,265.0884,140.3876,126.3483,133.731
2017-10-20,123.8302,137.1124,133.5806,125.6152,165.3424,153.5065,134.4586,148.9824,139.4965,156.7983,160.6679,129.1613,267.7936,142.8667,126.766,133.7342
2017-10-23,121.2809,134.7637,133.8346,125.5025,163.395,153.4892,133.9842,148.6538,137.8833,156.1028,158.5004,127.3698,265.7806,139.8927,127.0328,133.7925
2017-10-24,117.6104,131.8182,133.4201,125.206,162.0712,151.8755,132.4439,147.8616,135.7053,155.7078,156.5305,126.8545,264.621,137.1467,126.7195,133.718
2017-10-25,118.3219,131.6906,133.9428,125.8063,162.9243,152.1087,133.0025,147.632,135.7056,156.2613,157.5704,126.559,265.4166,139.4854,127.0068,133.7204
2017-10-26,122.528,135.0446,133.5933,125.6346,165.4928,152.6445,132.7773,147.6273,136.6986,156.0898,159.0751,125.66,267.7119,145.5741,127.1759,133.7024
2017-10-27,123.0558,134.7018,133.6318,125.1529,165.2252,152.2698,132.6022,147.4376,135.9954,156.8791,157.5798,126.4334,264.6914,147.8714,126.7223,133.6571
2017-10-30,123.402,134.6385,133.4614,125.1784,165.2569,153.4363,132.9829,147.6531,136.0926,156.377,157.8567,126.4432,264.9313,147.6278,126.2547,133.6823
2017-10-31,122.4257,134.9666,133.4822,125.0431,165.9664,153.2569,132.6897,148.0665,135.7974,156.802,157.0379,124.5536,267.1524,146.9003,126.4075,133.7035
2017-11-01,118.7376,131.4867,133.183,124.4191,162.5944,151.7452,131.2333,147.2515,132.7381,155.3564,154.5646,124.4331,263.0479,145.296,125.9079,133.7766
2017-11-02,118.0517,133.3786,133.6447,125.1492,164.0864,152.9607,132.4494,148.0427,133.5967,156.2656,154.7257,123.8458,264.2182,146.8996,125.9673,133.7709
2017-11-03,119.1111,133.9756,133.6294,125.0525,163.7253,152.8476,132.4692,147.6681,133.3947,156.3747,155.7505,124.3152,266.7405,148.378,126.6403,133.7744
2017-11-06,118.0523,133.3896,133.9027,124.8252,160.9851,151.8663,131.9029,147.3454,132.2596,155.7407,155.2501,125.2753,266.6519,149.2406,127.1011,133.7798
2017-11-07,118.966,134.7473,133.7203,124.3558,161.0987,152.4623,132.7126,147.7804,131.9075,155.5605,155.8109,125.3076,265.3701,150.9748,127.3932,133.7207
2017-11-08,120.6653,136.4932,132.9953,124.0886,162.4547,153.3996,132.7746,148.1763,132.6361,155.7509,155.736,123.9094,265.4285,151.6959,128.2986,133.7028
2017-11-09,124.148,139.6206,131.8518,123.1393,162.5916,152.9899,133.8203,148.21,132.8058,155.3019,156.6304,125.8207,269.0672,154.0544,128.4422,133.7776
2017-11-10,121.8476,138.5429,132.7549,123.934,161.5473,153.2326,133.9772,147.8285,132.4244,155.6369,156.1987,125.789,269.2408,154.7031,128.0942,133.7442
2017-11-13,122.6323,140.0879,132.8453,124.0333,162.272,154.3103,134.9921,148.6075,133.155,155.9087,156.6877,124.2993,269.1365,156.0108,128.4529,133.7513
2017-11-14,125.2531,141.4176,132.722,124.372,163.297,155.6136,135.5007,148.7208,133.9613,155.9079,157.8703,126.7693,270.5699,158.6234,128.695,133.72
2017-11-15,122.74,139.0767,132.9227,124.5541,163.5509,154.5769,135.3709,149.1439,133.4227,156.2443,157.3707,125.0924,268.9187,157.122,127.7411,133.761
2017-11-16,123.269,138.2297,132.8332,124.3659,164.9551,154.8907,135.1105,149.3935,132.408,156.5127,156.4434,123.4003,268.0943,159.1313,127.5287,133.7828
2017-11-17,123.6136,137.668,132.496,124.4116,164.907,155.6748,135.8518,149.2218,132.7336,156.6324,155.7019,121.5363,266.7201,157.8463,127.586,133.8174
2017-11-20,127.2122,138.9183,132.368,124.4735,167.1933,157.1956,136.1329,149.3635,133.5178,157.0765,155.3068,120.287,268.4573,159.2772,128.4434,133.7917
2017-11-21,126.4773,138.3901,132.9808,124.2054,166.8298,157.2136,134.533,149.4458,133.4597,157.6717,156.2416,119.9812,268.3357,159.8736,128.3281,133.7764
2017-11-22,126.8227,137.8078,133.1224,124.1979,166.5427,156.3253,133.9133,148.8108,133.0597,157.308,157.1114,120.9686,268.6574,159.9534,128.6511,133.7967
2017-11-23,126.8538,139.5975,133.0873,123.8566,166.4683,156.8218,133.9715,148.4005,133.0425,157.9167,157.8839,121.5872,268.5991,161.8551,128.7391,133.7526
2017-11-24,129.1203,140.8979,133.2265,123.8661,168.1188,156.0667,133.4301,149.2432,134.5322,157.948,159.8573,120.6168,269.107,164.0765,129.0428,133.7351
2017-11-27,129.458,140.1006,133.4788,124.5136,166.7946,156.282,133.7252,148.9106,135.2452,157.7528,160.5721,121.1559,269.9957,165.0081,129.0409,133.7075
2017-11-28,127.2353,139.4424,133.4793,124.4968,166.8427,155.0084,133.2916,148.8666,134.0978,157.1682,158.6437,121.7297,272.9221,160.3513,129.4372,133.74
2017-11-29,125.6732,139.7427,133.7965,125.0333,168.2337,155.8257,133.8221,149.2968,134.7547,157.605,157.5709,121.9591,273.2719,155.4986,129.878,133.8261
2017-11-30,127.067,141.072,133.9228,125.0693,169.018,155.4644,133.921,149.3973,134.6144,157.4933,157.2962,121.5948,275.9974,158.3113,130.166,133.8549
2017-12-01,126.3707,140.286,133.8886,125.3402,169.6393,155.8583,134.4955,149.5403,135.7445,158.3682,157.908,121.392,273.4759,155.4024,129.8932,133.8794
2017-12-04,125.3226,137.8194,133.9223,125.5852,170.2775,157.0101,135.4214,150.1201,135.2263,159.1069,156.08,121.5802,271.0347,150.7095,130.2948,133.9152
2017-12-05,125.9322,136.6269,133.6485,125.7164,170.1166,156.968,135.3513,149.7592,134.8814,158.8532,155.5575,121.8618,270.6717,150.0911,130.7417,134.0012
2017-12-06,123.7945,135.698,134.0628,125.6514,167.5851,156.4367,135.623,149.7216,134.26,158.8661,154.9414,120.8249,271.3877,149.3463,130.4571,133.9293
2017-12-07,121.9965,134.3539,133.6771,126.0117,167.4945,157.7826,136.1701,149.1533,133.9514,158.5758,154.6313,120.8496,269.6031,147.4632,129.4145,133.9658
2017-12-08,120.2463,132.8353,134.0914,125.614,164.7982,156.5074,135.429,149.077,132.9091,158.236,154.6804,121.5086,269.4769,146.2362,129.3987,134.1149
2017-12-11,118.5753,130.9213,133.4229,124.6205,161.4779,154.9793,134.4278,148.6537,132.1494,156.6534,154.3826,121.5835,265.0485,143.9598,128.178,134.1687
2017-12-12,120.5333,133.1287,133.3207,124.1446,161.0799,154.8588,134.0006,148.5696,132.3927,156.6233,155.3881,121.4255,269.0607,147.0489,128.7777,134.218
2017-12-13,121.3504,133.1867,133.9512,124.2225,161.2324,154.6954,134.2573,148.8266,131.7005,157.1413,156.8679,123.0676,269.4324,150.749,129.1134,134.1886
2017-12-14,123.0873,134.7412,134.7347,124.3383,162.3665,155.0534,133.6175,149.8014,132.4432,157.7859,158.8254,122.2615,271.2637,154.6237,130.2282,134.1973
2017-12-15,126.1586,136.8224,134.1144,123.7785,162.94,155.4889,133.7039,150.2919,133.3472,157.2999,159.2108,122.1763,268.9044,157.8345,130.3748,134.1688
2017-12-18,128.0846,138.143,134.2714,123.7878,163.2598,156.3028,134.7225,150.5802,133.9663,157.9713,159.8099,122.1033,267.8321,161.3317,130.4841,134.2041
2017-12-19,126.5972,137.1865,134.2039,123.3137,160.9113,154.9185,134.2656,150.0212,133.0868,157.9942,159.547,122.6286,270.0465,158.8549,130.8275,134.2177
2017-12-20,129.5542,138.6061,134.2417,123.6307,161.5139,155.5322,134.8318,150.5795,134.6941,158.3791,159.6314,123.5447,269.6922,161.3047,131.4229,134.2334
2017-12-21,133.2571,141.4195,133.7901,123.3347,161.75,156.7965,135.1044,150.5716,136.1516,158.256,161.5346,123.6537,270.6811,165.1136,131.862,134.2227
2017-12-22,133.4171,142.2596,133.5848,123.3126,161.6031,157.2687,135.5407,150.7983,136.6193,158.121,161.7564,124.0723,269.1454,166.0605,131.5533,134.324
2017-12-25,131.9508,141.2821,133.2997,123.0639,161.9703,156.7541,135.494,150.6666,136.2433,157.6297,160.6335,122.3633,268.1679,161.4662,131.1904,134.3592
2017-12-26,132.8152,141.8314,132.7123,122.8807,161.865,156.7702,135.9979,150.3348,136.4639,157.9856,160.6279,123.6375,264.3832,162.4227,131.6697,134.3635
2017-12-27,132.3813,142.3955,132.9804,122.3639,161.9181,155.231,135.4683,150.6912,136.2698,158.6869,161.2936,123.696,265.0373,162.5071,131.8961,134.3969
2017-12-28,132.7437,143.5545,132.8336,122.0869,161.784,154.5579,135.2079,150.5504,136.1007,157.9721,162.3855,122.1457,265.2631,165.9059,131.5079,134.4043
2017-12-29,136.3925,145.6438,132.7213,122.3706,163.7232,156.2779,137.2091,151.8165,137.9863,159.1679,163.591,122.7468,265.9288,168.3035,131.9711,134.4386
2018-01-01,135.6272,148.1378,132.5608,121.6375,162.3565,154.4756,136.6003,151.3465,137.5021,158.8572,163.8921,122.2179,265.4446,169.6102,133.0506,134.4916
2018-01-02,136.4274,146.3195,132.4919,121.8596,163.1107,154.6964,136.5776,151.1399,137.7554,159.5201,162.7602,119.5403,265.2777,170.0314,132.5305,134.4534
2018-01-03,131.3191,141.7507,131.7806,121.2089,161.9195,153.8304,135.3031,150.7486,135.8944,158.9861,160.2631,118.1485,259.1587,162.3827,131.2994,134.5213
2018-01-04,129.1729,140.4579,131.3201,120.8805,161.4223,153.298,135.4386,150.1765,135.4187,159.2316,159.1085,118.4766,255.1397,157.4898,131.3668,134.4494
2018-01-05,124.2793,138.5804,131.3671,120.6587,159.8355,152.5738,134.422,149.5132,134.2122,158.7861,157.6144,116.9471,253.2076,152.8895,130.4654,134.5188
2018-01-08,125.1304,138.7542,131.4835,120.7687,160.7464,153.2025,134.7445,149.4956,134.8146,159.188,156.6468,115.2784,253.9053,152.552,130.0467,134.4879
2018-01-09,123.4274,136.959,131.7795,120.7639,160.272,153.1163,133.8342,149.6914,134.4572,159.2513,155.5071,114.0669,250.4879,151.0538,129.9615,134.5035
2018-01-10,123.7305,137.7573,132.4166,120.7907,159.2448,152.5239,133.5263,150.6348,133.9332,159.1699,156.6447,115.5641,255.5298,154.9294,130.2841,134.5349
2018-01-11,122.601,138.3172,132.3436,120.9833,159.7379,153.0829,134.1734,151.0711,134.5678,159.4665,156.2718,113.6167,255.7907,152.2411,130.7296,134.5514
2018-01-12,123.343,138.2078,132.4459,120.6521,159.2668,152.8585,133.9492,151.4637,135.048,159.1022,157.0073,114.286,257.7014,148.738,131.2866,134.5047
2018-01-15,126.1235,140.8609,132.6868,120.7021,159.9667,153.5892,134.5586,151.725,136.2969,159.4968,160.3843,113.4334,260.8901,153.0004,131.9239,134.5811
2018-01-16,127.6919,140.8933,132.1182,120.6338,161.5755,153.9968,135.1664,151.4669,136.2188,159.6426,160.1621,112.8836,263.9868,152.8259,131.4013,134.6025
2018-01-17,126.1053,141.1966,131.8758,120.5543,162.3408,153.0943,134.9247,150.9796,135.9807,159.4726,159.0946,111.6734,261.8336,151.4084,131.1639,134.504
2018-01-18,127.868,143.2185,131.9402,120.7669,164.3053,154.2734,136.0422,151.5872,136.8826,159.8825,159.5925,112.104,263.3982,151.1648,131.8733,134.4833
2018-01-19,131.1359,144.6861,132.0506,120.7348,163.8121,155.0776,136.355,151.4249,136.61,159.7877,160.265,114.4394,267.2746,155.0211,132.8793,134.5121
2018-01-22,129.9031,144.0208,131.8074,120.7245,163.3051,155.1561,136.5102,151.0987,136.1589,159.8512,157.5806,113.908,264.9225,153.1024,132.9853,134.5126
2018-01-23,130.468,144.1165,131.5556,120.2582,164.4282,155.1658,136.3497,151.2711,135.543,159.716,156.5076,113.6948,265.5346,151.707,132.7997,134.5406
2018-01-24,129.3865,144.5506,131.5298,120.4589,164.3238,155.3241,136.0698,151.0598,136.2142,159.5428,155.9533,112.0155,266.1402,150.3259,132.6942,134.556
2018-01-25,132.3308,146.3419,130.8114,120.4442,165.4417,156.2221,136.7993,151.0201,137.1534,159.7522,156.6216,112.7766,268.0465,152.7094,132.6789,134.5336
2018-01-26,129.0722,143.1271,131.099,120.315,163.4509,154.1983,135.092,150.7155,135.654,159.3852,155.3003,113.6152,266.5049,150.4996,132.3353,134.5366
2018-01-29,130.9078,146.3872,130.5545,120.0921,165.671,155.6443,135.6324,150.5392,136.5352,158.9263,156.5282,113.7774,266.7032,150.8534,132.2927,134.5184
2018-01-30,131.7602,146.0212,130.4747,119.5547,164.0424,154.912,134.317,150.2086,136.7818,158.5706,155.9217,114.9958,266.8403,150.1869,132.0406,134.4974
2018-01-31,133.0581,146.5164,130.728,119.5567,164.1603,154.8806,134.9454,150.5966,137.3524,158.1833,157.0304,116.0382,264.0357,149.2741,132.9909,134.4936
2018-02-01,134.5108,146.264,131.3269,120.2292,165.8146,155.805,135.897,151.1712,137.6287,158.6202,158.2927,117.093,264.7893,150.5829,133.3561,134.5404
2018-02-02,132.1106,143.8132,131.5867,120.4818,163.595,155.153,135.2094,150.4175,137.2733,158.5245,157.5052,116.2993,265.5213,149.0756,132.5942,134.48
2018-02-05,132.3845,143.8594,131.5478,120.2762,163.2682,154.557,135.3362,149.9092,136.3826,158.2289,157.8272,115.6033,263.6866,150.9631,133.1164,134.4785
2018-02-06,131.0242,142.0834,131.6666,120.148,159.8868,153.4879,134.3049,149.2121,136.1048,157.6021,157.9225,115.0041,263.3568,150.7235,133.0955,134.4883
2018-02-07,131.8985,142.7387,131.8454,120.0934,161.0656,153.388,134.081,149.9501,136.1374,157.6635,159.1848,114.937,265.0456,153.6224,132.6029,134.5252
2018-02-08,134.2325,143.8146,131.5512,119.8074,162.6533,154.5727,134.8387,150.6722,137.3741,158.0314,158.623,110.8956,266.0857,152.4693,132.8722,134.5205
2018-02-09,134.7253,142.5271,131.6044,120.1962,163.6538,155.5816,135.1287,150.748,137.6429,158.1761,159.498,110.4928,264.0691,151.3108,133.3514,134.5208
2018-02-12,136.0339,142.6728,131.6721,120.0753,163.2768,155.4716,134.639,149.8763,136.6554,158.2989,160.8139,110.2016,266.4472,155.6094,133.8699,134.4713
2018-02-13,136.4846,143.8224,132.0194,120.8635,164.7433,156.9681,135.375,150.0186,137.0712,159.1905,162.0301,111.7208,267.4067,158.6329,134.3181,134.4607
2018-02-14,137.1086,145.1831,132.2118,120.6576,165.7089,156.7764,134.892,150.4708,138.2552,159.6989,164.3513,112.8673,265.8473,160.7239,133.4132,134.3787
2018-02-15,137.65,145.5865,132.2089,120.1826,164.8761,155.8768,135.3122,150.0765,137.6862,159.8532,165.3472,113.4088,266.7797,161.1683,133.7227,134.3733
2018-02-16,136.4241,144.1052,132.4391,120.0333,164.1785,155.7674,135.3625,150.9567,137.0004,159.4395,164.7438,112.9815,266.9845,159.6578,133.2053,134.3813
2018-02-19,136.4921,144.1176,132.7502,120.1698,164.3428,155.5548,134.7661,151.5323,136.7371,158.7841,165.0143,114.3287,268.4432,160.3076,133.2428,134.4664
2018-02-20,137.4701,144.849,132.4542,119.1311,163.0578,153.2843,133.8503,150.9372,136.3372,157.8821,165.4954,114.1191,269.4796,160.5177,132.7405,134.5122
2018-02-21,138.496,145.8094,132.8998,119.7164,163.3167,152.1178,133.9409,150.9332,136.9377,158.2977,166.7501,113.5307,270.6919,165.5879,133.3586,134.6033
2018-02-22,139.2444,147.769,132.5472,119.1119,162.2026,152.7048,133.8846,151.4305,136.6663,157.8612,165.5854,114.118,272.8331,166.2394,133.8161,134.6068
2018-02-23,140.8987,148.3954,132.7568,118.7763,159.5024,151.4048,133.3989,151.2313,136.3545,157.6264,167.1068,114.2734,279.435,170.9737,134.109,134.7165
2018-02-26,140.9575,147.5671,133.5398,119.5508,161.4547,151.4938,133.0716,151.6874,137.2106,159.0559,167.2844,115.2811,281.8236,172.843,132.8028,134.7328
2018-02-27,140.328,146.6105,133.8343,119.7215,160.7006,150.505,132.4448,151.5812,137.3068,159.1831,167.9697,112.8133,280.0287,173.085,134.3239,134.7075
2018-02-28,139.9994,145.8504,133.8393,119.4913,159.6293,149.5469,132.002,151.8107,137.7071,159.3955,167.5665,114.0566,281.5931,169.9868,134.3065,134.6766
2018-03-01,137.6046,144.4292,134.5596,120.1879,159.4472,150.2426,132.2027,152.5517,138.7677,159.7634,167.4475,112.9123,276.8396,166.4246,134.7055,134.7106
2018-03-02,139.5296,145.7475,134.2472,119.8986,158.8888,150.4884,132.6884,152.5762,138.9878,159.5164,167.4646,114.3365,278.1953,166.564,135.4615,134.6997
2018-03-05,140.23,146.7801,134.397,120.0609,158.2279,150.8298,133.1198,153.1426,139.2101,159.2429,168.2621,114.7396,278.8626,170.7078,135.2627,134.7454
2018-03-06,142.4541,146.4358,133.9811,119.9871,159.4142,150.9328,132.3978,152.7372,139.1213,158.6517,167.7622,114.3349,276.8475,170.6637,136.3116,134.6798
2018-03-07,141.3665,144.6103,134.4671,121.0309,159.0933,152.4634,133.4948,153.6435,139.7979,158.5164,167.4297,114.9733,276.8245,168.7296,135.9613,134.7645
2018-03-08,140.3221,144.4674,134.5978,120.685,157.4818,152.0625,133.0378,152.8219,139.5914,158.2818,168.8603,114.8226,275.2877,168.3865,135.8311,134.8516
2018-03-09,139.4446,143.5503,134.3722,120.9094,157.3898,152.0375,132.6317,152.7187,140.3252,157.8881,168.2453,114.1101,269.5769,166.7218,135.9225,134.7945
2018-03-12,139.1161,141.6592,134.2935,121.0891,157.9936,151.341,131.663,152.3253,140.4157,157.5261,167.3966,113.9835,267.5058,164.0762,135.7191,134.7828
2018-03-13,137.3383,139.1216,135.168,122.0938,158.0238,151.6677,131.7142,152.291,140.0767,158.4714,166.5976,113.689,268.9013,163.6153,135.7486,134.7764
2018-03-14,138.6689,141.2202,134.8916,121.5642,156.8507,151.4624,131.2184,151.9568,140.444,157.5097,167.3225,114.9452,269.9428,164.3476,136.1906,134.8004
2018-03-15,142.1099,142.5084,134.948,121.3322,156.0211,151.0478,130.6393,152.0021,140.2146,156.9729,168.8393,118.5989,274.3694,169.2908,136.753,134.7901
2018-03-16,138.7644,139.7542,134.8687,121.1293,154.879,149.9966,129.6777,151.4597,138.4172,156.1085,166.9792,117.1507,274.5181,166.8144,135.5312,134.8148
2018-03-19,144.7685,143.2255,135.7389,122.0914,157.0814,152.5765,131.4478,152.6032,140.5949,157.2736,169.6648,118.8181,277.6586,174.2904,137.0922,134.9091
2018-03-20,145.6944,142.9408,135.6996,122.6012,158.1209,153.3759,132.5359,152.6107,140.6875,157.6385,169.9398,118.9071,280.3337,173.7025,137.4654,134.9501
2018-03-21,146.9153,143.8026,135.9237,122.6698,158.2872,153.0275,131.7686,152.4248,142.2573,158.4547,173.276,119.0977,282.4893,175.5383,137.4143,135.0541
2018-03-22,144.6153,142.9322,135.5617,122.3676,157.8013,152.8904,131.8865,152.4566,141.1043,157.6006,170.5749,119.1764,281.2621,171.8395,136.564,135.009
2018-03-23,145.6996,144.0035,135.2865,121.8778,156.9647,152.2987,131.3956,151.9785,141.2801,157.5122,171.0218,120.3039,284.2575,172.7544,136.1585,135.0249
2018-03-26,146.1211,142.1882,135.557,122.2382,155.6724,153.441,131.6598,151.8855,140.6343,157.5401,170.3009,120.6481,285.017,174.0022,136.311,135.0765
2018-03-27,145.1581,142.3067,135.1437,121.6781,155.9008,153.7895,131.391,151.925,140.628,157.4446,170.4445,119.9459,279.2773,171.9236,136.3492,135.0078
2018-03-28,144.3185,142.5266,135.2455,121.6148,156.0815,153.6406,131.19,152.7785,141.1075,156.5892,170.7247,120.5794,279.7103,169.9474,135.4205,135.0766
2018-03-29,142.6874,142.0538,135.889,122.4901,156.9056,154.1901,131.4073,152.9241,141.6507,156.4259,170.3246,120.4543,278.676,169.8875,134.4035,135.1258
2018-03-30,143.1593,141.9274,135.9396,122.4851,158.4156,153.6801,131.1721,153.5933,142.5701,156.7312,171.5556,118.7901,278.0927,170.2334,133.7532,135.1058
2018-04-02,143.4312,141.4998,135.0454,122.1547,159.3576,154.123,131.3009,153.0837,141.6712,156.498,169.5055,119.5407,278.3603,168.685,132.9261,135.1044
2018-04-03,142.2869,140.8094,135.0687,122.054,160.1496,153.5301,131.2031,153.7859,141.9193,156.7136,170.2406,116.9661,274.7864,168.2163,132.8183,135.0872
2018-04-04,141.8944,140.2497,135.1744,121.9584,158.0543,154.4568,131.4828,154.1012,142.3035,156.2641,171.2147,115.229,274.1828,166.686,133.5372,135.1361
2018-04-05,142.118,139.5126,134.5878,121.2756,157.9728,153.5576,130.2578,153.6865,140.8704,156.1134,169.5782,116.5763,274.0396,165.5147,134.1475,135.1374
2018-04-06,144.7069,141.7056,134.9195,121.0029,158.6635,153.5793,130.0765,153.9742,141.7062,156.5061,171.7551,116.4334,276.1565,168.1382,134.9322,135.2052
2018-04-09,144.8832,141.0691,134.9591,121.5767,158.6719,153.0101,130.3905,153.5493,142.5483,156.6536,172.4165,116.0887,274.8773,167.4903,135.6426,135.1684
2018-04-10,147.3194,141.7796,135.1862,122.2987,161.2738,154.3743,131.3921,154.0321,143.4325,156.9828,175.1421,114.6964,275.166,170.5833,136.3832,135.2344
2018-04-11,147.6446,141.4827,134.4878,121.7587,161.3801,153.782,130.7011,153.3731,143.2236,156.7562,173.8993,113.7795,277.2159,167.7643,136.1241,135.214
2018-04-12,148.3572,141.7095,133.744,121.4269,161.433,154.5615,131.5241,152.918,143.5649,156.598,174.9525,112.9386,276.504,165.4299,136.1581,135.1843
2018-04-13,149.0669,141.6063,134.4168,122.4693,163.028,156.2729,132.5899,153.6202,143.8334,157.381,174.5637,113.5676,278.7329,166.953,136.6418,135.1413
2018-04-16,152.2264,143.1141,134.6659,123.01,165.3287,157.3941,133.1058,153.9304,145.1433,157.3904,176.2107,114.2283,280.0546,168.1852,137.4067,135.1107
2018-04-17,152.4723,143.4347,134.8154,123.3537,165.0618,157.3539,134.3087,153.8076,145.7154,158.1262,175.0782,115.4284,281.668,167.2078,137.2917,135.1689
2018-04-18,152.1636,143.3518,134.5413,123.365,165.8715,157.2986,134.327,153.9182,145.5614,158.0208,175.3159,114.7018,281.1559,166.2076,137.7767,135.1743
2018-04-19,151.3033,143.2148,135.1369,123.7051,164.9206,156.1541,133.6018,154.0996,144.9726,158.1212,175.4906,114.7713,283.2556,168.5893,139.2231,135.0856
2018-04-20,154.0276,145.237,135.0215,123.6734,165.3821,157.2829,134.6521,154.4635,144.7717,157.9877,176.1456,116.4409,287.1213,172.692,139.2054,135.0787
2018-04-23,155.1729,145.6996,135.222,123.3263,163.3131,155.1894,133.6106,153.7923,144.0958,157.9241,176.4298,119.0933,291.9316,175.5307,139.6924,135.1172
2018-04-24,154.7749,145.4856,135.472,123.2308,163.2177,155.0157,132.4719,153.8396,143.7239,158.1248,178.0296,119.8368,289.9384,179.1673,139.5891,135.1502
2018-04-25,157.2463,148.2731,135.179,122.5405,164.3335,154.461,131.6319,153.6331,144.5061,157.7281,179.3278,120.0613,288.6978,181.5337,139.5026,135.1337
2018-04-26,155.5547,147.0015,135.1946,122.4515,163.8064,153.1468,131.2573,153.3515,143.7627,157.2928,178.8737,120.4445,288.4791,180.4986,138.665,135.1272
2018-04-27,152.9945,145.7482,135.9603,122.9234,163.0563,152.6132,130.6817,153.3955,143.1002,156.8007,178.6344,118.1139,288.291,181.9088,138.5088,135.1332
2018-04-30,155.274,147.7866,135.7938,122.9163,163.4055,153.7305,131.5089,153.411,143.2984,156.8832,179.7839,119.6615,291.9839,184.1576,139.0033,135.1759
2018-05-01,154.7502,148.768,135.8192,122.8051,164.3147,153.7924,131.4929,153.5506,142.8484,157.0624,179.5115,120.5403,294.1672,182.7525,139.4948,135.0974
2018-05-02,155.4449,148.4816,135.5978,122.7816,165.3637,154.5081,131.9622,153.7788,143.4366,157.2475,179.9311,121.8047,293.3653,180.2398,138.7987,135.1564
2018-05-03,157.8706,149.7016,136.0891,122.3161,165.7325,153.5622,131.5102,155.1043,142.2192,157.3059,180.5946,121.4638,298.0141,186.6889,139.7341,135.2513
2018-05-04,158.5915,150.1785,136.2102,122.3314,167.2661,152.6923,131.1014,155.3836,141.8125,157.1842,181.5452,122.4975,299.3279,187.0654,140.5189,135.2598
2018-05-07,157.3632,149.5752,136.2416,122.4769,166.9549,151.839,130.5737,154.9222,141.7627,157.3976,180.2505,123.0799,296.7671,186.9551,140.3305,135.2599
2018-05-08,156.0455,149.6055,136.2594,122.4238,165.5019,150.9121,130.0344,153.7184,141.4248,156.8845,180.9126,121.803,294.7668,187.653,140.8213,135.2713
2018-05-09,154.8805,147.5684,136.0965,122.2366,164.8757,149.8989,128.8139,153.0528,140.8021,156.4257,180.3965,122.4791,292.1118,186.5538,140.0638,135.2303
2018-05-10,154.3449,147.0673,135.9676,122.4993,165.3303,150.7596,129.0251,152.8147,140.9134,157.1222,179.4576,121.7885,295.2938,185.69,139.4238,135.2501
2018-05-11,152.8875,145.2374,136.1889,122.9518,163.762,150.3841,128.856,152.6307,141.8685,157.3639,179.2388,120.2963,297.7355,182.7597,138.9639,135.3311
2018-05-14,155.478,147.2317,136.5483,123.656,167.598,151.677,129.4042,153.508,143.092,158.0202,181.2502,119.958,298.7676,186.5844,139.4492,135.2905
2018-05-15,154.5289,144.7771,137.0244,123.2616,163.8558,149.0901,128.1609,152.1382,141.9008,157.5247,182.5858,121.3835,298.2498,187.4324,139.3436,135.3717
2018-05-16,153.1142,143.6934,137.1958,123.0078,163.1081,148.2979,127.6814,152.4436,141.6858,157.5592,182.6857,120.6068,293.7573,187.3405,139.1841,135.2986
2018-05-17,154.2469,143.9292,137.5169,122.7362,163.0615,147.3481,127.6047,152.4936,140.5196,156.9178,182.8438,119.4417,296.9594,191.0607,138.9219,135.335
2018-05-18,152.9231,143.5492,137.4473,122.3245,162.5851,147.0087,127.7642,152.734,140.6927,157.1008,183.8144,117.481,293.1912,187.8782,139.4932,135.3629
2018-05-21,148.6541,140.5734,137.8073,122.9144,162.1829,146.2331,127.3868,152.7247,140.1188,157.4273,183.4912,118.0879,290.8442,184.0065,139.1063,135.3279
2018-05-22,146.0864,138.7338,138.1712,122.8395,160.4957,144.5213,125.7836,152.0427,139.466,156.8359,183.2924,118.9496,290.2303,181.2105,139.0713,135.2227
2018-05-23,142.8771,137.2119,138.4991,123.1518,160.18,144.822,126.215,152.217,139.2144,156.8657,182.7451,117.7235,286.5587,176.9452,139.018,135.2781
2018-05-24,148.3744,141.2114,138.0494,122.9123,160.473,145.2419,127.2081,151.7564,140.8516,156.7822,185.0546,118.795,289.7809,182.8354,139.422,135.382
2018-05-25,152.072,143.5304,137.7255,122.6213,161.5789,145.6067,127.6467,151.6855,141.8392,156.8564,187.7569,120.0123,290.3964,184.298,140.5588,135.3625
2018-05-28,153.8715,144.1766,137.8036,122.8804,162.6064,145.6885,127.8497,151.9516,141.9799,156.8193,190.0177,120.4009,296.5044,186.2898,140.8197,135.4234
2018-05-29,152.3472,143.1058,137.6998,122.6282,162.0656,144.5911,127.2069,151.4285,140.8903,157.0278,187.6959,120.8029,296.1421,185.1323,140.5443,135.4027
2018-05-30,153.7018,143.4897,137.7123,123.024,163.6761,146.0427,128.0077,151.2721,140.5411,156.9141,186.8817,121.3708,296.622,186.1123,140.539,135.4317
2018-05-31,153.3018,143.156,137.9239,122.9876,163.028,146.1548,127.3873,150.9614,140.4829,156.857,186.4779,122.9254,293.2853,184.8741,141.1699,135.4995
2018-06-01,150.587,144.2863,138.1843,123.2108,162.9809,146.8793,128.2107,151.2453,140.213,156.7718,187.6533,122.4081,294.0105,184.8504,140.8475,135.5242
2018-06-04,150.1172,144.393,138.2878,123.2207,162.5214,147.1133,128.0054,151.3558,139.6499,156.0554,187.919,121.2437,290.6576,187.4525,141.3683,135.5932
2018-06-05,148.0684,142.7651,139.4013,123.9992,161.7032,146.5488,128.4015,151.9039,139.9148,156.9153,188.2243,121.0454,292.143,187.3396,141.0641,135.6535
2018-06-06,145.7997,141.5584,139.2866,123.5233,160.07,145.2276,127.3765,151.0424,138.1649,156.1142,187.6936,123.292,292.897,184.3103,141.0482,135.6739
2018-06-07,148.8651,142.0267,138.7579,122.8055,159.9687,145.1297,126.9929,151.3131,137.7541,154.9799,188.4624,123.4021,294.1491,187.6246,140.5225,135.6742
2018-06-08,148.3486,141.9969,138.6328,122.491,159.5903,145.1756,127.7141,151.4667,137.0743,154.902,187.9018,123.4805,296.1073,186.0145,140.0086,135.7047
2018-06-11,147.3104,141.8847,138.4622,122.125,158.9361,145.0277,127.6004,151.3059,136.8833,154.9067,188.7503,122.0178,294.6061,184.2584,140.5466,135.8187
2018-06-12,149.5117,142.9389,138.2999,121.7151,159.7708,145.5659,127.2604,151.4842,136.227,154.9858,188.8013,121.9594,295.0761,188.9907,140.8228,135.8812
2018-06-13,148.9925,143.354,138.3558,121.1409,158.3828,144.5606,126.6448,151.0111,135.3466,154.9022,189.421,122.1355,293.515,192.38,140.783,135.8734
2018-06-14,147.8881,141.5612,137.7808,120.4723,156.6465,143.7983,126.3185,151.4653,135.5003,154.3094,189.8874,122.4407,290.8928,190.0438,138.9532,135.8199
2018-06-15,150.9683,143.6981,137.4864,120.8329,157.0521,145.0632,127.5073,151.6217,137.082,154.6917,190.8236,122.9639,293.0515,191.1762,140.2089,135.8585
2018-06-18,147.4978,141.7825,137.3703,120.5306,155.2694,145.1513,127.2997,151.4245,136.7382,155.5362,190.6615,121.188,292.7759,187.6375,139.5764,135.873
2018-06-19,149.3519,143.4165,137.8975,121.6062,157.8585,146.0385,128.3353,152.3863,138.1096,155.6807,191.9898,121.2954,296.2306,190.7424,139.7826,135.7669
2018-06-20,151.7566,144.7209,138.0122,120.9319,157.6697,145.9137,128.148,152.3924,138.1033,156.4593,190.8896,121.9757,296.3513,192.5511,140.2917,135.82
2018-06-21,151.409,142.8093,139.026,121.5879,157.8123,145.8939,128.0802,153.7248,138.3721,156.944,192.0891,122.6698,297.3502,195.5981,139.4234,135.7338
2018-06-22,151.08,141.9713,139.1402,121.8151,158.8238,145.7417,127.7818,153.5343,138.1204,157.0874,190.2947,123.3124,296.6262,194.282,139.0429,135.7355
2018-06-25,150.2313,140.6728,139.5317,122.3396,159.3647,146.3182,127.5598,153.7021,138.2,157.2601,190.7659,123.6029,297.6425,194.9205,138.0076,135.7134
2018-06-26,149.2138,140.1968,139.6337,122.5066,158.4514,146.9979,128.7263,154.5074,138.0834,157.1242,190.0354,123.4388,296.2061,193.05,138.4638,135.7211
2018-06-27,147.7152,139.3195,140.2576,123.1939,159.2725,147.1681,129.0574,155.1995,138.1018,158.2438,190.5555,123.9957,300.1608,193.9141,137.8112,135.8394
2018-06-28,147.3544,139.0278,140.4715,123.4409,159.0147,147.6772,128.7302,154.8703,137.2869,158.1772,189.6608,124.8413,298.0561,195.9029,138.6148,135.8572
2018-06-29,147.8243,139.5769,141.1695,124.1864,159.796,148.4375,129.8458,155.6704,137.7595,158.2554,191.2693,124.3876,299.9848,196.4812,139.7854,135.9388
2018-07-02,146.8168,137.6597,140.773,123.7045,158.4896,148.1304,129.8386,155.476,135.9821,157.7033,190.0898,122.9459,298.1868,196.5386,139.7501,135.9848
2018-07-03,147.4203,137.5167,141.0361,124.0725,158.6285,147.674,129.5848,155.3682,135.8366,157.8841,190.2241,125.1259,300.8574,199.6753,139.3858,135.9229
2018-07-04,144.6711,135.8709,141.1625,123.8293,156.4309,145.7956,128.2806,155.0071,134.2949,157.2853,189.5037,125.4874,302.9518,200.3487,138.8808,135.9691
2018-07-05,148.2045,137.1389,141.5329,124.7595,157.3164,146.7101,129.4204,155.2504,135.7651,158.0033,191.2417,126.3079,305.3766,205.4048,140.0964,136.0391
2018-07-06,150.2939,138.1439,142.4639,125.1588,156.6159,146.8701,129.7084,155.7841,136.3388,158.1619,193.7247,126.8383,309.1343,209.2001,141.7424,136.0253
2018-07-09,152.7447,140.6116,142.4764,125.0804,156.5658,147.7204,130.5187,155.8148,137.1821,158.6153,196.673,127.7995,310.8303,214.1705,142.2752,136.0159
2018-07-10,155.2137,141.9602,142.699,125.6395,158.0563,149.2135,131.058,156.8877,139.5098,159.17,199.9049,125.6518,314.6161,217.9023,141.678,136.0633
2018-07-11,153.2852,140.8061,144.1017,126.8806,157.4802,149.6221,131.4534,157.5824,139.4074,159.4046,200.4962,127.9243,317.0602,218.2039,142.3873,136.0146
2018-07-12,156.4031,142.1813,144.2778,127.132,158.9886,151.3887,132.1196,157.9277,139.3863,160.0141,199.6098,128.8178,316.8015,222.1156,143.7582,136.0303
2018-07-13,157.3653,143.1203,144.2511,127.4056,160.7085,151.1641,131.8792,157.8127,139.7399,160.4052,199.6102,128.8844,319.1859,223.8983,143.9019,136.0482
2018-07-16,158.0029,142.8957,145.093,128.0165,161.0395,150.1011,130.9935,157.6247,140.987,160.6008,200.7405,127.3684,319.3101,223.7235,145.034,136.1226
2018-07-17,160.6922,145.938,144.6125,127.8992,163.0367,150.0438,131.5735,157.7204,141.3148,161.118,200.919,128.6444,319.621,229.6666,145.4217,136.1109
2018-07-18,159.4383,144.1638,143.7215,126.2921,159.9106,147.4842,129.5157,156.6371,139.8522,159.6522,201.8307,127.5996,311.8805,228.8901,145.247,136.1797
2018-07-19,159.5962,143.6887,143.9191,126.4574,158.5902,147.802,129.4814,156.9648,139.4911,159.0124,199.8628,128.0111,313.4635,229.9911,145.2443,136.2394
2018-07-20,161.826,144.8928,144.4628,126.4952,160.0003,148.6812,129.7998,158.074,139.7721,159.1685,200.2204,128.8792,312.8156,234.7573,144.9431,136.2402
2018-07-23,162.5325,144.3311,143.8736,126.0737,159.1513,149.3023,130.0035,157.8785,139.4381,157.9778,199.9973,129.0065,305.7331,235.7502,144.25,136.28
2018-07-24,161.5443,143.5339,144.6831,126.755,160.6924,150.6152,130.0772,159.0789,139.2934,158.471,199.8069,126.2183,308.7366,237.0843,144.2437,136.2974
2018-07-25,158.6844,142.0879,144.9768,127.3431,160.3325,150.8638,131.1685,159.3392,138.4736,158.4514,198.5229,125.6892,305.787,235.1762,144.4727,136.4147
2018-07-26,162.4273,143.1029,144.7748,127.2906,159.8607,150.762,131.2639,159.2576,138.6641,157.9751,199.2642,127.194,309.9073,240.3632,144.9074,136.5087
2018-07-27,161.2998,142.3867,144.3863,126.7179,159.2945,150.6866,131.2523,159.2889,138.4599,157.4971,198.728,127.0608,305.765,234.6431,144.7919,136.5256
2018-07-30,162.4617,145.8001,144.6195,127.4535,163.5197,151.7365,132.64,159.7932,140.1637,158.8374,199.468,126.7535,309.0653,235.1068,144.7531,136.5473
2018-07-31,163.5103,146.8378,144.6184,127.9778,164.8,153.2546,133.0437,160.6493,141.9398,158.7697,200.147,126.5324,307.1714,234.1866,144.9573,136.6382
2018-08-01,165.7445,147.7214,145.3084,128.7233,164.9126,153.915,133.8424,161.1122,143.9375,159.288,201.9518,127.0727,309.032,234.4361,145.8881,136.694
2018-08-02,165.0974,147.2497,146.0422,129.0978,163.6786,153.5706,134.4749,161.9773,143.8621,158.5951,202.1982,126.8065,312.182,233.8061,146.0829,136.8077
2018-08-03,165.8231,148.1804,146.5069,128.9086,163.6968,152.7174,133.7201,163.1439,143.8699,158.0476,204.1491,126.5654,313.5074,239.1565,146.0629,136.9183
2018-08-06,168.325,149.711,147.2193,129.9061,166.407,153.4774,135.0911,164.1401,145.2196,158.3313,205.9549,126.53,315.9305,242.5812,146.3508,136.9004
2018-08-07,166.5962,148.609,147.4317,129.3198,164.5063,152.0593,134.2051,163.3233,143.5752,158.5306,204.7824,127.4343,316.337,243.0615,146.1076,136.9461
2018-08-08,168.8054,150.2669,147.4955,129.3721,164.4376,151.7164,134.0989,163.4087,144.608,158.2568,206.4986,128.5369,317.4926,246.2974,146.5027,137.0876
2018-08-09,169.412,150.7534,147.3898,129.9412,165.0257,152.3419,134.5033,163.2109,145.1904,158.5247,207.8256,128.1234,317.637,248.1281,147.4978,137.185
2018-08-10,170.6094,151.6068,147.1351,130.0305,164.8582,154.0934,135.6631,163.4879,146.1334,158.3445,206.9413,127.4618,319.5424,245.5129,147.2049,137.2303
2018-08-13,173.9332,152.8217,146.5854,129.0468,165.282,154.3038,135.9994,163.7309,145.3087,158.7638,206.9942,129.1271,321.4279,251.2233,146.2231,137.2307
2018-08-14,174.7926,154.0059,146.8634,129.7249,167.1591,154.6667,136.5599,163.9783,145.5846,159.5121,208.1898,129.3947,323.7798,256.4765,146.6264,137.2282
2018-08-15,175.5952,154.3822,147.8262,130.1044,166.2299,155.0728,136.948,164.7559,146.5134,160.5014,211.6079,129.4069,326.1708,259.1635,148.1222,137.2576
2018-08-16,176.3713,154.7025,146.9834,129.5082,166.278,154.7605,136.7427,164.2578,145.5766,159.7706,210.2505,128.9791,330.0,258.1114,147.5678,137.2969
2018-08-17,176.878,154.6168,146.6971,129.243,167.4943,155.5221,137.3773,164.532,145.9011,160.0421,209.4936,126.2445,329.0708,255.3988,146.9994,137.2971
2018-08-20,175.4928,154.0691,146.7409,129.2035,166.1601,155.8129,137.0166,164.0773,146.0649,159.685,208.3083,125.6731,329.1087,253.0437,146.2437,137.3146
2018-08-21,178.0965,155.7504,146.9921,129.439,168.8339,158.0774,137.9292,165.1592,147.9536,161.5258,208.0611,125.4554,326.3591,253.4816,146.5667,137.3258
2018-08-22,180.501,157.5053,147.013,129.0319,168.6907,158.2287,137.3796,164.9723,148.0188,161.004,207.8491,126.8906,327.4915,255.592,146.8824,137.3124
2018-08-23,179.0373,156.0204,147.3213,129.7152,169.9332,158.8509,138.0349,165.2995,148.361,161.3398,207.5474,128.6992,323.0076,250.7659,147.0139,137.2642
2018-08-24,181.1882,156.6397,147.638,130.297,171.2661,159.6164,137.8647,165.1893,149.2572,161.4865,209.2985,127.1366,326.9454,254.9509,147.001,137.3348
2018-08-27,186.9287,160.4864,148.1333,130.7555,172.8911,161.3821,138.9288,165.7676,150.5384,162.2065,212.5569,129.5879,330.2838,262.7067,149.242,137.2712
2018-08-28,188.4247,161.1477,148.3576,131.0214,174.1212,162.2195,139.2598,166.445,151.2392,162.8372,212.3076,130.6122,328.8593,264.2461,149.6146,137.3053
2018-08-29,188.17,161.9223,148.2143,130.4882,174.3251,161.6383,138.9983,166.01,149.7386,162.6121,211.5153,127.4681,330.3892,267.2352,150.0349,137.3676
2018-08-30,189.2123,163.4251,149.3208,131.1061,172.9682,160.8221,138.865,166.1694,150.9396,162.6523,213.153,128.9366,334.5752,274.236,149.8729,137.2917
2018-08-31,186.0705,161.504,149.3017,131.0894,172.4915,160.0905,138.7917,165.3276,149.8128,162.653,210.685,127.6184,333.3978,268.9398,149.6255,137.2596
2018-09-03,187.564,163.3379,149.7482,131.9148,174.1762,161.0339,140.0616,166.2454,151.0616,163.4658,213.0979,126.8289,338.824,275.7209,149.2614,137.3437
2018-09-04,184.0838,161.5204,149.796,132.0608,173.3281,160.8177,140.4225,166.9151,150.5274,162.6568,212.745,126.166,335.0711,273.5099,148.1758,137.3825
2018-09-05,188.9421,165.3135,150.0192,131.8431,174.9099,162.3771,140.8903,167.9182,150.4594,162.4073,212.9847,130.1796,340.1978,277.8235,149.3314,137.4629
2018-09-06,190.5965,164.0392,150.3147,132.2182,176.0374,163.2189,141.1812,168.0655,151.5875,162.6322,212.0124,129.386,338.3556,274.9779,148.4659,137.5302
2018-09-07,189.9325,162.9954,150.3778,132.5422,177.3884,162.9693,140.9688,168.003,151.4253,162.305,211.5513,130.1865,337.3817,271.7234,148.2229,137.55
2018-09-10,189.8386,162.9956,150.8786,132.439,177.8219,163.3205,141.4604,168.9544,150.7004,162.6698,212.4709,129.5559,337.7523,271.5937,149.4984,137.5455
2018-09-11,189.0095,163.0735,150.8483,132.6411,177.7937,163.5549,141.6524,168.803,150.8491,162.4649,212.6539,129.0456,335.0832,272.1379,149.4856,137.5883
2018-09-12,187.0445,162.2476,151.2549,132.3208,177.4555,163.4006,141.1875,169.3862,149.9813,162.1692,214.0674,127.2799,334.5186,273.5366,148.8217,137.6724
2018-09-13,187.9045,162.5446,150.7024,131.7787,177.9469,162.8227,140.9084,169.1608,149.6134,162.0653,212.881,125.9445,334.8856,272.3571,148.8723,137.7907
2018-09-14,187.7147,164.6629,150.5377,131.4411,177.4378,161.6879,139.8908,168.5695,149.9001,161.5613,213.6276,126.476,337.7834,271.2633,149.6149,137.6995
2018-09-17,190.7647,167.4768,150.3179,131.0677,177.2688,162.2425,140.4261,169.153,151.0686,161.3118,215.817,126.4732,342.8827,274.5122,149.3387,137.6444
2018-09-18,194.6134,169.7923,150.1495,131.1194,176.8286,161.4701,139.7293,168.7416,152.6268,161.4797,219.1625,126.5909,344.8603,279.5174,151.5603,137.6702
2018-09-19,191.8288,167.6089,150.9752,131.8215,176.4354,161.5545,139.4161,169.3548,152.3782,161.5559,218.5991,125.5685,347.5285,275.1557,152.3513,137.7137
2018-09-20,191.7885,167.8552,150.7004,131.4054,175.7087,161.1633,138.6295,168.6807,152.2047,161.0868,218.6799,124.6552,346.5147,272.1829,153.4758,137.7222
2018-09-21,191.0507,167.5436,149.9763,130.8862,175.9353,160.8061,138.7716,168.435,151.6957,161.3575,218.1426,122.358,346.4604,271.4706,152.9427,137.7224
2018-09-24,185.5264,165.0851,149.6103,130.825,175.1188,160.6058,138.4497,168.2545,150.3963,160.675,216.0638,119.737,341.2136,264.2937,153.148,137.7063
2018-09-25,183.4598,163.5309,149.6041,131.1907,175.0728,161.9976,139.5492,168.648,150.5533,161.1103,214.838,119.8797,344.3185,259.5866,151.3105,137.6997
2018-09-26,182.6413,163.4651,149.244,130.7344,173.952,162.0293,140.1541,168.4221,149.8251,161.3486,213.265,120.6868,344.8987,256.1877,151.5048,137.6274
2018-09-27,182.4995,162.4252,148.8907,130.0978,171.5065,161.3225,139.2881,167.8102,149.1671,160.0301,212.6327,119.3126,344.0494,256.006,150.9632,137.7089
2018-09-28,181.8483,163.4071,149.2979,130.0349,172.4467,161.2003,138.3913,167.8371,148.8909,160.3684,211.9058,118.4215,340.2645,259.1024,151.5107,137.75
2018-10-01,183.7696,164.1737,148.899,130.579,173.62,162.286,139.8614,167.2323,148.719,160.374,211.3993,118.756,339.9919,260.6458,152.6302,137.7393
2018-10-02,188.0889,164.9378,147.8229,129.9302,175.6686,162.5844,138.5483,167.0762,149.8727,160.177,211.1043,121.3823,340.3901,257.4764,151.9368,137.7545
2018-10-03,186.2453,165.2024,147.6977,129.5781,175.4408,161.237,138.2157,166.5466,148.7963,159.4019,211.2021,120.8849,341.3368,255.7604,152.0052,137.7394
2018-10-04,186.0517,164.199,148.3078,130.108,174.7285,161.4224,138.4215,166.4965,147.7781,159.418,211.2759,120.1637,345.9047,260.1056,152.5149,137.7891
2018-10-05,190.934,167.3731,148.8914,130.2066,175.5859,162.4407,138.7475,167.3709,148.697,159.5884,214.9435,123.2008,351.4408,267.0359,153.4022,137.8748
2018-10-08,192.5837,167.57,150.1337,131.5339,177.2865,162.1413,139.1075,167.6429,149.2483,160.1555,215.7347,123.2911,356.8236,273.342,154.0238,137.8709
2018-10-09,193.3272,168.8022,149.8457,131.0339,178.2634,162.4604,138.5895,167.9945,149.3994,160.2765,215.8413,122.5885,356.585,273.4898,153.9844,137.9062
2018-10-10,193.6958,168.2571,149.7114,130.6635,177.9494,162.9755,138.4925,168.5075,149.4153,160.3263,218.5713,120.8958,349.8829,279.2069,153.7465,137.9141
2018-10-11,195.4597,169.1755,149.8195,130.7658,178.8042,163.4231,138.6795,168.8736,149.8518,160.3231,219.3649,119.7577,349.4373,282.4736,154.2329,137.9795
2018-10-12,194.4116,169.6555,149.8152,130.7731,178.5932,163.5575,139.2463,168.2156,149.4389,160.3174,217.5221,120.9981,345.1766,279.3364,154.834,138.0022
2018-10-15,196.0975,171.5972,150.5407,131.0404,178.0822,164.5514,139.5034,168.2045,149.6246,160.77,219.3858,119.7333,349.9253,287.0712,155.7732,138.0728
2018-10-16,191.7923,168.4763,150.6695,130.8348,176.0838,163.6324,137.9011,167.3609,148.3196,160.8164,217.1094,119.0934,349.295,282.4809,155.2948,138.1755
2018-10-17,191.7603,169.682,149.8693,130.5229,176.9736,163.0526,137.7282,166.4138,147.8572,160.0884,215.9593,118.7023,348.0781,280.3519,155.5532,138.1951
2018-10-18,190.8933,167.2201,149.5187,130.759,175.8158,162.9659,137.6743,165.408,147.3804,159.5619,215.2465,119.4889,348.2727,276.0227,155.283,138.1774
2018-10-19,188.9336,166.5766,147.9149,129.6216,172.1406,161.6579,137.7267,163.9189,146.8952,158.5661,213.6887,118.1481,342.4902,271.5924,154.7613,138.1849
2018-10-22,187.9606,166.6909,147.8198,129.4337,171.9446,160.3023,136.6067,162.8833,145.7264,158.0883,212.3121,119.7567,343.5863,269.6119,155.6386,138.141
2018-10-23,188.1195,165.5136,147.5094,129.187,171.7738,159.9911,135.9191,162.0243,144.8867,158.2259,213.6736,120.7936,343.6172,270.5979,155.5235,138.1706
2018-10-24,187.8437,165.1982,146.8982,128.9649,171.7834,160.0406,136.1076,161.8038,145.7179,158.2292,215.091,122.0734,341.0844,263.7037,155.577,138.2043
2018-10-25,187.4208,165.5612,147.147,129.1407,171.4296,159.7179,136.0862,161.3176,145.7759,158.3177,216.1851,123.1691,342.8863,264.4066,155.5407,138.1588
2018-10-26,186.0935,163.4746,147.2139,128.6818,168.6088,158.8899,135.5486,161.0577,144.9966,157.9897,214.6136,122.8692,338.1413,262.4239,156.1506,138.1439
2018-10-29,184.9241,162.6891,148.297,129.7705,169.4354,160.5522,136.3639,162.1204,146.3021,158.668,215.0352,122.6645,337.2442,259.4447,156.4886,138.2049
2018-10-30,182.9057,160.3513,147.6963,129.8095,169.3774,160.2374,136.1622,161.458,145.8081,158.5308,214.8966,122.4974,332.9036,256.8067,155.775,138.2883
2018-10-31,184.7127,161.6567,147.2555,128.9289,168.0719,159.6381,135.7189,160.9407,144.9675,158.1095,215.0783,124.2564,334.9429,259.7857,155.8739,138.1696
2018-11-01,187.9203,162.2542,147.0948,128.5967,167.6599,160.1774,136.0403,160.7045,145.1601,158.1972,216.3469,125.5319,339.4071,262.0441,155.2547,138.2377
2018-11-02,188.9901,162.1083,147.0785,128.5207,168.2674,160.8932,135.9478,161.068,145.4944,158.9932,217.6948,125.2167,340.3831,262.442,155.6545,138.2692
2018-11-05,187.9367,164.184,146.6085,127.3935,166.5798,158.9746,135.2156,160.4331,144.3259,157.9573,218.5393,127.985,336.7181,261.7139,156.6062,138.3057
2018-11-06,191.6763,166.6802,146.692,127.8585,167.8502,159.6173,136.9718,161.1312,146.5313,158.7662,220.096,130.3837,335.1174,265.6258,156.3384,138.2622
2018-11-07,192.8862,167.2581,147.7318,128.6238,168.2733,160.539,137.4098,162.0689,147.0657,158.0748,221.7887,130.7231,335.634,269.0977,156.9234,138.3429
2018-11-08,193.5586,167.6101,147.7438,128.6267,168.3188,160.7483,137.3757,161.6923,146.11,158.2729,221.9235,131.6783,334.7519,273.7187,157.8658,138.313
2018-11-09,191.9755,166.1875,147.8861,128.8494,167.5914,160.1522,136.5857,161.5923,145.6918,157.7348,222.4995,130.0311,331.5945,277.5854,157.6811,138.4016
2018-11-12,190.1127,166.2582,148.1899,129.3822,168.5503,160.4292,136.7723,162.3053,146.1874,157.996,222.065,131.4544,327.2137,276.7576,157.7319,138.5525
2018-11-13,188.3684,165.2705,148.1037,129.469,167.0959,159.6773,135.7304,161.2457,145.948,157.7222,223.2115,132.2751,328.8052,278.572,156.8286,138.5319
2018-11-14,190.1547,165.0521,147.8602,129.6529,167.5058,160.4079,135.897,160.8509,145.6844,157.7098,221.8514,132.5821,330.6695,281.5,156.4674,138.5374
2018-11-15,185.6026,162.53,147.9155,130.1592,168.0791,159.9238,134.9654,160.2273,145.9117,157.0093,221.3177,132.5072,325.4819,272.5079,155.3527,138.5823
2018-11-16,185.2015,161.5497,147.9142,130.34,168.209,159.7895,134.6476,160.6767,146.5817,157.3362,221.6123,133.0886,325.9023,272.7075,154.2402,138.5297
2018-11-19,186.1775,162.491,147.2693,129.7773,168.3842,159.4351,134.9073,159.8236,144.9249,156.7799,219.201,130.7278,325.6215,273.8338,155.5521,138.5497
2018-11-20,183.2409,160.8037,147.337,130.1809,168.4405,159.3331,134.8735,159.4375,143.8309,156.8348,217.2525,131.0769,326.4328,271.5346,155.1218,138.6251
2018-11-21,180.9319,160.4927,146.2279,129.6824,167.5127,159.5022,134.7508,158.5058,142.5774,156.3118,214.6605,131.0389,327.5527,268.0413,154.3167,138.5982
2018-11-22,182.3296,161.4761,146.0602,129.5284,167.1103,159.7189,134.9471,158.6721,142.8993,156.4836,215.0766,131.5512,331.1818,269.1002,154.5172,138.6006
2018-11-23,181.2271,161.3243,146.0968,129.8009,167.742,160.2595,135.1382,158.5557,142.306,156.5371,213.9312,130.4126,331.6767,270.463,154.3347,138.6278
2018-11-26,185.0914,163.1707,145.5992,129.8523,168.5595,160.4027,135.5454,158.179,143.9859,157.3053,216.7061,130.6015,334.574,273.0791,154.8771,138.6858
2018-11-27,187.7573,164.0148,145.6302,130.1337,168.7432,162.6227,137.2447,159.0003,144.975,157.927,217.9745,133.0124,335.6294,272.4385,155.4747,138.6799
2018-11-28,188.1256,165.3124,145.3073,129.8576,168.9147,161.6868,136.8237,158.789,145.2512,158.2319,218.9777,132.6143,334.2525,275.7433,155.8637,138.6079
2018-11-29,186.4765,163.1781,145.9022,130.4877,169.7782,161.7622,136.8692,159.6862,145.325,158.3529,216.3516,131.6404,333.4375,272.2037,155.3448,138.6218
2018-11-30,185.4422,164.2201,145.5649,130.2582,169.8726,161.9197,136.4404,158.9919,146.4855,158.8298,216.0511,129.5312,327.5578,271.9491,154.801,138.5435
2018-12-03,180.3861,160.3718,146.0319,130.6895,169.0917,162.1092,136.7458,158.5935,144.7555,158.649,213.5552,129.4597,320.1012,266.7707,154.4618,138.5139
2018-12-04,177.2919,160.1629,145.5553,130.4756,168.6665,161.783,136.5689,158.4989,144.4014,158.9285,211.6955,130.7143,320.1361,260.6237,154.3374,138.5324
2018-12-05,178.3342,161.2201,145.8219,130.5187,168.885,162.5879,137.5129,159.4992,145.0082,159.4006,212.4801,131.2663,319.9658,260.7637,155.0536,138.6365
2018-12-06,176.3858,159.8841,145.6325,130.3854,167.8661,161.9574,137.112,158.8455,144.5607,158.7473,211.0673,132.4939,315.1582,257.5741,154.2955,138.6535
2018-12-07,177.4284,160.2181,145.5687,130.6416,168.7051,162.0601,137.4744,158.4385,144.2101,158.976,212.5508,133.6668,319.1407,261.8506,153.6578,138.7593
2018-12-10,177.7822,160.0641,145.2136,130.7714,169.8169,162.646,137.3629,157.9827,144.2309,159.7678,212.2677,135.1762,320.7908,259.7458,154.0687,138.7255
2018-12-11,181.4211,161.5697,145.6279,130.8421,170.8859,163.1034,138.128,158.7343,144.6405,159.899,213.3102,135.4996,324.0208,265.628,153.8444,138.7918
2018-12-12,179.6795,159.1561,145.7991,130.5279,169.4264,163.1002,137.4744,158.5553,142.4127,159.1797,210.3669,135.1074,326.0563,263.2454,153.8351,138.842
2018-12-13,180.8148,159.6891,145.4527,130.2346,170.4318,163.7272,137.2785,158.3242,142.5136,159.1273,210.2368,137.545,326.1026,261.5353,152.8793,138.8897
2018-12-14,181.7829,159.953,145.4482,130.4757,171.2195,164.6891,138.5256,158.1545,142.2206,159.8669,211.0077,137.4185,321.8474,264.8309,153.9168,139.061
2018-12-17,184.8903,160.9687,145.6864,130.9093,172.5062,166.0765,139.6487,159.1467,142.431,160.8052,212.4502,139.2267,324.7513,273.8871,153.7555,139.1523
2018-12-18,183.3934,160.2951,146.2016,131.4403,172.4613,165.474,139.612,159.018,142.1958,161.2099,211.9842,138.1669,322.9122,274.4529,155.0662,139.1341
2018-12-19,181.9719,158.5811,146.5863,131.4518,171.7314,164.5886,139.4,159.2101,141.7056,161.5262,210.2323,136.6827,321.5051,275.0063,154.4999,139.1275
2018-12-20,185.3129,160.6472,146.9121,131.3595,172.5244,164.4802,139.4213,159.8721,142.5794,162.3454,212.1566,137.4409,323.8657,284.5207,154.0943,139.0695
2018-12-21,187.4999,162.5475,146.2725,130.8375,173.4046,164.6683,139.5733,159.4289,142.8227,162.3485,213.8726,136.4759,324.2768,287.1014,154.2703,139.0649
2018-12-24,187.1763,162.0435,145.0694,130.1881,173.0957,164.203,139.9646,158.0508,142.1103,162.0343,212.1422,134.8457,322.5839,282.1083,153.9454,139.0841
2018-12-25,191.5932,164.8957,144.2884,129.5608,174.2776,165.2198,140.5298,157.6615,142.0513,161.0308,213.6207,133.624,321.9276,288.6097,153.8561,139.0535
2018-12-26,192.2967,164.0455,144.7362,129.881,175.2793,164.533,140.0407,158.1381,142.0195,161.2606,213.064,132.1704,323.4876,292.524,153.5416,139.061
2018-12-27,192.6427,164.8626,144.6568,129.7324,174.9371,164.9804,140.3576,158.4788,141.0941,161.381,211.6167,133.9282,325.6368,293.409,154.6898,139.1197
2018-12-28,191.2367,164.8265,143.8057,128.8198,174.2025,164.1715,139.8457,156.9174,139.3654,160.5815,208.5919,132.476,324.7079,290.9422,153.9784,139.1182
2018-12-31,191.9158,165.341,144.4809,129.2522,173.0746,163.4883,138.9718,157.044,139.7641,160.8745,210.6755,133.5558,327.6773,298.1685,154.9886,139.25
2019-01-01,192.2877,165.953,144.7046,129.8466,174.4742,164.4327,139.9684,157.6968,139.6398,160.845,209.7549,135.9561,330.5309,299.4004,154.4332,139.2136
2019-01-02,196.2744,168.107,144.5018,129.3536,173.8944,164.365,139.481,157.8143,140.3713,159.5465,213.9155,136.7122,330.3188,306.2851,154.51,139.2438
2019-01-03,195.4852,167.6841,144.4973,129.3884,173.3662,163.5209,139.9927,158.0962,140.3692,160.0914,213.7013,135.2481,330.7701,311.1959,153.5015,139.1726
2019-01-04,195.4024,167.1815,144.3237,129.0136,172.0456,162.4209,138.9223,158.0369,140.2219,159.705,213.2799,136.1396,326.5201,309.9402,154.7521,139.1066
2019-01-07,194.9188,168.4896,144.3486,129.0167,172.3522,162.234,139.1205,158.8003,140.5762,159.837,213.4285,138.4101,328.5022,307.2076,155.2737,139.0486
2019-01-08,194.6136,168.2645,144.2577,129.1268,172.1862,162.1102,139.5671,159.007,140.4978,159.7665,211.8547,139.6524,328.7223,302.827,155.9985,139.0255
2019-01-09,196.0398,171.0348,143.6884,128.5484,172.1423,161.4856,138.9132,158.4039,141.5716,158.9864,213.3466,139.597,328.1615,301.7386,155.9874,139.0278
2019-01-10,196.5793,170.9458,143.853,128.4218,172.8444,162.196,139.3813,159.0402,140.9378,159.6532,213.6159,139.4031,327.5514,302.332,157.0642,139.1111
2019-01-11,198.002,171.0037,144.104,129.0558,174.9313,164.6177,140.4663,160.7144,142.9917,160.6626,213.2051,136.9339,325.2452,299.9451,157.1233,139.1776
2019-01-14,196.3116,169.3357,143.8751,129.154,174.2477,164.3029,140.1392,159.6413,143.0117,161.5255,213.2516,136.845,323.3777,294.918,157.8413,139.2918
2019-01-15,198.1982,170.2565,143.8795,129.0122,175.6048,163.9505,139.6168,160.4434,144.672,161.2121,213.9471,136.825,322.9368,294.3516,156.2229,139.3361
2019-01-16,203.8013,172.4632,144.0935,129.5591,177.604,164.4037,140.805,160.8037,145.8102,161.6651,215.4985,137.0245,324.6722,304.5711,156.4959,139.362
2019-01-17,203.6874,171.9439,144.4392,130.0655,178.5523,164.8315,142.0542,160.9501,145.0318,162.6889,213.2106,136.5476,327.6571,307.0108,156.465,139.3316
2019-01-18,206.753,174.7074,144.9267,130.8594,181.4639,165.7229,144.011,162.3823,146.5536,163.3313,213.4808,137.1484,331.3898,309.0982,156.8073,139.358
2019-01-21,201.7701,171.4769,144.9899,130.6129,179.3477,163.3777,142.3035,161.1492,145.5056,162.5993,212.9378,139.1252,331.561,298.7995,156.071,139.2834
2019-01-22,198.8886,170.6597,144.6906,130.1863,179.4141,162.953,142.3699,160.8938,144.2904,163.1849,211.9601,138.8287,326.791,294.1341,157.0326,139.3749
2019-01-23,197.1029,170.803,144.6865,130.5114,179.3283,162.3843,141.5616,160.5512,144.4009,162.7827,211.0564,139.9443,329.6247,292.6136,156.5169,139.4393
2019-01-24,199.0598,171.467,144.2684,130.6884,182.1937,162.7157,142.0694,160.6539,145.9951,163.0008,213.2576,139.6112,322.7721,294.126,155.5297,139.443
2019-01-25,198.6252,169.8847,144.2378,130.7749,182.3523,162.7516,141.4353,160.9556,146.5007,162.7329,212.9013,138.6479,322.6028,290.6114,154.8384,139.5059
2019-01-28,196.5322,168.8113,144.3783,131.3973,183.3305,164.4266,142.3483,161.0243,147.0651,163.7271,213.1576,136.3718,320.3797,285.7375,155.5182,139.4949
2019-01-29,194.4237,168.1203,144.1406,131.1184,182.3193,164.7772,142.7654,160.9995,146.3908,163.4125,211.466,137.9633,320.0743,278.6345,155.407,139.498
2019-01-30,195.595,166.6855,144.2497,131.3439,183.2933,163.9505,142.3859,160.6998,146.3503,163.7938,211.5837,137.235,320.4693,280.9537,154.9233,139.6449
2019-01-31,198.195,166.7176,144.6128,131.105,183.2013,162.9633,141.7358,161.2305,145.9029,163.6982,211.9011,139.5115,320.5081,287.4483,154.8685,139.6878
2019-02-01,196.5358,167.3272,144.236,130.2747,183.7006,162.7316,140.9584,160.4316,144.6463,163.0913,210.5196,138.4496,321.6669,284.2565,153.6478,139.6612
2019-02-04,197.9871,167.1429,144.3247,130.2505,183.284,162.29,140.885,160.5431,145.2218,162.6773,211.8658,137.9564,321.507,283.8169,154.0439,139.6666
2019-02-05,197.1669,165.5148,144.6,130.5545,182.1576,162.1705,141.2415,161.288,146.2249,162.7168,214.6539,137.3232,321.2511,279.9672,154.4973,139.6628
2019-02-06,198.1785,166.9022,145.1949,131.0461,183.7975,162.6726,141.7484,161.9085,147.3699,163.2817,216.4537,136.873,323.0336,280.4825,155.0448,139.6866
2019-02-07,194.6127,164.401,145.1154,130.8469,182.8562,162.7828,142.2367,161.7889,145.6074,162.9037,213.7296,137.049,320.5424,275.0394,154.2377,139.7538
2019-02-08,194.8587,163.2852,144.851,130.4078,183.2301,162.8892,142.5508,161.9091,145.1583,162.853,213.6425,135.9822,317.1125,272.172,154.1352,139.866
2019-02-11,196.6336,164.4766,145.0386,131.3344,186.1834,163.638,142.5613,162.016,146.4984,163.216,213.1687,136.7694,320.8701,271.7527,154.4116,139.8304
2019-02-12,197.9192,165.0294,145.3367,131.8076,186.2826,164.6912,143.1546,162.7892,146.7221,163.511,213.6024,137.2945,324.278,275.172,155.1547,139.9172
2019-02-13,197.5742,165.7327,145.1566,131.1389,185.4679,163.2411,141.4666,161.9601,145.78,162.7545,212.3261,137.6414,325.7989,275.6832,155.2117,139.8887
2019-02-14,192.9909,163.9963,144.7381,130.8825,184.5217,161.4839,140.7438,161.2378,144.3386,161.7743,210.3012,137.9913,322.6665,269.2502,154.9591,139.9205
2019-02-15,192.7651,164.7166,145.5342,131.4163,186.7343,162.6953,140.6833,161.8861,145.1165,162.271,211.6732,138.2801,320.222,269.5372,155.2342,139.8614
2019-02-18,193.7701,166.5284,145.4243,130.3219,185.3596,160.4183,138.7717,161.2266,145.6529,161.5672,213.0307,134.9731,320.6519,273.9266,154.2856,139.8758
2019-02-19,192.2351,167.9775,144.9249,129.3661,182.8129,159.3161,138.1025,160.4174,144.9694,160.4388,214.6512,134.0196,318.4094,276.9632,153.8342,139.8435
2019-02-20,192.551,167.9197,144.9155,129.2831,181.4161,158.8628,138.8169,160.7758,145.8858,160.5906,215.8845,131.6717,318.0531,279.1136,153.3718,139.7467
2019-02-21,192.0624,167.8956,145.0171,129.4023,182.9391,159.185,137.978,160.5868,147.0061,160.8689,215.3765,131.0678,317.4254,273.9241,152.7159,139.7314
2019-02-22,191.7297,167.4051,145.3408,130.1984,184.5016,159.4603,138.3872,161.3049,148.2218,161.278,217.2612,130.1701,318.3018,271.0278,153.4416,139.7929
2019-02-25,197.4037,170.2297,145.3791,130.2642,188.1623,160.2841,138.4057,162.0745,150.57,161.8012,220.4007,131.901,320.9914,272.9062,153.2012,139.7831
2019-02-26,196.7847,169.3851,145.952,130.8347,188.7378,159.3489,137.7253,162.0751,151.23,162.1998,220.7495,130.9344,322.0923,272.847,153.5801,139.6946
2019-02-27,194.7314,169.0231,146.2895,131.0845,188.851,158.9799,136.9569,161.7091,151.2834,162.7135,221.7271,129.2187,320.456,275.121,153.6489,139.7195
2019-02-28,195.3323,170.0908,145.5666,130.8146,189.8142,159.2412,136.9208,161.5798,152.8195,162.6091,220.8079,127.9826,319.8822,267.613,153.6751,139.713
2019-03-01,201.7312,172.8874,144.6672,129.8763,188.9605,158.8449,136.7826,161.2299,152.997,162.3237,221.9684,129.5905,324.5625,277.0462,153.2904,139.7524
2019-03-04,197.1345,170.4165,145.0789,130.219,187.1342,157.8454,136.3359,161.1312,152.4794,162.0916,221.8325,128.0114,322.5761,274.7834,153.236,139.7426
2019-03-05,196.6,170.9726,146.071,130.9228,188.2227,158.8585,137.2272,162.6447,152.2226,162.4549,220.7566,129.4058,327.6478,276.6345,153.115,139.7556
2019-03-06,196.6361,170.652,146.3848,131.2401,188.402,158.8748,137.1752,162.6462,152.3503,162.5066,220.6068,129.7062,326.7073,278.5775,152.9739,139.8618
2019-03-07,198.2491,170.55,146.1093,130.7941,188.1127,159.8292,136.9554,162.2181,150.9873,161.7847,219.2474,128.878,323.3451,285.7265,152.2011,139.8937
2019-03-08,199.5704,170.8105,146.0346,130.6836,187.9355,160.1486,137.4457,162.2025,150.4378,160.6682,218.4073,130.1373,322.3731,286.2184,151.8463,139.9337
2019-03-11,200.2973,171.1858,146.3149,130.2932,186.7903,159.144,136.6901,162.7243,150.3418,160.1311,218.4512,130.3436,323.6522,284.503,153.0682,139.9809
2019-03-12,198.8498,170.2755,146.0196,129.642,185.8008,157.9393,136.1447,162.7939,149.0836,159.9521,215.7268,130.4179,321.7008,285.9099,152.053,139.9063
2019-03-13,199.3148,170.9867,146.177,129.4361,186.0949,156.4119,135.2195,162.0802,149.5046,159.8655,215.9918,130.6086,323.7056,282.7322,152.3789,139.9786
2019-03-14,200.5009,172.1071,145.8154,129.2004,186.8873,156.8026,134.8359,161.5001,149.0273,159.3969,216.6221,130.4754,326.4786,283.6778,152.4885,140.0232
2019-03-15,203.7554,174.3665,145.3161,128.5805,186.8467,157.2682,134.8141,161.7944,149.4645,159.1157,217.0118,130.2083,326.4666,285.6993,153.367,139.9889
2019-03-18,202.4169,171.8108,145.4046,128.4255,185.0367,156.6658,134.3056,161.8538,148.0944,158.453,215.4256,130.6194,326.5496,284.5441,153.1926,140.1266
2019-03-19,205.738,173.2314,145.6595,128.6434,185.6907,157.4419,134.8251,162.2732,148.7494,159.3946,215.9918,130.331,331.18,290.5317,153.6264,140.125
2019-03-20,205.9657,174.1362,145.0669,128.1622,187.365,157.2362,134.4549,162.3193,148.7342,159.0878,215.8944,128.4146,333.5415,288.9571,152.5649,140.1901
2019-03-21,205.883,174.7332,144.7763,128.3362,187.2391,158.2342,134.9933,162.0396,149.6372,159.1898,216.0001,130.2164,331.2778,284.4153,152.9482,140.173
2019-03-22,207.0547,175.3746,144.9671,128.5948,187.6891,158.7371,135.3132,162.2479,150.3236,159.6557,215.9842,130.2828,331.0162,286.941,152.9106,140.2481
2019-03-25,208.7976,176.0204,145.2289,128.3311,186.859,158.1322,134.649,161.8086,149.53,159.3848,217.2471,131.5819,332.4484,291.8452,153.8619,140.1651
2019-03-26,208.3498,178.683,144.9788,128.2525,185.9356,159.307,135.05,161.4776,150.0798,159.1246,220.437,132.4896,336.8917,294.5725,153.1167,140.1753
2019-03-27,205.1963,177.8022,144.9661,127.9185,187.8724,158.2308,133.8708,161.7321,149.1513,159.5223,218.2973,131.0553,336.058,288.654,153.2159,140.2679
2019-03-28,201.5734,177.5204,145.7101,128.4473,188.0684,158.3937,134.3851,162.408,149.302,159.4741,219.9921,129.324,332.5081,289.0809,153.1433,140.339
2019-03-29,200.5156,177.0755,145.4759,129.0821,189.8825,159.0896,134.7203,162.7152,149.3823,159.2134,218.4141,129.7642,332.5188,286.2457,152.9761,140.3162
2019-04-01,204.1239,178.5707,144.6592,128.0846,187.7143,158.7929,134.9131,163.1821,150.1205,158.1303,221.0839,128.8912,331.7016,291.1527,152.4112,140.3508
2019-04-02,204.9939,178.0423,145.0762,127.8579,185.9307,158.5298,134.9854,163.2567,149.4903,157.6908,221.2526,129.0618,331.6678,295.109,152.188,140.3723
2019-04-03,206.6779,179.4207,144.7443,127.4547,187.4765,159.1346,135.4695,163.8174,149.1353,157.2848,221.0048,129.8575,331.9422,296.9266,151.1631,140.4038
2019-04-04,208.8399,179.4718,144.5123,127.5349,188.6075,160.0193,135.9387,164.3958,150.3944,157.626,223.0668,130.2626,334.9047,289.9792,152.0379,140.4834
2019-04-05,208.2082,178.5276,143.8969,127.3629,188.3181,160.489,135.9758,164.7114,149.9889,157.0237,220.6496,129.96,334.0155,286.9896,151.6549,140.4101
2019-04-08,210.3989,180.6816,144.0831,127.782,189.8148,160.9038,136.9084,164.9205,150.4507,157.1948,220.742,131.5979,337.1395,287.4732,152.5933,140.4659
2019-04-09,208.5689,180.5221,144.3478,127.5333,189.2773,161.1233,136.8526,165.1097,149.112,156.7331,219.5279,130.535,337.059,287.9121,152.481,140.4903
2019-04-10,206.3655,179.6272,145.038,128.1092,189.0793,160.9611,137.2456,165.3358,148.6792,157.0181,220.2859,132.9823,338.3558,288.5106,152.0358,140.5653
2019-04-11,207.4404,178.5636,145.0545,128.3679,188.4198,161.6807,138.2349,165.6812,149.3969,157.3933,218.8908,132.0945,339.6005,285.4634,152.0426,140.6248
2019-04-12,207.2887,177.9046,145.5972,128.8076,190.332,162.1692,137.9379,166.675,150.5396,158.1638,219.3865,131.534,338.5713,285.1715,151.4979,140.6074
2019-04-15,211.6501,178.041,145.554,128.9058,190.3202,161.8576,137.7898,166.472,151.2968,158.8895,221.295,133.4428,337.7812,291.463,152.3567,140.6788
2019-04-16,209.9835,177.396,145.053,129.2347,191.6842,162.7795,138.2225,165.8293,151.896,159.5155,218.3911,133.7005,335.9659,282.3232,152.3845,140.665
2019-04-17,210.9394,177.6132,145.1174,129.1295,192.2483,162.5819,138.6378,166.4879,152.5181,160.1712,218.003,133.8302,332.8161,282.3105,152.5413,140.612
2019-04-18,213.7475,180.0113,144.61,128.8237,194.1434,163.6594,139.8216,167.058,153.1485,160.508,218.3862,135.2723,334.2152,282.5762,151.9341,140.5849
2019-04-19,215.73,180.0725,143.9944,128.5934,194.6936,163.1649,139.7646,166.4477,153.5195,160.2803,216.9745,134.8825,335.4117,279.9369,151.6731,140.5022
2019-04-22,213.2857,179.0408,144.5772,128.9169,192.3901,162.4937,139.8181,166.0028,152.5714,160.1642,217.5272,137.4606,336.6486,278.6605,152.7804,140.5439
2019-04-23,208.2554,175.5491,143.8538,128.4711,189.9954,160.9716,138.5592,164.569,150.8583,159.7905,214.9663,138.1566,334.3306,270.5512,152.6149,140.5964
2019-04-24,207.1889,176.2622,143.4993,128.3019,193.3439,161.1538,137.4761,164.0135,151.1221,159.9791,213.4046,135.6974,330.5893,265.8653,152.5463,140.6387
2019-04-25,204.4308,172.963,143.143,127.5548,191.1014,159.5271,135.86,163.5387,149.6124,158.7077,211.1232,134.9138,328.988,260.2449,151.6768,140.6886
2019-04-26,204.4485,171.2195,143.4736,127.6695,192.9213,159.9977,135.8166,164.4826,149.7324,159.3109,210.7603,133.041,323.8903,260.9758,151.3218,140.596
2019-04-29,201.5645,169.6982,143.2179,127.4987,191.0889,159.945,135.7831,164.2342,148.3993,158.6203,207.7863,132.157,323.6515,258.9821,150.6675,140.6011
2019-04-30,199.6623,169.4833,142.6634,127.1343,189.3437,159.2051,134.6516,163.0209,147.621,157.736,207.4014,132.9248,325.7637,257.4545,150.2417,140.513
2019-05-01,195.9752,165.4782,142.4605,127.6753,190.2109,160.444,135.3168,162.9344,147.0033,157.9849,205.7215,133.879,319.8927,248.3807,149.8537,140.5595
2019-05-02,194.0192,164.4566,142.6071,127.7369,190.5173,160.6772,134.6319,162.4738,146.7125,158.163,205.2184,134.8147,319.0089,245.6068,149.1981,140.5481
2019-05-03,195.0845,164.8368,143.0194,127.9258,191.1423,160.545,134.9822,162.9763,146.3951,158.8057,205.5568,134.1351,321.8673,250.7109,149.3578,140.606
2019-05-06,193.1272,165.8025,143.1474,127.941,191.101,160.2894,134.9825,163.4207,145.893,158.9613,206.8782,134.9402,322.9531,254.5855,149.0523,140.5625
2019-05-07,200.6786,170.6095,142.7062,127.7468,193.9103,161.9087,136.0603,164.649,148.3157,160.0731,209.9161,135.4018,327.1064,259.5468,150.5034,140.54
2019-05-08,197.8032,169.5417,142.6961,127.6331,191.9558,162.305,136.1175,165.2834,148.4444,159.5793,210.3701,135.812,325.7992,253.973,150.4882,140.5231
2019-05-09,194.7927,168.6511,142.703,127.6216,191.9531,162.6143,135.7365,165.0359,148.0018,159.4088,209.3345,134.9463,326.6811,249.4048,149.6675,140.5958
2019-05-10,193.7876,168.7471,141.7338,127.1624,192.8273,162.4912,135.886,164.8917,147.0517,159.1254,207.1117,137.2855,324.0836,245.2959,149.5269,140.5953
2019-05-13,192.8058,168.1614,141.1837,126.6446,192.6443,162.0543,135.9033,164.4285,146.2982,159.2743,205.5887,136.8487,320.0708,242.4368,149.7875,140.6624
2019-05-14,196.5333,169.2095,140.853,126.856,193.8908,163.1922,136.4524,164.7674,147.7939,159.1468,206.696,136.9719,323.4074,241.8837,149.7957,140.704
2019-05-15,197.3703,170.7518,140.853,126.981,195.077,162.9034,135.9371,163.8516,148.5347,159.9448,206.3473,136.8058,322.0681,245.4263,149.6138,140.727
2019-05-16,200.9147,173.3849,140.5419,126.9192,198.894,164.7843,136.7061,164.9804,149.9431,160.8491,207.3966,134.6128,324.255,245.5014,150.2685,140.6833
2019-05-17,198.3738,171.5877,140.4757,125.919,195.8256,162.2082,134.9141,164.5704,148.5604,160.4404,207.014,134.1385,317.7543,244.4393,151.204,140.6813
2019-05-20,200.4716,171.2929,140.874,126.8068,198.0287,164.0064,135.9438,165.6903,149.7584,160.6424,208.5898,133.1539,314.5365,246.2873,152.1007,140.642
2019-05-21,199.9205,169.7715,140.2652,125.7005,197.471,162.6469,134.7453,165.4598,147.9772,159.9463,205.3668,130.6739,316.729,243.7264,151.018,140.6737
2019-05-22,199.421,168.256,140.5411,125.2628,196.6203,161.1757,133.6081,165.0357,147.0177,159.9161,207.1336,131.777,316.9221,242.7752,151.3374,140.6822
2019-05-23,202.0783,171.5541,140.8097,125.6625,197.779,161.5322,134.8753,166.1869,148.4533,159.8202,208.4551,133.8574,317.598,247.8137,151.1565,140.629
2019-05-24,204.4598,171.5635,141.1842,125.9824,197.6872,161.5535,135.3166,166.134,148.8572,159.8566,208.7614,132.9598,317.9269,251.2376,151.5844,140.5381
2019-05-27,200.6299,169.1341,141.2013,125.9107,194.4156,160.878,134.3756,164.8114,147.7426,159.2831,207.8009,133.3597,316.8679,250.5051,150.4153,140.6188
2019-05-28,202.1439,169.0471,141.0175,125.9845,196.0855,160.7473,134.2178,164.3289,147.4193,159.8123,209.0185,134.2574,317.6155,252.1589,150.9975,140.6004
2019-05-29,198.2051,167.6217,141.3507,125.6574,195.6862,160.3721,134.3855,164.4462,145.726,159.4821,206.3716,133.0992,313.3246,247.3125,150.9472,140.63
2019-05-30,194.0789,164.6545,140.4773,124.7959,193.2984,158.5891,132.842,162.5327,143.8732,158.3306,204.7605,131.2402,307.4765,241.9665,150.5061,140.6886
2019-05-31,195.0154,164.6619,140.4195,124.4495,192.2914,158.4157,132.6306,162.7868,142.9133,157.3569,202.8309,133.0471,308.4111,244.2058,149.5717,140.7069
2019-06-03,192.086,161.7937,140.9356,125.0125,191.5355,158.8463,132.2988,162.9517,142.992,157.7541,201.8751,131.5787,306.6638,241.7814,149.1901,140.6516
2019-06-04,194.7755,164.0852,141.4818,125.7506,194.2952,160.0933,133.7658,163.651,143.9057,158.9611,203.5684,132.9212,310.6622,244.5517,150.2846,140.685
2019-06-05,194.7622,162.9736,141.6747,126.0823,194.0465,161.0361,134.6775,163.939,144.2104,159.0202,203.0351,131.7155,312.505,241.6169,150.0499,140.7363
2019-06-06,195.4877,164.1329,142.4532,127.1472,195.195,162.3018,135.7756,164.3744,145.8985,159.9195,206.5827,131.6246,311.3979,245.6228,150.9024,140.7354
2019-06-07,194.1399,164.026,142.6006,126.7951,194.2344,161.6485,135.0504,164.1688,144.9132,159.7345,206.0407,131.3298,313.1432,245.9302,150.9622,140.7462
2019-06-10,191.9329,164.3106,142.1862,126.6577,194.9739,161.8365,135.358,164.3143,145.3145,160.1008,203.8817,129.7559,311.5259,239.475,151.1409,140.7218
2019-06-11,194.5527,165.3385,142.4795,127.4371,198.348,164.3413,136.9151,165.521,146.5417,161.2745,203.9823,129.436,311.7159,242.4809,150.9931,140.8126
2019-06-12,196.6506,165.5411,143.1502,127.6337,198.0751,163.8854,136.3054,165.8902,146.9938,161.0221,204.1818,128.8774,314.4236,243.9789,151.9172,140.8866
2019-06-13,197.104,166.2727,143.414,128.1826,200.1644,164.3845,136.7387,166.1095,148.4394,161.5137,206.9506,129.9251,315.118,243.4084,151.3316,140.9088
2019-06-14,193.235,164.1819,142.9215,127.7605,199.4842,163.7486,135.753,165.2565,147.6354,160.7147,205.2306,128.5245,308.8497,236.2027,151.0857,140.9084
2019-06-17,188.7102,161.2358,142.7246,127.8786,199.2093,163.5479,135.8207,165.229,147.3401,160.3266,203.5302,128.5079,304.5427,229.0705,149.1736,140.9174
2019-06-18,191.6837,161.8948,142.2378,127.6026,200.6394,163.9296,136.1652,165.543,148.1598,160.0649,205.1412,128.4379,304.289,227.5119,149.3999,140.9798
2019-06-19,188.422,160.4788,142.3099,127.5223,198.8138,162.6457,135.887,165.4794,147.3092,159.9383,203.3057,129.0178,304.695,223.8218,149.4495,141.0579
2019-06-20,190.4057,161.4834,142.2724,127.6164,199.6585,162.776,135.8337,165.2401,147.3138,159.6028,203.3234,129.3716,308.4375,225.7257,149.3487,141.1495
2019-06-21,186.2606,158.8989,142.546,127.3981,197.7544,161.3962,134.1278,164.5038,144.9167,159.1395,201.9183,128.8984,309.5614,225.7437,149.1294,141.1482
2019-06-24,188.838,160.2996,142.9263,128.2444,199.6939,163.6846,135.1612,164.8001,145.0638,159.5443,200.4023,128.6893,314.9591,231.3384,148.9229,141.1666
2019-06-25,190.7617,162.5849,142.0124,127.7134,201.8391,164.2373,135.8755,164.9595,145.2298,159.8524,200.6888,132.384,315.1312,228.8442,149.0362,141.2078
2019-06-26,191.2381,161.6532,141.7159,127.7553,201.1294,164.6248,135.7529,164.9604,145.1867,159.4049,200.5751,131.5551,313.5231,227.2425,150.2207,141.289
2019-06-27,192.7551,165.3807,141.2843,128.122,202.6618,165.2909,136.8715,164.3283,146.4056,159.37,204.5679,133.7347,315.5868,228.1371,151.3008,141.2767
2019-06-28,193.019,164.9582,141.1098,127.3236,200.7878,164.0789,135.9463,163.8716,145.3662,159.5139,201.9665,133.6249,314.8045,231.4556,150.6017,141.1404
2019-07-01,187.0214,162.5643,141.8026,127.953,198.4223,162.0895,135.0277,163.6646,145.3997,159.233,203.0409,134.7236,312.4928,229.6947,149.6139,141.1092
2019-07-02,185.9238,162.5544,141.6118,127.9851,198.4099,162.0487,135.5041,163.5813,145.4404,159.7086,202.8309,135.2673,311.522,227.0973,150.2286,141.091
2019-07-03,182.4782,159.7793,142.2084,128.5995,197.1147,161.4472,135.1094,163.6093,145.5199,159.4094,202.2501,136.5399,310.1422,220.7845,150.2677,141.0839
2019-07-04,180.8854,158.2845,142.0923,128.1988,195.7055,160.877,134.1378,163.4636,145.5292,158.9783,202.9536,137.3806,305.9985,216.8968,150.1385,141.0813
2019-07-05,178.1272,155.9703,142.184,128.7184,195.3367,160.5259,133.819,163.429,145.1555,158.6878,201.5917,135.5778,305.6686,214.4029,150.0062,141.142
2019-07-08,177.8331,154.6164,142.5361,129.7953,196.6331,161.4453,134.7718,164.1966,145.2292,158.8406,202.5647,138.9267,307.2082,215.5436,149.3101,141.1359
2019-07-09,180.4357,155.776,142.5843,129.5035,197.5535,161.7528,134.1235,164.3479,145.5779,158.9768,205.4782,139.073,307.6304,221.9267,148.7477,141.2237
2019-07-10,181.5446,156.2645,142.9122,129.9847,198.4057,161.6843,134.5533,164.9906,146.4683,159.2772,204.3322,138.4447,310.0137,221.2625,149.3659,141.2094
2019-07-11,181.2924,156.6939,143.4041,129.713,196.938,161.0429,134.5529,165.9765,145.958,159.2483,205.1191,139.2521,311.3189,225.982,148.8539,141.3035
2019-07-12,184.9431,157.8205,143.6085,130.0325,199.2747,161.0576,134.4192,166.7504,147.6132,159.79,205.8845,140.2079,315.132,225.7544,149.4751,141.2102
2019-07-15,182.1995,156.8992,144.331,130.9287,200.1287,162.0125,134.9918,166.961,147.9578,160.8744,205.7717,138.393,313.9174,225.6455,149.4427,141.3137
2019-07-16,181.5857,155.6133,144.3223,130.7409,200.9958,162.116,134.7809,166.9281,147.8545,161.4166,204.8678,136.0217,312.1565,222.4853,149.3739,141.3159
2019-07-17,180.2451,156.2695,144.8304,131.4833,200.3939,161.2497,135.1474,166.7111,148.15,161.1098,204.8705,134.3419,310.4186,225.3675,150.3633,141.2986
2019-07-18,177.684,155.3745,145.3556,131.3393,199.7718,160.9629,133.8736,167.2038,147.0318,160.1859,205.1269,134.2863,312.2837,225.828,149.2539,141.3916
2019-07-19,177.0432,154.5541,144.9211,131.2685,199.3913,160.8653,133.5407,166.419,147.0968,160.5486,202.478,132.5424,310.3639,224.0786,149.1402,141.4236
2019-07-22,175.8789,153.4029,144.6123,131.18,199.5196,162.2101,134.1499,167.1229,146.6792,160.5373,201.8048,131.1602,309.7784,224.1395,147.6634,141.3759
2019-07-23,178.4192,153.4362,145.6161,131.9628,200.4757,164.3597,135.0348,168.3326,146.3793,161.0661,204.4536,132.4197,312.2925,232.6291,148.2497,141.3631
2019-07-24,180.0334,154.2176,146.3417,132.5648,201.233,164.8455,136.0734,170.0369,147.5513,162.4095,206.3431,133.3423,319.1219,234.8081,148.9379,141.3507
2019-07-25,180.7202,155.9044,147.1029,133.2844,202.447,164.7172,135.8734,170.3556,148.841,162.0437,210.9568,132.1325,322.6819,239.5907,149.1039,141.4114
2019-07-26,179.5535,155.4813,147.3261,133.2288,202.0415,164.9424,135.59,170.1168,147.9169,162.0278,211.0927,132.7388,320.3718,240.7632,149.4243,141.4221
2019-07-29,177.0284,154.7081,146.1093,132.0488,200.5965,163.5315,134.648,168.8123,145.916,160.99,207.3323,133.6702,315.3952,236.3258,148.7105,141.5224
2019-07-30,177.2514,154.6966,146.7065,132.6139,199.3124,163.2743,134.9436,168.3798,146.1205,160.7007,211.2454,134.986,316.9784,239.74,149.3392,141.5352
2019-07-31,173.4619,151.813,147.3627,132.9775,197.017,162.2996,133.4827,167.8856,144.3531,159.8674,208.5329,136.3517,316.1406,238.5832,149.1688,141.5469
2019-08-01,170.3902,149.3967,147.1638,133.2399,196.273,162.9241,133.5843,168.3754,143.9168,160.0102,206.6097,135.0348,313.7361,234.1683,149.1656,141.6299
2019-08-02,168.1991,147.6677,147.2893,133.562,195.904,163.1299,133.9084,168.5665,142.8938,159.6561,203.8336,135.1139,315.5261,230.4966,148.6378,141.6372
2019-08-05,166.5634,147.8492,148.1717,134.0835,194.2408,162.8987,134.2697,169.3398,142.1538,159.5018,202.4483,136.537,318.5262,233.9215,148.8572,141.679
2019-08-06,168.513,148.1765,148.3118,134.2263,194.3996,163.6948,135.1327,169.6967,142.3098,159.8053,202.6538,137.4272,316.5333,236.2365,149.6277,141.7284
2019-08-07,169.9392,149.2724,148.9038,135.3356,196.3566,165.8443,136.1935,169.9872,144.3803,160.5349,204.4979,138.1101,316.9501,237.0533,149.495,141.7406
2019-08-08,167.267,148.2002,149.655,136.1113,197.6044,165.8369,135.9351,170.3257,144.3107,160.8174,204.2264,138.0258,313.3976,238.3283,148.6606,141.7362
2019-08-09,166.3111,147.8482,149.8393,135.9617,196.4661,164.8363,134.8403,170.4043,144.6911,160.1698,204.7008,137.6815,314.6332,237.466,147.8733,141.7909
2019-08-12,169.0377,149.9243,149.1515,135.2902,197.5586,164.8895,135.18,169.5821,144.6204,159.7512,203.5181,136.0874,313.3502,240.7884,147.3496,141.7199
2019-08-13,170.7046,150.9294,148.4489,134.712,198.7863,164.3637,134.9616,169.0184,143.7019,158.885,202.5117,137.2778,313.482,241.2584,147.2364,141.7002
2019-08-14,168.5193,149.368,148.2937,134.3859,197.7646,163.258,134.2227,169.5393,142.8472,158.8482,202.6366,138.2265,313.7801,240.7151,146.4173,141.762
2019-08-15,164.9308,146.3294,148.9593,134.9386,196.8746,162.6734,133.3161,169.2094,141.6672,158.7456,200.7947,137.314,311.1366,239.6874,146.0749,141.7438
2019-08-16,164.363,145.5617,149.4837,135.476,195.8807,162.0164,133.3638,169.3409,142.0388,158.8252,202.9639,136.7621,313.8106,243.3917,145.4809,141.7803
2019-08-19,163.7872,144.9208,149.7317,135.5528,196.6246,162.5933,133.2677,169.9995,141.0903,159.5858,201.6947,136.3836,313.4311,245.4553,145.9902,141.841
2019-08-20,165.3736,145.5614,150.0323,135.953,197.3431,163.0947,133.4626,170.3292,142.1198,160.6804,201.2259,134.3238,317.4819,246.1026,147.1971,141.8387
2019-08-21,166.856,145.5077,150.4136,136.2367,195.5226,162.7815,133.899,170.9181,141.9735,160.363,202.0099,135.8821,318.805,252.3989,147.6236,141.889
2019-08-22,167.8319,146.5529,150.4697,136.14,195.1998,162.9193,134.5529,170.846,140.9468,159.7874,201.6697,136.3667,321.4103,255.9437,147.9266,141.9845
2019-08-23,163.5618,143.7978,151.0559,136.8119,192.8915,162.1719,134.9792,170.9057,140.0065,159.4457,201.0638,137.7888,319.1487,254.9843,146.7844,142.0055
2019-08-26,163.8415,145.1377,150.7146,136.4605,192.7859,162.0332,135.3238,170.0874,139.9973,159.975,199.9726,136.159,316.3637,258.14,146.8271,141.971
2019-08-27,165.7181,146.1698,150.5931,136.3263,192.8579,163.459,135.8732,170.0418,140.1597,160.6077,198.5817,137.0249,316.1951,256.9007,148.2821,142.0522
2019-08-28,165.5448,146.6403,150.8923,136.1209,193.7705,162.9554,135.6522,170.3881,139.0158,160.8138,195.6494,137.3699,318.9068,257.3962,148.4226,142.0547
2019-08-29,166.9344,148.6761,150.5467,136.4738,196.3759,164.5932,136.6799,170.7679,140.7021,161.1987,197.535,136.0961,320.5567,257.9848,147.6787,142.1135
2019-08-30,174.1854,152.9118,150.5194,136.7582,198.408,165.9852,137.4583,171.4375,142.4542,162.318,198.8815,137.0432,326.0493,270.2031,149.2208,142.1295
2019-09-02,176.1589,153.7825,150.7375,136.6365,198.1026,166.0625,137.9675,172.3163,142.4834,162.6139,199.8136,136.9423,327.6723,274.6181,150.2299,142.1413
2019-09-03,177.9786,155.6046,150.8878,136.5048,197.6675,165.3885,138.512,172.8347,142.9116,162.7202,201.1069,136.9942,332.7767,280.0405,150.0984,142.0933
2019-09-04,183.2976,159.987,150.603,136.5134,199.3857,166.3676,139.7346,172.976,144.3637,163.246,205.2164,136.2335,340.3498,291.1076,150.2494,142.0611
2019-09-05,183.9863,159.5769,150.729,137.0119,200.8458,167.4781,140.0688,172.9918,144.343,163.7159,205.1192,134.8099,340.332,293.5315,150.6105,142.0753
2019-09-06,184.0077,160.2061,150.1162,135.9081,199.9436,166.6079,139.4269,172.4152,143.2798,163.5814,203.8899,135.3548,339.4618,292.7727,150.5526,142.0999
2019-09-09,182.7868,158.656,150.679,136.6402,200.5677,167.7481,140.536,173.3114,143.8355,164.273,204.2383,135.3589,335.089,289.4812,150.9484,142.1381
2019-09-10,186.0588,159.5946,150.5459,136.5794,200.9518,167.5549,139.8446,172.7648,144.4416,164.625,203.4967,135.4345,337.3389,293.4888,151.3269,142.1588
2019-09-11,184.7243,160.0429,150.0436,136.1662,200.5872,167.1463,139.8322,172.4276,143.3704,162.8338,202.4177,135.9476,336.6911,291.2918,150.3357,142.2287
2019-09-12,184.5414,158.861,149.7476,136.5644,200.7165,167.0748,140.1309,172.087,143.027,162.82,201.4481,135.3772,337.2244,290.5537,150.7446,142.3326
2019-09-13,184.6973,158.4196,149.8757,136.5467,199.9019,166.3141,139.597,171.7369,143.2747,162.7502,201.7189,135.9473,335.8555,287.6564,151.8923,142.303
2019-09-16,186.7218,159.594,149.453,136.6621,200.7463,167.1215,140.3531,171.342,143.7627,162.8487,201.3807,134.5641,331.9355,291.7831,152.39,142.3073
2019-09-17,187.8165,159.8091,149.9592,137.5868,202.0453,167.176,140.6511,171.5715,144.7659,163.3516,202.1991,133.1249,335.9476,293.5379,153.2687,142.2516
2019-09-18,186.9208,159.3122,149.734,137.4235,201.1244,166.0164,140.7808,171.5348,144.6906,163.5089,201.0522,132.2705,335.6377,294.9079,152.3373,142.273
2019-09-19,188.3338,160.0611,149.6438,137.7881,201.8558,165.7745,141.0839,171.3665,146.0739,163.8016,200.6937,133.0728,336.9263,293.0931,152.2926,142.2775
2019-09-20,189.8503,158.6973,149.2546,137.37,201.0598,165.0754,141.46,170.7073,145.0126,163.6259,199.9783,133.9833,339.5725,292.3576,151.7693,142.3605
2019-09-23,188.8478,158.6854,149.7198,137.3121,202.1533,164.7509,141.1598,170.9364,144.3875,163.904,198.9662,132.964,338.4764,291.5176,152.221,142.3152
2019-09-24,185.5116,157.8408,150.384,137.7047,201.1633,164.7067,141.4638,171.5799,143.16,163.9153,197.5486,130.5611,342.1585,292.1491,152.6122,142.4083
2019-09-25,184.0824,158.3365,150.101,137.0649,200.3076,163.627,140.4232,171.253,142.0469,163.2443,198.6456,129.6865,346.2277,294.1026,152.282,142.4618
2019-09-26,184.2584,157.7637,150.0236,137.1396,201.5461,163.4712,140.9614,171.4829,142.466,163.3948,198.2404,128.5876,346.0515,288.5165,152.424,142.4572
2019-09-27,182.4587,157.2859,149.6455,137.0601,202.9856,163.7684,141.8563,171.9594,143.4984,163.5103,198.0037,126.4362,339.7729,278.9863,152.1429,142.4502
2019-09-30,182.9122,155.9613,149.5199,137.0088,203.5446,163.6936,141.8539,172.1521,143.677,164.4082,196.3641,126.7952,337.8342,277.9814,151.5666,142.4629
2019-10-01,183.1818,156.8002,149.2203,136.6011,205.42,164.0812,142.0727,173.1339,142.5652,164.3612,194.0835,127.3956,339.2436,276.283,152.098,142.5269
2019-10-02,186.7865,158.4567,148.3767,136.0311,205.583,164.1699,142.2001,172.2003,142.0863,164.3413,192.8771,129.0687,343.0054,275.7972,153.6608,142.4165
2019-10-03,184.4796,157.5991,148.4059,135.9812,204.8804,164.1774,142.3836,171.2173,142.4624,164.4537,194.2381,128.1312,339.0894,269.983,153.3526,142.4452
2019-10-04,188.6044,159.3243,147.9728,135.2646,205.1576,165.2194,143.0552,171.7208,142.4053,164.1049,193.491,128.506,337.7107,274.4721,153.2065,142.4195
2019-10-07,186.2475,158.9486,147.9987,135.3975,204.5872,164.69,143.0717,170.7695,141.8099,164.0976,194.5267,127.1278,338.8782,272.6059,153.7335,142.5557
2019-10-08,185.7786,158.1631,147.8518,135.2161,203.2188,164.1479,142.7581,170.4322,141.4697,164.3852,193.9329,126.8586,338.2932,273.2033,154.0378,142.5958
2019-10-09,182.4431,155.7127,148.1177,135.7265,202.829,162.2253,141.7973,169.7899,141.3204,164.2281,194.5275,125.7666,335.0691,270.3483,154.1449,142.6967
2019-10-10,182.6629,156.0897,147.7513,135.2599,202.6365,161.5075,141.4558,170.2822,141.9891,163.4921,195.2174,125.7563,333.6762,267.1139,153.7,142.7052
2019-10-11,183.0084,157.6048,148.9853,136.8205,205.9463,162.6554,143.2811,172.4492,144.4296,165.7967,195.7052,127.5641,338.019,267.5273,153.794,142.7367
2019-10-14,185.1244,160.0327,149.0903,136.6053,206.6146,162.9205,143.7722,173.1875,145.8936,166.1728,197.2255,125.1913,340.5417,267.7281,154.7763,142.6894
2019-10-15,186.2648,161.2204,149.4536,137.0194,209.8765,164.993,145.3208,174.5199,146.2796,166.8398,196.6332,125.1229,340.1886,267.2183,154.8498,142.7384
2019-10-16,187.7745,160.6564,150.0987,137.6523,210.3546,165.4708,145.736,175.0843,147.5762,168.0686,196.8015,125.702,342.1761,265.8637,155.6108,142.7554
2019-10-17,189.5461,161.9177,150.0767,137.921,210.474,166.2007,146.4772,174.7914,148.5257,168.6035,199.2733,125.0382,346.1628,268.5666,155.9811,142.7613
2019-10-18,185.6149,161.9402,150.32,137.8412,210.4462,165.6681,146.238,175.2909,147.7052,169.2293,198.4725,122.8936,348.8496,267.9232,155.9342,142.6974
2019-10-21,187.2722,161.9995,150.1727,137.0495,208.8637,165.6724,145.8523,174.8726,146.992,168.7802,199.2587,122.0197,348.5795,273.3166,155.0518,142.6544
2019-10-22,185.4122,162.4064,150.0977,137.3939,206.9921,165.4328,146.5461,173.2863,147.4623,169.1766,200.8705,123.224,341.8296,273.2429,155.9658,142.6335
2019-10-23,188.3305,163.2168,149.6267,136.7081,206.0459,165.5593,146.1044,173.2346,147.8097,169.5014,201.2791,123.0484,344.3417,274.4208,156.7619,142.6383
2019-10-24,190.9464,163.2645,148.7976,135.8827,205.1203,165.5164,145.847,173.0847,148.0618,169.6398,200.414,121.4057,344.5651,278.6415,155.4695,142.6634
2019-10-25,186.523,161.2766,148.7562,135.9155,204.6798,165.6954,145.8831,173.298,146.1991,169.1426,197.2563,119.1156,342.7489,277.0767,154.6147,142.7263
2019-10-28,185.4753,162.5184,147.8937,134.9066,203.9254,164.6885,145.1129,172.2979,145.6808,168.595,195.093,119.6668,341.352,270.8831,154.7432,142.6926
2019-10-29,188.5322,164.1648,147.5389,135.1465,206.7131,165.0955,145.2705,171.6501,147.3293,169.8261,197.0539,118.9344,343.5167,273.8111,154.4615,142.6677
2019-10-30,190.6598,164.3701,147.1056,134.7622,207.4324,166.0091,144.8698,171.6431,147.713,169.0847,197.9557,118.9029,341.6807,274.2703,153.6132,142.7122
2019-10-31,191.6834,164.1014,147.8717,135.3286,208.0618,166.7379,145.6292,172.5925,147.0626,169.5661,197.5523,118.4471,342.497,279.596,154.8574,142.7787
2019-11-01,194.6692,165.0058,147.8891,134.8303,206.6298,166.84,145.8071,172.169,146.4756,169.7574,199.2605,118.4782,347.0832,287.4042,154.8111,142.7738
2019-11-04,200.5538,168.7547,147.2212,134.4552,208.8657,167.1461,146.3245,172.4443,147.9822,170.5136,201.8938,119.8821,346.9304,294.2665,155.8,142.7934
2019-11-05,202.1221,170.2065,147.0846,134.6671,211.4414,168.2276,147.6108,173.2851,150.0963,171.6248,203.4287,118.6864,346.267,289.2676,156.3519,142.7857
2019-11-06,203.4638,171.1956,147.1631,134.6275,213.063,168.7109,149.0496,174.3901,151.0825,172.5453,204.4353,117.2675,344.694,292.2903,155.5497,142.6965
2019-11-07,204.8282,171.1364,146.7478,134.3865,211.1373,168.6119,150.1595,173.6318,150.8496,173.0456,206.2075,117.6441,344.5809,296.3486,155.805,142.7041
2019-11-08,203.1225,171.001,147.2861,134.799,211.7589,169.1098,150.2037,174.4934,151.618,173.8207,207.5761,117.1953,345.9177,296.8263,155.1734,142.7313
2019-11-11,203.1436,171.8601,146.7832,134.6894,213.6655,169.7514,150.5482,175.0359,152.1169,173.3886,206.081,116.3505,342.1744,294.4497,154.6698,142.648
2019-11-12,205.8219,171.0002,147.3524,135.2921,214.0154,171.5089,152.4022,175.8329,152.8973,174.8714,206.33,116.3903,343.6536,296.0489,154.9837,142.7386
2019-11-13,211.0096,172.5535,146.7161,134.4209,214.0723,171.3165,152.1626,175.6075,153.487,174.1696,207.7571,115.2856,343.7916,298.6068,155.3113,142.7598
2019-11-14,207.9599,170.9962,146.9571,134.1456,210.9385,169.9576,151.2507,174.4496,153.3159,174.2894,207.4765,116.1981,338.9811,294.2862,155.379,142.7597
2019-11-15,209.4773,171.9849,146.8697,134.292,211.927,170.0922,151.3405,173.7394,154.0284,173.8607,209.121,115.7087,335.5752,294.1937,156.2838,142.6784
2019-11-18,209.4531,173.4313,146.0551,133.5991,212.7136,170.8199,151.5532,173.8851,153.1676,173.2384,207.034,117.1335,330.5371,291.3702,156.7759,142.6707
2019-11-19,210.5726,173.026,145.6059,133.2147,211.7808,169.8874,150.8429,172.9606,153.2311,172.878,205.6232,117.5059,328.6086,290.9306,156.2266,142.7104
2019-11-20,208.9005,172.5977,145.5223,132.845,210.9146,169.9233,150.7274,172.6485,152.4233,172.7528,205.6458,118.4577,327.8149,288.6741,155.8242,142.7541
2019-11-21,213.9931,175.7359,145.5162,133.0981,212.909,170.434,151.3845,173.2193,153.0865,172.9436,206.5693,120.6399,329.4662,300.399,155.7367,142.7778
2019-11-22,211.6216,176.3823,145.2145,133.2114,212.9743,170.678,151.6187,172.2168,152.8481,172.9573,206.8989,121.4399,326.4365,298.1282,156.0344,142.7449
2019-11-25,211.7802,175.2022,145.158,133.5714,213.9868,171.679,152.0747,172.4478,153.3801,172.8858,206.1889,122.5183,325.6498,295.9087,154.5575,142.6751
2019-11-26,211.1318,174.4378,145.0887,133.6451,213.6928,172.4494,152.3107,171.7624,153.3254,172.7891,205.5799,122.5558,325.5565,291.4902,154.3215,142.6964
2019-11-27,208.0904,171.2942,145.6682,133.8851,211.39,171.16,151.487,171.4057,152.7337,173.1139,204.2061,122.2011,321.7757,289.1481,154.8894,142.7273
2019-11-28,205.6786,170.4286,145.57,133.7201,212.045,171.7448,152.2907,171.8598,152.6248,173.1672,204.1876,120.8371,317.0283,283.1523,154.6689,142.7387
2019-11-29,205.4227,170.9985,145.6623,134.0705,213.3098,173.1785,151.9942,171.7461,153.3238,173.7359,203.7905,120.9259,316.489,282.5199,154.6505,142.7444
2019-12-02,205.9374,171.1217,146.2821,135.1257,214.7593,175.5008,153.5062,172.346,153.3424,174.2071,203.4947,121.6651,317.9877,281.804,156.2886,142.8223
2019-12-03,205.0953,170.2753,145.8844,134.9628,214.9309,175.3732,154.3014,172.2803,154.0762,175.009,204.133,121.1669,313.9436,278.4771,155.5893,142.7689
2019-12-04,204.2453,168.1801,145.9135,134.5103,213.7735,173.3686,153.2341,171.8185,152.1707,174.3535,203.6088,122.8517,312.3421,280.4039,155.1481,142.7262
2019-12-05,204.5827,167.3906,146.4221,134.8356,212.9827,173.0793,151.8076,171.542,152.2015,173.3753,204.4174,123.986,310.4365,284.5994,154.8559,142.6746
2019-12-06,203.3046,166.847,145.7325,134.4267,211.2254,173.1988,152.7255,171.3144,152.7794,173.0128,202.8028,123.8595,307.4171,279.1985,153.3099,142.669
2019-12-09,199.6763,165.3512,145.6428,134.8373,211.6678,174.9765,153.2979,171.7303,153.1666,173.7095,200.8419,123.4942,304.5859,270.6211,153.2339,142.6814
2019-12-10,197.1461,162.7351,146.6303,134.9956,209.5479,174.547,152.7902,172.2699,151.4265,173.1381,199.8324,123.584,303.8488,268.1187,154.5642,142.6603
2019-12-11,193.7862,161.5915,146.4162,134.1429,208.9411,172.3129,150.9724,171.7274,150.6625,172.7317,197.7434,122.6068,299.9333,264.5338,152.9444,142.6568
2019-12-12,198.5799,163.0903,146.6741,134.6681,210.8874,173.5402,152.1161,172.6303,151.6109,172.8093,197.1417,123.4454,303.7335,268.6855,153.1788,142.6319
2019-12-13,199.6861,165.1839,146.8306,135.1676,213.4872,174.4991,153.241,173.5014,153.3247,173.6667,197.5906,121.7132,302.4764,270.0557,153.65,142.6778
2019-12-16,199.7714,165.4038,147.429,135.0252,213.6677,174.6803,153.155,173.5336,152.8829,174.2973,197.2375,123.5575,301.921,270.599,153.6406,142.5813
2019-12-17,196.8847,161.7736,147.5812,134.8186,212.5677,173.6764,153.0111,173.0752,151.7357,175.389,195.1256,122.5329,296.1425,266.7494,153.4895,142.5923
2019-12-18,195.9017,161.9092,148.6546,136.1994,213.3898,175.2183,155.0004,174.1019,152.7459,176.4163,196.1452,121.8123,298.9568,270.4642,153.1468,142.583
2019-12-19,190.2873,158.4943,148.5925,135.9338,211.6107,173.4288,153.6822,173.4185,151.14,175.7253,194.3691,120.7345,294.9714,264.3986,152.2934,142.5974
2019-12-20,188.9618,157.6171,148.8159,135.8543,210.5583,172.9958,153.8472,173.81,151.2888,176.0103,194.6321,119.5709,294.8542,260.7017,152.851,142.6505
2019-12-23,190.684,158.5314,148.5069,135.1784,210.3694,172.9502,153.3342,172.8715,149.8843,175.2446,192.3021,120.5654,298.2921,263.062,151.8467,142.6509
2019-12-24,194.5268,160.1587,149.0286,135.63,214.3237,174.0329,153.999,174.2448,150.268,175.4741,193.4041,120.5829,302.7673,267.1452,152.424,142.5923
2019-12-25,196.55,162.5465,148.967,135.6249,217.6678,174.4484,154.4764,175.1946,151.6084,176.5021,194.4049,121.6922,304.4723,264.7468,153.1777,142.6302
2019-12-26,195.8093,161.3406,148.1639,133.9992,215.4842,173.4055,152.8247,175.0283,148.8032,175.0194,191.8489,120.8094,301.366,264.2525,153.2448,142.5923
2019-12-27,197.9039,163.5458,148.1228,133.967,216.0738,174.5948,153.5524,174.8549,149.1855,175.4295,192.6445,120.7469,302.963,269.2425,153.1609,142.6628
2019-12-30,198.119,163.1622,148.8468,134.2585,215.4686,174.3275,153.3278,175.1577,148.9648,175.4245,192.2865,121.225,304.5659,270.7358,153.6775,142.619
2019-12-31,201.6794,164.5584,148.5223,133.9515,214.6629,175.166,153.204,175.1498,149.0606,175.8444,192.3187,120.8961,308.4264,273.1623,155.6517,142.7032
2020-01-01,199.9345,163.4557,148.537,133.5715,212.9674,174.2494,152.1718,174.7066,148.1856,175.6364,191.9108,119.1577,306.5348,275.713,155.2489,142.7021
2020-01-02,199.3163,162.1436,147.9378,132.7366,212.6002,174.2728,152.2283,174.55,147.0087,175.4528,191.5514,121.5628,302.4483,269.9218,155.0476,142.7507
2020-01-03,194.7678,159.792,147.7493,132.8157,210.0854,173.0808,151.7172,173.1231,146.8182,174.9664,190.3154,119.3916,298.3547,261.7256,155.3699,142.8515
2020-01-06,198.2246,161.4499,148.2721,133.6052,210.9038,173.9843,151.9935,173.404,148.82,175.1326,192.8404,120.9495,302.9994,262.6827,156.4075,142.902
2020-01-07,197.2444,161.8502,148.4175,133.7165,210.5808,174.4169,152.3706,173.0397,147.7777,174.1543,194.3437,119.9642,304.2645,264.5777,156.8624,142.9695
2020-01-08,198.3045,161.745,148.9013,133.4186,209.7232,173.0461,151.1972,172.5962,146.872,172.9022,194.641,120.0159,308.0783,266.8699,156.4832,142.9237
2020-01-09,199.2713,162.5463,149.7927,134.0223,209.3394,173.0434,151.734,173.3877,146.6103,172.8657,195.8406,119.9161,311.6032,273.839,157.6995,142.8639
2020-01-10,203.207,164.693,150.0056,134.7064,210.3657,174.7043,153.3197,173.6099,147.2411,173.3541,196.4069,120.1926,318.9188,281.6052,157.8099,142.835
2020-01-13,209.5333,167.3301,149.5838,134.4285,210.6685,175.6716,153.4898,173.4884,148.3733,173.1391,199.565,121.0933,320.6608,289.5532,158.5113,142.7386
2020-01-14,210.1743,167.246,149.6751,134.6851,210.5783,175.5819,153.4613,172.8141,148.0998,173.1099,197.9962,123.8129,321.1561,287.9379,158.8969,142.7399
2020-01-15,212.6864,168.064,149.603,134.6893,212.0442,176.0179,153.9459,172.4446,148.1238,173.5571,198.8956,124.05,318.7868,291.2427,159.6969,142.7303
2020-01-16,211.3452,167.5992,149.583,134.5379,211.2002,177.1196,153.9709,172.1432,147.6414,173.7181,198.52,123.951,315.4983,290.1112,160.0137,142.753
2020-01-17,211.5098,167.6513,149.184,133.7777,208.651,176.2136,154.0553,172.3938,146.9621,173.0871,198.5697,124.5256,319.1672,289.3713,159.71,142.7463
2020-01-20,212.697,166.9557,149.9215,134.7388,209.0377,177.2905,154.3813,172.9705,148.3182,173.0721,199.2104,125.1563,322.5492,288.2041,159.4918,142.7428
2020-01-21,215.5337,168.7657,149.8777,135.6911,212.3994,178.8211,155.5094,173.8702,149.3051,173.2246,197.5605,128.9093,320.316,289.8095,160.2457,142.7522
2020-01-22,213.4095,168.1751,149.8707,135.5739,212.5623,178.7001,155.8461,173.5692,149.0995,172.8801,198.525,127.0626,317.0632,285.2664,160.4249,142.6158
2020-01-23,215.1081,169.9987,148.2282,134.0988,211.3268,177.9355,154.4179,172.4689,149.4222,171.997,198.3513,127.792,315.5059,279.8773,160.813,142.6438
2020-01-24,214.9224,171.5103,148.6607,134.1903,210.7737,177.4501,154.3746,172.6349,149.1701,172.0299,199.9724,130.8158,315.9066,285.2385,161.1388,142.5546
2020-01-27,220.2593,175.1548,148.161,133.9071,213.0943,178.173,155.3962,172.7989,150.5505,172.2341,201.4698,131.2189,318.9873,287.5716,161.2313,142.5593
2020-01-28,223.4424,176.1522,149.1223,134.6134,214.6147,179.6576,156.0566,174.1993,152.3935,173.2796,204.8884,130.5853,317.7464,293.1934,162.4938,142.5003
2020-01-29,222.5785,176.2528,149.1274,134.222,212.4386,177.8346,154.9326,173.9021,153.053,173.4398,206.5429,129.5114,314.8983,296.6144,162.4809,142.4885
2020-01-30,225.5523,179.5678,149.0528,133.8417,214.1218,177.4556,155.1785,174.8447,154.2545,174.0102,206.4236,130.5191,316.1151,294.3459,163.9157,142.5502
2020-01-31,225.6873,180.3906,148.4838,133.7825,214.4349,177.102,155.5161,173.6121,153.3611,173.4322,204.3768,128.245,315.3412,295.85,164.5616,142.5416
2020-02-03,222.9492,179.1916,149.1625,134.7986,213.4294,177.5339,155.8804,173.0835,153.4953,173.724,203.7686,129.2495,315.4038,292.2658,165.8852,142.5353
2020-02-04,221.9222,177.8543,149.8292,135.0465,211.7819,176.3117,154.656,172.9419,152.7088,173.1387,202.3586,130.7861,316.2024,294.9042,165.6517,142.6164
2020-02-05,213.5982,173.6465,150.2991,135.3033,208.9167,176.0527,154.9097,173.276,151.3135,173.5034,199.284,129.7149,312.5585,286.8637,165.0367,142.6723
2020-02-06,214.7911,175.2767,150.9639,135.9159,210.1933,176.566,155.7661,174.3378,153.219,173.5731,203.3656,132.5281,313.3744,286.9482,164.7946,142.6604
2020-02-07,214.8219,176.0304,150.8628,135.7813,210.5809,177.3646,156.7529,174.5206,153.3723,174.0142,202.9837,132.5181,310.9817,289.0165,163.7448,142.6369
2020-02-10,219.4907,178.5745,151.0656,135.7633,211.3819,177.1275,156.3341,174.5468,154.3824,174.9175,204.0643,134.644,313.1085,298.0096,164.2234,142.5682
2020-02-11,216.9046,177.6408,150.9495,135.0869,211.9696,176.2189,154.7178,173.9564,152.6712,174.6675,202.3225,137.1341,311.205,290.7498,164.5236,142.6254
2020-02-12,212.7946,175.2224,151.6019,135.6683,211.37,175.1683,153.2209,174.6203,152.1889,174.7274,200.7461,136.1631,312.9415,290.4912,164.2103,142.7451
2020-02-13,214.0307,176.6748,152.3547,136.6535,213.6276,176.1039,154.225,175.7853,153.0812,175.4474,201.9354,134.5777,316.9885,297.159,164.5309,142.8386
2020-02-14,210.6625,176.2584,153.3968,137.2738,213.5085,176.5732,154.7319,176.0793,152.8304,175.9429,202.0397,135.4391,318.0448,295.3695,164.2516,142.8975
2020-02-17,212.4852,176.2929,153.114,136.6717,211.6715,175.1218,154.0011,175.3486,152.714,175.0619,203.4168,137.5919,320.3971,295.6034,163.7149,142.7897
2020-02-18,207.808,175.6303,153.2249,136.1511,210.8855,173.8011,152.6344,174.2188,150.9037,174.4755,201.8881,137.9094,317.1504,290.2766,163.8641,142.7603
2020-02-19,212.2433,178.7564,153.5176,136.7088,213.7953,176.4601,154.7026,174.4987,151.8908,175.4106,203.3468,138.8979,317.6744,294.9478,164.9188,142.7862
2020-02-20,214.2832,179.9147,153.3555,136.8688,212.7563,175.9614,154.888,173.8004,152.8167,175.267,203.5397,141.0589,321.9861,296.2771,164.2885,142.8529
2020-02-21,211.4208,178.2302,152.2964,136.1106,210.5529,174.5711,154.9778,173.0921,151.8182,175.2599,200.789,141.4893,318.9174,291.3524,163.2447,142.9187
2020-02-24,208.9714,178.0869,152.4565,135.6134,207.8087,173.828,154.4412,172.9681,150.3197,175.0833,200.5128,141.6983,320.5751,290.9557,164.4015,142.9405
2020-02-25,205.2247,175.5923,152.8057,135.831,206.7273,173.5511,154.3963,173.6247,150.6714,175.1702,200.9451,140.251,319.4923,286.0337,163.3147,142.9151
2020-02-26,203.6701,173.4542,152.8497,136.227,206.0581,173.6712,154.571,172.6438,150.0003,175.2994,200.5616,139.2425,316.8217,285.013,163.781,142.8813
2020-02-27,202.1586,173.3636,153.4158,136.4732,205.2082,172.7465,153.8228,171.9826,148.6257,175.0938,199.09,140.9811,317.4289,287.7894,164.5928,142.9375
2020-02-28,200.9574,173.809,152.9108,135.5827,202.8599,171.3812,153.0137,171.0807,147.5078,174.8683,197.897,140.0572,319.2548,289.2388,164.1779,142.9646
2020-03-02,202.5947,174.4784,153.6461,135.8778,203.4715,171.6861,153.8327,171.42,147.139,175.4057,198.8062,139.3502,321.8264,293.8468,165.3665,142.9862
2020-03-03,208.0999,177.1875,153.4354,135.8465,205.7807,172.2572,154.9112,171.7774,147.1815,175.5572,197.2847,141.1184,326.8607,297.3498,166.0859,143.025
2020-03-04,217.0755,181.831,152.6851,135.7973,208.7527,174.542,157.0105,172.2566,149.2598,176.0332,197.9776,141.8624,331.0981,302.1572,166.5374,143.0489
2020-03-05,220.593,183.5866,153.2225,135.4959,209.9244,174.6792,156.4006,173.7343,150.8968,176.4814,199.9011,143.7167,333.8537,303.5052,165.8215,143.0957
2020-03-06,218.7148,182.0705,153.2798,135.6819,210.0157,174.3147,155.9308,173.0033,150.4982,176.3899,199.5341,143.1257,330.5395,301.7635,165.698,143.0765
2020-03-09,212.6256,177.0448,152.8708,135.8674,206.5455,173.6403,155.5056,171.9493,149.7274,176.0316,197.852,141.5266,325.7818,297.4244,163.57,143.1526
2020-03-10,210.2096,172.5337,153.0192,136.5132,205.3145,173.434,155.3375,170.9843,149.6239,175.9773,194.3786,138.769,322.9454,292.0766,162.3155,143.1618
2020-03-11,206.6114,170.8076,153.5017,136.7451,202.1062,172.766,155.3745,170.6672,149.0607,176.1402,193.1622,136.9953,325.7313,292.6944,161.4781,143.1185
2020-03-12,204.318,169.4006,153.7656,136.9223,199.7045,172.677,155.0989,170.4235,149.7673,175.3922,193.6412,136.5864,324.4968,289.3284,160.1591,143.1041
2020-03-13,206.762,171.4992,153.2457,136.2214,201.6752,173.136,155.5606,170.5262,149.3105,176.3191,191.1923,137.3423,323.0216,291.8443,159.8891,143.202
2020-03-16,207.6092,170.8492,153.6029,136.6973,200.9708,173.297,155.9231,170.256,150.0295,177.4014,189.4478,138.318,322.7677,293.29,159.6324,143.1504
2020-03-17,205.0926,170.3932,153.0536,135.9298,199.2991,172.0222,154.7892,169.3829,149.2977,176.0508,188.6687,136.6533,321.1597,289.7201,158.5799,143.1217
2020-03-18,201.4694,167.9515,153.2856,136.0561,198.5848,171.7851,155.1291,169.4302,148.5726,175.5959,187.4529,134.6906,315.2961,285.4966,158.1599,143.1154
2020-03-19,200.8308,168.2839,153.3228,136.0528,198.7672,171.892,155.5195,169.3571,149.1091,174.8049,187.3073,134.3892,312.4491,280.5079,157.8671,143.127
2020-03-20,205.2842,169.08,153.5973,137.1261,200.4843,173.2679,156.9975,169.2418,151.0002,175.2085,187.8776,133.9806,315.4345,284.0822,157.6767,143.1139
2020-03-23,205.9995,169.2217,154.5555,138.4297,201.7245,174.7365,158.5613,170.2943,151.2937,175.2876,188.4216,133.4835,317.3231,290.0437,158.0441,143.0896
2020-03-24,206.6368,168.3283,155.2483,139.3553,203.7849,176.632,159.0641,170.6266,152.186,176.0467,188.0406,132.8712,317.7977,287.8421,158.0708,143.0654
2020-03-25,201.1921,164.4833,155.9003,139.8644,202.4606,176.1552,159.044,170.1089,150.6569,175.4621,186.0858,131.3685,316.3587,280.7441,157.3453,143.0279
2020-03-26,198.2391,163.352,155.1706,139.7891,204.9172,176.2715,159.2224,169.7729,149.6043,175.3186,183.746,130.8924,309.5215,277.4148,155.9837,143.0765
2020-03-27,193.8099,158.9717,155.1608,139.5802,200.8127,174.848,157.5581,168.5798,148.8606,173.9663,182.0309,129.6692,304.9711,271.8277,154.0824,143.0281
2020-03-30,189.4875,155.4387,155.3969,139.4329,199.9614,173.5806,155.7519,168.1131,147.0072,173.4422,178.876,128.8292,304.5682,267.7274,152.3282,143.0784
2020-03-31,185.6104,152.8604,155.8152,139.562,198.7924,172.8586,155.3736,167.3442,145.5438,173.5848,175.4745,129.9993,301.8085,261.3179,151.9926,143.0981
2020-04-01,186.6196,153.3825,155.4856,139.3699,200.848,171.8965,154.7101,166.5414,146.0259,173.2923,175.9774,130.6263,298.1019,261.073,151.0973,143.0665
2020-04-02,186.9045,152.763,155.8181,139.8539,204.1907,173.1162,155.7017,167.2421,146.0709,173.8633,175.5664,128.3327,296.8986,260.787,150.6107,143.0457
2020-04-03,185.9096,150.4268,155.8196,139.39,201.6571,171.1264,153.6401,166.6526,145.1564,172.136,174.8137,126.5129,298.0363,259.3039,149.7697,143.158
2020-04-06,180.8201,147.321,156.637,140.5216,203.423,171.5594,153.6064,167.4931,145.7028,172.8421,172.5546,125.6758,292.4088,250.5009,149.0246,143.1188
2020-04-07,178.362,145.6752,156.6432,140.619,203.4784,169.9563,152.7212,166.4282,145.3575,172.8992,170.8402,125.5995,287.6952,246.4988,148.6422,143.1186
2020-04-08,175.8158,144.8014,156.5296,141.1139,202.5277,170.6705,153.4635,165.252,144.5492,172.1353,168.9587,124.4048,286.3197,245.57,147.5779,143.1325
2020-04-09,176.6725,144.346,156.8036,141.7457,202.4963,170.5544,152.8634,163.5948,143.9375,170.9824,168.4633,124.4152,285.2126,251.3279,146.7894,143.146
2020-04-10,175.8545,143.3505,156.8634,141.2724,200.8156,168.3923,151.7759,162.8844,142.9579,170.6369,167.7146,124.1169,284.432,253.3791,146.2098,143.1778
2020-04-13,169.1169,139.5446,157.2899,141.4083,198.7448,167.0892,150.317,162.1087,141.149,170.0433,165.8728,123.1045,279.9698,247.1374,145.2503,143.2648
2020-04-14,163.2254,136.4096,157.6539,141.3526,194.924,165.6372,148.5059,160.6869,139.6957,169.0857,162.0184,121.2681,279.5753,238.9142,144.2074,143.187
2020-04-15,164.5807,136.9398,158.5393,142.4068,196.3406,166.5955,149.3368,161.362,141.0782,169.1292,162.9937,122.4581,280.8447,240.7597,143.7067,143.1428
2020-04-16,162.0909,136.9637,159.2255,142.5869,195.8886,166.6219,149.2457,161.1151,140.779,168.9911,163.8277,122.2367,280.2629,239.6383,143.3183,143.1367
2020-04-17,161.1553,136.5934,159.7348,142.7902,197.5007,166.1435,149.5321,161.5213,140.4467,169.4468,163.1382,121.0761,279.7412,238.2454,143.305,143.146
2020-04-20,157.341,133.9829,159.5357,143.2338,196.2801,167.3047,150.6017,161.4499,139.9363,168.8413,159.8274,120.7044,279.5388,225.9214,142.6725,143.1315
2020-04-21,156.0155,132.2134,159.705,142.9594,194.5579,165.7408,149.2664,161.1895,139.475,167.9586,158.7407,120.7677,277.9474,222.9636,142.0327,143.1272
2020-04-22,154.6015,131.0153,159.72,143.0442,192.6291,165.6873,149.4374,160.2993,138.4375,166.6861,157.0424,121.7238,276.3474,219.9115,141.6646,143.1852
2020-04-23,152.7301,128.7586,160.1769,143.1452,190.6403,164.7585,149.313,160.4188,138.479,166.8348,156.9272,120.3448,273.7935,218.6299,140.7032,143.2373
2020-04-24,148.6804,126.3345,160.8482,143.5136,190.3283,163.8006,148.3232,161.008,137.6759,166.8276,155.1853,120.1677,270.4565,213.8953,140.3885,143.3737
2020-04-27,150.5985,125.8948,160.5498,143.5993,190.6826,165.5574,148.9362,161.1796,138.5816,166.9196,153.3227,119.884,270.2596,211.5611,139.5222,143.3882
2020-04-28,150.7329,125.6982,160.6126,143.6507,189.9348,164.5007,148.4931,160.8779,138.8733,166.8272,153.1689,120.8827,270.7993,213.9019,138.2156,143.3811
2020-04-29,151.3565,125.9313,160.5279,144.4771,192.8163,166.4414,150.1719,161.1222,141.0617,167.7614,154.2113,119.476,266.6376,211.4039,137.6359,143.4189
2020-04-30,150.4175,125.4139,161.4315,145.4571,192.2261,165.9356,150.3425,160.6575,140.6682,167.8455,153.0024,120.0342,268.5056,214.3901,137.2514,143.4175
2020-05-01,148.8659,123.7296,162.3357,146.3902,191.0295,166.862,150.6195,160.6365,139.8325,166.918,150.8371,118.4414,271.4522,213.8865,136.4335,143.4807
2020-05-04,145.966,120.6786,162.2487,146.9036,190.6485,166.8996,150.9563,160.8857,140.0614,167.0992,150.4049,116.9409,269.5345,208.0466,134.9899,143.5322
2020-05-05,144.3388,120.1475,162.8579,147.5344,191.0279,166.4302,151.2941,160.9087,139.5366,167.0583,148.5467,117.4046,270.8303,205.8182,134.7665,143.5791
2020-05-06,141.3338,117.2329,163.3676,147.8099,188.3805,166.112,151.0818,161.0441,138.3271,166.7394,147.3655,115.0989,269.048,205.1768,133.9947,143.6888
2020-05-07,141.0247,117.0565,163.5021,147.6617,188.5514,166.3145,150.7867,160.9914,138.0294,165.8842,146.404,112.2762,266.4078,206.4209,133.21,143.7015
2020-05-08,141.4292,117.5903,164.0853,147.7281,189.0532,166.1504,150.1246,161.4592,139.4919,166.1823,148.9657,112.126,264.9296,205.6689,133.8756,143.5621
2020-05-11,143.1332,118.8706,164.2537,146.7608,187.0649,165.0711,149.215,161.189,139.0971,165.8583,150.4501,111.7659,268.4213,210.8487,134.1782,143.5583
2020-05-12,140.7032,117.5559,164.4636,146.6786,187.2886,164.7763,148.5552,160.9344,138.3606,165.9382,148.8373,111.8656,264.5969,204.9375,134.5,143.6378
2020-05-13,138.8211,116.8966,164.7626,147.1314,186.8941,164.8566,148.4013,160.3549,138.9133,166.6882,148.7855,109.4883,262.5621,204.1666,134.4279,143.6585
2020-05-14,141.4813,117.8669,165.348,147.887,188.559,166.2176,149.9519,161.3211,139.3852,167.3754,149.0937,109.2765,266.6016,207.7086,135.5581,143.6304
2020-05-15,141.9406,118.4195,165.6598,148.0066,189.41,166.9037,150.371,161.4612,139.1936,167.7077,150.4452,108.6607,266.725,210.0764,136.272,143.617
2020-05-18,143.5269,119.2531,164.7287,147.3909,189.3666,167.5289,151.2602,161.2378,139.3511,167.8132,150.2381,108.3643,265.504,210.6102,136.31,143.6316
2020-05-19,147.3126,120.9222,164.3099,148.0354,192.5742,169.6944,153.1504,162.2149,141.503,169.2817,151.0403,108.2183,268.0679,210.6748,137.5381,143.713
2020-05-20,148.1712,121.3686,165.0191,148.0689,192.2436,170.212,153.4949,162.4607,141.7164,169.4655,152.2456,106.5812,269.4319,211.8044,138.554,143.6958
2020-05-21,148.3054,121.1054,165.0594,148.5284,192.3225,171.1943,154.043,162.2869,141.8911,169.6929,152.8671,105.8387,267.4434,212.5382,139.4612,143.7753
2020-05-22,147.1505,119.8182,164.3455,147.492,192.8397,169.7152,152.6306,161.6614,141.0102,169.5306,151.7672,104.6065,266.3085,207.4462,138.5998,143.7946
2020-05-25,149.9524,121.0476,164.0392,147.0421,193.1909,170.5473,152.8695,161.7065,141.4934,169.3253,152.9715,103.6109,267.553,211.1614,138.5674,143.9027
2020-05-26,148.7719,120.0078,164.1426,147.0746,192.2922,169.3133,152.6009,161.5591,141.7773,169.5181,154.374,103.7461,265.8964,209.5638,138.5659,143.9452
2020-05-27,148.0861,118.6914,164.5997,147.3396,191.5625,169.4824,152.0497,161.3161,140.1178,168.7106,155.0933,104.7977,265.8262,212.3796,138.6555,143.9963
2020-05-28,145.8684,118.2255,164.5867,147.1195,190.6676,169.056,151.2037,161.4763,138.8955,167.5911,152.8633,105.39,264.9034,208.1659,139.2422,144.0602
2020-05-29,149.2467,120.6916,165.2415,148.0364,192.8311,168.8196,151.2788,161.9222,141.1353,168.5179,156.0916,105.5755,270.3871,213.9853,140.6652,143.9722
2020-06-01,151.4569,121.1459,165.2845,148.0876,195.9474,168.8387,151.4368,161.8091,141.3771,168.6784,155.652,106.6887,269.4365,211.9364,141.1494,143.892
2020-06-02,152.1094,121.5441,164.7679,148.0528,197.2077,169.5844,152.2186,162.0994,141.4239,168.6378,154.7216,106.1345,269.4363,210.237,141.4505,143.9622
2020-06-03,153.2375,123.3564,165.3205,148.807,199.4853,171.5061,153.4162,162.4287,142.7089,169.4121,156.017,104.7078,271.959,211.5254,142.175,143.9746
2020-06-04,149.8537,121.4787,165.1196,148.8557,197.796,171.1484,153.2448,161.5573,142.0504,169.5144,154.3918,103.7654,268.6709,206.8818,141.8606,143.9983
2020-06-05,147.6381,120.4227,165.1301,148.6868,197.0088,170.0775,152.7819,161.4135,141.342,169.8533,153.0335,103.6188,269.1476,203.5917,141.7147,144.0582
2020-06-08,147.6727,120.0326,165.6888,149.0961,196.0619,169.434,152.5262,161.1531,140.8887,170.4366,152.7976,106.4497,268.5114,206.873,142.0683,144.1804
2020-06-09,148.6259,119.3917,165.6623,149.2818,196.0364,169.8507,152.0308,160.7878,141.3119,171.0179,152.6723,106.4122,268.8864,207.0028,142.3301,144.2055
2020-06-10,151.2945,120.9851,165.533,149.2024,195.5651,169.4875,152.4632,160.7668,141.8674,170.9045,152.4321,107.0889,272.8433,208.69,143.4092,144.197
2020-06-11,154.1828,122.0257,165.6818,149.4404,196.7879,169.5069,152.6373,161.7146,142.9864,170.6359,154.0395,106.2694,275.8538,212.7389,143.6516,144.201
2020-06-12,155.4618,121.7442,165.6381,149.5639,197.8651,171.1416,152.8539,162.3271,143.1279,171.5141,154.793,106.4295,275.1772,215.4188,143.9377,144.1569
2020-06-15,155.8592,123.0891,165.8934,149.2994,196.6622,171.4514,152.5254,162.8095,142.9196,170.9026,155.2653,106.6432,277.7079,217.3865,144.972,144.1606
2020-06-16,157.8951,122.8493,165.7263,149.5455,197.6883,171.8373,153.302,163.2363,143.1861,171.638,156.2672,108.0921,277.9025,218.7647,145.6922,144.2262
2020-06-17,157.9024,123.8869,165.7652,150.3589,201.1514,173.377,155.1601,164.3987,144.4766,172.4742,156.9532,107.906,277.8589,216.9132,145.7734,144.2224
2020-06-18,156.27,122.7847,166.1778,150.3477,200.089,172.0497,153.8225,164.3305,144.2639,172.6485,157.5226,108.6029,274.5334,218.4007,145.5108,144.2436
2020-06-19,153.0921,122.3684,166.3858,149.7877,199.3831,170.9593,152.886,164.2025,143.8553,172.4913,158.1036,109.0037,272.3029,213.6324,145.0727,144.1746
2020-06-22,151.1458,121.2822,166.2201,149.4722,197.9674,170.0233,151.9348,162.8906,143.3891,171.6155,158.0017,108.6106,269.0443,209.551,144.8494,144.1733
2020-06-23,152.199,122.1693,165.3435,149.3378,200.7543,171.0965,152.6105,162.8442,143.5567,171.8958,158.0993,108.9259,268.9165,206.9136,145.3535,144.2316
2020-06-24,152.4093,121.6944,165.39,149.2075,201.2481,172.1481,153.6145,163.4445,143.4532,171.8669,157.5631,108.7853,265.356,202.9187,146.2989,144.2783
2020-06-25,153.575,122.951,164.2336,148.4314,202.5805,173.0931,154.4898,163.659,144.1848,171.7889,158.2369,106.8229,265.1151,200.0165,146.4213,144.2093
2020-06-26,154.9579,123.1337,164.781,149.0593,203.3316,172.7901,154.1649,163.6004,144.586,172.1399,156.655,107.2817,267.4093,202.5055,146.3455,144.1609
2020-06-29,152.9476,121.8496,164.2413,148.9267,203.5313,173.5173,154.9662,163.6017,144.3434,172.1602,156.3223,106.6517,262.8664,199.1556,145.2616,144.1235
2020-06-30,154.5194,124.3064,163.4589,148.272,203.7673,172.6465,154.4627,162.2276,144.7749,171.7036,157.1546,107.5419,263.9382,200.4964,145.4115,144.0984
2020-07-01,153.9256,123.5601,163.7938,147.9669,202.9329,172.4443,154.1614,162.3211,144.0533,171.7818,157.6961,106.6063,263.3926,203.27,144.6419,144.0492
2020-07-02,151.1199,121.9117,163.5981,147.3304,200.6623,171.2439,153.0509,162.7054,142.7297,170.4402,156.5819,104.9745,259.5229,202.4372,143.8974,144.1392
2020-07-03,149.9777,120.9723,163.7323,147.8464,200.1229,172.2344,154.6416,163.1437,143.8911,171.2404,156.3999,104.6683,257.3774,197.41,144.0248,144.1406
2020-07-06,152.3998,122.3609,164.1062,148.5375,201.7558,173.6898,155.2751,163.6886,145.5393,171.7405,157.2167,105.5337,260.9873,197.6885,144.6646,144.1828
2020-07-07,154.4886,124.2916,163.3462,148.2608,205.3114,175.8568,156.4123,163.7304,145.1133,171.7935,157.2644,106.6782,258.752,199.1043,145.1055,144.2271
2020-07-08,153.929,124.2598,163.0561,147.5844,203.1248,174.8832,154.9791,163.2727,144.9204,170.5652,158.5001,106.9412,258.5852,198.6421,144.8961,144.2579
2020-07-09,157.7387,126.4042,162.3469,146.9159,204.7171,174.4701,154.1418,163.326,146.1263,170.4882,160.872,106.6244,260.7348,203.1579,144.8912,144.2146
2020-07-10,159.3984,127.5582,162.0565,147.5234,205.2942,175.4537,155.4199,163.0097,147.7248,170.3271,164.3428,107.9621,262.0601,202.8959,145.3787,144.3
2020-07-13,161.8264,127.5233,162.036,147.5792,205.0544,175.2037,155.0353,162.4164,148.0778,170.3119,164.2406,107.7315,264.2603,204.4272,145.7365,144.309
2020-07-14,159.7579,126.241,161.7602,147.4156,205.8795,175.5277,154.9609,162.5924,147.0439,170.2833,162.9363,106.7963,262.1594,202.7137,144.8249,144.3756
2020-07-15,158.0924,125.7364,162.4909,147.4172,206.4246,175.4769,154.9052,163.6152,146.5635,170.4563,162.6423,105.891,259.8075,200.9942,145.538,144.3952
2020-07-16,156.1384,124.2349,162.8045,147.4241,206.2833,175.3884,154.8879,164.0398,146.3588,170.8085,162.1659,105.5359,257.497,198.0474,145.0305,144.4064
2020-07-17,157.632,125.8011,162.0472,146.4018,204.2048,174.1367,154.6119,163.1777,145.7282,170.5095,162.3723,106.681,260.1997,201.1656,145.2245,144.3849
2020-07-20,158.528,126.519,161.1371,145.6173,202.7449,174.9588,154.2871,162.4789,145.4174,169.6396,163.309,107.329,259.5671,201.9767,145.121,144.3279
2020-07-21,158.7879,127.1363,161.1126,145.6384,203.0586,174.4239,154.2074,162.4086,144.8897,169.6452,163.3604,108.8551,262.1203,201.9868,145.9921,144.4946
2020-07-22,158.6678,127.7208,161.4997,146.3952,206.7206,176.3758,154.6796,163.1179,145.5807,170.7067,163.8013,108.4128,260.771,202.151,146.4234,144.5583
2020-07-23,159.2373,128.5656,160.4824,145.8348,206.0953,176.5312,154.3815,162.3409,146.1347,170.7361,163.0555,108.2674,262.9854,199.7018,146.1356,144.6325
2020-07-24,162.0167,130.447,160.0869,145.7184,207.4896,178.3261,154.414,162.333,146.8027,170.6639,163.6471,109.6251,262.1117,201.5947,147.0036,144.6475
2020-07-27,164.9221,132.9694,160.274,146.7117,211.0828,181.2358,156.6593,163.2871,149.1389,171.9672,164.7357,109.5984,264.2707,203.7467,147.2043,144.7202
2020-07-28,165.4372,134.3494,159.8498,146.6909,210.695,180.0741,157.0927,162.8943,149.9187,171.5553,165.9036,110.0546,263.9795,203.2471,148.1037,144.7303
2020-07-29,166.8837,135.5759,158.4833,146.0375,213.2435,180.1374,157.1995,162.5577,150.216,171.9965,164.9533,108.8571,262.0806,202.7863,148.1452,144.7903
2020-07-30,168.8641,135.7772,158.1743,145.8963,214.5513,180.2293,157.0901,162.155,150.1373,172.095,163.9817,107.1423,264.7023,204.9024,147.6215,144.6802
2020-07-31,165.841,134.831,157.9043,145.7631,213.7186,180.3596,156.3923,162.3234,149.6851,171.3834,164.4234,106.4544,261.7958,202.8907,147.3317,144.7085
2020-08-03,166.0313,135.9581,158.7921,145.9915,213.1394,180.5715,157.0822,163.4266,150.1295,171.252,165.5741,108.3248,267.1009,202.8598,147.1181,144.7436
2020-08-04,168.2205,136.5724,158.5884,145.892,211.7554,179.9229,157.3253,163.2515,149.2119,170.694,164.3728,109.0088,271.5296,208.6438,146.984,144.7236
2020-08-05,172.4719,139.9554,158.1598,145.937,215.3639,182.3856,159.62,164.2888,150.7647,172.1353,165.5142,109.6255,273.8076,209.7158,148.4069,144.7465
2020-08-06,168.9574,137.7717,158.5302,145.5612,213.8113,180.0373,158.1356,164.3099,150.1482,172.6279,165.5605,107.9093,270.6202,207.3178,148.6148,144.6808
2020-08-07,166.9491,136.4729,158.4051,145.4731,212.9624,179.4554,157.6523,163.6106,148.6936,171.9413,165.0903,106.7085,270.0416,208.9939,147.708,144.6542
2020-08-10,172.3009,139.1415,157.3133,144.6839,215.606,180.3638,157.4714,163.0502,150.0331,172.7039,163.9746,106.8746,270.7584,210.1667,147.9562,144.6438
2020-08-11,170.5474,138.3012,157.2261,143.8525,212.4842,179.183,155.8541,162.0548,148.8839,172.1624,162.8426,108.8592,270.0286,205.3364,148.5279,144.6815
2020-08-12,168.961,136.8984,157.6452,144.7348,213.3383,179.9939,156.2196,162.3654,149.5092,173.1742,163.1126,109.7597,269.0739,203.0067,148.5102,144.7704
2020-08-13,168.8546,136.5062,158.2951,145.234,213.1849,180.2181,156.814,162.9682,149.1694,172.6355,163.3633,112.5476,271.8736,203.6311,147.5508,144.7806
2020-08-14,164.4774,134.778,157.7645,144.6879,211.1689,178.4511,155.0373,161.7875,148.1379,172.0662,162.3327,112.8951,269.0845,197.1867,147.4314,144.8537
2020-08-17,167.2521,135.5661,157.9525,145.2545,212.3113,179.4135,154.9997,161.9825,149.3788,172.2866,164.139,112.9456,271.1101,201.3172,147.751,144.9036
2020-08-18,170.3362,138.1558,157.5239,145.667,216.4527,181.6437,156.8323,162.6499,151.3078,173.3156,165.8574,112.7177,270.6508,204.9257,147.2756,144.9744
2020-08-19,172.625,138.065,157.5459,145.8503,216.9226,182.5602,157.6414,163.159,151.544,173.9889,165.8979,114.5406,269.5309,207.1607,147.6669,145.0573
2020-08-20,174.0986,138.4858,157.784,146.8784,218.4282,184.8536,159.6008,164.3442,154.086,174.6639,168.3567,113.8819,268.9567,207.3503,147.6553,145.1469
2020-08-21,175.6384,138.9309,157.7428,147.1699,219.9868,185.8048,159.5177,164.7693,154.4634,174.5584,169.4914,116.794,268.2097,210.4532,146.9686,145.2208
2020-08-24,178.8362,139.8833,156.9299,147.1418,222.5204,187.4032,160.8438,164.8533,155.9132,175.2797,168.6608,116.4244,267.0856,208.8848,146.8631,145.2864
2020-08-25,180.7904,141.7773,156.917,146.5898,223.19,186.94,160.3798,165.3238,156.2072,175.1287,168.7986,117.9033,267.9236,210.9088,146.9047,145.2488
2020-08-26,181.2871,140.8006,156.747,146.3841,223.7497,187.4332,160.9975,166.4138,156.806,175.5291,170.333,118.2104,265.5391,208.6642,147.0007,145.2941
2020-08-27,178.788,141.0064,157.1943,146.4969,223.4425,187.7796,160.8408,167.4125,156.5301,175.434,169.2195,117.2001,264.9864,209.925,146.3279,145.3727
2020-08-28,182.5154,142.6451,157.4263,147.0081,225.3808,190.2523,162.2265,167.7767,157.7739,175.7182,171.5765,118.9487,265.3555,211.5801,147.4385,145.463
2020-08-31,179.7896,142.5409,157.8038,147.8301,225.6525,191.2675,162.5021,167.1366,158.9653,175.7373,170.9766,118.1156,262.154,205.4413,148.2332,145.4472
2020-09-01,182.7618,143.1979,157.9931,148.0141,227.3529,192.235,162.7553,168.0035,159.318,176.4629,170.8062,119.6671,265.2836,208.406,148.3251,145.4165
2020-09-02,181.3639,141.6334,157.8511,147.5263,226.3038,190.8508,161.2723,166.8637,157.3683,176.2543,171.1725,119.3778,266.0697,211.2265,147.3536,145.3963
2020-09-03,184.9625,143.8862,157.6501,146.7069,225.0438,191.4478,162.2438,166.6241,156.2488,176.6522,171.7996,121.0141,267.0879,218.2146,148.485,145.3723
2020-09-04,186.5724,145.7195,156.8317,146.5619,225.7922,192.0458,162.427,165.7813,157.3022,176.992,172.7748,121.8485,269.0841,219.4049,147.9732,145.3863
2020-09-07,185.883,145.3239,157.1062,146.9422,224.752,192.7398,163.5742,166.1878,158.3159,177.7678,173.0964,120.5049,269.9919,218.1523,147.8448,145.4149
2020-09-08,183.4363,143.556,156.5575,146.5943,224.23,193.7066,163.879,166.013,157.7376,177.9055,171.8515,118.3076,267.5273,212.8862,147.5264,145.4029
2020-09-09,187.8227,146.1828,156.5867,146.8094,226.4679,194.8772,164.4728,166.4459,157.7619,177.7124,173.2198,120.0983,270.1623,219.218,148.8577,145.3927
2020-09-10,188.8207,146.8827,156.5947,146.8546,226.1367,194.5849,164.674,166.361,157.2915,177.3829,172.7103,121.4403,271.7018,220.8542,149.4033,145.454
2020-09-11,191.6037,149.4625,156.098,146.0856,224.8756,193.8055,162.9626,165.8321,157.6509,176.8278,172.5442,122.1092,273.5853,224.368,150.5512,145.3771
2020-09-14,194.6522,152.2241,155.6334,145.9027,226.7162,194.4241,163.7821,166.3266,158.7755,176.1733,173.9367,122.2834,277.1013,223.893,150.9865,145.4455
2020-09-15,191.5877,151.7507,155.3418,145.5535,227.8812,193.4463,163.3044,166.4022,158.3185,176.0724,173.6866,120.2864,277.1177,218.0745,151.0908,145.5453
2020-09-16,190.7984,151.2881,154.5579,144.6365,226.2988,192.0772,161.7429,165.5356,157.6671,175.4865,171.9638,120.0582,274.9609,215.2375,151.1262,145.5856
2020-09-17,198.6011,154.8035,154.3511,144.6551,229.4697,193.3773,162.8588,166.4377,158.9926,175.5626,173.1725,122.7489,275.9684,224.0893,151.1294,145.6218
2020-09-18,198.4404,154.3851,154.832,144.8923,229.6797,194.0211,162.7063,167.0359,159.081,176.053,173.8178,123.4518,276.8708,225.5941,150.864,145.599
2020-09-21,200.1716,154.218,154.954,145.1615,228.9151,194.3601,162.4986,167.3937,159.5859,175.624,173.058,124.0194,280.0712,225.8251,150.9602,145.5937
2020-09-22,200.8902,155.5574,154.9657,145.1058,230.6047,195.0952,163.1823,167.4905,158.8737,176.5965,173.456,124.9102,282.1943,227.5408,151.9573,145.5913
2020-09-23,202.9354,156.572,154.6359,145.1491,232.4969,196.1546,164.0872,167.6075,158.7056,175.9728,172.8709,126.4639,284.9093,223.7322,152.7453,145.7025
2020-09-24,205.8456,157.9437,154.5756,145.2561,235.7837,198.1197,163.9666,168.4001,159.5449,175.564,173.238,125.723,284.5306,226.0785,152.3511,145.6523
2020-09-25,205.2137,155.6926,153.899,144.4004,232.7199,197.6001,163.9039,167.779,156.593,174.1238,171.3604,126.0341,282.2522,226.394,152.3157,145.679
2020-09-28,208.8145,156.686,153.2218,143.7273,232.1609,197.0779,163.2646,167.2411,157.5223,173.1678,172.9553,124.7535,283.2627,228.795,151.3667,145.7344
2020-09-29,208.2171,155.6452,153.1464,143.6113,232.3024,197.2894,163.4056,167.7511,157.8959,173.5209,173.7168,124.4793,280.4172,226.3351,151.5587,145.7339
2020-09-30,209.0781,156.1615,152.8824,143.8301,236.5713,198.2061,164.0348,168.6115,159.5491,174.6996,173.3989,124.6444,275.2721,223.1148,151.742,145.7273
2020-10-01,214.0156,159.1766,153.0888,144.3357,240.2838,199.3829,163.8058,168.6256,161.4614,174.9021,176.5561,124.4779,278.1478,229.0547,152.0894,145.716
2020-10-02,217.9817,161.099,152.8564,144.5131,242.8529,200.3371,164.3602,168.5566,163.117,174.8877,178.7217,123.7854,277.6112,230.5304,152.7068,145.7512
2020-10-05,220.0608,162.1077,152.2823,144.2386,243.8801,201.1604,165.3884,168.3199,163.3769,175.0315,179.5997,123.4789,277.0745,229.734,153.3186,145.7901
2020-10-06,220.3556,162.181,153.2231,145.4757,245.3281,201.8136,166.0377,168.4577,163.6357,175.2363,182.4135,123.5501,278.574,231.8449,155.3774,145.7569
2020-10-07,218.2075,161.2404,152.56,144.7954,243.0976,200.4803,164.7066,167.5824,162.5837,174.9229,181.8521,123.4459,278.9069,231.4998,154.6788,145.7555
2020-10-08,218.6806,163.4276,152.6266,145.5142,245.6169,202.5414,167.1834,168.1867,162.5611,175.5079,181.8678,121.9229,280.705,233.5285,156.1925,145.7648
2020-10-09,216.7589,163.1851,152.9416,145.3042,245.3661,202.5869,167.2449,169.2671,161.2589,175.7401,181.4799,124.4365,280.219,234.674,156.0331,145.8276
2020-10-12,220.0267,164.7666,152.477,145.3251,247.2159,204.4394,168.6543,169.4505,163.0513,176.9887,182.636,124.8673,281.1614,233.4815,156.3917,145.8386
2020-10-13,222.6101,164.6359,152.462,144.8901,246.96,201.811,166.4167,168.8671,162.5177,175.981,183.1458,125.091,284.8248,235.7142,156.6582,145.7641
2020-10-14,222.8107,164.8102,152.8597,145.8876,245.9416,201.7496,167.618,168.7963,163.7348,176.6783,183.744,125.0841,285.8498,235.7165,158.3259,145.8683
2020-10-15,221.6906,162.1423,152.7842,145.3781,241.4839,199.7038,165.798,168.2836,163.122,175.9451,185.2203,125.2484,285.5754,236.1418,158.1504,145.8543
2020-10-16,218.1688,160.4616,152.8117,145.4171,241.3426,199.2655,165.9342,167.9181,162.1891,176.6664,184.3024,123.9952,282.2779,234.4624,158.2632,145.7712
2020-10-19,218.1664,160.2821,152.3509,145.0907,240.0956,200.1443,166.1157,167.7599,162.2811,176.7684,185.175,123.8672,284.9208,233.3403,157.734,145.785
2020-10-20,219.1681,161.2917,152.2808,145.3035,239.339,200.3297,167.1469,167.9523,163.1997,177.1772,186.1154,124.2605,286.2277,233.7549,158.5426,145.8353
2020-10-21,223.5377,162.8658,151.9601,145.187,240.3498,200.3708,167.3763,168.2328,164.7727,177.4819,186.2129,124.0367,285.9198,235.0299,159.3898,145.759
2020-10-22,224.0796,161.4012,151.8001,144.5669,237.0909,198.6267,166.3301,167.3949,163.2973,176.497,186.5168,125.6177,285.208,237.1159,159.2635,145.7464
2020-10-23,219.9983,160.8651,151.6181,145.0808,238.5172,199.2849,167.1386,167.3591,163.7138,176.365,185.944,125.7681,280.2724,232.4782,158.5942,145.6844
2020-10-26,220.4924,161.9713,151.8593,144.512,236.2026,198.6302,166.5021,166.9339,163.5403,176.5666,186.0332,126.3165,279.2025,236.1608,158.7415,145.7004
2020-10-27,222.5495,164.2237,150.7283,143.45,236.4013,197.6455,166.399,166.2353,163.9483,176.1391,188.7527,126.4261,279.9864,235.7405,158.8554,145.6244
2020-10-28,222.3838,163.8156,150.7484,143.2081,236.3885,199.022,166.5761,166.7683,163.512,176.5261,187.8007,126.2366,278.0591,235.6597,158.8655,145.6924
2020-10-29,228.0702,167.8667,150.2733,142.6663,238.6347,199.1196,166.0826,166.357,164.7345,176.4986,188.4104,126.3702,283.1696,241.4893,157.8074,145.6343
2020-10-30,230.696,170.0297,149.8357,142.3638,238.6893,199.6074,165.9242,165.8423,165.3522,176.4908,190.0316,126.697,283.0239,246.9761,157.5721,145.615
2020-11-02,234.7217,173.0276,149.3775,142.0242,242.3885,202.8532,168.0537,166.9313,166.1597,177.2029,189.8119,127.1835,285.203,245.3452,157.4827,145.642
2020-11-03,234.7761,173.2864,148.7057,141.0654,240.4917,201.8588,167.2934,166.1935,164.9339,176.6449,188.4761,124.2299,285.1281,244.8384,158.665,145.6592
2020-11-04,239.3628,175.6579,148.7429,140.9133,240.4728,202.9114,168.555,167.2157,166.4929,176.8033,189.8337,123.0574,286.5812,245.998,160.2016,145.7013
2020-11-05,240.3894,175.9532,148.7104,140.3889,240.8764,202.9156,167.6366,167.8343,164.3494,176.3077,186.9263,122.9186,288.1277,250.3964,160.5416,145.636
2020-11-06,241.9399,176.032,149.2683,140.4144,242.1795,202.0306,167.5467,167.8982,163.6132,176.3526,187.7147,124.525,288.3205,251.4261,161.4325,145.5991
2020-11-09,244.4028,176.7905,149.6523,140.4386,244.2533,201.8364,167.392,168.7542,164.8478,176.8153,189.6087,126.2716,283.9607,252.5694,161.8557,145.6328
2020-11-10,249.8809,178.2351,149.5533,140.637,246.3026,202.5617,167.6362,168.7603,165.8463,176.805,190.7743,128.3212,284.7163,256.23,161.9029,145.6654
2020-11-11,249.9433,177.1279,149.9835,140.6776,246.1473,200.5212,166.0194,168.6648,165.8769,176.8049,191.3127,127.0259,285.7864,258.6652,161.8979,145.6476
2020-11-12,249.6291,176.5023,149.54,139.9877,244.1829,200.5534,165.8555,169.1155,165.294,176.712,192.0533,126.406,282.3773,259.2327,162.682,145.6782
2020-11-13,242.2226,175.6869,149.8554,140.1365,241.7908,199.4694,165.8055,169.5851,166.3125,176.4718,192.778,127.2417,279.7802,249.9973,162.2732,145.6899
2020-11-16,239.4057,176.2408,150.0772,140.3137,240.7244,200.6786,166.0764,170.1761,165.7192,176.4489,192.9451,128.0919,280.7719,252.0893,162.1325,145.6378
2020-11-17,237.7699,177.088,149.8969,140.0952,240.931,200.4248,165.8332,170.0807,165.5852,176.7825,194.3676,127.665,281.0137,254.5461,161.6351,145.5814
2020-11-18,230.6669,173.4647,149.7085,139.2167,236.8771,197.6104,163.7351,169.0163,162.8004,176.5255,192.2478,127.5462,278.8869,249.649,161.2631,145.6288
2020-11-19,224.0391,169.0554,149.6951,138.9055,231.9169,194.542,161.6587,168.0719,160.7502,175.1857,193.399,126.1791,278.1353,246.4977,161.19,145.6674
2020-11-20,228.6868,171.733,148.9953,138.6157,230.8077,194.3869,163.4768,168.1508,162.6932,175.4806,195.7348,126.7584,281.0375,248.1731,161.4398,145.6962
2020-11-23,226.2403,169.6066,149.0269,138.6135,229.0594,192.6656,162.1538,167.2815,161.1788,175.406,195.1296,125.9707,280.4689,250.2031,161.8161,145.6914
2020-11-24,224.9961,169.1233,149.4861,138.7494,228.4863,192.9783,161.954,167.8927,161.0614,175.6654,196.5834,125.8257,280.9596,251.7909,161.974,145.7112
2020-11-25,223.375,168.1281,148.8901,138.5187,227.5088,192.6534,162.0917,167.5196,160.8173,175.1181,197.9478,125.2893,280.3104,249.1188,161.6361,145.6002
2020-11-26,224.9579,168.6534,149.0956,138.3777,227.6391,191.4912,161.49,167.7904,160.0075,174.4091,197.3007,126.2408,281.9457,251.543,162.2748,145.6471
2020-11-27,223.6823,168.2409,149.2461,138.8655,227.8258,191.6521,161.96,167.3891,159.9781,175.3488,197.6367,127.4259,282.9282,255.0894,161.0317,145.5797
2020-11-30,232.1503,171.9241,148.8897,139.2436,231.3837,193.7819,164.1604,168.2758,161.9176,176.1119,198.4132,127.4646,286.4282,258.2519,163.1492,145.6701
2020-12-01,234.7877,171.6015,149.0772,139.3457,232.0657,193.3875,164.53,168.453,162.0952,175.6891,198.3894,128.5694,287.0805,257.3188,163.2478,145.7645
2020-12-02,234.2434,173.2163,148.578,139.3865,234.9027,194.8929,166.0781,168.9485,162.7127,176.1832,197.4442,128.445,288.8812,251.0845,163.0325,145.8864
2020-12-03,232.1825,172.9845,149.3154,140.192,234.3077,194.8462,166.505,169.5499,163.7329,177.1611,198.5327,127.7803,290.6656,254.5938,162.5448,145.8796
2020-12-04,228.6552,172.0667,150.1194,140.7736,235.0796,194.0303,165.8598,170.0849,164.3385,177.265,197.7914,126.6006,292.4955,250.3947,162.1247,145.8545
2020-12-07,228.3656,171.7238,149.9945,141.3889,237.2396,194.8157,165.3564,169.4307,164.7865,177.9784,195.6979,127.5319,287.6288,250.3858,162.4085,145.9248
2020-12-08,228.2732,172.0066,150.3574,141.4836,240.2456,195.373,165.3236,170.3142,165.1781,179.3003,194.8225,129.0268,285.0254,250.3595,161.9968,145.9264
2020-12-09,230.8481,173.842,150.5023,142.0195,241.8445,197.9592,166.9248,170.9635,165.8762,180.2686,195.486,130.8854,289.1125,253.907,161.9636,145.934
2020-12-10,231.6055,174.1409,150.2026,141.5784,240.7153,198.0782,166.5413,170.3592,164.3707,179.185,194.7131,131.3271,289.1491,256.2098,162.1861,145.919
2020-12-11,234.5924,176.2982,149.738,141.188,242.0245,199.3244,167.209,170.5597,164.6055,178.9478,194.6402,129.5585,293.4386,254.4423,163.1525,145.953
2020-12-14,236.0438,177.6115,150.5741,141.8774,245.7696,199.4031,166.8958,171.5503,165.6215,179.309,195.7707,129.6413,296.8783,257.5231,162.6263,146.0844
2020-12-15,234.2159,178.0864,151.1844,142.5738,245.7285,200.3132,166.7824,171.7248,166.3366,179.6917,197.8036,130.2655,297.2837,260.4363,162.505,146.0741
2020-12-16,228.159,175.9158,151.2544,141.7773,240.7688,198.5263,165.1297,170.2343,163.7434,179.0371,195.608,129.2428,290.9421,260.2282,162.5865,146.1093
2020-12-17,232.2419,178.1848,151.3509,141.4627,242.1056,199.3494,165.4716,170.8961,163.1541,179.0209,195.7777,131.2255,295.0494,264.8464,163.0316,146.2302
2020-12-18,228.2418,176.0102,151.9431,141.9899,241.6179,200.093,165.648,170.8788,162.828,180.1208,196.326,130.0627,292.9974,264.1702,162.9388,146.3503
2020-12-21,233.7124,178.8931,151.6767,142.0725,245.9451,202.4529,167.7398,172.7622,165.2215,181.4262,195.886,131.9805,291.4684,265.1863,162.3227,146.4262
2020-12-22,240.1966,182.8642,151.6673,141.547,246.7373,201.8017,166.8134,172.5718,166.0598,180.801,199.1165,133.2941,299.0233,273.2352,162.0388,146.3343
2020-12-23,235.3244,181.8684,151.908,142.1946,245.6872,202.1319,167.6027,172.9109,165.8658,180.6807,199.5201,135.7675,298.128,269.7266,161.8183,146.3014
2020-12-24,232.5531,178.0177,152.3883,142.6276,244.439,201.5501,166.7336,173.1885,165.7472,180.174,199.0317,133.411,296.5464,264.454,162.257,146.3173
2020-12-25,231.0092,176.5014,152.4656,143.3479,245.7738,202.7683,168.1021,173.7548,166.2094,180.5663,198.4013,134.6728,290.7664,263.6824,161.3885,146.3029
2020-12-28,236.0769,178.9,152.1881,143.2653,246.5329,203.6572,169.3087,173.5689,167.0982,181.0806,200.8887,133.5596,293.8232,267.1373,163.1324,146.3039
2020-12-29,238.8415,179.6457,152.4282,143.359,247.5742,204.8273,170.4313,173.731,167.6752,181.9453,201.9702,134.9102,294.0187,271.113,162.1979,146.3926
2020-12-30,237.603,181.5138,151.2552,141.7355,244.481,202.4618,169.5426,172.138,166.9683,180.6337,201.6091,137.3526,290.7151,265.5184,161.9427,146.3683
2020-12-31,241.5922,182.3973,150.8376,141.9271,244.8653,203.7564,170.1166,172.4347,168.1513,181.3606,201.7241,139.7073,293.631,269.5125,161.2576,146.4136
2021-01-01,235.2629,179.2495,150.5358,141.9047,245.2787,204.3018,170.1604,172.9921,167.3784,181.8717,199.2354,138.8888,290.2332,260.798,160.0888,146.4834
2021-01-04,235.9343,180.4483,150.1616,141.4194,245.5525,204.268,169.8423,172.6965,167.1303,181.3528,200.3144,141.0412,290.1521,259.1451,160.3473,146.5471
2021-01-05,239.065,182.2333,149.9117,141.3681,247.4028,203.7848,169.9855,172.8471,169.1244,181.6422,202.7079,141.3656,286.8592,259.1805,161.1091,146.642
2021-01-06,242.3434,182.4214,149.9273,141.2319,247.6727,203.7108,169.8862,173.2116,169.6794,181.5717,202.584,139.98,284.7228,260.1001,162.474,146.7002
2021-01-07,238.169,180.1061,149.6322,141.3832,246.9185,203.5431,169.885,172.6578,168.7194,180.9029,200.7768,140.0945,281.9907,255.0469,161.7628,146.723
2021-01-08,234.5173,178.3778,149.365,140.9299,243.165,201.8907,169.814,172.2956,167.8771,180.2015,199.9469,138.2316,280.2391,253.7468,160.9105,146.7934
2021-01-11,230.3637,177.1613,149.7492,141.0835,242.7736,201.4783,169.9494,172.3788,166.5477,179.3236,198.6045,137.5571,277.8563,249.7553,161.2192,146.7503
2021-01-12,231.4972,177.9207,149.6572,140.8527,242.0085,201.5321,169.8962,172.032,165.6653,179.5705,198.4008,139.7416,279.2194,254.7915,160.9057,146.7025
2021-01-13,227.4129,177.2034,149.4239,140.048,239.3171,200.0724,168.4753,171.2015,163.3967,178.7167,197.0033,142.3486,277.5157,252.1427,160.854,146.6901
2021-01-14,223.6741,174.905,149.206,140.5397,238.9154,200.6216,170.094,171.1434,162.7755,178.8036,195.8545,142.2567,272.3094,250.6271,159.9369,146.7323
2021-01-15,225.3583,174.5545,149.0105,140.3464,238.0791,200.5094,170.6858,171.7146,164.7471,179.2804,199.4898,141.9784,270.9775,250.3247,159.2811,146.7561
2021-01-18,225.6442,175.3991,148.2219,139.8359,239.13,199.9488,170.2496,171.4305,164.0579,178.7318,198.4535,140.9969,269.3926,251.4386,159.2663,146.7871
2021-01-19,219.2352,172.7069,148.7037,139.5538,235.6668,198.7067,169.8248,171.0863,161.0205,178.5476,194.9344,141.1206,268.9391,249.889,158.588,146.8324
2021-01-20,218.0045,170.9209,149.234,139.6377,233.3444,198.3872,169.6639,171.6476,159.9762,178.3298,193.7481,140.2877,269.8,249.0904,159.6796,146.947
2021-01-21,215.1283,170.1631,149.2489,139.8708,234.704,198.8406,170.6735,171.6349,159.0055,178.0217,193.0266,139.6611,266.9947,246.4182,159.531,146.8037
2021-01-22,218.9713,172.1076,149.939,140.8321,235.4983,200.2267,171.182,172.401,160.9664,178.3478,195.7514,138.6983,271.2915,253.2764,160.4437,146.8389
2021-01-25,222.0612,172.8451,150.561,141.6004,238.0901,201.2687,171.7911,173.4136,161.3384,178.7299,195.849,138.7933,274.8442,258.0371,161.0763,146.7658
2021-01-26,222.4363,171.221,150.6606,141.4453,238.7519,202.0085,171.5618,174.0803,160.2453,179.1698,196.7429,137.2087,275.1163,263.3404,160.3089,146.8359
2021-01-27,217.6932,169.4275,150.5507,141.715,239.9913,202.9203,171.9214,174.3378,159.1119,178.5649,196.0318,136.6463,270.4752,259.9147,159.5432,146.6695
2021-01-28,218.2604,170.0389,151.0369,141.791,239.7143,201.6474,170.9928,174.6396,158.8783,178.3226,196.6286,137.4548,272.8894,262.7683,160.317,146.6472
2021-01-29,217.6868,170.4295,151.12,141.9664,239.5183,201.9249,171.3614,174.2225,158.5928,178.3395,197.0653,135.0712,273.1697,264.7076,161.095,146.5682
2021-02-01,219.6816,171.9562,151.245,141.8078,238.47,200.7791,170.8478,174.0846,158.6859,177.6921,196.8052,135.5847,275.8021,266.5147,162.0218,146.5885
2021-02-02,220.5605,171.7294,151.8295,142.0411,239.3706,200.9333,170.382,174.9056,159.4348,177.8645,197.3775,137.4629,274.0041,268.0124,161.419,146.5713
2021-02-03,222.2495,172.7372,151.5861,142.115,241.5879,202.5021,171.2257,175.2738,160.1579,178.4313,199.8631,138.9481,274.1197,269.898,160.7548,146.5235
2021-02-04,224.2368,174.8254,151.8032,142.2396,241.8279,203.1215,171.2105,175.0851,160.5214,177.9874,200.098,138.3854,273.7225,275.6798,161.1593,146.4608
2021-02-05,223.0237,175.8986,152.0591,142.3181,243.6108,203.0679,171.5293,175.5506,161.4077,178.4965,201.0057,139.2397,272.0391,270.7765,161.7381,146.4767
2021-02-08,223.0964,177.0289,152.4535,142.2181,245.4562,202.6826,171.0561,175.6741,161.4101,178.8387,199.8555,140.5918,270.7503,270.8929,161.4795,146.5131
2021-02-09,226.0909,178.1858,151.4125,141.3466,245.9048,201.4205,170.6098,174.7931,161.3175,178.6341,198.0627,142.2576,271.5906,269.0306,161.0862,146.4625
2021-02-10,236.1514,182.7188,151.6488,141.1621,249.5861,204.1719,171.8749,176.5978,163.2687,180.0865,199.2438,141.6595,278.695,275.0233,162.7069,146.5125
2021-02-11,236.194,185.242,151.169,140.7868,249.3465,204.9501,173.2343,177.0741,163.3989,179.6965,199.4401,144.1562,276.6194,273.4822,163.196,146.486
2021-02-12,237.5438,186.3927,150.9938,140.2795,249.3361,204.957,172.876,177.1063,163.0703,179.695,199.3568,145.3553,277.0539,275.9686,162.9115,146.3773
2021-02-15,236.1932,185.1909,152.0187,140.6176,247.7075,203.493,173.1722,177.544,162.5276,179.9597,198.9358,146.9951,279.9658,276.0017,162.7285,146.4041
2021-02-16,238.1632,187.2032,151.655,140.3707,247.6158,203.8314,173.0832,177.4236,163.2917,180.1755,198.7308,146.6897,278.9491,278.5356,163.1748,146.4311
2021-02-17,232.5552,185.0098,151.5941,140.2281,243.1647,201.1925,171.317,175.7457,162.4067,179.1836,198.4905,146.3409,278.996,273.9608,163.0199,146.3372
2021-02-18,228.1562,182.4352,150.9854,139.46,240.5915,199.9311,169.6137,175.1622,161.8887,178.1446,197.5478,145.4627,274.7967,266.1596,162.0464,146.3389
2021-02-19,227.3832,182.3424,150.6504,139.0171,239.3235,200.1738,169.1928,175.4511,162.244,177.5172,197.6335,146.3518,273.074,263.1122,161.4838,146.2821
2021-02-22,228.4243,183.5217,150.1899,138.8953,239.5151,201.357,170.4609,175.2014,161.8761,178.0781,196.992,147.1465,273.9065,263.1426,162.2457,146.2954
2021-02-23,221.2929,181.694,149.9755,138.8313,240.6517,201.4012,169.7134,175.9017,160.7363,178.5373,195.1138,149.3992,271.6882,257.6721,160.3785,146.3887
2021-02-24,224.8124,183.2415,151.0361,139.7826,243.9707,203.0876,170.0357,177.8792,162.3548,179.8037,196.7314,150.4373,276.8621,262.1039,161.1575,146.4587
2021-02-25,225.1981,182.8128,151.225,140.1418,245.0084,204.3769,170.8673,178.7313,163.3109,180.6303,196.8212,149.0272,279.9902,260.944,160.4407,146.477
2021-02-26,230.818,185.2246,150.7563,139.3393,244.068,204.1352,170.4112,178.7996,163.4884,180.1269,196.3281,148.5661,285.5389,266.5975,160.1448,146.5676
2021-03-01,235.0461,188.8367,150.4582,138.5514,244.776,204.1522,171.1167,178.9074,162.9472,179.84,196.9989,148.8768,285.7109,271.8239,161.2497,146.621
2021-03-02,234.3361,188.8282,149.8114,137.6239,241.5379,203.1544,169.4569,177.4364,161.7531,178.6643,197.1998,149.3003,282.5376,272.0503,161.9167,146.5248
2021-03-03,240.3522,190.8909,150.4319,138.091,244.9091,203.523,169.3258,177.9469,162.9469,179.6841,198.0164,149.1766,288.7195,279.6471,161.75,146.6196
2021-03-04,238.8884,190.0443,149.7284,137.851,243.2199,202.7404,169.0763,176.9879,164.0571,180.1882,197.4949,148.5563,288.6277,273.0238,161.4018,146.5798
2021-03-05,234.6095,188.2188,150.1307,138.0214,243.1092,202.7386,168.8427,177.8687,163.4805,180.6409,195.8076,148.4177,289.3243,268.6135,161.0313,146.5294
2021-03-08,231.1708,186.8302,149.6126,137.5786,242.2113,202.7731,167.6077,177.4487,163.459,181.0578,195.2479,149.1999,286.4355,263.1048,160.5176,146.5747
2021-03-09,236.7262,189.3211,149.8818,137.7583,244.6089,204.7307,168.2882,178.6677,163.9355,181.2308,197.7585,150.9758,288.115,271.2845,161.2255,146.6524
2021-03-10,239.3554,191.283,150.1749,137.9845,246.1158,204.4938,169.135,179.8612,164.3739,181.471,198.1802,150.1156,290.044,276.7812,161.9225,146.6803
2021-03-11,239.436,192.698,150.7369,138.9384,249.2786,205.002,169.6438,180.5061,165.1448,182.2095,198.308,150.0085,292.7189,280.1025,162.0399,146.6716
2021-03-12,238.2274,190.9769,151.1157,138.3971,247.4848,201.8536,167.6917,180.6455,164.1464,181.9672,197.6849,149.8414,293.5551,282.6087,161.2096,146.6171
2021-03-15,242.4224,193.9293,150.9048,138.2741,249.6557,204.663,170.1625,181.6607,164.2713,182.4819,196.5766,150.3097,295.9928,284.0508,161.6035,146.5879
2021-03-16,242.5334,193.439,151.1323,138.7418,250.7106,204.8744,170.5917,181.7138,165.3549,183.1341,195.2852,151.4424,294.171,280.2845,161.6521,146.4632
2021-03-17,243.9736,192.8861,150.6406,138.4276,251.5806,204.7996,170.7471,181.3964,163.8948,182.2142,196.1958,153.6499,294.4237,283.2383,160.6599,146.4755
2021-03-18,241.1687,191.0196,151.0555,138.3606,251.767,204.582,170.0611,181.7463,163.0442,182.6145,195.0745,153.0225,291.5751,281.4937,160.5652,146.5305
2021-03-19,237.4044,189.0245,151.3142,139.1711,252.2411,205.5299,170.7979,181.5586,162.8837,182.5244,193.8918,154.3612,291.2354,275.149,160.0107,146.6093
2021-03-22,238.0567,188.944,150.7192,138.9222,252.7512,205.297,170.9732,181.161,163.385,182.0222,195.668,153.7756,289.0892,273.1025,159.7815,146.6103
2021-03-23,237.102,190.9008,151.6109,139.4867,252.981,204.6568,170.9527,181.5884,163.9042,182.391,196.8292,154.3986,291.5225,276.5422,160.5993,146.5932
2021-03-24,239.2317,193.2979,152.2653,140.5992,255.3002,206.3197,172.2566,182.3952,166.3135,183.6686,197.6305,155.83,294.9403,278.0813,160.963,146.5298
2021-03-25,240.5957,193.4079,152.031,141.122,255.3324,206.0921,173.0509,181.615,166.8034,183.1897,198.5968,154.9424,293.9663,282.1312,160.906,146.4321
2021-03-26,239.7595,192.7889,152.2461,140.8614,252.3364,204.0856,172.0863,181.6743,167.2122,183.1776,200.5023,157.3293,295.6173,283.2023,160.2011,146.4021
2021-03-29,237.1787,190.4883,152.434,141.179,251.6105,203.6272,172.9021,182.0472,166.4187,183.1754,199.0526,158.7988,292.8775,281.6159,159.6263,146.3575
2021-03-30,233.1562,187.6892,152.5958,141.5168,251.5044,203.5446,173.2408,181.4288,165.1273,183.7521,200.439,158.2637,290.2676,283.4018,158.6365,146.3356
2021-03-31,236.4475,188.1903,153.4053,141.9539,250.1983,203.9268,173.2901,182.1915,165.7501,183.9439,202.326,160.8372,293.1011,287.7113,160.0692,146.3711
2021-04-01,237.1618,189.0936,153.41,141.6714,250.6923,203.6,172.7851,181.748,165.799,183.2338,203.1872,162.1593,293.8535,283.5767,160.4572,146.417
2021-04-02,235.6956,188.4142,152.3782,140.4505,248.4995,201.5532,171.7189,180.1245,164.0241,182.5398,203.1093,160.3266,290.3712,284.9149,159.9159,146.4688
2021-04-05,236.1095,188.282,152.1125,140.1204,246.2176,201.6517,172.785,180.3202,164.4569,182.743,201.7548,156.6314,292.38,284.9699,159.1859,146.4797
2021-04-06,239.5522,191.0404,151.9669,139.4678,247.5657,200.9001,171.6653,180.7358,163.7625,182.6389,201.674,156.393,294.1502,291.605,160.5142,146.4412
2021-04-07,241.9629,192.3404,152.1881,139.2309,246.7988,200.7319,172.4605,181.6755,164.0486,182.5676,202.1555,155.7107,293.8742,294.7779,161.4036,146.3816
2021-04-08,236.5861,188.0597,153.1637,140.0142,244.9851,200.2812,172.4734,182.7869,164.2848,182.1597,202.7781,155.3821,294.8905,287.0581,160.547,146.3428
2021-04-09,237.1332,186.1846,153.4938,139.8626,245.0647,200.8722,172.2249,183.9723,163.5815,182.1468,201.1643,156.587,296.7812,286.1885,159.6007,146.3712
2021-04-12,238.1494,187.1663,153.3826,139.5749,245.262,200.5388,171.5745,183.7723,164.3915,181.9995,203.8429,155.5221,297.0981,288.3594,159.1581,146.419
2021-04-13,240.4815,187.3343,153.1656,138.8642,244.2813,199.663,171.2186,182.789,164.4218,182.3576,205.0808,157.5219,295.4624,285.9878,159.9563,146.3264
2021-04-14,243.896,188.187,154.0551,140.3708,246.8747,202.8656,173.6955,183.7202,165.0003,183.6376,203.938,159.6085,297.9134,291.1833,161.1587,146.4312
2021-04-15,244.6747,187.4472,154.4683,140.7293,248.3111,202.3263,173.0541,183.9265,165.729,183.6764,203.9429,158.7808,299.9357,289.088,161.0332,146.4216
2021-04-16,244.7553,186.7531,154.6152,140.5187,246.445,201.7577,172.8805,183.9002,165.8901,183.6329,203.985,159.6498,301.9918,286.398,160.8586,146.3956
2021-04-19,248.0021,187.9361,154.2019,140.4587,249.0034,202.1187,172.6858,183.3586,166.4214,184.131,204.8314,157.4357,305.8974,285.7715,161.7185,146.3931
2021-04-20,248.8369,188.5495,154.6113,140.9304,247.5204,202.4395,173.4853,183.0713,166.5465,183.8989,205.9005,157.5855,311.2264,291.6097,160.7782,146.397
2021-04-21,252.3292,189.8029,154.1274,140.9064,248.246,202.6572,173.868,183.3154,167.7351,183.1995,206.1567,154.9901,311.6282,292.0614,161.2808,146.3434
2021-04-22,261.1217,197.3527,154.0374,141.1909,253.1392,203.9006,175.2651,183.9658,170.4296,184.1194,209.7697,157.0347,315.5007,306.7576,161.1038,146.3421
2021-04-23,267.3674,199.7633,154.0984,140.632,253.9816,202.6325,175.0793,184.1617,170.0791,184.3407,210.8035,158.585,317.3962,316.7446,161.6193,146.389
2021-04-26,262.0982,197.76,153.7413,140.4265,253.1048,200.6888,174.6064,183.0635,168.7241,184.5462,208.3791,158.1853,311.6817,310.4057,162.3298,146.4572
2021-04-27,256.7047,193.4875,153.1675,139.8868,250.8809,199.5963,172.4596,182.2052,167.4363,183.2891,206.2749,156.7477,306.9035,299.9489,161.993,146.4815
2021-04-28,256.808,192.4287,152.7128,139.948,250.8774,200.9321,173.4818,181.8067,167.6177,183.9625,206.907,155.0582,305.5914,298.3041,162.206,146.4462
2021-04-29,259.1686,193.2641,152.8233,139.3311,249.6848,199.8287,172.663,181.6858,166.9461,184.2344,208.2105,154.6089,306.4355,305.9852,162.6551,146.4966
2021-04-30,254.4278,191.9728,152.912,139.491,249.2785,199.5925,172.327,181.9935,166.7038,183.7117,209.1773,155.2468,306.4099,301.5378,161.7111,146.534
2021-05-03,252.5921,190.89,152.7734,139.8121,250.8391,199.9003,173.0891,181.9181,167.1744,184.0682,207.9781,155.2758,307.8105,292.4125,161.2569,146.4847
2021-05-04,254.5119,191.0661,152.1158,139.0807,248.8554,198.2204,171.5318,180.5751,166.1077,183.237,208.4671,157.3182,311.0737,293.6682,161.5941,146.4573
2021-05-05,251.7813,187.8918,151.9058,138.4676,249.6858,197.4739,170.2587,181.0184,164.9824,183.103,202.7357,156.118,306.7898,283.6725,160.9108,146.503
2021-05-06,254.957,189.2953,151.869,138.386,249.0745,198.2493,171.4513,181.7139,164.9288,183.153,202.9062,156.4123,307.5552,289.7921,161.365,146.4695
2021-05-07,253.9584,187.6688,151.8309,138.7723,250.4593,199.1382,172.7715,182.0563,164.7863,183.4171,201.8553,153.3417,303.752,285.5525,162.4964,146.404
2021-05-10,257.8174,190.1985,151.2779,138.3884,252.0054,199.1653,173.1346,182.0322,166.533,182.9727,203.8135,152.7556,304.9753,284.4377,161.8579,146.3467
2021-05-11,260.8616,192.5435,150.7565,137.5657,253.3383,199.6978,173.9608,182.8265,166.8725,183.4424,203.1535,152.5431,306.2305,283.5791,161.6699,146.361
2021-05-12,256.2433,190.313,150.8835,137.6179,252.0272,197.7981,172.513,182.0219,166.2951,183.3603,203.9568,153.796,304.1707,281.8584,160.9878,146.3326
2021-05-13,250.9121,187.7045,151.3777,137.902,249.7937,195.6938,171.3476,180.8731,164.8346,183.2837,203.5385,153.2216,300.1934,287.3758,159.7943,146.4654
2021-05-14,252.0831,188.9646,152.2291,138.2562,250.5726,196.233,172.4516,182.4253,165.1119,185.0747,203.4707,154.989,302.6149,293.8696,160.0147,146.3936
2021-05-17,254.8889,190.2428,152.167,138.01,251.4679,196.2304,172.9791,183.5899,165.3534,185.6665,203.1724,155.2863,306.613,295.923,160.1704,146.4396
2021-05-18,252.143,189.2139,152.8742,138.6711,252.4024,197.3957,173.455,184.2118,165.8025,186.5441,202.3844,153.0785,304.9431,295.1096,159.8633,146.5795
2021-05-19,253.3269,188.8011,152.8385,139.2245,252.3903,198.0617,174.3296,183.7581,166.0581,185.5884,204.774,151.387,301.6975,296.5439,161.2467,146.6568
2021-05-20,253.5227,191.352,152.7066,138.7185,251.7907,196.8615,173.9007,184.4975,166.6416,185.6753,205.6867,153.9681,305.5448,297.3738,160.8689,146.6741
2021-05-21,248.9493,189.1719,153.5467,139.1453,248.4703,195.223,173.2411,184.7566,166.1038,186.8107,206.1934,156.299,309.2764,296.6569,161.3494,146.8254
2021-05-24,250.4446,190.6822,154.1447,139.1478,248.9438,195.0603,172.9383,185.1596,167.0611,187.1298,208.1685,156.8357,310.6283,296.8147,162.0077,146.8725
2021-05-25,250.2634,190.3023,154.5535,139.642,248.0083,195.3485,173.5356,185.8149,166.8476,187.0595,208.5721,157.7336,316.2305,298.7591,162.0672,146.8648
2021-05-26,249.5463,190.6984,154.2485,138.8463,246.852,194.2501,172.2526,185.4877,166.2151,185.89,209.2783,157.3035,315.3228,298.8706,161.5012,146.854
2021-05-27,247.7613,190.0814,154.9972,139.4168,246.1665,193.4325,172.0551,185.607,166.3029,186.6194,210.4151,156.2623,314.6296,302.1583,162.6334,146.8595
2021-05-28,249.1257,188.7048,155.7796,139.9123,248.0791,193.2591,171.5351,186.2444,167.1501,187.5028,210.593,156.1044,313.9197,301.17,163.0986,146.8792
2021-05-31,256.1986,193.4378,156.1264,140.8578,250.6377,195.8476,173.8547,186.8465,169.0582,188.4818,212.5757,153.7546,314.8055,317.9393,164.298,146.8284
2021-06-01,262.8812,196.1153,156.1676,140.7264,252.1567,195.5975,174.3979,186.4986,169.6642,187.5887,216.1688,152.0815,313.681,328.5374,164.7444,146.799
2021-06-02,267.3353,198.7782,156.3473,140.8748,254.1857,197.6765,175.3676,187.1986,170.3193,188.2043,217.6539,151.3619,313.0804,340.0122,164.8005,146.7785
2021-06-03,268.5861,200.1793,157.3869,142.0383,255.2239,197.9916,177.2652,188.8563,171.2173,188.7525,218.9636,149.6576,320.2788,346.4578,165.7023,146.7314
2021-06-04,266.0383,197.6893,157.6166,142.2614,255.2144,197.5879,176.601,188.4718,170.5394,188.5295,217.6319,149.9448,316.8846,343.3305,165.2441,146.8275
2021-06-07,263.5062,194.8721,156.8725,141.9647,254.2883,195.5434,174.9704,187.512,169.3977,187.4701,217.4244,149.9273,315.9282,339.9194,164.7009,146.72
2021-06-08,262.043,195.0435,157.8903,143.1329,256.7882,197.0039,176.2476,188.942,170.3728,188.431,218.9172,152.9533,317.0558,335.9617,165.6935,146.7556
2021-06-09,258.9278,195.2731,157.3592,142.6892,255.8684,197.703,176.0228,188.3159,169.6978,187.5672,218.7656,152.2253,315.8681,330.7667,165.3928,146.6722
2021-06-10,268.1498,199.602,157.6483,143.0502,259.1321,199.0859,176.6722,189.6106,172.633,188.1005,221.4745,154.6314,316.573,339.0273,166.4981,146.6532
2021-06-11,270.6487,201.432,157.0356,142.441,259.9055,199.1156,177.2892,189.2383,173.4291,188.3546,223.1891,152.0228,318.0037,339.0308,166.2925,146.5506
2021-06-14,271.8027,200.4779,156.4235,142.3175,262.6795,200.3937,178.0656,189.4614,173.6076,189.3283,222.9271,151.9794,312.7091,339.3774,165.4142,146.5446
2021-06-15,267.6006,198.7139,155.6879,141.7987,258.1142,198.2646,177.1568,188.2203,173.7146,188.2554,223.7137,152.1626,310.6668,334.7917,163.9202,146.6135
2021-06-16,260.3883,193.1217,155.8729,142.2148,255.7022,197.7396,177.2358,188.0797,172.8568,188.2127,223.7695,151.645,307.4753,328.6893,162.1214,146.6148
2021-06-17,262.0412,193.1111,155.6868,142.2045,256.4623,197.4737,177.1575,188.452,173.5493,188.202,223.9438,151.7856,307.61,327.1743,162.2628,146.6672
2021-06-18,263.814,192.355,155.7824,142.3771,255.288,197.7557,177.6624,188.6662,173.1971,188.2983,225.9298,152.1517,309.2757,331.666,162.9929,146.7169
2021-06-21,259.9229,187.5586,156.154,142.9919,253.3392,198.1502,177.2371,188.2847,172.5175,187.9083,224.8581,152.3026,307.998,325.4671,162.2738,146.7647
2021-06-22,257.2068,186.7727,156.4678,143.7849,251.7814,198.4687,176.7285,187.034,171.7454,186.9532,225.2997,152.0685,309.7312,331.8599,161.3617,146.7737
2021-06-23,253.1875,184.651,156.3906,143.3096,249.5099,197.1902,175.0699,185.7569,170.3709,186.1917,222.9136,152.6703,308.6503,322.3916,161.4813,146.7317
2021-06-24,255.836,184.7766,155.6045,142.0154,248.7207,195.84,174.6921,185.9309,170.1365,185.9259,222.0917,154.0753,305.4109,323.3322,160.1311,146.6738
2021-06-25,259.0486,185.7095,155.3916,141.9992,249.2765,196.3628,174.2907,185.0631,169.4163,186.3472,219.4847,155.7153,312.0528,322.5313,161.3517,146.7272
2021-06-28,257.508,184.6625,155.4558,142.3142,251.4088,197.5785,175.873,185.8231,169.3355,186.9267,217.5465,156.5976,312.2448,317.087,160.0259,146.675
2021-06-29,259.6237,185.0286,155.1386,141.971,249.2241,198.147,176.9711,186.1205,168.8658,186.1769,218.5286,157.1541,310.5073,319.5561,161.0082,146.7047
2021-06-30,261.0038,185.9838,155.6713,142.7592,248.6921,198.8279,177.6716,186.4494,169.9937,186.4851,220.6394,155.1315,313.5717,326.5235,161.6492,146.7072
2021-07-01,254.4531,185.6814,156.3716,142.2449,244.9614,197.3163,176.5886,186.56,167.8393,186.2137,220.4273,156.0352,315.606,325.557,162.0141,146.7628
2021-07-02,255.5353,187.3386,156.3569,142.2352,246.5179,197.6809,176.2437,186.2337,167.5277,187.0599,219.7449,157.9788,316.2312,328.4171,162.7529,146.81
2021-07-05,263.6283,193.2534,156.6806,142.5643,251.7194,200.4001,178.4266,188.1318,170.0771,188.0935,222.4659,156.3512,320.78,335.5811,163.976,146.8322
2021-07-06,264.7249,193.2184,156.4851,142.5282,251.5991,200.8881,179.2744,188.1195,171.1424,187.9084,222.7815,154.9095,316.3323,331.5916,164.4064,146.89
2021-07-07,268.068,193.5744,155.9656,142.5676,251.5403,201.7515,179.5743,187.6341,171.5427,187.8908,222.6113,154.5841,317.4637,334.5045,164.5852,146.9228
2021-07-08,268.613,195.3221,156.2443,143.2225,254.5745,204.1649,181.2873,188.9528,172.9069,188.9821,225.2519,155.2745,317.5603,336.231,164.7456,146.9157
2021-07-09,267.4959,193.5915,156.2669,143.4406,254.6222,204.0155,181.5726,189.2162,172.2513,189.6193,224.491,155.8289,318.1266,334.8221,165.1453,146.9368
2021-07-12,269.2622,196.5157,155.6941,143.2142,253.2963,203.3647,181.0959,188.0962,172.9331,188.4733,225.5854,155.848,320.9636,335.6815,165.8696,146.9988
2021-07-13,268.964,196.3699,155.8929,143.9561,255.7108,204.1253,182.3729,189.6466,174.6383,189.0958,225.195,155.4863,319.5558,332.1038,165.8095,146.9785
2021-07-14,269.9207,196.7045,156.5715,144.2486,255.885,202.9469,180.8395,189.9091,175.0793,189.3019,223.9795,153.9501,321.0885,333.2388,167.6513,146.9611
2021-07-15,264.0816,195.0744,156.8088,144.3954,255.4845,202.4586,181.3537,190.8816,175.5376,190.4343,224.4518,153.5726,319.9594,329.1873,166.2103,146.9163
2021-07-16,269.3788,197.4346,155.5134,143.9949,259.43,203.8209,182.5131,190.5989,175.9691,190.8709,224.1626,154.2696,317.7375,329.394,166.8214,146.9636
2021-07-19,268.7029,199.8756,155.7971,144.6802,260.4003,204.1264,183.0356,190.6993,176.4929,190.1269,227.7888,155.0664,319.9749,336.6189,166.3869,147.03
2021-07-20,267.8728,200.8839,155.3344,143.8931,258.8775,202.4529,181.4395,189.509,177.1033,189.3572,227.4537,154.2782,319.1993,330.3754,166.2525,146.9356
2021-07-21,270.0764,202.4122,154.8709,143.2257,258.3533,201.5413,180.9585,189.9646,177.4011,188.6145,226.3457,153.2485,320.5672,330.2261,166.2375,147.0709
2021-07-22,264.0065,200.3741,154.512,142.414,257.3131,199.1035,179.3085,189.2778,174.5242,188.1599,223.114,152.1801,318.1487,328.2082,165.4638,147.0964
2021-07-23,262.2986,200.1527,154.3442,142.2697,257.8788,198.8395,179.1582,189.9614,174.8894,189.0583,222.523,153.4953,314.6921,328.4678,164.6798,147.0943
2021-07-26,259.0895,201.4293,154.3371,142.3495,256.547,198.8662,178.7853,189.4985,175.0712,188.6966,220.8668,154.5826,314.8192,324.9065,164.6092,147.0696
2021-07-27,261.1969,204.0838,153.7068,141.6326,255.0142,199.0904,179.5586,189.2345,176.1429,188.3546,220.5798,154.559,313.5492,321.4058,165.0389,147.0728
2021-07-28,260.8139,204.0848,153.872,141.094,255.559,197.5272,178.1738,189.8177,175.5724,187.957,222.1488,154.8907,308.7204,323.2299,165.7545,147.0925
2021-07-29,260.1117,204.5182,152.8525,139.7761,253.0995,195.5365,176.7256,188.2034,174.1183,187.2662,222.8026,154.0972,304.9758,323.9232,166.2919,147.13
2021-07-30,267.3907,209.9604,152.8653,140.7221,257.5349,197.8077,179.1812,189.1816,177.5765,188.2983,224.4973,152.9741,307.8978,330.271,167.3221,147.0605
2021-08-02,272.521,211.4357,152.4461,140.6196,258.7166,198.342,180.8926,189.4225,177.9093,188.3925,223.3346,152.7303,308.5597,331.7271,167.9205,147.085
2021-08-03,267.4834,211.1894,152.458,140.7418,261.5055,199.7881,181.7493,190.5029,178.1075,188.7923,221.423,151.8938,303.6693,323.2547,167.0837,147.1356
2021-08-04,266.2355,209.9438,152.427,140.4354,259.1205,199.1512,180.7608,190.1561,177.0908,187.959,220.9739,152.3269,299.8662,326.2774,166.8605,147.2116
2021-08-05,274.6258,213.9254,151.6718,140.4712,263.6121,201.8398,182.4836,190.224,178.6693,188.6075,221.7192,154.5966,302.6214,328.1583,167.1509,147.2838
2021-08-06,271.9658,210.7998,151.7928,140.9773,262.5701,201.9063,181.7826,189.0794,178.3109,188.7827,220.3074,154.2328,299.1597,326.8627,167.0401,147.2283
2021-08-09,267.1081,210.5206,151.9566,140.8238,261.1497,201.1265,181.4633,189.447,178.0799,187.8293,221.2092,153.6724,294.3415,324.9703,166.5829,147.2783
2021-08-10,268.0761,213.0872,152.1734,141.3593,263.0398,202.5308,181.8156,190.1999,179.4969,187.8145,222.0312,153.6192,298.9773,323.4432,167.1165,147.3424
2021-08-11,267.5892,215.4108,151.9868,140.5281,262.0053,201.0868,181.0364,190.0739,179.433,187.4073,222.6287,153.7432,297.3694,324.2001,167.1357,147.366
2021-08-12,271.4279,218.2126,151.2675,139.8433,262.6205,201.3205,180.0382,189.4795,179.8567,186.7949,223.1643,154.334,296.0955,329.7299,166.5983,147.2249
2021-08-13,268.1143,218.0484,150.8057,139.3365,266.3876,201.46,179.5334,189.6476,179.2846,187.2823,222.504,155.1709,291.4534,324.1431,165.3536,147.2255
2021-08-16,272.2785,222.3812,150.3385,138.6673,266.4663,201.6757,179.248,188.9385,181.1066,187.7819,225.4186,155.54,293.0142,326.6977,165.3838,147.1611
2021-08-17,263.6033,217.5817,150.0685,138.3452,265.0371,200.4765,178.6607,189.1312,178.5961,186.7582,222.4339,155.3008,288.7138,314.1151,165.1591,147.1404
2021-08-18,266.6759,221.2798,150.5369,138.9363,267.8815,202.3574,179.9642,190.9163,181.5877,187.7469,226.1222,154.726,288.8079,315.1697,166.7585,147.118
2021-08-19,265.8437,219.3629,151.6024,140.3565,270.7384,202.9408,180.9547,192.3721,181.8112,188.6169,224.6304,153.5778,292.0141,319.3898,166.1887,146.9977
2021-08-20,262.4409,218.9118,151.7631,140.3085,270.7243,202.542,180.7647,193.46,182.587,188.5381,223.8781,152.8103,287.9576,314.6031,165.9054,146.9328
2021-08-23,263.2327,218.5943,152.2516,141.4157,273.862,204.6516,182.2637,194.1454,182.5745,188.3886,221.2954,153.2072,288.6511,311.9363,166.849,146.8727
2021-08-24,261.5128,218.4873,151.3389,140.6197,273.3641,204.5258,181.4885,192.7794,181.2174,188.6241,218.1801,155.0042,289.7451,306.6096,166.0688,146.9077
2021-08-25,262.4001,217.0557,150.594,139.7978,272.1294,202.3659,179.7516,191.0865,179.7949,187.9777,217.7571,157.0466,289.0345,306.7068,165.4093,146.865
2021-08-26,265.3715,218.3413,150.9061,139.9698,275.3793,201.7895,179.2018,190.9417,181.8221,188.7599,220.3013,157.3304,289.2976,305.2944,165.5771,146.8728
2021-08-27,268.3956,219.8751,150.7649,139.3764,274.4878,201.0183,178.697,190.8902,182.4496,188.013,219.6245,155.6761,288.0199,306.9852,165.3959,146.9174
2021-08-30,268.0063,222.3685,149.9449,139.0173,275.9178,200.5907,178.6752,190.2744,183.1901,188.0248,220.7822,156.2452,289.0985,306.1957,164.2159,146.9557
2021-08-31,268.4825,222.1941,149.8836,138.9883,276.0488,201.3932,178.5011,190.4815,184.389,188.0977,219.7104,155.2916,289.1805,301.438,163.8526,146.9986
2021-09-01,266.158,221.5366,149.8366,139.0728,275.802,200.1475,178.2534,190.8082,183.5552,188.3245,218.0736,157.5332,288.2708,302.9893,163.5171,147.05
2021-09-02,262.5537,219.2981,150.365,139.3142,275.2727,198.0649,177.5094,191.2646,183.7037,188.5483,217.6303,156.5864,288.0833,298.8805,163.5122,147.0879
2021-09-03,259.8288,217.9426,150.125,139.0035,273.6777,196.5324,176.1114,190.3166,183.1666,187.6516,217.5896,155.7681,288.1821,293.0264,163.8742,146.992
2021-09-06,259.5242,216.3234,150.9885,139.34,273.2036,196.4915,175.4543,190.4141,182.1593,188.0076,218.8367,158.0362,289.6735,296.0985,164.1655,147.0448
2021-09-07,258.0188,216.1812,151.5243,140.0154,273.3279,197.1717,176.0112,190.7229,181.5546,188.7255,218.8524,158.2324,290.7714,298.8068,165.4827,147.0806
2021-09-08,258.1986,216.1743,151.3927,140.1488,273.2642,198.4436,176.994,190.317,180.7816,188.6385,218.5063,157.4212,291.6959,299.4494,165.8224,147.1415
2021-09-09,260.6629,215.4696,151.4939,140.6819,274.4239,198.5073,177.1151,189.7935,180.95,189.3352,218.8693,159.0204,294.8691,302.7993,165.6433,147.2266
2021-09-10,264.6736,215.9363,150.8717,140.3683,275.7064,199.3019,177.5205,190.2016,182.4949,188.8038,219.2765,159.5944,294.1335,297.4176,165.4771,147.2191
2021-09-13,261.8756,214.7873,151.5397,141.1999,276.1146,199.9018,178.6532,190.7196,182.9053,189.4708,218.2368,160.7585,292.7961,294.8232,165.4101,147.2321
2021-09-14,263.1298,216.3226,152.3704,141.7512,277.2173,201.1012,178.805,190.7728,183.0855,190.548,219.2187,161.2568,297.0373,299.7814,166.0744,147.2625
2021-09-15,257.108,213.2202,153.1482,143.1809,279.1382,202.5358,180.5136,191.8163,184.3794,191.6734,219.8221,160.2898,296.024,292.2857,165.1921,147.2255
2021-09-16,254.9773,211.9717,153.3312,143.4679,278.1925,202.7133,179.9059,192.1437,185.0452,191.7091,220.8825,159.0938,293.7584,289.3229,166.3046,147.2221
2021-09-17,251.0119,208.1662,153.8942,143.9179,274.9496,203.1129,179.4741,192.5257,184.0007,191.0854,220.2242,159.6665,292.683,287.8674,165.8988,147.2739
2021-09-20,246.9296,206.2903,153.7368,144.0284,273.433,203.5246,180.0333,192.1715,182.8774,189.9863,219.5022,160.3026,289.6184,281.5259,166.0303,147.3375
2021-09-21,247.4055,207.6159,155.1809,145.3856,276.4999,203.8539,179.8591,193.3581,185.8762,191.1687,222.0367,159.2207,286.7906,286.0368,166.8752,147.2202
2021-09-22,246.8044,208.4561,155.6795,146.1382,278.4814,205.8692,181.2889,194.2249,186.2663,192.3466,221.5825,160.393,286.1707,287.7321,167.191,147.3415
2021-09-23,251.9916,211.2006,155.0711,145.4475,279.1121,204.8588,179.7481,193.4679,187.0874,191.4899,223.6585,161.6833,286.6192,289.5719,168.2944,147.3518
2021-09-24,252.6693,211.6013,154.6034,144.9268,280.1436,203.7466,179.053,193.208,187.6033,190.8652,224.9619,161.6893,283.9818,288.5013,167.4198,147.3559
2021-09-27,257.5966,212.696,153.9356,144.9203,281.8703,204.567,180.4059,193.6855,188.3666,190.4292,225.5263,161.4285,282.9283,292.7255,167.1393,147.3372
2021-09-28,253.7254,210.7036,154.2367,144.746,282.5493,205.3007,179.9312,194.5751,187.957,190.6164,223.98,160.854,279.7311,286.4203,166.5332,147.3135
2021-09-29,253.926,210.7723,154.4132,145.4156,282.344,205.4473,180.0516,193.417,188.6501,190.6112,226.0125,160.9576,281.6599,286.515,167.2635,147.331
2021-09-30,255.8385,212.9474,154.2385,145.4966,282.9276,205.4479,180.2397,193.7883,189.9751,190.5452,225.752,159.9106,281.8769,287.8066,167.8782,147.3651
2021-10-01,258.6875,213.2206,153.6867,145.0967,282.3563,205.245,180.0399,193.3064,190.309,191.0809,225.9957,159.5373,282.0871,288.5303,168.8158,147.385
2021-10-04,265.009,217.1489,153.3693,145.5591,284.8907,206.4851,181.3956,193.4499,192.7439,191.6405,229.0297,160.3521,287.2796,292.8543,169.4159,147.4004
2021-10-05,271.3882,223.9395,152.5002,145.0215,288.0127,207.2234,182.1003,192.8916,193.2591,191.0182,231.2209,161.122,294.12,298.3966,169.558,147.422
2021-10-06,273.9208,225.4784,153.0699,145.5309,289.9969,209.7489,184.7162,194.0959,195.1221,192.3853,231.9273,160.8142,290.1367,298.1887,170.737,147.4498
2021-10-07,278.0495,226.6876,152.4219,145.5479,290.8057,209.6734,185.7093,193.6331,195.6783,192.1356,232.6341,161.2741,291.1669,301.4278,170.4381,147.4833
2021-10-08,275.8705,225.7115,152.6235,145.493,289.6534,209.1117,185.0302,193.1332,195.5784,192.236,232.3532,161.2584,289.3286,297.903,170.8639,147.506
2021-10-11,273.8106,224.3566,152.3958,145.1922,288.2839,208.199,184.1368,193.3236,194.9423,191.8117,232.9092,159.0035,289.6231,299.9341,170.1167,147.509
2021-10-12,276.0791,225.479,152.361,144.8837,287.0634,207.2874,184.2586,193.1418,193.9804,191.5651,230.9392,162.8528,288.9389,301.5644,171.0539,147.5659
2021-10-13,276.299,226.2335,152.0817,144.9855,288.4126,208.5596,185.552,193.2898,196.854,191.6787,231.8872,161.3648,282.3694,293.264,171.2471,147.5954
2021-10-14,275.5233,225.0467,151.9645,145.0044,289.4535,209.3822,186.2736,193.4993,196.7102,193.2413,231.3264,160.6258,280.1866,295.0659,170.7878,147.5052
2021-10-15,270.3903,221.7303,151.6543,144.7558,286.1513,207.2754,184.9887,192.2235,195.3072,192.4294,230.161,158.9204,280.0655,290.2447,170.2639,147.5522
2021-10-18,274.5414,225.4383,152.0949,145.4637,287.907,208.3925,185.6405,192.5532,196.262,192.3091,232.1335,162.0536,284.4659,299.5538,170.0013,147.5982
2021-10-19,272.3388,222.7029,151.902,145.2571,288.6127,209.1585,186.0076,192.9904,196.386,192.0862,233.1942,157.4018,281.5167,295.3873,168.9124,147.6205
2021-10-20,273.2124,223.9212,152.5925,145.9246,290.4324,210.309,186.7695,193.965,198.3336,192.4292,236.4396,159.3495,282.7918,291.5757,169.9658,147.6589
2021-10-21,276.2912,224.4064,152.8817,146.6883,293.3854,211.6999,187.7866,194.704,199.0086,193.6637,235.2769,159.1467,284.569,296.9655,170.0969,147.6149
2021-10-22,275.7504,224.6225,152.516,146.1452,292.1426,210.3694,185.1036,193.3818,198.0204,192.4456,236.1044,157.7545,284.7639,299.805,170.1468,147.68
2021-10-25,280.2387,228.2033,153.113,146.7601,291.4492,212.0053,185.7971,192.761,199.4904,192.8542,239.9786,157.8299,287.3433,311.5008,170.6649,147.685
2021-10-26,277.0515,227.7886,153.2348,146.9047,291.4975,211.2199,186.1364,193.4728,198.7971,192.8795,240.7194,161.0069,288.4616,308.8761,170.6427,147.6719
2021-10-27,278.9534,228.8224,153.4056,147.2486,292.4764,212.6775,186.9655,194.321,199.2537,193.1331,238.4861,161.1342,288.5801,311.5576,170.7067,147.6721
2021-10-28,283.5844,232.3254,152.6493,146.9739,293.9633,214.4267,188.6637,195.1464,201.7301,193.3823,238.9719,161.3735,290.7368,310.3784,169.9269,147.6306
2021-10-29,283.0147,230.4816,152.2293,146.4682,293.8912,214.4757,188.1866,194.4763,199.9144,192.8764,238.5623,161.4615,288.1772,307.4174,170.4304,147.6851
2021-11-01,286.2337,230.577,152.4382,146.3601,294.3788,214.9169,187.4555,194.3434,200.5175,193.1835,239.3325,164.3704,289.04,306.9822,170.4196,147.6656
2021-11-02,287.6799,229.9371,152.1224,146.0403,294.8862,213.9977,187.1077,193.784,200.0562,192.8441,238.9642,164.9203,287.2023,304.2483,171.1408,147.597
2021-11-03,294.2572,231.6662,151.8092,145.923,297.1894,214.6583,187.4111,193.2709,199.7686,192.7803,237.9792,165.5776,288.317,311.3524,170.9831,147.5928
2021-11-04,302.085,234.8832,151.7371,145.998,298.6204,215.8179,187.8584,193.3022,200.5167,193.0519,237.2773,169.2951,292.2134,316.029,171.6683,147.7424
2021-11-05,306.8625,236.7825,151.1664,145.848,297.7307,215.933,188.9438,193.0898,202.8484,192.5723,238.332,167.7684,292.7135,314.7948,171.5851,147.7986
2021-11-08,312.8621,240.0123,150.7476,145.7667,304.1867,216.9639,189.5082,194.4266,203.8279,192.7299,237.8569,167.2655,293.1062,318.8735,171.1343,147.7817
2021-11-09,310.8618,237.4826,150.7556,146.2,306.2296,217.7347,189.5087,194.1533,204.182,193.5922,237.8448,169.3737,288.8632,315.0486,170.6234,147.7254
2021-11-10,305.5283,234.1385,150.4673,146.261,302.9691,216.6039,189.6151,192.9311,203.4279,193.0076,236.6978,167.3521,287.2518,309.1773,170.0798,147.7821
2021-11-11,306.0848,233.2452,150.6575,146.2312,301.8472,216.4587,189.8412,192.4801,204.3577,193.3525,236.8145,165.1636,287.4284,305.1472,170.2483,147.8046
2021-11-12,311.2254,234.5857,150.1153,146.8751,305.7301,216.6038,190.5985,192.0936,205.7537,193.7507,237.8689,165.5547,288.5139,306.9587,171.4085,147.7994
2021-11-15,313.5496,235.3015,150.3785,147.1359,307.8307,216.3316,190.9657,192.0355,206.3981,193.7834,239.4161,164.0675,288.5346,308.2462,171.9022,147.846
2021-11-16,313.5356,235.2901,151.1029,146.9136,303.5945,214.9238,190.4698,192.4269,207.4878,193.5884,242.5843,163.0647,289.0025,307.5939,173.0602,147.9084
2021-11-17,314.2007,238.775,150.9384,146.8769,303.5553,214.251,190.2287,192.3548,208.5826,193.4313,244.2344,164.4724,290.5581,310.0058,173.3485,147.9324
2021-11-18,317.3926,239.6195,151.3842,147.2493,302.1085,215.4617,191.3623,192.9219,208.9311,193.5257,245.7502,167.1458,295.4281,312.0575,174.0567,147.9656
2021-11-19,314.5948,236.1623,152.1748,148.0788,300.123,215.3037,191.4734,193.169,208.1341,192.8494,244.3218,163.0192,297.2374,312.2913,174.4232,148.0399
2021-11-22,317.0547,237.8659,152.0083,148.1112,299.0628,215.7717,192.3096,193.1883,208.1546,192.4245,243.3411,165.6107,300.5449,312.7019,174.7197,147.9817
2021-11-23,323.5615,239.8908,151.2286,148.0644,302.8663,218.264,194.4401,194.3506,209.4001,192.7849,241.9436,165.5178,301.215,311.5733,174.8781,147.9636
2021-11-24,321.9192,239.8613,150.6164,147.4688,301.5264,218.6767,194.0115,193.3762,207.8856,191.8637,240.2969,165.723,299.8057,311.2217,173.8584,147.93
2021-11-25,320.1164,239.5686,150.3026,147.609,303.1999,218.1229,192.8459,192.4697,207.772,191.015,239.6776,165.911,299.5432,306.1393,173.8733,148.0265
2021-11-26,322.3816,238.9624,150.2448,147.7313,304.9993,219.086,193.391,193.4885,208.6245,190.6602,237.0242,165.066,301.1857,299.4124,173.9697,148.0229
2021-11-29,320.8055,239.4152,151.0986,148.8657,302.3724,219.7785,194.4205,193.2101,209.1057,191.2889,238.5282,165.6133,303.7953,305.7923,174.7433,148.0505
2021-11-30,326.2377,241.0127,151.5086,149.9055,305.219,222.0723,196.1188,193.3113,208.6493,192.6243,237.9931,166.34,309.1069,314.7793,176.4335,148.1316
2021-12-01,332.668,245.1112,150.9945,149.8414,307.6852,222.0741,196.6035,193.2143,210.0249,192.247,238.986,168.2687,311.3046,317.8125,176.662,148.1574
2021-12-02,328.5413,243.4499,151.4656,149.886,306.6907,222.0859,196.0406,193.6443,209.5326,191.9419,239.3064,168.5752,310.8514,315.7992,175.7844,148.1654
2021-12-03,334.4077,246.6817,150.9415,149.5393,308.8874,222.618,196.9433,192.8058,209.4036,192.0458,239.3223,167.2829,313.5212,320.7072,175.7915,148.2301
2021-12-06,335.4526,246.9763,150.1978,148.4339,305.452,221.208,195.8054,191.05,207.8438,190.5796,239.9911,168.062,309.8081,323.7556,175.1969,148.3071
2021-12-07,337.6353,247.6923,149.7356,147.4571,305.792,220.7432,195.7552,191.0529,205.8584,190.4289,238.8048,167.6028,312.6242,327.9107,173.9274,148.3524
2021-12-08,338.0236,247.3873,149.5657,147.7557,307.0242,221.5735,196.5977,191.8838,207.0525,190.5803,238.7961,169.9239,309.6245,324.3375,173.9425,148.4939
2021-12-09,332.8112,243.9453,150.2766,148.5328,306.4689,221.547,197.2463,192.1922,208.0694,191.3039,238.7255,169.7442,308.9215,317.5382,173.1205,148.4398
2021-12-10,330.8448,239.2889,150.1069,148.7936,305.9671,221.7233,198.1385,192.4953,207.2616,191.3409,238.5447,168.6729,307.4442,312.5183,173.2184,148.4224
2021-12-13,327.7279,238.6804,150.1645,148.9117,307.1401,220.1867,197.7376,191.8152,205.4476,191.5312,235.6559,170.9069,308.8441,309.7217,173.3463,148.4452
2021-12-14,320.715,233.568,151.2744,149.945,307.5546,220.2344,196.0463,191.7509,204.5176,191.3634,235.2057,171.409,307.2502,303.7751,173.4833,148.4539
2021-12-15,318.2108,229.6323,151.301,149.4103,304.4908,217.3581,194.477,191.2206,204.3673,190.9003,235.3058,168.8597,302.8783,302.1755,172.2064,148.4043
2021-12-16,323.8502,229.1173,151.9214,149.6652,303.9611,217.6278,194.2446,191.2824,204.5078,191.6712,235.5023,170.3978,305.6883,311.2794,171.7204,148.2955
2021-12-17,317.2312,225.7716,151.4032,149.3784,302.2666,216.5558,192.3246,190.3787,202.6074,191.3687,232.2467,170.5692,301.9516,306.6727,171.3945,148.247
2021-12-20,320.9794,227.1267,151.243,149.7214,305.0354,219.0849,194.1533,191.1169,204.3506,192.7126,232.2617,171.2935,300.889,306.2322,171.7798,148.2501
2021-12-21,325.476,229.5552,151.165,150.2688,307.4579,220.5694,195.1349,191.4553,207.3601,192.9084,233.4702,169.3931,301.3113,306.9662,171.9308,148.2937
2021-12-22,322.6958,229.7393,151.4717,150.9157,307.6151,220.9957,195.2044,191.3273,208.0588,193.1458,233.7309,167.994,301.7417,309.0672,171.3796,148.3126
2021-12-23,323.6238,231.1191,151.5788,151.3821,309.0688,222.2285,196.4423,192.2645,208.5718,193.3468,232.5783,168.4101,304.8795,311.019,170.8631,148.2565
2021-12-24,319.0127,227.3255,151.4677,151.2715,309.5023,222.2126,196.1962,192.5807,206.9808,193.1885,228.2424,166.1823,298.6752,307.6385,169.8885,148.2121
2021-12-27,316.5681,226.9204,151.7188,151.4927,310.8034,221.18,195.2274,192.3923,207.0767,194.0458,227.1452,166.3184,299.588,305.488,169.9294,148.3067
2021-12-28,310.9521,222.61,151.6581,151.248,307.1185,218.8123,194.3027,190.823,203.7349,192.8016,225.5662,166.0904,299.848,303.4328,169.096,148.2567
2021-12-29,308.862,221.5931,152.188,151.1125,300.4318,216.2989,194.0647,190.0757,202.7714,191.6798,226.964,163.2838,302.566,307.2831,169.5274,148.2286
2021-12-30,312.9375,220.4989,152.067,152.1813,300.3583,218.5901,195.6773,190.6971,205.3764,191.8566,227.193,163.3215,304.849,303.6219,170.4917,148.1952
2021-12-31,307.7851,218.1973,151.9929,151.9897,300.0272,218.4237,194.6562,190.3833,205.2708,191.8328,226.569,160.3445,302.1624,295.8918,170.2993,148.3104
2022-01-03,308.564,215.7866,151.3898,151.4637,299.6231,218.2224,193.1391,189.0209,204.2934,191.285,223.7003,161.4093,295.9632,294.6321,169.3238,148.2414
2022-01-04,307.3697,215.4914,151.5301,151.6166,299.536,215.9724,191.4074,188.984,205.8635,191.6488,226.8642,160.2469,291.4008,298.2583,169.8116,148.2943
2022-01-05,305.4143,215.1804,151.9776,152.2148,300.2276,217.0767,192.017,189.0196,205.3356,191.7474,226.5908,160.4093,290.971,299.1074,170.0133,148.2352
2022-01-06,299.5374,213.5764,152.3446,152.6349,302.0319,217.7729,192.2,189.2811,203.1058,193.2826,222.5419,161.9402,289.105,295.8155,170.9252,148.3167
2022-01-07,301.8613,215.2185,152.6938,153.0261,302.9612,217.4151,193.0847,190.4684,204.2859,193.5527,223.8756,163.3427,296.2616,297.55,170.5281,148.2774
2022-01-10,301.2473,214.579,152.6514,152.6421,301.3025,216.5033,192.5344,190.6588,204.4196,193.1774,223.2907,161.9108,292.4637,296.3189,171.0507,148.2987
2022-01-11,299.0045,213.1039,152.0952,151.8796,299.8514,215.316,191.6725,190.6427,204.1523,192.4198,222.7413,161.3446,289.3461,290.2201,170.6772,148.28
2022-01-12,294.7575,212.5233,152.5708,152.2489,299.0696,215.6554,190.7269,190.5677,203.6899,191.72,225.7018,162.516,289.7205,286.0922,172.0649,148.3538
2022-01-13,297.4339,211.9516,152.11,151.7034,296.4662,214.8633,189.9237,190.4964,201.9633,189.5527,224.5911,164.5694,287.3728,288.8613,172.7132,148.3569
2022-01-14,300.8316,214.3211,152.1975,151.8099,297.5281,215.9493,191.0235,190.25,202.3362,191.1988,225.0242,166.9029,287.6267,290.8154,174.8313,148.3488
2022-01-17,297.7309,213.0714,151.6202,151.3805,299.5803,216.6784,190.8506,191.0536,202.641,190.6516,224.2411,167.4454,279.8918,283.1744,174.0385,148.3378
2022-01-18,299.5757,213.9312,151.8134,151.2189,300.4277,215.9594,190.5109,191.0159,202.2901,190.5735,226.0694,168.2851,279.3928,288.6547,173.8367,148.2068
2022-01-19,307.0558,215.7227,152.3314,152.9472,306.6862,219.2837,193.5892,192.4297,204.8188,191.6621,228.728,170.3199,279.5855,295.0464,174.8903,148.2059
2022-01-20,311.0466,219.4717,152.5871,153.0419,308.3133,220.7365,193.9587,193.2385,205.3977,192.1822,231.4743,172.0816,282.9945,305.4943,174.641,148.2151
2022-01-21,310.8415,218.6775,152.512,153.2541,308.4505,221.3485,195.2812,193.5459,204.5857,192.4611,233.1947,172.0479,281.6636,310.4037,174.5867,148.2686
2022-01-24,311.4031,219.3783,152.9776,154.0688,306.7821,221.0644,196.0652,193.7894,206.4575,192.4716,235.3512,174.142,284.5864,310.7148,174.9674,148.2635
2022-01-25,311.9685,218.9489,152.2159,153.2638,305.2529,220.3634,194.4511,193.3201,206.4172,191.5536,235.5338,172.4806,286.1358,307.7284,174.6063,148.267
2022-01-26,311.4065,219.5598,152.8163,153.5881,304.4784,219.6549,194.2237,193.4885,205.757,192.5513,235.0423,174.8551,294.1212,308.2041,175.454,148.2542
2022-01-27,305.8639,217.9269,151.7029,152.2251,300.9891,216.6095,192.6992,191.8366,203.2605,191.0404,231.3407,172.455,290.9764,301.9681,174.5202,148.3288
2022-01-28,306.2866,216.6269,151.6923,152.3073,302.5734,218.3497,193.0127,192.4591,202.6526,190.9222,229.6593,170.8259,290.162,299.4107,174.9783,148.349
2022-01-31,307.3175,218.1455,151.9267,152.5344,301.9538,219.6877,193.8032,193.1727,204.2055,191.1845,231.8273,167.4839,291.8525,299.8734,176.2461,148.3183
2022-02-01,309.3148,219.3953,151.475,152.3072,303.0085,220.0663,193.9439,193.6812,206.1084,191.7538,232.3338,168.6983,291.3743,297.5759,175.8133,148.3119
2022-02-02,310.0316,220.0983,151.1873,151.9075,301.0043,219.2736,194.4139,193.8434,207.6075,192.0572,232.0929,168.9988,290.2397,294.3312,175.9542,148.2287
2022-02-03,312.701,220.301,151.678,152.3105,299.2056,219.3969,194.51,193.8228,206.6581,191.7116,231.1376,170.9572,292.1119,299.6482,177.2484,148.3506
2022-02-04,311.796,219.537,151.6983,152.0934,299.134,218.7659,193.6694,193.5842,206.0826,190.9856,230.6441,171.0977,290.5323,297.1941,177.1166,148.455
2022-02-07,314.3055,221.3078,152.1265,152.8577,300.79,220.2663,195.7549,194.6252,207.1067,191.9207,231.4957,172.9359,296.2028,299.2914,177.2935,148.4324
2022-02-08,314.1468,221.8064,152.7624,153.2318,297.7163,220.8034,196.6431,193.5836,205.3924,191.75,231.9208,173.259,300.2798,307.1881,177.2078,148.5744
2022-02-09,307.703,220.5976,152.6185,153.8899,297.3376,222.3584,196.8813,193.5832,205.8864,190.331,228.5887,170.1477,299.5155,298.0451,176.209,148.5859
2022-02-10,316.5334,225.7121,153.4163,155.0571,303.9461,225.4343,199.0265,195.1471,207.7145,192.1173,230.6499,171.9329,305.6108,310.2453,177.1086,148.6319
2022-02-11,318.3254,224.996,153.9911,155.2438,300.654,224.7896,199.2099,195.8334,207.5282,192.4081,232.5693,173.2501,310.0011,316.7145,177.5961,148.4693
2022-02-14,320.9564,226.418,154.4585,156.0314,304.0506,227.1417,200.1634,196.9229,208.5334,191.9899,233.9186,173.0854,311.7496,318.8472,177.6125,148.4054
2022-02-15,318.8496,226.7402,153.9836,155.3856,303.1753,226.0051,199.1532,196.4214,207.5191,191.6758,230.3719,171.7047,312.3222,315.9241,177.3376,148.5155
2022-02-16,326.8463,232.2125,153.9867,154.9279,302.8429,225.852,198.961,196.3973,208.1563,191.2155,233.137,174.0771,317.6916,325.2871,178.572,148.5797
2022-02-17,334.5354,236.2222,153.832,154.7634,304.3958,227.749,199.9007,196.3779,209.3998,191.5608,235.242,175.4019,321.0878,330.0176,179.2802,148.654
2022-02-18,331.7016,232.4515,153.6856,154.9588,304.1846,227.0884,199.6166,196.078,207.9865,191.2546,233.7082,175.059,318.6865,329.4967,178.332,148.6884
2022-02-21,326.7312,229.3492,154.196,156.0845,303.458,228.4401,200.6827,196.1992,208.3534,191.9505,232.1273,176.8907,317.6662,323.5234,178.0617,148.7098
2022-02-22,322.9625,227.8313,154.3599,155.4405,300.8449,228.0123,199.9347,195.6893,207.3794,191.3998,233.4284,177.4779,311.3954,321.2782,177.6469,148.7509
2022-02-23,326.9247,231.1644,154.3581,155.7214,300.3505,229.8353,200.7625,195.1766,209.255,191.9571,234.7202,178.6626,315.563,324.9684,177.6669,148.7289
2022-02-24,325.6687,233.1847,155.039,156.7312,302.7055,231.2752,202.2215,195.7622,211.6241,193.3842,237.4876,179.4669,319.4805,322.4167,178.0052,148.729
2022-02-25,327.8849,231.9893,155.1989,156.9578,303.6182,233.2149,204.3109,196.1809,211.1811,194.0793,237.1362,177.5184,317.1484,323.6911,178.6819,148.7813
2022-02-28,326.9115,233.0197,154.7715,156.2775,303.3395,232.6907,203.8529,196.4052,211.1853,193.9042,235.7509,178.729,317.3267,317.7097,178.6349,148.9656
2022-03-01,323.3246,231.0399,154.9186,156.052,303.316,231.2472,203.0531,195.7144,210.3275,194.1791,232.4834,181.175,313.7232,307.139,179.4633,148.9006
2022-03-02,329.1021,236.586,155.2443,155.917,306.2783,232.6614,204.0464,197.5483,212.2627,194.8098,234.7778,179.7233,318.9944,312.498,180.2588,148.8866
2022-03-03,327.833,236.9603,154.9148,155.2873,304.6696,231.6775,204.028,197.255,210.6842,193.9495,235.222,179.1677,320.0828,312.1423,180.5069,148.8635
2022-03-04,327.8558,239.3035,154.774,155.4372,305.6271,231.8714,204.5995,196.4925,211.5807,194.7015,236.8523,178.6983,319.0945,315.0495,180.5813,148.927
2022-03-07,325.7108,237.7408,154.5611,155.4118,306.4556,231.4339,205.1262,196.1606,211.1813,195.6123,237.2837,179.796,318.1649,316.46,178.4948,148.9136
2022-03-08,324.2702,236.7053,155.3037,155.3862,303.2809,230.502,203.851,195.9111,209.8584,195.1235,238.5089,178.907,321.9516,318.8283,179.4921,148.857
2022-03-09,318.9621,232.9433,156.4786,155.851,300.651,229.104,202.5205,196.1548,208.0361,195.1173,237.4465,174.8971,320.833,323.7569,179.7521,148.9086
2022-03-10,313.8666,228.423,156.6009,156.3195,298.8847,229.1102,203.6442,196.1624,208.2392,195.5936,237.4411,176.5866,318.9284,316.167,178.1888,148.8782
2022-03-11,314.3201,230.3168,156.7485,156.7291,298.9416,230.1719,204.9362,196.1778,208.7482,195.4489,237.9395,176.2508,318.2967,319.4375,178.5091,148.8458
2022-03-14,314.353,228.9922,157.8885,157.5646,300.2134,229.9295,203.922,196.5299,209.3483,195.3716,239.8442,178.0513,320.6259,319.7613,178.2265,148.9017
2022-03-15,319.154,231.5303,157.0431,156.2559,299.0749,228.6181,202.9406,195.7186,209.2323,194.8079,241.7643,177.3164,320.9337,326.7552,177.3624,148.9255
2022-03-16,313.0557,230.1368,156.9983,155.8779,297.6331,228.6521,202.9742,195.5361,209.2594,195.4371,243.3425,178.8163,314.7826,322.12,176.3542,148.8972
2022-03-17,319.7867,233.2222,156.4784,155.2775,300.5575,229.4538,204.6327,196.8617,211.3144,196.0904,244.5996,176.9162,316.3693,319.1513,177.4139,148.9236
2022-03-18,314.3333,231.1271,157.0022,156.2967,301.8204,229.0871,203.9041,197.3973,212.1432,197.0927,242.915,177.4237,315.4005,314.4366,177.734,148.9124
2022-03-21,317.6653,231.0306,157.0638,156.5494,302.646,230.0143,204.6337,197.8671,212.5775,197.2493,243.7527,178.3208,313.0076,319.4433,177.7174,148.9418
2022-03-22,323.7468,235.3337,156.7038,156.1014,303.5286,231.7683,206.4284,198.0723,212.1635,196.4929,245.6107,177.7096,313.864,328.0255,178.306,148.9224
2022-03-23,325.4047,236.5682,156.4884,155.762,305.1361,232.4473,207.679,199.0369,211.964,196.4512,244.843,176.9419,311.4847,328.5247,178.552,148.9146
2022-03-24,320.05,233.5268,156.8577,155.9989,302.1693,230.1817,206.3756,198.2939,210.5656,196.2589,243.8156,176.6032,308.608,331.2872,178.1096,148.9658
2022-03-25,328.1489,238.1158,156.011,155.3281,303.4812,228.4007,206.6861,197.3274,210.3831,196.034,245.3725,178.8925,310.7116,340.1062,179.1757,148.9807
2022-03-28,333.9335,242.6022,155.4697,154.9352,303.8071,229.1233,207.2019,197.5768,211.8413,195.4376,245.6045,180.2327,314.1733,342.2083,179.1287,149.0184
2022-03-29,330.2684,241.0273,155.3664,154.3681,300.7647,228.5257,205.3743,197.3694,212.393,194.9072,248.3414,181.0748,309.1918,336.5876,179.415,148.9276
2022-03-30,324.259,237.5671,155.3284,154.1925,296.8209,226.347,203.9891,195.9453,209.6881,194.3524,246.8066,178.7726,311.4732,333.8295,180.0216,148.8631
2022-03-31,325.3501,236.7954,155.6093,154.3207,297.4127,226.6546,203.3264,196.1488,209.9173,194.9097,247.1747,177.9738,308.6289,334.1683,181.6827,148.8345
2022-04-01,320.516,236.1839,155.6165,153.7929,294.7124,225.5729,202.6292,196.3143,209.8275,193.9431,246.6787,178.4509,306.1277,326.7274,181.1768,148.7687
2022-04-04,322.9463,239.4646,155.5019,153.7308,296.7537,226.4505,203.0056,196.9264,210.7321,193.8327,248.2999,178.5828,304.9338,328.271,182.4887,148.7937
2022-04-05,319.276,238.8202,155.5837,153.5727,296.9204,225.9501,202.9966,196.5095,209.6919,194.0342,245.9919,177.2536,304.8805,324.543,182.049,148.7251
2022-04-06,325.8975,243.8567,154.8732,152.7551,297.4019,226.8414,203.7018,196.7822,211.2636,192.9876,249.0571,176.6957,305.2457,324.2701,183.562,148.6976
2022-04-07,322.1979,241.7184,154.7793,152.5208,294.947,224.9266,202.0769,195.7086,208.9071,192.3174,246.3726,177.0773,305.9127,323.8504,183.7705,148.6808
2022-04-08,332.9289,247.5969,154.4356,152.5684,295.0431,226.4525,204.1467,195.3562,211.7375,192.2639,250.2876,179.035,310.6339,329.5175,184.7529,148.6879
2022-04-11,335.6738,245.8745,154.7218,153.3437,297.2877,227.5797,204.2435,195.102,212.8363,192.5629,250.7778,180.9696,310.8444,328.778,184.0953,148.6467
2022-04-12,342.3341,249.9998,154.8994,153.8223,299.111,228.7658,205.7052,195.4034,213.6135,192.9925,252.5818,183.1133,316.0445,336.5098,185.383,148.6932
2022-04-13,345.2953,252.2634,154.332,153.5392,299.2115,229.7429,208.0108,195.3877,212.7957,192.6821,255.0675,185.592,318.8031,337.7889,185.9332,148.6698
2022-04-14,344.6907,253.8988,154.5085,153.7974,301.5819,229.6308,207.7365,195.9098,212.4633,191.9414,253.7777,186.5312,319.8266,336.0641,186.5079,148.6339
2022-04-15,352.3738,258.8662,154.3507,153.8064,306.9021,230.55,208.209,196.286,212.5476,192.8803,253.7355,187.5929,326.122,345.4451,186.6919,148.7
2022-04-18,361.2539,262.1999,154.8314,154.2354,307.8536,232.279,209.5525,197.1867,214.3651,192.7275,256.1404,188.6948,326.0107,352.3421,188.4087,148.6777
2022-04-19,359.1054,261.0743,154.6541,154.3706,308.9735,232.6162,209.5623,197.4244,214.3004,192.6189,255.3562,184.7502,322.5708,351.4608,188.7039,148.73
2022-04-20,360.3505,261.5611,154.9395,155.0192,311.286,234.1904,210.4511,198.3854,215.2511,193.3196,255.1416,182.9813,322.1758,356.983,188.2407,148.7535
2022-04-21,353.4517,256.2717,155.0223,154.524,307.3972,232.5476,208.087,197.8949,213.7549,192.182,253.9694,181.142,316.3119,349.4071,188.26,148.7488
2022-04-22,355.2255,254.8896,154.6133,154.2625,307.5482,232.8902,207.8634,197.6231,212.8017,192.4369,252.4344,181.6158,315.4536,349.7274,188.6041,148.7333
2022-04-25,359.4639,256.2834,155.5174,155.1422,310.4578,234.8353,207.8569,198.6049,214.2709,193.5785,254.5524,184.3823,315.5891,354.9812,190.195,148.6266
2022-04-26,370.5236,263.4155,155.368,156.0498,316.4897,238.3188,211.1283,199.7014,218.8753,195.5592,257.6345,186.1672,319.3941,363.2551,190.1761,148.6368
2022-04-27,363.4275,261.181,155.9107,156.6591,317.9839,238.2713,212.2306,199.6082,217.8847,196.2581,256.7685,186.3731,318.1971,361.4176,188.3364,148.6915
2022-04-28,363.0037,261.6058,156.0833,155.9372,314.1697,236.6455,211.8736,199.5711,217.1601,196.1292,258.4235,185.5007,318.3626,367.3748,187.9687,148.6447
2022-04-29,360.4194,259.8864,156.5361,157.0225,314.2766,236.6385,212.1373,199.9718,218.0267,196.0129,258.9506,183.5066,325.3443,364.9863,187.4884,148.6546
2022-05-02,359.6613,258.5723,156.7145,157.1106,313.7391,235.8612,210.5036,199.7967,217.6592,195.4207,256.628,185.4401,326.6573,360.5178,187.7311,148.6993
2022-05-03,360.73,257.3122,156.8844,156.9905,313.2602,234.4744,209.1095,199.9076,218.6538,194.9537,259.3013,187.5352,327.7446,359.0326,186.6992,148.7227
2022-05-04,361.4102,254.6399,156.6329,157.4263,314.8514,236.3369,210.0897,200.5342,219.8737,196.0275,257.9609,187.8872,323.7731,354.2488,186.7233,148.7013
2022-05-05,356.0117,253.6195,156.2444,156.9872,309.7443,234.9604,209.6374,200.009,218.0224,194.5474,258.6946,188.147,323.4484,354.0683,186.8504,148.8238
2022-05-06,356.8004,251.8961,156.0988,157.1053,310.2388,233.9896,209.6145,200.1793,219.0434,194.5316,257.1264,188.2919,321.4844,348.6135,186.704,148.9286
2022-05-09,356.8149,253.5131,155.3682,156.7386,311.9586,233.015,209.2234,199.4102,219.0459,193.7277,256.9863,189.2821,318.2768,344.9424,186.9814,148.9738
2022-05-10,350.2419,252.7258,156.1923,157.0526,309.4209,233.327,208.6658,200.2254,218.9987,193.7302,257.7696,187.4629,318.4249,346.0201,186.5689,148.9773
2022-05-11,348.0998,251.4225,156.3837,157.1786,308.4643,234.8378,208.7113,201.3633,219.0459,194.0325,255.6082,185.7259,320.801,345.0311,185.7347,148.9576
2022-05-12,352.2028,253.1954,155.803,156.5917,310.7001,235.8234,209.1014,201.0874,219.367,193.5556,255.9014,181.3801,320.9556,343.3245,186.0117,148.9658
2022-05-13,354.5693,254.4115,155.3561,155.7064,312.758,236.1107,209.1426,201.5584,217.7147,193.7699,254.3081,181.1083,319.9408,344.582,186.4759,149.0509
2022-05-16,362.4841,258.362,154.7021,156.0747,317.7643,238.361,211.5571,201.8153,219.6249,195.1466,254.4961,180.3374,326.7368,347.9615,186.1496,149.2141
2022-05-17,361.5297,258.5979,155.0365,155.7783,315.3923,238.6303,211.0934,202.2806,219.8425,195.1907,255.8644,181.2102,327.4133,345.8821,186.8119,149.2355
2022-05-18,360.7964,258.4563,155.16,156.2863,315.6046,239.5085,211.9107,202.4408,219.6787,194.8835,256.1522,178.3486,327.1911,351.0927,186.5512,149.2584
2022-05-19,354.9486,255.0363,155.78,157.4089,313.7487,239.4328,213.1809,202.2849,218.7781,194.7086,255.8792,179.5601,325.9012,349.4753,186.815,149.2999
2022-05-20,362.5148,256.7146,155.267,156.6821,316.289,238.0583,212.7855,202.9257,219.3887,194.6981,256.904,179.2959,326.8224,351.1851,187.5278,149.3356
2022-05-23,363.1386,255.7816,155.4102,157.0947,316.2157,238.0544,213.7854,202.5366,217.7935,194.5179,255.1594,180.6511,329.9588,350.7378,188.4319,149.3875
2022-05-24,365.7462,257.2953,155.2479,156.6426,314.433,237.2395,213.8103,201.5804,216.7646,194.1195,254.2644,182.8473,331.7959,354.0657,188.367,149.4274
2022-05-25,365.4728,257.6168,154.7571,156.7633,312.9005,238.0894,214.7759,201.9369,217.3816,194.0537,252.4326,182.3061,334.7959,351.2253,188.4077,149.5096
2022-05-26,362.5778,254.9814,154.5157,156.5842,313.0639,239.0466,214.3342,201.9176,217.5422,193.6645,251.2546,180.5955,328.2176,346.6544,186.8799,149.666
2022-05-27,361.3785,252.3905,154.3262,156.4783,310.3862,237.4395,214.4096,201.0658,216.0817,193.5498,249.6613,179.7381,329.6788,346.0713,187.084,149.686
2022-05-30,353.4365,249.0776,154.2178,156.0683,306.1722,236.397,214.5327,201.1473,216.3627,194.5465,249.3519,177.7915,328.0021,336.932,186.4021,149.7648
2022-05-31,352.7896,246.3561,154.7512,155.9642,303.6914,235.3966,212.927,201.429,215.7903,194.176,248.9494,176.0797,331.7028,336.0169,186.223,149.858
2022-06-01,350.7725,245.7743,155.2395,156.9844,306.7649,236.9492,214.6333,202.8593,216.6952,194.6052,248.7056,174.2366,333.6418,334.416,185.6291,149.895
2022-06-02,351.8438,247.6617,156.1794,158.1591,306.7459,236.2958,214.9525,202.7585,217.8787,194.6327,250.9266,178.7601,335.5331,340.8492,186.0458,149.9362
2022-06-03,357.2255,250.5731,156.4887,158.7701,310.5839,239.5604,216.775,203.7312,220.443,195.2791,251.4024,177.8819,336.3763,340.9466,186.2553,150.0326
2022-06-06,357.1779,251.8497,156.1362,158.0486,308.1363,238.1872,216.1026,203.0709,219.9721,194.6626,252.0079,181.6631,335.054,342.5153,185.3861,149.9982
2022-06-07,360.7945,251.9617,156.1531,157.6875,310.6082,238.7907,216.7023,203.1184,218.4121,195.0138,253.4435,179.4922,337.1977,343.4966,186.8986,150.0455
2022-06-08,358.4578,250.2936,155.4876,157.1172,309.5962,238.1086,215.968,202.3632,217.4832,194.1652,250.9488,177.3002,333.898,339.1222,186.24,150.1327
2022-06-09,363.7345,251.4237,155.633,157.3633,310.1246,239.1553,217.174,202.0456,217.123,194.5269,251.7296,179.0536,338.5412,344.5168,186.4994,150.1261
2022-06-10,351.9918,242.5234,155.4657,157.1977,306.5679,238.019,215.6411,201.0231,215.096,194.3029,250.3272,178.4656,329.7041,332.2218,185.2273,150.0797
2022-06-13,354.6552,246.3372,155.721,157.3073,305.9228,236.992,216.4445,201.2737,216.6236,194.7841,251.4706,179.0378,332.8008,337.6295,185.565,150.0926
2022-06-14,355.5752,242.8528,156.223,158.0198,305.8929,238.1239,217.8427,202.2074,216.3096,195.2781,250.5001,179.5094,333.0914,335.539,186.3395,150.1413
2022-06-15,360.115,242.3287,156.7828,158.8391,309.096,240.385,219.4506,203.9961,216.2581,195.5607,248.4703,180.4785,333.6983,340.1337,186.4142,150.1708
2022-06-16,356.3671,241.2408,156.5714,159.185,309.3105,239.3729,218.8075,203.3828,215.6633,195.312,248.5184,180.8744,335.4362,339.2783,185.8976,150.1579
2022-06-17,356.7217,239.6003,156.7098,158.9354,309.2539,238.8404,218.6251,203.2614,215.6084,195.0545,248.9154,182.5398,334.5246,336.2551,184.5384,150.2097
2022-06-20,352.8932,237.3917,155.7935,157.4497,305.4146,236.5459,216.4085,201.8563,213.7141,193.6931,246.9582,184.5843,328.9611,328.7228,183.6651,150.2236
2022-06-21,348.9242,236.8676,155.3889,156.6944,303.3229,235.0516,214.9279,201.1333,213.28,192.9126,247.0283,184.7245,328.7755,323.2866,182.7082,150.1928
2022-06-22,350.1135,241.1418,155.3269,156.5984,307.4052,235.573,215.4199,202.6395,215.2471,194.3846,246.5572,183.0352,325.4612,327.2607,182.9825,150.2308
2022-06-23,350.1062,241.29,155.1702,156.6293,309.9846,236.6436,216.9103,203.6137,215.6223,194.8951,246.8143,181.1173,325.5618,325.9121,182.4025,150.2703
2022-06-24,350.0045,243.24,156.0565,156.8712,308.6256,235.9281,217.093,203.7125,215.9338,194.8356,248.7845,181.0216,330.2941,326.3186,183.6971,150.273
2022-06-27,345.55,242.367,155.9132,157.0331,309.2648,236.5338,218.0017,202.7149,215.0996,195.8679,247.0896,181.3016,329.0062,323.4493,182.8474,150.3652
2022-06-28,344.2457,243.5893,154.3867,155.7608,308.8728,235.631,217.1379,201.1692,215.354,195.1319,247.3476,181.6856,326.7683,312.7225,182.7035,150.4476
2022-06-29,340.2113,242.6965,154.569,155.8265,308.7978,235.2788,216.7102,201.0597,213.719,195.5818,246.0879,182.5021,326.4432,312.0145,183.4191,150.5294
2022-06-30,347.4546,247.4261,153.6499,155.0742,309.4074,235.2251,218.2334,201.3603,214.5085,195.6396,248.2618,182.5689,329.3712,317.3188,184.3361,150.4908
2022-07-01,345.1435,247.0581,153.3023,154.588,309.5295,235.1723,218.1308,200.841,213.7973,195.605,248.4061,182.2842,323.1548,316.0149,184.2331,150.4864
2022-07-04,345.911,247.7288,153.8566,154.8133,311.3672,235.9201,218.2684,201.1547,213.8617,196.4327,248.7022,183.3742,325.0713,316.6502,184.4328,150.499
2022-07-05,355.461,248.1867,153.7035,154.6631,314.4775,238.1268,218.2217,201.6217,213.2578,197.0086,249.8219,183.3261,325.1987,328.4177,184.8372,150.5505
2022-07-06,352.8449,249.0732,153.2294,153.9933,311.4467,237.5816,218.5051,201.1119,213.007,196.3616,249.6349,185.404,323.3188,325.6062,183.8825,150.4658
2022-07-07,350.2544,247.6856,153.6058,153.9837,308.2448,237.1267,217.753,202.1186,211.8619,195.8222,248.2271,188.1732,323.1089,328.1069,183.7596,150.5203
2022-07-08,342.5415,247.6693,153.6019,154.1392,308.0774,236.9314,217.4007,201.3049,211.2539,196.1876,249.1967,187.8448,319.5991,325.577,183.9889,150.5947
2022-07-11,345.1183,251.707,153.2368,154.0552,308.1059,237.7553,218.745,202.0189,212.3246,196.7395,248.3814,186.7116,320.7846,328.1238,185.5408,150.6363
2022-07-12,348.0288,252.0232,153.0001,153.2444,305.7484,236.436,217.7007,201.0944,210.0898,195.7024,248.084,188.8622,320.4541,333.8509,185.6922,150.7662
2022-07-13,349.867,253.9313,152.708,154.1191,313.0692,238.9484,220.5674,201.8896,213.834,197.4263,250.1621,188.3835,315.7758,330.7093,184.4529,150.7735
2022-07-14,352.9371,257.2954,153.0743,154.3425,314.6931,239.1079,219.8239,201.3552,213.8636,197.1897,250.6918,190.3826,316.5483,334.9735,185.9462,150.7975
2022-07-15,350.8471,255.5194,153.6545,155.6526,317.272,240.1572,221.4442,201.9131,215.1681,198.3984,250.8663,191.7123,313.2178,335.6866,185.4039,150.8637
2022-07-18,350.4098,255.4891,154.845,156.6662,318.9803,241.9004,221.3881,202.6617,216.3619,198.6865,253.8548,194.5571,312.7545,340.6529,184.3026,151.0065
2022-07-19,340.1181,250.5568,154.8073,156.9082,317.9864,241.6147,220.6379,201.9636,214.6658,198.2344,252.6163,189.0352,309.2299,337.4851,182.4697,150.9757
2022-07-20,337.9992,252.7083,153.8566,156.0275,318.6864,242.3136,221.0388,201.7216,212.3722,198.0686,250.0824,188.3036,311.6769,336.499,182.2705,150.9705
2022-07-21,334.935,249.8231,153.5514,155.3494,317.024,240.4574,220.1291,201.2368,210.4221,197.0527,249.963,186.4654,307.0229,336.7901,181.3,151.0682
2022-07-22,332.3346,251.5763,153.5233,154.382,314.7565,238.5357,218.1714,201.1502,208.9434,196.3251,249.9723,183.0857,308.8295,338.7904,181.9627,151.1551
2022-07-25,329.7443,246.8422,153.0487,154.1121,312.3122,238.4288,217.2033,200.3936,207.2566,195.8746,246.6337,182.7884,306.1412,335.303,181.1454,151.1477
2022-07-26,328.9886,247.8983,152.3681,153.4592,309.8672,237.9003,216.2215,199.1649,208.2138,195.7385,248.1101,183.4759,306.4746,328.1222,181.9096,151.1265
2022-07-27,325.3587,244.3941,153.4929,154.3398,309.835,238.2341,216.8446,200.0932,207.7935,195.6571,246.8932,181.1466,309.0533,320.8288,182.8599,151.1266
2022-07-28,320.6496,241.8231,153.3399,154.0428,308.4119,237.318,216.4396,199.9609,206.2109,195.74,245.065,183.2567,305.9827,319.0264,181.5764,151.1214
2022-07-29,327.052,241.1896,153.278,154.2991,310.6581,237.8943,216.9437,200.2479,206.0913,194.7463,243.2463,183.5457,305.6984,319.3339,182.224,151.2274
2022-08-01,320.9818,237.5467,152.9995,154.4127,307.5161,237.7507,215.6692,199.0457,205.0838,193.6113,243.8705,183.0863,301.8703,314.9001,182.0941,151.2252
2022-08-02,314.478,234.049,152.8107,154.6153,306.0451,238.2752,214.8975,199.1002,204.7539,193.3741,242.4762,179.7762,299.0165,309.2636,181.6647,151.3261
2022-08-03,311.8606,234.669,152.7254,154.2005,304.5809,237.2112,214.7024,199.2178,204.7275,193.4643,240.3395,177.8859,298.9604,308.8963,180.7663,151.3266
2022-08-04,311.0822,236.1171,152.0161,153.3475,304.284,237.5316,213.2003,198.928,205.9565,194.0233,238.2951,174.1614,297.1743,307.3412,179.8411,151.331
2022-08-05,309.0364,236.7296,152.0734,153.2463,301.1894,235.8589,213.0874,197.9356,206.3038,194.4561,240.2914,172.5672,296.6577,308.8894,180.7231,151.3513
2022-08-08,306.3918,236.7006,151.7776,152.812,300.6555,234.9642,213.2336,197.9855,204.6398,194.4992,237.9641,170.9901,298.6798,307.187,180.9548,151.406
2022-08-09,307.9595,235.5368,151.1045,152.3969,301.8277,235.3448,213.0813,197.8839,204.1792,194.1211,237.7021,170.6413,301.6136,304.2137,179.8039,151.5167
2022-08-10,306.0381,234.1032,151.6517,152.1882,297.0542,233.5341,210.9463,197.6027,203.1161,193.8464,239.8561,170.738,299.514,311.034,180.8548,151.5202
2022-08-11,303.9073,233.3962,151.4975,151.8831,296.2211,231.9254,209.7046,197.8889,202.2238,193.5252,238.0548,170.7311,299.3354,312.4111,180.1828,151.6139
2022-08-12,307.172,233.1559,151.4764,152.7243,298.8509,234.4022,210.5924,198.023,203.3758,193.7414,237.9686,171.3139,295.9484,315.1232,180.4094,151.6736
2022-08-15,306.398,233.1401,152.2439,152.6418,297.7126,232.1463,209.2531,198.2482,204.1171,195.1489,240.0242,168.7677,295.3733,319.718,181.4664,151.7311
2022-08-16,306.0416,232.4982,152.3169,153.3256,299.1934,230.6397,208.7843,197.384,203.6157,194.7142,241.6107,169.2807,295.3703,328.7282,180.0761,151.7905
2022-08-17,301.5957,232.036,152.4549,153.6308,298.531,230.7726,209.869,197.3888,202.381,194.514,240.8063,167.8737,296.09,327.9088,180.1379,151.8051
2022-08-18,301.7874,229.6031,152.232,153.5012,299.7894,231.7483,210.1006,197.7419,202.4735,194.6347,240.4406,168.2858,293.6448,322.465,179.452,151.7351
2022-08-19,300.5066,227.4121,152.8168,153.6389,301.183,231.2267,210.2328,198.0627,202.8196,195.9224,240.7232,167.8206,292.9329,316.1212,179.8935,151.7618
2022-08-22,306.4266,229.1461,152.8513,154.0279,304.2222,231.5688,211.2214,198.0023,203.0871,196.8656,239.7557,166.6948,296.3158,323.713,180.3934,151.7609
2022-08-23,304.5447,230.4133,152.6218,153.915,305.8765,231.8174,209.8111,196.9902,203.1407,196.3987,240.0092,167.0694,293.1737,320.8048,180.694,151.7692
2022-08-24,310.7948,233.7157,152.217,154.1634,309.0884,233.2318,211.8598,197.4102,206.3528,196.8677,242.9581,167.0941,298.0062,313.983,182.0226,151.7057
2022-08-25,313.3667,234.8294,151.845,153.6958,308.892,232.9944,210.7374,196.9895,206.2762,196.424,245.7061,168.9786,297.5504,320.1633,181.3236,151.7432
2022-08-26,313.7564,235.263,152.1115,154.1387,310.2467,235.3503,212.4126,196.8852,207.4238,198.286,246.4586,168.5403,295.7326,316.0427,183.3141,151.6585
2022-08-29,315.3231,234.5601,151.7005,154.2243,312.1507,235.9167,212.5464,196.8539,207.8359,199.279,247.0579,168.3556,294.1085,318.5638,183.2595,151.5564
2022-08-30,313.9738,233.7791,151.9324,154.0836,308.3197,235.429,211.3752,196.4205,207.1601,198.61,247.1814,167.3724,295.5528,319.2624,183.9872,151.6401
2022-08-31,311.3485,232.3653,152.5269,154.9619,311.5082,237.1446,212.8981,197.6601,207.2036,200.2561,246.2673,166.8308,298.9327,314.9225,184.4227,151.621
2022-09-01,317.018,235.4478,152.814,155.3606,316.7182,239.0864,214.8449,199.2874,207.6699,200.9185,247.2452,169.3374,302.0514,319.1984,185.0775,151.6388
2022-09-02,308.7306,231.9143,152.9123,155.3345,314.0518,237.5438,212.8374,198.1189,205.1587,199.8097,242.7972,170.0353,300.5237,310.7208,184.885,151.6875
2022-09-05,316.7029,236.2926,153.0645,155.0542,315.6532,237.7176,212.6916,198.0315,205.085,200.0097,242.6372,171.9055,307.0835,316.046,186.7065,151.7223
2022-09-06,314.9409,237.1804,152.6974,154.7203,313.2054,237.1287,212.2699,197.5317,206.0115,199.8918,245.3517,172.454,308.3505,312.7722,186.8611,151.7777
2022-09-07,319.6312,238.1677,152.1791,153.8827,311.5107,235.5556,210.9836,197.219,206.4385,199.4469,246.1236,173.9982,309.6544,314.4791,186.9357,151.7339
2022-09-08,318.0431,240.4039,152.2874,153.5658,311.3338,234.5279,209.8249,196.873,206.3855,200.0494,248.2523,174.399,309.516,317.6479,187.7091,151.8014
2022-09-09,322.2105,244.1494,153.0723,154.6667,314.5118,235.3069,211.7022,197.371,208.8703,201.8552,251.4805,174.9165,316.4938,324.0164,188.0633,151.874
2022-09-12,320.5626,243.9425,153.5459,154.7991,312.3146,235.3058,211.8545,197.1662,208.162,202.4551,250.992,176.7348,320.1044,321.3942,189.3333,151.8968
2022-09-13,322.9455,244.5157,154.2489,154.9928,312.5296,235.2764,211.5904,197.5968,207.2999,202.7221,249.4941,175.6865,323.8624,324.151,191.2837,151.9011
2022-09-14,325.1762,244.0263,154.3338,155.4913,312.2851,237.1389,211.8202,197.9817,207.9085,202.9044,248.1408,175.9953,324.1372,326.3243,191.675,151.8876
2022-09-15,327.7157,246.8098,154.1336,155.7383,316.5979,239.3436,213.1691,198.267,208.7572,203.6677,248.4782,175.9668,320.8992,328.4063,192.3158,151.9055
2022-09-16,325.1863,248.9886,154.0146,155.6322,318.54,240.3896,213.9075,197.8344,209.0209,204.5686,248.5294,176.7846,319.3073,326.9371,191.4889,151.9579
2022-09-19,325.6561,250.976,153.8495,155.1641,316.9769,238.3888,213.9639,197.1657,209.2092,204.0746,248.0347,175.6746,321.6151,323.6778,192.3912,151.8612
2022-09-20,321.4101,251.1083,154.0106,154.6463,313.1966,236.4453,212.6037,196.3957,209.2811,203.8608,249.6992,175.3524,323.5482,319.9692,192.1316,151.9193
2022-09-21,317.9437,250.8329,154.2694,155.3258,313.9581,237.3559,212.9949,196.2406,210.0441,204.8478,249.6003,175.7011,323.3715,317.5864,192.0544,152.036
2022-09-22,318.8409,250.062,154.209,154.8372,311.6994,235.6871,211.9635,196.2811,209.137,204.0885,249.8424,176.8519,327.7478,316.7117,192.2624,152.0228
2022-09-23,325.4796,253.1283,154.6263,155.9478,315.1525,237.8431,214.886,198.0682,212.4155,204.5727,253.1643,176.6565,328.2517,322.9611,192.734,152.0703
2022-09-26,326.3591,250.6976,154.1445,155.1683,311.8683,236.1746,213.7851,196.5364,210.8946,204.0825,252.4626,174.7551,326.3267,323.6994,192.9534,152.0684
2022-09-27,318.7938,248.759,153.5164,155.0752,311.1971,234.5526,214.2374,195.5132,209.2533,203.2441,249.8918,173.7915,320.728,316.8259,192.5219,152.0579
2022-09-28,319.5809,250.0176,153.915,154.9859,309.5563,233.0763,213.5031,195.3437,208.6408,203.6158,248.6888,173.3812,326.4953,323.0507,192.2732,152.1096
2022-09-29,316.5208,249.7658,153.2565,153.672,305.7352,231.3274,211.7747,193.8096,206.861,202.0094,247.3015,172.1097,325.3575,317.798,191.7867,152.1015
2022-09-30,321.3591,252.2474,153.7014,154.3644,310.5498,233.354,213.2788,194.6328,208.2579,202.1491,248.8985,171.0523,326.5322,318.5664,193.0752,152.1615
2022-10-03,316.6074,250.6064,154.0823,155.0532,309.6728,233.6223,213.5469,193.9645,208.7608,203.0627,249.2584,168.6572,323.6868,318.7547,192.9107,152.2038
2022-10-04,312.9671,247.8591,153.9603,155.2039,309.1463,234.604,214.0695,193.9977,209.3113,202.6698,249.6569,166.9445,317.678,314.0614,191.7719,152.191
2022-10-05,317.3578,250.4681,154.5121,155.862,313.9762,234.5179,215.0454,194.8253,210.044,203.5257,252.4116,168.105,321.9064,315.763,194.1534,152.1663
2022-10-06,323.78,254.0368,153.9164,156.0365,314.3488,236.2383,217.568,194.8041,212.1119,203.5313,254.6587,166.5962,322.9996,322.7589,194.0064,152.1794
2022-10-07,324.6678,256.0277,154.8515,156.5136,319.2145,238.2069,217.7051,196.0382,212.7748,204.8056,254.6518,167.5169,320.3469,326.9644,193.9632,152.1238
2022-10-10,333.0282,261.2674,155.0569,157.3358,325.3269,240.6977,219.1179,197.1497,215.4217,206.5849,255.898,167.8642,324.1501,336.957,194.6045,152.1523
2022-10-11,338.8402,263.3028,154.9833,157.2795,329.1333,241.9337,218.9067,197.5288,215.3562,206.567,256.0689,168.5626,323.5036,344.3513,194.6085,152.1408
2022-10-12,344.1615,264.7124,154.9011,157.109,328.0761,242.4828,219.7893,198.4984,214.8997,206.6434,255.6504,167.6594,325.2804,355.1775,195.2597,152.1732
2022-10-13,339.3095,261.895,154.854,156.7876,326.971,242.4904,219.6637,198.3431,213.5652,206.5421,255.0612,166.6868,318.8777,352.8203,194.6883,152.1745
2022-10-14,337.0963,262.2389,155.5016,157.0875,328.1506,242.9262,218.9472,198.6353,213.1323,207.1958,256.0224,168.2536,319.5084,353.2031,195.5757,152.1115
2022-10-17,337.1694,261.3792,155.8075,156.2707,326.831,240.8383,216.561,198.3259,209.3789,205.9771,255.531,171.2202,320.7708,359.3308,195.7933,152.0999
2022-10-18,337.6314,260.5076,155.6849,155.7842,326.2386,239.9917,214.9873,197.6913,208.6112,206.2041,256.3117,168.8241,319.9906,360.4682,196.9503,152.1986
2022-10-19,342.9058,262.8037,156.5377,156.3507,327.8302,241.6648,216.4556,198.3821,209.3464,206.8746,259.6723,170.3937,324.9572,364.2049,198.7125,152.2178
2022-10-20,344.6026,262.4129,156.2377,156.0342,324.4175,239.9273,215.8987,197.5269,208.8669,207.2275,262.1871,170.7154,327.1271,372.1594,198.8649,152.2961
2022-10-21,340.1699,262.5609,156.0333,155.7204,323.7137,240.8351,216.7916,197.7119,207.2166,207.0636,260.002,166.8467,327.2505,372.7609,198.2851,152.3558
2022-10-24,346.9498,264.3527,156.7672,156.4558,326.5351,242.5807,218.5334,199.336,207.6561,208.2194,262.2368,169.7108,329.4662,384.0328,199.748,152.3578
2022-10-25,342.7185,263.6383,157.1059,156.3385,321.4836,239.6106,216.5334,198.3494,206.2849,207.2551,261.8252,173.344,331.828,386.6382,199.2534,152.4011
2022-10-26,349.621,267.7559,157.2309,155.8546,320.831,240.0722,217.7115,199.116,206.5365,206.9945,264.2649,174.7476,335.2378,396.1582,199.6003,152.3881
2022-10-27,348.4164,265.5736,158.0998,156.9682,321.606,240.1958,217.9567,199.9019,206.8866,207.361,265.5497,175.7716,333.7737,400.8847,199.8963,152.3731
2022-10-28,355.8019,269.3944,156.9758,156.1203,321.8891,240.542,219.0755,199.4453,207.4926,206.6409,263.9677,177.2463,334.7465,404.6643,198.3184,152.4348
2022-10-31,364.8075,275.1929,157.3575,157.1619,327.2248,244.0157,220.7255,200.9186,209.9055,207.3785,266.6886,176.14,342.1965,418.5501,198.976,152.4971
2022-11-01,363.2081,276.1946,157.5665,157.2732,328.8444,244.5009,221.8114,200.9017,208.055,207.0603,265.2713,179.3475,336.4707,424.4996,198.7422,152.5745
2022-11-02,370.2499,279.7955,157.4202,157.472,331.7494,245.6832,222.2157,201.348,209.1369,206.6189,267.1935,180.5092,339.8325,430.3127,199.3401,152.6074
2022-11-03,367.9364,280.2647,157.9886,157.7429,331.2973,245.5612,222.7365,202.1272,208.7626,205.995,267.6495,182.0344,338.7619,432.1021,199.2759,152.5947
2022-11-04,372.6237,278.873,158.0533,157.915,329.8715,246.018,222.7883,202.2335,209.0694,205.7902,267.4201,182.905,342.3664,433.4203,199.645,152.5813
2022-11-07,374.5677,279.1945,158.2209,158.2017,330.4146,246.0393,222.3838,202.0745,208.868,205.4067,267.8948,184.913,345.3428,432.4531,200.8574,152.7055
2022-11-08,376.6647,278.6076,157.88,156.7805,326.2732,244.1107,220.5174,200.4877,207.1451,205.077,269.5068,185.6283,346.5752,439.8498,199.2793,152.6646
2022-11-09,377.3854,279.1703,157.2259,156.2933,326.3315,244.986,222.3165,200.5603,206.5094,204.8033,269.6643,186.1682,341.0134,438.4787,199.7672,152.6855
2022-11-10,376.5571,279.7292,156.9725,155.8743,323.7171,245.2591,221.767,199.9791,205.2102,203.7475,269.7986,186.3516,338.7175,443.1991,200.0465,152.72
2022-11-11,381.2552,284.608,157.3383,155.945,325.5688,246.2968,222.1895,200.2733,205.3742,203.4017,271.1521,187.1569,342.954,449.8652,201.0731,152.794
2022-11-14,382.6742,286.2444,157.3703,155.5098,324.4446,245.4214,221.5256,201.3913,205.5355,202.5856,272.571,188.8344,341.9062,451.6026,201.8428,152.8554
2022-11-15,386.3377,290.4313,157.3483,155.8241,329.6149,247.9187,222.7294,202.088,207.8077,203.6581,271.7399,191.307,341.3914,447.8404,201.546,152.8036
2022-11-16,385.516,292.7514,157.9248,156.3353,331.6724,248.6579,223.3147,202.2412,207.3059,204.5029,271.3897,195.2038,341.56,455.1914,201.5094,152.8566
2022-11-17,390.964,297.5709,157.0307,155.1182,330.5186,248.0962,223.7918,201.6176,207.5286,204.0975,269.8817,193.4157,341.9374,460.0259,200.7793,152.8844
2022-11-18,385.6979,295.0914,157.77,155.4894,327.9084,245.5448,223.1924,202.6456,207.4925,204.4379,269.6109,192.9548,341.3475,467.6647,199.4439,152.9914
2022-11-21,387.5998,296.4306,157.4326,155.0681,328.0626,246.3148,223.7639,203.0776,207.2849,205.0031,271.0873,192.9031,342.1729,471.8538,199.7023,153.046
2022-11-22,402.6629,303.8484,157.1104,154.6507,330.857,247.2838,224.9376,204.1377,209.1379,205.6779,274.547,195.8158,346.5423,485.3836,201.6566,153.0326
2022-11-23,404.4944,302.5047,157.0591,154.4007,331.1055,247.4991,224.3672,204.5648,209.4341,205.2055,272.7157,195.7955,345.6102,479.4763,201.2261,153.0698
2022-11-24,409.0254,305.127,157.5559,155.0627,333.8479,249.074,226.883,205.4485,211.0779,207.1873,273.997,198.0699,347.797,483.686,201.7486,153.1049
2022-11-25,414.2758,308.8054,157.4661,154.6492,333.6176,249.067,226.1997,205.4386,211.1613,207.3934,272.6153,202.8412,350.5017,485.9933,202.6754,153.1503
2022-11-28,418.0655,313.8361,157.2795,154.3826,336.2444,250.9571,227.0079,205.6761,211.2818,207.6295,274.5656,204.3233,353.6332,488.1435,203.5118,153.1254
2022-11-29,410.3005,312.643,158.6968,155.1433,334.3081,249.6186,227.2835,206.4481,212.396,209.0512,276.3455,205.816,355.6534,483.0273,203.6028,153.141
2022-11-30,415.386,315.28,159.2249,155.1566,333.3051,249.8909,227.4487,207.0626,213.9253,209.5746,279.9908,201.9775,357.657,493.9455,204.5662,153.2155
2022-12-01,416.4014,314.5886,159.1116,155.377,333.0279,249.4533,229.0824,207.325,213.9852,209.0982,279.1899,202.2619,353.823,494.9964,204.6382,153.2797
2022-12-02,418.759,313.7698,158.7383,155.5922,334.0043,250.5667,230.4429,207.2862,215.1355,210.1045,279.0378,203.347,351.3266,492.5834,204.5644,153.2606
2022-12-05,425.0913,315.0052,157.7381,154.557,336.5912,250.9346,229.5685,206.4771,214.9512,209.7984,280.1129,201.7863,350.867,493.2923,203.7016,153.1971
2022-12-06,423.2369,314.5199,157.3493,153.6426,334.1098,249.6072,229.3078,206.5767,214.2804,209.3798,280.0703,201.2726,346.5796,489.3591,203.995,153.173
2022-12-07,418.796,311.4018,157.0715,153.873,334.4379,248.8209,228.5712,206.7396,213.6326,209.1006,280.4988,199.4424,349.8109,491.1819,202.0595,153.1581
2022-12-08,418.9226,310.2768,157.0303,153.5121,333.2229,247.4885,227.1098,206.9056,213.9898,209.5958,284.3483,199.0408,347.6237,495.5587,202.6766,153.1775
2022-12-09,410.3759,305.3912,156.9708,153.9946,334.9131,247.8328,227.9438,208.11,215.4624,211.1789,283.6366,198.4305,345.3491,475.1897,202.1701,153.1028
2022-12-12,408.2612,302.2559,157.6757,154.2802,330.1918,246.4765,226.3203,207.8661,216.0467,210.9387,285.283,197.3813,345.4196,476.0192,202.8559,153.0398
2022-12-13,411.0379,304.3291,157.2907,153.7294,332.5456,246.8738,226.6574,207.9739,215.4094,210.7583,281.9059,198.223,345.7052,467.5932,203.8073,153.1097
2022-12-14,418.622,302.2329,157.0101,153.6176,330.6488,246.6531,226.4703,207.3673,215.3826,209.5737,282.5556,199.0971,346.4106,470.3704,204.0652,153.0707
2022-12-15,417.3515,304.6537,157.3143,153.8639,329.5035,247.4678,226.6834,207.8865,216.5112,209.2466,283.1186,199.8104,350.0283,465.1174,204.8062,153.1227
2022-12-16,418.1423,303.5761,157.1892,153.5137,329.1032,246.6644,227.2127,208.1995,215.0098,208.6636,282.1315,203.6835,347.8893,464.1183,204.8382,153.1414
2022-12-19,420.1117,305.4915,156.7932,152.9679,332.6365,247.9436,226.3782,207.554,214.309,208.9535,281.2141,202.4484,349.2161,465.5029,203.7898,153.0511
2022-12-20,416.4784,300.4923,156.7127,152.7237,331.7833,246.3634,226.1453,206.9811,212.9807,208.4644,279.3402,202.0368,346.4523,457.458,202.4598,153.1259
2022-12-21,420.1211,306.0096,157.1399,152.9178,332.6631,245.8034,226.0768,207.0981,213.937,209.6088,279.5882,204.9321,352.428,461.7478,204.3908,153.0634
2022-12-22,429.8018,310.9517,157.8481,153.7401,337.3735,249.0924,228.3907,208.6835,214.8192,211.5355,280.9332,207.6171,357.8073,477.963,205.5867,153.0833
2022-12-23,424.5399,308.194,157.4178,153.7062,336.6144,248.6375,227.4327,207.251,213.5394,211.2532,280.8218,206.531,355.0044,482.1607,203.6344,153.0736
2022-12-26,419.6953,304.1452,157.4181,153.9589,336.7573,248.22,226.7996,206.3285,215.2778,211.8781,282.4937,205.8404,351.194,464.5245,203.481,153.1506
2022-12-27,414.9693,301.8779,158.0593,154.8352,335.4982,248.4282,226.7467,206.4281,214.0621,212.1702,280.1173,205.626,355.6625,466.3634,203.9394,153.2397
2022-12-28,411.5073,298.1565,158.1726,154.5275,336.9254,247.0797,225.5812,207.2646,212.0822,213.0549,278.9917,204.5313,356.4742,465.573,203.8919,153.3089
2022-12-29,409.8749,297.0201,158.9701,154.5858,336.3964,247.1811,225.6357,208.924,212.0111,213.3393,279.5321,204.2847,354.8581,465.6635,204.6364,153.2382
2022-12-30,405.2205,294.2208,158.7915,154.0593,333.2248,246.089,224.3813,207.9532,209.5378,212.8494,275.9387,206.3685,356.748,458.5916,204.4914,153.3036
2023-01-02,402.0377,290.2247,159.395,155.1844,334.3999,246.9667,224.6225,209.0793,209.7456,213.2178,278.5016,203.9437,358.7185,459.5353,204.9069,153.3975
2023-01-03,412.5098,291.4785,160.4933,156.5905,337.9801,249.5756,227.4656,210.7726,211.4571,214.7156,281.8802,204.9818,366.5102,476.6455,204.8666,153.3243
2023-01-04,410.0877,293.3927,159.9421,156.0892,338.2182,249.0431,227.0369,209.9908,212.9941,214.1816,283.1267,203.5244,367.9026,462.0252,204.2575,153.292
2023-01-05,409.3143,289.7043,160.0151,155.7588,334.8933,247.6474,224.3535,209.385,212.2984,212.8271,282.5315,199.3576,367.0274,464.0824,203.7353,153.3248
2023-01-06,413.5084,290.6538,159.012,154.6857,336.9087,248.0376,224.0774,208.7886,211.7454,213.3495,278.1108,198.0567,365.1487,458.1488,203.7966,153.3821
2023-01-09,415.3954,291.1035,158.7671,153.9903,334.4797,246.7008,223.7511,208.1749,209.9076,212.4823,277.712,199.1972,370.6047,459.9747,203.7237,153.4044
2023-01-10,410.415,285.4732,158.7106,153.6043,329.057,244.2878,223.787,208.7843,209.1544,212.3201,273.732,198.2595,369.4644,453.9295,202.1139,153.4432
2023-01-11,403.457,284.762,158.9351,153.5589,327.9084,242.943,222.8185,208.6658,208.1333,211.4499,270.6171,197.8073,366.0261,450.4844,201.6325,153.4939
2023-01-12,406.5048,285.1216,158.5721,152.9668,326.0212,241.9395,221.9009,208.8219,209.1621,211.0823,269.398,199.7008,363.3718,446.9128,201.5822,153.5279
2023-01-13,414.449,290.842,158.2418,152.7665,324.7013,242.8807,222.9932,208.9982,211.1353,210.6349,271.8453,203.4893,363.6683,452.1206,202.8614,153.5798
2023-01-16,408.0707,289.4561,158.1302,152.4249,325.0881,243.1811,222.1448,208.5691,209.5979,210.8156,269.3712,202.6354,358.9666,446.0681,202.947,153.626
2023-01-17,406.984,288.9892,158.4529,152.3728,326.2049,242.9822,221.3707,208.9715,209.5947,211.6957,269.262,204.047,360.4157,442.6823,203.1839,153.6759
2023-01-18,404.8582,289.2034,159.3624,153.0824,324.6607,242.4022,220.9559,209.9001,210.724,212.3252,272.9477,206.992,365.1297,447.3257,203.2788,153.7073
2023-01-19,411.0706,291.1761,158.7336,152.845,324.4172,242.9256,222.3832,210.0443,212.0755,211.9531,272.2231,207.8744,364.9788,447.3347,202.8174,153.7194
2023-01-20,415.3662,293.5758,158.8748,153.4993,325.0751,244.0753,224.865,210.5914,212.5107,211.8269,274.2096,210.0036,370.5702,454.5477,202.9651,153.6909
2023-01-23,415.3895,292.2319,158.7512,153.2912,324.702,243.9817,225.4362,211.1714,213.0538,212.0984,275.2666,210.089,371.2356,446.9574,203.2154,153.7114
2023-01-24,420.3873,292.206,159.5946,153.642,326.0327,244.4779,225.8175,212.282,213.6451,212.8932,278.6335,211.7464,372.2827,460.2926,202.3375,153.6776
2023-01-25,408.5239,282.8911,159.3144,153.099,321.8072,243.2167,223.6758,211.3649,210.1119,211.5581,275.2984,212.7755,365.1873,444.2531,201.6387,153.6646
2023-01-26,416.3941,289.6083,158.5573,152.6036,324.1354,242.9778,223.8669,210.8089,211.9163,210.7529,278.0033,211.7018,365.0908,451.9067,201.5411,153.6885
2023-01-27,417.5245,292.0046,158.4171,152.595,326.921,243.367,223.4513,211.3817,213.1967,210.736,278.1569,210.4642,368.4182,448.2909,201.1414,153.7635
2023-01-30,421.9316,294.4895,158.2475,151.9281,325.8828,244.1825,223.67,211.2791,213.3175,210.7385,280.7289,211.4146,367.3063,452.1082,201.965,153.6789
2023-01-31,421.1244,296.6167,159.0475,152.1293,326.6452,245.4189,224.8644,212.997,213.31,211.1544,282.8855,208.1763,372.1613,456.8244,202.4472,153.7229
2023-02-01,417.1152,294.0979,159.1014,152.3184,326.2895,244.6834,224.304,212.8412,213.6649,210.6467,280.6947,199.7112,369.7733,457.0515,201.347,153.6634
2023-02-02,411.7839,292.2289,159.1558,153.2847,327.4705,247.2929,225.1275,212.7096,214.9866,210.7476,282.2984,200.0307,370.2679,446.8733,200.7523,153.6896
2023-02-03,420.6266,296.3401,159.2806,153.4603,325.9942,249.079,227.7751,213.15,217.1403,212.0891,284.4327,204.6152,372.7702,453.9487,201.6798,153.6785
2023-02-06,418.5082,297.7885,159.18,153.4045,327.4026,249.5222,227.7942,213.9473,218.8564,212.1158,287.1257,202.169,371.5529,450.8724,201.056,153.5653
2023-02-07,413.639,296.7085,159.218,153.5572,325.0126,249.7662,228.2408,213.2436,217.85,211.6412,286.9632,200.5613,370.2022,452.3367,200.6618,153.64
2023-02-08,412.3579,292.8962,158.7495,152.5896,325.3907,248.7311,226.11,212.7723,214.9817,211.5701,284.9789,198.9905,370.3107,447.7338,200.8799,153.7598
2023-02-09,412.6033,295.0851,158.4359,152.5202,326.4788,249.8503,227.1235,212.506,216.1468,210.8572,286.27,196.2871,365.3909,445.3358,200.887,153.6866
2023-02-10,415.9395,298.257,157.8466,151.6326,325.0869,248.8375,226.3292,211.754,215.4627,209.5725,284.504,198.0357,362.5182,443.7999,202.3215,153.7016
2023-02-13,422.5631,300.8637,157.794,152.05,329.069,250.3422,227.1501,212.5953,216.6549,210.3746,284.886,201.5487,365.8748,448.5941,202.1059,153.7102
2023-02-14,422.5767,303.6401,157.5869,151.4876,330.9595,249.9978,226.6703,212.7334,215.8575,210.1222,284.1151,200.1948,368.096,450.41,201.4878,153.7832
2023-02-15,414.8338,298.8449,157.4782,151.1817,328.9821,247.9726,224.5528,212.0088,214.0666,208.7782,283.7607,198.9508,367.6918,440.6831,200.8805,153.8074
2023-02-16,411.7306,296.4873,157.1197,151.4352,330.9234,250.0245,225.5455,212.1383,214.9041,209.3128,282.6174,196.1292,364.3887,431.8979,200.0865,153.733
2023-02-17,407.9272,295.1797,157.6578,152.0525,330.7048,248.6609,225.3284,211.9379,215.4122,208.9224,285.0716,197.8286,362.0815,432.8046,199.3652,153.7965
2023-02-20,412.1084,296.7972,157.1771,151.5721,333.2168,249.2844,225.3918,212.3035,215.3992,208.9538,283.3331,198.5098,363.296,430.7118,199.1448,153.8426
2023-02-21,417.6865,298.9659,157.8021,152.4987,337.5613,251.0838,226.5348,212.8722,215.5507,210.2946,283.8154,202.0273,365.6346,439.51,200.5407,154.02
2023-02-22,411.7966,297.2309,157.6519,152.4628,335.0783,250.4601,226.2515,212.2471,214.1798,209.7996,282.6151,202.2097,360.4787,435.0686,202.0996,154.0101
2023-02-23,399.0616,290.0377,157.4221,151.3248,329.2433,247.4478,225.126,211.9868,212.5943,210.183,282.1017,198.3088,351.8409,426.4907,199.8651,154.0053
2023-02-24,401.0513,289.1981,157.4171,151.3715,327.9032,247.7899,225.3274,212.7187,212.8847,209.5504,281.2199,200.6973,348.9362,424.4999,200.7991,153.893
2023-02-27,398.7431,287.7875,157.1263,151.3272,327.3337,247.8147,225.2023,211.6783,213.141,209.302,283.671,197.6262,347.7132,420.6541,200.6503,153.8731
2023-02-28,398.8133,288.7755,157.0632,151.529,329.9754,249.904,226.679,212.6079,213.1403,209.3044,283.5666,198.4908,347.2056,418.8073,200.5826,153.9476
2023-03-01,403.754,291.919,157.096,150.89,330.6042,250.0431,226.629,213.2171,212.9826,208.9364,285.2978,196.5964,347.9632,425.0412,201.2156,153.9929
2023-03-02,404.2688,292.957,156.9359,150.2193,328.9154,249.3627,225.5723,212.3203,213.0198,208.8029,285.4146,195.1235,345.0415,427.9147,200.6867,153.9932
2023-03-03,400.7858,291.2087,157.2092,150.8116,330.3927,250.3517,224.8486,212.1876,213.2463,209.282,282.6534,196.6489,341.3475,419.0767,202.1738,153.9787
2023-03-06,406.8707,293.0741,156.2994,150.5836,336.5309,252.0276,225.6292,211.4802,212.1437,210.772,278.7172,197.1062,342.8856,421.4407,202.4284,153.9799
2023-03-07,394.9834,285.9435,158.1356,151.8213,334.0669,251.9934,226.4162,212.4844,211.2428,212.0304,278.0086,194.4494,340.2694,415.8865,203.0151,153.9568
2023-03-08,388.9189,286.4466,157.5969,151.4781,334.81,250.3504,223.5028,210.5799,211.6187,211.4906,278.4537,191.2214,337.0875,412.9445,201.6211,153.9516
2023-03-09,384.2343,282.421,158.2974,151.9368,333.9025,249.9896,223.9333,210.9456,209.6041,211.0947,277.2714,190.796,336.1988,413.164,201.4881,153.954
2023-03-10,382.1817,280.8281,158.4084,151.4772,329.4912,247.8277,222.0071,210.3929,208.0945,209.9463,275.6497,192.7405,335.0604,412.7481,202.1195,154.023
2023-03-13,391.0318,284.3008,159.4768,151.5438,327.3641,245.902,221.1013,211.2297,207.5376,210.0868,276.4984,193.5039,344.2996,434.0883,203.671,154.0915
2023-03-14,398.578,287.7144,159.8461,151.8824,330.1482,247.4043,222.9209,212.3543,207.45,210.8326,275.2049,193.8847,346.4128,448.0112,204.4807,154.0513
2023-03-15,397.2107,287.1568,160.1919,152.0997,330.481,246.1383,220.6697,211.7495,208.195,210.7195,275.7046,195.4799,346.8531,445.2441,204.2069,154.0828
2023-03-16,400.4666,290.503,160.0596,151.7568,328.883,245.6675,221.5288,212.3096,210.5214,211.1313,277.7293,197.6804,344.5349,445.6035,204.3089,154.2233
2023-03-17,400.7636,288.8707,159.9164,151.0924,327.6622,246.2902,220.3395,211.9885,209.8725,211.431,277.6542,195.2322,345.0216,442.1965,204.6673,154.2729
2023-03-20,394.0936,285.2431,159.7747,150.6358,322.8894,245.3743,219.8849,210.9708,207.8217,210.1793,278.1044,193.3036,342.8915,439.1531,203.9134,154.2675
2023-03-21,384.8204,280.0099,160.299,150.8533,322.4139,245.6995,220.0361,212.1242,207.2036,211.4053,275.1524,189.973,339.4956,427.3254,204.0072,154.3277
2023-03-22,379.7912,277.3775,160.7775,151.1933,320.0876,244.9687,219.2046,211.8554,206.0527,211.7502,276.9987,189.1424,344.3672,429.0809,204.1505,154.3445
2023-03-23,390.2204,284.5241,160.3948,150.3317,320.3049,245.0961,218.8303,211.9013,208.2801,211.8749,282.3393,190.0413,346.8373,441.3798,204.2809,154.3648
2023-03-24,392.3962,286.2848,159.9958,149.6813,320.5664,244.2391,218.3091,211.2412,208.5075,212.3318,282.754,191.8384,346.6203,439.8645,204.2322,154.3487
2023-03-27,392.9169,286.5976,160.1043,149.8272,321.6741,245.2004,218.6584,211.1614,208.8392,213.457,280.9625,192.8058,347.746,434.4437,205.1935,154.4916
2023-03-28,390.0077,284.1882,160.0156,149.1525,319.7859,245.1785,218.2029,210.9332,207.232,213.4117,280.4952,190.2532,347.079,433.4412,204.2949,154.5214
2023-03-29,383.3877,281.175,159.8415,148.9658,318.3326,244.524,218.5226,210.3939,205.8051,212.9046,279.8477,188.2285,340.4117,426.88,204.7412,154.5663
2023-03-30,381.1939,281.2238,158.8499,148.0786,315.6732,243.8399,217.9179,209.8672,206.1921,212.0198,280.4192,189.5404,338.663,416.0703,204.3338,154.558
2023-03-31,372.1414,275.1506,159.396,148.638,312.0545,241.3968,217.6123,208.9586,205.2887,212.4829,280.2144,187.994,336.5231,410.1868,204.5172,154.5661
2023-04-03,371.8211,274.3585,159.2897,149.1384,313.106,242.2856,218.1137,209.4858,206.4659,212.5241,280.523,187.8804,335.0776,411.8947,203.077,154.6121
2023-04-04,365.2826,272.8889,159.2246,148.7541,310.652,242.2071,217.5666,209.4464,205.8186,212.586,280.065,185.9188,332.7969,406.0773,203.0253,154.6498
2023-04-05,369.2698,272.7446,159.5762,148.9935,310.4772,241.8269,217.7191,209.9285,205.8223,212.7602,280.0251,191.3834,334.2041,410.6597,202.8914,154.6576
2023-04-06,368.5842,272.2552,160.0997,148.738,310.9153,241.2465,217.3969,209.7935,203.2987,213.9301,278.7698,193.3611,336.2828,417.2461,203.0367,154.6773
2023-04-07,367.4991,271.9597,160.6731,148.9079,308.0144,239.5817,216.9063,210.1313,204.4574,214.295,280.7305,194.688,336.6065,416.4869,203.8864,154.6988
2023-04-10,364.5767,271.3033,161.0651,149.2298,306.8602,240.5756,216.9013,211.2258,205.6046,214.9573,282.1414,192.342,333.7379,416.7867,204.6659,154.7525
2023-04-11,371.0111,274.4382,161.3945,149.848,309.9347,241.6409,217.6434,211.6014,207.8097,215.3564,281.5999,192.6569,335.2397,418.452,205.6069,154.6893
2023-04-12,370.9603,273.5064,160.7462,148.9506,307.8728,239.9466,215.8717,210.1592,204.8028,214.0203,277.5895,193.7346,335.0531,423.8288,204.3071,154.8095
2023-04-13,376.0402,273.5132,160.9562,149.0209,308.5425,240.2057,215.8565,210.789,204.9823,214.0513,278.6138,193.4941,332.7377,434.6503,204.3967,154.9118
2023-04-14,374.6456,273.9965,160.8766,148.3307,307.463,240.1531,216.1455,211.447,202.5317,213.6128,276.0216,193.5824,337.1702,434.6426,204.1469,154.9666
2023-04-17,369.6003,271.5706,160.15,147.7913,304.5313,239.1513,214.9821,210.6052,201.934,213.061,275.6224,194.4317,335.147,425.7228,203.7566,155.002
2023-04-18,372.0727,272.0254,159.61,147.8774,305.4201,240.5647,215.6721,210.5482,202.3548,212.8529,274.5744,194.6149,333.0323,426.1584,203.8107,155.0464
2023-04-19,369.3253,270.1414,159.4489,148.2962,305.1359,239.959,215.7309,209.5618,202.7715,212.643,274.1263,194.4351,331.2336,417.6638,204.5557,154.9346
2023-04-20,372.9338,272.016,159.5671,148.7899,305.9188,240.4649,216.0629,208.4639,204.5389,213.1644,276.4366,195.2119,331.2517,417.527,205.9262,154.925
2023-04-21,379.2048,275.3316,159.6923,149.9656,310.2321,241.4135,216.9067,208.4709,206.9345,213.6615,277.7687,197.9489,337.6231,422.3424,205.6969,154.948
2023-04-24,374.8302,271.7727,159.0575,149.238,308.8657,238.741,214.5697,206.6146,205.2024,211.8447,277.5575,197.1807,331.2579,417.5012,204.3004,154.9917
2023-04-25,370.7722,265.8668,158.7796,148.9662,306.9258,237.5079,213.7033,206.2196,203.8426,211.2841,276.3956,196.3034,330.1185,410.5454,202.8078,155.0422
2023-04-26,370.0153,264.5401,158.1237,148.3507,304.437,236.1333,213.5685,205.6118,202.5585,209.6722,273.9348,197.7029,326.8769,407.2239,202.2228,155.0239
2023-04-27,366.2639,261.0896,158.0504,148.063,302.0084,234.2601,212.0978,205.0296,202.7124,209.8267,272.9966,196.6824,324.7774,399.7535,201.7429,155.073
2023-04-28,370.7721,267.1249,158.4688,148.5957,305.3909,236.5775,214.2437,205.9784,204.1143,210.1771,273.5313,199.8715,324.8906,404.3935,202.8457,155.1246
2023-05-01,368.9735,264.8612,157.909,148.3339,306.308,236.7943,213.0818,205.1481,203.5914,209.7629,271.8362,198.0086,322.9303,398.2684,202.1996,155.091
2023-05-02,374.6957,268.2565,159.0198,149.4908,306.5014,238.7219,214.5651,206.3284,206.9315,210.6487,277.9008,197.6268,329.0557,406.8167,203.3791,155.1411
2023-05-03,370.0596,266.4447,159.2065,149.0425,303.1883,236.6752,213.2086,206.8646,206.5391,210.0696,279.0593,196.1095,330.5806,404.9651,202.5238,155.1581
2023-05-04,367.9987,265.8538,159.2303,149.181,301.9959,236.1993,214.1958,206.7375,205.9078,210.5448,278.3417,199.0706,332.3224,402.291,202.544,155.2377
2023-05-05,363.6253,264.5198,159.2434,148.8651,301.3433,235.4894,212.5281,206.1253,203.1357,210.0728,279.3109,199.9455,332.3084,408.0166,202.1726,155.3116
2023-05-08,360.3436,259.5087,159.2078,148.958,300.2028,234.8384,212.711,205.5384,202.6403,210.429,275.6775,201.0238,329.5806,395.7559,201.6462,155.3707
2023-05-09,352.7981,254.8903,159.5881,148.7393,297.595,233.2529,210.691,204.9236,201.3446,210.1591,277.7382,201.2248,326.1193,386.8457,202.3296,155.4081
2023-05-10,355.2777,254.4327,159.0782,149.2448,298.4995,235.0369,212.7661,204.8721,203.2926,210.1937,279.7958,199.8795,322.7384,383.818,202.5827,155.3912
2023-05-11,360.2214,260.7434,158.9972,150.0003,302.8261,239.2384,216.4374,205.8022,205.822,210.9992,282.9688,197.599,322.2137,388.6332,204.2375,155.3693
2023-05-12,368.378,264.5172,160.1823,151.114,305.1752,240.0957,217.3576,206.687,208.415,211.8573,286.4397,197.18,328.1849,403.0999,204.4171,155.4685
2023-05-15,364.4946,261.0148,160.4298,151.4282,304.8869,239.2798,216.4184,207.4532,208.5744,211.762,285.4149,197.3929,326.0389,399.827,203.294,155.524
2023-05-16,365.5191,263.4206,160.3943,151.2086,304.0469,239.28,216.9712,207.3424,208.5541,211.072,284.3201,199.8009,324.8396,402.5875,202.6936,155.4041
2023-05-17,367.7216,264.2698,161.2356,152.6878,310.1695,242.4706,219.55,208.9517,211.0126,212.7049,285.0789,198.8194,325.1131,400.8224,203.31,155.4127
2023-05-18,362.5017,260.6392,161.2573,152.8108,306.9975,242.923,220.3698,209.1752,210.0183,213.0266,284.3278,199.6876,324.0984,394.3822,203.6559,155.5351
2023-05-19,365.0586,263.0342,161.5302,153.4331,309.053,244.2755,222.4378,210.5082,212.059,213.0791,288.989,198.8021,323.2309,398.9122,204.1644,155.5277
2023-05-22,366.3014,261.951,161.7296,153.3399,307.6407,243.4895,221.851,209.6103,211.0778,212.9418,286.6288,197.3305,327.5528,400.2355,203.7043,155.5665
2023-05-23,359.105,258.6828,161.5852,153.3544,307.8214,243.3158,220.9596,208.9849,209.5597,213.5097,285.9829,194.545,323.3436,402.609,202.0768,155.5666
2023-05-24,362.2349,260.7425,161.067,153.4393,310.0433,244.0115,221.5722,208.8245,211.0971,213.2341,285.8549,190.5284,324.1693,399.9371,202.6938,155.5765
2023-05-25,365.9123,264.1533,161.139,153.9875,313.453,245.3612,222.0552,208.9594,212.7032,214.1979,285.8099,187.6823,329.869,403.9212,203.0871,155.5295
2023-05-26,366.8038,263.0717,161.4235,155.0815,315.5329,245.6396,223.4737,209.1957,213.6631,214.8943,285.8223,189.5981,331.3452,402.7342,203.4242,155.5296
2023-05-29,372.5253,265.0116,160.8721,154.6493,315.3661,246.9784,225.4032,209.5543,214.7942,215.8362,287.7106,192.9861,332.1854,405.6657,202.5455,155.5159
2023-05-30,368.9197,263.0526,161.2047,154.8537,316.5426,245.6827,223.8054,209.5158,213.947,215.6503,287.4881,190.9178,330.6024,408.2493,201.8634,155.5723
2023-05-31,369.8004,262.1764,161.0018,154.2262,315.3695,245.0984,222.2008,209.0675,211.652,215.4055,284.384,191.8883,333.6628,410.427,201.9885,155.5718
2023-06-01,369.3552,263.4201,161.0822,153.9946,315.0308,245.0788,222.4179,209.2684,211.9719,214.4183,283.7821,189.3267,331.6912,406.3869,202.515,155.6696
2023-06-02,370.1718,263.2287,161.1143,153.7807,313.6961,244.2987,222.1778,208.6843,211.583,214.1837,283.8695,191.7828,330.3376,401.0336,204.277,155.7391
2023-06-05,370.7102,264.7174,161.1034,153.877,311.5216,243.4041,222.5964,207.4273,209.9839,213.9689,282.9055,192.3561,335.3103,408.1595,205.0547,155.7792
2023-06-06,369.9137,262.8962,160.6544,153.6615,310.937,243.4647,223.6171,208.0462,210.6265,213.7955,283.008,192.7293,331.6212,399.0974,205.086,155.7847
2023-06-07,367.9731,262.2479,160.769,153.8235,311.4057,242.2441,221.9744,207.124,210.828,213.3518,280.8724,192.2055,331.4702,396.9097,204.0279,155.7932
2023-06-08,367.2943,259.4167,161.0988,154.2444,311.0394,242.1284,222.299,207.1438,210.9148,214.4634,283.3402,192.0154,327.9714,404.2711,203.3332,155.8813
2023-06-09,357.3871,254.3644,161.6881,154.7496,310.0584,240.7978,220.566,206.0984,207.907,213.5324,280.4531,192.5121,326.6938,400.225,202.3699,155.8625
2023-06-12,359.0725,253.9786,161.2523,154.6846,312.4205,241.1285,220.6543,205.7784,208.2676,214.2697,278.9612,193.3765,327.4899,391.2152,203.3646,155.8624
2023-06-13,355.7865,252.8898,161.2692,154.2184,307.5336,239.1165,218.7519,204.6375,206.887,213.1025,280.1189,193.8206,324.9357,391.9186,204.691,155.958
2023-06-14,364.3046,252.6769,161.4364,154.0342,305.8899,238.4426,217.7125,204.9286,205.3105,212.5638,280.9277,194.6638,331.1945,409.8437,205.1631,155.9535
2023-06-15,361.716,251.4509,161.4879,153.394,304.0639,238.6239,217.0287,205.4754,203.8771,211.8257,279.6601,194.8732,330.151,407.318,204.611,155.9679
2023-06-16,365.1233,251.8306,161.0589,153.1858,303.1793,240.3655,217.128,204.4546,203.7543,212.1652,279.906,195.7308,328.9856,407.046,206.246,155.9894
2023-06-19,359.7493,248.318,161.2401,153.4757,304.1123,240.2233,217.1392,204.3455,201.9181,212.2036,274.0115,196.0396,327.7288,394.5396,206.8929,156.059
2023-06-20,359.3504,246.0165,161.2551,154.1537,303.7189,242.0335,218.9792,205.3069,202.5036,213.1519,273.7971,196.5437,325.8831,394.1637,207.3108,156.0756
2023-06-21,361.1105,246.2347,162.1152,154.4868,300.7289,239.3547,217.0526,205.707,202.4151,213.0851,276.208,197.1223,331.8131,410.9856,207.0874,156.1954
2023-06-22,362.05,245.9217,161.6973,154.8292,302.8306,241.0284,219.0872,206.1647,203.8455,213.6202,274.9679,195.1119,331.7128,404.6963,206.2992,156.1837
2023-06-23,362.9835,246.2486,162.1579,155.3835,302.3804,241.5248,219.5053,206.0804,204.2355,213.4603,277.3052,196.489,333.0976,412.8308,205.2139,156.3176
2023-06-26,364.6551,248.4985,161.8918,155.7664,304.3236,241.9127,220.346,205.3354,203.8741,213.4405,275.7644,197.2662,338.7043,412.9165,205.9197,156.3168
2023-06-27,361.3554,245.9719,162.1567,156.201,302.7381,240.6876,220.4286,204.8333,203.2957,213.5594,277.2903,197.4156,342.0272,411.4523,205.7678,156.2867
2023-06-28,370.8496,251.3101,161.956,156.96,308.37,245.1163,223.8954,205.84,204.6751,215.378,280.8418,200.1157,350.9864,418.6945,207.3446,156.4898
2023-06-29,365.1649,250.3136,161.3504,155.7176,305.9742,242.5047,221.8606,203.8994,201.9316,215.9339,278.064,200.2668,350.3592,417.1961,206.4322,156.4952
2023-06-30,364.8708,248.8408,161.1021,156.0712,305.7732,243.3633,223.6856,203.1139,202.2099,216.1647,278.8371,196.3,351.0538,419.6456,204.6354,156.564
2023-07-03,356.7784,246.5855,160.3333,155.2357,306.188,240.4079,221.6817,202.5716,201.5866,215.5418,276.9886,193.5767,343.3705,412.5859,202.1688,156.4122
2023-07-04,356.5972,249.9943,160.3332,155.7749,308.1542,240.0804,220.9443,201.6,202.6995,215.0815,275.9798,192.635,340.7279,412.2468,204.126,156.439
2023-07-05,353.0406,248.5059,160.2668,155.9988,307.4347,240.4742,221.8909,201.894,202.3377,215.555,274.9193,191.5642,337.8487,413.8804,203.3701,156.5507
2023-07-06,364.1999,253.6426,160.4084,156.2491,313.1415,242.0547,223.2556,202.4131,204.673,216.8686,278.4923,192.2883,340.2629,421.7577,204.7761,156.6026
2023-07-07,369.9984,257.064,159.8134,155.8835,313.2332,242.8543,223.8569,202.0373,206.6452,216.1445,280.0605,190.1873,341.2865,421.1172,205.0976,156.5384
2023-07-10,360.2206,252.567,159.2072,155.2515,307.7567,240.6368,221.8745,200.4336,204.6716,214.3901,278.1163,188.6689,332.2653,411.1398,205.3634,156.5963
2023-07-11,357.4572,252.6002,159.3325,155.3958,308.0537,241.0358,222.2467,201.4465,204.8951,213.6056,278.3757,189.3311,328.7113,410.5565,204.6349,156.5638
2023-07-12,357.598,255.6528,159.8449,155.6777,307.3145,239.8952,222.4661,201.1994,205.4003,214.3308,280.6154,188.2355,329.3734,419.7696,206.2118,156.5714
2023-07-13,353.8942,254.6295,160.7956,156.1199,305.9309,240.0353,223.0256,202.3295,204.6815,214.4155,281.4667,189.5178,330.2915,423.1418,205.9642,156.5338
2023-07-14,353.4832,253.9976,160.2476,155.1939,305.8434,239.8034,223.0207,202.8791,206.0329,215.5218,281.0412,186.0837,326.6431,415.5784,205.2708,156.4875
2023-07-17,353.6231,254.6408,160.5861,154.7366,303.3861,238.0374,221.2393,202.0735,206.0657,215.2761,284.686,187.8963,328.0978,421.3339,204.1185,156.6053
2023-07-18,359.518,257.1735,159.6918,154.1668,305.1942,239.1405,222.17,202.1132,207.4558,215.1251,285.2211,186.8525,329.5012,414.9097,204.7972,156.6359
2023-07-19,365.6193,259.2267,159.7951,154.5316,307.5949,239.8336,222.6261,202.4002,209.1663,215.8984,287.0225,187.7081,330.0336,421.5956,205.1716,156.62
2023-07-20,365.8003,259.6629,159.3069,154.8492,309.3743,241.1873,223.5509,202.2281,210.7087,217.0043,284.7343,189.2282,328.6819,415.6363,204.7281,156.6212
2023-07-21,362.2544,257.0343,159.8935,154.7241,307.5342,240.2766,220.8382,201.759,210.9493,216.8423,287.7886,189.2507,326.6934,412.0376,204.5246,156.7036
2023-07-24,358.8592,256.5836,160.0116,154.8155,307.8907,239.4244,219.9894,201.5575,211.081,217.3277,288.4084,191.3036,323.6198,409.7165,204.6987,156.7629
2023-07-25,358.3559,255.3463,159.716,155.1464,309.6806,241.031,221.3821,201.6197,211.6576,218.5142,286.0058,191.159,323.5019,404.402,203.962,156.7332
2023-07-26,357.5573,252.3182,160.0244,155.6602,309.5607,241.0661,221.9367,202.4782,211.9342,218.4826,285.4129,191.8979,322.9269,398.9984,204.1472,156.751
2023-07-27,359.1091,251.9201,160.9215,156.5731,309.8248,241.3328,222.3684,203.2581,211.3928,217.9385,285.013,192.8827,326.9722,405.0922,204.6558,156.8184
2023-07-28,365.9276,254.6182,161.3673,157.3952,314.0607,243.8055,224.4261,203.7542,212.8704,219.6431,284.9221,196.3362,324.8066,414.7354,204.9612,156.8512
2023-07-31,366.7951,253.4063,161.2955,157.8251,316.4465,245.7607,224.7525,204.1081,212.6742,219.9562,282.4171,198.5149,323.9069,414.0734,204.2943,156.855
2023-08-01,366.6613,253.9803,161.2614,158.4294,316.8336,247.0379,226.9504,205.0759,213.8904,220.4599,281.8942,196.0532,320.9161,417.1388,204.6636,156.9399
2023-08-02,367.4667,252.8119,162.3151,159.5755,319.8407,247.4908,227.3835,206.4041,214.5472,220.8634,280.506,195.1333,321.5929,419.5674,204.8286,157.0442
2023-08-03,368.5816,253.8338,161.7631,159.1047,319.8709,249.0727,228.9924,206.4053,214.368,221.2188,282.1958,193.7841,318.9321,416.0194,206.7757,156.9498
2023-08-04,370.9936,256.9227,162.3782,159.9219,320.7729,250.2712,230.987,207.6,214.955,221.3778,283.3773,196.3844,322.4808,425.939,206.8858,156.9687
2023-08-07,374.9992,260.1932,161.6865,159.2756,319.444,251.648,231.8176,207.5027,216.419,220.3815,284.2945,194.8919,321.8079,426.0977,206.4609,157.0799
2023-08-08,381.0409,259.9796,161.0249,158.4111,320.2707,250.9797,231.216,207.638,216.5831,219.6386,282.7269,194.961,321.7401,423.4371,205.6175,157.1023
2023-08-09,382.384,258.9345,160.4672,158.0831,320.3357,250.8232,231.5683,207.5483,215.8764,219.4598,283.4921,193.1521,324.8574,422.9612,205.3373,157.0998
2023-08-10,389.0858,258.953,159.9682,157.4993,317.402,249.9391,231.5237,207.019,216.1407,218.4963,285.9045,195.0575,326.5145,429.011,204.4155,157.1434
2023-08-11,387.3234,259.9656,160.4081,157.4274,316.4537,249.0244,230.5994,207.065,215.8336,218.6636,286.4662,196.4014,327.106,431.764,204.737,157.1306
2023-08-14,393.4949,261.4649,160.0564,157.1839,318.9635,247.9758,230.0867,206.2581,215.8162,218.5729,286.6481,196.2154,332.0551,434.089,204.7628,157.0707
2023-08-15,388.7275,260.6079,159.823,157.4552,321.7125,249.435,230.668,206.9766,215.2218,219.7907,280.4344,196.1957,330.9431,424.9887,204.9377,157.1244
2023-08-16,384.4687,256.8246,160.5273,158.1805,320.137,250.2374,230.4703,206.3828,213.692,220.3154,281.3578,197.4003,329.4063,426.2125,205.9032,157.1174
2023-08-17,375.032,253.6005,160.8138,158.4417,318.6532,248.8938,229.8789,206.2803,212.6908,220.8582,276.7557,195.5289,324.9652,422.1637,205.0693,157.0214
2023-08-18,377.8227,255.9624,160.3691,158.4484,321.144,249.8496,231.2357,205.5801,213.2919,221.5665,278.3127,199.6951,324.5365,416.5402,206.5605,156.9086
2023-08-21,379.0684,259.2711,160.1183,158.28,323.662,251.0033,231.6037,205.4977,212.3211,220.5726,279.6429,197.6878,325.8752,424.5712,206.2081,156.9498
2023-08-22,377.2383,257.7866,160.445,158.211,322.2343,249.4559,230.244,205.7359,212.3212,220.0699,278.0142,197.9012,328.4605,419.9472,205.6296,156.93
2023-08-23,388.3024,261.5866,159.5832,158.2391,327.623,252.1317,232.2193,205.883,215.4832,221.2114,277.864,196.7852,331.1495,419.1648,205.2854,156.85
2023-08-24,389.205,260.3209,159.4524,158.4725,328.1043,252.9889,231.7728,205.5659,216.1484,221.3978,277.1676,195.4514,333.3005,419.0035,203.8997,156.9963
2023-08-25,388.925,258.6075,159.0065,158.2819,326.7823,253.6738,230.9582,205.4198,216.7726,221.1788,276.4338,195.8834,332.5587,412.62,203.5518,157.0653
2023-08-28,390.8509,258.7273,159.2244,159.0344,324.0896,254.9398,232.0134,205.4075,219.4019,221.9538,280.9824,198.8603,331.4523,413.1776,204.8837,157.1714
2023-08-29,393.7162,259.3326,159.2588,159.1278,322.9079,255.7997,233.0351,205.4905,220.9696,222.6768,283.7084,201.2096,331.9088,412.4019,205.2653,157.26
2023-08-30,393.9773,261.3434,158.8032,158.6216,320.9951,256.0968,233.5413,205.4638,222.063,222.2389,284.4975,201.5058,334.5728,409.3997,203.9982,157.3493
2023-08-31,392.8812,263.7924,159.1489,158.1475,319.6551,254.7125,232.742,205.1875,223.0892,222.8222,285.4782,202.5022,334.2127,408.3911,203.8921,157.3657
2023-09-01,391.1724,265.1615,159.9256,158.3799,319.1468,255.2885,232.8557,206.6132,222.8235,223.4939,286.0915,204.6824,336.9052,412.1084,204.6225,157.4256
2023-09-04,378.041,258.7062,159.2235,157.3106,311.6474,252.373,229.6282,205.845,220.8499,221.4338,285.6325,207.0128,332.1636,398.6998,202.319,157.3429
2023-09-05,388.3147,262.4187,158.9934,157.2955,313.3777,252.7346,230.5713,206.7293,223.8349,221.2497,286.7654,210.1446,336.5413,397.0941,202.8715,157.3539
2023-09-06,389.9327,259.0488,158.9776,157.5409,316.6159,252.8221,229.5165,206.424,223.0386,221.3884,285.7304,208.3025,338.0797,393.1387,203.0318,157.3466
2023-09-07,376.5639,252.1433,159.4198,158.389,314.2009,252.09,229.9691,206.3942,220.913,220.9727,284.6948,208.1589,334.5386,383.7834,202.2594,157.3631
2023-09-08,372.1384,251.2175,159.3295,158.7351,316.4417,252.5171,229.3349,205.8891,221.3394,221.827,285.1861,205.9848,337.3024,379.3683,201.0775,157.3784
2023-09-11,374.3472,254.547,159.8377,158.6606,317.5304,253.477,229.8267,207.7546,222.5658,222.5856,286.2063,206.7523,339.3041,380.3171,202.4693,157.3067
2023-09-12,374.2075,256.8721,160.4894,159.8106,320.3272,255.4326,232.1693,208.752,224.528,223.8256,288.4642,207.1215,342.1275,381.2629,203.1429,157.3127
2023-09-13,376.8715,256.7027,160.5283,159.4857,321.4387,254.861,231.1993,208.8283,224.5825,223.1327,287.3722,205.7265,340.2038,380.4686,203.1207,157.3424
2023-09-14,378.1345,259.2493,159.6942,157.9295,318.9647,252.4933,228.5265,206.5819,223.4686,222.1422,284.4465,205.3377,337.3195,377.5238,204.0188,157.4074
2023-09-15,371.0793,258.1049,159.5859,158.422,320.3415,252.437,230.0583,207.5816,223.9654,222.453,281.7293,205.2863,335.8694,365.6856,203.9412,157.3902
2023-09-18,368.2028,257.4196,159.7138,159.2589,320.7663,254.3689,230.3726,207.3893,225.876,223.1939,281.7369,204.4922,337.4921,359.155,203.9369,157.3926
2023-09-19,366.4593,258.2497,159.8343,159.939,324.4753,255.3449,231.5729,208.0564,226.2056,225.0406,279.1788,204.834,338.723,360.6677,203.627,157.3406
2023-09-20,366.5278,261.2093,159.884,159.668,326.4155,255.3557,230.418,208.5271,226.5367,225.1297,279.1967,203.2044,338.8817,365.4661,203.332,157.3528
2023-09-21,371.9221,262.1868,158.705,159.4399,328.2246,256.5705,232.0392,206.9148,226.617,225.4899,279.1924,202.6081,338.5873,365.2034,203.7552,157.3333
2023-09-22,363.928,255.7355,159.4201,160.3413,327.1172,256.6914,231.2848,206.861,225.7956,224.4327,277.5369,199.7319,336.5546,355.9475,203.0427,157.2815
2023-09-25,364.2534,255.4499,158.8527,159.6731,325.6707,255.1798,230.469,205.1363,224.3328,224.0334,278.7018,200.0226,335.0318,359.2706,202.6927,157.1418
2023-09-26,350.9126,251.1306,158.8914,158.8909,319.7025,251.0065,227.1552,204.2136,221.6613,221.9905,278.8786,199.9245,332.2667,347.9262,202.4171,157.2533
2023-09-27,348.3296,250.1438,159.0058,158.8481,320.0634,248.789,224.8536,203.7763,221.5725,220.9369,277.6589,198.5963,334.716,341.2957,202.3774,157.3454
2023-09-28,346.116,250.7722,159.5464,159.2177,317.2396,247.7366,223.8383,203.2294,221.9562,220.0979,279.6169,197.3524,334.8312,344.1541,203.3103,157.4403
2023-09-29,339.94,244.7783,159.8445,159.8264,319.2917,249.4153,224.186,203.8676,220.7932,219.9439,278.8431,195.7747,327.3921,337.2612,202.4233,157.3858
2023-10-02,334.2558,240.4433,160.7268,160.4718,317.5364,249.2885,223.5931,204.4541,218.8464,219.5366,276.2682,197.7103,326.6524,333.6913,202.7088,157.3615
2023-10-03,323.8471,233.527,161.2245,160.8403,314.8433,249.2502,222.1953,204.2618,216.1214,219.5447,271.0073,194.9269,324.1861,330.1249,200.3792,157.299
2023-10-04,326.1249,233.4056,160.8119,160.8441,314.3744,250.862,223.3915,203.9103,216.0743,218.936,272.3866,195.2397,323.336,332.3507,199.8046,157.3839
2023-10-05,328.4399,234.6664,160.9272,161.1485,313.0684,252.2215,224.8993,204.1707,216.9311,218.9048,273.3888,195.4364,325.8615,334.659,200.2226,157.3371
2023-10-06,331.7095,234.7716,162.0587,162.6169,313.8934,253.7571,227.0905,205.3506,218.0646,219.1955,275.2526,195.504,326.9578,343.5138,200.874,157.2975
2023-10-09,327.5564,233.361,162.0863,163.4462,315.0392,255.8901,228.4217,205.5346,217.2926,218.9499,272.3306,194.9207,323.2404,339.7859,201.5513,157.2337
2023-10-10,339.9922,239.4158,161.66,163.6448,321.0797,257.8744,230.3003,206.4538,219.5001,219.8199,273.1469,197.5244,329.0765,349.3652,201.7399,157.3288
2023-10-11,337.3014,237.7734,161.3926,163.6347,319.2496,258.9853,230.7578,206.7495,218.9168,220.1198,270.6602,197.6891,330.3846,345.0942,201.6513,157.2965
2023-10-12,337.6668,238.7367,160.4,162.4918,319.1628,257.9614,228.6889,205.642,218.5056,219.1504,272.52,198.0586,329.8936,338.5751,202.6439,157.3413
2023-10-13,340.148,237.8216,160.9708,162.1353,316.5445,255.6294,224.995,204.9842,218.011,218.2336,273.6455,200.4341,332.9111,344.5047,202.0712,157.2057
2023-10-16,334.8617,234.3564,161.2541,161.528,313.5979,251.9748,222.2663,204.4825,216.8317,218.289,273.5866,199.3338,329.9457,346.6918,200.0717,157.1799
2023-10-17,340.7177,236.7241,161.6247,161.2159,314.6006,251.0441,222.078,205.1095,216.2542,218.2474,275.8001,200.2034,332.3474,356.9594,201.1692,157.1642
2023-10-18,347.8458,241.9725,161.2872,160.7731,317.8619,251.5457,223.9699,205.5294,216.8727,219.2546,274.0933,204.7181,337.5871,360.0402,200.8084,157.1039
2023-10-19,346.9084,243.3002,162.0329,161.1966,318.4357,252.1637,223.6317,205.5137,217.5979,219.2951,277.4227,209.6157,337.8987,357.1281,201.8349,157.0861
2023-10-20,348.2371,241.9029,161.2612,160.6607,314.9258,252.1671,223.517,204.5589,217.4493,217.9152,279.1008,211.3377,332.4619,359.3781,200.8129,157.051
2023-10-23,349.955,240.8526,162.1359,161.2061,313.982,252.78,223.9723,204.3165,216.205,218.2864,278.1075,211.7709,334.9949,362.5808,202.4424,157.1309
2023-10-24,354.5973,240.7441,161.4797,161.1203,313.2961,251.4947,222.7632,203.0094,217.6442,217.8582,277.0044,214.6205,334.6639,361.7013,201.8362,157.2581
2023-10-25,353.8145,237.4803,161.5731,160.9143,311.1859,250.6173,221.928,202.6678,217.2432,218.351,275.3972,214.0959,332.8575,358.4971,201.841,157.3067
2023-10-26,359.6797,240.541,161.4329,161.0586,313.8951,251.1906,222.0172,203.238,218.6567,218.3409,275.5315,215.8779,334.3418,361.2582,202.776,157.3401
2023-10-27,360.0779,238.6158,161.3537,160.873,312.4383,251.5348,221.5407,202.9522,217.8244,217.6846,274.5668,217.86,331.0961,361.1793,202.4624,157.3283
2023-10-30,366.4104,240.3734,160.7872,160.4959,313.9164,253.1962,222.0056,203.1288,218.3829,217.6908,272.8019,216.8018,335.8233,360.9902,202.2329,157.3468
2023-10-31,367.8756,241.6272,160.3879,159.3472,309.3058,249.8478,218.8081,201.9806,216.862,216.5449,272.1147,218.1223,341.3579,364.366,202.9148,157.4611
2023-11-01,377.2313,247.2223,160.0999,159.2672,311.6254,253.1485,218.9695,201.4749,218.6173,215.8945,274.0806,218.1694,344.7117,367.972,204.2406,157.4519
2023-11-02,378.9004,249.305,160.828,160.0727,315.1131,254.3812,220.4879,202.777,219.1076,216.8577,274.2584,217.9848,347.6378,372.1883,205.307,157.4472
2023-11-03,382.308,252.5013,161.2484,160.4807,313.1124,254.6083,221.4809,201.7274,219.305,216.597,277.3966,220.5079,349.979,378.6141,207.4652,157.4931
2023-11-06,382.8169,252.5586,161.4933,160.9367,313.2053,254.7523,222.1295,201.6602,218.197,215.9261,277.5867,218.4267,348.6949,386.8333,208.1543,157.52
2023-11-07,377.3953,252.3136,161.5105,161.3047,313.0487,255.7268,222.331,201.4142,217.0081,215.5516,275.2862,219.0627,349.4501,379.1711,209.6916,157.4983
2023-11-08,377.6686,255.5792,161.9653,161.756,315.2849,256.4629,222.1927,201.1805,217.4738,216.3219,277.6096,218.1742,352.9735,384.8623,210.5779,157.5759
2023-11-09,374.715,254.6487,161.9481,161.9091,317.9843,256.2758,221.8952,201.461,217.8075,217.4266,277.5127,216.24,351.8719,379.9824,210.9746,157.5377
2023-11-10,382.8001,257.7299,162.1071,162.1147,322.3881,257.3015,223.3096,202.3907,219.9951,218.297,280.6623,213.8743,351.5096,386.3716,211.7515,157.5521
2023-11-13,385.217,259.6228,162.9299,162.482,324.7891,256.5229,222.2247,203.0809,220.8476,219.3603,282.1316,212.0771,357.2882,394.5105,211.8806,157.5639
2023-11-14,383.3999,257.7177,163.4305,163.3463,326.8902,257.1774,223.2093,203.4782,221.9626,220.1757,283.4245,212.6564,351.6115,394.8996,211.2818,157.4828
2023-11-15,388.9257,260.5785,163.4,163.6869,329.5982,258.0147,224.6757,203.4583,223.319,220.7104,284.9032,212.1418,357.6602,394.3804,212.3119,157.4046
2023-11-16,387.9614,261.8772,164.0,164.4288,330.9442,258.2941,225.8022,203.5528,224.7207,221.0752,285.6367,209.7748,355.1205,395.5123,212.934,157.407
2023-11-17,387.8879,260.7168,164.4724,164.8979,331.5688,257.0201,226.0457,204.3408,227.3158,222.1438,287.4779,209.6851,358.1038,389.6732,212.2887,157.4011
2023-11-20,393.5757,265.0511,164.2083,165.1705,336.4285,259.1233,228.0034,205.0237,228.9214,222.2414,288.5285,209.7283,361.7048,388.4393,212.9843,157.3681
2023-11-21,388.3053,260.9239,163.9067,164.9752,333.3837,257.4069,226.9911,203.4445,227.3988,222.2637,290.8373,210.1714,357.8325,390.0024,211.7103,157.3993
2023-11-22,389.5379,259.8635,163.4919,164.8498,336.1846,259.171,227.2168,203.3996,226.2591,223.4258,290.2794,208.7115,358.2747,391.2984,212.0789,157.3497
2023-11-23,391.3471,259.4719,163.1589,164.4717,333.9751,257.5768,226.8169,203.2557,227.3792,223.8381,289.6065,207.2965,363.6083,386.9681,211.9793,157.2308
2023-11-24,399.5041,261.0071,163.009,164.7162,335.5727,258.2127,227.6545,203.1478,228.1252,223.95,290.4993,209.4563,362.467,394.8089,212.7041,157.2556
2023-11-27,409.6067,263.666,162.6475,164.1755,334.4136,257.459,227.9255,202.3732,229.2193,224.4597,290.7618,209.0375,365.101,399.6909,214.2335,157.2997
2023-11-28,404.196,260.8717,163.0106,164.524,333.2498,254.5781,227.7973,202.5162,228.9294,225.4205,287.9945,207.6876,363.4173,397.074,214.4278,157.2168
2023-11-29,402.4638,258.9127,163.3575,164.8453,334.6151,254.8714,227.5098,202.5044,228.0682,226.4608,287.1497,205.7698,364.489,400.7101,213.604,157.2276
2023-11-30,401.2707,258.5799,162.9384,163.9826,334.6557,254.7581,227.2979,203.2471,227.1294,227.4219,285.6919,206.3498,364.7442,401.7821,212.0058,157.2549
2023-12-01,408.8869,262.596,162.874,163.6651,336.4506,255.8855,227.5267,203.9422,227.3781,226.5329,285.6765,208.5729,364.719,412.0673,211.6401,157.2596
2023-12-04,419.8782,266.9626,163.5128,164.5143,338.1468,257.6716,230.1993,205.8814,230.5176,227.5638,290.1685,205.2555,367.9233,430.9609,212.8617,157.1415
2023-12-05,420.5308,268.2658,163.5121,164.7868,340.6206,258.8098,231.6914,206.447,231.1841,228.4779,289.1431,204.7706,374.0428,428.2971,211.9691,157.181
2023-12-06,414.8652,265.8359,163.3142,163.4481,337.0193,255.7588,228.1631,204.9971,227.8328,227.5747,287.6187,205.9255,370.591,427.6485,211.2369,157.218
2023-12-07,419.3686,268.9297,162.5419,163.1267,339.1339,256.816,228.2126,204.1586,228.5914,226.6393,288.0931,204.5161,370.5658,429.4191,210.5812,157.2461
2023-12-08,407.6247,262.2242,162.5647,163.3998,336.3669,256.1529,227.9333,203.2777,226.2984,226.8021,283.4973,207.4648,361.0357,416.5691,210.3754,157.2739
2023-12-11,398.086,259.1612,163.2051,163.4768,334.1009,254.6752,226.0105,203.2178,224.6881,226.0175,282.3917,207.9811,357.765,413.859,209.3876,157.2403
2023-12-12,396.4938,262.6378,163.4636,164.0782,333.3738,255.4313,227.6357,203.6021,226.6316,225.9306,284.4135,210.1801,357.8682,415.259,209.3391,157.3472
2023-12-13,393.3551,263.4787,163.577,164.4227,335.4949,255.2045,227.4602,203.5507,227.1329,225.7047,286.9583,208.9837,358.3159,416.0363,208.4251,157.3617
2023-12-14,392.5123,262.2988,164.2941,164.2551,331.5016,254.1712,226.8748,203.8407,225.1738,224.8137,286.5777,206.3821,361.3809,421.7936,209.4188,157.4436
2023-12-15,383.1424,256.1605,164.9874,164.5744,328.9818,251.7035,227.0259,204.2821,223.7778,225.4993,284.7877,208.2617,354.4266,413.92,209.17,157.3964
2023-12-18,373.7025,251.3042,166.4223,165.9836,328.8391,252.5776,228.0348,205.2708,223.337,226.2598,285.6206,206.4212,355.5797,409.3888,208.1707,157.4754
2023-12-19,376.2185,251.6726,166.0193,165.2423,330.0286,252.3093,226.9236,204.4112,221.9467,226.2547,283.7917,209.3653,356.0909,411.7032,206.7571,157.4298
2023-12-20,386.9955,257.754,166.25,165.7413,336.0092,255.718,230.3761,206.6338,224.6708,228.0941,284.0652,210.2782,360.1517,420.7321,207.3158,157.2788
2023-12-21,386.7614,258.2362,166.0316,165.5546,339.2976,254.7184,229.896,205.832,224.4216,228.4596,284.125,209.8024,362.0907,417.4271,206.5898,157.3084
2023-12-22,393.9775,260.3123,165.7933,165.4107,338.9384,255.022,231.6718,206.1718,224.8873,228.8465,284.5853,210.1494,369.9707,424.1034,206.1591,157.3958
2023-12-25,398.274,262.9267,164.4672,163.8399,339.2248,255.6905,233.1786,206.4127,225.5862,229.1808,285.2528,208.9757,365.0266,418.1956,206.4668,157.4901
2023-12-26,400.6707,263.8291,163.9526,163.2222,336.189,255.771,232.9924,206.0511,225.6315,229.0974,286.7657,210.0933,362.8883,422.081,207.0787,157.5985
2023-12-27,392.7524,258.7514,163.33,162.1685,330.657,253.8501,230.6308,205.1815,224.337,227.5141,284.966,209.4783,358.2715,407.1153,206.0881,157.5488
2023-12-28,380.9665,254.3791,164.2083,162.8338,326.6799,252.7957,230.1983,205.3414,224.2035,227.1785,285.9492,207.4613,357.456,398.3786,205.4943,157.5493
2023-12-29,385.6852,256.5581,164.4167,163.4166,329.1213,254.5627,231.1847,206.9726,226.9389,227.5551,288.4034,208.6727,358.29,399.2396,206.3778,157.5317
2024-01-01,385.0239,258.1538,165.2882,164.633,332.1927,256.347,232.4343,208.1114,227.7156,228.2476,290.305,209.8088,364.9022,405.2361,205.486,157.6112
2024-01-02,383.55,255.1132,165.0362,164.7735,331.7616,257.713,232.687,208.8539,228.5748,228.1728,291.0562,206.9774,360.9541,403.7577,204.2468,157.5916
2024-01-03,383.3088,258.1383,165.101,164.774,332.5668,257.2881,232.3514,208.4924,227.2581,226.7361,290.2645,209.4205,365.5647,405.1261,204.5703,157.5775
2024-01-04,381.201,256.929,165.2852,164.9652,327.9928,255.4796,232.5788,208.2563,227.8103,226.1297,293.6372,211.1301,368.1247,406.7631,203.5966,157.7369
2024-01-05,368.7745,251.4182,165.6736,164.7846,323.4634,253.7931,232.1317,208.5085,225.8755,225.8241,291.1325,206.4144,360.5533,400.015,202.76,157.77
2024-01-08,368.8087,250.4139,166.0801,164.9899,324.9193,254.9143,232.8672,209.7127,225.8553,226.8452,287.9292,206.9881,360.3873,390.9943,204.7651,157.7807
2024-01-09,365.5329,250.1477,166.8742,166.0582,328.6743,257.2943,235.5003,210.9885,227.2773,227.9563,286.3975,206.4522,354.3426,387.6095,203.9326,157.8124
2024-01-10,366.914,249.8291,167.4021,166.4429,328.2817,256.745,235.1978,211.4426,227.7298,228.3885,287.8284,206.9491,356.5117,394.5082,203.5697,157.9273
2024-01-11,370.0164,249.0811,166.7822,165.7978,327.602,255.3238,234.0878,210.5292,226.7323,227.2578,286.4516,205.7434,359.0555,389.2854,204.5282,158.1085
2024-01-12,363.1622,243.7198,166.2972,165.6765,327.1124,255.0637,232.2859,209.3094,224.6326,226.5201,283.3798,200.5297,356.8736,381.6502,203.2969,158.2067
2024-01-15,370.4239,247.6153,166.3422,165.7479,328.9199,255.1541,232.6275,209.4308,226.0776,225.9048,285.0968,203.4749,357.0192,388.6513,203.7444,158.2189
2024-01-16,365.5169,245.5579,166.4038,166.0688,329.3488,255.4197,232.5153,209.3013,225.8906,226.0741,284.2195,203.1635,354.5338,379.7948,204.4671,158.1804
2024-01-17,361.0962,242.6896,166.8493,165.8481,326.4997,254.3879,231.2706,208.4553,225.1117,226.9202,282.1175,200.6206,351.5442,374.6803,205.2811,158.2691
2024-01-18,361.586,246.936,167.3515,166.7778,332.6722,257.4578,233.5187,209.4794,227.8198,228.9751,285.1698,200.2124,350.7998,373.1305,206.7566,158.3121
2024-01-19,363.8178,248.4528,167.2177,166.8728,334.123,259.3347,232.6552,209.989,228.6317,228.4008,285.983,201.2052,355.2537,373.9856,206.1304,158.3674
2024-01-22,358.5566,243.6169,167.1832,167.2537,333.7761,259.1381,233.4365,209.5653,227.6244,228.1355,282.1716,200.8008,348.4972,362.7178,206.0879,158.3394
2024-01-23,354.2145,241.9765,166.9402,166.7648,331.5667,257.863,233.148,208.4657,226.0147,227.8381,281.7567,201.5594,346.0734,356.1126,206.568,158.349
2024-01-24,360.0878,246.9213,165.769,166.2106,332.7731,258.3568,234.2175,208.6619,227.8018,227.9046,285.5442,201.2701,349.5144,361.9487,206.6855,158.3352
2024-01-25,358.2282,246.4703,166.0286,165.7776,330.8934,256.6102,233.6299,208.9981,227.7245,228.1943,288.1166,201.307,348.9504,361.555,207.0353,158.3866
2024-01-26,359.2269,246.6905,166.4109,165.6942,329.6504,254.3352,231.2472,208.4777,226.6918,227.2456,289.9749,202.5397,352.6586,368.1215,207.3705,158.3751
2024-01-29,358.3368,244.0907,166.3239,165.5467,329.7963,253.37,230.5444,207.9912,226.3292,227.7233,288.9257,203.4231,350.2705,365.837,206.3992,158.2931
2024-01-30,354.6847,241.4799,166.0903,165.8183,329.4809,253.1008,230.3352,208.1236,225.5913,228.4521,286.6072,203.8759,349.1519,364.9057,205.9853,158.2935
2024-01-31,359.3978,243.9287,165.5796,165.4381,329.8042,252.8162,230.3893,207.282,226.5709,228.5245,289.7859,203.8817,350.6986,369.1735,206.1999,158.2818
2024-02-01,354.7214,240.5329,165.5894,166.1062,330.7068,252.7685,230.6989,206.9513,226.9986,228.5954,287.9069,201.5885,347.5953,362.1903,205.0777,158.2677
2024-02-02,346.3747,235.1302,165.5597,166.0513,325.6138,250.922,228.7023,206.0976,225.8483,227.837,285.2669,202.3806,348.2195,351.6185,203.6109,158.3325
2024-02-05,338.0271,233.0465,166.5286,166.2467,323.8738,247.1192,226.929,206.3572,225.1864,227.1376,286.0975,201.616,341.9332,349.7414,203.8196,158.3603
2024-02-06,337.5866,233.7124,167.1509,166.7554,326.1239,246.0265,226.2669,206.7259,227.2225,227.4778,287.5356,202.0414,342.8001,349.2202,202.5105,158.3819
2024-02-07,339.8515,233.8038,166.8913,166.2491,326.0619,246.009,226.8131,206.8665,226.2912,227.1848,286.2836,202.7769,347.9605,346.6543,202.1583,158.3267
2024-02-08,336.4811,229.3793,166.7335,165.5495,321.8526,244.6234,224.5473,205.8969,224.3178,226.7705,285.301,203.6803,347.2547,343.5223,201.0851,158.2717
2024-02-09,333.0981,224.1721,165.7479,164.9486,321.1914,245.5869,224.64,205.3914,222.1056,225.9454,280.2155,201.8715,345.0847,332.9609,198.8641,158.3009
2024-02-12,332.883,224.0379,165.8668,165.5191,323.3786,245.598,224.9576,205.6884,223.9903,225.9891,281.9888,201.561,344.9884,325.4416,199.8448,158.3603
2024-02-13,336.7523,226.8367,164.8962,164.2797,321.8809,245.7799,224.4578,205.2291,224.0455,226.0419,283.2703,199.242,345.5883,330.6245,200.181,158.3683
2024-02-14,337.9778,227.8614,164.8059,163.4463,321.8131,244.9339,222.9828,205.0915,223.1201,225.6048,285.1301,198.6268,343.8799,336.6211,199.7782,158.3496
2024-02-15,335.7975,228.98,164.1103,162.4276,321.2078,245.1995,221.7443,205.068,221.9153,225.1842,282.9556,198.3077,344.0316,332.7069,199.8787,158.354
2024-02-16,340.7906,228.7251,164.7172,163.2814,322.556,246.6223,222.7506,206.0562,224.2223,224.9861,285.8511,197.5562,344.9546,334.3349,200.2439,158.3444
2024-02-19,343.7002,232.1728,164.6704,163.1421,324.9305,246.5753,222.8248,205.4778,225.751,225.2292,289.892,196.7811,343.559,337.1035,200.8618,158.3821
2024-02-20,342.7935,232.3231,165.5176,163.6408,326.8118,246.0188,222.8516,206.2048,225.504,226.1887,290.4995,196.119,346.7042,339.2929,201.5574,158.3932
2024-02-21,340.2894,232.9878,164.7731,162.6376,324.5392,246.0813,222.2628,206.0995,225.2883,226.1472,292.0035,195.4318,347.6139,335.8755,201.1281,158.4398
2024-02-22,336.9817,231.4242,163.6297,161.3686,324.0971,244.9736,220.5533,205.329,222.9762,225.0147,288.9301,195.1402,346.9548,330.8009,198.99,158.5497
2024-02-23,331.9508,229.3805,163.5571,161.4369,324.7015,244.5257,219.8193,204.4842,221.5991,225.0581,286.7913,195.4409,342.6427,324.0182,199.7046,158.5569
2024-02-26,336.0573,230.6139,162.4577,160.6023,323.0112,245.1799,221.4252,203.8425,223.1876,225.227,287.2784,193.7452,340.0272,321.3481,199.4355,158.6128
2024-02-27,342.2361,237.7048,162.0641,160.5722,328.2346,246.1064,222.698,203.2973,225.1129,225.6918,288.6841,194.1741,338.1264,325.481,201.0894,158.731
2024-02-28,342.5183,237.1286,162.9697,161.3917,326.7453,246.187,223.4601,203.3871,225.8649,225.7679,291.6291,196.7868,336.4753,329.9971,201.2656,158.7424
2024-02-29,343.0747,236.9324,162.4308,160.913,327.8499,245.0681,222.8633,203.0941,225.1469,224.9204,291.0249,197.1278,334.7431,328.778,200.6773,158.7492
2024-03-01,346.1695,237.0404,161.9677,160.5051,324.4728,242.8294,223.0751,201.2914,223.7014,224.606,291.1654,198.4666,338.5778,335.6403,199.9859,158.8087
2024-03-04,350.2566,239.7132,162.3644,160.6442,324.4907,242.692,223.5071,201.6665,225.3831,225.1965,295.5444,198.8589,339.788,342.3012,200.8123,158.9491
2024-03-05,355.435,241.5465,162.394,160.9531,325.6203,242.6045,224.0476,202.1748,227.7823,225.4638,296.6612,201.3148,342.2626,343.1169,200.6646,158.9403
2024-03-06,356.3392,242.8883,162.6845,160.6632,324.8202,242.1014,224.1288,203.1698,228.8615,225.8687,295.3619,199.1243,344.9006,342.2723,200.674,158.9161
2024-03-07,368.4514,246.6722,161.901,161.4726,330.7878,246.2299,228.3375,204.2074,231.6524,227.2634,292.4803,200.31,347.4742,345.2256,201.3792,159.0025
2024-03-08,368.3026,246.6427,161.4091,161.7507,334.2417,248.0462,228.1098,204.607,232.7298,227.5854,292.4901,199.5824,345.4191,341.2704,201.8399,159.0054
2024-03-11,366.5919,247.3666,161.9412,162.0171,335.7845,247.8979,228.5053,205.4822,231.8469,227.9056,291.349,200.3229,346.0994,345.0241,201.4816,159.0485
2024-03-12,374.312,249.3198,161.9905,161.6719,338.6354,248.0545,227.4339,205.6546,231.8896,227.437,290.2487,200.4353,349.6664,346.8677,202.2349,159.0667
2024-03-13,376.312,250.3978,161.8734,162.3259,343.7928,250.1192,228.3976,206.5936,232.9723,227.7381,290.3317,198.5186,352.1922,345.9177,202.4444,159.0224
2024-03-14,379.848,249.428,161.4889,162.1086,346.132,248.5799,227.6494,205.8297,232.7282,228.4398,289.087,197.4099,351.8863,346.8416,202.6434,158.9843
2024-03-15,370.1745,245.4059,162.7258,163.0283,342.4936,249.4558,228.4322,206.4985,231.9559,229.2966,286.7748,196.598,349.7641,344.1879,202.176,158.9289
2024-03-18,369.2745,245.6965,162.2468,162.6331,341.022,247.7916,227.1168,205.5831,232.2996,228.5532,289.1842,198.2356,350.2667,344.9619,200.7382,158.9443
2024-03-19,367.1179,242.8672,163.1022,163.8743,341.6516,247.4723,227.1992,206.1894,232.1153,229.3514,288.4426,197.2743,354.2893,347.8203,200.6241,159.0784
2024-03-20,366.4774,243.184,162.8813,163.7495,339.9245,247.4378,227.7032,205.7981,231.0252,229.1903,287.3975,197.2616,356.1561,351.0249,200.3523,159.0103
2024-03-21,367.5923,242.0115,162.8898,163.7224,340.1086,247.2236,227.5214,206.0158,231.8823,228.9703,287.7249,193.0849,353.6757,349.4379,200.7218,159.0897
2024-03-22,373.3139,244.7258,162.6402,163.6307,339.7625,247.3803,227.2292,205.6543,232.8557,228.7695,286.7708,192.1934,356.288,352.2884,202.3382,159.1111
2024-03-25,370.8871,242.6331,163.1957,163.8185,339.0544,248.2242,227.0224,206.5793,233.2364,229.925,288.8918,191.2999,356.644,352.7394,201.8251,159.1053
2024-03-26,367.0244,239.5578,163.6772,164.2925,337.93,247.7719,227.9398,207.686,233.201,230.9286,286.4539,190.083,360.2587,349.8491,200.6355,159.0367
2024-03-27,366.5633,239.176,163.8151,163.81,335.9402,246.1892,226.682,206.8469,232.5084,229.9742,287.2599,190.1239,358.1126,347.8913,201.2214,159.1122
2024-03-28,356.8842,237.2053,164.1306,164.4081,336.3383,246.746,226.9209,207.403,233.4156,230.4204,288.0509,190.0659,354.0091,338.8036,200.3059,159.1605
2024-03-29,358.1193,238.618,164.5428,165.0761,339.0018,249.4955,229.4389,208.0402,233.9063,231.0251,287.9037,190.617,353.8847,339.901,200.2483,159.1943
2024-04-01,364.4219,239.6224,164.0439,164.5671,341.6427,251.4604,229.8099,209.2451,234.1787,230.7999,286.2154,192.521,351.7503,342.2724,199.5715,159.1548
2024-04-02,364.7199,239.9282,164.4097,165.0077,342.684,252.1643,230.4629,210.0836,236.0651,231.2226,287.1275,192.0934,350.7649,338.2546,200.5359,159.0132
2024-04-03,360.9505,238.1577,164.1741,164.8166,342.748,253.2773,231.8424,209.9495,235.0484,231.1879,283.86,188.76,345.981,331.6401,200.2975,159.0417
2024-04-04,356.2897,236.3725,164.2896,164.4531,340.102,253.4772,230.9565,208.7359,234.9439,230.8727,283.4539,188.5668,341.8127,324.5323,199.424,159.0574
2024-04-05,348.8058,232.7354,164.6188,164.1876,333.1766,251.2789,229.3672,207.4679,233.1575,230.422,283.2316,189.859,339.8053,322.1691,198.8984,159.0839
2024-04-08,351.0039,232.5955,164.7843,163.7048,329.338,250.1331,228.4442,206.962,231.9683,229.0213,283.6842,189.1183,342.8528,324.6714,199.7413,158.9239
2024-04-09,353.5629,230.8858,164.1887,162.8495,326.2627,249.7211,228.1489,206.0508,230.7754,229.2411,285.4769,189.3733,343.8367,327.7287,199.1434,158.8406
2024-04-10,359.3568,233.0679,164.4301,163.0576,327.4674,251.3121,229.5392,206.4464,230.2643,229.3495,283.3637,191.6364,347.0809,331.8064,200.2722,158.9046
2024-04-11,365.9695,237.018,164.9075,163.4383,331.6492,252.2752,229.9565,207.4207,230.8188,230.1528,287.6173,196.1589,349.6173,342.6438,201.4524,158.8803
2024-04-12,353.893,232.8223,165.438,163.3841,327.9239,250.0468,228.591,207.5555,229.7174,230.1312,287.7558,196.314,347.1714,333.9765,200.4636,158.7922
2024-04-15,349.4715,233.994,165.6032,163.6013,328.8255,250.1485,227.5883,207.1972,231.4964,230.6088,289.1664,194.7599,346.3467,327.851,200.965,158.7175
2024-04-16,348.0515,235.2256,166.2234,163.9438,327.4857,249.0877,226.9327,206.9769,230.0412,230.0892,292.5276,198.8944,347.6602,333.2999,202.9258,158.7147
2024-04-17,349.4408,236.9163,166.8617,164.4734,329.9371,250.6805,228.0117,208.6249,230.6351,230.857,291.7564,198.652,349.2032,337.5386,203.2564,158.7632
2024-04-18,353.6214,238.7317,167.2908,164.9615,327.2149,251.1227,230.1401,209.2587,231.7385,230.1419,295.3289,200.544,354.4395,342.4782,203.9106,158.7673
2024-04-19,344.7661,236.2608,167.1062,164.4269,324.1703,250.678,229.702,209.4978,228.8129,229.4385,289.8695,202.0828,350.3123,334.064,203.8589,158.8327
2024-04-22,351.455,242.3364,167.709,165.0925,327.1651,251.3786,231.1625,210.4235,232.3277,229.7891,294.1673,206.2099,353.8467,338.5137,204.8398,158.9055
2024-04-23,347.0932,237.7161,168.4496,165.5626,325.8845,250.3484,230.0364,210.6024,231.4368,230.6356,292.0558,206.6698,351.9549,334.628,205.1786,158.8996
2024-04-24,351.1662,238.9255,169.1224,166.4451,326.2245,250.886,230.672,210.6508,231.4486,230.9881,296.0657,208.7076,355.1493,343.7914,207.415,158.889
2024-04-25,346.0992,238.6401,169.0781,166.0711,323.6331,248.7208,229.5696,210.0692,229.7578,230.6295,293.382,208.2563,354.1424,345.901,206.7206,158.9106
2024-04-26,342.2216,236.4751,169.3368,166.1909,324.9505,248.2741,228.8108,209.8253,228.9473,231.2081,292.7875,207.0009,352.6062,344.0126,205.7246,158.9539
2024-04-29,341.5751,236.2667,169.4423,166.4589,328.7051,250.7259,229.4069,211.0081,229.4465,231.6349,292.0122,208.0841,351.5239,337.2766,205.8142,158.9692
2024-04-30,337.9917,234.4268,168.6728,165.7295,325.6598,250.0488,229.2222,209.8987,230.3556,231.5671,291.3131,208.8946,342.6089,328.6008,204.7597,158.8961
2024-05-01,335.7116,233.7079,167.6364,164.9025,326.8663,248.6335,228.2842,208.8741,228.1935,230.8529,286.7829,210.3334,342.0138,323.1358,203.4658,158.9484
2024-05-02,338.9151,235.3419,167.5321,164.4281,328.4076,248.0853,227.8285,209.3265,227.2094,231.1338,286.0879,209.7719,342.5212,327.0616,205.0484,158.9605
2024-05-03,331.8194,233.2189,166.8023,164.1624,327.142,247.0942,227.7285,208.5096,227.3243,231.1891,285.5078,208.5729,335.7735,319.4034,204.115,158.9073
2024-05-06,332.3998,236.166,166.5985,164.0435,328.9922,248.2699,230.0516,209.4695,227.4213,231.8293,284.3813,209.7122,336.0255,318.6994,204.6825,158.9174
2024-05-07,338.2962,237.7483,166.4845,163.7658,330.9105,247.8661,230.1459,209.9044,227.9388,231.4426,285.1688,208.2983,334.3966,324.0783,205.2106,158.8655
2024-05-08,344.7605,240.2496,164.9759,162.0355,327.1454,245.8882,229.3528,208.6743,227.1959,230.6051,285.899,208.4696,333.991,328.6462,206.3349,158.9383
2024-05-09,339.9609,238.9458,165.0757,161.8104,326.493,245.4334,228.6723,208.491,225.9384,230.6104,283.9005,206.2302,332.7991,326.268,205.8252,158.9182
2024-05-10,337.8936,239.6312,165.0836,161.137,326.4296,243.8758,227.4263,208.3433,223.6444,230.376,282.3952,207.2371,332.4605,329.8951,205.3937,158.8998
2024-05-13,338.4429,240.6073,165.1355,161.7921,327.2705,244.523,227.8121,207.9318,223.566,229.6506,286.4177,207.7597,335.5787,332.5675,206.5842,158.9284
2024-05-14,340.5089,240.1348,165.0801,161.8454,326.0085,244.1126,228.7591,208.0174,222.4845,230.1225,284.308,209.592,340.9518,338.4061,205.4567,158.8792
2024-05-15,338.5654,242.0776,164.8651,161.2163,323.6059,242.9017,227.7669,207.7406,223.5128,229.7388,286.3552,212.3107,340.3073,336.8542,204.4647,158.8371
2024-05-16,334.227,239.284,164.8934,160.9252,319.5344,241.2498,226.304,206.9171,221.9314,229.2569,284.8437,212.9855,339.4503,334.1767,204.4372,158.8068
2024-05-17,329.8714,238.6324,164.9718,161.4125,319.7415,243.529,228.3343,207.4278,222.0199,229.87,285.8622,210.8269,342.0722,331.2581,203.5144,158.7879
2024-05-20,325.9247,237.3276,165.1395,161.8673,318.4751,244.5387,229.0253,207.3424,222.4922,230.4561,284.8244,207.9875,338.0533,329.3202,203.9475,158.7118
2024-05-21,327.191,237.0835,165.2253,162.2802,318.2103,244.0216,229.6191,207.2908,222.7983,230.2595,284.899,211.5499,335.5012,330.4053,204.5502,158.5963
2024-05-22,325.0701,235.268,164.3813,161.7584,319.9393,245.2573,229.4026,206.6852,220.5531,230.1165,286.2302,208.0073,334.1589,329.1666,204.5754,158.708
2024-05-23,324.9612,232.7818,164.7563,161.4865,316.9128,246.4818,229.5522,207.317,220.1862,230.273,286.039,203.8371,331.4414,328.6587,205.5307,158.6917
2024-05-24,324.9742,236.5939,164.7663,161.082,318.5433,245.9556,230.2551,208.7759,220.595,230.5277,286.3457,203.9579,331.3834,328.7305,206.9756,158.6362
2024-05-27,329.5962,235.8569,165.3084,161.4198,318.051,246.1187,229.9859,210.0816,222.0429,230.569,288.575,202.5265,333.7029,332.3793,207.799,158.7595
2024-05-28,314.5622,227.655,164.9636,161.4466,313.6521,244.9548,228.723,208.7009,217.6225,230.0216,281.3995,201.3933,324.8203,322.3153,206.5524,158.8078
2024-05-29,312.5193,226.0875,165.3013,161.849,313.2049,244.7615,228.7296,208.5236,218.1334,229.8615,282.7611,199.7883,322.6719,322.8984,205.3987,158.9004
2024-05-30,315.2715,225.6428,165.6079,162.2395,316.349,245.7236,227.8505,208.8081,219.3706,230.2965,284.7275,201.4244,319.9691,324.4299,205.2279,158.8998
2024-05-31,309.1147,224.2547,164.4413,161.3862,314.6697,243.8996,227.1801,207.8647,218.9323,228.828,282.0465,199.6601,314.8467,311.1213,204.7961,158.9059
2024-06-03,306.1813,223.9259,163.7701,161.1351,314.9041,243.3816,226.9936,206.9644,219.3733,229.0761,280.7429,198.7237,311.8585,306.8015,203.7186,158.8991
2024-06-04,306.7937,223.7134,164.3306,160.571,313.5571,242.1506,226.3587,207.1846,218.8188,229.4372,279.5918,198.2695,312.7143,304.6656,204.4683,158.8474
2024-06-05,308.1571,221.7271,164.3005,160.2101,311.7127,240.631,226.2667,206.9645,218.0475,229.9505,277.7039,197.4653,313.9213,304.2857,204.6045,158.8991
2024-06-06,312.6547,224.1909,164.0807,160.6133,313.9946,242.3826,228.0758,207.0633,218.6091,229.981,278.55,201.1962,317.4934,305.2881,205.3271,158.9168
2024-06-07,307.7203,222.1745,163.433,160.1306,318.4975,241.8732,227.6281,206.2041,216.098,231.1862,276.1071,199.5798,316.4521,302.3373,202.8884,158.8372
2024-06-10,301.0603,217.7357,163.9359,160.1696,317.0104,238.9801,224.8649,206.178,215.5048,231.0368,274.1403,198.0465,315.079,293.8431,202.6217,158.8591
2024-06-11,297.5987,215.7931,163.892,160.091,316.5673,237.8587,223.6563,205.2845,214.6321,230.62,274.759,196.3337,314.6805,291.5997,201.8037,158.9389
2024-06-12,292.605,214.2435,164.9406,160.892,317.4131,237.8278,223.3843,205.8612,214.0388,231.3836,272.243,195.1239,313.8032,288.8283,202.6094,158.9845
2024-06-13,293.9196,214.1477,164.5056,160.489,315.5047,237.4389,223.9816,205.8388,213.0681,229.8128,270.5076,196.0206,313.7169,288.8339,202.2484,159.0293
2024-06-14,296.1991,215.8255,163.8907,160.0395,315.3551,236.6248,223.0052,205.1845,214.0789,228.9034,274.017,196.3054,312.4835,288.4406,203.3214,159.0811
2024-06-17,298.9106,216.567,163.0423,159.9484,316.8735,237.7179,223.5897,204.6368,215.165,229.0699,273.7276,201.0262,309.99,285.8543,202.8705,159.0412
2024-06-18,298.5014,216.4931,162.9088,159.6069,316.3827,236.9657,223.9578,204.9996,215.0638,229.3395,272.7411,204.2957,308.6251,279.4793,204.4522,159.0181
2024-06-19,297.4745,216.6419,163.6735,160.0681,314.6284,237.4652,224.9299,205.7656,215.4604,229.0116,274.8893,200.9692,308.2087,282.2237,205.4729,159.0926
2024-06-20,294.9296,213.6695,163.8788,160.5419,314.766,237.9626,226.8686,206.0631,215.4153,230.0443,272.9726,201.1339,307.5183,276.0533,204.875,159.0758
2024-06-21,299.9798,215.6402,164.8349,161.3579,317.28,239.5301,228.5471,207.7389,216.4141,231.264,275.2578,202.809,308.3129,286.5411,205.3753,159.1548
2024-06-24,294.5138,213.3562,164.6866,161.3416,315.5847,238.9415,228.0012,207.0371,216.947,231.1189,276.6169,203.5841,305.3249,279.785,203.8423,159.0822
2024-06-25,299.9547,217.2042,164.9573,161.6158,319.559,241.0851,228.5686,207.7397,218.6265,232.9988,277.2492,209.3056,306.4339,282.9486,205.1234,159.1004
2024-06-26,299.3782,218.1728,164.9256,161.5137,320.6113,241.3669,227.3403,207.6397,218.4003,233.7234,276.4857,209.3345,311.1095,282.3125,205.3775,159.0598
2024-06-27,297.7253,216.9796,164.8854,162.1521,320.9834,242.0968,226.7733,206.9262,218.9027,234.1059,276.7881,212.5245,314.2595,277.0781,205.5647,159.0883
2024-06-28,300.1971,217.832,165.0328,162.0761,319.9751,241.1229,226.0053,207.3375,219.3887,234.0558,277.5146,214.3072,313.6605,281.5822,206.2224,159.1516
2024-07-01,303.4465,218.7074,165.0039,161.5501,318.4525,238.9677,224.0111,206.5839,220.261,232.742,280.3164,212.0516,312.4604,286.4004,205.8988,159.186
2024-07-02,301.5455,218.0468,165.5709,162.4036,321.6608,240.3556,225.9264,207.3206,220.804,233.7065,282.1143,213.0156,312.7672,284.8893,204.91,159.1787
2024-07-03,302.4154,219.3722,166.3958,163.1392,323.23,241.3927,226.4514,207.802,221.9752,234.3777,284.5687,213.226,314.0331,288.0158,205.4806,159.1377
2024-07-04,297.141,216.7158,166.5524,163.6949,321.539,243.0915,226.3334,207.0589,219.2165,234.3263,281.5857,214.6982,310.7416,287.0544,206.9328,159.1637
2024-07-05,299.8248,220.1469,166.1713,163.7713,321.6342,243.7143,227.0346,207.1869,222.2338,234.1821,282.9776,213.8161,315.0754,286.3785,206.3722,159.1584
2024-07-08,293.6509,217.6976,166.4219,163.5019,320.5636,243.6602,225.95,207.1312,220.4969,233.8527,281.9874,212.528,311.6113,282.1066,205.9006,159.1494
2024-07-09,296.1557,219.9895,165.8087,162.7229,321.4253,242.57,224.9912,206.5818,221.8577,235.1683,285.172,212.1275,310.2189,285.7121,205.9437,159.1166
2024-07-10,297.4693,219.8375,165.8461,162.3111,322.764,241.8282,224.526,206.53,220.8496,235.556,284.9219,212.8943,313.5594,284.059,206.243,159.1878
2024-07-11,300.1741,223.0868,165.9323,162.4069,326.3999,242.198,224.2781,207.7224,222.177,235.213,284.7825,211.7629,315.0081,285.2061,207.1369,159.141
2024-07-12,294.8614,222.0615,166.3844,163.3549,325.7938,243.0844,225.1696,206.6516,222.6018,235.9486,283.1587,214.9244,313.1636,282.4703,205.4218,159.1342
2024-07-15,291.8638,219.3726,166.6921,164.0234,325.2253,242.1806,224.0542,206.2783,222.5217,235.945,284.4936,214.7318,313.244,284.4829,204.0282,159.1811
2024-07-16,292.7319,219.5138,166.3153,163.0321,326.8156,243.0713,223.6089,206.5835,223.1051,236.7722,284.4339,212.3906,312.8634,278.9241,203.3812,159.3265
2024-07-17,290.2262,216.618,166.4462,162.8313,325.8655,240.8306,221.5276,206.4524,222.5403,236.8202,281.7353,212.3996,309.3542,275.259,203.4992,159.2457
2024-07-18,287.1898,218.0314,165.9766,162.3169,321.1664,240.0391,221.8995,205.9356,221.8262,235.5981,281.9228,214.7802,309.0084,274.2902,203.6626,159.2402
2024-07-19,286.8228,220.0571,165.4108,162.2606,322.9434,239.72,222.2877,204.8638,222.4515,236.4668,281.7383,212.3916,306.6166,278.228,202.8176,159.2749
2024-07-22,286.2082,218.2838,165.765,162.34,320.72,237.8648,222.159,203.929,221.7333,235.7863,282.6672,212.5425,306.3068,276.8483,203.2554,159.3381
2024-07-23,287.4968,220.2547,164.9751,161.6385,322.7642,239.1055,222.7868,203.5981,220.4916,235.7593,279.1248,211.6666,304.4203,277.1429,203.341,159.3043
2024-07-24,287.9948,221.07,165.2113,161.3794,321.2728,238.5575,222.9431,203.2852,219.252,235.693,281.0253,206.0425,306.2309,283.0433,204.5468,159.416
2024-07-25,290.8694,222.0997,164.7569,161.0746,326.9377,239.7962,223.2909,204.0146,219.7759,236.2027,279.8122,207.3583,305.7196,280.6112,203.1727,159.5001
2024-07-26,287.5328,220.6059,165.1155,161.365,326.977,239.1703,222.8815,203.8063,219.3016,236.7431,279.937,204.6018,307.0962,280.5094,202.6099,159.4577
2024-07-29,284.2474,219.9228,164.7402,161.3634,327.0192,239.065,222.81,202.6586,217.944,236.0048,277.7146,203.1133,303.1318,280.58,201.8003,159.4579
2024-07-30,288.0467,221.778,163.6375,160.5351,328.5191,239.1659,222.76,201.7779,218.8349,235.1096,279.77,201.1807,302.1582,279.514,201.5741,159.3937
2024-07-31,286.5253,220.0063,163.9222,160.4733,326.2692,239.3872,222.5487,201.1969,217.9252,235.4086,279.3747,202.0357,299.329,280.994,200.9351,159.4499
2024-08-01,292.0165,222.2971,163.8472,160.8713,331.0196,241.7218,224.6389,201.7096,218.9526,236.6237,280.5195,202.6646,298.1702,287.1168,201.063,159.4887
2024-08-02,285.9705,219.8529,164.1286,160.5989,329.1609,241.0871,223.9389,201.7351,217.5185,236.7003,279.3793,198.6792,295.9957,283.9687,200.7902,159.4444
2024-08-05,284.0826,216.5998,164.6602,161.1113,327.6149,242.7864,224.9946,202.5776,217.2197,236.7599,278.2246,199.0435,293.7778,281.3587,200.4185,159.5024
2024-08-06,290.5844,219.569,164.2773,161.443,330.1121,244.3345,226.581,202.0382,218.7008,237.6175,277.8306,198.7424,298.3406,286.4227,200.2982,159.5545
2024-08-07,291.435,218.3614,164.5444,161.8777,331.0341,243.4946,226.0397,201.6168,218.8569,239.0148,274.7398,202.2747,299.6959,287.2876,199.3537,159.6211
2024-08-08,292.1038,217.2183,164.9324,161.3715,329.5371,242.5929,224.7978,202.3619,219.1272,238.8168,276.4451,200.9347,300.11,288.406,198.3266,159.6682
2024-08-09,288.3576,215.9773,164.8115,160.8453,327.9817,241.3437,224.2813,202.7386,218.6202,239.9189,274.9944,202.9857,296.5265,284.9742,198.3001,159.6264
2024-08-12,300.4585,220.1062,164.1732,160.9365,333.1241,242.3625,225.5656,202.5445,219.6235,240.3269,274.1467,208.7904,301.2846,291.3729,199.0702,159.6498
2024-08-13,303.7505,222.358,164.1614,160.3799,334.7105,241.4893,225.6058,202.7871,218.5383,239.7479,276.7036,210.9957,302.8336,295.1141,199.951,159.6282
2024-08-14,300.979,221.1342,164.0541,159.9955,333.2937,239.893,224.69,202.5971,217.317,240.1537,276.8686,210.6528,303.0691,296.8797,199.254,159.5723
2024-08-15,302.7383,222.5572,163.6593,159.7452,334.2343,239.8933,224.8113,202.5122,216.6371,240.1214,277.1964,210.0257,303.2746,299.91,200.4051,159.5836
2024-08-16,305.0957,222.843,164.0179,159.7688,333.2067,239.1034,223.4581,202.5859,218.2281,240.98,279.5403,210.048,304.8576,302.0605,201.1157,159.6003
2024-08-19,308.703,224.6541,164.6106,160.7716,339.1676,240.478,225.7568,204.096,221.2422,242.5197,281.2843,207.1553,304.3165,306.1373,200.322,159.6639
2024-08-20,309.4277,224.8631,164.9985,161.4943,338.4702,241.8213,227.1385,204.0162,223.0578,244.1279,283.4419,207.2181,307.3357,308.6841,199.7233,159.64
2024-08-21,307.429,225.0936,164.7189,160.6649,332.9364,241.8451,227.6341,204.5841,222.4382,243.4763,283.9059,208.1058,304.8611,306.2005,200.9751,159.6419
2024-08-22,313.6909,225.171,164.489,160.0979,333.0438,241.2264,226.9064,205.0489,222.9516,243.4225,285.1879,211.947,307.1552,307.5003,200.756,159.6722
2024-08-23,311.1082,222.8068,164.6081,159.881,328.7471,240.1439,225.8294,204.3561,220.9508,242.6607,282.7479,209.0506,307.7259,307.7544,201.389,159.7852
2024-08-26,310.1054,220.3046,164.4701,159.79,326.8549,240.0561,225.3943,204.0149,221.7128,242.2014,284.3848,211.4827,305.1733,302.262,200.3843,159.8005
2024-08-27,304.5265,218.316,164.4179,159.4032,323.4829,238.8547,225.6076,204.0481,219.6926,241.2718,283.4704,209.4155,305.399,299.0909,199.837,159.8964
2024-08-28,296.0543,213.9113,164.6552,159.6169,320.7076,237.7508,225.225,204.8404,219.0454,242.3836,279.6849,206.9823,303.28,293.0575,198.9496,159.8432
2024-08-29,297.4575,215.3906,164.2455,158.9812,317.5008,236.7747,225.3618,203.8826,218.6168,242.1306,280.388,210.2501,304.2986,292.3902,200.152,159.8209
2024-08-30,296.0765,212.6721,165.2335,159.7383,316.6131,236.0492,225.6323,204.8061,218.4295,242.63,279.8761,213.4912,303.3878,293.4136,199.8203,159.745
2024-09-02,305.4234,217.2415,164.7448,159.2748,318.0003,238.5117,226.6009,205.4476,219.2249,242.2238,280.5761,213.1668,306.6801,303.7354,200.0297,159.8212
2024-09-03,305.1523,215.3521,165.1326,159.0737,316.3852,237.1143,225.6729,205.7123,218.8102,242.0824,282.3876,213.3679,303.8063,306.4153,199.7996,159.8779
2024-09-04,302.3807,212.8925,164.622,158.8808,315.658,237.5263,225.4591,205.6009,219.552,242.3281,282.7153,213.2049,299.5453,297.7859,199.7507,159.9206
2024-09-05,294.9306,208.5004,164.8172,158.2719,314.4038,235.0659,223.5344,205.5737,218.8016,242.7125,282.0993,210.1903,297.0537,286.8747,198.5412,159.9345
2024-09-06,304.7083,214.4818,165.0936,158.1703,318.1839,237.7361,224.8915,206.4014,220.5523,244.0085,284.4746,214.9979,299.6821,296.9801,199.1401,159.9224
2024-09-09,299.1111,212.7543,165.1516,158.3611,319.1534,237.5587,224.9046,205.9051,218.8453,244.7575,284.5541,212.9145,299.4586,297.5903,197.9875,160.0762
2024-09-10,294.5706,210.2933,165.0052,158.1632,318.2954,236.2805,223.8219,205.4216,218.0246,245.0329,281.8365,208.7415,299.5113,291.7435,197.7862,160.0722
2024-09-11,293.1059,210.7377,164.8017,157.8967,318.6904,234.6116,222.206,204.5312,218.0762,244.393,283.4387,205.3901,299.6292,290.1671,198.3363,160.0767
2024-09-12,290.2267,210.7953,166.1423,158.6922,316.7694,233.6875,221.2984,204.8607,218.2034,244.395,285.2814,206.2684,302.5476,295.1212,198.0675,160.2304
2024-09-13,291.329,211.0616,165.654,158.0577,315.2101,233.6627,220.9918,204.8297,218.1255,243.313,284.4377,205.955,300.18,292.7843,198.6324,160.281
2024-09-16,295.7151,213.6015,165.5635,157.3623,315.08,231.8982,219.1691,204.2228,218.1524,243.3036,284.6049,208.565,302.482,300.7962,197.5787,160.3659
2024-09-17,291.9017,213.1837,165.9817,158.1286,315.0495,231.7665,219.8473,204.2744,219.6442,243.0737,287.9035,208.2187,297.8492,300.5122,197.0191,160.4121
2024-09-18,289.0499,213.092,166.713,158.5284,313.6215,230.6357,219.5219,204.2144,219.1754,243.6281,289.045,210.3546,299.3736,304.7533,196.5532,160.4178
2024-09-19,289.2608,214.0646,166.2319,158.2217,313.593,231.1524,220.9405,204.6357,219.2708,244.7748,288.8664,210.7277,299.6847,301.9511,197.9169,160.4627
2024-09-20,291.4945,216.8001,165.7903,157.7031,313.0918,231.0514,220.4248,203.8318,219.3061,243.5631,292.2961,211.9093,298.697,305.7823,198.478,160.4101
2024-09-23,287.8759,214.0148,167.163,159.4208,315.2058,231.8823,221.9578,205.3606,219.0253,244.3397,290.455,210.907,295.6625,308.3001,198.942,160.4332
2024-09-24,283.8964,213.3677,167.4832,160.1452,317.1394,231.646,221.4182,204.6791,219.6649,246.0276,289.4232,209.7213,291.5153,307.7804,199.1943,160.3665
2024-09-25,283.8345,213.1507,167.9511,160.5591,316.9335,232.3215,220.9012,204.2896,220.2718,246.74,292.1662,208.5627,290.9728,311.773,199.4958,160.4337
2024-09-26,280.3175,215.3204,167.4967,160.0629,316.6642,231.9418,220.4304,203.473,218.8174,246.4885,291.1702,214.3761,289.7751,309.8686,199.4582,160.4612
2024-09-27,280.2683,215.9144,167.6833,161.1009,319.54,234.061,220.8983,203.3214,221.2074,248.2727,293.647,217.7825,290.8112,305.1679,200.4604,160.494
2024-09-30,276.9457,213.9039,168.4241,161.2238,316.9326,232.4887,220.0393,203.2499,220.7071,249.4906,295.4405,219.7395,288.1256,307.3306,200.5391,160.5716
2024-10-01,272.3594,209.1674,168.0674,161.3261,316.0993,231.4331,219.6716,202.1148,219.4639,249.3823,290.2177,218.274,287.2596,297.4785,198.9978,160.4916
2024-10-02,269.9547,209.4239,167.9094,161.1778,316.9962,231.3584,219.7842,202.0787,218.707,249.5217,288.4729,216.5704,288.0781,292.6547,199.7531,160.5139
2024-10-03,269.0072,210.3272,168.89,161.9945,318.3401,231.425,220.5954,203.2001,220.2526,250.4662,291.814,220.6292,287.9236,292.5462,200.3265,160.4915
2024-10-04,268.7187,211.4917,168.6581,161.811,319.8685,231.9235,221.5634,203.0346,220.0311,250.3873,291.3106,219.9504,285.1017,291.1626,200.6334,160.4698
2024-10-07,265.628,209.0583,169.1185,162.2775,318.8537,231.139,219.869,203.2428,221.1945,251.0588,289.8723,219.6238,285.6785,287.0821,199.6313,160.52
2024-10-08,260.0586,207.8402,170.0171,162.8334,316.776,230.2059,220.1241,203.6751,221.7821,251.9948,291.9545,218.6822,282.9128,285.6193,199.8149,160.5905
2024-10-09,256.5602,204.9481,170.3676,163.5084,315.2443,229.7908,220.3875,203.6419,221.7079,252.2505,293.7131,215.7761,279.5878,287.4699,199.4148,160.6361
2024-10-10,254.4374,205.5494,170.538,163.6415,316.9097,230.9282,219.7045,203.7785,222.2556,252.8647,293.1914,217.5218,278.7478,284.4218,198.9086,160.7234
2024-10-11,257.1073,205.8186,170.6628,164.6783,319.5884,232.1534,221.1359,204.4499,225.136,254.3254,293.7789,217.8672,280.0333,281.4307,200.2427,160.8159
2024-10-14,261.0853,208.7928,171.3242,165.4376,322.8659,234.2602,224.1789,206.3122,226.2717,254.6523,294.6871,216.2602,284.4012,287.0853,200.6341,160.8043
2024-10-15,260.4904,208.3442,171.3984,165.2055,322.4487,232.6159,223.7573,205.4346,225.9649,254.6345,295.9651,215.2319,285.7032,286.3061,200.0856,160.8125
2024-10-16,255.5208,206.801,171.7464,165.5377,322.556,232.1231,224.49,205.9904,226.909,256.1585,296.345,213.1082,285.7286,278.6255,199.9476,160.7828
2024-10-17,258.7393,205.8498,171.5165,165.3085,321.3668,231.0718,223.6272,205.0785,227.4586,254.2622,296.8652,214.6757,284.154,278.4413,199.0116,160.7721
2024-10-18,259.863,207.9631,171.8782,165.0467,318.8084,230.4447,224.0962,205.8284,228.9172,253.7037,300.5518,213.3713,287.0936,279.8599,199.3164,160.8467
2024-10-21,259.8072,208.3119,171.7352,164.8559,315.4734,230.6278,225.8854,205.6293,227.5751,253.5956,300.0879,217.8196,287.1014,279.4275,200.6013,160.798
2024-10-22,264.8239,212.7571,171.2318,164.045,315.8484,230.3414,224.9729,205.3759,229.1022,254.1283,302.7803,222.4731,287.8586,287.3799,200.0274,160.6752
2024-10-23,268.0644,214.9318,171.179,164.2765,318.6057,231.7962,225.3615,205.0707,231.4289,254.9527,302.1106,221.6251,288.5619,284.9148,200.5504,160.7593
2024-10-24,270.2696,217.5413,170.6907,162.9098,317.4714,231.2288,224.732,205.8319,230.9986,255.7516,301.1455,221.4703,289.9666,289.3266,200.3154,160.8042
2024-10-25,271.6458,216.8549,170.5667,162.2656,313.9121,229.7318,223.9838,204.7521,228.7805,254.9532,303.7251,219.9648,292.0653,296.7497,200.4619,160.7553
2024-10-28,270.1144,215.5413,170.9041,161.8783,311.4825,228.2162,222.1338,204.699,226.1061,254.8057,303.7666,222.6724,291.7629,301.9312,201.1203,160.8477
2024-10-29,273.2718,216.8043,171.0748,161.9501,312.8954,228.3974,222.1926,205.3912,226.727,254.9026,304.4218,219.8603,294.5612,306.9567,201.1786,160.8423
2024-10-30,273.2722,216.6223,171.2275,161.7447,310.5536,227.8112,221.5625,204.9616,226.342,253.4539,303.9488,221.1783,294.084,306.4941,200.8705,160.8516
2024-10-31,268.6149,214.1979,171.8221,162.4307,308.0041,227.6385,222.1618,204.9705,226.5301,254.0341,301.8922,219.6633,295.0104,303.7896,199.6102,160.8607
2024-11-01,268.2747,214.4846,171.9787,163.2606,311.1952,229.9053,224.0214,204.902,227.6842,254.4143,302.2412,220.2793,293.0576,300.377,199.45,160.8076
2024-11-04,270.469,215.9668,172.3883,163.8355,313.9297,231.0795,224.2522,204.7545,227.9566,254.8144,303.2874,219.8799,290.1663,306.1687,201.0033,160.7439
2024-11-05,270.4532,216.5624,171.7483,163.133,314.9476,231.1935,223.8942,205.0749,227.0184,254.849,302.1191,217.9634,287.7768,308.4143,200.7434,160.8391
2024-11-06,272.112,219.4521,171.9809,163.3399,315.5495,231.9415,223.4004,205.4224,227.5408,255.3549,303.3821,217.2159,291.3485,317.7843,200.6417,160.8896
2024-11-07,269.3072,218.1624,172.6914,164.0633,313.4582,232.3585,223.6946,205.6343,226.4025,254.3463,303.3329,218.2252,292.9633,319.2963,200.5293,160.9779
2024-11-08,270.3723,218.5045,174.2878,165.929,316.1615,234.135,224.316,206.4886,229.7104,256.0124,307.0095,223.3493,294.9183,319.6317,201.0393,160.8697
2024-11-11,276.6761,221.4636,173.822,165.8235,317.9336,234.9544,226.086,207.1056,230.8814,255.2222,309.0513,225.8598,296.7504,323.1091,201.461,160.894
2024-11-12,275.316,222.94,174.1117,166.8232,321.8329,237.1709,227.0903,207.0136,231.5817,254.3809,309.4927,227.566,291.5407,320.8883,202.3878,160.8794
2024-11-13,281.3949,224.9951,174.4895,168.0802,326.4877,238.6865,228.7598,207.9908,235.5734,255.9422,312.1635,226.3212,297.1605,325.8762,201.7241,160.8186
2024-11-14,283.2655,226.338,174.896,168.3947,326.509,238.4904,228.851,207.5274,237.3574,257.2989,314.6293,228.0107,298.7709,330.43,201.1243,160.765
2024-11-15,283.0841,227.3577,175.1452,168.9549,327.151,238.3454,229.881,207.9508,238.7439,257.3077,315.1798,227.4132,301.6546,329.9985,200.6037,160.8181
2024-11-18,283.6464,224.4152,175.2119,169.7602,328.6641,240.4253,231.301,208.0596,239.8707,258.3095,314.6812,225.0143,301.1972,324.9096,200.5803,160.8025
2024-11-19,281.5141,222.9274,175.3956,169.6262,327.4899,240.5555,230.1195,207.4522,239.0488,258.3197,314.8149,224.426,301.2103,322.8823,200.3631,160.8762
2024-11-20,281.6949,222.4438,175.3715,168.964,326.4202,240.2682,230.1865,207.7726,237.5226,258.3892,311.2888,222.4834,299.9887,324.2351,200.2287,160.8948
2024-11-21,282.9672,224.4036,174.6874,168.5317,326.2663,240.0731,231.1002,207.4002,238.6754,258.3189,310.4571,221.4457,301.0534,319.2786,200.7987,160.9568
2024-11-22,275.8481,221.1076,175.8703,169.6093,326.8681,240.1358,230.9795,208.8926,238.1216,258.524,311.7219,220.915,301.6373,312.2322,201.4048,161.1012
2024-11-25,270.4128,218.102,176.1451,170.5098,325.9707,240.8771,233.0933,208.9716,236.1397,259.1536,309.2927,221.0642,302.3331,308.6087,201.4911,161.1003
2024-11-26,266.7391,217.4021,176.3713,170.6336,325.6802,240.2586,232.2496,208.9998,235.5553,259.4922,304.8267,218.1809,303.1178,308.2159,200.1136,161.1204
2024-11-27,270.9435,221.1538,175.1319,169.8803,327.1342,240.5432,231.7864,208.118,236.5516,258.9303,304.8228,218.8284,302.2272,310.8299,200.2674,161.1239
2024-11-28,266.9151,218.1346,175.179,170.117,325.2032,239.2333,231.3208,207.0219,234.7813,258.9674,304.2015,219.397,300.1641,309.161,200.3213,161.1785
2024-11-29,264.2354,217.3512,175.6915,170.0812,326.8496,239.9975,230.5022,206.7948,234.6795,258.5324,305.8412,217.4328,297.3848,306.3542,198.9994,161.231
2024-12-02,262.5235,217.2309,175.3631,169.5537,323.6133,240.1727,231.5161,207.2196,235.2512,258.0603,306.7706,213.4309,292.2594,302.3473,200.3899,161.3116
2024-12-03,262.69,216.9065,175.6927,170.6296,326.2421,243.1368,233.1539,208.2523,235.7094,258.4167,304.1451,214.1797,292.2783,301.7933,200.4497,161.4447
2024-12-04,261.8005,214.5485,175.757,170.5528,324.5687,242.492,232.4372,208.8361,236.2364,256.6459,306.5685,213.5763,292.6845,297.9601,199.1614,161.4774
2024-12-05,263.2817,215.2668,175.2006,169.5289,324.9273,241.674,232.243,208.4756,234.2717,256.4513,305.7635,212.6125,290.989,303.2513,198.5141,161.4439
2024-12-06,257.2469,212.8779,175.712,170.2847,324.2875,242.7708,233.4608,208.8766,232.4227,256.1268,302.3753,213.3467,290.4127,296.606,198.6799,161.4748
2024-12-09,258.4919,212.9909,176.0765,170.6911,323.7921,242.0912,233.7712,209.2618,232.8856,255.7224,302.7569,216.66,291.0323,296.3177,199.651,161.4302
2024-12-10,261.1246,214.0877,176.489,171.7469,327.8216,244.0176,235.3635,210.124,233.9038,255.5444,305.204,214.6672,293.1961,301.5452,199.4625,161.4736
2024-12-11,259.5129,211.5397,177.4864,172.1325,325.9462,243.2375,235.3455,211.2342,233.394,255.7568,304.6458,209.2201,292.2807,307.0269,198.8633,161.4361
2024-12-12,257.7322,211.6928,177.7411,172.3117,325.8008,242.749,233.584,211.1054,234.412,255.4408,305.8321,206.6652,291.0719,308.6903,198.3235,161.5266
2024-12-13,259.6504,212.8028,178.6662,173.1145,328.4552,243.0111,234.026,212.3693,235.4827,255.4465,308.0899,207.2538,291.6625,313.0192,199.0356,161.5541
2024-12-16,262.8228,213.9219,179.5053,174.2507,327.4096,245.1109,235.952,213.5998,238.6338,256.2253,314.133,209.1929,292.0918,316.1246,201.0289,161.6928
2024-12-17,264.5419,212.8237,179.332,174.383,328.504,245.5681,237.1686,213.7163,240.3882,257.5379,317.8941,208.6762,288.3923,316.8417,200.6466,161.6477
2024-12-18,263.1206,212.297,178.8738,173.7983,329.4553,246.7876,236.6289,213.7541,239.997,257.3076,317.2389,207.167,282.5216,316.3319,199.511,161.7072
2024-12-19,266.2876,212.9889,178.6756,173.9112,328.3707,246.6733,236.997,213.3937,240.1577,255.7411,319.0078,211.7908,285.4385,321.1741,197.974,161.6577
2024-12-20,263.2464,210.7371,178.3997,174.3517,332.2207,246.207,236.2632,213.2512,238.4419,255.7323,315.8839,215.1294,280.4305,318.9759,197.3993,161.7371
2024-12-23,265.7108,210.297,178.1439,174.2658,331.4404,245.932,235.7489,212.8265,238.9965,254.3653,319.2484,216.3495,279.4424,319.9961,197.5597,161.6921
2024-12-24,271.5238,212.6425,178.1077,174.0187,333.2191,247.1931,237.03,213.9492,240.32,256.0056,319.0399,213.9606,284.1249,325.7899,197.8504,161.6604
2024-12-25,274.2858,212.9504,177.6345,174.9105,337.6464,250.7711,240.4988,214.4118,241.5187,256.4095,316.8921,215.7391,283.0878,322.2046,197.7356,161.6097
2024-12-26,277.8288,215.4215,177.1416,174.676,337.4033,251.5258,241.0918,214.0359,241.0753,254.8776,318.2168,215.9916,285.8367,327.1255,197.9033,161.6948
2024-12-27,274.9702,213.6592,177.423,174.502,337.4844,251.4483,241.1012,215.5098,242.4323,254.9293,320.2016,213.1139,283.0198,318.3922,197.9925,161.7913
2024-12-30,270.7817,213.8344,175.999,172.6938,336.4619,250.5301,239.6306,214.6384,240.3923,254.1333,320.8953,212.0785,281.6102,315.5519,195.4358,161.7613
2024-12-31,268.6314,210.7924,176.6012,173.0993,337.3974,250.282,238.2642,215.5426,239.7808,254.2808,318.3423,215.4991,281.0263,310.0287,195.1805,161.8368
2025-01-01,265.8419,208.4567,176.9245,172.8988,333.1212,248.3146,236.6713,215.6792,238.8849,254.3998,316.5204,213.5781,280.0534,313.1063,194.6213,161.873
2025-01-02,263.6129,206.5995,176.852,173.0685,332.9641,247.9207,235.635,214.8172,238.7986,254.3521,317.4211,211.2221,279.7777,308.5643,195.0465,161.8686
2025-01-03,269.6135,207.1243,177.1546,173.9927,336.5159,248.934,236.6374,215.5359,241.0179,255.9986,319.3157,209.7829,283.8005,314.0134,195.8424,161.897
2025-01-06,265.36,204.4065,176.5942,173.0889,335.9444,247.3905,235.005,215.0192,238.1518,254.8326,313.8317,206.3196,278.8991,310.4022,194.636,161.8726
2025-01-07,265.6131,204.6587,176.5542,172.7983,336.598,248.1609,234.9177,214.4527,237.7333,254.635,313.6331,204.8488,275.6877,313.0963,193.8394,161.8387
2025-01-08,273.1293,209.1305,176.9633,173.4154,340.9843,249.9149,235.9484,215.4514,240.6709,255.4126,314.1166,205.3025,277.6691,318.5758,195.8775,161.8768
2025-01-09,272.3053,208.0571,176.5405,173.6135,343.1948,250.2217,236.6358,215.3957,242.0505,254.6971,312.4266,204.061,272.7785,308.9315,195.9795,161.9052
2025-01-10,265.5481,202.3759,177.2108,174.3101,341.4361,250.0437,236.3697,215.8726,240.2071,254.8355,308.5665,203.3729,271.1238,302.4106,194.6904,161.8769
2025-01-13,260.277,200.3507,176.1734,173.2198,338.6269,247.7324,236.0177,215.2055,238.5769,253.3565,306.4173,200.5092,267.0371,295.1126,193.4147,161.9185
2025-01-14,259.053,198.4411,176.1746,173.0071,335.9659,247.2072,235.4588,215.0458,236.8085,252.7326,306.5811,197.6995,265.2211,298.6926,193.6235,162.0134
2025-01-15,260.5811,199.4302,176.5534,173.2525,335.4749,247.2367,235.1484,214.4132,238.1962,252.9411,307.6915,197.7755,265.3089,299.1917,194.3081,161.9514
2025-01-16,264.5798,200.2933,177.6414,173.7276,333.9645,248.6735,235.2657,215.3874,238.8459,252.9313,311.9904,199.7502,269.6238,305.7487,195.5015,161.9002
2025-01-17,261.157,197.8685,177.4434,173.3384,330.9511,249.7287,236.0214,215.3682,236.3513,252.1666,308.3305,200.0746,267.7385,301.9239,194.6209,161.9035
2025-01-20,259.2411,195.3775,177.6179,173.7659,331.088,249.829,237.24,215.9568,236.1745,253.188,307.437,198.939,266.9837,299.0516,194.3094,161.8131
2025-01-21,261.7552,199.1067,177.4692,174.0357,335.1276,252.0544,238.9046,217.2556,237.4305,253.1974,305.0817,198.7152,268.3758,299.6179,195.1028,161.717
2025-01-22,265.6676,200.1654,177.1342,173.5533,334.5515,251.9707,238.9513,216.7976,237.0329,252.4578,308.7447,197.7781,266.7737,309.1091,195.1103,161.7206
2025-01-23,260.4182,196.4171,177.0016,172.7754,331.4524,249.9804,236.2503,216.6663,234.872,252.327,306.5231,197.4963,263.4277,307.1669,193.4669,161.8091
2025-01-24,258.0146,195.8026,175.804,172.1746,330.1694,250.5528,235.9251,215.6118,235.8006,251.4392,304.9653,199.1344,259.7969,300.6244,190.7255,161.7311
2025-01-27,257.4123,196.3571,175.0941,171.8294,332.8511,250.9598,235.9018,215.5999,236.0185,250.9302,304.3859,194.6541,256.6244,299.4813,190.4374,161.641
2025-01-28,251.8338,195.7971,174.4864,171.3774,330.9789,251.223,236.3265,215.1073,233.5366,249.8765,301.9114,195.4475,256.8563,293.0515,189.891,161.5945
2025-01-29,247.7418,192.7576,174.2344,170.6621,326.2926,248.5627,234.6291,214.2716,232.0589,248.9754,303.9715,190.5568,255.0451,293.4561,188.7906,161.6906
2025-01-30,249.0645,192.9854,173.6463,170.3066,328.0139,249.1084,234.899,213.1999,231.7799,249.5507,301.1524,190.7221,254.7505,290.6214,188.3408,161.7133
2025-01-31,249.1606,193.2723,173.5189,171.5053,333.6504,250.051,236.1577,213.1758,233.5556,250.2715,299.0916,190.9951,255.8102,286.7159,187.7352,161.7762
2025-02-03,252.7428,194.051,173.4884,171.0495,335.9662,248.4557,234.4126,213.3138,232.2472,249.685,298.1267,191.6899,258.3093,289.4846,188.9425,161.6834
2025-02-04,249.9925,194.0776,173.6474,171.2489,337.9347,248.3841,234.4482,214.4741,234.3002,249.4467,298.4318,190.6818,256.709,283.3716,187.6083,161.7159
2025-02-05,252.6586,195.4477,173.5595,170.7176,338.8369,248.7679,235.2989,215.1301,236.2886,249.8533,301.3958,189.6781,256.9315,281.6999,187.2283,161.8205
2025-02-06,250.9179,194.8272,173.7431,171.0904,338.2573,248.0318,235.1628,215.0191,237.1399,248.7822,303.8564,190.4469,254.6384,280.7614,186.7346,161.6731
2025-02-07,249.3395,195.1343,173.8803,171.2032,339.6881,247.5773,235.3139,215.7879,238.8851,248.7845,303.8865,188.6468,251.6076,275.8767,187.0101,161.6941
2025-02-10,245.8224,194.443,172.8929,170.3781,337.6313,246.0567,233.8441,213.9025,234.9156,247.864,299.8269,190.1944,251.1314,274.7494,187.1648,161.7413
2025-02-11,246.5762,194.4686,172.8979,170.008,337.8157,244.3245,231.909,213.1471,233.2406,247.0235,298.3032,192.6038,251.7946,274.3326,188.1353,161.7585
2025-02-12,244.3657,192.5954,173.4108,170.1581,335.3712,243.3241,230.9531,214.1488,232.5512,246.5417,296.8652,194.5478,253.8189,271.0127,188.3232,161.7811
2025-02-13,249.2603,194.4456,173.33,170.9851,338.3704,245.4596,234.1231,214.8687,233.639,246.6607,298.8896,195.9388,254.1052,276.349,189.1941,161.9306
2025-02-14,246.0067,191.3616,173.4587,171.1454,332.9368,244.4733,232.5787,213.8758,232.9755,245.2358,301.7817,196.3781,250.464,276.0474,189.4227,161.9324
2025-02-17,242.8512,189.5627,173.6317,171.4332,331.6545,243.0171,231.7301,212.9164,232.3658,246.0464,300.7184,197.3868,249.3829,274.3609,189.4925,162.0442
2025-02-18,248.6896,192.3987,173.0834,170.2058,330.3647,242.5853,231.8825,213.0855,232.3315,245.3204,303.3832,200.0344,252.7785,279.4934,189.2877,162.1288
2025-02-19,248.7341,190.5996,172.9585,170.3021,328.9405,242.4006,232.473,213.7599,233.8218,244.5289,305.8789,196.8885,251.2364,280.1607,187.432,162.1827
2025-02-20,250.2757,192.5241,173.4044,170.545,329.208,242.7246,233.6395,214.3597,234.7614,245.8158,306.7402,198.5377,255.782,281.9983,187.6932,162.2575
2025-02-21,250.0068,193.7044,173.9444,171.4148,329.7591,242.5877,233.8806,214.4916,236.4346,246.6401,310.0633,197.7798,256.6632,287.5054,187.7948,162.3204
2025-02-24,251.0479,193.1847,173.8779,170.588,323.6781,242.8364,233.2231,214.0016,234.9292,245.45,312.3043,199.6445,258.7179,288.9411,188.4169,162.4059
2025-02-25,250.2955,193.8102,174.0955,170.7357,325.2258,243.2292,233.1302,214.5054,235.1383,245.6659,315.9825,198.5192,260.7562,290.7182,188.2437,162.367
2025-02-26,247.226,192.1718,174.2233,170.7123,322.7174,242.3989,232.0928,213.1511,233.9557,243.2266,315.0097,199.1488,257.3131,282.7007,189.1976,162.2523
2025-02-27,252.3477,193.7028,174.757,171.8126,325.419,245.7479,235.9419,215.1125,237.4779,244.8972,319.4908,199.7749,259.8506,283.7142,190.4069,162.3505
2025-02-28,255.1886,194.6415,174.4532,172.0113,326.1617,246.9895,236.8487,214.7078,240.1049,245.8598,322.9399,197.9534,258.0777,285.9994,190.5085,162.4083
2025-03-03,257.2755,195.8061,174.3937,172.1231,324.1061,246.9518,236.7704,214.4638,240.0252,245.5539,321.3499,197.1509,260.5919,289.2219,192.1665,162.563
2025-03-04,259.9313,196.4707,174.6199,172.5709,324.2242,246.9243,237.6043,214.9538,240.3772,245.8059,319.3565,200.5198,261.9113,292.3001,192.4229,162.6724
2025-03-05,255.2914,195.9055,174.8653,172.231,324.0258,246.0275,236.3968,215.7578,238.8449,244.4055,316.9702,197.6346,259.024,290.9436,191.637,162.7699
2025-03-06,256.2733,194.8802,175.032,172.2289,321.4278,243.9204,234.7818,213.9083,238.7421,244.5271,318.1467,196.2171,259.0352,294.9532,191.9295,162.7111
2025-03-07,257.3363,196.5242,175.1296,172.0112,322.6183,243.4162,234.5514,214.655,238.6984,245.096,319.9463,197.3293,261.1534,296.0302,193.3106,162.7568
2025-03-10,252.344,195.4047,175.5432,171.9393,317.328,243.0311,234.3715,214.6994,238.7214,244.9318,318.2243,196.1552,262.3469,289.0399,193.7389,162.7162
2025-03-11,249.827,193.1019,176.5996,172.2878,313.4602,241.1054,232.7723,214.8798,238.5793,244.9165,321.5061,195.1429,262.0505,291.6088,194.3558,162.6525
2025-03-12,251.3158,193.99,175.9191,171.5468,311.4876,241.3875,233.142,213.343,237.4674,243.6479,321.9638,193.7232,261.9789,294.564,193.612,162.6165
2025-03-13,250.9878,193.9656,175.5225,170.5537,310.0918,241.0568,231.2052,212.8363,236.0248,243.2147,318.1093,193.7539,261.4237,295.1306,192.5887,162.7192
2025-03-14,248.3658,193.2785,175.2639,170.3159,308.4947,241.289,231.1784,212.6417,234.5625,242.1212,316.9992,193.1428,262.4754,292.195,192.2604,162.7431
2025-03-17,249.2909,191.9974,175.7692,171.2686,308.2871,242.7084,232.1853,213.0421,235.4852,242.198,316.6956,190.1842,263.4266,295.3475,191.7647,162.8069
2025-03-18,239.2286,187.8263,176.0556,171.3628,306.1317,241.7293,230.3496,212.9366,234.5826,242.6344,313.7786,188.6144,257.2468,284.4323,191.0378,162.8527
2025-03-19,245.2686,191.3165,174.906,170.5608,308.2324,243.0877,230.3075,212.4787,236.62,241.4951,316.3051,188.7947,254.5587,288.7373,190.64,162.8416
2025-03-20,240.7325,190.2782,175.0449,170.5865,304.9015,241.771,229.5991,211.608,233.4855,240.7202,312.563,190.2482,254.7335,288.0023,191.4033,163.0165
2025-03-21,244.4788,190.8835,174.3684,169.9082,304.3796,240.5798,228.9883,210.573,235.1525,241.2966,315.9451,188.8806,255.79,290.6735,190.4982,163.1319
2025-03-24,244.045,191.4,174.6041,170.4191,303.4049,240.3477,229.5525,210.0568,236.0598,241.7096,319.3765,191.0421,255.9778,291.4351,191.099,163.2148
2025-03-25,237.4608,187.0057,174.1687,170.1227,300.0503,239.5907,227.93,209.8451,234.2943,240.9388,317.162,189.4363,254.2364,284.4823,189.5542,163.2446
2025-03-26,236.4103,187.2747,173.9301,170.0276,296.6557,238.5796,228.2884,208.8718,235.0294,239.8081,318.23,186.9192,254.9994,285.0843,188.5173,163.2151
2025-03-27,234.6939,187.4251,173.9533,170.1269,295.5967,238.4421,228.2949,207.9939,234.1314,240.8735,318.2429,186.8988,255.243,288.2538,188.7175,163.2916
2025-03-28,237.244,189.3852,174.0622,171.4838,300.9885,239.9942,229.6352,208.2782,236.3313,241.4402,316.5906,187.4352,257.4586,286.2879,189.9751,163.2857
2025-03-31,235.966,188.4616,174.1409,171.621,300.5515,240.3776,229.6842,207.5686,235.2273,242.0459,315.5673,187.225,257.7801,286.6984,189.8208,163.2705
2025-04-01,234.2834,187.0338,175.0909,172.6411,300.3205,241.2478,231.9823,207.9653,235.1454,243.6419,315.6358,187.1313,256.6586,287.5784,190.2463,163.3358
2025-04-02,236.5586,189.6408,174.1802,171.9745,301.6951,241.8363,232.9827,207.2282,234.8829,241.9426,319.364,188.9948,256.8262,289.2181,189.3195,163.3316
2025-04-03,235.5801,189.1924,174.0487,171.5647,299.5683,242.0762,232.862,205.7085,232.6412,242.2146,319.0568,189.4326,258.4911,289.7248,189.5263,163.3641
2025-04-04,237.9098,191.9871,174.0817,171.7138,300.8719,242.0826,233.171,205.7089,233.9674,242.5371,320.0643,191.0318,257.8191,290.5101,191.7404,163.4274
2025-04-07,240.2471,195.8433,174.5954,172.0937,303.003,243.0732,234.5966,206.6866,235.9295,243.6348,323.5174,192.0251,260.4295,294.0181,193.0914,163.4656
2025-04-08,243.245,197.0667,174.9959,172.3137,304.4152,242.8716,234.7142,207.0845,235.982,243.2351,326.4294,191.6271,263.9875,297.712,194.1274,163.4613
2025-04-09,240.6822,196.4903,175.7214,172.9686,306.5209,243.0113,234.0557,207.8318,236.2075,243.9179,328.0732,190.7129,263.0296,296.8867,194.8567,163.5206
2025-04-10,241.998,194.9805,175.6429,172.6142,304.7605,241.8126,232.5343,207.1504,236.5591,243.1484,325.9918,189.3056,264.0004,292.983,194.7173,163.543
2025-04-11,241.742,196.8592,175.5496,172.2452,306.1993,241.9669,232.0742,207.035,237.7014,243.0412,328.6624,189.7432,263.5495,288.0795,195.5638,163.5317
2025-04-14,241.0787,198.6349,175.3043,172.0347,304.481,241.8486,232.4545,206.3958,236.5854,242.5147,330.162,189.3034,266.1172,291.3351,196.2459,163.5624
2025-04-15,241.9575,198.2057,175.876,171.9782,303.6069,241.9857,230.87,206.8701,236.7244,242.132,332.9393,190.5991,262.9712,294.9269,197.0069,163.6758
2025-04-16,242.6377,197.7523,175.3129,170.8854,302.807,242.5403,229.8418,206.5764,235.2519,241.9744,332.6395,191.4967,263.0543,292.3224,197.1808,163.6904
2025-04-17,238.4956,197.1174,175.2304,169.8438,301.7056,240.5251,228.5337,206.1629,233.1522,241.4702,331.637,191.6962,261.5831,290.8627,194.9889,163.7485
2025-04-18,238.3854,197.8778,174.9595,169.6028,298.7738,239.0455,227.5193,204.2112,233.099,240.6978,331.1774,193.4258,260.5805,292.832,194.5933,163.7651
2025-04-21,235.0565,198.2066,175.1163,169.8605,298.838,239.1512,228.479,203.7076,231.4142,240.5184,330.1022,189.5454,261.214,292.6983,195.3075,163.7618
2025-04-22,232.1616,200.2521,174.3336,169.5202,297.0279,239.0085,228.1483,202.5511,233.0708,239.0735,332.5426,193.6096,260.4944,284.5944,194.3231,163.7521
2025-04-23,230.125,198.825,173.7758,168.7541,293.5324,237.0025,227.2548,201.7451,232.388,238.1887,329.5827,195.4558,258.8852,279.779,193.1534,163.7071
2025-04-24,233.9104,200.1378,173.9285,168.9337,294.8785,237.1308,227.9184,201.6035,231.3616,238.2116,329.7677,196.5047,265.2557,283.123,194.2718,163.8397
2025-04-25,235.4563,201.2248,174.8078,170.5367,297.5239,238.7296,229.9575,201.1587,232.0847,239.1856,329.7237,196.9595,267.6696,289.3269,194.3171,163.8965
2025-04-28,233.988,201.7171,175.1332,170.437,298.2924,240.473,230.5477,201.448,230.6731,240.4543,325.4455,195.0054,263.7554,292.9531,194.6975,163.9567
2025-04-29,237.5313,204.1002,175.0824,170.6063,299.1006,242.038,232.6812,201.7536,231.6373,240.652,325.57,191.9307,266.9118,297.4965,194.9393,163.9534
2025-04-30,236.7703,204.1569,175.2037,170.554,302.3255,243.5173,232.6436,202.7958,231.5993,242.1773,324.7808,190.7053,264.3605,296.2583,195.6749,163.9678
2025-05-01,240.928,205.7687,174.3626,169.8572,302.3283,243.3447,233.2646,202.2657,231.2445,242.1374,325.1171,189.8869,263.562,302.8126,195.9853,163.9906
2025-05-02,235.8732,202.3498,175.9494,170.9035,302.0729,242.5111,233.1127,203.4573,231.6258,243.1506,327.8791,187.3269,260.7462,300.826,196.1926,163.9858
2025-05-05,229.406,199.3408,175.3241,169.3757,294.9417,238.9185,230.3015,201.7083,227.4892,241.2399,326.2557,186.8186,259.8674,295.1535,196.0051,163.9556
2025-05-06,231.235,200.9742,175.4016,169.3343,296.1001,239.4619,231.0119,202.3598,227.4477,240.666,327.85,189.2357,259.9953,297.5043,196.5616,163.8156
2025-05-07,229.8691,202.1053,175.8162,170.2933,299.3211,241.2625,232.2528,202.545,228.1317,241.8156,329.2258,191.2644,260.808,294.883,197.4512,163.9484
2025-05-08,224.7811,200.984,176.6559,171.368,297.8726,240.8556,232.636,202.4292,227.0863,241.8076,330.1003,191.5358,260.7006,296.8253,197.443,163.8662
2025-05-09,223.2477,198.6728,177.2937,171.6114,295.9647,239.4173,232.7608,203.1452,226.0045,241.6229,328.0545,191.505,260.4085,298.1289,196.8411,163.8319
2025-05-12,224.1759,200.6576,177.0913,171.103,295.9451,239.3668,233.6071,202.3955,225.5634,242.4119,326.2993,190.0054,258.9424,298.3594,198.6379,163.7896
2025-05-13,224.0039,201.3726,175.9898,170.1019,294.623,238.2639,232.3381,201.4206,225.0367,240.1985,326.6757,190.066,256.3917,295.895,198.2692,163.7932
2025-05-14,225.7733,203.9842,177.1631,170.8746,295.4876,237.1038,230.9268,201.5869,225.8056,241.2621,329.4353,193.0003,260.5924,307.5205,198.6973,163.7007
2025-05-15,223.7689,202.5747,177.5343,171.2119,293.2075,237.2121,230.2748,201.7534,223.81,241.2787,328.2249,190.7736,263.6476,314.9117,198.3462,163.7661
2025-05-16,224.7449,204.6746,178.13,171.2022,294.9411,238.7608,231.9005,203.3275,222.5471,242.5587,326.9341,192.627,266.0168,319.2592,199.491,163.8724
2025-05-19,228.7912,206.9994,178.3798,172.4352,299.1024,242.0559,235.0585,203.5766,223.0045,242.3692,330.321,193.8495,270.6628,324.0544,200.2725,163.8785
2025-05-20,225.623,205.4003,177.4821,171.8346,299.8553,241.4238,235.6745,203.7991,222.0215,241.9718,326.4758,194.8317,266.0406,313.5876,199.8338,163.842
2025-05-21,226.768,205.9996,176.4059,170.625,298.7437,241.52,235.2238,202.9752,222.0741,241.053,324.9352,192.7988,260.663,313.5935,198.954,163.8673
2025-05-22,226.6841,204.1471,176.6789,171.2477,301.7216,242.39,234.2323,202.7114,221.9614,240.7069,321.9819,191.7358,259.1936,310.0371,198.734,163.9978
2025-05-23,223.3075,200.971,176.5193,171.3921,299.5933,241.8029,233.9445,201.9369,221.188,239.9589,320.7527,191.3962,253.8794,305.0666,198.6616,164.0553
2025-05-26,220.4309,198.6158,176.9779,172.0924,299.5849,241.9941,232.7698,201.8326,219.8104,240.4673,318.6569,194.8561,249.7343,304.9788,199.6804,164.2077
2025-05-27,216.0574,194.6451,177.0469,172.9224,297.2612,241.795,232.7551,201.408,220.6633,239.5584,321.3939,195.7588,247.2853,295.8949,198.7932,164.3429
2025-05-28,216.4128,195.2739,176.5638,172.325,297.1524,241.041,232.2676,201.4793,220.207,239.2712,319.0536,196.1132,247.1433,293.88,199.3049,164.3422
2025-05-29,215.1354,193.7999,176.5789,172.7605,298.9515,240.2086,230.9823,201.0929,221.4705,239.9691,320.5358,200.0494,246.0417,286.3964,199.5048,164.2913
2025-05-30,213.1177,191.9316,176.7443,172.621,298.071,240.2869,231.1495,201.6902,220.4019,239.4418,317.6046,198.9221,247.3808,281.7333,198.4087,164.3114
2025-06-02,214.2652,192.6487,176.3922,171.9045,297.2297,238.9016,229.8988,201.0529,219.6507,238.0781,316.5803,197.7822,247.0227,283.9058,198.1554,164.2655
2025-06-03,220.2867,197.8028,176.3646,171.656,300.2862,239.1561,230.9979,201.6033,220.8962,238.0088,321.811,196.6516,249.8889,293.1037,199.8368,164.2551
2025-06-04,220.3231,197.5652,175.9283,171.4682,299.6519,238.8139,230.9077,201.2228,221.555,237.6555,325.01,195.5392,248.1378,293.8388,199.4192,164.2311
2025-06-05,220.8641,197.9208,176.2296,171.103,299.9902,239.4461,230.2583,201.4527,221.1045,238.0284,324.6426,194.6441,248.2166,294.3126,199.8591,164.3346
2025-06-06,224.0114,198.6786,176.2887,171.9275,300.2475,239.453,230.3871,200.832,222.7361,238.1907,323.6129,196.3048,251.4478,296.8953,200.1126,164.2515
2025-06-09,222.3275,198.0065,176.0679,171.7326,299.9027,239.0368,230.8934,200.8611,222.4808,238.6996,323.686,198.0449,250.9402,290.7376,200.8183,164.273
2025-06-10,223.027,198.252,175.5305,170.906,300.4839,238.3215,229.893,201.2075,221.7551,237.649,325.7426,195.7423,249.9247,293.4128,200.3796,164.243
2025-06-11,224.474,200.9319,174.8612,170.1166,300.7421,238.9031,230.8982,201.1212,219.71,236.408,325.3795,196.8093,251.9658,297.3706,200.3947,164.259
2025-06-12,224.5331,200.0412,175.4397,170.0528,298.7459,239.0762,231.2855,201.3581,218.0657,236.7182,324.3266,199.0623,252.9427,299.9236,200.8354,164.3516
2025-06-13,222.9089,198.8738,175.893,170.5993,297.5431,238.8923,230.9592,201.8509,217.8988,235.3138,320.909,199.3002,254.8956,297.1205,199.945,164.3547
2025-06-16,224.4581,198.8073,175.8437,170.5139,297.2715,239.2424,231.7739,202.8335,218.1517,235.3363,318.8524,198.6322,255.1933,297.4394,200.1293,164.4874
2025-06-17,224.5146,200.774,175.4158,169.6956,297.1556,238.9895,231.7061,202.8466,217.3683,234.3766,319.8338,197.7614,251.1429,300.1982,200.8981,164.3967
2025-06-18,227.0015,203.0927,175.6495,170.1522,300.3475,239.6634,233.2877,204.0179,217.6516,235.1153,318.3985,196.5698,252.197,307.2754,201.4243,164.4594
2025-06-19,226.4032,202.9405,175.9506,170.158,302.1831,239.3713,233.3116,205.319,218.022,235.6406,318.7402,194.1559,250.5171,307.9712,201.5955,164.3998
2025-06-20,225.538,203.0113,176.6269,170.5232,302.7109,238.5923,232.2422,205.5007,218.1331,235.7977,320.8875,191.8764,253.1152,310.6195,201.7553,164.303
2025-06-23,224.1904,202.9962,176.652,170.7449,302.937,239.0144,232.8204,205.261,216.6683,235.9566,319.1501,190.2829,252.8707,314.8608,201.8319,164.2377
2025-06-24,226.818,203.1087,176.5406,170.7877,302.8148,239.3199,232.2386,205.2137,217.4859,235.7868,321.2519,191.022,253.6959,314.591,203.3631,164.2383
2025-06-25,232.1553,204.6182,176.2079,170.2233,303.1705,239.6474,233.7335,205.3944,217.3844,235.5166,322.0349,190.684,258.6658,318.1239,203.0752,164.2504
2025-06-26,231.0772,201.9383,176.3332,170.8542,305.9049,239.9118,232.4915,205.615,218.7178,236.8215,319.2824,189.6281,254.1301,312.6768,203.3978,164.3085
2025-06-27,231.7402,202.451,176.4465,170.4407,304.8276,241.0287,232.9836,205.9314,217.8648,236.9646,320.4715,187.3531,253.6805,317.3412,203.9696,164.3584
2025-06-30,234.2703,205.7887,175.5479,170.2852,307.1648,241.218,234.6786,205.766,218.7001,237.593,321.3694,188.12,254.536,323.9726,203.1004,164.3218
2025-07-01,231.4683,204.0626,174.9045,170.0924,306.6751,241.1179,235.3323,205.4143,216.9575,237.0632,319.0568,190.4113,250.5367,319.6608,202.9011,164.2578
2025-07-02,227.2114,201.8681,175.3737,170.5693,305.7713,240.7354,236.2687,205.9594,215.3355,237.0006,316.5938,192.1116,246.4963,318.3816,202.8037,164.257
2025-07-03,226.6969,201.9907,174.9821,169.8889,303.1168,238.2029,234.7022,204.0286,215.0973,235.3965,319.81,188.9788,243.3675,320.5272,202.8445,164.2169
2025-07-04,229.2401,202.8057,175.4715,170.1357,304.8738,237.966,233.5824,204.3007,216.9281,236.0154,323.1619,188.4288,244.978,322.8442,203.1763,164.2231
2025-07-07,228.4744,201.8244,176.5379,170.0947,299.7815,235.1154,232.2023,203.5659,215.5638,234.5937,324.1763,186.8461,245.0111,328.1303,204.3537,164.1722
2025-07-08,228.0209,201.9015,176.117,169.2378,300.4855,235.452,230.0657,203.1286,215.0347,234.0334,324.557,185.5147,242.6676,328.0158,203.3336,164.3297
2025-07-09,229.8844,201.9563,176.7919,170.1206,303.2257,236.1292,230.9144,203.6911,216.3769,234.7403,326.1482,185.4528,241.9409,331.5658,203.4103,164.2874
2025-07-10,231.0476,202.5097,175.8552,169.1261,304.7435,235.8964,230.7405,203.3532,215.5066,234.1593,325.9252,183.439,242.5629,330.2617,202.5616,164.2764
2025-07-11,229.0645,201.5721,175.4985,168.4089,301.387,235.2144,230.2737,202.5772,214.8187,232.9762,325.9236,184.3844,241.2674,325.6935,201.4853,164.2624
2025-07-14,225.0485,200.084,176.9437,168.9676,297.1949,234.8136,230.8155,203.6683,214.5592,233.1381,328.0557,182.9059,242.6627,329.0155,200.6923,164.2403
2025-07-15,223.4317,199.9225,177.8744,169.7068,297.7063,235.1594,230.4188,203.8109,214.6834,233.0641,329.8406,184.4387,242.5376,331.2556,200.3484,164.2846
2025-07-16,225.1058,200.7662,178.1078,170.5907,298.0882,237.0041,231.3738,204.4892,218.2009,233.766,333.4001,184.1696,241.1084,332.1006,200.8072,164.2786
2025-07-17,222.0509,199.1908,178.694,170.72,296.5787,234.4057,228.3894,202.8919,217.0417,232.5841,335.8137,182.4341,242.1487,333.3729,200.1873,164.1641
2025-07-18,218.6071,198.4491,177.684,169.828,295.9888,233.15,228.4653,202.5131,215.9186,232.0334,333.6988,180.5449,240.4099,326.8277,199.0329,164.072
2025-07-21,218.7473,199.3273,177.6493,169.6108,295.8482,233.3552,227.62,201.7066,215.1378,231.9296,333.1593,180.7338,240.6606,326.8273,200.2594,164.0083
2025-07-22,217.676,198.8407,178.7035,170.7694,295.5245,233.4343,229.1743,202.6991,216.3329,232.8746,336.8081,179.5431,243.3628,328.7038,200.7841,163.9791
2025-07-23,219.0064,199.9021,179.1236,171.3843,295.9765,236.3493,231.2701,204.2664,218.3641,233.4407,338.4269,180.8695,241.8,329.5131,201.2964,163.934
2025-07-24,218.5117,201.8291,179.0457,171.6397,295.8062,236.5999,232.4668,203.5385,218.932,232.7659,340.4506,177.6333,242.4267,330.3385,201.8219,163.895
2025-07-25,218.285,203.9556,178.6254,170.8312,295.3368,235.5763,231.4203,202.6745,219.4774,231.2162,342.4537,176.4958,240.9117,325.8625,202.1443,163.9683
2025-07-28,212.2477,199.862,179.1953,171.3086,295.126,236.4189,230.6957,202.227,216.7899,231.6102,336.9572,174.8067,240.9534,319.4358,200.9948,163.9458
2025-07-29,218.334,202.936,178.9619,172.0216,299.9837,239.5174,234.1845,203.1386,219.7862,233.0019,340.9365,173.1262,242.831,321.0767,203.0474,163.998
2025-07-30,220.5594,202.2579,179.2744,172.3037,298.7661,239.2563,233.9405,203.5603,220.3098,232.6769,344.9306,172.1197,245.9177,327.2592,202.827,164.0783
2025-07-31,219.8641,201.6204,180.196,173.5737,297.6573,240.5825,235.8175,203.4695,222.1765,233.2841,347.142,170.6273,246.8728,327.214,202.7275,164.1995
2025-08-01,218.4067,201.6722,180.0534,173.7451,297.0951,240.9678,235.4076,202.8377,224.1606,232.9334,349.7128,170.838,245.0415,320.5167,202.4458,164.2467
2025-08-04,216.8957,201.0305,179.9335,173.3028,294.4579,239.3006,234.0988,202.076,223.2561,232.5735,353.6005,170.704,245.2203,325.3453,201.4099,164.3944
2025-08-05,212.6052,199.8713,180.7527,173.7379,292.0568,239.9241,233.6895,202.0176,221.9619,232.3667,353.623,172.3408,244.7575,324.1641,201.3434,164.5398
2025-08-06,217.9671,201.9401,181.6156,175.0791,296.7361,243.1716,235.0299,202.9258,223.4115,234.1964,356.6759,173.9176,247.5498,334.433,203.06,164.7149
2025-08-07,217.417,200.1402,181.9909,175.4759,298.2165,244.6466,235.2612,202.9663,223.8645,235.2079,355.1896,171.2331,241.5054,333.9645,203.5941,164.6882
2025-08-08,219.1148,202.7996,182.0584,175.8564,299.7995,245.3278,236.0371,203.5788,225.3505,235.9001,356.9756,172.6442,244.5889,339.0388,203.1684,164.7
2025-08-11,219.9188,202.5044,182.3561,176.4167,298.8532,247.0213,237.044,204.6276,227.0834,235.8259,358.8393,174.9198,245.533,338.1822,202.5271,164.7241
2025-08-12,218.7172,200.7564,183.0249,176.2778,296.699,246.7308,235.6251,204.806,226.6868,235.9605,356.1839,173.862,241.9303,336.3023,203.6966,164.7457
2025-08-13,218.2018,200.2921,182.6397,176.3563,297.0453,247.4536,236.3428,204.2079,226.4959,236.3854,356.6639,171.7982,240.0654,335.0825,204.672,164.7989
2025-08-14,219.4897,200.5247,183.8579,177.8554,299.8067,250.8872,239.9957,206.8307,228.6356,237.6692,355.3764,172.5395,239.695,335.2108,205.0022,164.7175
2025-08-15,218.0383,200.5016,184.2704,177.2497,298.7743,249.1624,238.2206,207.0285,227.0873,237.4332,356.1152,172.8069,240.4055,335.9383,205.5456,164.7669
2025-08-18,218.6903,199.8943,184.3877,177.2544,298.6925,248.9051,237.0708,206.8779,226.1678,237.1948,352.8901,174.5464,242.549,333.8091,206.1019,164.923
2025-08-19,216.3399,197.9617,185.371,177.7397,295.5173,247.6986,235.7319,207.8153,225.9492,237.3514,354.4599,175.5096,244.0672,335.8425,206.4225,164.9685
2025-08-20,214.7817,197.3454,185.3152,177.7642,296.246,249.1334,236.0914,207.7492,224.7207,236.676,353.8615,177.9532,244.482,334.7459,204.29,164.863
2025-08-21,211.6542,196.4889,185.6052,179.3542,298.5723,251.3886,237.6074,208.7295,225.7742,237.5999,351.0805,177.0206,245.0202,328.4372,205.1537,164.8231
2025-08-22,210.523,195.8903,185.3284,179.3731,294.5816,251.9794,237.678,207.4738,225.1056,236.8276,348.9287,178.1875,243.8585,329.0582,204.8128,164.8284
2025-08-25,206.9938,194.0872,186.1372,180.1033,295.5835,251.6787,238.4315,208.0855,225.1358,237.9467,347.7763,178.6398,242.81,321.8178,205.119,164.9293
2025-08-26,208.1535,194.6286,186.8493,179.9793,292.8419,250.1304,239.1969,208.657,223.9414,238.2803,349.1543,177.1797,243.8048,334.9982,205.4682,164.9148
2025-08-27,213.8761,196.5866,186.5434,179.5694,293.2647,249.9274,240.6171,209.3849,225.7287,238.497,347.2997,176.8695,243.7633,336.573,206.9522,164.8372
2025-08-28,217.0992,197.2485,186.3756,179.3898,290.5959,250.5015,241.2886,209.3733,225.2655,237.4967,347.2059,178.7471,247.0088,341.2264,207.3504,164.8523
2025-08-29,216.3168,197.5562,185.5733,178.8633,290.7383,250.187,241.1103,208.9655,225.1898,237.1801,346.3801,180.608,244.7046,337.9314,206.6572,164.8547
2025-09-01,216.3223,196.8584,185.7516,178.5694,288.2248,250.038,240.2918,208.9925,225.4777,237.3454,341.9319,181.1968,244.7936,332.0105,207.6077,164.801
2025-09-02,215.6053,196.1758,185.3291,178.0183,286.761,249.1814,240.4287,208.3335,224.8601,238.0468,342.6883,177.5605,244.838,332.7876,207.7519,164.8393
2025-09-03,213.3576,194.6947,185.3665,177.6743,283.9808,248.2713,240.2602,208.5298,223.8855,238.6146,341.6447,178.5203,242.006,328.5269,209.876,164.8248
2025-09-04,214.4045,195.2431,185.9917,178.1561,285.1744,248.0456,240.6466,209.8277,224.277,238.9466,342.8791,179.1547,242.2868,332.0616,211.0188,164.8991
2025-09-05,213.082,195.4876,186.418,178.1178,284.6264,248.5335,240.7568,210.0398,223.5556,239.6044,343.1515,179.7674,242.3115,335.5802,210.4315,164.9179
2025-09-08,215.4768,197.5096,186.2312,177.3618,283.171,246.9316,239.7216,209.3524,223.3656,238.8153,345.7774,179.5666,244.6446,338.6199,211.8309,164.9266
2025-09-09,212.2835,195.7246,186.2379,176.9845,278.6529,244.8861,237.0322,207.3147,223.0075,237.9696,346.7092,177.8334,243.6914,335.5372,211.3944,164.9914
2025-09-10,214.4206,196.4638,185.9852,176.9893,276.7799,244.3643,236.7454,206.2277,222.3112,236.6493,346.822,176.1212,246.3426,343.1723,211.5503,165.0293
2025-09-11,213.9985,197.7282,186.2347,177.0389,275.125,242.4393,235.1948,205.7696,222.7541,235.5907,351.7132,179.653,248.668,344.1967,212.0794,165.0153
2025-09-12,216.2917,198.4399,185.2139,176.5197,274.7526,242.9571,236.3675,204.9033,223.2908,236.4365,350.4868,179.8616,249.0935,342.1202,212.4902,164.9616
2025-09-15,217.7358,199.5532,184.3952,176.0669,278.7367,242.9751,236.2927,204.8728,223.4647,236.3655,350.0391,177.4757,246.4352,340.9365,212.8582,164.9732
2025-09-16,215.5013,199.0095,184.1284,175.0351,274.0008,241.4349,234.5063,204.5464,223.0802,234.7687,351.1564,178.0189,244.3549,336.7737,212.8933,165.0738
2025-09-17,212.7525,197.0636,183.8736,173.7474,271.5455,238.9809,231.8998,204.3213,221.7335,233.9322,351.1771,175.9356,242.3656,330.6977,212.749,165.1881
2025-09-18,204.2813,195.0147,182.9295,172.3288,268.6705,235.979,229.0616,202.6354,218.9668,232.13,347.2276,176.7412,237.7808,316.9036,210.7772,165.0891
2025-09-19,205.4888,197.0812,183.3534,172.6723,269.3013,236.2072,229.4176,202.8139,219.3627,231.3463,352.5653,175.9241,238.7172,325.208,210.8192,165.1279
2025-09-22,207.4379,197.6831,183.5895,171.7881,265.7647,234.6965,228.9728,203.0064,219.4811,231.5994,356.6827,177.6006,240.2006,332.3454,210.0188,165.2367
2025-09-23,210.4184,199.6942,184.084,172.0689,266.8989,234.4891,228.4225,204.0419,221.4386,232.3081,360.8595,178.0963,243.1848,339.3457,210.4776,165.3153
2025-09-24,208.8306,198.195,183.6344,170.773,263.0474,231.4985,226.1725,202.9375,219.3806,230.809,360.8158,177.419,244.5738,337.0143,209.7089,165.3334
2025-09-25,208.1455,198.3706,183.8636,170.9483,262.0664,230.9311,225.8607,202.1217,219.3753,229.8382,362.1619,177.2655,245.3571,336.1847,209.6129,165.3099
2025-09-26,208.5749,197.823,183.9301,171.351,261.8173,231.5283,228.0296,202.3749,220.1901,230.5594,363.5963,176.1624,246.1085,338.1687,208.4124,165.3876
2025-09-29,209.3599,197.4663,185.0425,172.1191,260.3082,231.5848,228.9038,202.6216,221.0004,231.691,366.1537,177.6784,247.3426,341.6329,209.6755,165.3573
2025-09-30,206.8693,194.1443,185.2271,172.3712,259.4775,232.329,230.213,203.0565,219.8229,231.8485,362.3482,176.9881,246.6043,332.6891,209.8354,165.3177
2025-10-01,206.2584,193.8583,185.2256,172.7147,259.7823,232.0924,229.6648,202.2093,220.0723,231.1002,362.213,177.026,245.8034,330.5523,209.7309,165.3266
2025-10-02,201.1726,190.6291,185.4119,172.6327,256.6521,230.7487,227.5322,202.2276,217.3686,230.2054,357.1864,177.8501,243.6583,328.7743,209.2747,165.4041
2025-10-03,202.2244,188.603,184.9826,172.6197,255.6925,228.9279,226.8985,201.3099,217.7505,230.3978,357.3518,177.461,242.0554,329.2374,209.2324,165.38
2025-10-06,202.3714,188.8008,185.2825,172.7717,254.3808,228.6764,226.7875,201.6082,218.184,230.6308,357.38,179.3412,245.4966,329.7567,208.8125,165.3967
2025-10-07,202.0737,188.8945,185.317,173.6361,256.2678,231.2498,229.6099,202.3932,220.3821,232.7729,353.966,180.9146,243.2776,319.8582,210.3453,165.3449
2025-10-08,207.1446,191.694,185.1236,172.7728,255.3092,230.3208,229.0857,202.7239,221.4877,231.5828,358.5552,181.1358,244.8756,324.2229,212.1508,165.3083
2025-10-09,209.0959,194.2357,184.5058,171.9613,253.6695,229.3468,227.6682,201.1313,220.8615,230.5897,359.5113,180.5038,250.1157,327.5579,212.5802,165.3641
2025-10-10,216.9919,199.8844,184.1809,171.5944,258.1848,231.8186,230.3381,202.532,223.3109,231.3004,363.4694,179.4618,251.4647,334.0578,214.5109,165.3129
2025-10-13,218.7527,201.2178,183.5531,170.3909,258.727,231.0126,228.0585,202.2881,221.8124,231.4438,361.7102,179.2499,253.9636,335.1348,215.6598,165.424
2025-10-14,218.3206,199.66,183.2763,170.1223,258.3634,230.379,227.6207,201.7955,221.4685,231.656,360.737,180.7874,252.2068,334.3688,214.0957,165.4083
2025-10-15,214.15,199.2466,183.4776,170.7998,260.0699,230.5946,228.4272,201.7349,220.8064,231.5083,361.2153,181.4895,252.548,329.1871,213.4187,165.4858
2025-10-16,211.2305,197.1212,183.323,170.9335,257.1909,229.1215,227.8529,201.377,220.3478,230.3639,362.2473,178.6945,248.9943,328.7938,214.0634,165.5305
2025-10-17,214.0591,198.2103,183.7246,171.035,258.1086,230.9065,228.2537,202.6053,221.947,231.2583,364.7549,181.1187,248.4021,333.6754,213.6591,165.5363
2025-10-20,215.6378,197.8328,183.3868,171.0475,257.5845,230.9915,228.7423,201.9497,222.3729,231.0925,361.1173,180.2187,248.6417,331.3041,213.6457,165.5344
2025-10-21,215.0125,194.7733,184.0525,171.7017,258.6823,230.8921,228.6256,202.7651,223.5852,231.0656,360.4312,181.7791,243.9317,329.0704,211.2939,165.5633
2025-10-22,215.5296,194.6302,184.4506,172.5408,261.747,232.3295,230.0687,203.2984,225.3331,232.1968,361.7649,183.2883,244.0587,324.8259,210.8602,165.5973
2025-10-23,215.1164,195.341,184.5519,172.363,260.7721,231.8929,229.3252,203.6076,224.8002,231.8147,362.2999,184.4385,244.5706,327.3541,211.4508,165.5435
2025-10-24,221.4341,199.0675,184.8392,172.7148,262.9504,233.8908,231.8954,205.0346,228.3428,233.4942,367.6875,187.4113,244.6484,333.4882,212.893,165.6936
2025-10-27,225.9348,200.1467,184.497,172.2148,264.7118,233.8736,232.4192,205.0322,228.4908,234.5706,364.448,188.3721,245.5718,332.7412,214.3357,165.6425
2025-10-28,227.8695,202.3584,184.8997,172.1516,265.682,231.8093,231.2756,205.14,227.9785,234.6015,362.475,191.6631,248.5975,337.2544,215.1521,165.6926
2025-10-29,232.9943,205.4241,185.6534,172.8334,265.8097,232.5909,231.9357,206.4023,231.5779,234.6469,368.701,194.2675,250.062,342.3417,217.1362,165.8597
2025-10-30,233.4433,203.8788,185.9637,172.6728,265.9899,231.9568,232.3834,206.8944,230.9659,235.3593,366.2046,196.8609,250.3794,337.6052,217.179,165.786
2025-10-31,234.0699,203.2603,185.6023,172.4532,266.228,230.2703,231.1198,206.6765,230.1896,234.9151,364.8753,196.9523,250.7045,340.9202,216.4787,165.8896
2025-11-03,229.3845,201.2025,186.0308,172.2288,264.3484,229.7475,230.2296,206.2546,228.1253,234.1897,365.6744,196.195,251.067,335.8665,216.0233,165.9325
2025-11-04,230.8974,200.5075,185.3144,171.6531,263.5922,229.5065,228.7486,205.4848,229.1715,233.755,368.4796,195.0593,250.18,334.1614,215.634,165.9218
2025-11-05,233.1605,201.9991,184.8777,172.3401,266.8382,230.8268,230.1375,205.5925,231.0291,233.2155,365.5254,197.0029,251.7322,327.8446,215.4347,166.0049
2025-11-06,234.3199,202.0491,184.1375,171.2435,265.9775,230.1671,229.5127,205.2926,230.2211,233.2505,363.5902,198.778,249.2824,328.3898,214.8295,166.0133
2025-11-07,228.8394,200.6498,184.296,170.53,262.2733,229.8416,228.9529,204.8872,228.1116,233.4421,360.3479,197.8066,248.5826,322.8272,214.7193,165.999
2025-11-10,226.7879,199.505,184.7193,170.6718,261.2771,230.6516,229.7803,205.5609,226.839,234.1653,358.9372,201.094,247.6481,319.9293,215.7861,166.1155
2025-11-11,228.6402,202.7153,184.3383,170.8274,261.9356,231.4889,231.3423,205.0956,227.7452,233.5989,360.2008,198.2455,250.0152,325.7048,215.1489,166.1509
2025-11-12,221.7925,198.5639,184.7635,170.594,260.5658,231.1856,229.9377,205.832,225.6895,232.6454,360.4042,195.9051,244.676,319.5098,214.191,166.0806
2025-11-13,219.6249,197.8198,184.4306,170.0395,260.4463,229.4646,227.8615,205.9172,225.0476,232.052,357.6918,195.9489,242.6761,314.5204,214.3706,166.0989
2025-11-14,220.7722,198.266,184.4485,170.3228,260.7048,231.2623,228.1087,206.635,227.3106,232.6447,359.2935,191.0923,244.3979,317.2227,213.3837,166.0917
2025-11-17,220.4562,197.6957,185.1398,169.8831,258.0173,229.82,225.9891,205.7001,225.6117,233.0803,361.1321,188.3241,243.7643,324.3382,215.5011,166.0033
2025-11-18,217.9642,197.3569,186.0986,170.0685,256.4633,227.2533,224.5135,205.9017,225.4197,232.8889,364.9558,186.6006,244.3282,325.1365,217.3509,165.8744
2025-11-19,221.3816,197.1578,186.6102,171.0262,257.6965,228.0695,225.7554,206.412,227.3816,233.323,367.0737,187.6631,247.3446,328.2852,216.6931,165.8247
2025-11-20,220.9537,196.1068,187.2807,171.4703,257.408,228.6366,225.7116,207.2646,227.3306,233.7327,365.585,187.8855,248.8551,331.3311,215.4026,165.9185
2025-11-21,220.2767,195.9939,187.6522,172.1902,256.0237,228.224,226.3785,207.4211,227.5443,234.2084,365.5511,188.9436,248.4764,336.7483,215.8696,166.0371
2025-11-24,216.7526,193.0668,188.1034,172.3351,254.4571,226.3326,224.8043,206.9118,225.7973,234.541,363.263,191.6171,249.6734,333.8277,214.9088,166.1737
2025-11-25,222.1424,196.4144,188.2015,172.5113,258.0544,228.5492,224.3404,207.0889,227.6457,235.0979,368.7503,190.7011,251.1096,341.6742,216.6511,166.1413
2025-11-26,221.596,196.4156,187.7808,172.0512,255.8717,228.2968,224.1341,205.9061,226.2384,234.8305,366.1677,190.2325,249.452,343.7407,217.059,166.155
2025-11-27,219.9609,197.3752,188.4561,172.5123,258.1753,228.9692,224.7331,207.4583,226.6384,235.4905,368.7517,189.3873,250.2573,344.8447,217.1735,166.18
2025-11-28,216.6346,195.3972,188.516,171.8035,252.4866,226.7142,223.6754,207.4916,226.4504,233.824,370.2056,191.0158,250.1582,339.7813,215.4785,166.1755
2025-12-01,215.4425,195.7775,188.1108,171.1211,249.9578,225.4574,223.7128,207.3466,224.8277,232.6986,370.8648,193.0274,249.6796,343.3481,214.7193,166.155
2025-12-02,217.1077,195.3978,188.8566,171.8032,249.3862,225.0929,224.8095,208.4554,224.7932,233.1435,372.403,193.5423,251.3666,350.7937,215.7973,166.2548
2025-12-03,219.7176,198.6959,188.9525,171.9661,251.752,226.769,225.9832,209.0365,226.018,234.0416,372.0761,194.6533,253.5442,353.719,216.0965,166.266
2025-12-04,216.1203,195.7517,189.4129,172.2535,250.1592,226.6472,226.4667,209.3064,225.985,234.7996,373.7529,191.4751,255.3048,347.3302,215.3608,166.4028
2025-12-05,213.9833,194.9073,189.1463,171.7698,250.7761,226.039,225.2364,209.4786,224.72,234.0991,372.3061,187.9581,255.7341,343.3415,215.1582,166.4282
2025-12-08,212.493,194.5678,188.1963,170.4333,249.0138,224.9535,224.1659,209.2726,223.3327,232.3876,372.9355,187.1167,253.7869,337.8923,215.0614,166.4931
2025-12-09,215.323,195.4784,188.0968,171.0695,250.4945,225.7345,225.0588,209.3755,224.6521,232.9824,375.0877,188.7651,255.4184,343.4792,214.7913,166.5595
2025-12-10,209.8817,192.9523,187.6052,170.5016,248.6446,223.4716,224.7816,209.2695,223.9033,232.9406,373.7056,186.2276,251.5363,334.5114,213.995,166.6505
2025-12-11,206.4685,192.9872,187.4307,169.8676,247.4889,222.0992,223.7483,209.2312,223.7875,232.0967,375.913,184.5166,252.5164,328.5668,212.8842,166.7384
2025-12-12,202.7251,191.0567,187.8488,170.3571,245.7933,221.2557,222.8197,209.4807,224.7458,231.5624,379.4916,183.3538,249.87,327.0678,211.7906,166.8912
2025-12-15,203.215,191.3473,187.7185,170.1128,245.204,222.155,224.3235,210.1374,225.8323,231.4954,380.869,184.7564,249.5384,323.0495,210.9186,166.9752
2025-12-16,202.7967,190.0115,189.5034,171.0508,243.5603,222.5504,223.5095,211.4324,226.19,231.814,382.8704,187.6905,251.647,326.3458,211.4094,166.9531
2025-12-17,203.719,192.3986,189.8109,171.1714,241.5408,223.9662,225.063,211.2107,226.004,232.3954,381.2382,186.6607,253.729,331.1552,213.4818,166.8981
2025-12-18,203.4748,192.7424,189.386,171.0885,242.6851,224.441,224.3271,211.0416,226.3896,232.1809,381.1904,187.2306,252.8459,330.2415,212.7068,166.8181
2025-12-19,204.0426,192.3891,189.2083,170.6359,240.8955,224.5292,224.734,210.824,225.9766,232.5386,377.7233,187.7564,252.5072,331.0756,211.9286,166.9093
2025-12-22,206.2714,193.0569,188.9939,170.8925,242.1183,225.742,226.3315,210.9688,225.2841,232.515,376.7677,188.4307,252.5122,336.8725,211.9378,167.0189
2025-12-23,209.2216,194.1149,189.4892,171.5464,243.6981,226.0008,227.3671,211.4964,224.6239,233.1262,376.8919,188.0842,255.9158,347.5699,212.8842,167.03
2025-12-24,206.165,192.6584,188.7037,171.2201,243.481,224.9277,226.852,210.6668,223.5014,231.997,376.4256,190.1996,253.8215,338.6703,212.2221,167.1069
2025-12-25,204.0228,192.4749,188.1633,170.9688,242.9545,224.0725,225.9988,210.634,223.8349,230.8159,376.0736,189.1702,253.4451,333.3111,211.5118,167.1012
2025-12-26,207.0003,194.9281,187.6982,170.3429,243.031,223.9049,226.9643,210.3875,223.772,231.156,375.3193,193.1018,255.729,335.0539,211.5461,167.133
2025-12-29,210.9199,197.5226,188.4484,169.7407,243.2711,222.9645,226.4314,210.8227,222.6506,231.2523,379.035,194.7456,258.9952,345.2402,213.2398,167.1438
2025-12-30,210.6474,197.4433,187.4814,168.758,242.7934,221.6584,225.7776,209.5206,221.9661,230.7191,382.2106,196.1491,255.345,343.3968,212.8511,167.129
2025-12-31,206.2334,194.0857,187.2579,169.3359,243.1743,221.5877,225.6355,209.3049,221.7919,231.2212,378.3932,195.1941,253.3333,334.8256,211.6979,167.1769
2026-01-01,206.5298,195.6749,187.709,170.0748,243.5441,221.9654,227.4884,209.6648,223.1137,231.8922,379.4252,196.6179,255.4468,336.6114,211.6628,167.1491
2026-01-02,210.6023,198.1447,187.726,170.3718,245.815,221.7617,228.1981,209.3011,223.814,232.2501,381.7182,196.7148,258.459,345.6216,211.6619,167.1181
2026-01-05,209.5831,199.9182,188.6333,171.7182,246.2863,221.9543,228.6801,209.3458,226.3683,231.4371,384.6668,194.7912,258.1511,345.0402,213.0707,167.0133
2026-01-06,208.9646,199.1903,189.1704,172.9016,245.2273,222.0256,229.5653,209.2344,227.5618,231.6684,387.2436,195.826,260.281,344.9895,213.6733,167.093
2026-01-07,211.1785,202.0983,189.4331,173.1733,245.9143,222.0753,229.5874,209.1257,230.9835,232.1644,391.5291,194.6387,259.7692,346.3054,214.686,167.0637
2026-01-08,214.8321,204.828,188.8331,172.8191,245.9324,222.6587,229.3862,209.091,231.3932,232.0634,393.5538,195.4526,260.5287,356.1364,215.547,166.972
2026-01-09,214.6087,204.7985,190.0885,174.131,248.5765,224.3743,230.7265,209.519,232.1158,233.1057,396.0771,194.6259,257.3876,361.696,215.9182,166.9909
2026-01-12,215.7466,205.6255,191.0119,174.6528,248.0922,223.4558,230.0688,209.5224,233.0013,233.2223,397.3396,196.3059,258.9247,363.5035,217.5866,167.0591
2026-01-13,212.5721,204.5398,191.9528,175.5183,247.9018,224.3206,230.8247,210.943,234.3564,233.3927,397.1935,194.2528,260.6573,357.288,216.8034,167.0813
2026-01-14,213.1254,202.517,192.0082,175.5963,246.1318,225.8607,232.7014,212.1101,235.2113,233.656,396.9929,194.4403,260.4445,353.801,216.02,167.0528
2026-01-15,217.8832,204.9435,190.9852,174.3904,245.945,226.0796,232.4079,211.9644,234.5747,233.2914,397.6389,198.4059,262.8409,359.9577,215.811,167.0534
2026-01-16,220.3165,206.4354,190.7148,175.0519,247.5225,228.4545,234.755,212.5826,239.2856,233.9071,405.2599,198.3873,262.1766,357.5213,214.8108,167.0593
2026-01-19,222.2009,207.9132,191.5706,175.8959,249.2921,229.0764,235.7965,213.6351,240.1938,233.177,405.117,199.2565,262.0254,360.2066,215.7888,167.0856
2026-01-20,221.2372,206.531,191.5934,175.735,248.3216,228.6102,233.7189,213.1952,238.1294,232.3843,401.6842,200.6485,263.3972,361.0608,215.6244,167.1534
2026-01-21,221.0196,206.6716,191.5778,176.2008,249.3867,228.7667,234.1376,213.6518,239.1967,232.3583,403.0172,197.6692,265.5555,360.2043,215.5227,167.1782
2026-01-22,217.579,204.0365,191.3233,175.853,246.1515,228.4712,233.5756,212.9181,237.1326,231.4475,400.8843,198.6574,261.4418,354.8429,216.1486,167.2815
2026-01-23,216.4009,204.4481,190.836,174.8678,242.8591,227.974,232.3233,212.67,235.7971,229.8801,401.033,198.1238,260.5108,357.6048,215.595,167.4218
2026-01-26,215.6684,204.0201,190.2367,174.889,244.4271,228.7519,234.8659,212.8276,236.717,231.0143,397.9548,198.0775,256.1753,347.4559,216.2709,167.4167
2026-01-27,216.3889,205.7362,189.9922,175.0324,245.4296,230.5596,237.3575,213.7671,237.9178,231.4511,398.7592,198.0759,255.5543,345.8123,216.678,167.5588
2026-01-28,219.898,206.2371,189.5696,175.0223,245.3328,230.3291,239.0438,214.2342,239.2677,232.1783,402.497,198.7657,255.5171,350.7834,217.1765,167.5433
2026-01-29,219.2323,204.0498,189.802,175.1033,244.4421,229.8053,238.5723,213.3184,237.719,231.9895,398.5569,197.0862,255.9672,351.1383,216.4395,167.539
2026-01-30,215.7136,200.5058,190.7078,175.3202,240.646,228.31,237.1402,212.5771,236.014,232.7738,396.4324,197.8096,255.7396,352.6536,215.9082,167.6549
2026-02-02,212.7028,198.6966,191.1463,175.9556,242.0708,229.2712,238.7374,213.6332,236.4939,233.5471,396.2221,195.9033,252.8789,346.4775,215.5312,167.6773
2026-02-03,218.3437,203.0017,189.9867,175.3928,244.6656,230.1492,239.6201,212.3756,236.9927,232.477,398.0559,199.3802,253.7236,349.6772,215.9083,167.711
2026-02-04,217.9395,203.5719,189.1406,175.112,246.0691,229.4943,238.9432,211.2071,235.769,231.5477,393.3551,199.8314,251.5613,347.993,215.5501,167.8457
2026-02-05,220.3331,203.8624,188.4648,174.3435,243.4976,229.7735,239.1255,210.3112,235.2004,230.7029,390.2252,202.046,251.3426,347.9997,215.382,167.8033
2026-02-06,225.4621,206.603,189.0817,175.9792,248.8542,232.1161,241.3622,211.951,238.8916,231.4339,396.2886,201.8656,252.5782,356.7935,215.6908,167.9163
2026-02-09,226.4676,207.3746,190.5571,177.5276,248.9989,234.5006,243.2847,213.1862,240.0918,233.1075,396.595,201.742,256.3877,365.3775,216.5493,167.9758
2026-02-10,233.7208,214.1314,190.8215,178.2419,252.5098,238.2988,246.2915,213.834,242.7478,233.1643,402.053,199.956,260.2646,378.3298,218.3205,167.9496
2026-02-11,234.1102,215.7128,191.4801,178.5639,253.237,239.4326,246.156,214.6305,243.7132,233.6239,404.9264,197.9767,260.1725,383.144,219.2776,167.9872
2026-02-12,231.6515,214.7104,191.2104,178.6656,253.3521,239.3365,246.0864,213.9563,242.4406,234.1606,402.7266,200.4716,262.528,376.047,219.415,168.0288
2026-02-13,237.0278,219.4579,191.1071,178.5568,256.1005,241.1378,247.0531,214.1919,244.7018,234.3914,402.8435,202.5941,265.8838,379.2903,218.8435,168.0915
2026-02-16,231.7232,217.4391,191.2253,178.3788,252.6581,238.0638,243.5915,212.9367,243.2752,233.1629,405.0942,204.3382,265.5884,377.9652,218.2786,168.087
2026-02-17,230.8979,217.4192,191.3363,178.3238,252.1198,237.3874,242.6178,212.5376,243.3603,233.4046,404.7575,206.4786,264.7452,376.4665,218.564,168.1058
2026-02-18,232.1142,219.2346,190.8041,178.9675,254.2568,240.5731,244.3105,212.2981,244.4608,233.2369,402.0018,207.6828,266.1696,372.272,218.5658,168.1191
2026-02-19,232.8567,218.638,189.5028,178.1433,254.3758,240.5646,245.4962,211.4187,244.1996,232.8895,399.3704,205.3853,261.5865,363.9762,219.4703,168.1888
2026-02-20,231.6422,218.9584,189.6231,178.2839,255.4632,241.0417,245.144,212.0,244.9783,232.2407,399.862,204.8651,262.3833,359.4659,218.6919,168.3013
2026-02-23,233.0176,220.4825,189.6342,178.7005,257.6799,242.9518,247.188,212.9044,246.1407,233.1697,399.8822,207.6294,262.1515,359.6378,218.3698,168.3526
2026-02-24,227.0663,219.3303,190.6135,179.9026,259.5909,244.5232,248.1909,213.9737,246.3161,234.9459,399.1455,205.483,260.5642,358.8421,217.3406,168.3237
2026-02-25,229.7219,221.8353,191.2952,181.2204,260.4899,247.6198,251.2689,214.4348,247.9445,236.0575,398.7233,206.2442,261.9516,364.3532,219.3114,168.2684
2026-02-26,233.9343,222.4038,191.2067,181.0558,260.5351,247.6901,251.3384,214.7862,249.5344,236.1395,401.5834,208.0592,260.6337,368.4749,219.5642,168.3881
2026-02-27,235.6976,226.7992,191.2164,181.7596,267.1573,249.8105,252.7622,215.5951,251.5351,237.4748,398.23,203.8157,262.8833,370.843,219.1053,168.4524
2026-03-02,236.2487,227.18,191.6748,182.1264,268.3859,249.2815,251.1125,216.6372,253.0676,238.0402,396.5599,203.0323,262.3923,377.9626,217.8308,168.4562
2026-03-03,239.8956,228.4597,192.1011,183.0459,270.3692,250.8424,253.5305,217.4561,253.8266,238.0691,399.5527,202.8832,265.3332,383.9632,218.7763,168.4692
2026-03-04,239.0317,225.7962,191.9327,182.3263,265.6616,250.0725,253.7709,216.7376,250.2291,237.2677,398.748,203.8306,265.6224,385.7097,219.5325,168.4792
2026-03-05,237.0929,225.831,191.7877,182.3403,267.2069,251.5409,253.5543,217.7746,251.6166,237.7075,399.6378,203.3074,260.7164,383.7207,218.7448,168.4432
2026-03-06,242.5922,229.3036,191.7348,182.1243,270.1607,253.7097,255.1103,218.3403,251.5269,238.5427,398.454,204.2202,262.6651,392.9343,218.9549,168.4842
2026-03-09,244.4223,230.1689,191.4393,182.3128,270.9262,254.8976,256.4181,217.0507,251.7749,239.7605,396.2842,203.4704,262.825,392.182,220.3115,168.4227
2026-03-10,249.6511,234.0445,191.299,182.2165,272.1119,256.1231,258.9277,217.8317,254.3035,239.4388,398.0809,202.6344,264.7257,390.5883,221.9223,168.3668
2026-03-11,244.2254,230.5708,191.2348,182.7552,270.0435,255.3322,258.1914,216.8509,253.4966,239.0878,394.3136,201.481,264.8466,379.5253,222.1843,168.3451
2026-03-12,247.0682,231.3925,190.4757,182.4768,270.9255,256.296,257.9581,216.473,254.0866,238.036,394.4281,198.0125,264.9101,378.0074,223.2977,168.328
2026-03-13,244.4491,230.0001,190.5003,182.1961,270.6392,257.0248,257.7583,216.9958,253.117,238.4882,395.277,197.562,265.8385,374.6804,222.5988,168.305
2026-03-16,244.8072,229.4105,190.3708,181.841,269.8033,257.3012,257.1202,217.9699,253.0088,238.5684,393.0912,197.9198,266.733,374.6199,222.1608,168.4292
2026-03-17,245.8241,233.7927,189.2196,180.1395,267.3935,255.0486,253.7765,215.6086,251.9604,236.7728,394.8411,201.4512,266.1123,378.7365,222.2102,168.4737
2026-03-18,247.6623,233.512,189.5092,179.5536,265.9774,254.6157,252.767,215.2537,252.9288,237.6116,395.9533,196.8058,266.4601,381.2724,222.289,168.5127
2026-03-19,246.6746,235.9147,189.3888,178.7613,267.3394,255.3174,252.2982,216.8968,251.5101,237.8244,394.1196,196.4059,267.4545,382.6282,222.7524,168.5714
2026-03-20,244.6802,236.2132,189.0651,178.275,265.8379,255.5121,253.7038,217.3181,250.668,236.9738,391.9569,195.9099,265.5064,381.4861,221.6036,168.5644
2026-03-23,238.8294,235.3891,188.6856,178.1868,264.7367,255.5751,254.315,217.9589,249.5992,237.2737,392.2569,193.6996,265.4366,376.5687,221.6619,168.6117
2026-03-24,231.6949,232.4944,189.0503,178.1858,261.7855,254.5111,252.6713,217.7341,247.6833,236.848,393.214,191.4598,261.388,373.2493,222.5144,168.6682
2026-03-25,229.2563,230.1161,190.3788,179.7316,263.8648,255.5711,251.901,218.5599,249.481,236.9614,392.9063,190.8301,259.6831,369.4069,221.7844,168.7301
2026-03-26,228.4927,230.7118,190.0288,179.4146,265.97,256.9454,251.5052,217.6107,248.9361,237.3406,396.0008,189.1004,259.2855,369.8198,220.8939,168.6191
2026-03-27,229.6052,230.0931,190.0954,179.1268,266.1511,256.7359,249.6986,217.981,248.6172,236.4185,395.8625,187.5491,264.9831,366.3289,220.7881,168.6771
2026-03-30,223.2082,225.1792,191.0384,180.3181,265.0634,258.112,250.5853,218.6235,249.4586,237.8507,392.6027,187.4623,263.032,354.6989,219.3354,168.6661
2026-03-31,227.7347,229.3827,190.9593,180.9513,268.0163,259.238,251.3424,218.4917,252.1203,238.1693,391.7634,187.3797,266.8618,357.1293,220.4003,168.6928
2026-04-01,234.3701,233.6548,190.3937,180.0299,271.5478,260.7646,252.2856,218.2981,251.2358,236.9277,388.2086,186.6321,268.4574,360.0593,221.0496,168.7391
2026-04-02,235.0334,231.9401,190.1533,179.187,271.5534,259.9403,250.3256,217.9105,251.7084,236.7143,390.2033,185.8079,265.2936,353.6316,221.1701,168.8416
2026-04-03,235.0985,232.2747,189.4502,178.7939,272.279,260.6662,250.9097,218.1734,252.6634,236.7059,390.8419,187.5063,261.0161,348.7373,221.2245,168.8611
2026-04-06,234.2999,233.0795,189.8603,178.6618,270.7113,260.8854,250.8181,217.495,252.1991,237.3836,391.5195,188.1895,260.0383,349.6418,222.5431,168.844
2026-04-07,234.0127,234.0049,189.2062,177.9775,270.9077,260.7252,252.0464,217.6841,251.4709,237.1014,390.9261,185.9937,259.8092,349.5928,221.872,168.8266
2026-04-08,234.8784,233.6729,189.4936,178.6399,274.2084,261.5535,251.8171,218.0243,251.0925,237.8183,389.8392,187.1362,262.1744,351.3808,221.7148,168.8082
2026-04-09,239.2379,233.8064,190.0093,179.0791,273.609,260.809,250.9919,217.092,251.0659,239.0359,392.0223,188.4514,266.251,362.7983,222.6231,168.8623
2026-04-10,245.6873,235.828,189.4009,178.8677,276.0406,262.4958,251.659,216.5614,252.2913,239.6287,392.0806,190.2779,268.7075,365.9085,222.3164,168.942
2026-04-13,247.9463,238.0291,188.9912,179.0981,278.5954,264.8516,253.1259,217.816,252.9706,239.8382,390.7768,190.4099,269.9234,369.2941,222.2986,168.9219
2026-04-14,242.8555,232.489,188.2987,178.2575,275.0647,263.1304,250.2018,215.8406,249.6817,238.6465,385.4675,188.2808,264.993,361.1812,221.8441,168.8989
2026-04-15,238.2499,229.6234,189.0072,178.978,273.1725,263.3021,250.6987,216.1439,247.9206,237.9841,384.773,190.4825,264.8125,357.6492,221.6455,168.9425
2026-04-16,237.6422,231.0924,190.3306,180.2451,274.2465,263.2584,251.8988,216.8308,249.9024,239.2381,389.4635,192.1013,266.4776,359.4463,222.9093,168.8391
2026-04-17,239.6316,231.298,191.1134,181.6326,277.2341,266.4251,254.9869,218.2359,251.7714,240.6388,392.5517,191.7152,267.2158,362.2671,223.6365,168.8313
2026-04-20,235.4314,230.5098,190.1126,180.2169,278.7477,265.7936,254.723,217.7734,249.0126,240.4258,390.5895,190.4084,262.4813,352.7751,222.9024,168.9793
2026-04-21,237.1182,230.0952,189.9168,179.4098,275.1284,263.5332,252.5782,217.0971,248.511,239.531,390.5333,191.5677,264.2855,353.4985,223.5735,168.9958
2026-04-22,237.3622,231.0302,188.4717,178.0648,271.984,263.4488,254.0805,216.5313,249.0734,238.9923,391.4538,190.4997,263.1739,348.486,222.6423,169.0186
2026-04-23,237.9272,229.9746,189.4813,178.2344,269.8864,261.613,252.285,216.76,249.1569,238.3782,393.2129,190.7763,264.8381,353.2137,222.4382,169.043
2026-04-24,241.0987,233.3741,189.4384,178.3577,273.1016,261.6977,252.2311,217.2384,252.0699,239.3154,393.4474,189.15,267.2215,352.9772,222.8841,169.1375
2026-04-27,243.2903,233.291,190.2553,179.5413,275.355,262.8426,253.521,217.4821,253.5443,240.3416,395.1269,188.8824,269.1982,356.7209,222.8677,169.1715
2026-04-28,248.1984,237.3884,189.2333,179.1076,278.354,265.044,255.9213,217.3619,253.3002,240.5358,397.7376,189.4751,269.2098,366.0787,222.8342,169.1079
2026-04-29,249.8493,239.6078,189.4744,178.9958,278.9507,264.4439,256.5409,217.8518,254.3865,240.6451,398.2251,191.7616,270.256,365.4601,223.0005,169.063
2026-04-30,248.6757,239.0659,189.8537,178.6603,278.5703,262.6564,254.9675,217.2781,254.6822,240.2588,398.2784,193.4747,266.2011,360.424,223.0953,169.0633
2026-05-01,248.6176,235.7644,190.6701,179.4258,279.3101,264.116,256.2843,218.7994,253.4336,240.613,398.2256,194.6521,267.7517,362.4128,222.4643,169.0095
2026-05-04,251.9915,239.8272,191.0971,179.6176,280.9198,265.5293,257.877,219.9074,255.1634,241.3766,402.5336,193.9279,269.7133,366.0994,225.0963,169.0016
2026-05-05,257.7367,243.2178,190.4323,179.9306,284.6576,268.8531,260.4602,220.4005,256.4468,241.4677,404.0997,196.8058,268.8219,374.5185,224.5819,169.0183
2026-05-06,255.0132,243.1883,189.8037,178.3565,285.2202,267.8378,260.5183,220.6514,252.7533,240.1045,401.0462,195.0878,265.7021,371.39,223.3296,169.0302
2026-05-07,251.495,240.9361,190.0266,178.9057,285.9366,268.5734,261.167,221.5796,253.9715,240.7937,396.8818,190.7011,263.7514,363.2743,222.8522,169.088
2026-05-08,255.1369,242.6661,189.8133,178.9078,285.2778,270.2728,262.771,222.186,255.2819,240.3987,398.4138,190.552,264.3469,366.5336,223.4104,169.1883
2026-05-11,257.293,247.154,189.5367,179.3806,289.3285,273.4606,264.6388,221.7584,257.0049,240.4547,397.7105,190.6007,264.7803,364.8147,223.8735,169.1515
2026-05-12,256.8636,249.9519,190.1181,180.1207,290.0441,273.4659,264.3849,221.3323,257.5274,241.7113,396.7969,189.9306,268.3293,373.3738,223.844,169.2678
2026-05-13,255.4522,248.8596,190.036,180.0652,291.9105,274.6202,262.9573,221.4994,258.6799,241.8447,399.1536,189.207,264.3951,371.7694,222.2314,169.2099
2026-05-14,253.9979,248.8181,190.3119,180.6921,295.0775,276.802,264.4663,222.5203,259.1508,242.8918,395.8049,190.7064,261.8239,367.1408,222.2056,169.213
2026-05-15,253.6433,248.8203,191.2259,181.5926,295.8581,278.1205,265.7254,223.3131,260.6087,243.8561,400.6043,189.5103,262.519,368.4373,222.9368,169.3645
2026-05-18,258.5577,253.0983,191.541,182.1196,298.5145,279.8051,266.0114,222.2085,260.733,243.2497,402.6042,189.3527,263.6979,379.9,224.263,169.3089
2026-05-19,258.1951,252.6508,190.5865,181.7021,297.0904,279.7183,266.2966,220.9013,261.9076,243.1229,403.4494,188.5837,258.7824,377.3284,223.5342,169.4117
2026-05-20,257.506,253.1654,190.9306,182.2795,296.6035,280.6855,268.1569,221.2832,263.2053,244.2705,402.0961,190.9962,259.149,373.8664,223.9362,169.4944
2026-05-21,256.6494,256.0038,191.136,182.8506,297.7632,282.2662,269.9165,221.0971,264.3401,245.2292,398.9327,191.2128,261.6765,372.036,223.7973,169.3498
2026-05-22,254.6034,251.9645,191.3638,183.1589,296.8687,280.7088,269.4053,220.8893,262.7101,244.1822,394.5053,190.3997,259.1892,366.3891,224.3592,169.4102
2026-05-25,257.7369,256.1694,192.0367,183.5251,295.4005,280.0499,269.6645,221.2412,264.8027,244.2259,399.7836,192.6417,261.2208,376.4181,225.6277,169.5143
2026-05-26,258.1891,259.2731,192.3712,183.6444,294.9124,278.7522,269.7951,220.0805,265.0474,243.7724,401.15,194.1291,261.1211,378.9428,226.5703,169.6065
2026-05-27,259.9844,259.8839,191.9182,183.1417,294.3908,277.2776,268.2486,219.2289,266.2665,243.8086,403.0917,195.3059,262.3989,375.9704,226.6465,169.6757
2026-05-28,260.3691,259.1079,191.1542,181.8835,292.6368,275.5568,265.6367,218.092,263.873,242.9676,402.5663,195.7175,262.396,375.5723,227.1802,169.8214
2026-05-29,256.1612,257.2528,191.3653,181.7853,290.0066,274.0254,265.0116,217.8598,261.7365,241.1751,400.3419,195.3502,262.8834,370.5044,226.8581,169.9505
2026-06-01,256.5446,256.7166,191.9878,181.5138,287.3521,271.291,263.1005,218.3524,261.5528,240.3248,401.1637,196.3685,263.5201,374.784,226.6937,170.0042
2026-06-02,256.5022,256.3008,191.8015,180.8416,284.4143,269.2451,262.3837,218.3323,262.0414,240.5934,402.4749,197.4957,260.8241,377.3248,226.3681,170.1013
2026-06-03,258.5006,255.0976,191.59,180.9435,285.2185,269.8265,262.6724,217.5947,259.8932,240.6957,404.0797,195.433,258.9079,387.9863,227.2661,170.0912
2026-06-04,256.8582,256.6151,190.5474,180.153,284.2211,269.2209,262.5386,215.9062,259.5332,239.8932,404.0031,191.9676,256.7161,384.7873,227.1954,170.1374
2026-06-05,254.7861,255.9996,191.2765,181.1969,286.8619,270.8833,262.4753,217.154,262.1367,239.1905,404.684,188.3985,255.5567,377.9592,226.784,170.1111
2026-06-08,257.7406,258.391,191.24,181.8661,290.5799,273.1366,264.2748,217.4147,263.1291,239.9979,403.0314,190.2736,257.2614,377.7616,227.6369,170.0685
2026-06-09,257.4472,258.7304,190.578,182.28,291.2646,274.9562,266.7868,217.2803,264.423,239.7717,398.6611,190.1002,257.1149,368.6883,227.4424,170.0978
2026-06-10,257.2629,254.081,190.9634,181.9522,291.4361,273.1039,265.0143,217.9266,262.392,240.159,397.378,191.1904,255.8549,369.3679,226.6917,170.1287
2026-06-11,252.6311,252.3633,191.2445,181.5122,289.0172,273.203,264.2951,218.553,262.5986,240.036,395.9579,187.6004,256.3248,362.2127,225.0054,170.1213
2026-06-12,249.0037,252.1952,191.5457,181.8613,287.0343,272.3225,265.1043,219.109,263.2228,239.7761,393.8478,186.7422,256.0455,358.3317,224.7883,170.1546
2026-06-15,246.4204,254.6181,191.6028,182.646,288.673,273.4568,264.7774,218.7629,264.0844,238.9701,397.4151,191.0959,254.0401,358.9599,224.4861,170.0541
2026-06-16,246.5873,255.3855,191.0437,182.0994,289.2933,274.8214,266.5723,219.0365,263.776,238.5675,395.177,187.8687,251.5508,355.803,224.5795,170.1118
2026-06-17,245.6273,253.6193,191.1053,182.1626,288.8578,274.4995,266.4728,218.6635,265.9319,239.3321,397.8022,185.9176,249.2947,348.8829,224.7211,170.1482
2026-06-18,246.4505,253.743,190.425,182.0177,287.9573,274.1898,266.9576,217.4158,266.6096,239.5662,400.9442,185.9613,249.55,347.0595,225.299,170.2696
2026-06-19,243.4489,251.0884,190.7681,182.252,288.2088,274.0304,266.0484,217.5403,266.5975,239.8258,395.5475,182.9708,248.3072,339.5226,225.1889,170.3825
2026-06-22,246.2852,252.0263,190.4754,181.9368,289.9491,273.6754,267.096,218.1096,266.9942,240.4536,395.4453,181.5171,249.6567,341.9648,224.9868,170.363
2026-06-23,245.5917,251.4362,189.9802,182.6771,292.8901,275.9196,269.3769,218.52,267.6707,240.992,393.8413,186.3721,249.2728,336.2612,223.5409,170.418
2026-06-24,246.6841,255.1958,191.0251,183.0929,292.2878,275.1493,268.4599,218.8367,268.5749,241.6699,396.5523,188.0716,254.4425,345.4066,223.8011,170.4844
2026-06-25,247.83,254.9632,190.7231,182.9131,290.84,276.1852,269.733,219.2164,268.5834,241.4508,395.7898,186.902,257.2228,344.5842,223.6217,170.4996
2026-06-26,251.7262,257.4527,189.7365,182.9476,292.0596,276.1384,271.8307,219.2324,270.7645,241.1851,399.3218,184.683,258.4364,344.1471,225.2989,170.5138
2026-06-29,254.5059,260.9881,190.4709,183.9341,294.6265,277.3469,272.2938,219.9239,272.7504,241.7558,397.66,185.8436,259.9226,348.9327,226.5825,170.4789
2026-06-30,256.2738,264.6503,190.5557,183.7535,294.3991,276.0086,270.759,220.2224,274.5744,241.5421,398.4456,185.6721,260.38,350.4106,228.7788,170.506
2026-07-01,254.0891,266.1283,191.3782,184.3958,296.4961,277.4796,271.7904,221.4875,273.8087,241.9567,397.6814,184.8494,259.797,356.0463,228.524,170.5552
2026-07-02,254.7722,265.7528,190.6371,183.6395,296.4834,278.2909,271.7991,221.227,273.9847,242.5923,395.0672,183.3162,258.7265,354.1473,227.4107,170.6081
2026-07-03,258.4505,267.9132,190.0331,183.7816,298.5867,278.5208,273.187,221.1053,276.684,243.6852,398.6898,182.3695,256.4118,362.7669,226.3878,170.5459
2026-07-06,258.7399,266.8271,190.8341,185.0504,299.972,279.5528,274.545,221.8646,277.3524,244.1978,397.9454,179.6594,256.8018,364.9907,227.7877,170.6008
2026-07-07,255.3753,264.6628,190.6235,184.8793,301.6592,279.1331,272.5528,222.0545,274.709,244.6677,391.5524,179.5619,257.1597,361.4549,227.6398,170.5474
2026-07-08,257.9798,269.6787,191.3312,185.9148,302.0583,280.2172,275.5344,222.9941,275.713,245.661,394.0959,180.5043,261.9519,375.1184,228.6702,170.6349
2026-07-09,262.1595,270.3932,191.6969,186.4494,304.2867,279.2825,274.6788,222.6809,275.81,246.2302,394.162,181.0595,266.386,383.5951,228.8793,170.7097
2026-07-10,262.0585,269.329,190.6829,186.3992,305.5228,280.1415,276.8714,222.6631,275.3551,246.1262,392.1806,180.5443,263.1653,379.9563,228.8981,170.6836
2026-07-13,264.121,269.0646,191.1971,187.5155,308.5843,283.1134,279.164,224.624,278.2858,247.2084,390.9474,182.3124,263.0104,372.8462,230.2689,170.6781
2026-07-14,258.9618,267.0813,191.7889,187.2867,306.5879,282.03,277.7809,224.4061,276.2234,247.5147,390.5776,179.9955,263.3931,369.372,230.8093,170.6515
2026-07-15,260.0715,271.1757,192.6797,187.8918,305.4013,281.3227,279.5078,225.3145,279.0211,249.0738,393.2339,180.1474,265.0406,375.4297,232.7364,170.5379
2026-07-16,261.5075,275.1884,193.4432,189.2635,308.4832,283.5209,281.6616,225.811,281.9803,250.4648,396.7265,181.2989,265.739,380.1834,233.8337,170.5945
2026-07-17,259.8628,275.4229,193.6599,189.7819,307.5541,284.1674,282.3611,225.767,283.9381,250.9231,396.2974,181.69,263.4116,377.1027,233.9991,170.5725
2026-07-20,258.4413,275.3069,194.0695,189.7329,307.6606,284.5367,282.9726,225.9272,284.6547,252.0864,399.6282,178.2363,262.58,379.2973,233.3468,170.5979
2026-07-21,254.5754,270.6942,194.231,188.8814,307.2209,283.8225,281.6368,226.6258,279.5156,251.7319,395.7769,177.6617,262.0371,376.5234,232.6691,170.6224
2026-07-22,254.8676,274.2819,195.3799,188.8909,306.6009,285.5186,281.0295,227.4121,279.7952,251.4302,401.1302,178.7085,265.0479,385.9902,231.821,170.6231
2026-07-23,249.2924,269.8713,196.0699,189.4857,303.387,283.4528,279.9427,227.2995,277.9304,251.5866,401.2401,179.3082,267.3554,381.4076,232.085,170.805
2026-07-24,247.9599,267.2258,195.8697,188.9566,304.0428,284.564,278.4736,228.0044,277.1061,251.4934,394.0754,178.7846,266.0093,373.8038,230.6564,170.7421
2026-07-27,250.6974,267.0875,195.6963,188.3307,302.1454,283.3855,276.8129,227.9606,275.3857,249.5315,390.9941,179.3933,267.3967,376.2701,231.4828,170.7616
2026-07-28,254.2253,268.6632,195.9607,189.2713,305.3436,283.9473,277.7708,228.7293,278.3427,250.2556,392.8906,178.3486,270.6159,379.3452,231.5368,170.7944
2026-07-29,260.8752,273.9448,196.0375,189.6797,310.1954,286.1771,279.5206,229.6256,279.1166,251.1344,395.3952,177.6096,278.0556,389.9077,232.8179,170.7222
2026-07-30,259.2585,271.724,196.3449,190.059,310.6579,284.3118,278.7053,229.8047,278.2415,250.945,393.0574,180.6656,280.1148,383.5737,232.8649,170.6959
2026-07-31,266.2397,277.1608,195.6462,189.3368,310.2829,284.6658,279.6749,229.7544,278.7874,249.4892,396.4526,181.3187,284.6246,392.8533,233.5768,170.6499
2026-08-03,268.1335,277.3071,195.1414,189.0521,308.9142,284.0404,277.8385,227.4283,277.6158,249.0224,395.3893,180.219,285.5264,399.0502,233.602,170.6667
2026-08-04,272.2155,280.3293,194.9568,188.5588,309.6592,281.4985,276.3472,226.3227,279.1418,248.6001,397.424,180.6741,286.1026,403.0162,233.4962,170.6945
2026-08-05,271.5451,280.2856,195.3893,189.7004,313.7765,284.4278,280.0815,228.1795,280.2316,250.0666,396.2579,176.5117,283.6147,407.9085,232.725,170.7244
2026-08-06,267.6431,277.7895,195.204,189.1721,311.3976,281.9329,278.6416,228.1714,278.2936,248.781,394.2022,176.2255,279.2838,405.7406,232.3531,170.7962
2026-08-07,259.0413,273.5915,196.0841,189.6426,308.9874,282.6261,278.3802,228.5527,276.3915,249.1511,393.5842,176.4637,275.9346,400.0391,231.5711,170.7983
2026-08-10,257.0407,272.9024,195.8811,189.6795,307.2128,281.3946,277.6458,228.2348,277.3113,248.6829,392.5938,177.347,274.7949,400.7546,229.2202,170.785
2026-08-11,262.2625,277.1552,195.3822,189.607,306.2649,280.1424,278.6048,227.7914,278.6388,248.4314,395.5958,178.9637,278.0932,406.2455,231.9099,170.8114
2026-08-12,259.4495,273.9718,196.2317,189.2046,300.6218,276.4758,275.2236,226.8735,275.7745,248.014,397.3066,180.1176,276.522,417.7361,231.43,170.9208
2026-08-13,260.7436,276.2006,195.9849,189.1811,303.1149,278.2732,277.3115,228.5183,279.289,248.7837,400.8175,179.409,274.3072,415.7561,230.2166,170.8752
2026-08-14,262.204,277.1342,195.276,189.095,305.4135,279.9533,277.962,229.1536,281.3683,247.9982,397.8143,178.7407,272.8184,406.0731,229.9633,170.8864
2026-08-17,263.4433,276.7974,194.8398,188.7532,303.6133,279.7506,276.1865,227.59,279.3458,246.7705,396.3028,180.3519,270.2896,406.7223,232.5397,170.9823
2026-08-18,265.722,276.8269,194.1102,188.2819,303.2555,279.5279,274.8846,227.0374,280.731,245.2135,398.719,181.2176,268.7995,406.8967,230.7303,171.0444
2026-08-19,264.7989,275.8187,194.4688,189.5397,307.4189,281.4323,274.9461,228.2004,284.2259,245.9905,398.6687,178.4554,269.1236,402.9233,229.0914,171.121
2026-08-20,263.0686,274.898,194.8916,189.5805,303.6422,280.9359,274.0721,228.1996,283.6356,245.1057,402.4063,179.6433,270.9505,403.4116,229.7503,171.1538
2026-08-21,260.1745,272.0913,195.1252,189.3644,299.8329,279.9344,273.0603,227.4489,281.6825,245.1263,403.2716,178.3763,270.7985,405.4475,229.9124,171.2025
2026-08-24,264.9531,275.3438,195.3932,189.2319,299.7575,280.1388,272.2955,228.6384,284.6219,245.2427,408.1277,180.5554,274.6978,408.5288,230.8329,171.3301
2026-08-25,265.2738,274.7617,195.3798,188.7143,298.5396,278.9408,270.5528,228.2452,282.4361,245.5447,404.7971,182.7063,276.1376,412.2784,230.9027,171.4438
2026-08-26,262.8075,273.2737,194.4543,187.7826,297.0168,276.1591,267.9327,226.8428,281.3485,244.0931,405.5134,181.3072,272.0261,405.0202,232.1191,171.3406
2026-08-27,263.4276,275.5594,194.4022,187.3627,299.2531,277.3012,269.2036,227.3157,281.0261,243.8555,406.1341,180.9381,270.6363,405.0225,231.6543,171.3894
2026-08-28,264.2774,274.8502,193.1053,185.6222,299.6896,275.092,266.8557,225.926,279.0154,242.9262,404.9352,179.9043,268.318,403.5482,230.0941,171.4256
2026-08-31,271.0159,279.7034,192.3056,185.1454,300.9242,278.0614,269.7983,226.4165,279.8003,242.2971,409.4614,179.7273,272.2426,410.6626,230.3426,171.3581
2026-09-01,271.7562,281.6305,193.5005,185.9122,302.9125,277.6884,269.7338,227.3949,279.0953,242.7347,410.4565,177.8569,276.5452,416.984,232.8514,171.358
2026-09-02,274.2567,282.1842,193.2986,186.3212,305.2425,279.2714,271.428,227.6606,280.4548,242.887,408.215,178.8935,275.8902,413.4622,232.7822,171.3249
2026-09-03,272.9866,281.9484,194.2057,186.9714,305.7793,280.3736,271.4592,228.4312,280.4377,243.2515,405.1414,178.4474,277.7942,415.0745,232.1228,171.3214
2026-09-04,266.2802,275.5275,193.3933,186.2596,300.5334,278.3162,269.2935,226.3576,278.1324,241.5752,401.8623,175.2441,273.5298,406.0691,229.7547,171.3778
2026-09-07,263.6109,271.8251,193.0739,187.1305,297.7398,280.1849,273.2778,225.8936,276.9954,241.4329,404.0639,176.8751,270.6284,406.1856,229.1828,171.4222
2026-09-08,259.4512,267.4539,193.5802,188.2374,297.0372,282.7612,276.4937,227.1645,275.5796,242.0313,396.5647,176.7803,270.7693,396.5199,229.4021,171.3908
2026-09-09,269.3562,274.8022,193.4701,188.2378,299.9497,286.6511,278.7833,228.2537,280.4789,242.3663,402.402,176.2203,274.4495,404.683,230.1162,171.4617
2026-09-10,267.6173,273.2333,192.922,187.5024,296.9251,287.7689,279.2365,227.3071,279.3293,242.2838,398.5026,175.8287,273.259,397.1748,229.7498,171.441
2026-09-11,268.9738,274.5717,193.3196,188.4411,300.4083,289.6768,281.5322,228.9182,281.3478,244.1982,394.1779,178.4382,272.8829,391.3795,231.5979,171.4881
2026-09-14,267.8042,270.9353,193.5931,188.3674,295.0574,288.5813,280.5242,228.3429,281.0352,243.1346,394.3557,178.279,272.4898,387.466,232.2571,171.5121
2026-09-15,272.2399,271.3891,194.0253,188.4432,294.6518,288.8694,281.0603,229.1544,280.9438,243.8396,394.6353,179.301,274.8054,393.1102,234.3459,171.4963
2026-09-16,275.4811,274.7118,192.5501,186.4499,293.3151,287.618,280.1047,228.1371,280.6709,243.7162,392.3628,178.7505,274.9833,391.8294,234.3743,171.5287
2026-09-17,277.5557,277.6821,192.3526,186.4165,295.025,288.6341,281.1414,228.0454,280.3555,244.361,392.0957,182.1045,275.0708,393.7362,235.723,171.4802
2026-09-18,280.9748,280.2842,192.7206,187.1911,297.2643,291.1637,282.6884,228.8368,284.0317,246.1619,391.7116,182.516,276.2136,397.8937,234.8568,171.4634
2026-09-21,281.4509,280.2521,193.2598,187.1696,297.1311,291.212,283.2051,229.1551,281.233,245.7026,387.3443,179.9657,276.706,403.8578,235.8881,171.5352
2026-09-22,283.5485,280.9464,193.5048,187.4344,296.8782,292.0826,284.6742,230.0863,282.6823,245.2536,389.1471,180.1224,275.1681,407.8897,235.3674,171.5908
2026-09-23,282.9261,278.86,193.3982,186.7726,292.9919,289.2527,281.9451,229.149,280.6173,243.5671,389.7772,179.0875,276.8249,407.4271,236.4686,171.6593
2026-09-24,288.3605,283.2789,192.9792,186.2806,295.4605,289.6542,282.4049,228.6324,280.0405,243.1912,388.6488,178.2808,278.4128,412.6725,238.0538,171.6056
2026-09-25,283.5594,279.3895,192.158,185.404,294.1241,290.0286,281.2853,227.7137,277.7855,242.073,386.9098,176.1664,273.388,403.9734,236.8074,171.5771
2026-09-28,291.5578,281.169,192.8464,186.2198,294.5921,291.9508,283.6942,227.6031,279.7637,242.0784,391.0181,178.1799,274.0736,413.2037,238.1202,171.5569
2026-09-29,298.0817,285.6901,193.2695,186.8182,297.0076,293.7492,285.1232,228.976,283.7149,243.5257,394.4899,177.3323,278.0793,419.1361,239.9772,171.504
2026-09-30,294.1736,284.0557,192.5143,186.6379,299.2173,294.1736,285.1229,227.96,282.9217,243.4521,389.2299,177.7131,272.9177,407.1453,238.9299,171.5389
