date,EME,DME,Gov,Infl,EMD_L,EMD_H,EMD_C,IG,HYD,SIG,PD,Com,RE,PE,HF,Cash
2007-06-07,100.8965,100.1369,99.9521,99.957,100.2851,99.9243,99.7119,99.9377,100.091,99.9067,100.1985,101.2813,99.0218,101.0319,100.0009,100.0357
2007-06-08,101.9304,100.1797,99.876,99.7254,99.4709,99.8898,99.4275,99.8707,100.0053,99.9213,100.1295,98.8304,99.1837,103.451,100.5093,100.0691
2007-06-11,102.7928,100.3013,100.1037,99.879,99.6385,99.3671,99.6418,100.2585,100.3721,100.0708,101.3051,97.6304,100.4133,104.9551,100.7402,100.0467
2007-06-12,101.2928,100.4799,100.2851,99.8047,100.0112,99.0054,99.0752,100.2356,100.6149,100.5791,101.632,96.2808,100.0301,103.6815,100.9509,100.0649
2007-06-13,100.9902,100.0574,100.7452,99.9054,98.9303,98.8893,99.0572,100.401,99.9721,100.4548,100.7116,97.7172,99.6863,103.9682,101.7861,100.0673
2007-06-14,100.5287,99.4403,100.6839,99.8991,99.0683,98.6109,98.8343,100.2932,99.4241,100.2772,100.7713,97.2135,98.7439,104.308,102.0071,100.1354
2007-06-15,100.8972,99.4137,100.6163,100.1163,99.4316,98.4939,99.2734,100.5069,100.0215,100.1768,101.0498,96.8846,99.5457,103.6942,101.5124,100.1843
2007-06-18,102.7888,101.5976,100.4144,100.0473,100.8675,98.7615,100.138,100.8668,100.4728,100.5278,101.2459,96.5514,100.3626,105.3403,101.9751,100.1687
2007-06-19,100.708,100.5447,99.9786,99.3094,100.3709,97.6684,98.9302,100.2254,99.9025,100.2417,101.6078,94.8343,98.8949,102.5362,101.9247,100.1018
2007-06-20,100.8702,100.7933,100.166,99.4848,99.9644,97.5756,98.748,100.2931,100.0274,100.2113,102.2522,96.9661,98.7943,103.9571,101.9346,100.1882
2007-06-21,98.7416,99.3073,100.2281,99.2867,98.8013,96.4066,98.4732,100.2392,99.3193,100.3053,101.1033,98.2153,97.8804,101.476,101.9693,100.1727
2007-06-22,98.5077,99.4252,100.5767,99.6297,98.9763,96.2424,98.8115,100.016,99.3034,100.5809,102.2676,99.5377,97.3563,102.1744,102.5154,100.1015
2007-06-25,97.4115,99.1415,100.0032,99.1601,98.8027,95.5009,98.5081,99.0445,98.2602,100.1497,101.6238,100.5754,95.5691,100.3772,102.8869,100.0573
2007-06-26,96.2576,98.3105,100.1581,99.5483,99.504,95.7114,98.1436,98.7807,97.7059,100.0012,100.8672,100.3042,95.4324,99.6351,102.6174,100.0708
2007-06-27,97.8829,99.4713,100.9362,100.018,99.2118,95.3537,98.0013,99.0463,98.4397,99.6843,102.7823,100.4434,97.5574,102.4295,103.3546,100.0457
2007-06-28,98.5301,100.1978,100.5886,99.9039,99.7352,96.1915,99.0661,98.9597,98.3603,99.4778,102.3553,99.7299,96.5334,102.6817,103.0624,100.0727
2007-06-29,100.6883,101.4039,100.3009,99.7989,100.9316,96.9446,99.7473,99.0514,99.4276,100.1901,103.8481,99.5416,97.1578,103.0662,103.2482,100.1095
2007-07-02,100.2691,101.3044,100.7576,100.3186,100.603,96.9634,100.315,99.4508,100.0022,100.8683,103.8246,99.5079,97.2494,103.0545,104.007,100.0968
2007-07-03,98.9676,100.4882,100.5711,100.4549,100.0633,97.1072,100.2524,99.0442,99.5358,100.6347,103.1685,97.5701,97.4489,102.4887,103.9403,100.0318
2007-07-04,98.5554,99.9899,100.3374,100.0913,98.6146,96.414,100.3562,98.373,99.0698,100.2699,103.4376,96.1991,97.6626,101.8266,104.158,100.0856
2007-07-05,96.4969,99.1874,101.1315,100.9842,99.4069,96.917,101.1626,99.364,99.4067,101.2148,103.0313,96.4022,97.5709,99.377,104.8393,100.1007
2007-07-06,96.6269,98.9197,101.1219,100.6366,99.1084,96.5421,100.8427,98.9295,98.3315,100.6193,102.7885,96.1361,97.0341,99.6974,105.2288,100.0681
2007-07-09,96.2466,99.253,101.0062,100.9738,99.6239,96.9572,100.9781,98.8604,99.0582,101.1245,102.7714,95.4076,97.6161,99.3337,105.0518,100.0617
2007-07-10,97.1833,100.9741,101.2819,100.8088,99.8732,96.9169,101.0749,98.8149,99.1647,101.4194,103.9508,94.9201,98.1177,101.8153,105.6702,100.0634
2007-07-11,97.3301,101.3504,100.9519,100.2099,99.8823,96.2397,99.9518,98.557,99.0174,101.5347,104.5985,95.2085,98.5729,102.2307,105.5391,100.0403
2007-07-12,101.9423,103.7509,101.1826,100.6212,101.2819,97.5326,101.289,99.3049,100.0065,102.1812,105.865,95.9153,99.2583,108.0225,106.6615,100.0591
2007-07-13,100.4228,103.1443,100.9836,100.8753,100.6975,97.5157,101.6184,99.1119,100.1722,102.4706,105.3569,95.2391,99.5164,105.7678,107.0523,100.0694
2007-07-16,100.7835,103.9935,101.5816,101.253,101.9654,97.645,101.8645,100.1168,101.1293,103.2821,105.6637,94.4463,99.422,107.484,106.9521,100.129
2007-07-17,102.8612,105.402,101.6143,101.1614,102.0904,97.2914,101.9085,99.9715,101.2476,103.7676,106.2845,94.105,100.5154,111.4642,107.6453,100.1788
2007-07-18,102.9903,105.5927,101.547,101.2431,102.8859,97.6249,102.1778,100.2513,101.4128,103.9255,105.6162,93.7483,100.6708,110.25,107.8295,100.1657
2007-07-19,104.9322,106.9023,101.9202,101.4708,102.9127,97.5711,102.0909,100.1726,101.4693,103.6758,107.0208,94.7547,102.3544,114.4722,108.049,100.2031
2007-07-20,106.5426,108.0611,101.2475,100.6184,101.7135,96.9996,101.5184,99.7786,101.9028,102.8367,108.1084,95.1477,102.1522,114.7862,108.2258,100.2008
2007-07-23,104.0157,106.5818,100.9257,100.2681,100.4648,96.8016,101.477,99.3557,101.1895,102.2216,107.4546,94.8541,99.9506,110.8919,108.203,100.2193
2007-07-24,104.8026,107.1927,100.8037,100.1905,100.3844,96.4696,101.7416,99.4904,101.412,102.0964,108.0936,96.6804,100.7221,110.6084,108.4295,100.1744
2007-07-25,104.2036,106.1115,101.2603,100.4497,99.4807,96.4735,102.1939,100.2206,101.5459,102.1196,108.1644,98.3412,100.9863,110.2281,107.95,100.1317
2007-07-26,102.8128,104.9825,101.7155,100.5791,98.8648,95.9797,101.5299,100.1117,101.3766,102.3175,107.877,97.0855,100.8449,109.5444,108.0832,100.1494
2007-07-27,105.9301,106.8535,101.1082,100.4412,100.0741,96.6641,101.8865,99.7297,103.0123,102.6343,109.398,95.7678,100.42,109.9121,108.9478,100.2057
2007-07-30,103.9114,105.9429,101.1672,100.2744,99.9316,95.7173,101.1959,99.2951,102.5598,102.9387,108.109,95.3676,99.42,107.7859,108.7602,100.1781
2007-07-31,104.7306,107.2782,100.6287,99.6832,100.4686,96.2288,101.1422,99.1469,102.48,103.38,107.2875,95.2105,99.704,107.6387,108.8425,100.1097
2007-08-01,103.3246,105.7745,100.6257,100.0276,100.4978,95.9053,101.2018,99.4918,102.7487,103.3081,107.223,95.3544,99.5127,105.8297,108.077,100.0978
2007-08-02,102.5188,105.5701,100.2498,99.9096,100.3778,95.672,100.9903,99.7312,102.9678,103.0396,107.2183,94.5297,99.3589,104.8816,107.8013,100.1082
2007-08-03,102.6947,104.6672,100.4709,99.9861,99.4615,95.6348,101.0227,99.998,102.9418,102.9199,108.2866,94.1332,99.3664,106.5631,107.5698,100.176
2007-08-06,103.9119,105.0705,100.0321,98.9452,98.8478,94.9974,100.55,99.6567,102.3053,103.012,108.1728,93.2628,98.3834,107.7454,108.1018,100.1266
2007-08-07,104.669,104.9581,99.7694,98.8052,98.8302,94.4032,100.3953,99.2192,101.7925,103.0548,108.2358,93.1083,100.1843,108.8259,107.909,100.2221
2007-08-08,104.4999,105.2212,99.5911,98.6664,98.0198,94.7614,100.3749,98.8717,101.7035,102.5801,109.5524,93.1759,100.0599,109.7552,107.7946,100.2336
2007-08-09,104.1644,104.2295,99.4777,98.4498,97.8428,94.86,100.1825,99.0373,100.9371,102.2953,109.0307,92.411,100.1872,109.7386,107.3737,100.2804
2007-08-10,103.9034,104.3295,99.2756,98.3164,97.848,95.0583,100.2452,98.6753,101.024,102.4436,109.5094,91.5085,99.382,110.2922,107.0162,100.2395
2007-08-13,105.0784,104.5803,99.2584,98.2449,98.1905,95.7413,100.8024,98.9273,100.6874,102.8375,108.8093,90.8475,99.8838,111.4392,107.4257,100.235
2007-08-14,105.9845,105.6076,99.1526,98.3179,98.9539,96.3752,101.3531,98.7672,101.1368,103.2793,109.6097,89.8228,99.2289,113.3559,107.4828,100.3011
2007-08-15,106.0797,104.55,99.0711,97.9093,98.157,95.9477,100.8088,98.8393,100.8332,103.2758,109.801,90.9481,99.1815,112.9389,107.129,100.2954
2007-08-16,105.6267,105.2365,99.4137,97.9529,98.3709,96.0068,101.244,99.1334,100.7564,103.5879,110.4854,91.1593,98.8223,113.3043,107.7609,100.2813
2007-08-17,105.4002,105.5597,99.1402,98.0346,99.4289,96.139,101.2225,99.0414,100.6597,103.2348,110.65,89.3492,99.3664,112.5816,107.8644,100.2759
2007-08-20,105.6762,105.9529,98.9059,97.4768,97.9477,95.6791,101.0673,99.1716,100.4329,102.6654,109.9577,89.6143,100.3539,111.8429,108.0779,100.3073
2007-08-21,106.4164,105.8262,99.0332,97.7522,98.4928,95.9685,101.2575,99.2536,100.7502,103.0748,108.622,88.6585,100.1383,113.0281,107.7534,100.3229
2007-08-22,106.9189,106.4641,99.0779,98.0217,98.6173,96.4348,102.298,99.3776,100.9053,103.2471,107.7068,89.6369,100.9285,112.2111,108.107,100.3225
2007-08-23,107.7132,106.3049,99.392,98.4129,99.1616,96.6535,103.1576,99.6517,101.3124,103.8003,107.7815,89.5325,101.6338,113.3637,107.5393,100.2985
2007-08-24,106.88,105.0254,99.5108,98.411,98.7374,96.2519,102.9541,99.7881,101.0092,103.5486,106.6114,88.757,101.8968,110.9139,107.6509,100.278
2007-08-27,106.8464,105.7285,99.8024,98.6427,98.8046,96.6059,103.1934,99.9285,100.4567,103.639,106.3817,89.6282,101.7736,112.2812,108.8125,100.2968
2007-08-28,110.1362,107.087,99.7911,98.8645,99.3208,97.466,103.9406,100.5007,101.4443,103.7648,107.1288,89.9154,103.0096,113.5823,110.2072,100.313
2007-08-29,106.8181,104.4966,99.7515,98.5583,97.265,96.5738,103.17,100.1737,100.5174,103.426,106.1464,89.2587,101.7705,110.0433,110.189,100.2928
2007-08-30,106.1003,104.27,99.5343,98.4818,96.9772,95.5097,102.2361,99.4177,99.9369,102.9249,106.1851,90.0275,102.0947,110.3021,109.9441,100.4016
2007-08-31,107.9012,104.8392,99.5348,98.4427,97.2975,94.6555,101.4909,99.0175,99.8965,103.0883,106.2784,90.2051,103.033,113.0093,110.5684,100.3417
2007-09-03,108.3974,104.1173,99.1835,98.3533,97.1711,95.4219,101.8347,99.0742,100.2986,103.2252,105.4663,91.0536,102.0447,110.8649,110.3533,100.3559
2007-09-04,109.7954,104.929,99.0851,97.8973,97.3936,95.7051,102.6504,99.551,100.1109,103.6916,104.401,89.1941,101.3976,112.5818,110.6721,100.3451
2007-09-05,110.3962,105.5663,99.3035,97.8572,97.9935,95.8262,102.8224,100.0296,100.475,104.1644,103.7832,88.2665,100.3118,113.358,111.1081,100.359
2007-09-06,112.6115,106.7279,99.0946,97.7635,98.5541,96.4791,103.7933,100.3706,101.0967,104.013,104.9615,88.0786,99.915,114.7033,111.3335,100.412
2007-09-07,111.7168,104.7873,99.2057,97.4179,96.7989,95.3643,103.2204,100.0521,99.9091,103.5993,104.0285,88.2696,99.4205,114.3861,111.3951,100.4411
2007-09-10,112.7183,105.7254,99.4904,97.6361,97.1348,95.1141,102.8081,100.025,99.2658,103.7252,104.4691,89.5077,101.5178,118.8258,111.6746,100.4263
2007-09-11,115.4373,107.2515,99.3481,97.6551,98.2191,95.4715,103.3712,100.7576,100.2082,103.6716,104.7618,87.9699,102.7984,120.9631,111.6183,100.3945
2007-09-12,114.0267,106.2328,99.7159,97.9678,98.0111,95.3787,103.0707,100.6364,99.2593,103.6697,105.5746,87.6498,102.302,124.1112,111.4169,100.4241
2007-09-13,111.7157,106.4089,99.5775,98.0225,98.0441,95.4647,102.9469,100.4065,99.4686,103.3686,106.2248,87.6722,101.2945,122.5511,110.5547,100.4008
2007-09-14,110.4528,105.1097,99.9302,98.1573,97.2208,94.8271,102.5806,100.6145,98.7938,103.1043,106.1278,87.5896,100.5811,122.9459,110.9715,100.4473
2007-09-17,109.1086,105.5168,100.1491,98.1013,96.8729,94.3686,102.2449,100.5318,98.1095,102.7256,106.4905,87.4852,100.1075,123.8237,111.5068,100.46
2007-09-18,109.6953,104.399,100.7112,97.848,96.1718,93.116,100.8568,100.418,97.4567,102.8174,106.6771,87.5696,100.5648,125.9452,111.8724,100.4561
2007-09-19,110.7706,104.7613,100.4458,98.1367,98.1464,93.9983,102.0478,100.9784,97.6694,102.9158,106.7183,86.5952,100.5128,126.3712,111.2967,100.5386
2007-09-20,112.9774,105.0096,100.7602,98.516,98.6576,95.0531,102.8035,101.7082,98.3692,103.181,106.9849,85.6043,101.5182,128.078,111.635,100.5329
2007-09-21,114.3447,104.7925,100.4842,98.676,99.715,94.9863,102.6447,101.5081,98.9422,103.5276,106.2936,85.8107,102.4963,126.125,111.7183,100.5531
2007-09-24,117.0616,106.736,100.4132,98.8775,100.1996,95.735,103.2712,102.1069,100.7329,103.5399,107.5367,85.9984,103.1197,127.2412,112.1662,100.455
2007-09-25,114.8643,107.0014,100.3152,99.0973,100.888,95.7191,103.2794,101.8696,100.3517,103.7299,106.3814,86.2277,102.4103,125.571,112.3072,100.4493
2007-09-26,112.8018,106.0786,100.8502,99.1024,99.7573,95.4256,102.7529,101.5959,98.7008,103.4818,105.0769,84.639,103.8144,126.8192,112.3308,100.5265
2007-09-27,113.5181,107.5639,100.2074,98.5738,100.2398,95.2669,102.4495,101.0655,99.0479,103.2029,105.8566,83.5915,104.1993,126.9096,111.8653,100.5837
2007-09-28,115.3689,107.6903,100.1085,98.273,99.7229,94.876,102.5243,100.9036,98.959,103.0976,105.7305,84.5755,103.6893,129.3435,111.6112,100.5716
2007-10-01,114.7975,107.1273,100.1528,98.0988,99.6915,94.1747,101.4851,100.6791,99.0547,103.0713,105.3155,83.8946,103.2608,128.2018,111.4583,100.5894
2007-10-02,114.9551,107.8689,100.6489,98.5753,99.8455,94.2114,101.2271,100.8466,99.7447,103.2286,106.1792,84.0145,103.4052,130.3627,111.8273,100.581
2007-10-03,114.8064,108.1485,100.8912,98.8724,100.8594,94.6946,101.6839,101.2257,99.755,103.8859,105.7111,83.5946,103.451,130.0329,112.4952,100.6184
2007-10-04,115.8788,108.3803,100.8072,99.4351,102.0999,95.3658,102.4834,101.4786,100.3657,104.2914,106.2759,82.9521,104.4571,131.4663,112.2908,100.6635
2007-10-05,116.9943,109.8426,100.5359,98.9977,102.1716,95.2171,102.1876,100.6891,100.3103,104.4528,107.1933,84.1561,105.8014,131.4281,112.6561,100.7045
2007-10-08,115.1963,108.7715,100.8676,99.1211,101.9349,94.9915,102.3386,100.7834,99.6901,104.493,107.3765,83.6949,106.0819,130.0924,112.612,100.7139
2007-10-09,113.8692,107.3145,100.8361,99.1624,101.6427,95.1687,102.0817,100.7219,99.6979,104.4618,107.576,83.6462,105.3406,128.6316,111.6813,100.6714
2007-10-10,113.5656,107.4226,100.9081,99.0585,100.6761,94.1979,101.2923,100.4807,100.3483,104.1891,108.841,83.9855,105.7675,127.7844,111.9457,100.5794
2007-10-11,111.3091,104.4866,100.7225,98.6737,99.2423,93.4233,100.83,99.831,99.948,104.418,108.0801,83.0362,104.2343,123.8079,111.0394,100.542
2007-10-12,112.0375,105.9489,100.4835,98.48,100.0987,93.796,101.0755,100.2634,100.5015,104.3217,108.4909,82.349,105.0051,123.5496,110.9108,100.5709
2007-10-15,111.5443,105.9874,100.1452,97.85,99.15,93.0295,100.3133,99.9382,99.9964,103.623,108.5595,81.8155,105.3149,123.1992,110.6506,100.5192
2007-10-16,111.2575,105.0611,100.6453,98.176,99.1621,92.626,100.0726,100.1333,99.8783,103.5979,108.5713,82.7227,105.3508,121.9099,111.2947,100.5879
2007-10-17,108.7002,103.5322,101.3844,98.2042,98.0085,91.585,98.8696,100.6352,99.1576,103.2891,107.4637,83.0719,104.8496,120.2673,111.7296,100.5671
2007-10-18,110.5426,103.5616,101.3409,98.1694,98.2614,91.289,98.4609,100.463,99.5308,103.2872,107.3135,82.5427,105.3774,121.1395,111.9031,100.6186
2007-10-19,109.5929,102.2444,101.3016,98.0674,97.581,90.9993,97.6358,100.1,99.53,102.8637,106.7011,82.8882,103.787,119.5148,111.2414,100.6322
2007-10-22,107.7011,100.6648,101.6796,98.0687,96.9443,90.3223,96.628,100.1144,98.6146,102.9139,106.0431,82.7561,103.5409,118.8105,111.57,100.6684
2007-10-23,107.5116,100.1845,101.246,97.7311,96.3892,90.299,96.1536,99.3243,98.3878,102.5578,105.934,83.7244,101.8902,117.8521,111.2698,100.6882
2007-10-24,106.5443,99.6129,101.0087,97.4159,95.841,90.4949,96.0065,99.3565,98.42,102.4682,106.3138,83.5686,100.512,116.1172,111.1246,100.7286
2007-10-25,107.3952,99.8681,100.9912,97.4509,95.8775,90.232,95.9631,99.0722,98.233,101.8999,106.2337,83.0435,100.9104,117.618,110.9682,100.6776
2007-10-26,109.2353,100.4738,100.8889,97.3062,95.7203,90.0229,95.7639,98.6032,98.2209,101.4216,106.0665,84.2483,101.3427,117.1306,111.8144,100.7551
2007-10-29,110.3861,100.6537,100.9776,97.3475,95.5877,90.0048,95.7444,98.876,98.4019,101.5621,106.2294,84.2259,102.6299,118.1023,112.2404,100.7727
2007-10-30,109.2892,100.3001,101.3025,97.2569,94.768,90.0265,95.7995,99.0874,98.3792,101.2291,106.4293,83.738,102.5549,116.1116,112.4159,100.7464
2007-10-31,110.165,99.4543,101.4564,97.2211,95.1271,90.6061,95.9973,99.5572,98.0277,101.3498,105.6404,84.0482,102.381,116.6758,111.8348,100.7237
2007-11-01,108.9363,98.2386,101.3349,97.0711,94.678,90.6003,95.9488,100.1256,97.9817,101.0452,104.3686,83.6232,101.5145,114.2946,111.1052,100.7043
2007-11-02,107.38,96.7305,101.2102,97.1838,95.2205,91.113,96.1014,100.3753,97.4613,101.178,103.7181,83.5968,99.5982,112.7696,110.6556,100.6672
2007-11-05,107.1467,96.5612,100.9855,96.5653,95.1097,90.8921,95.7829,100.5832,96.7648,101.4961,102.3231,83.9013,99.4263,113.0816,109.8491,100.6666
2007-11-06,107.4369,96.4269,101.232,97.3171,96.175,91.5908,96.0223,100.3014,97.3296,101.501,103.5992,85.5867,98.2833,111.4285,111.0779,100.6221
2007-11-07,105.4771,94.5318,101.7334,97.8667,96.0358,91.4313,95.5774,100.1927,97.44,101.5481,103.8172,84.4691,97.7364,109.0045,111.1415,100.6119
2007-11-08,105.1996,94.2725,101.7615,97.9645,95.5857,91.0645,95.1573,100.1938,97.1745,101.3608,103.0866,84.6896,98.2577,109.4792,111.3228,100.6192
2007-11-09,106.189,95.2039,101.9421,98.137,96.1817,90.7951,95.0397,100.112,97.3273,101.1502,102.7845,85.322,99.4328,111.1158,110.8701,100.5627
2007-11-12,106.7983,96.5248,101.9174,97.8879,95.6978,89.8411,94.4767,99.5577,97.1329,100.9529,103.7688,86.2005,101.9192,113.5169,110.6337,100.5987
2007-11-13,106.2061,96.7066,102.2888,98.2556,95.6517,89.788,94.5949,99.4546,97.3361,100.9711,104.1014,86.4311,102.1434,113.6227,110.673,100.6194
2007-11-14,106.7091,96.8096,102.3988,98.4266,95.159,89.7557,94.1894,99.4255,97.5254,100.8987,104.7581,86.7106,103.4982,115.4121,110.7123,100.618
2007-11-15,107.2594,97.6777,103.167,99.0919,95.5975,89.7305,94.3715,99.7412,97.8539,100.8522,105.1676,88.0606,103.678,116.9715,111.7227,100.6133
2007-11-16,107.7787,97.8247,103.3149,99.3429,95.9235,90.1229,94.7362,99.6437,98.0526,100.8319,105.298,90.4806,103.1193,116.5478,111.6221,100.5663
2007-11-19,107.0457,97.2324,103.6093,99.6686,96.1137,90.116,94.7313,99.5054,97.9493,100.9333,105.8518,91.5475,102.6121,117.1361,111.0106,100.5707
2007-11-20,104.8347,96.1277,103.8602,100.237,96.0599,90.4841,94.7568,99.2353,97.8429,101.4629,105.3073,91.9957,101.9842,114.8264,111.3541,100.5888
2007-11-21,103.5156,96.0508,103.7423,99.6598,95.5291,89.5877,94.0517,98.9131,97.0213,101.2105,104.2608,93.7547,101.013,113.8715,110.7749,100.5484
2007-11-22,102.2301,95.0079,103.88,99.6029,95.2138,88.5446,92.9765,98.1548,97.0439,100.8875,105.078,91.3731,99.6465,113.806,110.3135,100.5388
2007-11-23,103.5851,94.8272,103.9147,99.2691,95.1903,88.0651,92.5056,98.6232,96.6855,100.2646,104.9575,92.1835,100.1974,114.4871,110.2337,100.5668
2007-11-26,104.5534,95.7296,103.5795,98.9477,95.6309,88.6221,92.5019,98.4511,96.4903,100.3203,104.8302,91.191,99.9276,116.3966,110.2118,100.5822
2007-11-27,104.2721,95.5472,103.6181,99.1104,96.1623,89.0377,92.9737,98.4707,95.9652,100.4896,104.8214,90.6004,99.4438,116.1557,111.0384,100.6339
2007-11-28,102.6923,94.668,103.4944,99.2633,96.1224,89.3914,93.2323,98.5141,95.9764,100.5378,104.6158,89.3809,99.3176,113.7849,110.6374,100.6562
2007-11-29,102.1603,94.3661,103.7204,99.7008,96.8907,89.6885,93.772,99.1296,95.7902,100.9433,103.3666,89.4952,100.0931,113.1782,110.6054,100.6757
2007-11-30,102.0536,94.5246,104.1124,99.9014,97.0691,90.0853,94.0162,99.5099,94.9082,100.6538,102.4363,90.806,100.3215,114.7898,110.5295,100.7022
2007-12-03,104.3269,95.7073,103.2839,99.0926,97.7125,90.8081,94.3629,98.8777,94.3018,100.6066,101.2774,90.7779,100.5851,114.8473,110.5889,100.64
2007-12-04,103.1887,94.5508,103.8273,99.1322,96.1774,90.2574,93.598,98.7094,94.1725,100.2853,101.9529,90.4822,100.826,113.7534,111.0471,100.6698
2007-12-05,103.6177,94.0662,104.0122,99.1365,96.1788,90.1486,93.5304,99.2285,94.4368,100.2966,102.2206,90.6776,100.4026,113.7482,111.0367,100.7105
2007-12-06,102.7243,93.2927,103.7818,98.7303,96.1923,89.5242,92.8696,98.9045,93.4803,100.1015,101.5386,91.2187,99.5321,112.3707,111.1182,100.749
2007-12-07,104.5908,95.2212,104.0294,99.1493,96.1072,89.643,92.9404,98.9475,94.3029,99.8961,102.3805,91.3169,100.7402,115.4546,112.4398,100.8121
2007-12-10,102.7001,93.8634,104.4028,99.5407,95.9752,89.3144,92.4302,98.9345,94.1822,100.1855,101.6392,90.6342,101.0028,113.9185,112.1874,100.8706
2007-12-11,103.5075,94.0912,103.9617,99.219,96.2364,89.4564,92.6505,99.1224,94.1998,99.8886,101.2256,91.6121,100.6552,112.9673,111.8848,100.8921
2007-12-12,105.0232,95.4065,103.84,99.3286,96.4012,89.5854,93.0256,99.2627,94.9142,99.7604,102.5622,92.5407,100.0464,115.5916,112.3067,100.8842
2007-12-13,106.4627,95.6651,104.0665,99.5097,96.5542,89.7216,93.5466,99.422,94.8205,99.6788,102.6672,92.3006,102.7111,115.8391,112.6398,100.8604
2007-12-14,106.7493,96.888,103.9659,99.3442,96.7828,89.941,93.5876,99.614,94.8494,99.6531,102.2731,91.9411,102.5874,118.8113,111.8215,100.8523
2007-12-17,105.2636,96.4426,104.4206,99.8383,96.3084,89.6361,93.6328,99.8622,94.8708,99.5615,102.1528,90.7095,102.2215,121.2733,111.0229,100.8856
2007-12-18,105.5223,96.2513,104.525,100.0577,97.1042,89.5491,93.6247,99.8333,95.3773,100.1496,102.5148,89.5242,102.4336,120.9516,111.1654,100.9025
2007-12-19,106.4012,97.4127,104.2517,99.936,97.6262,89.6261,93.4648,99.7479,96.0818,100.1065,102.4178,89.5483,101.7602,120.9854,111.3419,100.8527
2007-12-20,106.0323,97.1882,104.4868,99.9918,97.5721,90.0593,93.4538,100.1151,96.1749,100.0036,103.4042,89.2308,101.2986,121.1033,111.3778,100.827
2007-12-21,104.487,95.5093,104.3142,99.7921,97.4831,89.9442,93.2701,100.4453,96.1716,100.0144,102.9951,88.4132,100.3346,116.5874,111.1192,100.8077
2007-12-24,106.2462,96.8709,104.4759,100.0871,98.0996,90.7862,93.5705,100.4036,96.525,100.5537,103.3429,88.8247,101.4586,120.5214,111.1468,100.8111
2007-12-25,105.8004,96.848,104.8185,100.47,98.2276,90.9227,93.844,100.5925,96.9046,100.6847,103.6553,89.9131,101.6313,121.9888,109.8156,100.7791
2007-12-26,104.9464,95.5211,104.8132,99.9705,96.5774,90.0821,93.413,100.1423,95.7671,100.0135,102.7845,89.8987,100.2863,122.1994,109.4673,100.7705
2007-12-27,105.6794,95.8675,104.8501,100.2015,98.1325,90.3765,93.9546,100.3534,95.1142,100.5237,103.4605,90.1928,102.3159,123.6238,109.8072,100.7882
2007-12-28,104.9907,94.908,104.5999,100.0564,98.136,90.3317,93.3751,99.727,94.5235,100.5891,103.242,90.8605,102.7526,122.5863,109.0869,100.7763
2007-12-31,104.6004,94.8308,104.5422,100.0537,97.3285,89.7301,93.1516,99.412,95.0634,100.5254,103.3617,90.8979,102.9794,122.6675,108.2899,100.7516
2008-01-01,103.6241,94.8978,105.0629,100.6504,98.3935,89.8739,93.021,99.8725,96.0725,101.1343,104.0236,89.4933,103.198,121.8341,108.2707,100.7082
2008-01-02,101.3588,92.9819,105.2258,100.2994,97.6683,89.3449,92.6492,99.742,95.5681,101.3796,103.5352,87.2401,101.0482,119.4212,107.81,100.6783
2008-01-03,101.6347,92.0673,105.7297,100.7609,98.3723,90.2659,93.1236,100.7024,95.5534,101.786,103.7328,87.8735,101.8725,119.2068,107.7496,100.6809
2008-01-04,102.527,92.2221,105.6225,100.6526,98.2578,90.5032,93.5365,100.5167,95.4528,101.5962,102.8342,87.6642,102.2636,117.6832,108.293,100.7038
2008-01-07,101.4744,92.2933,105.7199,100.5607,98.3004,90.7825,94.0869,101.1031,95.2246,102.0864,102.77,88.4272,101.083,117.4715,108.3884,100.6794
2008-01-08,101.9819,92.0706,105.5372,100.8338,98.4392,90.6888,94.4859,100.939,95.2803,102.1828,102.4399,89.3928,100.9309,117.5395,108.6024,100.7157
2008-01-09,103.4956,92.7505,105.0284,100.5115,99.2642,90.3343,94.3558,100.6057,95.7915,101.7755,102.1668,89.7462,100.9591,117.1933,107.4557,100.7719
2008-01-10,104.7194,93.1639,105.0068,100.4915,100.0302,90.535,94.196,100.5443,96.2316,101.8734,101.3194,89.3726,101.398,116.8651,107.2072,100.7651
2008-01-11,104.4871,92.498,104.9831,100.4302,99.7422,90.1455,93.4497,100.5143,96.1095,102.0559,100.2322,90.4292,101.6076,116.4366,106.8743,100.8215
2008-01-14,103.4026,92.4485,105.03,100.473,99.6338,89.8471,93.2244,100.2834,95.9966,102.0292,99.5533,91.6099,101.6191,115.7032,106.1421,100.819
2008-01-15,105.59,93.4594,105.1269,100.5974,100.8222,90.2392,93.1913,100.6298,96.6018,101.8606,98.8283,91.7069,101.749,116.4386,106.4034,100.8569
2008-01-16,106.2414,92.9217,105.481,100.6362,99.8373,90.237,93.6148,100.9431,97.0402,101.828,98.6685,90.8977,102.2753,116.5539,105.9266,100.872
2008-01-17,105.0372,93.0564,105.152,100.2035,99.5837,89.885,93.3888,100.8471,96.6531,101.7559,97.5226,91.3099,101.6457,113.7624,106.2444,100.8833
2008-01-18,102.1044,91.2518,105.5357,101.0042,99.2432,89.6307,93.0828,100.6143,96.3246,101.9466,97.0688,90.5603,102.4428,112.4758,105.7055,100.8898
2008-01-21,102.2179,91.215,105.2978,100.9587,98.614,88.9271,92.5023,99.7874,96.2487,101.7007,98.1491,89.999,102.1159,114.3689,106.0849,100.8586
2008-01-22,100.764,90.1514,105.145,100.9386,97.169,88.6894,92.045,99.2514,95.4517,100.9937,96.9127,89.5149,102.1647,113.183,106.0104,100.8511
2008-01-23,100.8826,89.6844,105.0091,100.8643,97.5202,88.6859,91.9423,99.2554,96.0964,101.1041,97.0792,88.661,100.2584,112.0974,105.7541,100.8451
2008-01-24,100.8819,90.2204,104.7094,100.7335,97.2998,88.8638,92.2349,98.7438,96.2543,100.9323,97.6466,89.3684,100.4484,111.2477,105.5256,100.7704
2008-01-25,97.8227,88.0692,105.1829,101.0947,97.2116,88.9939,91.6813,98.9201,96.2677,100.998,97.1676,88.1075,98.689,106.4144,105.5443,100.7202
2008-01-28,100.336,89.0441,104.8523,101.2892,98.3573,89.7134,92.0447,99.2283,97.4872,101.0502,97.98,89.0714,99.2563,106.5199,105.9034,100.7722
2008-01-29,99.2912,88.7102,104.4347,101.4266,98.221,89.8279,92.6093,98.9458,97.8744,100.9425,97.708,89.0297,97.8674,105.6688,104.7887,100.7539
2008-01-30,100.5976,90.2883,104.5496,101.5411,98.2916,89.7926,92.7714,98.8726,98.2564,100.7169,98.5383,91.193,99.1027,107.0361,105.2603,100.7596
2008-01-31,101.8917,89.9898,104.6596,101.8724,98.4893,89.9413,93.266,99.0165,98.3074,100.7057,98.1354,91.8577,99.5326,108.4307,104.9311,100.8024
2008-02-01,101.554,89.1388,105.0443,102.5357,98.2097,90.1531,93.8662,99.2097,99.3361,101.0607,97.862,91.0952,98.7887,107.5439,104.6602,100.7801
2008-02-04,101.7535,89.6016,105.3105,102.3464,98.5344,90.2133,93.4811,99.1814,98.7208,100.774,97.1709,91.2864,99.3088,107.6828,104.7481,100.802
2008-02-05,100.8089,89.4202,105.2471,102.4302,98.0431,90.278,93.71,98.9836,99.1425,101.1166,97.3444,90.6515,98.2228,107.8058,104.3354,100.7673
2008-02-06,100.7938,89.9442,104.9191,102.3042,97.6823,90.2937,94.1574,98.7402,98.8675,100.6023,96.8223,91.833,97.7706,107.8673,104.0791,100.7262
2008-02-07,99.406,90.3533,105.0637,101.9655,96.9443,90.0006,93.3738,98.5912,99.1376,100.491,97.8437,90.889,97.3415,107.1678,104.232,100.6282
2008-02-08,99.7182,89.9488,105.2813,102.0877,97.1966,89.808,92.8588,98.3781,98.9349,100.4356,98.234,91.9751,96.7999,107.8643,104.348,100.6942
2008-02-11,98.9498,89.3265,105.5392,102.2517,96.1209,89.4678,93.0093,97.8928,98.811,100.6788,97.9389,93.7561,97.0359,105.8551,104.8639,100.7038
2008-02-12,99.3332,89.2524,106.0465,103.232,96.765,89.6854,93.5661,98.0805,99.3814,100.8849,98.4083,94.4076,98.1971,106.949,104.7909,100.7841
2008-02-13,100.5358,89.8542,105.9672,103.4689,97.1363,89.9789,93.6571,97.7828,98.8148,100.7178,98.5339,94.5242,97.8884,112.2208,104.6356,100.7713
2008-02-14,102.6239,90.4934,105.4578,103.3566,97.5769,90.2833,93.7616,97.5145,99.3692,100.4344,97.9749,94.8908,97.891,112.3059,104.541,100.8049
2008-02-15,105.6072,93.1899,105.3135,103.5756,99.5072,91.584,94.9784,98.0529,100.3215,101.0631,99.217,95.4916,99.7698,115.0279,105.1556,100.8766
2008-02-18,107.4603,93.6822,105.2448,103.8209,100.6171,92.0821,95.3879,98.4803,101.4133,101.4544,100.436,96.6278,99.4318,116.8282,104.6883,100.8709
2008-02-19,105.0554,91.8994,105.1615,103.6519,100.4939,91.4143,94.304,97.825,100.4672,101.2029,99.5441,94.5289,98.4836,114.3376,104.2947,100.8382
2008-02-20,105.3578,91.8781,105.3978,103.9904,100.9248,92.1325,94.7381,98.0753,100.5171,101.0329,99.4324,94.6222,99.0217,114.3145,104.0816,100.8162
2008-02-21,104.7821,91.1757,105.5369,104.1524,100.0194,91.5321,94.2855,97.9354,100.4026,100.7575,98.9811,95.6017,99.3672,114.2958,103.7499,100.7837
2008-02-22,101.6749,89.3421,105.4715,104.3331,99.3914,90.9763,94.1278,97.7172,99.9606,101.0167,98.0599,94.3935,98.691,111.1033,103.405,100.7983
2008-02-25,101.3224,88.6584,105.5355,104.3107,99.6623,90.4564,93.6971,97.6748,100.3906,101.603,98.7774,94.5454,98.0627,110.3593,103.2593,100.8115
2008-02-26,98.8842,87.3691,104.8816,104.3683,99.361,89.9632,93.3463,96.7405,100.065,101.4376,97.3977,93.8201,96.7369,106.1867,103.1993,100.7979
2008-02-27,99.2686,87.7516,104.8895,104.667,99.8957,90.3249,93.8074,97.2803,100.6537,101.5039,96.7113,91.9852,96.8605,106.3831,103.4302,100.7725
2008-02-28,99.9532,87.7275,104.6387,104.1574,98.5192,89.4676,93.9895,96.8808,100.1505,100.8214,96.8731,92.4215,97.1639,107.302,102.9915,100.8008
2008-02-29,100.7297,87.9231,104.7746,104.0139,98.1794,89.6744,93.5589,96.5961,99.8217,101.1022,97.133,92.9149,97.8564,108.4489,103.7051,100.8053
2008-03-03,102.4034,88.4735,104.951,103.9865,98.7596,89.7682,93.4955,96.9946,100.328,100.9294,97.7711,93.7058,98.8216,109.3949,103.35,100.9016
2008-03-04,100.9487,88.3695,105.1891,103.7135,98.1167,89.3083,93.332,97.1929,100.2008,100.3882,97.2071,92.4312,99.1714,106.4906,103.2319,100.9269
2008-03-05,101.7386,88.7043,105.6921,104.3254,98.59,89.2221,93.1662,97.4458,101.0574,100.5357,97.019,92.613,99.4938,108.2396,103.0845,100.9301
2008-03-06,102.4243,89.5399,105.403,103.5793,98.2169,88.6177,92.7593,97.1857,100.6254,100.1365,97.2362,92.7521,100.1537,108.9783,102.8404,100.952
2008-03-07,99.1624,87.5964,105.5063,104.0819,96.947,88.2241,92.5034,96.9359,100.5051,99.4493,97.034,93.3379,97.3015,106.6729,102.3091,100.9496
2008-03-10,96.9889,86.2221,105.9491,104.7091,97.007,88.2498,92.569,96.8673,100.3349,99.7464,96.6976,91.9715,97.3069,104.8711,102.0735,100.9669
2008-03-11,96.8015,86.3452,105.619,104.7816,97.3418,88.4792,93.1938,96.7822,100.8354,99.9566,96.9472,91.771,97.4584,104.1481,101.2721,100.972
2008-03-12,98.9696,88.5717,105.6022,104.4863,97.689,89.188,93.6103,97.3143,101.6506,100.182,98.298,92.562,97.7819,107.5991,101.4878,100.9335
2008-03-13,98.7233,88.1073,105.6684,104.6676,97.7949,88.7771,93.8969,97.4279,101.389,100.256,97.2706,92.2662,98.0916,107.0797,101.4425,100.9351
2008-03-14,98.671,87.4009,105.9192,104.9588,97.8142,88.5859,94.0666,97.3708,100.8871,100.2865,97.4598,92.2851,98.0797,108.8479,101.1439,100.9608
2008-03-17,96.381,85.4776,105.6605,104.4687,96.9385,87.7746,93.3982,97.284,99.7704,99.9407,96.1186,91.8162,98.0831,105.1365,100.3613,100.9872
2008-03-18,97.2841,86.4888,105.4542,104.4654,97.2671,87.9627,93.5694,97.5758,100.4348,99.8663,96.3113,90.9475,98.481,106.4864,100.2486,101.0623
2008-03-19,99.4035,87.9196,105.4262,104.6796,97.951,88.4117,94.0372,97.4905,101.3126,99.8759,97.8302,92.7767,98.5577,109.5853,99.9174,101.0623
2008-03-20,98.9276,87.7688,105.3966,104.6821,98.2723,88.4699,94.1294,97.6831,100.7994,100.0356,96.5131,93.6469,99.6161,109.2761,99.1238,101.1222
2008-03-21,99.5292,88.4482,105.3729,104.5547,98.5188,88.2936,93.8648,97.3745,100.2221,99.9792,96.8488,94.1215,101.8732,111.5319,98.6194,101.1042
2008-03-24,99.2595,87.4674,105.0789,104.0526,98.4016,88.3181,93.9981,97.4507,99.4347,99.7935,96.8059,93.2984,101.6682,110.4441,98.0695,101.0626
2008-03-25,99.4753,87.617,104.5999,104.1302,98.4123,88.7346,94.6258,97.4211,100.2143,99.8581,95.8304,92.4549,101.3011,108.6295,97.9217,101.0433
2008-03-26,97.3762,86.1069,104.9722,104.4431,98.6101,89.0316,94.4096,97.733,99.6199,99.9581,95.3111,93.2118,100.9277,105.767,97.6968,101.0393
2008-03-27,98.8606,86.66,104.6062,104.109,98.0819,88.8628,94.5683,97.3945,100.3313,99.803,95.7157,92.2085,101.6248,106.198,97.395,101.0746
2008-03-28,99.4759,86.6109,104.2938,104.1118,99.183,88.8451,94.1985,97.0655,100.0654,100.1486,95.2181,92.3444,102.2942,106.1947,97.4401,101.1263
2008-03-31,98.0263,85.143,104.4699,104.352,98.9234,88.7023,94.0862,96.9946,99.8571,100.502,93.9286,90.9814,100.9402,105.0079,97.1534,101.1172
2008-04-01,100.1309,86.3756,103.9604,103.8873,99.5584,89.3031,94.9979,96.9699,99.9249,100.0334,94.0086,91.0377,100.813,104.6638,97.4245,101.1047
2008-04-02,100.9276,87.0077,104.3124,103.9988,100.3406,89.4539,95.0626,96.982,99.6689,100.0898,94.1743,91.7812,101.7098,105.8964,97.4077,101.1096
2008-04-03,101.9953,87.7892,104.5434,103.7324,99.7877,88.9906,94.2406,96.8833,100.118,99.6578,94.58,92.0077,102.9785,105.7735,97.8711,101.1846
2008-04-04,102.1025,87.6196,104.111,104.1241,100.1981,89.7457,94.9383,96.7397,100.2521,99.3811,94.266,92.3257,102.0966,104.9286,97.9842,101.2145
2008-04-07,102.0786,88.0865,104.6327,104.8559,101.3342,89.9695,95.7775,97.244,100.8636,100.0026,94.896,91.4651,102.9807,105.3096,98.5045,101.1894
2008-04-08,98.9712,87.5117,104.6717,104.3431,100.9382,89.1997,94.4466,96.9507,99.9431,99.0396,94.6621,89.679,100.5496,103.4741,98.1116,101.2086
2008-04-09,99.9064,87.7901,104.7001,103.9423,100.6723,88.6861,94.2786,97.1146,99.761,98.7668,95.5029,87.9504,101.0788,106.0366,97.8525,101.249
2008-04-10,98.9465,86.825,105.3103,104.1664,100.73,87.8506,93.5888,97.3202,99.6725,98.5381,95.9062,86.8672,101.0851,105.3512,97.802,101.3147
2008-04-11,99.5626,87.1855,105.0643,104.0394,101.0839,87.9904,93.6538,97.4042,100.7665,98.5774,96.5291,85.3633,100.0837,104.8463,97.6326,101.282
2008-04-14,99.5542,87.8936,104.3095,103.3708,100.7699,87.9089,93.7447,96.8519,100.4733,98.3987,95.6041,85.197,98.8114,102.2348,98.7473,101.323
2008-04-15,98.3832,87.8215,104.2601,103.1534,100.5029,87.4339,93.0707,96.8268,99.7291,97.9539,94.6128,84.5077,99.5178,101.9809,98.4651,101.3206
2008-04-16,98.172,87.5812,103.7759,102.9298,101.0381,88.1315,93.6835,96.9103,99.1778,98.3274,93.5265,84.8028,99.1137,100.2362,98.6424,101.232
2008-04-17,99.4609,88.8745,104.0343,102.807,100.5289,87.5865,93.1186,96.7196,99.2737,97.9442,95.139,84.2597,100.9846,103.6036,99.1201,101.2338
2008-04-18,100.457,89.5482,104.293,102.8096,101.6047,87.4703,92.4317,96.8712,99.0473,98.3098,95.3211,84.0383,101.8212,105.8787,99.6813,101.2636
2008-04-21,99.4158,88.7114,104.6254,102.9403,101.7353,87.3294,92.0512,96.8799,98.7658,98.4121,94.9638,83.4388,101.106,104.7052,99.9575,101.2458
2008-04-22,99.1652,87.9527,104.6223,102.8963,101.6776,86.9332,92.0304,96.526,97.7414,98.2417,94.8284,84.4519,100.209,105.1902,100.0238,101.2438
2008-04-23,100.1848,88.5789,104.9624,102.9811,102.3808,86.8291,92.0444,97.0567,97.9801,98.5375,94.7971,84.3591,101.5618,105.4613,100.697,101.2539
2008-04-24,99.5265,87.86,105.1063,103.2377,101.6475,86.5902,91.9985,96.6071,98.033,98.4838,94.4035,84.2179,101.0481,105.6992,100.121,101.225
2008-04-25,101.1868,87.8719,104.724,103.4201,101.8736,87.0516,92.8259,96.4936,98.4021,98.4034,94.5392,83.1374,102.7111,106.1603,99.8188,101.2551
2008-04-28,100.5089,87.7999,104.6823,103.4053,101.6342,87.3176,92.9513,96.3832,98.3211,98.4862,93.881,83.5812,101.7512,105.086,99.9296,101.2347
2008-04-29,101.6963,88.7098,104.9459,103.4935,101.5323,87.5006,92.4103,96.0942,98.7448,98.4174,94.5973,85.3479,101.7097,107.4334,99.9142,101.3053
2008-04-30,102.6914,89.6758,104.7816,103.5084,102.4053,87.8394,92.9002,96.6473,99.3253,98.2911,94.8195,84.9271,102.0861,108.0182,99.7032,101.2659
2008-05-01,103.0124,89.2675,105.1925,104.0161,103.4875,88.5687,93.5396,97.3823,99.6243,98.9614,94.7666,85.204,101.9357,107.5062,100.1854,101.2409
2008-05-02,102.9344,89.1476,105.8124,104.7746,103.6989,88.7122,93.4982,97.8551,100.1466,99.0123,95.1304,85.5966,101.7021,109.4994,100.2251,101.2547
2008-05-05,102.1427,88.7652,106.1988,104.7863,102.8992,88.0455,93.107,97.6402,99.0182,98.7528,94.9715,86.2024,102.7648,110.897,100.266,101.286
2008-05-06,101.8781,87.5737,106.0568,104.4461,101.9671,87.0428,92.2064,97.1885,99.3717,98.0992,94.88,86.0189,102.6968,108.0232,99.478,101.27
2008-05-07,102.3783,87.4697,106.1353,104.8696,103.3557,88.3311,92.6608,97.3816,99.8771,98.6287,94.0978,84.6116,102.8057,109.1772,98.18,101.2472
2008-05-08,101.6661,87.5612,106.3537,104.9475,103.0118,88.0246,92.3596,97.1998,100.3477,98.7162,94.1665,83.4145,102.9779,108.0809,98.4431,101.2519
2008-05-09,102.5883,87.9308,106.7407,105.434,104.6222,88.4219,92.6051,97.872,101.3198,99.2807,93.6198,83.0266,103.4449,106.5001,99.1951,101.2146
2008-05-12,101.2871,86.7399,106.3048,104.3619,103.5333,88.2281,92.8013,97.8585,99.9009,98.9558,92.4828,83.338,101.0065,104.1527,98.5303,101.205
2008-05-13,99.6457,85.0794,106.5971,104.7057,102.6633,88.1008,92.4552,97.4114,99.1691,98.7884,91.664,83.6323,100.1747,102.7267,98.6435,101.1571
2008-05-14,99.5502,85.4128,106.0787,103.8617,101.9748,87.0544,92.0185,96.8753,97.7592,98.5544,90.7741,83.1646,100.2084,104.1471,98.8206,101.164
2008-05-15,99.8902,84.9819,106.2629,104.4026,102.5345,87.2064,92.3412,96.9497,98.3625,98.91,90.6875,83.9495,101.2196,103.8157,98.1427,101.082
2008-05-16,99.3942,85.454,106.9666,105.234,102.7735,87.4658,92.5933,97.1274,98.1124,99.2404,90.5047,84.4912,103.1747,105.4839,98.8577,101.0701
2008-05-19,98.4086,84.6525,107.2575,105.5935,102.9029,87.2692,92.7417,97.4516,97.9965,98.9702,90.4647,84.9104,103.6971,103.7023,98.5849,101.0852
2008-05-20,97.0391,84.0288,107.7421,105.5636,102.5629,86.6673,91.8709,97.6281,97.827,99.0508,91.3503,83.396,103.1629,104.3155,98.6856,101.1028
2008-05-21,98.0564,85.0407,107.6283,105.1544,102.0611,86.3185,91.6804,97.5385,97.4761,98.2992,91.3896,83.6702,103.3088,107.4255,98.2184,101.12
2008-05-22,96.2643,84.291,107.6202,105.0477,101.9101,86.498,92.0144,97.6318,96.7563,98.2269,90.4123,82.9659,101.8862,106.1454,97.643,101.1698
2008-05-23,94.7396,83.8936,107.5299,104.8533,101.8851,86.0935,91.6332,97.7197,96.4954,97.8925,89.7292,82.8989,101.8898,104.1459,96.8318,101.1092
2008-05-26,94.6448,84.0744,107.1092,104.1185,101.4256,85.7991,91.3832,97.348,95.7681,97.1982,88.7496,83.9044,101.1837,102.1909,96.739,101.1316
2008-05-27,94.9778,83.3884,106.8324,103.9522,101.7597,86.16,91.7094,97.0173,95.7033,97.4407,87.9633,83.2417,100.6207,99.7926,96.8191,101.0799
2008-05-28,96.8324,84.4533,106.5977,103.7103,102.631,86.7376,92.086,97.23,96.2901,97.4896,88.189,82.6685,100.5939,100.1527,97.0475,101.1079
2008-05-29,96.4837,84.8033,105.906,103.502,102.8414,86.919,92.0402,96.9598,96.5302,97.0111,87.97,81.6338,100.1627,98.4214,97.0437,101.1206
2008-05-30,97.1004,85.5584,106.0335,103.1813,102.3261,86.639,91.8126,96.8046,96.2814,97.0283,87.9025,81.5636,101.1651,100.5396,96.8322,101.0771
2008-06-02,95.9718,84.5842,106.7657,103.6517,101.5992,86.4063,91.7343,97.2777,96.5619,97.0056,87.9691,80.9374,100.7435,100.475,96.6361,101.0845
2008-06-03,95.1925,82.914,106.5217,103.5987,100.607,86.0623,91.2294,96.4693,96.0977,96.903,87.8425,81.02,98.9019,100.0577,96.2766,101.0999
2008-06-04,96.1602,82.6702,106.7955,103.869,100.6037,86.0671,91.1427,96.7485,96.5895,96.758,88.3287,80.8527,99.3102,100.4971,96.5256,101.0895
2008-06-05,95.7092,82.0749,106.6873,103.5648,100.495,86.2702,91.7257,96.6222,95.7955,96.8554,87.3243,78.6265,99.238,99.9421,96.1015,101.1002
2008-06-06,95.2623,81.0983,107.4044,104.4434,100.6047,86.8299,92.0955,96.9229,96.2081,97.1475,86.7771,78.8099,99.2916,99.0872,96.0579,101.1344
2008-06-09,96.4,81.5201,107.5424,104.8663,101.7035,87.2422,92.4558,97.484,97.0874,96.9901,87.3236,79.5619,98.6851,99.4181,96.1294,101.1476
2008-06-10,95.7311,81.0185,107.6183,104.6913,101.0621,86.4944,91.7409,97.454,96.6714,96.4266,87.2775,79.6792,99.3042,99.0313,95.7843,101.1258
2008-06-11,96.3524,81.2217,107.1613,104.3394,101.052,86.5846,91.6154,97.126,96.9389,96.1371,86.962,78.3836,98.6851,99.7191,94.89,101.1306
2008-06-12,94.0597,79.7995,107.3559,104.3221,100.5328,86.5598,91.2021,97.0061,96.1523,96.0308,86.8008,77.4928,97.6364,99.5272,93.731,101.082
2008-06-13,97.1673,81.2717,107.0325,104.4048,101.6907,87.0084,91.7749,97.2613,97.1613,96.4252,86.8977,77.7702,99.4873,100.8635,94.2823,101.1407
2008-06-16,96.8414,80.518,107.1749,104.6584,101.5782,87.3691,91.8044,97.284,97.4875,96.3588,86.6581,77.0075,99.0337,99.3601,94.2151,101.167
2008-06-17,96.678,80.7546,107.2463,104.7069,101.3647,87.7165,92.2454,97.6111,98.0791,96.6429,87.4231,76.8635,98.8284,100.7597,93.3231,101.1923
2008-06-18,96.5156,80.6928,107.5762,104.9143,100.8921,88.0088,92.497,97.7373,97.85,96.2452,87.5369,76.2639,98.3913,101.7914,93.4963,101.23
2008-06-19,96.3927,80.4796,107.4887,104.7241,100.7921,87.421,92.1844,97.4986,97.5767,96.2858,86.8343,76.8345,98.122,101.3892,93.3346,101.2312
2008-06-20,97.8972,81.0536,108.2565,105.6291,101.3519,87.9415,92.5739,98.0099,98.5971,96.5515,87.9395,76.165,99.7532,103.8107,93.9796,101.3144
2008-06-23,95.785,80.4341,108.9815,106.7891,101.6402,88.1286,93.1401,98.3348,99.1874,97.0439,88.2869,75.6257,100.0745,103.1442,93.8694,101.2979
2008-06-24,95.7351,80.7362,109.2344,107.2396,102.2079,88.7781,93.4122,98.3626,99.5659,96.8358,88.7911,74.4442,100.3518,103.4876,93.8712,101.2566
2008-06-25,97.3136,80.3248,109.6381,107.7328,103.4859,89.069,93.1605,99.1542,100.4582,96.8242,88.9023,73.0453,101.0973,104.1188,93.7952,101.3097
2008-06-26,97.3475,79.8512,109.7404,107.4139,103.7737,88.7759,92.7711,99.4895,100.242,96.5501,89.1385,72.7518,101.7681,103.5138,93.0361,101.3237
2008-06-27,98.4338,80.397,110.023,108.0154,104.5721,89.2425,93.4918,100.1411,101.162,96.9533,88.8109,72.7382,102.7896,104.8949,92.7281,101.4451
2008-06-30,99.9487,80.8964,110.0401,108.3126,105.3024,89.0847,93.6916,99.85,100.7655,96.7491,88.9969,72.2574,104.4463,107.1325,93.3555,101.3735
2008-07-01,99.6254,80.4574,109.7734,107.9395,104.6519,88.8995,93.1979,99.6581,100.1391,96.2085,88.5283,73.1653,103.4183,106.5028,93.2157,101.3992
2008-07-02,98.3209,79.9639,110.3128,107.9805,105.0843,88.6214,92.3274,99.9768,99.4992,96.0869,87.8611,72.7583,103.2072,106.4006,93.0024,101.3973
2008-07-03,97.1165,78.2856,110.9055,108.7134,104.3479,89.2607,93.0725,100.1416,99.5328,96.4508,88.5616,71.9212,102.0506,105.9662,93.1029,101.4534
2008-07-04,95.1586,77.377,110.9147,109.081,103.3729,89.246,93.4041,99.7436,99.2098,96.4472,88.2112,72.0283,102.4018,103.2565,93.2392,101.4561
2008-07-07,96.6847,77.9248,110.5967,108.8894,102.8646,88.8659,92.8624,98.9028,99.7599,96.2214,88.4292,70.6534,102.5975,104.8856,93.5964,101.4336
2008-07-08,96.274,77.4621,110.6138,109.4052,103.2301,89.209,93.0383,99.2415,100.6018,96.1822,88.4571,70.3478,102.2614,103.3944,93.4149,101.4241
2008-07-09,97.2777,77.5888,109.755,108.8762,103.8192,89.4411,93.2297,99.0109,100.59,96.1074,87.9046,70.6058,102.0936,103.0278,92.453,101.4265
2008-07-10,98.4203,78.8148,109.5479,109.0788,105.4734,89.6919,93.5683,99.1741,101.4948,96.0347,88.6007,71.0333,101.6746,104.3956,91.9842,101.3985
2008-07-11,98.4394,79.2594,109.9458,109.8147,106.0649,90.6829,94.239,99.3787,102.285,96.2516,88.9178,70.7337,101.683,105.8419,91.532,101.3503
2008-07-14,100.287,80.6945,110.2616,109.8151,106.1071,90.6625,94.5781,99.1747,102.8869,96.0841,90.525,70.1109,102.1324,109.2357,91.8241,101.2966
2008-07-15,101.3927,81.3227,110.4985,109.9755,106.1437,90.6416,95.1964,99.5252,103.219,96.0981,91.181,69.8772,103.1803,111.7799,91.5888,101.2731
2008-07-16,99.6195,80.0311,110.2802,109.5209,105.4134,90.0031,94.475,99.7109,102.9365,95.5256,89.6735,69.1796,103.147,107.1234,90.9378,101.2521
2008-07-17,97.4921,79.043,110.3571,109.1207,103.435,88.9531,93.7117,99.1139,101.3592,95.0567,88.7382,70.2739,102.2369,106.9645,90.7343,101.2379
2008-07-18,97.2898,78.6991,110.1897,108.9293,102.9942,88.6092,93.5808,99.1278,101.1484,94.5545,88.282,70.6881,101.0163,105.7456,90.879,101.2767
2008-07-21,96.6308,78.2928,110.4741,108.9751,102.9695,88.3826,93.6044,99.5164,100.7142,94.1949,88.3645,70.3569,101.0257,105.9533,90.491,101.3511
2008-07-22,97.0368,78.9619,110.0864,108.7194,103.0273,88.2057,93.7669,99.4073,101.2604,94.2923,88.8833,70.2663,101.3253,106.2081,90.1012,101.3923
2008-07-23,96.7324,79.2108,110.2869,108.7853,102.9056,87.6943,93.4443,99.4022,101.5845,94.0255,88.8655,70.627,101.7414,105.7812,89.7753,101.3947
2008-07-24,97.8538,79.408,109.5285,108.4435,102.413,87.3998,93.4998,98.6989,101.6754,93.9258,89.1212,70.7875,101.562,106.511,89.787,101.502
2008-07-25,97.3293,79.2989,110.2792,109.5501,104.0461,88.2909,94.0863,99.2552,102.1075,94.6867,89.6307,70.6546,101.8748,107.2798,90.0758,101.5091
2008-07-28,98.0203,79.3721,110.2521,109.862,104.957,88.6562,94.3248,99.8303,102.651,94.4584,90.1759,71.0728,101.5893,107.8862,89.7494,101.4726
2008-07-29,96.2137,79.1123,110.5362,110.0331,105.2364,88.7374,94.2712,99.5442,102.0596,94.358,90.4591,71.1546,100.05,108.2451,89.1791,101.4646
2008-07-30,97.8783,79.9321,110.4302,109.9702,105.8288,89.2146,95.0906,99.9457,102.1657,94.4498,90.5912,71.3999,100.3662,110.0703,89.3037,101.4891
2008-07-31,98.9981,79.5958,110.3359,110.2154,105.2304,89.7311,95.5135,99.7751,102.5263,94.4528,90.5388,70.8497,101.7173,109.7944,89.6364,101.454
2008-08-01,98.5718,78.9925,110.4298,110.0752,104.4777,89.9178,95.2613,99.4893,101.9358,94.2652,90.8842,70.4127,101.5121,110.0644,89.6701,101.4657
2008-08-04,100.0559,79.273,110.4288,110.4441,104.9218,90.6218,95.9514,99.4011,102.3424,94.4482,91.5035,69.8857,101.5646,112.0113,89.9302,101.5106
2008-08-05,97.7606,78.3613,110.4091,110.1807,104.081,89.7378,95.3729,99.1038,101.4549,94.0574,90.709,69.0904,101.6235,110.5153,89.1523,101.5201
2008-08-06,98.5441,78.3305,110.499,110.2055,104.0679,89.7594,95.3157,99.4211,101.3581,93.8358,90.83,68.7238,102.3295,112.9928,88.672,101.5515
2008-08-07,99.4095,79.7149,110.4132,110.2082,105.0125,90.2065,95.5801,99.459,102.0211,93.4561,91.6223,67.9895,101.578,114.1455,88.7753,101.5995
2008-08-08,98.8611,79.8981,110.6096,110.2944,104.4867,90.1606,95.7705,99.3911,102.0528,93.5693,91.8402,67.6475,100.6297,114.7566,89.2741,101.5528
2008-08-11,98.5827,80.2178,110.6745,110.2224,104.9106,89.7226,95.7361,99.2244,101.1421,93.4307,92.1872,68.8267,100.4917,115.9716,89.4215,101.5897
2008-08-12,99.4198,82.0943,111.3119,110.7358,106.0094,89.5476,95.902,99.4632,101.8567,93.5655,93.5009,69.5425,102.4039,119.5818,89.2551,101.5916
2008-08-13,99.7704,81.9621,111.5972,111.1275,105.9462,89.2515,96.2449,99.7053,102.157,93.5359,93.636,70.3072,101.883,121.0584,89.0911,101.6228
2008-08-14,100.2092,82.1039,111.7768,111.1049,106.1582,88.8722,95.6403,99.699,102.0888,93.1549,93.7988,69.6139,102.2399,121.7955,89.3783,101.6404
2008-08-15,97.8035,80.2845,112.0262,110.9404,104.4867,88.2171,94.957,99.2157,101.0653,93.0614,93.1972,69.5915,99.8529,120.472,89.3341,101.6532
2008-08-18,97.3116,80.0135,112.7307,111.397,104.4467,88.594,94.9661,99.3727,101.0333,93.4709,93.4943,69.1085,100.1981,122.1031,89.3157,101.6491
2008-08-19,96.7444,79.7995,112.946,111.524,104.2014,88.1362,94.9826,99.4079,100.691,93.3376,93.2982,69.6484,100.003,122.4814,89.1464,101.7204
2008-08-20,94.3004,79.4121,113.1557,111.693,103.5003,87.579,94.8216,99.4194,100.2229,93.084,93.1662,68.5641,99.8826,121.6491,89.1198,101.7217
2008-08-21,93.955,78.2947,113.0559,111.4314,102.8053,87.2111,94.5713,99.4916,100.3201,92.5047,93.017,68.2552,99.1101,119.0105,88.5073,101.7892
2008-08-22,92.4893,77.6714,112.7963,111.006,102.3001,86.6875,93.9287,99.1879,100.0068,92.4297,92.0815,67.9475,98.6881,116.9701,87.7464,101.73
2008-08-25,90.2533,76.4847,112.9635,111.1782,102.0483,86.3043,93.1637,99.0697,99.9513,92.1552,91.9308,67.8349,97.7285,112.5737,87.8139,101.712
2008-08-26,91.1547,76.7447,112.9345,111.678,102.9966,86.3136,93.5331,99.2053,101.1086,92.4146,92.3903,67.5992,98.0914,112.7771,87.6543,101.7445
2008-08-27,91.576,77.0505,113.3617,112.1877,103.66,86.3492,93.7226,98.914,101.125,92.7607,92.4075,68.0716,99.6055,113.2468,87.9049,101.7622
2008-08-28,90.0538,75.9057,113.4042,111.9476,103.5289,85.7019,93.2142,98.5916,100.5268,92.6811,92.1692,67.0312,97.0786,112.1782,87.6611,101.7778
2008-08-29,89.0462,75.216,113.7608,112.3118,102.8732,85.4534,93.0193,98.5432,100.3143,92.6753,92.2311,67.403,96.3397,112.84,87.5903,101.7661
2008-09-01,88.228,74.8672,113.7419,112.0469,101.533,85.1728,92.9637,97.947,99.4261,92.5893,92.2672,67.5589,96.6364,112.8892,87.7214,101.7658
2008-09-02,87.8752,75.137,114.2323,112.5407,102.1555,85.5819,93.2479,98.0619,99.7421,92.9119,92.7254,68.2389,95.8778,114.4767,87.2227,101.7629
2008-09-03,88.7169,75.9453,114.0371,112.6349,102.23,85.8585,94.1803,98.1547,100.082,93.0583,93.9311,68.3081,96.8565,115.5333,87.6467,101.7517
2008-09-04,88.6388,76.055,113.8691,112.5313,101.5988,85.3852,93.7804,97.8518,100.336,92.9136,94.2989,68.8377,96.0166,116.1999,87.6566,101.7683
2008-09-05,86.8437,75.8855,113.4866,112.5818,101.3474,85.4251,93.8154,97.2673,100.0098,92.8678,92.8137,68.4628,95.3308,114.4688,87.0453,101.7442
2008-09-08,85.7246,75.3844,114.3227,112.6364,100.9117,84.9259,93.3753,97.5517,99.2948,92.7198,92.9234,67.9721,94.6578,113.8577,87.9273,101.759
2008-09-09,84.3107,74.7981,115.0124,113.1022,100.2704,84.5486,93.129,97.5246,98.1642,92.3983,92.3133,68.5973,95.2322,115.4016,87.6168,101.7305
2008-09-10,83.0877,74.2762,115.0344,113.3513,100.1084,84.5228,92.963,97.3855,97.7602,92.1626,91.551,68.3097,95.0008,114.2492,87.4737,101.7713
2008-09-11,83.6921,74.2401,115.0961,113.3169,100.5545,84.365,92.8846,97.3408,97.6191,92.3544,91.3661,70.4529,94.888,114.2883,87.2616,101.8006
2008-09-12,82.9375,74.216,115.2582,113.4981,99.626,84.1611,92.9071,97.0558,97.7454,92.2851,91.37,70.707,95.1534,112.5355,87.8619,101.8146
2008-09-15,82.8378,74.3881,115.1584,113.3555,99.7447,83.9642,92.7081,96.5889,97.6042,92.3876,91.2593,70.5492,94.9099,111.669,88.2585,101.9539
2008-09-16,82.4332,73.6577,115.7526,114.4543,99.7769,84.0395,93.1413,96.9619,98.6826,92.7264,91.6476,70.186,95.6312,112.4727,87.4065,101.9835
2008-09-17,83.0363,73.6844,115.7552,115.2909,101.7304,85.3434,94.3361,97.2273,99.3242,93.4599,90.7608,69.364,95.2864,111.3451,87.7572,101.956
2008-09-18,83.3023,72.8284,116.3984,115.4012,101.2307,84.9983,93.639,97.3827,99.1747,93.5412,90.627,69.7687,95.968,111.3559,87.9599,101.8478
2008-09-19,83.8338,73.6198,116.1529,114.8897,100.9884,84.7657,93.0384,96.9628,99.0128,93.2186,90.616,69.1133,95.1672,113.3473,88.2126,101.8367
2008-09-22,83.4172,73.3753,116.3337,115.1493,101.3269,84.6157,92.6684,96.852,98.7375,93.3747,90.4235,68.3404,94.7932,116.0645,87.6915,101.8188
2008-09-23,83.5137,72.4333,117.0486,115.7689,101.8692,84.8933,92.593,97.1507,98.5395,93.8066,91.2237,68.7367,94.565,117.8097,87.7672,101.8177
2008-09-24,83.0364,72.8365,116.8344,115.4157,101.398,84.7718,92.3581,97.1276,98.6657,93.6941,91.6481,68.2029,93.8695,119.0352,87.3963,101.7873
2008-09-25,82.6688,71.8716,116.768,115.4386,100.7579,84.2587,91.4517,96.5406,98.9082,93.7695,92.0797,67.2232,93.1687,119.0582,87.2512,101.8686
2008-09-26,83.3886,71.9721,116.4643,114.7852,100.1362,84.0979,91.1815,96.0811,98.5109,93.6026,92.8445,67.9139,92.7768,120.8649,86.8671,101.9095
2008-09-29,82.4824,71.3487,117.0546,115.2715,101.1832,84.0073,90.9281,96.3803,98.7711,94.1496,93.3532,67.5195,90.9563,121.5503,86.6249,101.915
2008-09-30,83.0264,71.8721,117.0443,114.9983,100.8699,84.42,91.0503,96.6077,98.5488,93.8894,93.286,67.0039,91.7623,123.1737,86.528,101.9024
2008-10-01,84.301,72.4718,117.0051,114.7816,101.9638,84.7744,91.1852,96.8292,98.8942,94.0358,93.5116,66.8883,91.7426,123.9882,86.3731,101.9359
2008-10-02,85.1042,72.5991,116.6875,114.7402,102.1809,84.7605,91.0698,96.5012,99.4495,94.0481,93.1997,66.131,92.3124,124.7711,85.6254,102.0029
2008-10-03,84.2882,71.3031,116.4769,114.1473,101.3961,84.6522,90.7339,96.7371,98.7328,93.9891,92.043,65.4626,91.5718,122.1372,85.3478,101.9478
2008-10-06,84.7877,71.2074,116.6919,114.4185,101.5317,84.6868,91.1467,96.9896,99.0687,94.1046,92.5656,66.0383,91.6542,122.6296,85.2979,101.9651
2008-10-07,85.8179,72.0137,116.5586,114.5552,102.3595,85.1956,91.6366,97.458,100.7872,94.1914,93.2631,67.0961,91.2609,120.5589,85.1041,101.9734
2008-10-08,84.6722,71.9189,116.5711,115.4012,103.8517,86.096,92.6165,97.6291,100.8611,94.5023,92.3872,67.3326,90.2966,118.6325,85.0184,101.9707
2008-10-09,83.8639,72.0726,116.3596,115.6042,104.1533,86.2611,92.7018,96.9068,100.3175,94.3071,92.1121,67.5631,89.9224,117.8571,85.1704,101.9777
2008-10-10,84.4459,72.5158,116.5391,115.838,103.9158,86.9118,92.9662,96.8476,100.7028,93.955,93.3676,67.2051,89.303,120.2572,85.2587,102.0136
2008-10-13,85.3013,72.5095,117.1055,116.2135,103.4221,87.2634,93.5926,97.2296,100.678,94.281,93.63,67.2012,90.4758,122.5186,85.6941,102.0474
2008-10-14,84.2236,71.9944,117.3538,116.2949,102.6617,86.5433,92.9558,97.0056,100.588,94.4105,93.8803,67.8341,90.2088,123.6739,84.9784,102.0805
2008-10-15,83.1946,71.7897,117.1337,115.7395,102.1267,86.5761,92.4332,96.5397,99.6291,94.2667,93.2584,66.9531,88.7235,123.3483,85.2189,102.1407
2008-10-16,82.14,70.8852,117.5981,115.7925,101.3298,85.594,92.3097,96.4542,99.5157,94.2776,93.848,66.2879,88.0209,123.0533,84.9621,102.0682
2008-10-17,81.6916,69.7036,117.3872,115.8786,101.5192,85.5402,92.3688,96.1034,98.6211,93.7958,93.2424,64.6113,87.4273,122.9302,84.4934,102.0496
2008-10-20,83.6682,70.0332,117.494,116.0498,101.4284,85.7401,92.5279,96.5575,99.2024,93.6178,93.5596,64.7507,88.5757,125.3562,84.6967,102.012
2008-10-21,84.4602,70.0006,117.334,116.106,102.0722,86.451,93.0401,96.5554,99.2596,93.7964,93.5542,64.9023,87.9089,125.5796,84.6807,102.0251
2008-10-22,81.8805,69.1051,117.6436,116.3281,102.4068,86.4832,92.436,96.412,98.3866,93.3238,92.0245,64.5738,86.3607,120.3477,84.9956,102.0998
2008-10-23,82.4606,68.7877,117.9366,116.4517,102.1981,86.8525,92.336,96.8445,98.1328,93.2959,91.9577,65.1755,87.6264,121.6554,84.742,102.1351
2008-10-24,82.1864,68.2936,117.5687,115.7155,101.5411,86.5496,91.6593,96.3751,97.3511,93.3118,91.8685,63.8095,86.7205,123.5165,84.3112,102.168
2008-10-27,82.513,68.9344,118.1559,115.7751,101.3298,85.6203,90.5816,96.5305,97.6564,93.4068,93.0678,64.3009,87.1208,126.8371,84.9731,102.1345
2008-10-28,82.2273,69.2737,118.676,116.3661,101.4857,85.9335,90.9932,97.3296,98.2611,93.8019,93.9806,64.8031,87.5662,128.2685,85.2121,102.1183
2008-10-29,81.4603,68.197,119.2633,116.7653,100.7416,85.3858,90.5715,97.2551,98.4326,93.6655,93.963,64.7725,87.1765,126.6907,85.1125,102.1471
2008-10-30,80.6582,68.4025,119.5674,117.6042,101.0072,86.5489,91.588,97.6557,99.4065,94.1625,94.2154,63.5273,87.6872,125.4111,85.2631,102.202
2008-10-31,78.6071,67.6157,119.2636,116.9712,99.6658,85.9325,90.3644,97.0987,97.9537,93.286,92.4277,62.1827,87.6734,122.5257,85.1589,102.3006
2008-11-03,78.1202,67.0065,119.0357,116.9635,99.2402,85.7207,89.9615,96.7058,97.5787,93.108,93.2264,61.9109,87.0075,122.6304,85.4567,102.3143
2008-11-04,78.6569,67.0509,119.295,117.3315,99.8255,86.2031,89.8857,96.8905,98.1014,93.3085,94.1767,62.1836,88.0659,122.9476,85.4117,102.2902
2008-11-05,79.389,66.9171,119.3015,118.0961,100.7336,86.7714,90.3597,97.1652,98.9334,93.5561,94.5757,61.719,88.524,122.8149,85.8277,102.2861
2008-11-06,81.3739,68.3098,119.8525,118.5346,101.3985,87.4407,90.4057,97.7705,99.6662,93.6965,95.7711,62.3341,89.9973,129.0114,85.9538,102.3078
2008-11-07,80.9671,68.2134,119.8574,118.6865,101.7025,87.1682,90.4215,97.7481,99.1864,93.6708,95.6106,62.027,90.7467,129.6069,85.8376,102.4137
2008-11-10,81.5459,68.3121,120.2,118.8263,102.0194,87.3057,90.4552,97.5097,99.0595,93.9984,96.0967,62.3674,91.2615,131.8653,85.6,102.3667
2008-11-11,81.4263,67.9992,119.941,118.522,102.0133,87.4333,90.4295,97.5219,98.1575,93.8979,95.1132,62.506,91.1077,132.3427,85.3319,102.4137
2008-11-12,79.7367,67.6123,120.1251,118.2645,100.2767,85.9614,89.2098,96.7677,97.4251,93.4332,94.983,62.7545,91.0221,134.1345,84.5762,102.402
2008-11-13,80.4521,67.7156,120.4572,119.3106,101.6603,86.855,90.7324,97.5462,98.6775,93.8595,94.7467,62.0881,91.4202,133.7752,84.24,102.4126
2008-11-14,81.5649,68.3463,120.6522,119.6926,102.1278,87.4565,91.6871,98.152,99.2287,93.7071,95.6599,61.5426,92.4856,135.5792,84.4738,102.3844
2008-11-17,79.1396,66.8756,120.8409,119.6624,101.6027,86.9254,91.0267,97.8798,98.7231,93.4094,95.6372,61.2519,91.2927,130.9184,83.8711,102.345
2008-11-18,79.4281,67.2895,120.8773,119.9508,102.2573,87.2502,91.3493,97.6691,99.293,93.6975,96.2428,60.5214,91.4958,131.3302,83.9639,102.2944
2008-11-19,79.1822,67.3305,120.5795,119.9378,102.6995,87.911,92.1926,98.2978,98.9407,93.926,94.8377,60.3346,91.9761,130.543,83.6977,102.3335
2008-11-20,79.4745,67.2917,120.7335,119.8308,102.9469,87.8667,92.2915,98.534,99.4579,93.9832,94.7024,60.1293,92.2138,128.1139,83.6512,102.3952
2008-11-21,78.9667,67.1947,121.082,119.9759,102.9633,88.6089,92.5159,98.828,99.1245,94.262,94.7663,60.0126,92.9048,128.0244,83.6454,102.4203
2008-11-24,78.8988,67.4693,121.2998,120.4783,102.9168,89.3229,93.2842,99.0727,99.8461,94.1824,95.3244,59.6608,92.9159,127.2198,83.8466,102.465
2008-11-25,77.2258,66.1255,121.0968,119.8076,101.3397,88.1786,92.1892,98.2781,98.6399,93.6992,95.3922,58.756,93.0023,125.2703,83.3359,102.4987
2008-11-26,76.0889,64.967,121.1493,120.3236,101.786,88.4847,92.5828,98.1103,98.3455,94.1158,94.6118,59.36,91.4883,122.6496,83.0722,102.501
2008-11-27,77.5131,65.8797,121.0952,120.3619,102.627,89.0052,92.9853,98.4343,98.8131,94.2897,94.7299,59.5246,91.4126,124.9534,83.3586,102.6038
2008-11-28,76.3686,64.5126,121.4373,120.7229,101.7366,88.9149,93.0184,98.6313,98.3129,94.5101,93.915,59.5364,91.3462,124.0292,83.0476,102.6435
2008-12-01,75.49,64.3281,121.2986,120.7688,101.1665,88.4998,92.7909,98.8321,98.7504,94.3963,93.6996,59.77,91.5841,121.4256,82.9754,102.6999
2008-12-02,75.4606,64.2934,121.2514,120.6411,100.8242,87.9349,92.1432,98.1128,98.648,94.3446,94.5283,60.2159,90.5454,121.8576,83.4953,102.6912
2008-12-03,74.7149,63.3904,121.828,121.0492,100.4536,87.7414,91.4338,97.9573,98.5281,94.2947,94.0327,60.3089,90.4324,120.6008,83.3828,102.7075
2008-12-04,74.6217,63.1443,122.3202,121.4685,100.6377,87.6224,91.4561,98.1063,99.3901,94.4103,95.1667,60.3082,89.2562,120.8141,83.1071,102.701
2008-12-05,74.4041,62.1502,122.0786,121.5309,100.0436,87.5789,91.4206,98.0081,99.5526,94.224,95.2657,59.967,88.3437,119.5249,82.8589,102.6939
2008-12-08,76.1303,63.0547,123.2905,122.9055,102.3215,88.6995,92.0122,99.2802,100.8028,94.7726,96.3398,60.6229,89.2892,124.2282,83.0107,102.7138
2008-12-09,74.77,62.6767,123.0433,122.4461,101.071,87.8814,91.425,98.1961,99.6502,94.3112,96.3381,60.7446,88.893,123.4259,82.8883,102.6779
2008-12-10,74.7888,63.0316,123.2196,122.168,100.0162,87.3068,90.6991,97.9215,99.588,94.2233,96.6235,61.5317,89.5988,124.7941,82.9799,102.737
2008-12-11,75.3145,63.6484,122.9382,121.7496,99.8501,87.2916,90.3844,97.7338,99.2409,94.1822,97.0091,61.5442,90.0751,127.523,83.0849,102.7682
2008-12-12,73.636,62.5556,122.962,121.7008,98.8725,87.0618,90.0822,97.5585,98.1934,94.0662,95.8315,61.2557,89.2166,125.675,83.0277,102.8309
2008-12-15,74.2483,62.5345,122.5554,121.5469,99.1267,87.2084,90.3282,97.3917,98.2513,93.6842,95.1995,60.7696,89.7525,125.0239,82.455,102.7952
2008-12-16,74.7392,62.576,122.8034,121.7373,99.1286,87.2695,90.3487,97.5757,98.5328,94.1216,95.8925,60.6684,90.1651,127.8921,82.3274,102.7794
2008-12-17,75.2079,62.5733,122.2652,121.4673,99.1944,87.7572,90.8542,97.0975,98.3271,94.1408,96.0396,61.473,90.1312,127.4545,81.852,102.7814
2008-12-18,75.2491,62.4973,122.6228,121.0989,97.9228,87.3574,90.5203,96.8422,97.2842,93.6387,96.8796,61.7736,90.5188,129.4575,82.3019,102.8493
2008-12-19,73.8978,61.3141,122.4599,120.8263,96.2123,86.5557,89.603,96.3404,96.8193,93.1261,96.4638,62.2275,90.2228,126.3772,81.9652,102.8458
2008-12-22,73.8091,61.2441,122.5195,121.1056,96.4405,86.5771,89.6253,96.6127,98.1097,93.2009,96.9895,61.6202,89.9612,125.237,81.3182,102.8759
2008-12-23,73.9217,61.3182,122.1863,120.9693,96.591,86.308,89.6288,96.3682,97.8693,93.2311,96.2948,62.6293,89.7297,125.2135,81.1286,102.8458
2008-12-24,73.0197,61.0615,122.3358,121.326,97.0904,86.5407,89.7565,96.3585,97.6912,93.427,95.8797,62.7687,88.6741,124.4969,81.0239,102.848
2008-12-25,70.1664,60.2504,122.0979,121.0235,96.4006,85.517,89.074,95.8263,96.5849,92.7921,95.6956,62.3495,87.087,121.6334,80.4173,102.8314
2008-12-26,71.1992,60.7504,122.6361,122.1065,97.7099,86.3112,89.847,96.0698,97.7498,93.2468,95.9934,61.985,87.8849,122.6551,80.7109,102.8873
2008-12-29,70.9965,60.7056,122.0166,121.6949,97.4597,86.4699,89.8155,95.6484,97.7377,93.0782,95.8529,61.4302,87.1564,120.4612,80.9357,102.8269
2008-12-30,70.0896,60.2839,122.1163,122.0682,97.7293,86.7825,89.9959,95.8191,97.4641,92.9966,95.0049,62.666,86.3595,118.5789,80.6583,102.7851
2008-12-31,69.2598,59.9104,122.79,122.4341,97.4991,86.9962,90.0188,96.0466,97.5047,93.2093,94.9826,62.8363,86.1226,117.3902,80.7324,102.7474
2009-01-01,69.4852,60.5309,122.3408,121.886,97.6438,86.7687,89.7797,95.7295,97.2031,93.6313,94.4114,63.4095,86.4073,118.181,80.7741,102.829
2009-01-02,68.0709,59.2239,122.219,122.0132,96.7589,86.706,89.3822,95.661,97.5718,93.1979,94.2602,62.6497,85.024,114.7374,79.9537,102.8693
2009-01-05,67.8273,58.2954,122.1958,121.9074,96.5024,85.9453,88.461,95.3873,97.1332,92.7369,94.2346,62.3502,85.1842,114.0064,79.5926,102.8791
2009-01-06,67.896,58.125,122.507,122.6029,96.3256,86.2922,88.8664,95.5261,97.7386,92.7659,95.2136,61.6399,85.2181,115.7759,79.4711,102.8801
2009-01-07,68.2311,58.0685,122.2252,122.345,95.76,86.712,88.8204,95.7194,97.3843,92.7206,95.2216,61.6248,85.6931,117.3777,79.4979,102.9132
2009-01-08,68.7336,58.4962,121.9287,122.0016,96.1779,87.2966,89.1123,95.9193,97.6284,93.0471,96.3153,62.4821,84.6735,117.9923,79.6955,102.9492
2009-01-09,67.7933,58.158,122.0321,121.7275,95.9953,87.0181,88.9242,95.8564,97.0122,93.1543,96.0881,62.2107,83.4217,117.3007,79.7905,102.9539
2009-01-12,67.244,57.5296,121.4951,121.3696,95.6841,87.4089,89.0275,95.2643,95.9123,92.7354,95.0408,62.081,82.329,115.6657,79.583,102.9512
2009-01-13,65.995,56.9972,121.6403,121.4988,95.5333,87.5945,88.9241,95.3392,96.0097,92.6836,95.4433,60.7573,81.6029,113.5869,79.4986,102.9378
2009-01-14,64.8899,56.6782,121.806,121.4478,94.4155,87.4708,89.0803,95.4461,96.0464,92.5156,94.6559,60.8295,81.6069,111.2041,79.0123,103.0064
2009-01-15,65.3888,57.5763,121.9154,121.6133,95.0617,87.8814,89.113,95.2492,96.1015,92.7496,94.8962,61.4285,81.1318,115.1252,78.8536,103.0161
2009-01-16,64.7272,57.0115,121.6317,121.5806,94.1583,87.7211,88.6222,94.8098,96.9298,92.647,95.1377,60.5193,80.7694,112.8471,78.3085,102.9714
2009-01-19,65.9705,56.8452,120.9477,121.1314,93.7859,88.1554,88.6489,94.6003,97.1526,92.1195,95.0452,61.7353,80.4647,111.5495,78.2014,102.9789
2009-01-20,66.5022,57.206,120.6683,121.063,94.3016,89.1322,88.8292,94.4705,97.147,92.1161,94.0458,61.7621,79.7475,112.7063,77.8342,103.0297
2009-01-21,67.2049,57.8676,120.4819,121.4049,95.8264,90.2727,89.6915,94.9925,98.2202,92.2456,94.1789,60.9908,79.8403,112.112,77.6661,103.0845
2009-01-22,67.3922,57.3687,119.836,120.5945,94.6319,89.6825,88.8834,94.3471,97.8255,91.9153,94.0226,60.4086,78.8529,112.2014,77.7106,103.1006
2009-01-23,66.9686,57.4685,119.8906,120.8546,94.8684,89.7523,89.2914,94.1409,97.6259,92.2562,93.0991,60.3428,79.8343,110.8671,77.776,103.1023
2009-01-26,68.0883,58.5784,119.7038,120.9247,95.3402,90.3182,89.7017,94.1749,98.0165,92.1244,93.8447,60.8414,80.8486,114.4011,77.3777,103.1345
2009-01-27,67.6832,58.1037,120.5554,121.9322,95.6204,90.3601,89.7308,94.4522,98.6265,92.4335,94.0443,60.6897,80.7047,113.053,78.1439,103.1492
2009-01-28,66.1507,57.0837,120.2143,121.5396,95.4149,89.9144,89.4352,94.1881,97.3136,92.0792,93.2788,60.0475,80.0023,109.9282,77.987,103.1629
2009-01-29,64.3244,55.9191,119.8645,121.5061,94.9829,90.0239,89.7723,94.2969,97.251,91.8058,92.4046,59.1556,78.609,104.2714,77.6374,103.1739
2009-01-30,63.4394,55.6439,119.8301,121.0626,95.0661,89.1237,89.1465,94.1884,96.8327,91.5966,91.6336,58.8045,77.5056,102.0291,77.7073,103.2111
2009-02-02,63.5106,55.7539,120.1294,121.2598,94.945,88.9252,89.2066,94.4962,97.0437,91.6021,92.0569,59.5449,77.564,103.2435,77.4906,103.1957
2009-02-03,63.0354,55.0464,120.2333,121.3924,94.1438,88.3451,88.4571,93.9309,96.6816,90.9802,92.0032,59.7206,77.8695,102.4189,77.2156,103.1355
2009-02-04,62.3769,55.0899,120.5083,121.8496,94.8829,88.5833,88.7081,94.3932,97.1091,91.1444,92.9028,59.7943,77.9428,101.5112,77.1077,103.114
2009-02-05,62.8998,54.9668,120.517,121.9837,94.3104,88.2345,88.7034,93.8496,96.8025,91.1021,94.2269,60.8045,78.7393,103.8412,77.0276,103.0608
2009-02-06,62.3018,54.5881,120.2967,122.0154,94.2751,87.7632,88.7098,93.2426,96.4609,91.2822,93.4546,60.0822,77.8369,103.7814,76.7425,103.0271
2009-02-09,62.2716,54.3745,119.9653,121.2202,93.6367,87.1817,88.2151,93.3215,96.1351,90.7466,93.5218,59.996,77.5458,102.9042,76.482,103.0438
2009-02-10,63.007,54.1878,120.1559,120.963,93.615,86.7083,87.996,93.3731,95.9819,90.5064,94.2739,60.0391,77.648,104.1432,76.3224,103.0491
2009-02-11,62.8267,53.4114,120.6339,121.3259,92.6072,86.467,87.4218,93.1271,96.0971,90.192,93.7067,59.6746,77.9563,102.2742,76.7766,103.028
2009-02-12,64.2812,54.5689,120.9785,121.8953,93.4663,87.1294,87.9474,93.4893,97.6494,90.2595,95.2613,59.4747,78.3108,105.8087,76.6828,102.9949
2009-02-13,64.0102,54.4867,120.4983,120.6832,92.1511,86.5789,87.339,93.259,97.352,90.0699,95.4121,59.5056,78.0669,103.8699,76.6609,103.0395
2009-02-16,63.9564,54.9142,120.5244,121.2055,92.7763,87.2767,88.3505,93.7744,97.7096,90.1914,95.4389,59.3722,78.1918,103.9447,76.7905,103.0798
2009-02-17,64.5802,54.9474,120.2003,121.3951,92.8894,88.0082,88.8669,93.9627,98.3511,90.3428,95.2276,59.8166,77.6358,103.8199,76.8391,103.0812
2009-02-18,62.9599,54.2575,120.7965,121.602,92.372,87.3719,87.9231,94.212,97.3301,89.9082,94.4916,59.4412,79.1555,103.1357,76.2572,103.0366
2009-02-19,62.9703,54.1364,120.6328,121.4874,92.0945,86.8918,88.1137,93.8257,96.8481,89.6581,93.83,58.0863,79.7919,103.7322,76.0338,103.0671
2009-02-20,61.9856,53.2379,120.6997,121.4859,91.5682,86.4919,87.2173,93.3012,95.9119,89.3552,93.6379,57.6585,78.9449,103.8852,75.8414,103.1081
2009-02-23,62.3431,53.1856,120.9591,121.3529,91.1102,86.3302,87.0173,93.2127,95.2391,89.2596,92.9772,57.1296,79.9578,105.1831,76.1113,103.1168
2009-02-24,61.9779,53.122,121.4958,122.1862,91.3488,86.8014,87.742,93.7413,96.1495,89.7507,93.7262,57.1379,79.6844,105.3449,76.0244,103.107
2009-02-25,60.8391,52.494,121.1558,121.7426,90.9235,86.6552,87.3528,93.2609,95.4612,89.4248,93.016,56.2699,78.6046,103.1045,75.637,103.046
2009-02-26,61.3429,53.1621,120.9297,121.4014,91.6724,86.9484,87.6223,93.3271,95.0053,89.274,92.9102,56.152,77.752,105.4187,75.6723,103.0396
2009-02-27,60.9113,53.6555,121.6919,121.4645,91.3141,87.4757,87.8894,94.0809,94.9861,89.3511,93.0569,56.4476,77.9738,105.9977,75.8692,103.1127
2009-03-02,59.2907,52.9895,122.1586,121.4693,89.698,86.5729,86.9531,93.5571,94.4542,89.2238,92.6536,56.9929,77.635,105.3184,75.4331,103.0855
2009-03-03,59.8215,52.6386,122.5771,121.9618,89.9796,86.7457,86.8528,93.2146,94.4379,89.2391,93.3819,57.2755,78.1794,105.8114,75.6275,103.1196
2009-03-04,60.9089,53.0525,122.7239,122.6222,90.2818,86.6842,87.1417,93.3035,95.7945,89.2878,94.413,58.0919,78.1422,106.1615,76.3282,103.1502
2009-03-05,61.1185,52.6619,122.8721,123.326,90.3797,87.2455,87.8948,93.5959,95.9855,89.6402,94.3343,58.7471,78.3744,106.4114,76.4002,103.1734
2009-03-06,61.3695,52.8211,124.0705,124.637,91.4366,87.9273,88.4246,94.4205,96.8229,90.0739,94.9686,58.6672,78.9173,107.9597,76.6867,103.2026
2009-03-09,60.8378,52.3854,124.0642,124.2817,91.446,87.9718,87.9668,94.6899,96.3211,90.0801,94.8169,57.7897,78.2027,108.6491,76.2463,103.2295
2009-03-10,60.0587,51.8343,123.3924,123.7129,90.9271,87.4278,87.9785,94.5223,96.0887,89.9028,94.354,56.946,77.6094,105.2466,76.1521,103.2854
2009-03-11,60.1062,51.8124,123.2529,123.8356,91.4509,87.3944,88.357,94.6546,96.1574,90.0324,94.4364,57.0506,77.1946,105.0759,76.1598,103.2817
2009-03-12,59.8138,51.3637,123.0025,123.7569,91.7314,87.3591,88.3469,94.5704,95.9742,90.2747,93.6304,57.0458,76.6192,103.3083,76.1871,103.2359
2009-03-13,60.9409,52.0623,123.1012,123.9852,93.0137,88.0323,88.4132,94.9413,95.933,90.378,93.1018,56.55,77.2042,106.6503,76.3742,103.2944
2009-03-16,61.0403,51.3687,122.7663,123.4459,92.8827,87.3224,87.673,94.5172,95.1579,90.1063,92.6155,55.7327,76.1981,106.6178,76.507,103.251
2009-03-17,60.6472,51.7467,122.5015,123.7575,93.8224,87.2858,87.8377,94.185,95.6833,90.3616,92.2361,56.5046,76.3584,104.3355,76.4209,103.232
2009-03-18,61.3066,52.6289,122.1149,123.4655,94.2307,87.5229,87.7682,93.7952,95.8206,90.5323,92.8087,57.6926,76.5174,105.0991,76.8563,103.3367
2009-03-19,61.6716,52.6371,121.7046,123.4328,95.3323,87.9612,88.0924,93.9417,95.3561,90.6604,91.1801,58.4431,76.7038,103.6001,76.963,103.3223
2009-03-20,62.4014,53.155,121.5562,123.3831,95.8894,88.5736,88.5376,94.2083,95.6547,90.9571,90.411,58.562,76.9749,103.3637,77.3266,103.3925
2009-03-23,62.5915,52.7107,121.174,123.3725,96.5852,89.7628,89.0409,94.3815,95.2623,91.5295,90.1351,58.2491,77.1835,103.5481,77.0064,103.3445
2009-03-24,62.3165,52.9377,121.8423,123.4853,95.8945,89.3354,88.7268,94.2348,94.8368,91.8111,90.0818,58.8251,78.3496,105.6704,76.9561,103.3149
2009-03-25,62.9335,53.133,121.9756,123.7178,96.6239,89.6668,89.1599,94.4836,95.5191,92.0217,90.833,59.3928,78.6056,105.4052,76.8405,103.3581
2009-03-26,62.7136,52.9828,121.1332,123.2949,96.8333,89.5532,89.2485,94.2986,95.1968,92.108,89.816,58.897,78.6901,103.338,76.9228,103.3754
2009-03-27,63.8537,53.7533,121.5182,124.5059,98.4762,90.8265,90.5835,94.736,97.0253,92.7651,91.1395,58.7937,79.4617,104.7265,76.9028,103.375
2009-03-30,62.6991,53.2387,121.6318,124.4312,98.2668,90.7459,90.9724,94.7454,96.4431,92.9989,91.0735,58.4503,78.8908,103.4626,76.6006,103.3942
2009-03-31,60.7389,52.1275,121.7084,124.5404,97.5606,90.6492,90.493,94.5041,95.7064,93.1632,89.9308,58.8603,78.0991,99.8936,76.4003,103.4275
2009-04-01,60.4908,51.835,121.6743,124.6363,98.0705,91.0349,90.5089,94.7714,95.609,93.1143,89.8935,59.093,77.4912,99.6159,75.9954,103.4229
2009-04-02,60.526,51.6785,121.2341,123.7742,97.6335,91.1099,90.7453,95.1114,95.8902,93.4787,89.6804,58.2922,76.7391,97.8413,75.9247,103.4295
2009-04-03,59.8876,51.8437,121.2233,123.8282,96.8633,90.8664,90.891,94.7838,95.7737,93.4025,89.9172,58.1553,76.822,97.5498,76.2499,103.3783
2009-04-06,61.3573,52.8268,120.9898,124.1667,98.1009,91.4955,91.6489,94.8295,96.7437,93.7824,90.5624,57.8598,77.8968,100.0076,76.2566,103.3319
2009-04-07,59.666,52.2687,121.2381,124.3295,98.0051,91.2583,91.2958,94.7213,95.56,93.9623,89.8524,57.7171,78.0195,98.5712,76.4298,103.2537
2009-04-08,59.1986,52.2456,121.1667,124.0117,97.1597,91.1825,90.8557,94.3078,95.1687,94.1169,89.9219,57.5449,77.451,99.6945,76.5302,103.1676
2009-04-09,58.853,52.1499,121.0347,123.573,97.3859,91.6305,91.122,94.3862,94.5861,94.2454,89.2321,56.9116,77.0052,98.6236,76.448,103.2173
2009-04-10,59.2336,52.2706,121.2469,123.9188,97.9947,92.747,91.8321,94.9407,94.9483,94.5185,89.5881,56.0454,76.6218,99.5879,76.7465,103.2027
2009-04-13,58.8541,52.3201,121.0752,123.6457,97.3523,92.4697,91.0867,94.6162,94.9818,94.7102,90.4677,56.2764,76.8396,100.0093,76.8286,103.2273
2009-04-14,57.4467,51.516,120.8868,123.588,97.6654,92.3013,91.1033,94.4759,94.6546,94.7225,89.2596,55.145,76.3272,95.8542,76.3513,103.2493
2009-04-15,58.2782,52.0702,121.7319,124.9196,99.1684,93.0825,92.2115,94.7963,96.2324,95.8501,90.5626,55.0229,76.9133,97.4174,76.8215,103.2429
2009-04-16,57.0414,50.9763,121.6346,124.9771,98.3889,92.914,92.2673,94.4196,95.993,95.8626,90.4453,54.2369,75.8175,95.0992,76.3707,103.2397
2009-04-17,56.9446,50.5728,120.6476,123.899,98.0569,92.2966,91.771,93.7528,94.6668,95.2855,89.8161,54.2757,74.9558,95.54,75.5835,103.2379
2009-04-20,56.5774,50.3388,120.3158,123.3876,96.746,91.4696,91.4332,93.3918,94.3096,94.976,89.7142,54.1269,74.8999,95.257,75.4765,103.2638
2009-04-21,56.0226,50.1061,119.7233,122.5326,95.9427,90.8207,90.9292,93.0183,93.4644,94.2486,89.6151,53.6531,73.9634,94.0613,75.6203,103.2679
2009-04-22,55.6982,49.7694,119.1111,121.5614,94.9101,89.8701,90.4414,92.1523,92.2819,94.1367,89.3714,53.4072,73.9265,94.8835,75.023,103.3096
2009-04-23,55.9788,50.0104,118.7507,121.1823,95.1141,90.1398,90.6425,92.1326,91.7424,94.0789,88.5406,53.6132,74.5813,94.5143,75.0825,103.3113
2009-04-24,56.4115,50.804,118.9902,121.2018,95.7294,90.4535,91.1623,92.3322,92.0678,94.8238,88.0742,53.5656,75.4239,95.3695,75.2659,103.3208
2009-04-27,56.9567,51.1944,118.4978,120.8086,96.1304,90.5348,91.0791,92.4942,91.6898,94.8714,87.8399,53.2094,75.7204,97.1486,75.5271,103.3414
2009-04-28,55.931,50.9828,118.5892,120.9396,95.6455,90.555,90.7834,92.5044,91.822,95.1779,87.6831,53.7656,74.7372,96.2902,75.4561,103.2622
2009-04-29,55.9507,50.7745,118.3233,120.3823,95.4058,90.6509,90.6951,92.2818,91.6218,95.146,87.7335,53.4768,73.1577,95.7487,75.5923,103.2579
2009-04-30,55.6959,50.2613,118.7483,120.315,94.9626,90.382,90.7288,92.8366,91.2601,94.7143,87.556,53.5074,73.4247,94.4338,75.5261,103.2027
2009-05-01,56.1049,50.6452,118.224,119.7141,94.2926,90.3093,90.7478,92.853,92.3236,94.8068,87.7269,53.4336,73.146,91.8755,76.1327,103.2253
2009-05-04,57.0741,51.0795,118.2465,120.0383,95.6592,91.4689,91.4539,93.6013,93.2392,95.5646,87.3471,53.1269,73.4302,92.0472,76.4472,103.2033
2009-05-05,57.8409,51.8784,118.3715,120.3257,96.0957,92.1261,91.8725,93.4744,93.0386,95.3375,88.2198,54.1411,75.108,93.2551,76.9248,103.229
2009-05-06,58.4582,51.8909,118.7721,121.1704,96.8932,93.4156,93.1196,94.3888,93.5692,95.907,88.2927,53.4325,76.0525,94.3399,77.1329,103.2804
2009-05-07,58.5914,51.9694,118.5808,121.3906,97.5555,93.8865,93.7101,94.561,93.458,96.224,88.2687,53.6634,75.9349,94.7087,77.3157,103.3177
2009-05-08,59.4231,52.3322,118.2457,121.224,97.825,93.7411,93.9828,94.6326,93.8839,96.1555,88.8121,53.6703,76.438,95.1959,77.3744,103.3004
2009-05-11,59.4237,52.3283,119.0223,121.4949,97.7862,93.1628,93.483,94.8455,93.5535,96.2417,88.8281,53.6974,77.6273,97.2002,77.2713,103.3031
2009-05-12,60.2445,53.1982,118.5835,120.8778,97.8463,93.3007,93.5846,94.5375,93.6249,96.492,88.9282,54.437,77.9617,98.8316,77.0828,103.2846
2009-05-13,61.5627,53.9157,118.6989,120.8266,99.5145,93.5974,93.9495,95.1344,94.0164,96.9618,89.5726,54.5349,78.178,101.0353,77.2822,103.2512
2009-05-14,61.8269,54.2436,118.6068,120.7961,100.1721,93.5871,93.9229,95.1276,94.1741,97.1576,89.3549,54.803,77.5918,101.9399,77.1934,103.1974
2009-05-15,62.3473,54.4986,118.1131,120.6651,101.0907,94.3043,94.1017,94.7352,94.2995,97.2137,89.6611,55.3397,78.252,100.4132,77.1143,103.2281
2009-05-18,63.1696,55.0511,118.5331,121.1702,103.2502,95.4162,94.86,95.8242,95.5074,97.9454,89.818,54.8514,78.5399,99.9011,77.3305,103.1843
2009-05-19,63.2564,55.4356,118.1688,121.0819,104.412,95.9526,95.0312,96.2765,96.0791,98.3787,90.1534,54.1548,78.3992,99.8188,77.2875,103.1372
2009-05-20,62.7655,54.596,117.9853,121.1718,104.6024,96.0448,94.3679,96.28,95.728,97.8929,89.5573,54.2064,78.3174,97.8788,76.8823,103.2908
2009-05-21,62.8607,54.6615,117.8284,120.5918,104.2573,95.8938,94.4924,96.4595,95.5178,98.066,89.4633,53.8732,78.4991,97.0138,77.2113,103.3044
2009-05-22,61.8752,54.374,118.4223,121.205,104.7949,96.1848,94.5769,97.0271,95.4454,98.4586,89.5412,53.4932,78.0078,97.8535,77.0478,103.2869
2009-05-25,61.23,54.3751,118.1023,121.1241,104.2362,96.5136,94.5925,96.2549,94.8042,98.0899,90.6795,53.6339,77.9477,97.9177,77.1026,103.2531
2009-05-26,61.9667,54.7173,117.8033,120.4659,104.4991,96.5592,94.1878,96.1485,94.0459,97.923,89.4207,53.5261,77.7903,99.1843,77.3083,103.2562
2009-05-27,61.9711,54.1683,117.4144,120.199,103.9811,96.2211,94.0377,95.8081,93.4539,97.6963,88.8862,53.5014,77.8982,98.7435,77.1195,103.3149
2009-05-28,61.7031,53.6564,117.2145,120.1392,103.2453,95.2775,93.435,95.0949,93.4382,97.5741,88.6251,53.7843,77.4522,99.0279,76.4688,103.269
2009-05-29,61.5643,53.5784,117.5163,120.122,102.347,94.8867,93.2949,94.9164,93.5149,97.6413,89.1349,54.1955,77.4148,98.9751,76.6877,103.3447
2009-06-01,62.7604,53.951,117.177,119.9505,102.8594,94.9469,93.0608,94.9077,93.7619,97.7461,89.0394,54.3998,78.077,99.3717,77.344,103.3402
2009-06-02,63.5103,54.6234,116.4866,119.2288,103.3456,94.3244,92.7571,94.6237,93.6547,97.1319,88.7085,53.5703,78.6864,100.2451,76.9171,103.3366
2009-06-03,63.8614,54.8017,116.7247,119.3733,102.2755,94.159,92.5384,94.4435,94.1562,96.9289,90.7796,54.2342,78.9769,102.0417,77.1139,103.4099
2009-06-04,63.9218,55.2342,116.7759,119.78,102.9096,94.7524,93.7171,95.0306,94.6146,96.9795,90.304,53.549,78.2354,102.483,77.2638,103.3718
2009-06-05,64.32,55.2877,117.4591,120.6153,102.9196,95.6751,94.3736,95.4265,94.9153,96.8139,90.9284,53.8588,78.9749,104.3463,77.1551,103.3773
2009-06-08,64.4492,55.1305,117.0892,120.0988,102.9843,95.0906,93.8571,95.593,95.4826,97.0329,91.0577,53.688,78.8577,101.9714,77.3778,103.3659
2009-06-09,64.0044,55.3064,116.5282,119.1659,102.0384,94.515,93.6423,94.7921,94.8907,96.4862,91.4094,54.0835,78.9192,99.4141,77.4403,103.3622
2009-06-10,64.8937,56.0591,115.7683,118.6291,102.89,94.3342,93.342,94.5699,94.7819,96.2831,90.7036,54.237,79.5361,99.6334,77.5074,103.3555
2009-06-11,64.1012,55.7621,115.6199,118.6936,101.9977,93.8371,92.9598,94.2686,94.726,96.0724,90.6909,54.2314,80.0546,99.5835,76.9636,103.351
2009-06-12,63.9141,55.8925,115.6324,118.2155,101.4996,93.7528,93.363,94.6583,94.3409,95.9513,90.7625,53.1237,80.0073,99.6097,77.2387,103.3851
2009-06-15,63.8556,56.1509,115.4002,118.3417,101.586,93.8486,94.0018,94.8164,94.7944,95.6032,91.1347,52.9196,79.8173,98.7185,77.2712,103.3867
2009-06-16,63.4042,55.2516,115.3251,118.2872,101.6806,93.3607,93.449,94.7554,94.3417,95.5962,90.0837,52.8462,79.077,97.8305,76.8786,103.3796
2009-06-17,62.1412,54.3425,115.2725,118.1692,100.9212,92.8272,93.1071,94.6793,93.7012,95.6387,88.7682,53.2388,78.2636,96.1167,76.4139,103.4178
2009-06-18,60.2893,53.4235,116.1503,118.1354,99.8277,91.6178,92.4103,94.7125,92.2006,95.3566,88.3361,53.2,78.7249,94.5199,76.5932,103.421
2009-06-19,61.957,54.271,116.0438,118.5255,100.9209,92.3456,92.937,94.8039,93.4856,96.1004,88.9269,53.0757,79.6211,96.1401,77.1929,103.3542
2009-06-22,62.2531,54.5723,116.208,119.0879,102.084,92.757,93.2897,95.0114,94.0702,96.2547,88.8952,53.1593,79.9408,95.0408,77.6627,103.415
2009-06-23,62.775,54.9538,116.977,119.8268,102.5989,93.5438,93.8476,95.6647,95.1823,97.0702,89.6496,53.0927,81.2377,95.3413,78.2202,103.3991
2009-06-24,62.871,54.8113,116.8452,119.6809,102.8675,93.5475,94.0067,95.8926,95.9018,97.3291,90.863,52.2787,81.3553,93.3808,78.6117,103.3614
2009-06-25,63.9323,55.4726,116.5445,119.6032,102.7149,93.3273,93.7906,95.2384,95.5447,97.0916,91.3377,53.5887,81.2648,95.9887,79.3112,103.4194
2009-06-26,62.6853,55.2106,116.4568,119.4812,103.5263,93.7616,93.9594,95.2755,94.3177,97.4129,89.6602,53.7276,80.6456,94.3174,79.2404,103.4648
2009-06-29,62.8609,54.8894,116.5027,119.4207,103.1719,93.7434,94.2442,95.3893,93.8776,97.4821,89.4826,53.6499,80.9316,94.727,79.3389,103.5003
2009-06-30,63.8919,55.8064,116.0814,118.4198,103.0079,93.5465,94.6175,95.5371,93.8732,97.8727,90.0993,54.291,81.7475,96.2222,79.1504,103.5023
2009-07-01,64.9904,55.927,115.948,118.2844,102.994,92.9903,94.6577,95.6128,94.3974,97.8431,90.4026,54.4704,81.8264,97.7339,78.9305,103.4024
2009-07-02,65.3389,56.3293,115.9702,118.6551,102.5472,92.9084,94.6796,95.2141,94.7287,97.661,90.7773,54.6263,82.3125,99.0734,79.3091,103.3322
2009-07-03,64.6437,55.6324,116.403,119.2183,102.8839,93.0879,94.9141,95.6223,94.627,98.0473,90.6403,54.2227,82.1005,99.0821,79.1256,103.2778
2009-07-06,65.2365,56.1558,116.3224,118.9642,103.2486,93.1116,94.7385,95.3666,93.9944,98.1466,90.5512,54.0501,82.7792,102.5167,78.941,103.1837
2009-07-07,65.9463,56.4638,116.5153,119.4538,103.9148,92.984,94.6362,95.5948,94.3427,98.0491,89.9038,54.1611,83.6119,104.0755,78.9206,103.217
2009-07-08,66.3175,56.7178,116.5546,119.0336,103.4201,92.3105,94.3237,95.4011,94.341,97.9273,90.3967,54.0811,84.1279,104.9276,78.7857,103.2584
2009-07-09,67.9709,57.8803,116.2585,118.9032,104.6899,92.9276,94.9123,95.5871,95.0993,98.1985,90.6284,54.4077,83.6211,106.4894,79.2415,103.2993
2009-07-10,67.5519,57.4163,115.8803,118.6911,104.4234,93.3376,95.1267,95.3825,94.3693,98.1053,90.2482,54.2773,83.4246,105.0639,79.383,103.3174
2009-07-13,66.1681,56.6332,115.9084,119.0711,103.7034,92.6129,95.0812,95.1474,94.0507,98.3027,90.0768,54.23,83.5348,103.99,79.2849,103.3501
2009-07-14,66.0025,55.9038,116.4753,119.6504,103.7773,92.3931,94.9224,95.2209,94.313,98.4917,90.6946,53.7051,82.7923,104.7747,79.2771,103.3598
2009-07-15,67.6508,56.1523,116.6511,120.1474,103.903,92.467,95.4792,95.4725,95.207,98.6016,91.264,54.6175,83.1667,106.6548,79.586,103.3599
2009-07-16,68.5074,56.2993,116.2282,120.0154,104.2152,92.5746,95.621,95.5331,95.8568,98.6687,90.8169,54.1443,83.4644,106.0016,79.603,103.3098
2009-07-17,68.4786,56.0758,116.6381,120.1877,103.7616,92.316,95.7833,95.6588,94.7629,98.4612,90.3212,53.9095,84.9397,106.9034,80.1927,103.3597
2009-07-20,67.3615,55.4161,116.5857,119.8798,103.0576,92.1156,95.4681,95.6206,94.1592,98.3802,89.6354,54.0156,84.3463,105.9016,79.4203,103.3976
2009-07-21,67.2589,55.2093,116.4362,119.7279,103.3086,92.4901,95.3219,95.5784,93.8898,98.7036,89.2068,53.9527,84.2103,105.1478,79.6236,103.404
2009-07-22,67.1983,54.8504,115.9029,119.016,102.4279,91.8061,94.9164,94.7976,92.5637,98.1025,89.1384,54.0003,84.2587,106.3435,79.1982,103.4047
2009-07-23,68.4247,55.6865,115.8405,118.8847,101.9708,91.7156,95.0942,94.7045,93.0413,97.9646,90.1798,55.0951,83.8254,109.2449,79.5811,103.4535
2009-07-24,69.0345,56.5247,116.2755,118.9078,102.3607,91.9727,95.7227,95.0707,93.9561,98.2306,91.6692,55.1172,83.7169,109.361,80.1106,103.4704
2009-07-27,67.2981,55.5962,116.3892,118.7292,101.5591,91.801,95.5922,94.7944,92.6675,98.6135,89.3839,54.5653,83.6824,108.3979,79.2511,103.4789
2009-07-28,68.0777,56.1462,116.5239,119.2164,102.4214,92.3002,95.8606,94.8635,92.9999,98.435,89.7185,55.2422,84.5398,109.807,79.2656,103.4561
2009-07-29,68.6978,56.8101,116.3097,118.7568,102.094,92.3473,95.7344,95.2991,93.0985,98.1829,89.332,55.4278,84.7696,110.415,79.6744,103.4712
2009-07-30,69.1295,56.9127,116.2186,118.6193,102.5507,92.4222,95.6669,95.2691,93.6311,98.5048,89.2933,54.9063,83.9102,109.1012,80.3253,103.4319
2009-07-31,70.7959,57.9079,116.3929,118.472,102.133,91.8834,95.6805,95.1267,93.3822,98.0235,90.3977,55.5374,85.5234,112.9277,81.1591,103.419
2009-08-03,71.4501,57.5614,116.3033,118.4332,102.0844,92.1362,95.8144,95.1417,93.5434,98.1322,90.8217,55.9673,84.955,114.1673,80.7116,103.3585
2009-08-04,70.758,57.2174,115.7895,117.3569,100.1687,91.1436,95.1805,94.2982,92.2208,97.4389,90.1312,56.1055,84.9246,113.7214,80.2982,103.376
2009-08-05,70.408,56.8684,116.515,117.702,100.1541,91.5434,95.3648,94.9823,92.057,97.7144,89.5304,55.5399,84.42,113.9245,80.7628,103.4159
2009-08-06,70.3588,57.12,116.2244,117.1771,99.1005,90.9385,94.9374,94.0574,91.8433,97.4372,90.3889,55.2602,84.4085,114.7083,80.833,103.4226
2009-08-07,70.263,57.4227,116.2605,116.4864,98.0224,90.0545,94.4299,93.8001,90.8613,97.0267,90.1243,55.5262,85.1342,116.2334,80.881,103.4308
2009-08-10,68.9092,56.6821,116.4911,116.286,96.9693,89.105,93.6729,93.3687,90.3181,96.8476,90.1638,55.7318,85.3712,114.5272,80.4286,103.4513
2009-08-11,69.2266,56.7257,115.6722,115.6784,96.7373,89.9449,94.0146,93.2521,90.0873,96.8986,89.1366,55.8761,84.6976,112.901,80.5685,103.4672
2009-08-12,70.2368,57.8521,115.5023,115.1981,97.6466,89.6276,93.6302,93.1755,90.1542,96.7975,89.4724,55.6468,85.1859,114.5748,80.9736,103.4079
2009-08-13,67.5019,55.9518,116.3271,115.4598,96.04,89.0155,92.7799,92.8102,88.8057,96.806,88.8016,56.0604,83.4113,112.012,80.9976,103.4704
2009-08-14,68.2642,56.302,116.0878,115.1623,95.6592,88.2299,92.2711,92.2587,88.3842,96.9931,88.7263,57.7169,84.9018,113.332,81.3446,103.462
2009-08-17,69.2857,56.6491,115.5508,114.6748,95.983,87.8676,92.0536,91.9357,88.625,96.9711,89.358,57.0745,84.089,114.7719,81.5767,103.5123
2009-08-18,69.2446,55.9598,115.4669,114.9299,95.8469,88.2961,92.7957,92.391,88.7438,97.1523,88.8341,56.5903,83.9675,113.6256,81.4051,103.5629
2009-08-19,69.3253,56.2692,115.0299,114.6558,95.6984,88.4163,92.2696,91.8746,88.7467,96.6642,88.7823,56.3126,83.9871,113.9234,81.0624,103.6306
2009-08-20,69.1436,56.1623,114.3514,114.5267,95.8737,88.6225,92.1228,91.563,88.6399,96.4663,88.3957,55.4723,83.9939,113.3777,80.8851,103.6706
2009-08-21,69.2893,56.5872,113.9284,113.9639,95.2373,88.7291,92.5065,91.3284,88.2602,96.3318,88.5924,55.8487,84.1439,112.8513,81.2259,103.7381
2009-08-24,69.2643,56.4576,113.8613,113.9115,94.1351,88.2999,92.1397,91.3492,88.5891,96.0502,88.8804,55.6225,84.3072,112.9864,81.4676,103.7287
2009-08-25,68.013,55.974,113.97,113.6686,93.1106,87.4066,91.3224,91.0487,87.5032,95.6412,88.9421,55.8503,83.7903,114.3382,81.2891,103.7597
2009-08-26,68.3282,56.3011,113.3652,113.6522,93.4048,87.6461,92.4211,90.9645,87.2725,95.6732,89.6339,56.2678,83.7017,115.7438,81.2021,103.7949
2009-08-27,68.8301,56.5055,113.9492,114.3801,94.3929,88.1275,92.8626,91.4394,88.255,96.2957,90.3264,57.912,82.8351,114.9135,81.8122,103.8541
2009-08-28,69.769,57.1411,113.9406,114.9587,95.3146,88.8806,93.6316,91.855,88.9162,96.6321,90.0259,58.2204,83.0148,117.1823,81.8637,103.85
2009-08-31,70.4052,57.7003,113.4805,114.7286,95.598,89.4243,93.9796,92.1539,89.671,96.7078,90.514,57.8155,83.1188,115.7444,82.4302,103.8544
2009-09-01,71.2194,57.9957,113.328,114.8228,95.1588,89.7427,94.8805,92.1957,90.1143,96.4488,90.8535,58.6757,83.3116,116.7145,81.94,103.878
2009-09-02,71.1376,57.9975,113.2269,115.2502,96.0932,91.0021,95.8997,92.6835,90.6744,96.4395,90.8232,58.592,82.8459,114.9909,81.4918,103.9015
2009-09-03,71.4723,58.4949,113.2005,114.6327,95.6406,91.3569,95.7323,92.8579,90.7087,96.3563,91.1121,59.3849,83.2859,114.758,81.2911,103.8165
2009-09-04,72.6525,59.0424,113.0831,114.7964,96.6134,91.4604,95.8377,93.0637,91.0663,95.9468,91.3815,59.4807,84.1891,115.6722,81.2969,103.7788
2009-09-07,72.3913,58.5854,113.1612,114.6114,95.765,91.3344,95.8741,93.0215,90.6315,95.5547,91.0331,59.9488,84.2603,113.7002,81.4714,103.7603
2009-09-08,74.5013,59.6136,112.8627,114.1739,96.05,91.3975,95.8834,92.8202,91.2152,95.1588,91.7519,60.7541,84.4628,115.0936,81.666,103.7134
2009-09-09,74.7509,59.8234,112.3359,114.0935,97.1294,92.1766,96.4197,93.1677,91.9314,95.6169,91.2918,60.7626,84.0442,112.5235,81.6281,103.6883
2009-09-10,76.3343,61.2302,112.1259,113.7323,97.8252,92.1427,96.4104,93.4042,93.103,95.5204,92.2247,61.3336,84.5885,112.5827,81.9502,103.7326
2009-09-11,76.391,61.7344,111.986,113.503,97.9249,92.168,96.2143,93.5897,92.9697,95.2835,92.3358,61.8885,85.1136,114.0528,81.4461,103.765
2009-09-14,76.5198,61.2818,112.2849,113.5559,97.3175,92.1203,96.5244,93.9462,92.2903,95.3972,91.7273,62.1499,85.4271,114.979,81.8254,103.7827
2009-09-15,77.8295,60.9582,111.8652,113.5465,96.8094,92.377,96.8698,93.8438,92.3071,95.3298,91.7219,63.0415,85.3121,116.2815,81.8909,103.857
2009-09-16,77.9309,61.2261,112.1745,114.3967,97.547,92.8706,97.9391,94.6829,93.74,95.8557,92.6391,62.2243,85.5769,115.6165,82.3613,103.8458
2009-09-17,77.8961,60.9252,111.7679,113.8295,96.8449,92.9488,98.0219,94.6137,93.8394,95.657,92.5031,61.964,85.4071,113.3918,81.9891,103.8675
2009-09-18,77.6373,61.0579,111.6525,114.0003,96.989,92.9953,98.2655,94.3235,94.044,95.9357,92.2257,61.9855,84.6072,113.762,81.9349,103.8659
2009-09-21,77.649,61.1997,111.6375,114.1657,98.0469,93.799,98.6119,95.0581,95.1278,96.7432,92.1007,62.6973,83.7325,112.0504,81.7402,103.9173
2009-09-22,77.0464,60.9581,111.3144,113.7226,98.0101,93.7054,98.3888,94.9824,93.898,96.4477,91.7782,62.5163,82.8634,112.8651,81.7956,103.9371
2009-09-23,76.6923,61.4609,110.7703,113.4706,98.3942,93.6106,98.2677,94.8735,93.9826,96.3898,91.5352,63.3827,82.3065,110.8674,82.2219,103.9005
2009-09-24,76.4382,60.9942,111.1963,113.9942,98.0081,93.6224,98.2456,94.7169,94.0935,96.6344,91.6691,63.9838,82.3807,111.3482,82.1853,103.8838
2009-09-25,77.4758,61.3948,110.8296,113.0163,97.574,93.3191,97.8881,95.3738,94.2724,96.5635,91.9897,63.9327,83.0651,111.7927,82.0884,103.8452
2009-09-28,77.1281,61.1831,110.8361,113.4182,97.3929,93.2246,98.6887,95.5715,94.5718,96.5542,92.0452,63.7438,81.9051,112.3883,81.9816,103.7839
2009-09-29,78.2611,61.604,110.2639,113.2968,97.8993,94.0029,98.507,95.7168,94.9364,96.2709,91.7099,64.2258,81.7837,112.3564,82.2916,103.7944
2009-09-30,76.5085,61.0265,110.3443,113.6127,96.9405,93.6704,98.6323,95.573,95.3581,95.7652,92.4843,64.4431,80.7451,110.4351,81.5673,103.8145
2009-10-01,75.6124,60.8709,110.8006,113.8183,96.7194,93.2696,98.5653,95.7371,95.5873,95.7753,92.0477,64.2841,80.1015,108.7881,81.7462,103.8098
2009-10-02,76.3203,60.7341,110.5888,113.6717,97.7451,93.2616,98.9453,96.1204,96.1688,95.8902,91.7389,63.0642,79.9093,107.598,81.3456,103.8026
2009-10-05,75.7237,60.3614,110.4092,113.6935,97.5543,93.9107,99.5441,96.5531,96.556,96.4152,92.0738,62.2283,79.7538,106.4163,81.2651,103.8303
2009-10-06,75.9601,60.4186,110.971,114.3196,97.5258,94.0829,99.2456,96.727,96.9266,96.451,93.1682,63.0953,81.3082,107.1832,81.5947,103.769
2009-10-07,76.3855,60.648,110.733,114.5123,97.8419,94.1716,99.3747,96.9619,98.4519,96.8769,94.8667,62.9019,81.215,107.7288,81.2072,103.7619
2009-10-08,76.3224,59.9543,110.7752,114.6183,97.197,93.6122,99.1332,97.0748,98.0522,96.7367,94.705,62.8591,81.3004,108.8536,81.1954,103.8248
2009-10-09,75.3936,59.7631,111.1239,114.5531,97.5464,93.9023,98.8413,96.5221,96.9316,97.0888,94.275,63.0841,80.4149,110.003,80.8877,103.838
2009-10-12,75.8118,59.7299,110.8524,114.8217,98.0591,94.4149,99.1698,96.7498,97.8676,97.2819,95.7255,63.2325,79.6167,111.1116,80.4789,103.8372
2009-10-13,74.1642,59.3959,111.1557,115.2012,98.2869,94.175,98.8947,96.9667,98.4339,97.1576,96.015,62.4099,79.2392,108.8105,79.9675,103.7958
2009-10-14,72.3081,58.5339,110.952,114.8274,97.5634,93.8879,98.5292,96.7151,97.1132,96.541,96.4727,61.631,78.4087,107.001,79.9918,103.839
2009-10-15,72.5461,58.8455,110.9071,115.3764,98.5409,94.3019,98.9496,96.9461,98.8694,96.5914,97.2487,61.4265,78.1834,104.7977,79.7704,103.9081
2009-10-16,71.5493,58.2578,110.6509,115.1119,98.3068,93.9317,98.4898,96.6063,97.9304,96.1574,96.3139,61.2981,77.4743,103.0611,79.7356,103.9462
2009-10-19,72.9234,59.2082,110.326,114.9393,98.643,93.9693,98.2715,96.1002,97.6182,95.8662,96.4485,62.2511,78.1355,106.7234,79.6894,103.9173
2009-10-20,72.219,59.0898,110.5774,115.4884,99.5353,94.9119,98.8721,96.3189,97.7776,96.2332,96.9426,61.659,78.0045,106.3445,79.4948,103.9121
2009-10-21,70.5899,58.1859,110.6891,115.7888,99.7648,95.0502,98.4098,96.7225,97.2031,96.0916,97.072,61.1869,77.9252,105.3972,79.0639,103.9323
2009-10-22,69.163,57.1147,110.8539,115.9254,98.5438,94.416,98.3614,96.664,96.9397,95.964,96.4348,61.2595,76.873,103.5303,78.7186,104.0101
2009-10-23,71.055,58.2859,110.7732,116.2053,99.4288,94.6598,98.6621,96.3164,98.0515,96.3106,97.1419,62.7497,76.686,106.6557,78.8004,104.0492
2009-10-26,70.1551,57.8822,109.9124,115.7457,99.5158,94.6075,98.0083,95.6482,97.803,95.9381,95.8384,62.8086,75.2943,102.6023,78.7869,104.0959
2009-10-27,68.552,57.2276,110.1171,116.0783,99.5174,95.0436,98.4042,95.667,97.5755,96.4195,95.6416,62.3655,74.106,100.2775,79.0824,104.0616
2009-10-28,67.849,57.2769,109.796,115.8082,99.5261,94.6557,98.1768,95.4904,97.7198,96.6594,95.0227,61.648,74.6401,98.0012,79.034,104.0902
2009-10-29,67.708,57.1274,110.0177,116.5171,99.9719,95.0192,98.7306,95.7428,97.997,96.8274,95.2435,61.8315,74.1475,97.4281,79.8524,104.039
2009-10-30,66.7759,56.5519,109.8591,116.7237,100.1996,95.1512,98.9283,95.4962,97.7624,96.8949,94.9399,61.401,73.7236,96.4788,79.2161,104.0166
2009-11-02,66.1003,56.7851,110.0295,116.9228,100.0003,95.2984,99.4342,95.4917,98.2779,96.9972,95.3358,61.0394,72.4189,96.5656,79.1541,103.9862
2009-11-03,66.2474,57.2637,109.975,116.9909,100.0268,95.8421,100.0445,95.439,98.1621,97.1184,95.195,61.9813,72.1079,97.7642,79.0692,104.0354
2009-11-04,66.4131,57.0222,110.5428,117.932,100.7807,97.0505,100.6728,96.016,98.55,97.5171,95.8193,62.2961,72.4313,98.0808,79.4238,104.0645
2009-11-05,66.8919,57.1515,111.0178,118.3661,100.3999,97.2976,101.3868,96.3372,99.2231,97.8665,96.0948,61.6608,72.8366,99.4082,79.5725,104.0321
2009-11-06,66.9508,56.7075,112.1708,119.5801,100.805,97.7534,102.3959,97.1119,99.2474,98.3286,96.4602,61.8599,73.4909,99.838,80.4874,104.0268
2009-11-09,68.0986,57.3558,112.5197,119.6356,101.5822,97.877,102.3418,97.8369,99.8212,98.9273,97.3487,62.6798,74.6824,101.6787,80.809,104.0035
2009-11-10,67.4663,56.5037,112.5568,119.9737,101.5981,98.3273,102.2754,97.4792,99.4312,99.1303,96.9136,62.9249,74.0036,101.5094,80.2361,103.989
2009-11-11,67.8227,56.6443,112.6799,120.5973,101.4947,98.756,102.8042,97.7966,99.9744,98.8776,96.8577,64.2402,73.5724,101.0579,80.8845,104.1255
2009-11-12,67.4096,56.5251,111.5761,118.972,101.1532,97.9881,102.2258,97.6074,99.0415,98.3792,96.5254,64.3213,72.1016,99.2141,80.4193,104.1711
2009-11-13,67.7335,56.1964,111.986,119.2839,101.3829,97.7912,102.0452,97.8529,99.1271,98.6018,96.2686,64.4459,71.7756,100.5937,80.3053,104.1734
2009-11-16,67.7817,55.5784,112.0013,119.372,100.8378,97.7147,101.7111,97.5793,99.0893,98.7264,96.1726,64.3218,72.1485,99.6774,80.5127,104.2442
2009-11-17,68.0189,55.6035,112.0448,119.3275,100.6454,97.8053,101.812,97.3183,99.2368,99.1035,96.0568,64.4811,72.7173,99.4106,80.4606,104.1929
2009-11-18,67.6144,55.4455,112.0581,119.8755,101.0486,97.5506,101.8239,97.0698,99.6099,99.2648,95.5869,63.1428,73.4847,98.5535,80.4896,104.2764
2009-11-19,67.544,55.5049,112.1899,120.0496,102.1605,97.9358,102.0794,97.322,99.141,99.342,95.0162,63.3761,73.3692,98.6407,80.5005,104.2287
2009-11-20,68.493,55.9687,112.4409,119.6077,101.4057,97.2973,101.7565,97.272,98.9562,99.4759,96.1312,63.7383,74.3071,101.5095,80.8155,104.2335
2009-11-23,68.2634,56.4103,112.238,119.1982,100.8291,97.1866,101.4807,96.8052,98.6795,99.1532,96.7567,64.3857,74.5888,102.0648,80.5,104.2354
2009-11-24,68.8597,57.0357,112.4064,119.3438,101.5541,97.6864,101.8286,96.9367,98.9233,99.3245,97.4485,65.24,75.033,102.3529,80.9125,104.2349
2009-11-25,69.1113,56.8503,112.4936,119.2402,101.4534,97.3987,101.0137,96.7719,98.8756,99.8037,97.6054,65.4884,76.3251,102.6778,80.9092,104.2543
2009-11-26,70.8174,57.9606,111.8602,118.5915,101.4247,97.2278,100.7087,96.888,98.8556,99.0631,96.8049,67.054,77.7658,104.4881,80.6385,104.2049
2009-11-27,69.9283,57.4508,111.7818,118.4837,101.6643,97.1702,100.2437,96.7176,98.5694,98.7884,97.3718,67.4308,76.3188,103.816,80.0805,104.1591
2009-11-30,69.8648,57.6793,111.7114,118.216,101.6455,97.6988,100.3306,96.6658,98.4719,98.9573,96.7602,67.5616,76.4152,103.6363,79.6896,104.1412
2009-12-01,69.7716,57.5076,111.3563,118.3065,101.8983,97.5731,100.6137,96.3507,98.9565,99.0072,97.0031,66.6772,76.1385,102.8225,79.4087,104.0428
2009-12-02,69.1403,57.751,111.1001,118.0919,101.8093,97.4877,100.4491,96.3926,99.2062,98.5279,97.244,67.9128,76.4809,99.3688,79.4284,104.0381
2009-12-03,69.7999,57.7038,111.8736,118.4015,101.5241,97.2307,100.5941,96.6357,98.944,98.482,98.1572,68.535,76.8926,101.9872,79.6353,104.1149
2009-12-04,69.3672,57.26,111.4349,117.6134,100.9026,96.2631,99.457,95.8947,97.9128,98.3348,97.378,67.938,77.4312,101.9929,79.0468,104.1356
2009-12-07,68.3455,56.1771,111.3487,117.3795,99.6149,95.3628,98.8438,95.8976,97.4475,97.9284,97.1556,67.6191,76.7919,100.2221,79.0306,104.1667
2009-12-08,67.3736,55.1745,111.4347,117.2428,98.2024,94.2379,98.1895,95.4378,96.2291,97.7123,97.1001,67.6015,77.3104,101.1946,78.5495,104.1535
2009-12-09,69.1578,56.0162,111.5418,117.3472,99.7428,95.2298,99.055,96.2861,97.0887,98.3149,96.9164,67.6744,77.5208,101.8605,79.2392,104.1496
2009-12-10,68.0605,55.8488,111.9678,117.4261,99.1156,95.1843,98.809,96.4563,96.7241,98.1766,96.3304,67.6012,77.1438,101.388,79.2526,104.1131
2009-12-11,67.8507,55.6593,112.1102,117.8858,99.0585,95.791,99.1596,96.3107,96.2868,98.2599,96.438,68.7493,77.3262,102.1928,79.2247,104.1154
2009-12-14,68.1872,56.0208,112.2953,118.0472,99.8947,96.0176,99.0894,96.5371,96.3391,98.7262,97.0477,69.6741,76.7627,103.9352,79.6585,104.1081
2009-12-15,67.569,55.9574,112.3022,118.3093,99.6575,96.2506,99.1188,96.4428,96.1735,98.5398,97.1552,70.1506,78.1606,102.9642,79.4054,104.0553
2009-12-16,65.3256,54.9383,111.8233,117.8529,98.4187,94.8893,98.1263,95.7993,95.567,98.2455,96.3497,69.4417,76.4071,99.5197,79.2455,104.1332
2009-12-17,66.4076,55.4879,111.1731,117.3294,98.5916,95.5859,98.4331,95.595,96.069,98.4278,96.1318,69.085,76.6256,98.8315,79.4761,104.167
2009-12-18,67.4736,56.6385,110.3602,116.4948,98.8465,95.228,98.2807,95.2605,96.3062,98.0761,96.2747,69.2941,76.6755,99.6685,79.5878,104.1187
2009-12-21,67.2172,56.3412,110.6255,116.8402,99.1285,95.5484,98.8589,96.0179,96.1649,98.02,96.1247,70.4422,76.3574,99.1739,79.6052,104.1058
2009-12-22,67.2098,56.8902,111.3326,117.6488,99.3048,95.896,99.5885,96.2103,96.2182,97.9811,97.8805,70.3017,77.062,101.733,80.2639,104.0731
2009-12-23,66.3455,56.4423,111.3638,118.0631,98.0613,95.8063,100.5495,95.891,96.2091,97.8449,97.7505,69.5344,76.8229,100.8271,80.3932,104.0264
2009-12-24,66.4962,56.5185,111.8565,118.1662,97.3465,95.6501,100.0513,96.1439,96.1475,97.6181,98.2171,70.6486,78.3163,101.5051,80.5098,103.9989
2009-12-25,64.6204,55.5924,111.1939,117.7759,97.1107,95.8032,100.1624,95.8273,95.1296,97.7678,96.566,69.3334,77.0731,98.3187,80.1668,104.0031
2009-12-28,66.1173,56.4392,110.8283,117.5871,97.5332,96.6483,100.3312,95.5555,95.1927,97.541,97.6379,69.1421,77.318,102.0628,80.155,104.0754
2009-12-29,66.9254,56.328,111.0106,117.9324,98.6414,97.3137,100.9413,96.2431,95.3254,97.929,96.8025,68.5811,77.5227,103.3282,79.9536,104.0797
2009-12-30,66.0503,55.8441,111.072,118.0491,97.7574,96.6764,100.363,96.2034,95.9713,97.6083,97.4298,67.965,77.4559,102.1129,79.3931,104.0587
2009-12-31,65.8325,56.0151,111.2661,118.0545,97.6969,96.6733,100.2353,96.2296,95.9513,97.9132,97.1919,67.6974,77.6986,101.6666,79.9568,104.0465
2010-01-01,66.5836,56.4042,111.1025,118.143,98.3532,97.0608,100.4396,96.0909,95.9716,98.1028,96.7899,68.4812,78.8901,100.46,80.7025,104.0584
2010-01-04,65.8001,56.948,111.1798,118.1111,98.2856,96.6875,100.3584,95.9683,95.7156,98.2649,96.9579,67.8233,78.521,101.3335,81.2726,104.0089
2010-01-05,65.8222,57.0123,111.1283,118.4659,99.1014,96.8352,100.7851,95.831,96.1754,98.539,96.7245,68.8828,78.118,100.1569,81.0449,104.0511
2010-01-06,65.3979,57.1723,110.5788,117.7978,99.6664,96.6672,100.7678,95.8673,95.9882,98.5582,96.283,68.0351,77.7543,97.2678,81.3284,104.0484
2010-01-07,64.8433,56.4537,110.4086,117.659,99.1687,96.2979,100.0599,95.298,94.8098,98.4399,95.2846,68.2906,77.7575,97.8789,80.9874,104.0878
2010-01-08,64.2355,56.6029,110.5047,117.4732,98.602,95.622,100.2529,95.4352,94.5575,98.1775,94.808,68.8528,76.8025,98.4172,80.6315,104.1166
2010-01-11,63.702,56.4669,110.0991,116.6729,98.0895,95.9883,100.6113,95.4193,93.3095,97.7586,94.4089,69.2744,76.0784,97.7983,80.3535,104.061
2010-01-12,64.5391,57.0172,109.6938,116.4586,98.6475,95.9698,100.7427,95.4406,93.7738,97.9287,94.2343,70.5467,76.4641,96.7138,80.7336,104.0505
2010-01-13,64.9744,56.8273,109.9039,116.9264,99.2839,96.3209,100.6502,95.7604,93.9139,97.9011,93.5126,71.2134,77.321,95.7819,80.9862,104.1172
2010-01-14,65.7645,57.3863,109.7047,116.7658,99.3441,96.5509,101.1875,96.0056,94.041,98.4691,93.828,72.4733,78.7463,95.8007,81.6437,104.0552
2010-01-15,65.7858,57.5655,109.1062,116.1213,99.1266,96.3351,101.2642,95.6007,93.4238,98.0968,93.4166,72.665,78.6926,95.0195,81.6053,104.0597
2010-01-18,65.6903,57.4982,109.1651,116.6374,100.7948,97.3785,102.3504,96.5203,93.8681,98.4057,92.4233,72.3875,77.9764,93.6843,81.3507,104.022
2010-01-19,64.197,56.8092,109.3072,116.4376,98.5712,96.3811,101.4259,95.7823,93.7197,98.0085,92.5834,71.837,77.5641,93.3664,80.6591,103.9832
2010-01-20,63.5535,56.762,109.5999,116.6966,98.2874,96.2101,101.9235,96.2319,93.9823,98.1793,92.4762,71.8034,77.9818,92.4906,80.5803,103.9955
2010-01-21,64.4896,57.6551,109.2515,117.0616,99.2907,98.0212,103.4591,96.8711,95.3975,98.7276,92.3369,72.4728,78.5926,91.2139,80.7258,103.9983
2010-01-22,63.0947,56.9572,108.9678,116.7901,98.3965,97.4853,103.0445,96.3597,95.1071,98.8998,90.864,73.5927,78.6259,87.3369,80.2972,103.9978
2010-01-25,63.8604,57.9549,109.5323,117.1887,100.2829,98.241,103.4915,96.6278,95.3753,99.7293,91.2375,74.4107,79.8602,88.7083,80.4518,103.9944
2010-01-26,63.7571,57.7713,110.0557,118.0488,100.067,97.9935,103.5001,96.6684,95.7166,99.4858,91.8726,74.9464,80.1693,89.1031,80.9052,104.003
2010-01-27,63.4442,56.9165,109.8764,117.502,99.8609,97.9575,102.8804,96.5593,94.7079,99.2897,91.4023,74.5037,80.8939,88.0752,80.3429,103.8946
2010-01-28,63.979,56.4883,109.6061,117.2416,99.3533,97.8072,102.8388,96.4845,95.1437,99.3815,92.0161,74.0133,81.4254,87.3751,80.1896,103.9053
2010-01-29,62.7978,55.678,109.1363,117.1041,98.5447,97.6891,102.6943,96.401,94.7297,99.2953,91.3312,73.8707,81.0982,84.2491,80.6819,103.9383
2010-02-01,62.4708,55.6578,109.1296,116.6966,97.8014,97.5231,102.5564,95.9235,93.6593,99.6481,91.0915,74.5603,81.4611,85.5887,80.5868,103.8721
2010-02-02,62.9747,56.187,109.5051,117.5419,98.7589,98.4016,103.6704,96.4134,94.795,100.0599,92.2331,75.0906,82.5281,86.6265,80.0586,103.8979
2010-02-03,63.2696,56.1043,109.3649,117.2097,99.0487,97.4746,102.9709,96.4372,95.0645,100.1061,92.0333,74.8741,82.5762,85.3562,80.411,103.9026
2010-02-04,63.3734,55.9477,110.1764,117.7836,99.5492,97.5006,102.6367,97.0983,95.4719,100.6577,92.2964,74.6641,83.8233,85.429,80.8752,103.9435
2010-02-05,63.9217,56.7407,109.6331,117.631,100.0674,97.7872,102.6123,96.5243,96.0153,100.4018,92.3929,75.4545,83.1655,85.0744,81.0385,103.9269
2010-02-08,62.6065,56.1884,109.9808,118.6386,99.3203,97.6403,103.3018,96.5916,96.2178,100.3082,91.8025,76.0896,83.779,83.507,80.8846,103.9468
2010-02-09,64.3546,57.0564,109.7852,118.9884,100.8527,98.6924,104.2987,97.2863,96.6827,100.9038,91.9952,76.2643,84.6217,84.8515,82.2644,103.9549
2010-02-10,65.3545,57.3883,109.6661,118.9305,101.9315,98.7237,104.2415,97.1971,96.6677,101.0942,91.7785,78.1376,84.1876,85.432,82.4438,103.9109
2010-02-11,64.3111,56.9379,109.532,119.2392,101.8206,99.1876,104.2811,96.678,95.7487,101.2229,91.2393,78.5129,83.2247,85.2533,82.7744,103.9264
2010-02-12,66.6287,57.7931,109.1266,119.0398,101.2019,99.5139,104.4374,96.2058,96.2593,100.4437,91.778,79.3805,84.6564,87.4218,82.9719,103.912
2010-02-15,67.177,58.0843,108.8388,118.6335,100.942,99.3277,104.0111,96.2444,96.7242,100.0291,92.3393,78.5238,84.3798,87.4374,83.261,103.8424
2010-02-16,67.0261,57.9276,108.7004,118.6664,101.1683,99.8423,104.1856,96.3145,96.602,100.5453,91.9454,78.4238,85.1008,87.2684,83.0264,103.9465
2010-02-17,66.6438,57.388,107.9444,117.7816,100.6754,99.25,103.4487,95.6858,95.5891,100.1619,91.3322,77.4105,85.056,86.2969,82.6832,103.9384
2010-02-18,65.7544,57.2866,107.7286,117.4332,99.2996,98.899,103.3763,95.4492,94.8293,100.0517,91.6117,77.5069,85.5483,86.5748,82.7611,103.8964
2010-02-19,64.5708,56.5055,107.6059,116.8298,98.294,97.7824,102.0005,94.8176,94.25,99.7021,90.8771,76.7528,84.8433,84.9148,82.2571,103.9194
2010-02-22,64.9219,56.0845,107.1023,116.1646,97.4975,97.3042,101.6358,94.5539,93.9488,99.9188,90.9526,76.3318,84.166,85.2869,82.4792,103.9596
2010-02-23,65.7239,57.0737,107.1197,115.88,98.0234,97.7755,101.7102,94.6781,94.4626,99.9589,91.8325,75.8565,84.1927,86.0539,82.9395,103.9522
2010-02-24,66.4377,57.2249,107.2074,116.0877,97.7201,97.6175,102.1215,94.704,94.8354,99.9767,91.8944,75.2795,84.7586,86.6804,83.4416,103.9028
2010-02-25,67.8136,58.3249,107.5898,116.3393,98.7141,98.2196,102.378,95.2024,95.1451,100.4085,93.364,75.3051,86.5422,90.862,83.5072,103.894
2010-02-26,68.065,58.2178,107.4507,115.8412,97.9391,98.3263,102.189,95.1374,94.8792,100.0614,93.8155,76.0792,86.0143,90.8252,83.5224,103.8886
2010-03-01,67.3912,57.7757,107.6306,115.9144,97.7865,98.1351,102.0233,95.1687,94.0429,100.1723,92.8088,75.9456,85.5192,91.2679,83.6018,103.9419
2010-03-02,67.7589,57.4544,107.744,116.0592,97.9089,98.4774,101.9385,95.3183,94.2619,100.6332,92.8836,75.6829,85.6885,91.4079,83.824,103.9425
2010-03-03,68.5537,57.4734,107.772,116.503,98.8297,99.6919,102.8233,96.108,95.1743,101.1511,93.4637,75.0976,86.0599,91.0757,84.1125,103.9633
2010-03-04,67.563,57.3971,107.728,116.723,98.7138,99.8168,102.9199,96.2213,95.0113,101.3882,93.5664,75.3874,85.3701,91.3957,84.1308,104.035
2010-03-05,68.8418,57.596,107.4038,115.7812,97.9758,99.7804,102.947,96.2411,95.2166,101.5833,93.6727,74.5199,85.3763,91.8783,84.2472,104.0032
2010-03-08,68.6053,57.6545,106.9138,115.438,98.1718,99.421,102.6887,95.5405,95.212,101.6881,94.0636,73.5021,85.2359,90.701,84.4667,104.0016
2010-03-09,69.1611,57.7696,106.7847,114.608,98.2598,98.5806,101.5525,95.5307,95.1591,101.3333,94.9093,73.6476,86.1231,89.3355,84.6364,104.1024
2010-03-10,70.5151,58.6133,106.9736,114.7822,98.7596,98.7551,101.3319,95.7639,95.6734,101.1839,95.6574,73.6965,86.4557,92.1126,85.1613,104.0565
2010-03-11,69.5555,57.7017,107.1592,114.7114,97.6118,98.1831,100.8528,95.5842,94.6565,100.8544,94.9776,74.4019,86.9153,91.5446,84.7989,104.0331
2010-03-12,70.0284,58.0392,106.7879,114.4471,97.1427,98.3653,100.9755,95.0142,95.0923,100.6332,95.7315,74.355,86.4754,91.0474,85.065,104.0265
2010-03-15,68.8705,57.3981,106.9902,114.2977,96.1154,97.8528,100.1451,94.8088,94.8634,100.1774,95.4007,73.2871,85.7508,89.6473,85.0254,103.9739
2010-03-16,67.258,56.5567,107.6229,114.866,96.0268,98.1318,100.3097,94.6566,94.4008,100.3037,95.519,72.5521,84.9755,88.2681,85.0023,103.9921
2010-03-17,66.0079,55.9552,107.6271,115.043,95.8042,97.7813,99.6933,94.0915,92.7824,100.3848,94.1759,72.9829,85.0642,88.7519,85.3028,103.9929
2010-03-18,65.6176,55.6559,108.5093,115.3601,95.2266,97.5276,100.0531,94.5254,91.9311,100.5023,94.0908,73.5445,85.4161,90.999,85.1602,104.0515
2010-03-19,64.2665,55.4134,108.3406,114.9683,94.6093,96.8825,99.3212,94.1874,90.8563,100.3023,93.4688,72.9098,85.5995,91.1234,84.7436,104.0874
2010-03-22,64.3198,55.7186,108.6407,114.7401,94.2113,96.5922,98.8594,93.9759,90.7846,100.7955,93.7746,73.7223,85.9046,91.8746,85.0541,104.1667
2010-03-23,63.8398,55.6103,109.2907,114.7985,93.5729,96.6088,98.6828,94.3437,90.6686,101.2032,93.7655,75.0785,84.9314,91.6078,85.8386,104.1861
2010-03-24,63.8998,55.3266,109.8355,115.787,94.63,97.1864,99.0856,95.3374,91.4492,101.0659,94.4164,75.8456,85.3351,90.6592,85.8458,104.2592
2010-03-25,65.1252,55.9538,110.32,116.7371,96.4325,97.941,99.9723,95.6282,92.1096,101.8357,95.1435,77.4944,85.4867,92.4264,86.4794,104.3235
2010-03-26,65.0614,55.6866,110.3154,116.6134,96.5973,97.2988,99.3979,95.5018,91.9736,101.86,95.8881,77.1856,85.2885,92.7079,86.5963,104.3294
2010-03-29,65.1344,55.8826,110.6961,116.9675,96.8089,97.716,99.8184,95.7965,92.2314,102.553,95.4303,76.5213,86.1278,93.8399,86.5374,104.3183
2010-03-30,64.0415,55.1178,111.0683,116.9679,96.079,97.3914,99.0085,95.879,91.93,102.319,95.4655,75.5891,85.5786,93.2806,86.2354,104.3759
2010-03-31,64.2289,55.6377,111.0289,117.0206,96.4672,97.6162,99.3555,95.6877,92.187,102.6974,96.2784,75.5565,86.1681,94.3266,86.1031,104.3511
2010-04-01,64.9516,55.3275,111.1055,117.3178,96.941,98.3179,99.2411,95.7484,92.9677,102.8289,97.1847,75.1459,84.9697,96.0449,85.4681,104.3167
2010-04-02,66.3184,55.7521,111.3066,117.6565,97.7742,98.8136,99.8505,96.4822,93.793,103.2157,98.251,75.8597,85.439,98.4018,85.4274,104.3004
2010-04-05,65.8267,55.4829,111.2311,117.6072,97.7995,98.5899,99.3277,96.3819,93.7972,103.1569,98.3714,76.5084,84.5622,97.8425,85.2317,104.2954
2010-04-06,64.6437,55.0578,111.9347,118.3041,96.6627,98.2012,99.4513,96.5918,93.2946,103.0987,98.0744,77.1288,84.5382,98.7702,85.6017,104.3354
2010-04-07,65.4689,56.3619,112.4317,118.9927,97.2681,98.9251,100.1389,97.3264,94.3173,103.5979,99.5851,76.0764,86.3614,101.6672,86.7441,104.3244
2010-04-08,65.011,55.9222,112.1719,118.8391,96.5979,98.709,100.3234,97.1708,93.8351,103.7081,99.594,77.3003,86.8382,101.2562,86.23,104.3583
2010-04-09,67.133,56.5992,111.8767,118.924,97.7361,99.6385,101.4451,97.5959,95.4331,104.0841,100.4952,77.7901,86.0121,101.8863,86.3858,104.3845
2010-04-12,67.7426,57.2073,111.0196,118.2311,97.7981,99.6401,101.7003,96.8974,95.6252,104.1403,100.7511,78.7672,85.8885,100.9486,86.3038,104.3278
2010-04-13,69.1295,57.8387,111.5181,118.819,98.9555,100.8347,102.3493,97.8534,96.4425,104.6281,100.808,78.5328,86.9004,102.6031,86.8727,104.3466
2010-04-14,68.8452,57.9369,111.1158,118.0427,98.3594,100.6267,101.7377,97.3622,96.0974,104.3277,100.334,78.0545,86.4657,101.6316,86.6451,104.3312
2010-04-15,69.0689,58.1682,111.0804,117.641,96.5934,100.2853,101.1673,97.0332,95.9911,103.9909,100.3324,78.0932,87.3394,102.5341,87.0131,104.3667
2010-04-16,68.4294,57.8135,110.8359,117.4687,96.1423,100.2784,101.1459,96.9783,95.8662,103.8334,100.5065,77.404,86.7605,102.0462,86.6816,104.3608
2010-04-19,66.4693,57.0895,110.6092,116.5694,94.6019,99.4125,100.0534,96.6038,94.8051,103.2835,100.2563,76.6195,86.2957,99.2531,86.4152,104.3929
2010-04-20,66.0187,56.8964,110.2789,116.5203,94.0919,99.1868,100.2234,95.957,94.6826,103.3396,100.1996,76.6044,85.5052,98.0548,86.8838,104.3281
2010-04-21,65.3026,56.6461,110.1535,116.1486,92.6166,98.4637,99.9262,95.7335,94.4522,102.9561,100.4207,76.3158,85.3026,97.5076,86.8805,104.3349
2010-04-22,64.2519,55.5739,110.3531,116.3741,92.7995,97.8445,99.997,95.6502,94.1042,103.0095,99.5168,75.8944,84.2211,95.1546,86.3988,104.3564
2010-04-23,63.7993,55.2986,110.2014,116.2942,92.6258,97.8187,99.6222,95.4321,93.9253,102.4947,98.9746,76.8811,82.9014,94.913,85.674,104.3457
2010-04-26,63.837,55.3844,109.8963,115.7926,91.5502,96.8071,99.2893,94.8619,93.4267,102.5794,98.6231,77.4859,82.2678,96.0353,86.1862,104.329
2010-04-27,64.5114,55.6732,109.2935,115.3829,92.0895,96.6874,99.2625,94.5244,94.038,102.5292,99.1846,78.1372,81.4839,95.1238,85.9541,104.2962
2010-04-28,65.366,56.0237,109.4733,116.3487,93.4179,97.3917,100.6235,94.6322,94.8504,103.6427,99.0904,77.7247,81.898,95.5839,86.886,104.3193
2010-04-29,65.4857,55.9567,109.4254,115.9045,93.5823,97.8092,100.4848,95.1899,94.5149,103.4602,98.1486,77.1555,82.8625,94.3485,86.6358,104.3399
2010-04-30,66.201,55.9685,109.8511,116.0712,93.1609,98.3732,100.3136,95.2322,94.0774,103.3274,99.4699,77.4992,84.0058,96.7153,87.1937,104.39
2010-05-03,66.2099,56.3879,109.7295,115.844,92.3192,98.8144,100.5635,95.0533,94.1105,103.8046,99.0082,78.1358,84.0898,96.9816,87.6614,104.3891
2010-05-04,65.8246,56.1462,109.7822,116.4132,92.049,99.3283,101.456,95.0069,94.1457,103.859,99.0204,77.4449,84.886,96.8451,87.5664,104.3725
2010-05-05,66.3465,56.0618,108.9068,115.4231,91.9759,98.4504,100.6683,94.2977,93.5327,103.7389,98.8006,78.1725,84.8033,97.3126,86.887,104.3587
2010-05-06,66.4135,56.5346,108.5372,115.0246,91.6713,98.7241,100.9852,94.4204,92.9828,104.0767,98.4488,78.5737,85.6893,98.8478,86.8651,104.4092
2010-05-07,66.5177,56.5738,108.8722,115.6031,92.0506,99.1838,100.9995,94.6751,94.2589,104.0497,99.7314,78.0563,84.8528,97.793,87.3379,104.4443
2010-05-10,68.191,57.7018,108.9228,115.7793,93.2418,100.302,101.7625,94.986,95.4763,104.6308,100.8819,79.483,85.3347,98.7438,87.5634,104.5631
2010-05-11,65.2552,56.4192,108.8271,115.4663,92.0105,99.5712,101.2611,94.5826,94.7366,104.4284,100.2258,79.0305,82.9799,95.3259,86.6076,104.6221
2010-05-12,66.4775,57.3822,108.5759,115.5706,93.3254,100.381,101.2848,94.6083,95.8451,104.5113,101.8686,77.5003,83.2484,97.055,86.7584,104.6636
2010-05-13,67.1051,57.704,108.2672,114.8877,92.5937,100.3791,100.7482,94.1997,95.9728,104.9776,102.0645,76.7942,83.8106,97.797,87.0422,104.6578
2010-05-14,66.8216,57.5134,108.5716,115.4103,92.709,100.7827,101.5002,94.178,95.3926,105.3575,102.7306,77.621,84.1232,97.997,87.9301,104.6532
2010-05-17,68.6532,58.7507,108.8125,115.2302,93.2672,99.8388,101.3676,94.6201,96.1117,105.1273,103.7922,78.0309,85.0011,100.2295,88.7609,104.6346
2010-05-18,67.7127,58.2144,108.6531,115.2438,93.616,100.2399,101.6989,95.0758,96.1889,105.366,103.2931,78.1087,84.226,97.4642,88.4947,104.6284
2010-05-19,68.9535,58.7016,107.998,114.5284,93.3557,100.3711,101.6256,94.8678,96.156,105.129,103.2371,77.7427,84.5647,98.666,88.482,104.703
2010-05-20,69.4786,59.2943,108.1689,114.6577,93.6493,100.5794,101.8484,95.7673,97.1457,105.3598,103.6722,76.8631,84.0353,99.8785,89.0294,104.7407
2010-05-21,69.687,59.4468,108.1826,114.598,94.096,100.706,101.938,95.8968,96.8696,105.2449,103.7436,76.6044,83.8289,101.0305,88.8423,104.8192
2010-05-24,70.7895,60.0293,108.0669,114.3754,94.818,100.935,101.9563,96.2662,97.5134,105.0912,104.2983,76.5017,83.3526,101.2153,89.1253,104.9001
2010-05-25,69.5477,58.7226,108.3993,114.4991,93.7928,100.2352,101.5511,96.4827,97.001,105.3829,104.4475,75.7786,82.8257,102.0867,88.5654,104.8558
2010-05-26,70.1911,59.8744,108.3529,114.6871,94.3132,100.5437,102.3344,96.4175,97.5326,105.4132,104.6581,75.5851,83.4616,103.0227,88.9168,104.8577
2010-05-27,72.009,60.8679,108.1586,114.1688,93.5716,99.9016,102.7023,96.0477,97.0241,104.7651,105.0952,76.6389,84.473,106.5825,89.2938,104.8256
2010-05-28,72.7372,61.8125,108.3317,114.2186,95.2676,100.2349,102.8775,96.6158,97.005,104.8343,104.4435,76.8933,85.1097,106.7622,89.7642,104.8402
2010-05-31,71.9838,61.5399,108.5564,114.0583,94.4173,99.6284,102.3149,96.1051,96.0411,104.6026,103.3614,77.2437,86.0724,105.2612,90.2151,104.8221
2010-06-01,71.3309,61.3512,108.5452,113.7379,94.2152,99.6276,102.495,96.0936,95.1312,104.6171,102.753,76.3656,85.8965,105.084,90.3033,104.8426
2010-06-02,72.571,61.518,108.6422,113.7781,93.9242,99.6925,102.987,96.4099,95.3795,104.6198,103.2206,77.0797,86.6742,107.4786,89.9962,104.904
2010-06-03,74.2404,62.0665,108.7865,113.7059,94.1633,99.6201,103.0915,96.481,95.7457,104.9431,103.8917,77.3673,88.9564,109.893,89.6908,104.8941
2010-06-04,73.9714,62.1172,109.1095,114.6354,95.039,100.8522,104.4757,96.8921,96.2156,105.4535,103.7467,77.6122,89.3446,108.845,89.8778,104.8772
2010-06-07,72.7553,61.9329,109.374,114.9144,95.1232,100.8345,104.2099,97.1723,96.1402,105.4574,104.159,77.918,88.6963,107.7945,90.2432,104.9066
2010-06-08,73.6039,62.3282,109.2698,115.0418,95.4511,101.6359,104.6129,97.5747,96.9679,105.527,104.6725,77.4445,88.538,109.5365,89.803,104.9585
2010-06-09,72.7589,61.9927,109.403,114.6129,94.5452,100.3286,103.8177,97.7218,96.4218,105.6192,104.3337,78.0301,89.6432,108.4938,89.8425,104.923
2010-06-10,73.7956,61.8206,109.2725,114.591,94.7782,100.5544,104.2741,97.4336,96.5328,105.6732,104.1257,78.5439,89.4278,107.9644,89.857,104.9533
2010-06-11,74.4107,62.5043,108.6628,114.4563,94.9487,100.7874,104.5949,96.9183,96.7696,105.5015,104.2888,79.3721,89.969,108.0699,89.7373,104.9705
2010-06-14,73.6188,62.0292,108.7252,114.5157,95.0903,100.8108,104.2317,96.8972,96.3066,105.3495,104.6352,79.62,89.9805,108.1762,89.0464,104.9785
2010-06-15,73.4069,62.1573,108.63,114.3917,95.1184,100.1249,103.8929,96.5788,95.8469,105.3244,103.8056,80.6758,89.6941,108.9383,88.831,104.9859
2010-06-16,74.1442,62.4692,108.05,114.5471,95.3151,101.0533,104.6986,96.6516,96.4474,105.3665,103.5138,81.3256,90.379,106.8431,89.488,105.021
2010-06-17,75.4941,63.1701,108.1008,114.8316,95.4652,101.8783,105.8026,96.7427,97.2409,105.6969,104.001,81.7269,90.6824,109.2091,89.2945,105.0199
2010-06-18,76.0975,63.1071,108.5752,115.0681,96.2429,101.464,105.5743,97.0807,97.5874,105.9964,105.0121,82.2323,90.7201,110.1223,89.4559,105.0132
2010-06-21,76.7968,62.8568,108.1688,114.4553,96.4813,100.7568,104.8367,96.6582,97.1082,105.7501,105.3084,82.3769,90.6264,110.3663,89.2463,104.9847
2010-06-22,77.0911,63.0286,107.435,114.1594,97.4164,101.0282,105.1567,96.639,97.3499,105.438,105.1548,82.6945,90.5128,108.0076,88.8671,104.9573
2010-06-23,77.8215,63.5639,107.9828,115.2703,98.4996,101.877,106.4719,96.8764,98.038,106.3013,105.2857,81.975,92.2262,108.0981,90.2614,104.9043
2010-06-24,78.9504,64.1359,108.2586,115.0589,98.9318,102.3247,106.2091,96.9034,97.4311,106.6165,105.1032,81.9201,93.9528,109.6897,91.0883,104.9097
2010-06-25,77.8172,63.8071,108.3926,114.9013,98.8921,101.9067,106.2004,96.9097,96.9576,106.6714,104.4085,80.9819,93.8195,108.7368,90.5673,104.9488
2010-06-28,76.4966,63.0694,108.6888,115.0495,98.206,101.8244,106.1729,96.875,96.3828,106.9954,104.1099,80.8404,92.5497,108.5215,90.8267,104.942
2010-06-29,76.4512,63.3055,109.1886,115.1501,98.1923,101.4384,105.5575,96.9446,96.7615,107.0997,104.1032,80.5702,92.1495,108.9113,91.2059,104.9316
2010-06-30,76.9423,63.7692,108.5724,115.069,99.6754,101.7319,105.6105,96.7052,97.2686,107.1186,104.2193,81.1911,91.8652,106.7765,91.2408,104.9408
2010-07-01,76.8182,64.367,107.7594,114.2278,98.831,101.0849,105.0344,96.046,97.3263,106.6437,104.9493,80.6768,92.2432,106.2642,91.1185,104.8957
2010-07-02,76.8779,63.7064,108.1115,114.6719,99.2786,101.1926,105.0936,96.6256,97.55,107.0891,104.5017,81.0581,92.2243,105.9648,91.1375,104.8704
2010-07-05,76.5085,63.601,108.0618,114.5359,99.2726,100.9427,105.2914,96.7974,97.1065,107.0548,103.159,81.6369,93.2273,104.3222,90.8847,104.8844
2010-07-06,76.4356,63.3985,107.8827,114.6931,98.5855,100.8284,105.5886,96.3244,97.1995,107.3532,103.3912,81.9239,93.1874,104.8427,90.9433,104.8974
2010-07-07,76.3836,63.0631,108.0465,115.034,99.2223,100.8281,105.4618,96.778,97.1993,107.7223,104.0711,81.1386,92.5458,106.2213,91.4825,104.8837
2010-07-08,75.6667,62.8173,108.2791,114.6782,99.033,99.8971,104.5264,96.649,96.2982,107.9486,103.1977,80.8986,93.8527,106.421,91.1351,104.9359
2010-07-09,75.472,63.0737,108.1694,114.4,98.2306,99.2892,103.9538,96.4384,97.1025,108.0969,103.6578,79.7627,93.4753,106.0107,91.3559,104.9297
2010-07-12,74.5187,62.5208,108.5344,114.7063,97.8056,98.8548,103.5526,96.1425,97.1987,107.7517,104.9924,79.7702,92.8632,105.1597,91.2638,105.0229
2010-07-13,75.6111,63.5781,108.4077,114.6166,98.6712,99.0287,103.4567,96.1343,97.4775,107.9423,105.0486,80.6015,93.8407,105.981,91.8152,105.0504
2010-07-14,76.0526,63.9054,108.5556,115.2108,99.6655,100.1274,104.7752,96.6738,98.1402,108.4994,105.0322,81.2375,93.0571,106.5552,91.8303,105.0567
2010-07-15,75.6503,64.5699,108.4646,115.1086,98.7336,99.5878,103.8849,96.0018,97.6319,107.9799,104.8272,81.9407,93.9338,107.6407,92.4491,105.0834
2010-07-16,76.0646,65.6983,108.0234,114.7767,98.422,99.7254,104.502,95.7841,97.4092,107.7641,104.6553,81.9743,94.7423,109.9633,92.1672,105.1396
2010-07-19,75.2858,64.6706,108.1944,114.4918,97.4163,99.2519,103.6096,95.3603,96.6277,107.4181,105.0012,80.5063,93.6154,110.7802,91.9219,105.1809
2010-07-20,75.9658,64.6587,108.7342,114.8899,96.7894,98.596,103.3616,95.4309,96.9315,107.2979,105.5847,81.0875,94.7157,112.6876,92.2588,105.1984
2010-07-21,75.6887,64.7659,108.6271,114.5796,96.3997,97.8237,102.7045,95.2192,96.839,107.0329,106.3234,81.203,95.4005,113.5686,91.607,105.2349
2010-07-22,76.2452,65.6262,108.2242,113.9344,95.3878,97.3307,102.7348,94.8827,96.5532,106.9595,106.5283,81.6765,95.8298,115.3334,92.1436,105.2669
2010-07-23,76.9233,66.046,108.1173,113.5916,96.0403,97.763,102.5742,95.0328,96.3083,107.2288,106.0569,82.4742,95.1808,116.0446,92.4203,105.2543
2010-07-26,77.3601,66.1275,108.6125,113.999,96.3013,97.6587,102.9078,95.4553,95.8598,107.3401,106.6579,82.9358,95.6052,120.0276,92.5432,105.2328
2010-07-27,78.55,66.6596,108.8319,114.8792,97.7957,98.799,104.175,95.7636,96.9145,108.0755,106.8824,83.0405,96.6455,121.2984,92.2688,105.2972
2010-07-28,78.7375,67.199,108.9024,115.4752,98.0014,99.8817,104.9955,95.9693,97.3731,109.025,107.1318,83.4091,98.3421,124.1203,91.9522,105.3665
2010-07-29,80.297,68.3262,108.8881,115.9325,99.7987,100.4303,105.0523,96.1807,98.6845,109.5947,107.8798,82.5934,99.2932,126.3748,92.0988,105.4402
2010-07-30,80.4271,68.1445,109.119,116.2926,100.6671,100.5458,104.9131,96.777,99.9248,110.0775,108.4646,81.6269,98.6769,125.5589,92.0351,105.4571
2010-08-02,80.588,68.6293,109.4908,116.5448,101.0883,100.0729,104.8246,97.4123,99.9247,109.7971,109.0577,83.1646,99.5068,128.4642,91.509,105.4458
2010-08-03,80.9272,69.0575,109.4057,116.1446,100.3979,99.3759,104.3229,97.3653,100.2803,109.9133,109.5581,83.8342,99.6033,128.5579,92.0065,105.4631
2010-08-04,82.3557,70.355,109.396,116.2908,100.4836,100.4285,105.6644,97.4692,100.0946,110.0537,109.1144,84.3422,100.8349,131.9756,92.5678,105.4831
2010-08-05,84.8793,71.9057,109.2938,115.9873,100.8346,100.55,106.0522,97.9249,100.6016,110.36,110.4041,84.3949,102.4624,138.2242,92.8023,105.5411
2010-08-06,85.4962,72.524,109.5768,115.8501,99.9016,100.0742,106.1682,97.7066,100.1692,110.0612,110.7741,85.662,103.5336,140.5661,93.2599,105.5235
2010-08-09,85.2009,72.5342,109.2442,115.8611,99.5915,99.6495,105.8136,97.33,100.0076,109.5467,110.7269,85.6443,103.0553,140.505,93.6169,105.5361
2010-08-10,85.158,73.0678,108.8026,115.2341,98.8201,99.7277,105.9543,97.2463,99.4205,109.3302,110.6249,85.892,104.0638,141.3225,93.4226,105.5307
2010-08-11,85.3511,72.7724,108.2293,115.0656,99.3327,100.0679,106.5085,97.3762,99.3374,108.8955,110.754,85.2735,103.8084,140.2485,92.7922,105.5764
2010-08-12,84.2839,72.644,108.3747,114.9716,98.6263,99.868,106.1781,96.9981,98.4488,108.3304,110.5407,85.84,104.4254,140.5046,92.2699,105.6362
2010-08-13,84.3815,72.5013,108.4388,114.6617,97.994,99.3932,106.0613,96.6229,97.4038,108.1305,110.272,85.8804,104.1684,143.1137,92.3917,105.6427
2010-08-16,82.6824,71.0374,108.9618,115.222,98.3513,98.957,105.4178,96.4605,96.7169,108.1322,110.4914,85.3736,103.78,143.1066,91.6204,105.64
2010-08-17,83.4539,71.3171,108.5251,114.5187,98.3421,98.0691,104.6023,95.9565,96.66,107.9466,110.5165,84.9797,103.6875,143.193,91.6517,105.7247
2010-08-18,83.9047,71.5543,108.8451,115.222,98.4343,98.8347,105.3274,96.2183,96.9973,107.9882,111.1859,85.2379,104.3329,145.1158,92.0742,105.7477
2010-08-19,82.8851,70.8528,108.6646,114.8575,96.7665,98.6848,105.3149,95.9452,96.7215,107.4347,111.4184,84.4406,103.8229,142.6429,91.9623,105.7711
2010-08-20,84.7023,71.0254,108.3012,114.6308,96.7786,98.4756,105.4053,95.7993,97.2994,107.6339,111.702,84.7478,104.9493,144.6069,91.4085,105.7684
2010-08-23,84.4557,70.4178,108.3805,114.8159,96.2199,98.9767,105.1694,96.0895,97.9571,107.6847,112.2552,84.6695,104.1317,144.2905,91.0794,105.7925
2010-08-24,85.0303,71.0131,107.6608,114.5817,96.4308,99.3062,105.7745,96.3644,98.4315,107.3547,112.5696,85.3963,103.8301,143.029,91.2728,105.7675
2010-08-25,84.3838,70.9032,107.5041,114.0558,95.2585,98.6277,105.112,95.8464,98.069,107.1899,112.3173,85.4011,103.1976,141.538,91.7466,105.7774
2010-08-26,83.9771,70.2287,107.4631,113.8481,94.8383,98.3552,105.0716,96.0234,97.311,107.5125,111.8089,86.1137,103.5957,142.212,91.4764,105.7401
2010-08-27,81.6469,69.5877,107.5614,113.9103,94.5483,97.6801,104.4031,95.8637,97.3097,107.4597,110.9734,85.8654,103.1103,138.196,90.7666,105.8175
2010-08-30,84.4936,70.9585,107.3799,113.6103,95.5445,98.4068,104.8456,95.9914,97.8325,107.9081,111.8609,85.8958,104.5676,140.948,91.5391,105.8555
2010-08-31,86.0554,72.2699,107.7779,113.5077,95.5054,98.2737,104.9597,96.9026,98.2008,107.7443,113.4406,87.8304,106.5192,144.0805,92.2163,105.8961
2010-09-01,86.4923,73.0083,108.0765,113.2662,95.3108,98.1445,105.1,97.2529,98.1869,107.9066,113.8409,88.1876,106.5257,148.2369,91.7983,105.8218
2010-09-02,87.8126,73.9139,107.2463,112.5169,95.5641,99.3391,105.7726,97.18,98.2741,108.2143,112.6402,87.7906,106.5668,147.6988,91.798,105.7362
2010-09-03,88.5658,74.6615,107.6455,113.3405,95.8152,99.5934,106.725,97.2526,98.98,108.0071,113.2937,87.8497,107.4031,150.0754,92.0217,105.7647
2010-09-06,88.7451,75.2457,107.6927,112.9186,95.5407,99.4038,106.6489,97.4205,99.2881,108.0772,114.585,87.3954,107.1551,150.9817,92.1041,105.7758
2010-09-07,89.479,76.0482,107.8544,113.0909,95.6472,99.5673,106.6634,97.1587,99.5247,107.9764,115.0144,88.5694,108.4004,151.6385,92.3681,105.8205
2010-09-08,89.1664,76.0467,107.7428,113.0573,95.9853,99.2542,106.3752,97.102,99.5345,108.3329,114.4723,88.0412,109.558,150.1419,92.4475,105.8496
2010-09-09,90.1715,76.2104,107.6289,112.5432,95.6839,98.933,105.9606,97.2919,99.6388,108.2034,115.727,86.997,109.9458,152.6854,92.3548,105.845
2010-09-10,89.8414,76.374,107.4242,112.3288,95.5509,98.8643,105.5552,97.1883,99.3578,108.1174,115.8271,88.0285,110.2015,151.2829,92.8315,105.8725
2010-09-13,90.4517,76.368,107.486,112.5958,95.4398,98.6926,105.7727,97.1074,99.9799,108.0633,117.625,87.7849,109.6354,152.102,93.4566,105.8794
2010-09-14,91.4933,75.8783,107.5062,112.5689,94.9592,98.4004,105.6582,97.4824,100.5465,108.3332,118.1155,87.942,109.8857,154.008,93.2096,105.8595
2010-09-15,90.5799,75.7074,107.3088,112.5158,95.2567,98.4115,105.4458,97.5551,100.5342,108.1507,118.4973,87.1604,108.9693,154.0445,92.5612,105.924
2010-09-16,90.8612,76.1903,107.6199,113.1146,95.7923,98.9385,106.1144,97.5583,101.3471,108.4471,120.1023,87.7804,108.8442,155.4738,92.4815,105.9633
2010-09-17,90.3363,76.6631,107.4807,112.7744,96.13,99.0655,106.4211,98.1292,100.9292,108.7848,119.3456,87.2327,108.5456,154.9906,92.9752,105.9059
2010-09-20,91.1764,76.6537,108.2433,113.6476,97.6914,99.5539,106.8989,98.7474,101.9677,109.7306,120.5041,87.5042,108.3737,156.1456,93.3217,105.9111
2010-09-21,92.0518,76.9297,108.0956,113.2588,97.5496,99.152,106.6747,98.6565,102.2893,110.0637,120.9041,86.5861,108.5704,157.4347,93.4711,105.8724
2010-09-22,91.2802,76.1828,108.3285,113.9857,98.6771,100.1725,107.1291,98.9233,102.7585,110.373,120.8686,85.7077,108.2384,155.5818,92.7907,105.891
2010-09-23,90.2684,75.5059,107.9739,113.9107,99.428,100.5619,107.2716,99.0132,102.735,110.7978,120.2637,85.6082,105.8442,152.9027,92.423,105.9343
2010-09-24,89.2909,75.1564,108.3319,113.4869,98.0071,99.783,106.1871,98.8455,102.1741,110.2381,120.8994,87.3653,105.1726,152.1249,92.5404,105.8997
2010-09-27,89.4316,74.8873,108.8437,113.9539,98.2525,99.694,106.4639,98.766,101.7068,110.4478,121.4547,87.3658,104.4167,154.6006,93.3419,105.8902
2010-09-28,87.5106,73.7965,109.1595,113.91,97.9175,98.2034,105.0881,97.9369,100.8325,110.8158,121.5048,87.7401,103.2825,153.5369,93.4941,105.8513
2010-09-29,86.0889,73.7311,109.2557,114.4421,98.9773,98.8071,105.1628,97.6183,100.6006,111.1071,121.2739,88.4108,103.5157,149.9175,93.6636,105.9856
2010-09-30,87.6548,74.6574,108.9736,113.9958,99.0617,99.06,105.4916,97.3687,100.2129,110.6521,121.303,89.6149,103.0596,152.5968,93.9231,105.901
2010-10-01,88.5258,74.6003,109.2116,114.554,98.966,99.133,105.7931,97.4705,101.2193,110.8079,121.8099,89.2757,103.4258,155.1587,93.4631,105.8923
2010-10-04,88.2816,74.3564,109.836,115.3198,100.2126,99.2277,106.1308,98.0484,101.9843,111.5358,122.1553,88.9257,103.2213,155.2763,93.329,105.8199
2010-10-05,88.3808,74.8345,109.923,115.389,100.1165,99.0457,105.9262,98.3406,102.4787,111.6379,122.5994,89.3922,104.0967,156.1872,93.3309,105.7767
2010-10-06,87.444,74.5606,110.1401,115.0262,100.021,98.149,105.1002,98.4632,102.2506,111.6517,122.7849,88.8172,104.0511,155.9978,92.7493,105.7421
2010-10-07,86.227,73.3976,110.1832,114.7853,99.7456,98.0732,105.1462,98.7217,101.1901,111.5957,121.5433,88.322,102.575,154.8733,92.3788,105.7743
2010-10-08,86.4105,73.8831,110.401,114.8849,98.9678,97.4109,104.553,98.6046,101.7705,111.3632,122.2732,89.2564,103.1248,155.6862,92.7589,105.7708
2010-10-11,85.765,73.9183,110.67,114.2303,98.1652,96.6669,103.961,98.7155,100.9436,111.6579,123.3906,88.9904,102.8114,157.4652,93.3346,105.7415
2010-10-12,87.015,74.0352,110.1476,113.6679,97.5598,96.3863,103.4044,98.6055,100.8729,111.2752,123.2675,89.5442,103.2881,158.7277,93.4235,105.7157
2010-10-13,84.9249,73.2321,109.9794,113.4316,97.1827,96.2183,103.3955,98.3383,99.6264,110.8557,123.0794,88.7977,101.7009,156.9251,93.1821,105.7545
2010-10-14,85.0575,72.4587,109.593,113.2162,97.3312,96.4948,104.0888,98.5167,99.2779,111.3108,121.0858,88.0445,102.3178,153.6218,93.0232,105.7471
2010-10-15,83.6036,71.7613,109.2617,112.6828,95.4424,95.5136,103.4131,97.8339,98.9906,110.6597,121.2082,88.3888,101.8113,151.1936,92.3211,105.7001
2010-10-18,85.5933,71.9261,109.3421,113.1507,97.0656,96.4675,104.3356,98.2154,99.6601,111.2054,121.0919,87.8648,101.3955,152.8531,92.6139,105.6984
2010-10-19,85.3847,72.1312,109.0391,112.8845,97.1032,96.2121,104.0818,98.2158,99.9144,111.2394,120.9755,88.6871,99.8822,152.3725,92.5236,105.7018
2010-10-20,86.5319,72.4729,108.5427,112.059,97.3239,96.5221,104.0384,98.3764,99.0282,111.1412,119.4911,89.0028,100.2372,153.3556,92.4455,105.7281
2010-10-21,86.3628,71.5215,108.495,111.8667,96.8407,96.1155,103.3022,98.26,99.0527,110.9492,119.1846,88.9339,100.1461,151.6092,91.9243,105.7153
2010-10-22,85.0226,71.4781,108.2648,111.5702,95.8442,95.7303,103.2991,97.7172,98.8479,110.9289,118.9786,87.8139,98.8995,151.7533,91.47,105.8092
2010-10-25,85.8019,72.3077,108.097,110.9191,95.3026,95.0493,102.6979,97.2882,98.7516,110.5593,119.7703,88.7843,98.7799,152.7629,91.8851,105.9316
2010-10-26,85.1086,72.3916,108.2029,111.2969,96.4307,95.8835,103.513,97.5616,98.5347,111.3421,119.118,88.7302,98.5658,152.335,91.8937,105.9628
2010-10-27,84.7604,72.8493,107.8865,111.4079,97.9181,96.6234,103.6855,97.5667,98.6308,111.5829,117.8244,86.3188,98.8026,150.2575,92.0716,106.0257
2010-10-28,85.5565,73.7312,107.6897,111.4805,98.5193,97.6499,104.3276,97.712,98.6593,111.4012,116.9466,86.3209,99.2591,149.9091,92.6479,106.0765
2010-10-29,85.5003,73.7008,107.6973,111.959,98.7682,97.7762,105.0512,97.5189,98.7578,111.8606,116.7228,86.5726,99.5196,150.9778,92.5045,106.118
2010-11-01,86.3007,74.7819,107.3883,111.383,97.7418,97.6117,104.9546,97.4221,99.0712,111.7204,117.776,86.1798,99.8231,153.6025,92.9277,106.1689
2010-11-02,86.3723,75.6524,107.4295,111.3709,97.8658,98.0425,104.7474,97.7848,99.9268,111.6929,118.8104,84.7934,100.3175,153.9439,93.1547,106.201
2010-11-03,86.5169,75.2326,107.8098,111.3571,96.6181,97.8188,104.7463,98.0979,99.8503,111.5183,121.031,85.6074,100.5716,156.2337,93.3988,106.1564
2010-11-04,85.551,74.845,107.581,110.731,95.9317,97.1777,104.0379,97.8508,98.6315,110.9795,120.1886,86.4847,101.8199,154.3952,92.7989,106.2145
2010-11-05,84.4236,73.1684,107.3567,110.3526,95.2184,96.5113,103.5065,97.5322,97.8063,110.7347,119.4319,86.254,101.3178,150.3256,92.4107,106.1915
2010-11-08,83.9036,73.1373,107.136,110.0158,94.3353,95.9074,103.0064,96.9867,96.9629,109.9548,119.5364,85.405,101.5912,152.834,91.9722,106.1974
2010-11-09,83.4004,72.538,107.4864,111.0745,95.3628,96.6676,103.9711,97.584,98.6131,110.8058,120.4495,85.118,100.6325,148.8142,92.1948,106.1442
2010-11-10,83.9992,73.6173,107.4841,111.5084,96.8974,97.3857,105.2562,97.9629,99.1948,111.1597,120.421,86.164,100.3021,150.132,91.8595,106.1692
2010-11-11,83.7585,73.1922,107.3915,111.7516,96.2354,97.7325,105.7272,97.602,98.4306,110.5019,120.3033,87.7865,99.3752,151.2373,91.8777,106.1717
2010-11-12,82.8368,73.1922,107.2647,111.7356,96.5731,97.9493,105.7065,97.9543,98.2801,110.123,119.3672,87.9191,99.3749,147.1678,92.1096,106.1621
2010-11-15,82.8284,73.1007,106.98,111.2268,96.594,97.2945,105.0866,97.6559,97.9899,109.7345,119.1709,86.5636,98.5589,146.9888,91.9513,106.2064
2010-11-16,83.0875,73.0258,106.9372,111.5002,97.9159,98.219,105.5962,98.0884,97.7657,110.112,118.0298,86.0481,98.7813,145.9115,92.3541,106.2253
2010-11-17,83.9709,73.8721,106.6517,111.4335,97.9731,98.5968,105.5062,97.3934,97.8885,109.243,118.4875,86.2312,99.389,145.7281,92.5711,106.2607
2010-11-18,84.249,74.7441,106.6443,111.5131,98.6643,97.9625,105.4005,97.5086,97.8775,109.4541,118.6612,86.9372,100.7552,146.9887,92.983,106.2835
2010-11-19,85.3694,75.8458,106.653,111.5321,98.6285,98.1789,105.9431,97.9576,99.0556,109.6766,120.0325,86.3616,100.9484,149.2293,93.3243,106.2374
2010-11-22,85.2009,76.0422,106.5726,111.5624,98.5272,98.4896,106.0528,98.1605,99.185,109.9924,120.1375,85.5269,100.7087,150.8991,93.4736,106.2773
2010-11-23,85.6082,75.7949,106.527,111.98,98.6365,98.6085,106.5096,98.2658,99.212,109.7777,120.696,86.3562,100.6833,151.9402,93.7112,106.2269
2010-11-24,85.6605,75.5029,106.6817,112.2314,98.4443,98.5215,106.8124,98.5959,99.8221,110.1464,121.2499,85.3059,101.0628,152.7735,93.5305,106.2082
2010-11-25,84.7024,75.2309,106.9253,112.3583,98.5399,98.6908,106.5468,98.492,98.9856,110.642,120.5923,84.7342,101.829,154.6174,93.2694,106.2757
2010-11-26,82.4883,73.4356,106.9842,112.2426,97.7741,98.3073,105.7878,98.2206,98.0389,109.9574,120.6414,81.8533,100.6873,152.1276,92.7216,106.3461
2010-11-29,82.4012,73.5701,107.2444,112.5264,97.7784,98.1261,105.7109,98.2579,98.376,110.1494,121.4692,83.2539,100.4339,152.4533,93.0301,106.321
2010-11-30,82.6565,73.741,106.8051,112.1971,97.8218,97.6235,105.5021,98.0188,98.0532,109.8219,121.1186,84.1111,101.6327,153.1887,92.1391,106.3146
2010-12-01,81.0145,73.4853,107.4517,112.9366,97.9759,97.5793,106.2042,98.2765,98.2806,110.105,121.1419,83.0769,101.3757,151.6646,92.1396,106.3225
2010-12-02,81.3633,74.6897,107.9061,113.9424,99.0569,98.5373,106.8608,98.6791,99.9626,111.1663,122.157,83.9459,102.3563,152.1769,92.7373,106.3068
2010-12-03,80.0904,73.5604,108.1413,114.1077,99.0538,98.3815,106.3324,98.9714,99.1164,111.0233,120.6494,84.2815,101.2518,150.4449,92.8291,106.2624
2010-12-06,78.5835,72.8828,107.3976,113.6428,98.2013,98.0121,106.542,98.6583,98.6543,110.5316,119.5988,84.1102,99.6247,146.3325,92.3793,106.2666
2010-12-07,78.8507,72.3071,107.0332,112.8744,97.293,98.0104,106.0806,98.8232,97.8722,110.0121,119.5775,84.9056,98.6638,146.8288,92.1642,106.3053
2010-12-08,78.3309,72.6333,107.4311,113.1119,97.7759,98.3375,105.7321,99.3905,98.3441,110.0998,120.4727,85.9701,98.493,146.6604,92.0596,106.293
2010-12-09,78.5033,72.7789,107.0848,111.9764,96.4054,97.2455,104.6598,99.2776,97.9999,109.5891,121.3095,87.2417,98.357,146.2429,92.1087,106.2845
2010-12-10,79.2771,73.2307,106.962,111.85,97.1469,98.0989,105.4525,99.7951,98.6469,109.9369,121.362,87.0818,99.2621,144.0547,91.9491,106.2793
2010-12-13,78.6389,73.1029,107.4171,112.2054,96.6253,97.5341,104.6399,99.4578,98.7428,110.0356,121.816,88.3301,100.2568,144.1187,92.0367,106.3826
2010-12-14,78.4452,73.3498,107.2465,112.3125,97.0938,97.8096,105.4685,99.712,99.0257,109.9673,121.9441,86.788,100.1117,143.4128,91.9243,106.4028
2010-12-15,77.8464,71.8893,107.1027,112.0726,96.1952,97.1434,105.1124,99.7711,98.6887,109.6697,121.8573,86.0192,99.2309,142.4297,91.2902,106.4211
2010-12-16,77.2984,71.3735,107.714,112.5926,96.061,96.7698,104.7108,99.7989,98.6546,109.7789,122.1062,87.4166,99.661,142.2513,91.3206,106.4328
2010-12-17,77.3131,72.0215,107.5084,112.6564,96.4216,97.104,105.4334,100.0782,99.3983,110.2219,122.7128,87.2127,100.0857,141.7605,91.2372,106.4457
2010-12-20,78.5612,73.4628,107.4456,112.8939,97.1051,98.3137,106.6422,100.2769,99.8878,110.7759,122.6631,88.0116,101.5881,143.6207,91.6884,106.393
2010-12-21,79.4344,74.5332,107.0916,112.2233,96.372,98.0556,106.4531,99.8924,100.7121,110.7764,123.0141,88.3379,102.2197,141.9264,92.004,106.4141
2010-12-22,79.9302,74.2275,106.9713,112.1443,96.3436,98.0904,106.9276,99.776,100.9647,110.7551,123.1256,87.9084,100.9115,141.1862,92.0111,106.4747
2010-12-23,81.1865,74.7136,106.8614,111.7657,95.3552,97.9635,107.1133,99.8005,101.7784,110.6842,124.7169,88.2975,101.3359,141.7511,92.3749,106.5197
2010-12-24,82.0618,75.3788,106.635,111.6896,95.9549,98.0495,107.4029,99.5561,102.1204,110.8223,125.3984,88.9945,101.6597,142.0636,92.3644,106.5451
2010-12-27,80.7557,74.2312,106.7031,111.9742,95.5374,98.2149,107.4265,99.3927,101.5479,111.0624,124.6439,87.6748,101.783,139.8638,92.6958,106.5654
2010-12-28,79.7305,74.5622,106.3959,111.903,95.536,98.1887,107.9315,99.4498,101.4484,111.1359,123.8376,87.3994,101.4166,138.8989,92.3993,106.5561
2010-12-29,77.6307,73.3409,106.5484,112.2401,95.3268,98.2067,107.5044,99.1847,100.5539,110.8703,123.2966,87.3303,101.3786,137.2272,91.5847,106.5543
2010-12-30,76.9196,73.2716,106.5527,112.7318,95.0907,98.0511,107.8796,98.7634,100.6527,110.8572,123.4097,86.6343,101.1773,136.612,92.1321,106.5542
2010-12-31,78.5676,74.5131,106.5523,112.6561,95.7074,98.7149,107.8156,99.13,101.5307,110.7755,124.676,87.7452,102.1613,139.0502,92.0487,106.4989
2011-01-03,76.4254,73.4067,106.4119,112.3962,93.3531,98.0025,107.617,98.8563,100.4348,110.2374,124.0433,87.8037,102.0245,138.0431,91.6788,106.5582
2011-01-04,75.0083,73.4614,106.3058,112.0679,93.5429,97.8178,107.2161,98.7333,99.2227,110.0762,123.6185,87.0338,101.5432,138.1716,91.6235,106.5967
2011-01-05,76.1233,74.6931,106.4931,112.3352,94.4292,98.4272,108.0005,99.3097,99.7999,110.7186,124.5521,87.7686,103.1582,140.8384,91.926,106.6266
2011-01-06,77.6741,75.2533,106.4617,112.7935,96.5953,99.677,108.8891,100.3363,101.009,110.9642,124.8122,88.7403,102.7011,140.6167,91.6876,106.5993
2011-01-07,77.398,76.4246,106.3395,112.822,97.1903,99.6148,109.4155,100.2566,101.1379,111.0396,123.8805,90.0571,103.2472,139.0243,91.7497,106.6019
2011-01-10,77.8905,77.6178,106.3582,113.0089,97.7373,100.4829,109.8527,100.6606,101.7598,111.1135,124.2811,91.1696,104.9818,139.439,91.6222,106.5914
2011-01-11,77.8709,78.3139,106.5634,113.4388,97.7426,100.9099,110.3373,100.7096,101.9667,111.528,125.2417,92.9888,106.5303,141.3689,91.5967,106.569
2011-01-12,78.9283,78.8313,107.0761,114.1516,98.7384,101.7035,110.541,101.0205,102.0474,112.1153,125.4763,93.6236,108.4807,145.3185,91.9403,106.5924
2011-01-13,78.4703,78.8215,106.896,113.9243,97.9552,101.5415,110.4027,100.5923,102.1728,111.6474,126.0426,92.9391,108.1876,144.0216,91.7301,106.5674
2011-01-14,77.6922,78.5174,107.2686,114.6275,98.3061,101.9182,110.9511,100.7848,103.0658,112.3052,125.9935,92.4988,107.1029,143.3475,91.4678,106.5377
2011-01-17,79.3346,79.2996,107.189,114.6166,98.6172,101.5177,110.8251,100.5513,103.5582,111.9233,128.419,93.36,107.7821,148.0321,91.1146,106.5421
2011-01-18,80.0393,78.8738,107.4441,114.7205,97.0958,101.4,110.8752,100.4734,103.806,111.628,129.7364,93.8813,108.3224,151.2219,90.8302,106.5291
2011-01-19,79.0381,78.5758,106.9428,114.9239,97.4617,101.5925,111.218,100.3583,103.3347,111.6089,128.0155,94.0567,109.0099,149.2362,90.4142,106.4677
2011-01-20,79.6518,79.493,107.035,115.1172,97.2735,101.3531,111.4324,100.4606,104.0618,112.2763,128.0677,94.1935,110.9783,150.5978,90.9257,106.4911
2011-01-21,78.5883,78.2288,106.7207,114.7699,95.6969,101.1859,110.6176,100.193,102.8534,111.1478,127.2427,93.8747,110.5376,149.6316,90.6715,106.5228
2011-01-24,77.4713,77.8708,107.1771,115.3097,96.8173,101.2785,109.9194,100.4753,102.6967,111.6782,126.6369,93.5941,110.6015,148.909,90.83,106.5006
2011-01-25,75.83,76.7845,107.1709,115.028,95.6344,100.5769,109.3821,100.1741,101.086,111.1339,126.4372,93.7394,110.4635,149.4952,90.3558,106.4906
2011-01-26,75.8022,76.9596,107.6019,115.4603,95.5848,100.8339,109.9875,100.4179,100.5451,111.6843,126.317,94.3304,112.2439,150.7317,91.3558,106.4941
2011-01-27,77.9061,78.7259,106.6334,115.004,96.3283,101.3645,111.0942,100.0634,101.1531,111.3193,126.4932,94.1137,113.4512,151.4607,91.4271,106.4509
2011-01-28,76.1633,76.8128,106.4786,114.429,94.717,100.1379,110.0432,99.6217,99.8357,110.8912,124.7887,94.1228,113.1765,147.8732,90.6911,106.4729
2011-01-31,74.6916,75.8874,106.7252,114.0429,93.2343,98.5345,108.3506,98.8004,98.5968,110.2516,125.1695,95.41,112.5394,149.1571,90.1471,106.4737
2011-02-01,73.5393,75.0464,106.4341,113.509,92.4967,98.0369,107.9086,98.2292,98.0071,109.8811,124.4191,93.4311,112.1328,145.84,89.6583,106.4701
2011-02-02,73.7224,75.0266,105.588,112.6357,92.3927,97.7152,107.4063,97.4972,97.5833,109.45,123.8749,92.9114,111.9268,143.1411,89.4647,106.5026
2011-02-03,73.3341,73.787,105.787,112.5596,92.1033,97.6858,106.4115,97.1642,96.949,109.1779,122.7277,93.4678,110.7887,141.6871,89.1666,106.4975
2011-02-04,73.1201,73.2919,106.112,112.3615,91.7701,97.5624,106.1486,97.4604,96.5233,109.1795,122.4507,93.021,111.5676,141.8857,88.7092,106.5529
2011-02-07,73.752,74.1103,106.6099,113.0283,92.9473,98.7617,106.8703,98.1235,97.1907,109.6433,123.8232,92.3905,112.482,144.1604,89.1596,106.5765
2011-02-08,72.6176,74.3568,106.8303,113.6981,93.2619,98.8771,106.8905,98.0634,97.2765,109.5973,123.7896,93.0005,111.9678,145.0742,88.9453,106.6088
2011-02-09,72.7118,74.4862,106.5563,113.7557,93.8827,98.8204,107.4178,98.2081,97.1753,109.751,123.2669,93.6516,111.6664,145.383,88.6765,106.6832
2011-02-10,73.7709,74.9456,106.4653,113.5647,94.5293,98.9102,107.0681,98.3377,97.273,109.8952,122.5628,92.1066,111.8264,146.8302,89.3273,106.6057
2011-02-11,74.527,75.8328,106.7919,113.8623,95.9503,100.0003,107.5007,99.071,98.1942,110.7778,123.417,93.9467,112.7595,147.3151,89.1132,106.6656
2011-02-14,74.4743,75.9101,106.7867,113.9475,96.7878,100.2151,107.7973,99.6581,98.6103,110.9512,123.8152,94.2196,112.3647,145.733,89.1273,106.6761
2011-02-15,75.6963,77.09,106.8814,114.1078,98.3754,100.7898,108.0315,100.0597,99.538,111.2245,124.0286,93.63,113.2655,146.3052,89.2594,106.6783
2011-02-16,73.9398,76.5638,106.0675,112.9396,97.0393,99.7994,106.9146,99.2566,97.8135,110.7292,122.9341,93.9806,111.7104,144.9622,88.9515,106.6839
2011-02-17,73.4005,76.6036,106.1669,112.8409,96.1135,99.6256,106.6534,99.0336,97.6035,110.4522,124.1789,95.3283,112.5777,143.9554,89.2104,106.7209
2011-02-18,72.9195,76.4226,106.4331,113.4951,96.029,99.7165,106.7108,98.7338,97.6461,110.4122,124.6397,96.1428,112.2536,146.7434,88.587,106.7802
2011-02-21,73.0379,76.3444,106.4685,113.8194,96.8129,100.5655,106.9075,98.8517,97.9328,110.6418,124.7834,97.1596,111.774,145.4476,88.7135,106.7596
2011-02-22,75.2082,77.475,105.9295,113.8933,98.8474,101.4818,107.7145,98.7532,98.7843,111.3431,125.0846,96.7764,111.9676,148.5397,88.4985,106.7424
2011-02-23,76.4115,77.8372,106.2866,114.4329,99.8192,102.2804,108.3809,99.4387,99.4133,111.6946,125.5414,97.5592,112.5207,151.0977,88.5286,106.7448
2011-02-24,74.7074,76.4424,106.5206,114.9562,98.8439,101.6951,107.6722,99.2443,99.6494,111.5942,126.4505,96.957,110.9588,148.7854,88.9252,106.7424
2011-02-25,75.7323,77.1134,105.9479,114.2151,98.9334,101.4414,107.3122,98.9033,99.9498,111.3151,127.2251,96.7474,110.398,148.5334,89.0999,106.766
2011-02-28,76.4649,78.2035,106.159,114.2225,99.896,102.3447,107.3983,99.4768,100.7644,112.0172,127.7325,97.5816,109.8582,149.3871,89.5682,106.81
2011-03-01,77.4153,78.5571,106.4361,114.7286,100.0803,102.8,108.8083,99.943,101.4688,112.2868,128.1827,98.0804,110.8575,150.9477,89.3798,106.7813
2011-03-02,77.3069,78.1407,106.2667,113.9244,99.1678,101.6165,107.5557,99.4871,101.0911,112.0064,128.0332,97.7321,110.848,150.5861,88.866,106.7777
2011-03-03,77.2291,78.7855,105.8629,113.5773,98.8936,101.5836,107.3473,99.0185,101.0743,112.0848,128.8596,97.2085,111.2448,151.6102,88.8963,106.7607
2011-03-04,77.6377,79.4295,105.9113,113.5964,98.5488,101.6067,106.9218,98.9147,101.3054,111.8518,129.3107,97.7768,111.9755,153.3266,89.1957,106.7315
2011-03-07,78.0726,80.0049,105.5962,113.0031,98.4033,100.5874,105.6593,98.3673,102.0037,112.0254,129.961,97.5128,111.5447,152.4221,89.5552,106.8143
2011-03-08,76.8773,78.9388,105.52,112.9804,98.0779,100.6596,105.3847,98.4758,102.0414,111.5628,128.4581,96.0603,111.0762,148.1176,88.6953,106.9036
2011-03-09,75.9896,78.3254,105.7917,113.2294,97.6781,100.5406,105.8643,98.5297,102.0334,111.6509,128.9576,95.1247,111.2278,145.9068,88.8754,106.8776
2011-03-10,75.2175,78.1063,106.1387,113.7044,98.1491,101.1245,106.374,99.3513,102.2456,111.9208,127.1864,94.084,111.3601,145.1104,88.4644,106.9312
2011-03-11,75.2274,78.9165,105.4628,112.8778,98.288,100.8094,105.9297,99.0367,101.7185,111.0151,126.7723,95.0131,110.2327,144.3689,88.1586,106.9612
2011-03-14,74.8885,78.3887,105.9105,112.9843,97.4663,101.157,106.1988,99.4146,101.3647,110.789,127.86,94.0526,111.3569,144.4348,88.3809,106.9447
2011-03-15,73.9769,78.9136,105.9778,112.8949,97.8131,101.2527,106.4889,99.2665,100.4282,110.7634,126.179,94.7431,111.7219,144.4621,87.8817,106.9156
2011-03-16,72.2795,77.5312,105.0083,112.0755,97.0395,100.5588,105.2736,98.4416,99.1991,110.5204,124.5427,92.6704,111.5001,141.6046,87.0092,106.8959
2011-03-17,72.1973,77.018,104.9867,112.175,96.8337,100.7534,105.4457,98.6843,99.2254,109.9721,123.7845,92.468,111.3965,140.6972,86.451,106.9063
2011-03-18,72.9756,77.6458,104.9669,111.9135,96.8306,101.4776,106.1197,98.9063,98.5401,110.1031,123.8703,93.4405,110.5826,144.5004,86.7483,106.981
2011-03-21,72.102,77.2651,105.6606,112.4871,96.6167,101.4619,105.8449,98.7485,97.543,110.5166,123.1004,93.2408,111.9122,146.9682,87.1685,106.9102
2011-03-22,71.2309,76.8834,105.272,112.121,96.4373,101.4503,105.6384,98.3917,96.8073,110.5249,121.6991,92.8469,112.1048,143.5127,87.3014,106.9353
2011-03-23,71.1315,77.2559,105.4963,111.9579,96.2504,101.2354,105.5226,98.2919,96.46,110.7657,122.1637,94.6492,112.3286,144.3922,87.4277,106.89
2011-03-24,72.4303,77.8171,105.939,112.5713,96.49,101.9375,105.9846,98.6694,97.6406,111.4499,123.8919,97.7611,111.531,147.4073,87.9814,106.9403
2011-03-25,70.9282,76.8524,106.0752,112.4477,95.4659,101.09,105.0914,98.26,97.4356,111.1084,125.2553,97.1919,110.1891,146.0246,87.7312,106.8855
2011-03-28,70.5776,76.902,106.2415,112.05,94.7601,101.1899,104.8351,98.3656,97.195,110.8558,126.2394,97.6012,109.6772,145.5861,87.804,106.9058
2011-03-29,70.5375,77.6214,106.6383,111.565,93.4082,100.0186,104.0161,98.1489,96.3426,110.4076,128.0407,97.7697,109.8356,151.3937,88.3087,106.9334
2011-03-30,70.9598,78.3568,106.5842,111.6013,93.5685,100.2037,104.3187,98.4952,97.0567,110.532,129.0765,97.0848,109.6098,151.8859,88.9825,106.9112
2011-03-31,70.8393,78.4289,106.4882,111.5577,93.7687,99.4659,103.8256,98.3677,97.1947,110.4695,128.8658,98.5339,109.9926,151.3749,88.5218,106.8692
2011-04-01,71.1967,79.3761,106.4583,111.8903,94.5845,100.3334,103.8351,98.0756,97.9632,110.8322,129.3949,98.6597,110.8387,150.6091,88.8984,106.8563
2011-04-04,69.9922,78.479,105.8041,111.629,94.0077,100.3352,104.0522,97.4012,96.9062,110.4242,127.2013,99.1241,110.3866,146.5675,88.4527,106.8529
2011-04-05,70.0738,78.3938,105.56,111.8386,94.9003,100.6233,105.1494,97.6495,97.5886,110.576,126.8042,98.9512,108.4991,144.4553,88.0871,106.8262
2011-04-06,69.8303,78.6287,105.8421,112.5358,95.6988,101.7791,106.262,98.0164,98.2094,110.7549,127.2778,99.1338,107.8729,144.9038,87.536,106.8592
2011-04-07,70.2708,79.3663,105.9125,112.6304,96.1718,102.337,107.1024,98.4519,98.9221,110.9754,127.5819,98.9143,107.6623,144.3045,87.7438,106.8788
2011-04-08,71.0735,79.3716,105.5179,112.7471,96.3143,102.3665,107.0988,97.6493,99.3486,110.7392,128.0694,99.0521,107.0691,143.6488,88.1359,106.85
2011-04-11,70.5164,79.2805,105.198,112.574,96.5228,101.611,106.5821,96.6345,98.2741,110.5136,128.005,99.8681,108.4052,141.8176,88.3583,106.9078
2011-04-12,71.554,79.2968,105.6346,113.0319,96.4541,101.9036,107.4492,97.1424,98.8271,110.6448,127.9427,99.2626,109.871,142.2141,88.8568,106.8475
2011-04-13,70.4329,78.1526,106.6485,113.8698,96.95,102.1519,107.7086,97.708,98.4711,111.295,126.8035,98.7121,109.602,142.1427,88.6802,106.8778
2011-04-14,70.2984,78.4018,107.0039,114.0213,97.8648,102.2888,107.7116,98.073,98.3302,111.7861,127.1825,100.0951,109.0841,141.8086,89.2514,106.9269
2011-04-15,70.0,77.8149,107.3454,113.9974,97.3023,101.3769,106.3606,97.3685,97.9867,111.154,127.0639,100.3331,108.5189,141.6717,89.1945,106.9136
2011-04-18,70.159,77.5721,107.3086,114.3994,97.2358,101.7275,106.7083,97.302,98.6089,111.2278,127.1456,100.8894,108.3978,141.0312,88.9835,106.9449
2011-04-19,69.8934,77.1527,107.0512,114.6925,98.8033,102.7001,107.8881,97.7066,98.5995,111.8033,126.0434,100.5919,107.3748,137.0653,89.2999,106.9565
2011-04-20,69.8395,77.4309,107.1387,114.9249,98.909,102.6097,108.2639,97.4579,97.9201,111.7505,124.9578,100.7334,107.3905,138.9188,89.5907,107.0261
2011-04-21,70.6323,77.0551,107.1729,114.8885,98.2537,102.4544,107.3897,97.2638,97.6739,111.0906,125.2281,100.5877,107.9885,139.6926,90.3609,107.0557
2011-04-22,68.6795,76.0432,107.8873,115.4282,99.0182,103.0335,107.2569,97.2917,96.6683,111.8149,123.6053,100.728,107.688,136.2351,90.5716,107.0688
2011-04-25,68.6526,76.3184,107.7018,115.0663,98.9442,102.5397,106.9936,97.1464,96.3125,111.6164,123.093,100.2922,108.792,136.3531,90.3168,107.0328
2011-04-26,67.0951,75.3661,108.1583,115.7552,99.3559,102.4242,107.0097,97.401,96.5027,111.953,123.3509,99.7422,107.9786,134.7241,89.8228,106.9694
2011-04-27,68.346,75.8058,108.4887,116.2087,100.3349,102.9247,107.7337,97.981,97.515,112.2545,123.5119,99.5724,108.7952,134.8702,90.0742,106.9821
2011-04-28,69.3749,76.2675,108.6829,116.7235,100.7233,104.0291,108.7512,98.2066,98.3219,112.7134,124.1041,101.2388,108.4139,136.5224,90.1573,107.0521
2011-04-29,69.018,75.5759,108.4958,116.5506,100.6695,103.8634,108.9355,98.2971,98.276,113.2074,122.3088,100.8019,107.8526,133.6247,90.1121,107.0642
2011-05-02,67.0388,73.7165,108.7464,116.9705,100.5486,103.2282,108.4538,98.1847,97.6509,113.0804,121.968,101.5632,105.2292,130.8412,89.6901,107.0517
2011-05-03,67.4352,74.0513,108.7888,117.3769,100.9925,103.0854,108.532,98.3979,98.1902,113.0766,122.0002,100.7013,104.9077,133.3183,89.763,107.0386
2011-05-04,66.7894,73.6383,109.1952,117.3063,99.6774,102.6722,107.9952,98.2058,97.8701,113.425,123.1373,100.4931,105.226,134.4253,90.0602,107.1496
2011-05-05,65.5095,72.8591,109.3657,117.0865,99.1076,102.1348,107.3931,98.3422,97.1988,113.3845,122.1153,101.2808,103.411,133.4949,89.7016,107.1203
2011-05-06,65.7079,72.983,109.5266,117.0937,98.3048,101.8895,107.6216,98.4484,97.3449,113.1837,122.2887,102.6522,104.5815,132.8692,89.7791,107.1374
2011-05-09,65.1602,73.2161,109.3929,116.4536,98.266,101.0078,106.8394,98.1561,97.0525,113.0151,122.8368,102.2131,104.0288,132.2516,89.5173,107.1165
2011-05-10,64.5191,72.1919,109.0925,116.3554,98.0874,100.9019,107.0202,97.9248,96.6665,112.702,121.4002,101.6508,102.6398,128.8426,89.2721,107.0851
2011-05-11,66.0741,73.5591,108.6891,115.8783,98.8251,100.9306,106.6729,97.8611,97.0584,112.7961,121.4297,102.3756,104.0516,130.9597,89.3995,107.0371
2011-05-12,66.6222,73.8367,108.6465,115.8844,99.6163,101.1177,107.0645,98.0499,97.2716,112.7293,121.9366,103.557,104.1531,130.6201,89.1768,107.0475
2011-05-13,66.4108,74.1471,108.9873,116.2856,99.9383,100.949,107.1348,98.3472,97.7944,113.0868,122.0029,102.5993,105.0695,130.7826,89.3416,107.0532
2011-05-16,65.6794,73.3363,108.9703,116.404,99.2505,99.9849,106.5678,98.1166,97.1779,112.4541,121.6621,102.9213,105.038,131.3089,88.8656,107.0571
2011-05-17,65.9574,73.5889,108.4722,116.1116,99.9593,100.1563,106.3272,97.7315,97.141,112.8032,121.6468,102.7097,104.9278,130.4856,89.2037,107.0496
2011-05-18,66.7057,74.2308,108.2937,116.0386,100.015,100.2153,106.7052,97.6868,96.8807,112.6821,121.7094,103.4391,106.8955,132.3086,89.1843,107.0547
2011-05-19,66.5717,74.6844,108.1937,115.7445,99.8523,100.2071,107.3652,97.5321,97.0065,112.8191,121.2962,103.6632,106.5059,131.4482,88.7261,107.0487
2011-05-20,66.0135,73.8549,107.7556,115.4165,100.3141,100.1433,107.0113,97.3032,95.884,112.5385,119.1569,104.1853,105.5176,128.9537,88.5451,107.0414
2011-05-23,66.4367,74.6611,107.1672,115.1726,101.5543,100.1933,106.8445,97.1231,96.5081,112.0487,119.6934,102.6211,105.7982,127.8364,88.1149,107.0513
2011-05-24,66.7045,74.5815,107.659,115.7669,102.1619,100.2938,106.6,97.2464,96.2963,112.487,119.5815,102.9994,106.8123,130.7964,88.3116,107.0046
2011-05-25,65.9964,74.5755,107.4113,115.7266,101.9167,99.8551,107.1931,97.3943,96.3261,112.5961,119.2374,103.6542,106.1476,130.4614,87.6728,107.0531
2011-05-26,66.2481,74.3818,107.1526,115.7398,102.2092,100.3144,107.6231,97.4623,96.0667,112.2834,118.0,102.3449,105.8994,129.4763,87.9473,107.0661
2011-05-27,67.5184,74.9497,107.1464,115.6646,102.128,100.5842,107.8475,97.6201,96.1771,111.9849,119.2999,105.3605,106.3469,131.6984,88.1088,107.0608
2011-05-30,67.4283,75.0996,107.043,115.856,102.82,100.962,108.1953,97.7917,96.3646,112.3441,119.7417,105.3615,106.836,131.1612,88.2274,107.06
2011-05-31,67.9275,75.4035,107.0357,115.7743,102.697,100.7886,107.8748,98.0405,96.7323,112.3481,120.8316,103.5366,108.3454,133.4904,88.1563,107.0972
2011-06-01,69.2704,76.327,106.5823,115.2946,103.6198,100.8319,108.6536,98.128,96.0838,112.4005,119.9778,103.0428,108.6812,137.8499,87.8448,107.0441
2011-06-02,71.5684,78.1981,106.8676,116.2603,105.4277,102.1196,109.603,98.5059,97.94,113.3727,122.965,103.7708,110.1664,142.613,88.8904,106.9826
2011-06-03,69.9229,76.3494,106.7382,116.166,104.0666,101.1518,109.6751,98.3245,96.3153,112.8452,121.1787,102.9942,109.1233,140.2506,89.0667,106.9914
2011-06-06,70.788,76.7918,106.9161,116.5144,103.8208,101.0805,109.9382,98.2179,96.1624,112.8761,121.9893,103.9655,110.5121,143.6184,89.871,106.9809
2011-06-07,71.3257,77.474,106.8602,116.464,104.6297,101.2907,110.3008,98.351,96.2379,113.3902,122.0488,102.8228,112.5184,144.9709,89.7871,106.9954
2011-06-08,69.6081,75.8034,106.8473,116.635,104.3393,101.4887,109.8571,98.0621,95.7405,113.2617,120.5456,102.2325,111.7488,139.1512,89.4975,107.0668
2011-06-09,69.2901,75.7119,106.4189,116.3333,103.9528,101.328,109.5875,97.8241,95.6153,112.8654,120.006,101.073,111.2414,138.0681,89.4744,107.0783
2011-06-10,69.3054,75.4689,106.8706,116.3247,103.3584,100.8978,109.7914,98.5022,96.0582,113.1137,120.5505,99.5609,111.9716,139.8007,88.8719,107.0822
2011-06-13,70.598,75.7182,106.9934,116.3983,102.8561,100.9507,110.2418,98.3793,96.6278,113.139,120.7646,99.9329,111.1638,142.8268,88.8744,107.0092
2011-06-14,71.9894,77.1573,107.0014,116.5019,103.7363,101.5354,111.3487,99.1298,97.3978,113.3199,121.2857,101.8797,111.1581,144.4596,89.3762,107.0148
2011-06-15,73.6494,78.0814,106.9568,116.8483,105.271,101.8187,112.0869,99.9054,98.6295,113.9958,120.7154,103.783,111.9518,144.413,89.6681,106.9906
2011-06-16,74.5176,79.1481,107.1234,116.759,105.5796,101.581,111.4732,100.0268,98.8609,114.1327,121.6043,104.4892,112.7848,147.0954,90.4077,107.0203
2011-06-17,75.5777,80.297,106.8745,116.3249,106.0876,101.6109,111.7818,100.0609,98.2855,114.2311,121.0997,104.8959,113.3631,150.4194,90.7555,106.9952
2011-06-20,75.9122,80.2209,107.0356,117.0492,107.1205,102.489,112.9999,100.1877,98.3568,114.5366,120.5765,104.4365,114.0501,150.1411,90.9342,107.0417
2011-06-21,75.0586,79.2288,107.4028,117.4926,107.4243,102.2553,112.9,100.1405,98.0811,114.5014,120.4457,103.5179,113.4797,150.6047,90.177,107.0167
2011-06-22,74.2958,79.0761,107.544,117.8907,108.6521,102.8392,113.1573,100.5579,98.7525,114.8962,120.4516,102.9854,113.16,147.2745,89.8405,106.9607
2011-06-23,74.7362,79.4193,108.5105,118.8854,109.4453,103.0545,113.9021,101.4704,99.7962,115.798,120.5839,103.7261,112.9326,148.4882,90.6333,107.0326
2011-06-24,74.7825,80.1689,108.239,118.9522,109.5987,103.2502,113.8441,101.6262,100.4456,115.4287,121.1964,102.8307,113.1797,150.3836,90.1179,107.0227
2011-06-27,75.544,80.2557,108.2818,119.2161,109.7151,103.9227,114.3646,101.5651,100.5359,115.8595,121.2499,102.0859,113.9336,153.3157,90.1092,106.9855
2011-06-28,74.2035,78.6658,107.8056,119.3386,109.2222,104.0103,114.5483,100.7324,99.8734,115.4708,121.0428,100.9469,112.6634,149.9456,89.6066,107.0029
2011-06-29,73.8336,78.8943,108.3302,119.7002,108.6281,103.6674,114.4913,100.7579,99.5996,115.3237,121.6869,99.4926,113.8888,153.1375,89.9607,107.0069
2011-06-30,73.9002,78.8598,108.1122,118.8159,107.17,102.0876,113.1931,100.0707,99.0855,114.9105,121.886,99.0359,114.0027,152.6978,90.5945,106.9832
2011-07-01,74.7608,79.9009,108.4315,119.4638,108.7613,102.4911,114.3857,100.524,99.4052,115.0392,121.4161,101.5759,115.1878,152.4754,90.9732,107.01
2011-07-04,75.4166,80.7153,108.5343,119.4542,109.504,103.3904,114.9897,101.3791,99.849,115.5976,122.2086,101.6304,115.8281,155.7677,90.5916,107.0084
2011-07-05,74.627,80.1844,108.5128,119.4991,108.8606,103.3724,115.2582,100.7578,99.267,115.5792,121.8681,100.0525,116.1544,154.9436,90.5628,106.997
2011-07-06,73.4203,79.0948,108.4329,119.5343,109.5175,103.5757,115.0516,100.6163,98.7288,115.6581,121.257,98.694,115.4085,152.0637,89.9843,106.9663
2011-07-07,73.2855,78.9142,108.5401,119.4053,108.6172,102.5105,113.5566,100.2649,98.032,114.7025,122.3064,99.0636,116.258,154.7974,90.2497,106.8984
2011-07-08,73.3235,79.2174,108.2658,118.8949,108.3453,102.1049,112.583,99.8565,97.3043,114.1592,121.8574,99.3273,116.761,156.4674,90.001,106.9239
2011-07-11,72.5039,79.0924,109.0209,119.4516,107.332,101.7769,111.7967,100.3177,97.8336,114.1715,123.1867,98.2532,117.0801,158.8216,90.4205,107.0348
2011-07-12,70.9119,77.3957,109.6223,119.9349,107.7948,101.7985,111.7661,100.9098,97.0847,114.2549,121.59,98.6057,114.5872,156.1046,90.1666,107.0588
2011-07-13,70.7447,77.1249,110.1077,120.743,108.5232,102.0118,112.1011,100.9234,97.0596,114.5756,121.9131,99.1686,115.5365,157.0837,90.0845,107.1137
2011-07-14,72.0677,78.118,109.6721,119.6458,108.3857,101.5161,111.1507,100.5899,97.041,114.1421,122.4316,99.8263,116.8622,156.002,90.6274,107.0926
2011-07-15,71.8847,78.495,109.4914,119.8321,108.63,101.49,111.5704,100.7415,97.4785,114.2915,122.4619,99.8976,119.3715,154.6619,90.1347,107.0498
2011-07-18,71.0438,79.0488,109.6579,119.8598,108.9457,100.9872,110.7943,100.3815,97.1857,114.4681,123.0852,101.284,119.3931,155.6752,90.123,107.0519
2011-07-19,71.6392,78.6566,109.4806,119.7461,109.4414,101.4232,110.9136,100.7555,97.585,114.3404,123.4142,102.8983,118.592,153.2792,89.9274,107.0736
2011-07-20,73.5827,80.5994,109.4165,119.5718,109.874,102.6431,111.8855,101.4199,98.5216,114.715,125.1602,103.1395,120.3259,157.2492,90.4069,107.1407
2011-07-21,74.046,81.0687,109.372,120.0159,111.437,103.5866,112.7763,101.487,98.8486,115.1035,124.779,103.7395,119.2929,157.4787,90.378,107.1896
2011-07-22,71.9102,79.2979,109.0761,119.8614,110.3952,102.8868,112.7867,100.9062,98.142,114.7269,122.8436,102.6169,118.6563,149.7157,89.8761,107.1736
2011-07-25,72.3273,79.1327,109.223,119.7597,109.6614,102.8642,112.6661,101.4067,98.1502,115.0895,123.4901,101.0458,120.6969,151.0269,90.5955,107.1549
2011-07-26,73.5365,79.561,109.0805,119.9833,110.9015,104.0873,113.4786,101.9259,99.2621,115.667,123.523,100.6503,121.7566,150.2861,90.3718,107.1239
2011-07-27,75.0892,80.5025,108.702,119.7132,110.9087,104.2375,114.3725,101.8637,99.8997,116.0534,124.7422,101.6093,121.4595,153.8428,90.2343,107.178
2011-07-28,75.8717,80.7194,108.4462,119.2509,110.5179,104.2368,114.4322,101.5756,99.9934,115.5459,125.6542,103.2828,120.9421,154.0246,89.7453,107.1745
2011-07-29,73.3197,79.786,108.1574,118.8898,109.6187,104.4912,114.0827,101.356,98.7931,115.2208,124.572,102.8283,119.6769,149.2284,89.6806,107.1574
2011-08-01,72.9589,78.9774,108.1132,118.2016,109.1202,103.1614,112.6703,101.1546,98.5943,114.967,123.8208,101.6368,118.703,146.2351,89.7269,107.1361
2011-08-02,75.1868,80.5519,108.655,118.5902,110.7995,104.0042,113.8029,102.2554,99.6125,115.3499,124.6809,102.7759,119.0621,148.8258,90.7978,107.14
2011-08-03,74.8671,80.8165,108.5314,118.2066,109.8099,103.6998,113.3345,102.052,99.6953,115.2971,124.2978,103.4848,119.1751,148.2134,90.6824,107.1067
2011-08-04,74.5702,80.8805,108.2839,117.6597,108.7705,103.2258,112.8929,101.4479,99.5444,115.3362,124.9277,103.6117,118.1226,148.8104,90.5425,107.0916
2011-08-05,73.8705,80.3882,108.7902,118.1491,108.3314,103.6868,113.3161,101.908,98.8035,114.706,124.1824,103.0611,119.568,150.4477,89.8954,107.0967
2011-08-08,72.5691,79.9787,108.6518,118.9617,108.8025,103.9459,114.1307,101.6197,99.2267,114.9074,124.0834,101.7689,118.1328,148.1548,90.0596,107.066
2011-08-09,74.1865,81.0192,108.6808,119.1788,110.3032,104.8751,115.3478,102.6658,100.3279,115.632,125.2274,100.7688,117.9056,151.3176,90.497,107.0628
2011-08-10,72.743,79.6517,108.8441,118.5477,108.2317,104.0626,114.3276,102.274,98.5659,115.4322,123.285,99.5487,117.6539,150.5695,90.717,107.1022
2011-08-11,73.7072,80.2231,108.8482,118.9335,108.9978,104.7013,114.9557,102.7178,99.3634,115.5067,123.3486,98.6114,117.9633,152.8928,90.5548,107.1889
2011-08-12,75.5285,81.3343,108.3067,118.907,109.7949,105.1348,115.9897,102.5604,100.0286,115.7416,122.9408,100.1402,118.5382,153.297,90.8651,107.2256
2011-08-15,75.9448,82.2076,108.5109,119.3171,110.0354,105.8352,116.414,102.5293,100.8462,115.74,124.0658,100.0697,118.742,154.049,91.2438,107.2433
2011-08-16,75.0469,81.8541,108.5815,119.4132,109.5745,105.349,116.4609,102.3124,100.4549,115.904,124.205,99.2963,119.8128,152.5769,91.5744,107.2278
2011-08-17,74.4905,81.5478,108.5677,118.8315,108.9243,105.1143,116.158,102.2717,99.4985,115.5977,123.3429,99.0175,119.5266,152.0601,91.3824,107.2189
2011-08-18,73.3466,80.8944,108.6261,119.2736,108.8085,105.0357,116.1272,102.035,99.7001,115.8828,123.9045,97.2672,118.694,152.6975,90.8854,107.2781
2011-08-19,73.5788,81.6508,108.8726,119.4604,109.6806,105.4165,116.1847,102.3747,100.0862,116.2861,125.5401,99.4484,118.2685,154.4364,90.9495,107.315
2011-08-22,74.0365,81.9768,108.5877,119.7835,110.6475,106.5271,117.4608,102.6075,100.6451,116.2304,125.3894,98.5376,118.6577,152.4845,90.9816,107.2609
2011-08-23,72.1605,80.4577,109.3054,120.6832,110.4862,107.1358,118.271,103.1346,100.1483,116.5764,123.6306,97.7074,119.0503,149.1366,90.7155,107.2279
2011-08-24,72.4481,80.7288,109.1232,120.713,110.9687,107.5749,118.2192,103.1306,100.715,116.674,124.1146,98.6745,119.8823,147.7664,90.3879,107.2668
2011-08-25,71.8429,80.632,109.165,120.6688,110.4625,107.9165,118.2416,103.0911,100.5003,116.5876,123.0953,98.6726,120.5161,145.1076,90.6263,107.2201
2011-08-26,71.9586,81.7173,108.831,120.7985,110.7246,108.4695,119.4593,103.0785,101.1532,116.7662,121.9,98.6004,120.8771,143.778,90.5826,107.2818
2011-08-29,72.0741,82.6932,108.9019,120.8098,109.8566,108.9979,119.3998,102.8311,101.173,116.7614,122.3262,98.0075,122.123,146.3834,91.0803,107.2991
2011-08-30,71.7328,82.8784,108.7102,120.7793,111.0216,109.9182,119.6999,103.0758,100.9894,117.1772,121.2387,97.7918,122.0216,143.1743,91.5534,107.3177
2011-08-31,70.8442,83.6686,108.6439,121.0207,112.0882,109.9262,120.3159,103.3005,101.2092,117.7796,120.8435,97.4969,124.3783,140.8258,91.4089,107.3448
2011-09-01,69.9323,83.2049,108.7086,121.2687,110.9112,110.1464,120.6617,103.2785,101.4819,117.4824,121.3951,97.7947,125.1144,138.2596,91.219,107.3666
2011-09-02,70.789,83.2911,108.6706,121.3446,111.7505,110.3556,120.3618,103.2401,101.2232,116.7221,121.2717,95.5719,124.7545,141.5768,90.9867,107.4133
2011-09-05,71.51,84.387,108.5313,120.9004,111.5682,110.031,119.7794,103.0655,101.8066,116.8872,121.7734,92.8797,125.75,144.412,91.0256,107.4861
2011-09-06,69.9835,83.9296,108.5298,120.9432,110.9766,109.9329,119.5882,102.9508,101.5801,117.0766,122.5115,91.6338,125.432,145.0152,90.3814,107.4156
2011-09-07,68.6968,83.4846,108.5461,120.6886,109.7977,109.0808,119.5169,102.6294,100.6785,116.7981,121.7719,91.1716,125.9603,142.9409,90.4343,107.4091
2011-09-08,69.7834,84.566,108.0067,120.4796,109.914,109.3598,119.946,102.5086,101.3276,116.5616,122.9431,90.4919,126.1785,145.0816,90.601,107.364
2011-09-09,69.7151,84.1083,107.7584,120.4725,110.1607,109.232,120.1619,102.0837,100.9364,116.1698,122.7623,89.4609,125.2784,144.0874,90.7834,107.2728
2011-09-12,68.3447,84.4613,107.4564,120.2123,109.0034,108.9378,120.3001,101.7008,100.4281,115.5631,122.1892,89.4844,124.241,143.7222,90.3175,107.3049
2011-09-13,68.7157,84.7709,108.0142,121.4128,110.2609,110.219,122.0962,102.6112,101.6933,116.3991,123.175,89.5433,124.3658,143.2066,91.0739,107.3654
2011-09-14,69.4761,85.7756,108.3705,122.1872,111.7048,110.6518,122.3936,102.7993,101.7482,116.5821,123.4386,89.086,126.6741,145.9414,92.047,107.3726
2011-09-15,70.1834,86.6968,108.3453,122.3984,112.4571,111.1132,122.4623,103.0783,102.6241,116.6973,123.9329,88.4973,126.9549,148.4983,91.8108,107.3471
2011-09-16,69.4361,86.0752,108.6445,122.408,111.5573,111.516,122.0202,103.063,101.7908,116.7109,124.2358,88.4988,126.5123,150.2523,91.9406,107.4001
2011-09-19,70.2888,86.3874,108.9205,122.2826,111.4205,111.362,121.5085,102.9552,101.6005,117.4709,124.6235,89.3095,127.9942,153.2695,92.5364,107.4156
2011-09-20,70.2856,86.6951,108.5314,122.1091,111.7494,111.2781,121.6284,102.5625,101.4436,117.3822,122.2523,88.8678,128.3257,150.8352,92.5117,107.3959
2011-09-21,70.0742,85.9098,108.6672,122.8674,112.9116,112.5815,122.4777,103.4597,101.9429,117.8189,121.2976,89.0221,128.2839,148.4831,92.29,107.4023
2011-09-22,70.3186,86.3732,108.2942,122.2156,112.0229,112.0131,122.3009,103.1897,101.5496,117.3675,121.619,90.3255,128.3947,149.246,92.1367,107.4044
2011-09-23,69.9878,85.9961,108.1797,122.2769,111.6944,111.7824,122.6225,103.1204,101.5873,117.3383,120.7995,89.5068,129.564,146.4745,92.1987,107.4223
2011-09-26,69.7249,85.0558,107.5866,121.6835,111.461,111.5677,122.1594,102.2176,99.9077,116.7142,119.0233,89.266,129.3735,145.5872,91.7555,107.4849
2011-09-27,70.2684,85.6766,107.2418,121.3213,111.2871,111.8604,122.8659,101.9535,99.9949,116.9752,119.4408,89.4128,128.9213,146.6539,91.7366,107.5118
2011-09-28,72.1374,86.8332,106.7313,121.0515,112.2334,112.7087,123.183,102.1836,100.8123,117.2199,119.5246,90.1449,129.8573,146.937,92.1995,107.4897
2011-09-29,70.5468,84.65,107.2092,121.6057,111.8307,113.0813,123.4868,102.7281,100.065,117.4183,117.7566,88.7055,129.9242,143.5285,92.0896,107.4899
2011-09-30,70.1613,84.7792,107.5694,121.5434,112.372,113.8209,123.7215,103.245,99.9674,118.0189,118.132,88.4892,129.5868,144.6895,91.6711,107.4157
2011-10-03,69.2252,84.0324,107.5003,121.4362,110.8694,113.6551,123.4899,103.1713,99.2013,117.3581,118.1319,88.8509,130.6488,144.1662,91.3661,107.3822
2011-10-04,68.4854,83.7735,107.9084,121.3835,109.6639,113.0762,123.6234,103.3414,98.7437,117.7961,118.248,89.2921,132.397,143.5597,91.7539,107.4014
2011-10-05,66.2719,81.9055,108.5511,121.5178,108.2772,111.6604,122.6431,103.3603,97.4241,118.4872,116.7329,89.1313,131.1873,142.2092,92.3318,107.4045
2011-10-06,66.4615,82.1001,108.4767,121.0192,107.4088,110.8045,122.5305,103.1887,97.165,117.9799,116.8969,89.6254,133.1175,141.3242,92.1353,107.4482
2011-10-07,67.4512,83.1745,107.9974,120.7303,108.1958,110.7869,123.0896,103.2071,97.4757,117.3522,116.4848,89.4761,133.4276,139.8045,92.5643,107.416
2011-10-10,66.5267,82.5644,108.0815,120.211,107.4906,110.9755,122.1241,103.3987,97.0096,117.1808,115.3824,89.7969,132.0213,138.0886,92.0075,107.5318
2011-10-11,67.1674,82.8028,108.1867,120.7355,108.3274,111.4998,122.9903,103.9733,97.9652,117.5618,115.95,90.2678,132.8874,137.9694,91.9343,107.5859
2011-10-12,66.7434,82.7215,108.4633,121.9169,109.0602,112.0321,123.3689,103.867,98.0185,117.5941,116.3202,90.3201,134.5808,137.9963,92.6165,107.5765
2011-10-13,67.5612,84.3675,108.5657,121.5059,109.0667,111.3886,122.2195,103.0976,98.374,117.708,116.7737,92.1689,135.6894,138.1463,93.4485,107.6319
2011-10-14,67.5272,84.9173,108.4113,121.913,110.1138,111.9767,122.5452,103.3553,98.7466,117.4747,117.128,92.0524,136.0535,137.6836,93.5802,107.6048
2011-10-17,68.278,85.2801,108.4353,121.6582,109.9845,112.0925,122.2375,103.3041,98.3586,117.6195,117.7831,92.6075,137.232,142.0343,93.216,107.626
2011-10-18,67.9026,86.0055,108.3318,120.6941,109.9568,112.387,122.1744,104.0479,97.5983,117.477,117.5681,91.9573,136.3993,142.9657,93.0323,107.6343
2011-10-19,67.2965,86.0263,108.7962,121.3215,109.652,112.6099,122.1082,104.2523,97.7778,117.4821,118.6809,92.3289,136.9023,144.2669,93.2595,107.6402
2011-10-20,67.7824,85.9388,109.0865,121.2945,109.264,113.0609,122.5952,105.0185,98.0071,118.1009,118.9488,92.5097,139.2771,143.7175,93.679,107.6508
2011-10-21,68.4943,86.4154,109.4377,121.2393,109.1655,112.7739,122.2824,104.8422,97.469,118.3057,119.6845,93.1361,139.6104,147.6588,94.5265,107.6507
2011-10-24,66.821,84.3585,110.0362,122.0408,108.6862,112.8339,122.9342,104.8996,96.0852,118.5613,118.6563,93.5294,139.0254,147.3329,94.3465,107.6979
2011-10-25,66.7991,83.8436,109.5162,121.3974,108.1382,112.3287,121.7085,104.4134,94.8896,118.1853,118.06,95.14,138.4859,149.3933,93.9942,107.7137
2011-10-26,67.2416,84.2884,109.4354,121.2792,107.3861,111.7524,121.0191,104.2721,95.4247,118.0291,117.9941,94.3536,139.6696,150.1249,94.3898,107.6802
2011-10-27,68.6797,85.362,108.7874,120.3827,107.3457,111.9322,121.1272,103.7255,95.1798,117.7467,117.7726,94.6915,139.7087,153.0909,93.9294,107.6872
2011-10-28,67.2098,84.2907,108.6526,120.0227,106.1855,110.5486,120.4941,103.1716,94.3956,117.2729,117.8729,94.7056,138.1438,152.2793,93.1211,107.7346
2011-10-31,66.9371,83.4815,108.022,119.3001,105.7726,110.2536,120.2361,102.8016,94.348,117.374,117.7558,95.1402,135.6526,148.8014,92.8194,107.7801
2011-11-01,68.2718,84.4791,107.9986,119.1627,105.2872,110.6857,120.4988,102.7703,94.9289,117.0318,118.7887,94.7879,136.5698,150.5495,93.4722,107.7796
2011-11-02,69.6799,86.0194,108.1222,119.5815,106.4683,111.622,121.573,102.8851,95.6409,117.0896,120.1499,93.1599,138.071,154.0933,94.0025,107.7821
2011-11-03,69.7761,86.4886,108.2844,119.5882,106.2655,110.9307,121.4333,103.2433,96.4118,116.8474,120.8487,93.4513,138.865,154.3007,93.4599,107.7895
2011-11-04,69.028,85.225,108.0151,119.1563,105.213,111.1677,121.5845,103.071,95.4219,116.2407,120.1394,92.2938,137.3068,154.0804,92.6217,107.8039
2011-11-07,69.2837,84.7469,107.5754,118.9851,104.4727,110.6029,121.3275,102.3724,95.4966,115.7819,120.1661,91.8135,135.9494,154.3114,92.5092,107.7807
2011-11-08,69.2092,84.5045,107.3489,119.1,105.1571,111.0784,122.1184,102.5266,95.4291,115.8141,120.2493,91.444,136.407,153.2886,92.0727,107.7322
2011-11-09,68.6118,84.0713,107.2573,118.9261,103.9138,110.3612,121.3456,101.6865,95.4165,115.1121,120.6121,91.3676,136.3885,150.8345,91.931,107.7061
2011-11-10,68.9357,84.9577,107.0652,118.6416,103.5856,110.7875,121.4778,101.7207,96.5915,115.1353,122.0317,90.1988,135.8894,150.005,91.9556,107.759
2011-11-11,68.7774,85.2176,107.333,119.1193,104.4961,111.5192,122.4129,101.8653,96.8609,115.8078,121.15,87.8398,135.0972,150.081,92.395,107.8235
2011-11-14,70.633,86.7622,106.8061,118.3632,104.33,111.8171,123.3976,101.6982,96.5544,115.5133,121.1606,88.2318,137.0703,152.6445,92.7103,107.8526
2011-11-15,70.1678,86.0219,106.7928,118.6353,104.315,111.6687,123.3212,101.5594,96.4419,115.1082,121.753,86.6997,136.562,152.3129,92.764,107.8161
2011-11-16,70.2537,86.0661,106.7182,118.8138,104.2123,110.9118,123.6778,101.7273,97.2683,115.2071,122.3906,89.0439,135.4802,149.3903,93.2579,107.796
2011-11-17,69.9762,85.1706,106.4225,118.4955,103.3576,110.4242,122.8938,101.4594,97.1292,114.7017,122.432,89.7664,132.9929,148.0699,93.2856,107.7956
2011-11-18,70.3926,85.4014,105.6998,118.1437,103.4633,110.4129,122.8711,101.1694,97.4151,114.6204,121.0749,88.4776,132.5729,147.6249,92.993,107.7168
2011-11-21,70.3307,85.0112,106.1183,118.6007,102.9656,110.3219,123.0257,101.3677,98.1311,114.8669,122.4152,87.7366,132.9244,148.4986,92.9677,107.7638
2011-11-22,71.1606,85.666,106.154,118.2366,103.4285,109.6205,122.73,101.4683,98.3021,114.7531,121.9875,88.55,134.269,147.8387,92.8986,107.721
2011-11-23,70.9318,85.7931,106.3337,118.9773,104.3613,110.3991,123.4435,101.2609,98.9048,114.8239,121.5627,89.116,133.4131,146.4055,92.4684,107.72
2011-11-24,70.4812,85.6155,106.3736,119.1527,104.0381,110.3956,124.034,101.136,98.2612,114.3354,120.0215,89.6648,136.1109,144.3135,91.9991,107.7892
2011-11-25,70.9169,86.145,106.0665,119.1401,104.0405,110.9494,124.7956,101.0984,98.3393,114.5051,119.8804,88.7129,134.8377,144.5263,93.253,107.8202
2011-11-28,71.8127,86.6742,106.2055,120.041,105.597,112.4173,126.0552,101.6053,99.236,114.72,119.9735,88.8527,136.1171,145.0075,93.1556,107.7973
2011-11-29,70.6206,86.7291,107.4095,120.9306,105.9465,112.3366,125.929,102.5239,98.8208,115.0093,120.3153,89.2136,138.2472,147.095,93.3938,107.8409
2011-11-30,71.9251,88.5039,107.4072,120.4155,105.599,111.7598,125.9044,102.6397,98.7751,114.6078,120.4414,89.4539,141.2092,150.4725,93.5882,107.8373
2011-12-01,71.6241,88.2595,107.4372,120.1821,105.0862,110.7539,125.1156,102.3372,98.5472,114.486,120.2447,89.6461,140.8872,148.5849,94.2841,107.8903
2011-12-02,72.1673,88.8772,107.4918,120.1922,104.6322,111.2097,124.6115,102.2247,98.4612,114.1252,120.1508,90.5608,141.0528,150.2944,94.961,107.8778
2011-12-05,72.3097,88.6242,108.1469,120.4828,104.0453,111.5995,124.4799,102.5562,98.9517,114.0336,121.5637,89.6133,141.907,150.4142,95.3319,107.9028
2011-12-06,72.1648,89.0282,107.9352,120.1227,104.1697,111.8336,124.2696,102.3731,98.8345,114.0377,121.5184,89.5974,141.5112,149.6684,95.2309,107.9419
2011-12-07,71.8087,89.4427,108.7269,120.8195,105.3247,112.0817,123.7593,102.6289,98.6184,114.0615,122.6797,89.9752,142.0507,150.3908,96.326,107.9308
2011-12-08,72.3759,89.9539,108.6824,120.7607,105.6343,112.3589,124.032,102.5797,98.5346,114.1177,122.264,91.0938,142.4082,151.632,96.0727,107.9601
2011-12-09,71.5637,90.6594,108.8753,121.0629,105.6212,112.4078,124.1547,102.1829,98.9462,114.2689,123.0764,90.13,142.3618,151.5902,96.1475,107.9687
2011-12-12,70.2043,89.1394,108.9548,121.174,105.0489,111.5433,123.8421,101.9391,98.2382,114.2499,122.188,89.9513,141.5759,148.9969,96.0646,107.9882
2011-12-13,70.4694,89.0319,108.7734,120.602,104.0766,110.6887,122.7425,101.4051,97.3482,112.9084,122.1302,89.4152,141.4936,149.3488,96.5759,107.983
2011-12-14,69.4735,88.6328,108.6379,120.8669,104.5693,111.4111,122.9143,101.1463,96.9878,112.9689,121.7686,89.7978,140.7912,147.8779,96.0731,107.9562
2011-12-15,70.9802,89.2564,108.7803,121.738,106.7567,112.8973,124.653,101.7494,97.7926,113.5836,121.5637,89.7843,141.9155,147.2887,96.93,107.9066
2011-12-16,70.1588,88.4873,108.5301,121.8537,107.0366,113.7279,125.4077,101.6851,97.0491,113.3188,121.4716,89.9797,140.3831,145.566,96.833,107.9553
2011-12-19,70.2102,87.3657,108.2327,120.9632,105.4166,112.3539,124.8123,101.2251,96.556,112.6522,121.4453,89.879,139.0419,145.0225,96.0767,107.9414
2011-12-20,69.994,86.8568,107.8414,119.9453,104.4316,111.1934,123.5382,101.095,95.8618,111.9414,121.3071,88.9338,138.4897,142.3714,96.7531,107.9925
2011-12-21,71.462,87.8849,107.3661,119.82,105.1723,111.9788,124.4712,101.5078,96.4118,111.7983,120.8402,90.0152,138.4664,142.7272,96.8031,108.0775
2011-12-22,71.7435,87.9225,107.2553,119.8087,104.1736,111.4442,124.3687,101.3786,97.1583,111.5946,121.7612,88.5861,138.0615,143.919,96.9087,108.1042
2011-12-23,71.2392,87.8611,106.9683,119.8589,104.8353,112.2935,125.3208,101.495,96.9195,111.5648,121.4872,88.0452,137.312,142.3353,96.6525,108.1264
2011-12-26,70.206,87.004,106.8492,120.1699,105.3209,112.7007,125.6257,101.7306,97.3697,111.7001,121.7549,87.9707,135.7151,138.7335,96.1796,108.1641
2011-12-27,70.3991,86.7689,107.2314,120.4983,106.1577,113.1373,125.487,102.2099,97.4934,112.2872,121.8584,86.4678,134.7033,140.6138,96.7322,108.1324
2011-12-28,69.5301,86.0671,106.8582,119.3093,104.4153,112.2764,124.1475,101.6438,96.6486,112.1865,120.9449,86.6755,134.4008,138.3749,96.3087,108.1037
2011-12-29,67.9549,85.4898,107.2601,119.5525,104.5073,112.2057,124.2423,102.1813,96.4624,112.5541,120.4754,86.0732,134.4004,135.3311,96.4377,108.0416
2011-12-30,67.1759,85.6111,107.1673,119.2574,104.7501,112.5994,125.335,102.7301,96.5757,113.103,120.2036,85.4159,133.141,133.11,96.0776,108.0725
2012-01-02,66.116,84.7652,106.4609,118.7616,103.8287,111.2839,124.4118,101.7299,95.829,112.572,118.996,88.0443,131.5669,130.0376,95.3911,108.1313
2012-01-03,67.4902,85.6185,106.1597,118.092,103.0563,111.1304,124.1439,101.8851,96.6904,112.3345,119.7349,88.5845,131.0673,130.9195,95.6938,108.0746
2012-01-04,66.0761,85.6574,106.2125,118.3991,102.4762,110.8704,124.2278,101.3507,96.67,112.062,120.1919,88.1181,129.7281,128.872,96.2556,108.0793
2012-01-05,66.4383,86.6478,106.1733,118.4709,102.5729,112.2302,125.1119,101.777,96.9567,111.8019,121.337,88.0474,130.5249,130.8164,95.9653,108.0667
2012-01-06,67.4778,87.8502,105.8902,117.9446,102.7909,111.6165,124.4753,101.6738,97.3729,111.2203,121.6167,88.3214,130.2731,131.4374,96.1883,108.1132
2012-01-09,66.4041,87.0238,106.2447,118.0208,102.4324,111.5384,123.9006,102.2081,97.4167,110.9456,121.6003,87.8661,129.4846,129.2536,96.0044,108.0939
2012-01-10,67.0356,88.0068,106.4439,118.3554,102.4783,111.7218,124.7986,102.4272,98.0011,110.9104,122.0791,88.1798,130.1802,130.0192,96.5782,108.1127
2012-01-11,68.8058,89.9646,106.2523,117.7341,102.8239,112.1953,125.0302,102.5734,98.0798,110.7419,122.3926,90.0547,132.0672,132.2293,96.7229,108.09
2012-01-12,68.6947,89.4815,105.6128,117.5487,103.2917,112.0257,125.0786,102.0827,97.4927,110.6728,122.0485,90.165,130.717,134.0601,95.7065,108.0152
2012-01-13,68.061,89.1086,105.4876,117.2018,103.0356,111.7233,124.2885,102.4124,97.5041,110.3329,122.3679,87.7775,129.3691,134.7961,95.2489,108.0493
2012-01-16,69.5708,89.8244,105.6129,117.0844,102.7663,111.9916,124.2226,102.4666,97.6874,110.1995,122.9912,87.5221,130.2584,138.8858,95.4709,108.1072
2012-01-17,69.6619,90.3272,104.9951,116.6618,102.437,111.9443,123.9356,101.7773,97.2144,109.4826,123.3935,88.5746,129.3258,139.2056,95.511,108.1563
2012-01-18,70.343,90.6598,105.0357,116.5337,102.57,111.8493,124.3455,101.6952,97.1146,109.3443,122.4747,88.8789,129.9759,139.4801,95.2785,108.1298
2012-01-19,70.517,90.5134,105.2644,116.7535,102.9553,111.6542,123.6141,101.7012,96.8185,109.374,123.4434,88.597,130.0512,143.1221,95.3769,108.0797
2012-01-20,71.5731,92.7144,105.1772,116.4136,103.0268,111.9332,124.0178,101.7003,96.9809,109.7574,123.141,89.8021,131.6207,146.5229,95.6237,108.0654
2012-01-23,70.7389,91.5885,105.0546,116.2348,102.6905,112.7481,124.6087,102.2493,96.6855,109.4774,122.3209,89.4963,130.4303,143.7159,94.8221,108.0175
2012-01-24,71.8616,92.54,105.3433,115.8709,102.194,112.7346,124.561,102.5689,96.8255,109.4688,122.9318,88.6885,132.6238,146.5261,95.0374,108.0737
2012-01-25,71.1186,91.6488,105.0336,115.3903,101.2189,112.1521,123.9452,102.3086,96.3176,109.1799,122.2,88.5023,130.5166,145.134,94.9911,108.1603
2012-01-26,72.2711,92.6698,104.9449,114.9377,101.2785,112.7813,124.4724,102.528,96.5651,109.0906,122.5963,88.8734,129.037,148.4414,94.5483,108.1684
2012-01-27,72.1825,92.4549,104.7889,115.0179,101.0549,113.1086,124.155,102.0744,96.4164,109.3965,122.6429,89.0452,129.2878,150.7452,94.0415,108.1746
2012-01-30,71.1715,91.0443,104.9278,115.1073,101.5469,113.3592,124.7998,102.395,95.7772,109.9051,121.832,87.0447,128.8167,149.5233,93.4564,108.1481
2012-01-31,71.6258,91.8084,105.2352,115.2751,101.8316,112.7236,124.5976,102.2167,95.5255,109.5257,121.7682,87.2285,130.9903,152.5536,93.0697,108.1447
2012-02-01,71.7633,91.2301,105.4737,115.5909,101.7403,112.8209,124.5344,102.234,95.2719,109.6164,121.4787,87.3564,132.1876,152.4476,93.5177,108.192
2012-02-02,70.349,89.8829,105.7616,115.4115,100.9399,111.6934,123.504,101.8973,94.0743,109.1951,120.2318,87.4925,131.4582,152.4717,92.6294,108.2015
2012-02-03,70.6952,89.985,105.7055,115.4035,101.717,111.9115,123.7439,101.6636,94.3444,109.3788,120.2028,86.9671,130.3334,151.3281,92.6784,108.257
2012-02-06,70.0772,88.836,106.1251,116.027,101.4917,112.1564,125.1111,102.0155,94.3096,110.0567,119.5423,85.5733,129.9135,150.8623,92.8453,108.2955
2012-02-07,70.2309,87.9302,105.5132,115.4823,101.2636,111.8993,124.8236,101.3254,93.5821,110.1959,118.5525,84.8466,128.7057,151.1881,92.5777,108.2943
2012-02-08,69.8635,88.486,105.7885,115.8702,101.6714,112.4718,125.9638,102.2553,94.0958,110.7274,118.7118,85.7808,129.1764,150.271,92.7245,108.2922
2012-02-09,69.9208,88.4109,106.0152,116.4836,103.0298,112.8465,126.1071,102.1439,93.7505,110.9645,118.1278,86.609,130.6033,150.4861,92.6337,108.2855
2012-02-10,69.1311,88.9511,106.7943,117.8622,103.2231,113.6493,126.7992,102.4964,94.9004,111.6677,118.9059,87.0875,131.6695,149.6213,93.5404,108.3651
2012-02-13,69.6618,88.9272,106.7657,117.9226,104.0317,114.8697,127.6149,102.9641,95.7447,111.9272,119.6799,87.1862,130.7767,148.3243,92.939,108.3574
2012-02-14,69.4705,88.4975,106.904,117.8581,103.3947,114.203,127.4128,102.9567,95.522,112.0342,119.5823,87.2347,131.818,148.7112,92.812,108.3594
2012-02-15,68.9858,87.8953,106.7691,118.1494,103.6938,114.5197,127.3045,102.9121,95.5486,112.2171,118.5254,87.132,131.5612,146.188,93.025,108.4482
2012-02-16,68.5226,87.2132,106.832,117.9747,102.4499,113.1744,126.1094,102.1633,95.2601,112.1492,118.0677,87.8917,130.8605,146.8822,92.7539,108.5137
2012-02-17,68.9727,87.8143,107.0254,118.6445,103.0622,114.1335,126.5567,102.6379,95.7442,112.3521,118.3049,89.2116,131.2062,147.9047,93.4622,108.5488
2012-02-20,68.5312,87.5528,107.0126,118.9234,103.1479,113.9917,126.6209,102.847,96.3531,112.1995,118.664,89.1873,130.5326,145.9735,93.3195,108.536
2012-02-21,68.3134,88.2077,106.9082,118.3715,102.6335,112.8802,125.715,102.533,95.9376,112.038,118.8378,88.0957,130.6292,147.7533,93.6318,108.5478
2012-02-22,68.1906,88.6474,106.7317,118.2903,102.7425,113.2393,125.6206,102.4029,95.7776,112.2208,118.7994,88.049,130.655,147.6226,94.1994,108.5195
2012-02-23,67.5926,86.7583,106.2986,118.4357,102.6003,113.3955,125.5586,102.1671,96.1037,112.0963,119.039,88.2051,128.9383,142.7173,93.747,108.543
2012-02-24,66.0477,85.7671,106.4143,118.2493,101.6062,112.5527,124.5511,101.8945,95.8124,111.874,119.46,88.3454,128.5225,140.7548,92.9421,108.5432
2012-02-27,66.9104,87.1305,105.9256,117.7406,103.7187,113.2641,125.3276,101.9539,95.4646,111.9565,118.7279,89.6108,127.7909,139.3732,93.1326,108.5162
2012-02-28,65.8518,86.8273,105.7773,117.3075,104.0275,112.8123,124.2404,101.5507,94.5668,111.7111,116.8353,88.2795,126.2053,137.8116,92.987,108.5191
2012-02-29,66.1631,86.9821,105.9584,117.7517,104.2421,112.9404,124.0615,101.3209,94.5363,111.9767,116.9677,88.3423,128.1426,139.485,93.3145,108.6059
2012-03-01,66.5058,87.7306,106.0586,118.0591,104.2571,113.309,124.9511,101.5637,95.2363,112.8669,117.0182,88.8545,129.6705,140.6751,93.2738,108.6402
2012-03-02,67.8374,89.1931,106.2042,118.478,106.2113,115.0758,126.1979,102.0068,96.0383,112.9926,118.0489,89.5157,128.4775,140.8732,94.19,108.7023
2012-03-05,67.3727,88.6598,106.3928,119.2629,107.6056,115.2603,126.7875,102.3226,96.0085,113.0582,117.8933,89.4099,127.2687,140.6633,94.2427,108.6525
2012-03-06,65.4043,87.2833,106.2416,119.3717,105.9537,115.0831,126.3212,101.453,95.3697,112.642,116.8044,89.7742,126.8508,137.6529,93.3191,108.624
2012-03-07,66.8241,88.0587,106.2328,119.5838,106.9865,116.6252,127.5396,101.8742,95.7284,113.2031,116.1249,89.7149,127.9377,138.7856,93.742,108.703
2012-03-08,67.1539,88.8264,105.3446,118.9751,106.9863,116.3171,127.199,101.0761,95.42,112.7704,116.1207,89.6128,128.439,139.1346,93.6003,108.6416
2012-03-09,66.9892,88.2555,106.0523,119.5393,106.6654,115.8869,126.2388,101.6574,96.0116,112.6749,116.5408,90.4471,129.0259,139.3675,93.5977,108.613
2012-03-12,67.6569,88.8018,106.3875,119.7778,106.6612,115.0819,125.0727,101.2825,96.6123,112.1855,117.0417,91.5223,129.4476,140.9798,93.5334,108.5983
2012-03-13,67.9721,89.0762,106.8582,120.3418,107.5243,115.7305,125.7816,101.8573,96.7961,112.8702,117.9186,91.3251,130.0701,142.9893,94.2107,108.6001
2012-03-14,68.0041,89.8991,107.2292,120.7707,108.406,116.5618,126.5059,102.1097,97.1726,113.0759,117.8512,91.5465,130.9025,141.6429,94.5611,108.5703
2012-03-15,67.9459,89.8642,106.9893,120.9322,109.8664,117.4981,127.2394,102.0414,97.2427,113.6832,117.2355,91.1735,131.3231,137.9962,94.9064,108.5922
2012-03-16,69.2325,91.3899,106.8868,120.804,111.5986,118.133,127.4566,102.6206,98.2465,113.9136,118.4621,90.3974,131.2753,140.8468,94.4865,108.6153
2012-03-19,70.5848,92.3613,106.4828,121.052,112.9212,118.5459,128.5673,103.0462,99.6212,114.1058,118.9262,91.2803,131.3482,140.6299,94.2996,108.6383
2012-03-20,71.1895,92.3575,106.3574,121.0804,113.595,118.5688,128.2391,102.8001,99.8855,113.8553,118.9051,91.3317,131.8762,138.8244,94.5463,108.6106
2012-03-21,70.5723,91.6605,106.6804,121.2994,113.0636,118.2828,128.2986,103.0788,99.4094,113.8737,118.9363,91.4182,133.8136,138.931,94.2723,108.6571
2012-03-22,72.0167,93.1275,106.813,120.9164,113.8306,118.2499,128.3509,103.9364,99.8308,114.0719,120.0906,91.5861,134.831,143.2517,94.2623,108.6294
2012-03-23,71.8041,92.3199,106.7602,120.9182,115.1141,118.3224,128.4346,103.8404,98.9874,114.2039,118.7461,91.2418,133.4219,141.219,94.6193,108.6305
2012-03-26,71.9255,92.1118,106.674,120.5905,113.8425,117.6907,127.9747,103.5746,99.0335,113.581,119.3888,92.6416,134.4091,140.2917,94.1836,108.6774
2012-03-27,71.9517,92.4206,107.0771,120.7544,113.919,117.8135,127.6326,103.746,99.2144,114.26,120.4157,93.1659,135.6404,142.5764,94.1994,108.6035
2012-03-28,70.3454,92.1486,107.3279,120.5208,113.1123,118.0821,127.7805,103.7303,99.0985,114.1469,119.809,92.3601,134.7856,137.5923,94.1775,108.5748
2012-03-29,71.3544,92.0338,107.2789,120.9568,114.077,118.0217,128.1145,103.8164,99.7048,114.0522,119.9186,93.0917,136.5126,136.1378,94.3119,108.6038
2012-03-30,71.441,92.2751,107.4594,120.9303,113.8386,117.7472,127.9229,103.7229,100.3179,114.4508,120.8487,92.8911,136.8326,135.4339,94.5901,108.6327
2012-04-02,70.956,91.3456,106.6741,120.1582,112.3663,116.9611,127.9144,103.3105,99.8491,113.5103,120.3289,93.2557,134.779,133.0379,93.9011,108.607
2012-04-03,72.1029,91.901,106.4546,120.4949,114.6762,117.7751,128.2577,103.5956,100.1143,113.6654,119.0019,92.8519,134.6182,134.1129,93.7853,108.6449
2012-04-04,73.5179,92.5238,106.3457,120.7199,115.8334,118.1717,129.0122,103.9877,100.5037,113.5108,119.3284,93.7301,135.0031,134.8654,94.2658,108.5594
2012-04-05,72.5369,91.9412,106.3761,120.2506,115.1501,117.2102,127.7563,103.8869,99.7797,113.4189,118.4484,93.4024,134.3068,133.514,94.5029,108.5761
2012-04-06,73.5738,91.9303,106.4598,120.5603,116.8874,117.6416,127.7104,104.2298,100.4126,113.6351,118.6441,94.7983,134.6592,133.4383,94.0445,108.5539
2012-04-09,73.1984,92.0509,106.0788,119.7758,115.8578,117.3195,127.5414,104.0631,100.0274,113.4732,118.0593,95.472,133.4143,132.0361,93.9474,108.6175
2012-04-10,72.056,91.1377,105.695,119.4558,114.9178,116.6664,127.8183,103.5455,98.7734,113.153,116.8323,95.836,132.2926,131.7755,93.2865,108.6486
2012-04-11,70.8065,90.0112,105.915,119.9646,115.0944,117.0473,128.4731,104.0024,98.4457,113.6613,116.1874,95.3523,132.8863,130.7811,92.754,108.6684
2012-04-12,71.2986,90.5222,106.1285,120.3133,115.1265,117.2974,129.2705,104.2462,98.5091,113.7038,116.0391,95.6534,132.8856,132.7692,93.2456,108.632
2012-04-13,71.4933,90.4947,106.3548,120.4862,115.6314,118.5087,130.4436,104.9366,98.4728,114.2253,115.9739,95.3432,130.5023,132.1183,94.6205,108.6302
2012-04-16,70.9036,90.3493,106.377,120.484,115.1798,118.6826,130.9938,105.0478,98.4466,114.4113,116.3985,94.7348,130.4385,131.9215,94.4655,108.6029
2012-04-17,72.4876,91.1388,106.4445,120.7595,115.1117,119.2798,131.2471,105.2726,99.4267,114.1524,117.3917,95.4872,131.1964,134.0767,94.7578,108.6099
2012-04-18,73.2634,91.3616,106.4785,120.6265,114.7397,119.8073,130.7857,105.1995,99.2129,113.8488,117.3238,96.0534,131.995,135.5881,94.9638,108.5452
2012-04-19,71.2875,90.5367,106.598,120.7466,113.4104,118.8696,130.6483,104.8403,98.4496,113.7251,116.9393,95.75,131.7791,133.731,95.1452,108.6036
2012-04-20,72.1233,91.164,107.1715,121.1416,114.1117,119.4478,130.7665,105.2137,98.3375,113.8527,116.6657,96.3811,133.0048,134.6949,96.2573,108.6663
2012-04-23,73.323,91.5689,107.9634,122.153,115.6163,119.3754,131.2702,105.8184,99.5467,114.9276,118.2795,96.4075,133.4884,138.6984,96.7009,108.6163
2012-04-24,74.2475,90.8766,107.5295,121.8653,115.1608,119.6514,131.6692,106.227,99.8607,115.0265,118.7025,95.324,133.4533,139.299,96.6478,108.6107
2012-04-25,74.2482,90.3444,107.4093,121.9385,113.7513,119.2547,131.909,105.8237,99.354,115.2762,118.209,96.6896,134.4132,140.5873,96.8385,108.6449
2012-04-26,71.3122,88.139,107.6674,121.8867,111.601,118.0337,130.7154,105.228,98.7295,115.3257,117.1258,96.6468,131.2334,136.673,96.3526,108.6757
2012-04-27,70.5559,87.3911,107.7064,121.8177,111.3602,117.6684,129.955,105.4884,98.8618,115.0945,116.7507,96.4561,129.1821,134.4938,96.4241,108.7414
2012-04-30,69.4486,86.6462,107.6156,121.7038,111.295,116.9176,129.3033,105.4554,98.243,114.673,116.2198,96.3695,128.3946,133.1395,96.0197,108.7799
2012-05-01,70.5695,87.3717,107.7794,121.6543,111.9763,117.3245,129.2942,105.5894,97.9057,114.5399,117.8698,96.9904,130.8239,135.7024,96.4186,108.82
2012-05-02,71.0826,86.9413,107.5775,121.6357,111.9816,117.4289,129.5249,105.629,97.403,114.6125,117.5743,95.9917,131.7717,138.6727,95.9992,108.8689
2012-05-03,73.4081,87.6927,107.0863,121.3452,112.4716,118.045,129.6864,105.4658,98.2668,114.7679,118.7088,95.9834,132.6866,139.8514,96.5605,108.9218
2012-05-04,72.8356,87.5798,106.5132,120.5894,111.7989,117.4813,128.8557,104.6318,97.7489,114.0684,118.1964,96.604,130.8965,137.7975,96.1324,108.992
2012-05-07,72.1595,86.8434,106.8816,120.7378,111.958,116.4283,128.1507,104.9418,97.8587,114.5707,117.8998,96.2588,131.4611,135.3929,96.6551,108.9545
2012-05-08,72.6971,86.9919,106.9948,120.9245,111.8441,116.0994,128.2027,104.7429,98.1547,114.4793,117.8528,97.421,132.3193,134.7555,96.9399,108.8584
2012-05-09,74.2619,87.8257,106.7013,121.4862,112.6453,116.7644,128.8524,104.5042,99.8794,114.7539,119.6225,96.8129,132.1488,137.6825,96.5803,108.8644
2012-05-10,74.1924,87.3148,106.3628,121.3884,112.6906,116.6816,128.6137,103.9422,99.4003,114.275,118.4714,94.1603,131.7955,136.8052,96.8109,108.8412
2012-05-11,73.5572,86.6956,106.0351,120.9822,111.9513,116.7133,127.7586,103.5815,99.425,114.2386,118.5975,93.443,131.2454,134.9443,96.4686,108.9093
2012-05-14,72.0739,86.0821,107.0562,122.1098,112.5523,117.2993,127.8892,104.4378,99.5839,114.2783,119.4876,93.4957,131.4632,135.3184,96.0241,108.8801
2012-05-15,72.744,85.7141,107.2255,122.5002,112.2945,117.4735,127.8456,104.7388,100.7337,114.8491,119.5539,93.2846,131.0954,135.6194,96.3053,108.8578
2012-05-16,74.3568,86.7014,108.3502,123.6754,113.1692,118.3987,129.4086,105.3565,101.7215,115.5368,121.2787,95.7699,131.4174,138.5762,97.6007,108.8591
2012-05-17,75.3866,88.1747,108.7069,124.4876,114.5584,119.6259,130.7598,106.1463,103.5351,116.4376,122.9518,95.0823,132.1389,140.5695,98.0908,108.8288
2012-05-18,75.1109,87.8755,108.903,124.7734,114.1272,119.6069,130.9955,105.9306,103.096,116.6867,122.6496,95.0124,132.323,143.5787,97.6368,108.8071
2012-05-21,75.8433,87.928,108.7564,124.0251,113.3425,118.4591,129.119,105.0139,102.6348,115.9992,123.6133,95.0993,132.7268,145.9979,97.3334,108.8078
2012-05-22,76.016,87.0285,108.6944,123.6121,113.1657,118.1171,128.4704,105.0258,102.0873,115.8457,122.6949,94.367,132.8484,146.537,96.5278,108.85
2012-05-23,77.1208,87.5883,108.2593,123.5358,112.5104,118.682,129.7527,104.9352,102.7297,115.9742,122.1909,94.5936,131.6395,146.8706,97.0595,108.8165
2012-05-24,77.3551,88.2779,107.8157,123.3685,112.6238,118.0269,129.8846,104.5607,102.9196,116.0591,123.2097,93.3265,132.4643,149.6527,96.723,108.8261
2012-05-25,78.1447,89.2171,107.598,123.1675,113.1207,118.3036,129.8801,104.1969,102.8026,116.3419,123.7874,92.9054,132.8745,152.4346,97.1446,108.8209
2012-05-28,77.1124,89.2047,107.6575,122.8719,113.1594,117.6158,128.5827,104.1633,102.4837,116.4627,123.4389,92.7022,133.8385,150.7336,97.0645,108.8349
2012-05-29,75.1604,87.3769,107.3644,122.9313,113.7027,118.4101,128.8864,104.2905,101.9814,116.6585,121.3036,92.0255,130.5887,144.5467,96.6067,108.8018
2012-05-30,74.3396,86.4081,107.6521,122.898,112.6083,117.364,128.5805,104.5609,101.5529,116.2922,121.7386,92.3944,129.1732,143.9833,96.9442,108.7803
2012-05-31,73.7318,85.8496,107.5561,123.0649,112.9349,117.4562,128.6267,104.8777,101.7118,116.2433,121.5833,93.1633,129.039,140.9694,96.741,108.8103
2012-06-01,71.1025,84.1838,107.0793,121.9763,111.0723,115.5954,126.6336,104.2603,100.1042,116.0035,119.95,93.7875,127.2442,137.4785,95.8596,108.8673
2012-06-04,71.791,84.8883,107.1103,122.0256,111.542,115.4513,126.6421,104.3418,100.6443,116.4638,120.769,92.9425,127.6995,139.8929,96.108,108.8952
2012-06-05,72.2033,85.345,106.8914,122.0246,112.1427,115.9172,127.2154,104.2715,100.2279,115.9706,120.8253,93.5605,127.8612,140.1156,96.2912,108.8495
2012-06-06,73.8586,86.9305,107.3736,122.464,113.6335,116.475,128.0923,104.8962,101.6094,116.6726,122.7031,92.2272,129.3164,143.0647,96.9224,108.8745
2012-06-07,73.8394,86.8837,107.3759,122.3357,114.2677,116.5973,127.8103,104.6018,101.6612,116.9725,124.1963,92.1735,128.635,142.5468,97.058,108.9368
2012-06-08,74.2641,86.5739,107.3837,122.2236,113.723,116.7939,127.8005,104.3101,101.0653,116.8428,124.6184,91.8415,129.5164,144.5813,97.0699,108.9228
2012-06-11,73.4932,86.7953,107.6643,122.4055,113.9794,116.7272,128.1494,104.6604,101.052,116.9369,123.8908,92.0743,128.9379,144.1516,96.7667,108.8962
2012-06-12,73.7046,86.7115,107.239,122.2651,114.0429,116.4066,128.3434,104.5631,100.3812,116.644,121.9235,93.3272,130.0175,143.2794,96.6557,108.9048
2012-06-13,73.2924,86.8344,106.6673,121.5411,112.5405,115.4782,128.1029,104.4096,100.0134,116.2039,122.1581,93.4003,130.2418,142.5213,96.836,108.9516
2012-06-14,72.8963,87.3429,106.7942,121.8087,112.4403,115.8141,129.0577,104.3275,99.9456,116.1943,122.5611,93.1909,130.0531,142.9217,97.1243,108.9986
2012-06-15,73.1119,87.6678,106.3095,121.4542,112.2501,116.2125,129.4954,104.3542,100.2813,116.1051,122.4025,93.2813,129.0201,140.7764,97.4796,109.0276
2012-06-18,74.4132,88.4301,106.2995,121.8577,113.273,116.9715,130.5635,104.2565,100.8563,116.4272,122.4785,95.3127,129.2033,141.2236,97.665,109.0303
2012-06-19,72.7063,87.3695,106.7669,122.5641,113.5548,117.2304,131.0334,104.7672,101.0139,117.1254,121.535,94.9709,128.074,138.3679,97.5503,109.0638
2012-06-20,71.8687,87.0677,106.5026,122.687,112.9493,117.29,131.5468,104.5068,101.0036,117.2038,121.7396,94.4263,128.8722,135.683,97.8883,109.0871
2012-06-21,72.4861,87.3617,105.827,122.2094,113.6047,117.6768,132.8574,104.7149,101.0188,117.4876,121.0413,94.869,128.0432,134.9992,97.4566,109.0781
2012-06-22,71.2156,85.5473,105.7511,121.7065,112.5343,116.0388,130.4732,103.6692,99.3049,116.5331,119.2014,95.3331,127.6199,133.112,96.8885,109.0456
2012-06-25,71.6087,85.707,105.8447,121.5665,112.5771,115.0729,130.1907,103.6769,99.0566,116.6882,120.5149,93.4389,129.7903,135.9853,96.9733,109.0897
2012-06-26,72.7733,87.2994,105.7965,121.5571,113.0369,114.8158,129.6603,103.3507,99.527,116.5444,121.5647,93.3623,132.0078,138.464,97.5742,109.083
2012-06-27,71.4359,86.2955,105.8273,121.3702,112.6422,114.1133,128.9475,102.9605,98.8193,116.0508,120.8479,93.7303,130.4787,135.0626,97.3386,109.1623
2012-06-28,71.3846,86.3308,105.6737,121.7659,114.2107,114.7176,129.7334,103.1862,98.8488,115.5566,120.8508,92.6237,129.1306,134.6452,97.1962,109.1865
2012-06-29,75.1074,88.8702,105.5308,122.0702,115.5072,115.9185,131.884,103.8037,100.5719,115.5973,123.125,91.5076,131.1377,140.4324,98.0183,109.2607
2012-07-02,76.8008,89.374,105.0641,121.4978,115.9572,116.0544,131.5468,103.4646,100.5255,115.2315,123.456,91.6814,131.1588,141.6732,98.1349,109.2451
2012-07-03,77.1507,89.5318,105.5286,122.3694,116.8443,116.4122,131.7816,103.9643,101.8524,115.8348,124.1169,91.2105,132.028,142.9744,97.7867,109.2869
2012-07-04,76.9379,89.1325,105.3867,121.9416,116.6576,116.4982,131.9284,104.1499,101.2562,115.637,122.8629,90.6911,131.3935,143.0635,97.0116,109.3238
2012-07-05,76.6641,88.7157,105.4603,122.1504,116.4045,116.2417,132.0978,104.1166,101.5585,115.5561,123.561,90.1309,130.1297,142.6368,97.2458,109.2373
2012-07-06,77.3941,88.9948,105.9978,122.4287,116.3488,116.903,132.9529,104.788,101.6727,115.9994,124.1011,89.2397,131.7895,144.8742,97.7804,109.2792
2012-07-09,77.477,89.4944,106.2904,122.3767,117.3343,116.9813,132.3059,104.6245,101.3187,116.1371,124.616,89.2354,132.5658,145.4115,98.0772,109.266
2012-07-10,77.2305,89.0623,106.076,122.466,116.4878,117.1406,133.3681,104.4868,100.9335,115.5446,124.1753,90.953,131.765,144.192,97.8142,109.2757
2012-07-11,77.3079,89.7824,105.9909,122.3754,117.2995,117.3841,132.5605,104.4564,100.8746,115.8833,124.5326,91.9152,132.0868,146.1747,97.7429,109.3192
2012-07-12,77.8896,88.6891,106.1538,122.56,117.6972,117.2268,132.3489,104.7719,100.9465,116.2548,124.5033,91.744,132.993,146.1836,97.6602,109.2945
2012-07-13,77.986,88.8569,106.3977,123.3483,118.439,117.092,132.9586,104.8263,101.5203,116.684,124.09,93.7342,132.8476,146.8435,97.412,109.2496
2012-07-16,78.4006,88.752,105.6332,122.7872,117.3566,117.0563,132.6338,104.0492,101.0885,115.8668,124.081,93.2179,133.2325,145.7636,97.7217,109.2509
2012-07-17,79.4018,89.1978,105.7564,122.5073,116.8217,116.3574,131.8817,103.4436,101.1654,115.7512,125.7348,92.5219,133.0032,148.3302,98.5448,109.3267
2012-07-18,78.9721,89.312,106.2184,122.9935,116.7573,116.9899,132.1972,103.3716,101.1704,115.8022,125.9783,92.5674,132.8952,149.757,98.3472,109.3673
2012-07-19,77.7131,88.3327,106.4008,123.4231,116.9603,117.3315,132.6159,103.4728,100.7444,116.0327,124.5976,91.8055,132.3502,147.4779,98.2758,109.4329
2012-07-20,78.1031,88.3377,107.0416,124.2734,117.9365,118.2606,134.0773,104.1475,100.679,116.6467,123.6776,93.1367,132.6721,149.5695,98.1959,109.4597
2012-07-23,78.0192,88.2442,106.7418,124.022,117.2072,118.0913,134.0252,103.6294,100.5347,116.2587,124.2463,94.1412,132.9061,147.5929,98.3841,109.4727
2012-07-24,77.8824,87.698,106.8939,123.9418,116.5172,118.0024,133.7017,103.6942,100.0334,115.7244,124.7501,94.6727,132.2349,148.6698,98.3468,109.427
2012-07-25,78.1072,87.351,107.1824,124.1585,115.9974,118.6747,134.3126,103.7518,100.1936,115.8127,124.9847,94.5984,131.4257,150.1554,98.0256,109.4388
2012-07-26,77.2217,87.3626,106.8641,123.7571,115.8898,118.2173,134.2233,103.6302,100.1411,115.3397,124.9832,93.7977,129.2334,147.1499,98.169,109.51
2012-07-27,76.2366,86.0552,107.0299,124.1449,115.2581,118.4884,134.4581,104.0217,99.9284,114.7128,125.0345,94.4761,128.9603,144.8678,97.644,109.587
2012-07-30,74.6769,84.9103,106.7078,123.2108,114.4391,117.4602,133.1247,103.3637,98.4422,114.3544,123.8418,93.6349,127.5906,143.0969,96.9153,109.5111
2012-07-31,74.1524,84.8602,106.7795,123.1924,114.272,116.9911,132.3547,103.1512,97.873,114.5587,122.784,94.391,128.6148,141.8274,97.5646,109.5896
2012-08-01,74.1667,83.8723,107.4364,123.8407,114.5566,117.3374,132.5475,103.4733,98.2499,114.6365,123.0142,94.4105,128.3838,141.0846,97.2426,109.5737
2012-08-02,73.9805,83.1737,107.5553,123.7954,113.8066,117.0385,132.7528,103.8184,98.3115,114.9176,122.8774,92.6617,129.2385,140.1334,97.5778,109.5591
2012-08-03,73.8762,84.0765,107.3994,123.2177,113.3697,116.1244,131.3904,103.4983,98.0446,114.511,123.1735,91.2227,129.9005,143.6625,97.1797,109.5386
2012-08-06,73.4074,83.0678,107.2427,122.8335,113.1555,116.0575,131.3586,103.4183,97.6453,115.1181,122.0354,91.0824,130.443,140.2592,96.927,109.5731
2012-08-07,75.7885,84.9186,107.1978,123.4009,115.425,117.3318,132.6766,104.2908,99.1687,115.5963,123.0084,90.8079,131.2184,144.0119,97.4775,109.5503
2012-08-08,75.8197,84.2813,107.7693,123.8432,116.2457,118.0182,132.7832,105.094,99.1946,116.5228,123.5521,91.4582,131.4089,144.7918,97.7309,109.5751
2012-08-09,75.0837,83.0626,108.1135,124.0063,115.4786,117.9327,132.9131,104.7766,98.5169,116.8003,123.1678,90.3402,132.2507,144.4599,97.4354,109.5981
2012-08-10,74.2669,82.8298,107.894,123.1665,114.7833,117.4402,131.6367,104.6796,97.4385,115.759,122.913,89.1731,131.993,143.6301,97.1851,109.6542
2012-08-13,75.3752,83.2465,108.0411,123.8508,117.2055,118.7752,132.9141,105.5888,98.3721,116.1931,124.1734,89.4369,133.587,143.0807,97.1246,109.6209
2012-08-14,74.6978,82.4486,108.2583,123.8282,116.628,118.1298,132.1708,105.4013,97.9099,116.3596,123.2555,87.7767,134.4089,144.0836,96.5358,109.6435
2012-08-15,73.9011,81.7607,108.3528,124.1422,116.2875,119.1084,133.1679,105.9999,97.8782,116.3323,122.7662,87.8877,133.3273,142.836,96.0772,109.6987
2012-08-16,73.8156,81.1227,108.5717,124.2086,115.5964,119.3806,132.7677,105.8615,97.662,116.097,123.0556,88.5533,133.5889,141.3154,96.5483,109.6823
2012-08-17,73.2552,80.693,109.067,125.0402,115.8921,120.0986,133.9167,106.2534,98.3884,116.5419,123.7845,87.9558,133.7853,139.6725,96.4971,109.6833
2012-08-20,72.8887,80.2564,108.815,124.7979,115.5599,119.5132,133.4224,105.7672,98.1289,116.3826,122.5848,88.3374,133.6931,137.0456,96.4032,109.67
2012-08-21,73.1292,80.543,108.4006,124.5084,116.0322,119.7723,134.1131,106.1642,98.137,116.3874,122.754,88.4792,132.7438,136.505,96.6786,109.5575
2012-08-22,73.2268,80.6845,108.5926,124.305,116.9776,119.4043,132.8364,106.5086,98.3565,116.4465,122.709,88.9262,131.8118,135.7098,96.8194,109.6211
2012-08-23,73.7116,80.3043,108.5157,123.8152,116.5552,118.7088,131.6697,106.7218,98.3496,116.3059,121.8141,88.621,133.0638,136.1762,96.1396,109.6286
2012-08-24,76.3994,82.7881,109.0421,124.8736,118.8733,120.2521,133.8956,107.3832,99.7981,117.3159,123.1385,89.4998,135.5667,140.8279,97.3566,109.651
2012-08-27,77.6802,84.12,108.616,124.7736,120.0181,122.0163,135.3661,107.8846,100.3064,117.8003,123.3118,90.775,135.4617,142.4471,97.2625,109.7157
2012-08-28,77.3029,83.9023,107.8783,124.3083,119.9459,122.6867,135.5267,107.1369,100.5882,117.4546,121.7948,90.4807,133.595,137.4894,96.5883,109.7009
2012-08-29,78.3337,84.9551,108.1379,124.7434,121.7368,123.8444,135.9031,107.7104,101.1518,117.8853,122.7257,90.9801,133.8867,140.0084,96.9673,109.7298
2012-08-30,79.1179,85.2277,108.3553,124.6209,122.0891,124.0998,135.8288,108.075,101.322,117.8613,122.862,91.0987,132.7192,140.6864,97.4808,109.6927
2012-08-31,79.0485,85.5436,108.158,123.5176,120.8129,123.1856,134.5244,107.7264,99.8803,117.1671,122.7094,90.9823,134.0527,143.3652,97.1377,109.7071
2012-09-03,78.9343,84.9383,108.1264,123.6078,120.6593,123.2572,134.8749,107.8909,99.5528,117.4644,122.0717,90.3133,133.954,143.9242,97.2422,109.7286
2012-09-04,79.7039,85.7257,108.034,123.472,122.3239,124.3343,134.9072,108.3214,99.7157,117.5935,121.7664,89.3342,133.642,143.9624,97.6745,109.6868
2012-09-05,80.8298,86.4382,108.2365,124.0616,123.7075,125.3464,136.5332,109.0392,100.5209,117.7014,122.3584,89.1024,134.1766,144.9397,97.7571,109.6189
2012-09-06,82.2248,87.1404,108.1925,123.5324,123.3395,125.1453,136.3146,108.5463,100.4646,117.6809,122.7942,88.9648,134.0736,147.8757,97.816,109.6497
2012-09-07,80.6567,85.2174,108.1103,123.3645,121.2133,124.3151,135.638,108.3067,100.5677,117.034,122.028,89.2835,132.5135,141.4325,97.5525,109.6058
2012-09-10,80.2405,84.7568,108.3232,123.4939,121.3594,124.0493,135.257,108.7555,100.7913,117.2888,121.6065,89.4142,132.3732,140.5931,97.3172,109.6051
2012-09-11,80.5117,84.321,108.6034,123.5903,121.393,123.51,134.8264,109.2232,101.2771,117.2251,121.4886,87.6367,134.6088,141.0566,96.4664,109.567
2012-09-12,81.2776,84.8355,108.3777,123.0206,120.9996,122.8839,134.796,108.803,101.2663,117.1987,121.0405,87.8098,134.7019,140.9982,96.5293,109.4455
2012-09-13,80.5989,85.6633,108.0309,122.5695,120.784,122.3356,134.6082,108.3265,100.9499,117.0561,120.5849,89.6638,133.9294,138.6102,96.905,109.4429
2012-09-14,81.117,85.9233,107.8123,122.3317,121.8641,122.3628,134.5682,108.4471,101.1899,117.4614,120.3393,89.9827,133.3559,137.5178,97.119,109.4229
2012-09-17,82.6795,86.8747,107.9717,122.3106,122.2236,122.3775,134.1378,108.2383,101.6583,117.0853,122.2684,89.8489,133.046,140.9455,97.6623,109.43
2012-09-18,83.1302,87.033,107.8315,122.2831,122.8186,122.6939,134.7241,108.5829,101.8782,117.0629,121.3838,90.4386,131.2541,139.7539,98.0357,109.4035
2012-09-19,82.8767,87.3699,108.4893,122.9105,122.9148,123.1907,135.2838,109.0834,102.1562,117.6432,122.6096,92.832,132.3065,140.9599,98.2254,109.3701
2012-09-20,82.3928,87.4011,108.9804,123.1943,122.4969,122.9237,134.58,108.8746,102.3879,117.4611,123.773,93.8625,131.8908,142.1307,97.9517,109.3725
2012-09-21,82.4421,87.6631,109.4664,123.1634,123.3657,121.9355,134.3267,109.3386,102.6203,117.8856,124.5123,93.4024,131.2336,144.0245,97.6832,109.3303
2012-09-24,83.3451,87.7427,109.2686,122.9341,123.2271,121.9154,135.1452,109.8767,102.6092,118.1065,123.2096,93.957,132.5081,143.5904,97.7418,109.3313
2012-09-25,83.4191,88.0517,110.292,124.3084,124.1969,123.3943,136.5028,111.0994,103.6847,119.1434,124.6493,94.1849,134.1769,144.5063,98.7473,109.3233
2012-09-26,83.147,88.1037,110.3201,124.5074,124.7153,123.3542,136.7766,111.186,104.0439,119.3288,125.6794,93.282,133.2696,144.7234,98.9417,109.2737
2012-09-27,83.7802,89.0623,110.2247,124.6175,125.756,125.0793,137.5909,111.7479,104.0381,119.8311,125.4756,94.0234,134.3143,147.2942,98.7125,109.2813
2012-09-28,85.4287,90.2257,110.6533,125.5028,127.1239,127.2847,138.5275,112.4282,105.225,120.3242,126.3057,95.0897,136.6302,148.7857,99.2325,109.277
2012-10-01,85.3545,91.0855,110.8863,125.8372,128.0367,127.4812,138.9803,112.3648,105.2825,120.105,126.5794,93.6698,138.7329,149.6206,98.9259,109.3404
2012-10-02,86.1839,92.1653,111.1797,126.2035,128.9097,128.298,139.6908,112.7574,105.1629,120.4557,127.7261,94.0389,140.2375,154.5079,99.1871,109.435
2012-10-03,87.425,93.4872,111.1161,126.3634,130.443,128.3152,139.402,112.9084,106.108,121.3487,128.7514,93.3563,142.1411,157.7895,99.3739,109.4533
2012-10-04,87.8642,94.4146,110.5981,125.5466,130.654,128.2247,138.7791,112.8243,105.9488,121.2567,127.635,93.6326,142.5406,156.9122,99.2444,109.4771
2012-10-05,91.3019,97.0703,110.2247,125.3378,133.469,129.6121,139.6858,112.9312,106.943,122.0473,127.9188,94.3672,144.2077,160.1159,99.6032,109.5367
2012-10-08,90.538,96.4212,110.3152,125.9592,134.0943,130.6983,140.0592,113.2489,107.6354,122.4406,127.4788,94.264,144.3008,156.6962,99.4739,109.5089
2012-10-09,91.4857,97.0248,110.1293,125.8004,135.4128,131.3874,139.8208,113.3855,108.2397,122.6283,128.1285,94.1675,143.4501,155.6928,100.0707,109.4926
2012-10-10,93.0267,97.7846,110.632,126.1509,135.7614,132.352,141.1087,113.8388,108.8997,123.7715,129.4227,94.9298,144.4759,158.6605,100.7113,109.4985
2012-10-11,93.479,97.3184,111.0463,126.8806,135.9151,131.7212,140.6795,113.7832,109.1111,123.8496,128.5084,95.0502,146.3744,158.8237,101.2696,109.4577
2012-10-12,94.1923,97.3706,110.9459,126.3819,134.9859,131.0608,139.956,113.4674,108.7973,123.6724,127.745,96.1534,145.9507,160.0456,101.2558,109.4337
2012-10-15,92.8487,97.6114,110.9292,126.4968,134.1116,130.4345,140.2009,113.5117,110.2912,123.8557,128.6388,94.6741,144.9996,157.865,100.6597,109.3908
2012-10-16,93.131,96.91,110.4138,126.3549,134.2435,130.9547,140.6889,113.3862,109.9609,123.6203,127.6302,94.6662,146.3453,154.4936,100.5659,109.4304
2012-10-17,90.7321,96.5179,111.366,126.6299,133.8671,131.5706,140.1821,114.3377,109.996,123.6784,128.1244,94.607,143.6304,152.309,100.9496,109.387
2012-10-18,91.4364,96.8075,111.9268,127.43,135.5021,132.397,141.0334,115.0659,110.4191,124.3401,127.938,94.2753,143.6748,155.3619,101.055,109.4607
2012-10-19,92.1739,96.3225,111.7834,126.7229,132.984,132.1712,140.6888,114.8254,109.6605,123.3623,128.5419,94.5009,144.861,156.0345,101.2451,109.5175
2012-10-22,90.4716,94.8789,111.5036,126.1577,131.1193,130.7423,138.7798,113.9018,109.0812,122.3153,127.4548,95.4021,143.7019,151.6027,100.3906,109.5337
2012-10-23,90.2512,94.2861,112.2488,126.7869,130.9664,130.931,139.4131,114.2327,109.3087,122.9959,127.6767,95.3382,143.3511,152.7055,100.5863,109.5421
2012-10-24,91.8393,95.1658,111.0899,125.8162,131.9956,131.0485,139.6321,113.8438,108.696,122.4074,127.2081,96.2737,142.4097,153.8918,100.0978,109.5986
2012-10-25,91.2432,95.2485,110.6281,125.0466,131.4334,130.3478,139.1832,112.7761,108.0265,122.5718,128.1935,95.038,140.7046,154.761,100.0546,109.5646
2012-10-26,91.7737,94.7614,110.1783,124.5904,131.2227,131.256,139.3601,112.421,107.1162,122.0522,127.6031,94.05,139.6401,155.8283,99.8291,109.5305
2012-10-29,90.4396,94.5642,110.1445,124.6875,131.4377,131.0425,138.7476,112.4039,106.9492,122.013,126.833,96.1272,139.0817,151.5943,100.2304,109.4302
2012-10-30,91.4984,94.7022,110.1979,125.2792,132.3656,131.2512,138.7666,112.1134,107.7395,122.4772,127.3561,96.267,139.7629,153.3197,100.2749,109.4652
2012-10-31,93.1096,95.46,110.0814,125.4768,133.459,132.6155,139.9765,112.7151,108.5667,123.3016,127.5629,96.6671,141.7658,154.7358,100.0449,109.4656
2012-11-01,91.845,94.4183,109.7015,124.785,132.1098,131.3986,139.0988,112.0205,107.3896,122.4753,127.1871,96.4432,139.5401,153.5014,99.7853,109.4056
2012-11-02,90.2665,92.6313,109.5986,124.6319,131.3706,130.5624,137.811,111.2364,106.238,122.3819,125.6728,95.8121,139.2754,151.8488,99.1417,109.3784
2012-11-05,89.9023,92.5952,109.6285,124.4204,131.1035,130.3471,138.9467,111.7275,105.8295,122.2382,124.8934,94.9064,138.3197,151.9883,98.9116,109.4401
2012-11-06,91.7184,93.2954,109.7182,124.5632,131.5484,131.1172,139.2017,111.9707,106.9335,122.2614,125.1647,95.1716,140.3924,151.2375,99.0781,109.4722
2012-11-07,91.5433,93.4268,109.8056,124.6503,130.6728,129.9149,138.8645,111.5119,107.1044,121.8396,125.1557,94.1879,141.9949,151.1799,99.0277,109.5126
2012-11-08,91.7839,93.7128,109.8907,124.8145,130.3526,130.0203,139.6949,111.7182,107.1137,121.6926,125.3126,94.5643,143.3262,152.3685,98.7285,109.5346
2012-11-09,91.5302,94.0748,109.3441,124.1288,129.1544,129.0797,139.0652,111.0583,106.6496,121.0253,124.5869,93.8236,144.3221,151.8193,98.4934,109.5398
2012-11-12,93.4561,96.1268,109.4711,124.1558,129.61,129.5299,139.1747,111.2636,106.5269,120.8942,125.55,93.2782,148.4509,157.1869,99.4535,109.5877
2012-11-13,96.5642,98.3298,109.4934,124.1412,131.4698,130.8713,140.3285,111.5784,107.4041,121.6875,126.6936,93.0782,150.1702,161.2448,100.1611,109.6066
2012-11-14,95.436,97.0236,109.2343,123.8602,130.6605,130.2046,139.9313,111.5649,107.2945,121.1098,125.7227,93.7416,148.5067,156.0279,99.7889,109.5932
2012-11-15,96.8782,98.0572,108.691,123.557,131.8005,130.6376,140.5171,111.366,108.128,121.2879,125.9657,95.6867,146.2508,155.0026,99.7833,109.5766
2012-11-16,97.8033,98.7134,108.6122,122.8449,130.5224,129.782,139.2566,110.723,107.85,121.0856,127.9356,95.5796,148.3431,157.3616,100.2345,109.6011
2012-11-19,96.2889,98.5214,108.3744,122.3201,129.5121,128.7708,138.6976,109.8947,107.0231,120.6378,127.9766,94.8976,147.9091,155.8746,100.0205,109.6112
2012-11-20,96.2903,97.7731,108.1877,122.2467,130.3208,129.0529,139.3539,110.2476,107.0853,120.8331,126.758,94.8701,146.7316,153.0645,99.6423,109.4987
2012-11-21,96.4386,98.6495,108.7891,123.3457,131.4196,129.9076,140.5519,110.6037,107.4678,121.0608,128.2691,95.0906,147.5431,156.5899,100.2161,109.5253
2012-11-22,94.7433,98.0042,108.3741,123.2211,131.2464,129.315,140.2646,110.1494,106.8937,120.4498,127.1947,94.3453,146.242,154.6217,99.4389,109.429
2012-11-23,96.9942,100.0841,108.7568,123.8058,133.1594,130.2574,141.5371,110.7687,108.003,121.1552,127.5612,93.826,148.2554,158.957,99.931,109.3973
2012-11-26,96.6425,99.3548,108.3694,123.3678,131.8118,130.2374,141.5376,110.6413,107.3552,120.4664,126.0702,94.0703,147.0682,157.7843,99.5076,109.4629
2012-11-27,97.5612,99.6171,108.4537,123.7257,132.2672,131.3327,142.1585,111.2899,107.3114,120.2149,126.5778,93.6103,148.576,161.8624,99.2331,109.4452
2012-11-28,99.2658,101.4767,108.7005,123.7355,132.4027,131.6292,142.9299,111.2842,107.2692,120.3517,127.4429,96.3671,151.2486,164.4751,99.9925,109.353
2012-11-29,100.7837,103.4044,108.3524,123.193,135.0314,132.1157,142.7258,111.2921,107.542,120.4757,128.5851,95.9774,150.5767,165.8392,100.2024,109.3047
2012-11-30,102.7796,104.087,108.234,123.1379,135.6417,132.3483,142.0293,111.3101,109.2589,120.4631,129.1808,95.3417,148.7784,166.7868,100.0866,109.2945
2012-12-03,102.06,104.2945,108.2325,123.5082,136.8165,132.863,142.7165,111.2072,109.5992,120.8016,127.9633,96.1141,147.9303,163.5481,99.8972,109.2952
2012-12-04,103.3984,105.3046,108.2208,124.169,137.9421,134.1123,143.1766,111.0763,110.94,121.0832,128.2851,96.5579,147.727,163.8973,100.3452,109.3206
2012-12-05,104.8253,105.5581,107.6664,123.2339,136.5997,133.8686,143.5182,110.6567,110.5776,121.0262,128.3329,96.1192,147.7523,165.3211,100.2844,109.4006
2012-12-06,107.5648,107.4566,107.2384,122.5031,136.7459,134.1979,143.3997,110.6699,110.2105,120.6374,128.4041,95.7868,149.0767,171.0071,100.5598,109.4011
2012-12-07,107.2213,106.5578,106.8231,122.2639,136.2404,133.5686,143.1788,110.2405,109.8652,120.4684,127.535,95.1623,149.4475,168.0857,100.6131,109.4507
2012-12-10,106.8775,105.987,106.4223,121.6881,134.8593,133.0585,143.0515,110.0882,109.5503,120.1491,126.6852,94.8386,149.5442,165.7838,100.5083,109.4429
2012-12-11,108.9296,107.0785,106.052,121.2383,135.3164,132.2997,142.7185,109.9673,109.6764,120.2873,127.3508,94.8196,150.8891,168.5905,101.0705,109.4093
2012-12-12,109.3266,106.6874,106.0637,121.2605,135.8318,132.601,142.6161,109.9692,109.9172,120.2518,128.3812,94.0182,150.0173,168.3214,101.1619,109.3872
2012-12-13,108.0104,106.5449,106.2943,121.5612,135.7654,133.0159,142.3709,110.0986,110.257,120.1925,129.0096,93.748,148.9114,167.9768,100.8781,109.4276
2012-12-14,110.3417,108.269,106.7185,121.9857,137.4668,134.3918,143.8738,110.8171,110.8724,120.7337,129.8028,94.0704,150.0088,172.212,101.3461,109.3998
2012-12-17,110.9851,109.6815,106.2048,121.4542,137.5037,134.4354,143.6305,110.5807,111.235,120.2154,129.9507,92.9879,149.0069,172.8514,101.4422,109.3309
2012-12-18,110.387,108.6278,106.6745,122.2458,138.1258,134.6792,144.5147,110.3377,110.8072,120.8901,130.1646,92.5296,148.994,174.2192,101.6331,109.3266
2012-12-19,110.5874,108.2364,106.4371,121.7672,138.0445,134.4092,144.0074,110.1874,110.6299,120.4218,131.0742,90.3999,149.0797,173.463,101.5785,109.3362
2012-12-20,111.9709,109.0906,106.2865,121.5244,137.8883,134.7879,144.1315,110.2081,110.7808,120.2947,131.878,90.5612,150.9993,174.7646,101.7291,109.4342
2012-12-21,111.1929,108.8833,106.4686,121.3577,138.6066,134.8542,143.3917,110.7047,110.5624,119.912,131.9207,89.5267,151.0335,173.4456,101.3732,109.4592
2012-12-24,112.3727,109.4295,106.842,121.741,141.0913,136.1534,143.6873,111.329,110.8912,120.7671,131.0929,88.6712,150.6988,174.5641,101.9626,109.4868
2012-12-25,114.5968,110.8952,107.0372,121.8364,143.3347,136.3183,144.1855,111.5241,111.2168,121.3443,131.7003,89.4122,151.617,175.5389,103.0009,109.5197
2012-12-26,114.1363,111.2316,107.8114,122.2682,142.7428,135.5034,144.3294,111.9837,111.0487,121.3042,132.4681,89.6509,152.3033,178.3308,103.7625,109.4971
2012-12-27,114.3535,112.2294,108.3075,122.8816,144.5209,137.0586,144.385,112.238,111.469,121.8833,132.632,89.383,152.0115,179.4001,104.6348,109.5411
2012-12-28,114.2804,111.9355,108.2775,123.1087,144.709,137.1433,144.4866,111.8995,111.4286,122.188,132.7285,90.1098,151.798,178.6413,105.0448,109.5453
2012-12-31,114.5742,112.2991,109.078,123.8668,144.5629,137.4718,145.7066,112.4026,111.5592,121.9846,134.2571,89.9185,151.6788,182.6161,105.5618,109.5424
2013-01-01,117.2391,113.5419,108.9043,123.8758,146.027,137.9405,146.1245,112.0752,112.0452,121.9654,133.954,89.5857,152.2834,183.7367,106.0986,109.5032
2013-01-02,117.9246,114.3155,108.8929,124.1791,147.6182,139.4328,147.3016,112.6759,113.2367,122.3186,134.8256,88.603,151.5228,182.6737,106.1292,109.4873
2013-01-03,119.0726,114.3401,109.4049,124.1392,147.8374,138.7306,146.6894,113.2503,113.1342,122.4099,134.6939,87.7501,154.4365,184.8851,106.2181,109.4688
2013-01-04,120.0144,115.6557,109.0361,124.0328,148.5518,139.8605,147.2725,113.062,113.3596,122.2498,136.3663,88.3981,154.3404,186.3711,106.258,109.5469
2013-01-07,118.8186,115.4916,108.7724,123.6666,148.4471,138.5231,146.47,112.9592,113.4373,121.9759,135.9586,88.0811,153.5522,181.894,106.5377,109.4902
2013-01-08,118.0785,114.6477,108.7401,123.2743,147.3611,137.9722,145.7813,112.4447,112.734,122.1137,136.5222,87.8317,153.7973,181.6147,106.5591,109.4764
2013-01-09,120.1019,115.6382,108.4714,123.1732,148.6021,138.3503,145.6677,112.7619,112.8478,122.1423,136.3005,89.5788,155.1137,183.5792,106.5476,109.5133
2013-01-10,120.3855,115.1967,109.0448,123.8547,149.7613,138.958,145.6491,113.5495,113.0617,122.1484,137.0949,89.0266,154.367,187.9456,106.3319,109.5232
2013-01-11,122.1413,115.435,109.3881,124.6459,149.5203,139.8566,146.581,113.7136,113.5965,122.2332,137.2292,89.1064,158.0184,189.1916,107.0351,109.6373
2013-01-14,122.3161,115.3491,108.8889,124.5401,149.378,140.1815,147.013,113.4161,114.3452,121.9995,136.9948,88.1321,155.9574,186.362,106.9577,109.6835
2013-01-15,124.3261,116.3266,108.8667,125.0117,150.778,140.9418,149.0165,113.9222,115.5679,122.5378,137.9054,90.0269,156.3461,186.5663,106.8257,109.673
2013-01-16,123.6832,115.9542,109.1448,124.8896,150.2424,140.5161,148.4409,113.5703,114.8023,122.868,137.5494,90.6665,155.8506,187.7145,107.0152,109.7019
2013-01-17,122.0876,115.391,108.6367,124.6308,149.4128,139.9963,148.4034,113.1626,114.0641,122.5538,135.8756,91.7063,154.8943,183.7252,107.1253,109.6756
2013-01-18,121.441,115.1312,108.5499,124.6017,149.5468,139.8131,148.7574,112.8983,113.8646,122.9412,136.3412,90.0921,154.5088,184.6559,107.0928,109.6072
2013-01-21,119.8335,115.1646,108.1129,123.9903,148.1813,139.6682,148.1203,112.383,112.7915,122.1145,135.4853,89.5945,153.3159,183.5375,107.1235,109.5983
2013-01-22,121.1273,115.8986,108.4788,123.7999,147.5989,139.7073,148.2633,112.478,112.6377,122.3175,135.7703,90.3695,153.7166,185.3889,107.9548,109.6964
2013-01-23,119.5742,115.5598,107.869,123.1238,147.6571,138.679,147.2878,111.8136,112.2434,122.7472,134.4915,90.6538,151.7991,182.4808,107.4586,109.6578
2013-01-24,119.8505,115.0515,107.5432,122.9989,146.7767,138.9348,147.2474,111.3503,112.1519,121.8563,134.0075,91.12,151.4047,180.5512,107.0871,109.6061
2013-01-25,123.1793,116.6901,107.7053,123.463,148.2406,139.9527,148.2637,111.6676,113.6467,122.2925,134.8682,91.1626,152.7594,183.0232,107.6501,109.5833
2013-01-28,123.5135,118.4569,107.9023,123.487,148.6729,139.5708,147.4469,111.7655,113.9185,122.7473,134.9384,90.0543,153.8049,186.1252,108.8705,109.5605
2013-01-29,123.4106,120.3178,107.9314,123.2262,148.8607,138.6421,146.8016,111.807,114.9152,122.8119,136.1069,89.5269,154.1424,187.0655,108.7485,109.4751
2013-01-30,124.0878,120.3819,107.8351,123.5114,149.3796,139.1117,148.0162,112.0839,115.7116,123.2465,136.1956,90.4783,152.4289,186.0879,108.9392,109.4286
2013-01-31,124.4312,121.6112,107.5422,123.0054,148.2986,138.8902,147.7462,111.6122,115.4868,122.6348,136.5989,90.3756,151.4354,188.9337,108.9122,109.3866
2013-02-01,123.2904,119.91,107.512,123.0179,148.5689,137.9794,146.9956,111.6349,115.5424,123.0578,135.3229,90.505,149.933,183.8124,109.1716,109.3565
2013-02-04,126.0967,121.0984,107.4686,123.3728,149.5731,138.551,147.6925,111.6746,116.8618,123.4556,136.9687,92.5615,148.8875,186.5706,109.6996,109.3675
2013-02-05,125.2297,119.7952,107.5376,123.4862,149.1462,138.533,147.8751,111.9799,117.0777,123.7273,136.5456,92.9164,147.8566,182.8547,109.9018,109.3619
2013-02-06,123.4996,118.1632,107.7,123.693,148.8443,138.0853,147.5803,112.2452,116.5704,123.4671,134.8725,91.6391,147.2348,180.4748,109.7443,109.3558
2013-02-07,123.5629,118.8169,107.1704,123.5973,148.4942,138.6795,148.1359,112.1343,115.8726,123.1318,134.2745,91.8327,148.2002,183.5569,109.4309,109.4164
2013-02-08,121.6703,117.6559,107.0209,123.5365,148.9787,138.494,147.8507,112.1791,115.925,123.0999,133.3701,89.5152,146.032,180.2631,108.9367,109.4298
2013-02-11,122.2432,118.0653,107.0425,123.2436,149.594,139.1743,148.0563,112.2221,115.2846,122.997,133.0996,90.0994,146.5306,181.1736,108.5081,109.4205
2013-02-12,120.6913,116.5214,106.5123,122.6677,149.0189,138.186,147.5934,112.0494,115.0821,122.5933,133.1073,89.4105,143.5106,178.3979,107.477,109.3956
2013-02-13,120.3097,116.8179,106.0421,121.5221,146.1152,135.9382,145.8304,110.9752,114.0172,121.5958,133.648,91.4696,143.8458,179.8491,106.9866,109.3817
2013-02-14,121.9461,117.1682,106.1547,121.8272,147.1433,136.7453,146.5406,111.5844,114.9146,122.0173,133.5518,92.42,143.161,182.1154,106.5382,109.4054
2013-02-15,122.2758,118.8833,106.1144,122.129,147.2464,137.7999,147.0803,111.5596,115.6088,122.1615,134.7993,93.8127,144.0664,183.1215,106.9552,109.3662
2013-02-18,124.2256,120.1144,105.7235,121.487,147.5684,137.7298,146.7884,111.2086,115.6584,122.2746,134.6659,93.7128,144.5246,185.5893,106.7227,109.336
2013-02-19,125.1124,121.9151,105.5048,120.9722,147.1827,137.7519,146.5755,111.2187,115.8793,122.1303,135.6441,93.6258,143.5376,189.463,106.8924,109.3772
2013-02-20,123.3912,120.5027,105.4966,120.6357,146.5464,136.8339,145.7983,110.9855,115.6847,122.2255,135.3919,93.9096,141.6747,185.8822,106.3386,109.3325
2013-02-21,125.0193,121.8995,104.7714,119.7782,146.5056,137.095,146.2063,110.7343,115.5067,121.8695,135.1993,92.7534,141.0819,188.6548,105.9542,109.3375
2013-02-22,125.2004,121.6036,104.6229,119.1363,144.8054,136.831,146.2255,110.58,115.006,121.4892,136.9484,93.0817,140.3534,186.7118,107.0102,109.3742
2013-02-25,125.5184,122.1444,104.7702,118.8633,144.1845,136.597,145.3427,110.4713,115.1463,121.5749,136.8748,92.8619,141.6172,188.1948,106.7103,109.4088
2013-02-26,123.8938,121.6202,103.8375,118.0562,142.8955,136.7285,144.9687,109.8279,114.7419,120.7848,135.9649,92.685,139.1791,184.013,105.9244,109.4332
2013-02-27,123.2811,122.2105,103.6443,117.7706,142.6358,136.475,144.8911,110.1358,114.5801,120.3611,134.7247,93.4806,137.3173,184.4784,105.5006,109.4591
2013-02-28,123.7227,122.1645,103.8659,118.1099,143.8699,137.1959,145.4017,110.7187,114.9115,120.3364,135.0627,93.6759,136.9331,184.0917,105.4784,109.4623
2013-03-01,120.8318,118.3372,103.6581,117.6154,142.0962,136.6316,143.9591,110.6099,113.6097,120.1041,133.1402,92.8554,135.4257,178.0458,105.0131,109.3844
2013-03-04,122.684,118.5024,103.8094,117.7989,142.6509,137.7766,144.1959,110.6875,113.4571,120.5419,133.3213,92.0617,136.4484,182.9838,105.1538,109.3988
2013-03-05,122.5652,117.8005,104.2945,118.054,142.3635,137.4643,144.0142,110.8083,113.522,120.8033,135.4102,92.7749,136.7175,185.1935,104.9904,109.367
2013-03-06,122.3024,116.5383,104.2174,117.8982,142.3542,137.1754,143.3842,110.7209,113.5833,120.719,136.1769,92.0233,136.7038,183.4404,104.4798,109.394
2013-03-07,124.375,117.5945,103.7197,117.5219,143.5837,137.8124,143.9193,110.8289,113.3484,120.5305,135.7503,91.0759,136.5619,184.3164,105.2533,109.3452
2013-03-08,127.3689,118.49,104.0136,118.4082,145.4381,139.4021,145.2595,111.5566,115.6246,121.1688,137.714,90.9623,137.8469,184.4718,105.7354,109.4252
2013-03-11,126.9354,118.2583,104.4262,118.9388,144.6032,139.5357,145.2643,111.5107,115.6254,121.113,137.7975,91.8767,140.1845,187.2058,104.8939,109.4813
2013-03-12,124.5301,116.7784,104.117,118.5059,143.2232,138.7591,144.3057,110.9843,114.7385,120.5539,136.2373,92.6528,138.5064,183.8916,103.8714,109.5581
2013-03-13,126.5651,117.8579,103.8597,118.2401,143.2694,138.3202,144.42,110.6774,114.8814,120.5637,136.3185,93.7243,137.9705,186.9669,104.1387,109.6007
2013-03-14,126.581,118.3876,103.6054,117.8044,143.0479,137.002,143.7898,109.9597,114.524,120.369,136.6556,94.3502,136.9685,188.8127,103.9035,109.5235
2013-03-15,126.3337,117.6766,103.5842,117.3684,141.37,135.9094,143.3989,109.7964,114.7917,120.3436,136.4476,95.0954,134.4512,187.3309,103.8765,109.547
2013-03-18,127.2216,117.239,103.6289,117.2433,140.7395,136.0867,143.1661,110.073,114.6448,120.4913,135.8472,95.8687,135.3348,189.8889,103.2701,109.5492
2013-03-19,127.736,116.7998,104.4146,118.3136,142.0872,137.2384,144.058,110.9602,115.2133,120.7146,136.5366,94.8102,136.8125,191.2024,103.602,109.5677
2013-03-20,129.7516,116.9259,104.6134,118.8654,143.5599,137.6472,144.3766,111.4266,115.8235,121.0829,136.3194,94.6858,138.6203,193.7006,103.5614,109.5627
2013-03-21,128.6934,116.7843,104.1513,118.2774,143.1169,136.7497,143.6619,110.8289,115.9961,121.1311,135.3435,95.4652,136.5559,189.5277,103.1244,109.5372
2013-03-22,126.9133,115.8109,104.1449,118.0094,143.8618,136.2922,143.1604,111.0745,116.1688,121.5139,134.5383,95.1335,135.1564,184.7655,102.3459,109.5023
2013-03-25,132.0491,118.1111,103.9582,117.7525,145.5385,136.6437,143.6793,111.4392,117.2161,121.9107,135.8212,95.5358,136.0981,189.291,103.3439,109.5378
2013-03-26,133.7894,117.9526,103.6259,117.5295,145.6923,137.2268,144.7434,111.0129,117.8316,121.6432,136.3046,94.5765,133.2793,188.1724,103.2662,109.5231
2013-03-27,135.1818,119.8912,103.7324,117.6709,145.9685,137.4461,145.7248,111.4876,118.0885,121.8476,135.624,93.8672,135.1893,191.0543,104.0114,109.606
2013-03-28,133.9997,118.5515,104.0098,118.0354,146.5932,138.2674,145.9688,111.8681,117.3018,121.8797,135.2133,92.4923,134.9785,191.1186,104.008,109.6391
2013-03-29,136.6958,119.8427,103.807,117.6188,146.6182,138.8819,146.4359,111.9679,116.4092,121.7032,135.6603,93.0313,136.663,194.6779,105.2521,109.6566
2013-04-01,137.6029,121.2266,104.4035,118.7817,148.0003,140.8935,148.3382,112.8394,116.5923,122.1435,134.9849,93.6998,138.1935,199.5206,105.9638,109.6602
2013-04-02,138.0761,121.6962,104.6846,118.8291,147.2164,140.4416,148.7226,112.5972,116.6751,122.6174,135.3624,93.9422,138.6386,202.3327,106.1335,109.7066
2013-04-03,138.5626,122.2564,104.3721,118.571,147.6599,141.5776,149.9731,112.7888,116.6255,122.8371,136.0931,93.0127,138.8332,201.3652,106.4527,109.6886
2013-04-04,134.714,119.4678,104.09,117.8614,146.1617,139.9312,148.9266,112.25,114.4971,122.7031,133.3031,91.9055,136.8054,197.6822,105.732,109.7663
2013-04-05,134.1737,119.6576,104.0005,117.4308,146.1226,140.5008,148.797,112.4377,114.5184,122.8891,132.1652,91.2325,135.3305,194.5606,106.0334,109.7514
2013-04-08,135.4365,118.5852,104.1348,117.0982,145.6054,139.6547,148.3991,112.523,114.1715,123.1216,131.8892,91.0762,137.0695,193.267,106.3879,109.7334
2013-04-09,133.1044,116.9083,104.5192,117.7335,144.8466,139.0714,147.2562,112.3649,114.1874,123.1316,131.149,91.6085,137.23,191.4713,106.0534,109.8031
2013-04-10,130.9481,114.1435,104.7089,118.2628,144.0398,139.2134,147.5287,112.4487,114.0281,123.9245,130.514,90.7864,136.6049,189.2654,105.7851,109.7529
2013-04-11,130.3076,113.5374,104.5402,118.2269,143.0362,139.2007,147.3805,112.0823,113.6272,123.5756,129.9925,91.4524,136.1697,189.2596,105.4194,109.7667
2013-04-12,131.4118,114.1455,104.4363,118.1022,143.4194,139.064,146.7155,112.2203,113.5729,123.2825,130.3648,91.7352,135.6202,191.3844,106.1097,109.8131
2013-04-15,132.726,113.8228,104.1074,117.5118,142.2003,138.4227,146.5002,111.6974,113.7713,123.4914,130.1547,91.7642,134.7043,190.3528,106.449,109.8048
2013-04-16,132.5408,113.1311,103.8926,117.8598,144.0261,139.4244,147.3557,111.6851,114.3761,124.335,128.8073,90.2479,133.8482,186.0469,106.3808,109.8686
2013-04-17,131.4669,111.9378,103.7799,117.5665,142.4012,138.7257,147.2758,111.0343,113.4659,124.1624,128.5585,90.9391,132.9943,185.7257,105.9457,109.8616
2013-04-18,126.9367,109.3636,103.526,116.9325,140.192,137.1919,145.6329,109.9714,111.4737,123.4542,127.0935,90.7458,131.4264,180.8652,104.9875,109.909
2013-04-19,123.1497,107.9065,103.4879,116.8254,139.4413,136.5835,145.562,109.7989,110.591,123.3761,125.6591,91.0799,130.9437,175.9453,103.8658,109.8853
2013-04-22,123.8617,107.7051,103.492,117.2583,140.7581,136.9214,146.2461,109.7122,110.7118,123.472,125.1273,91.7624,131.3322,174.0717,104.0458,109.9015
2013-04-23,124.0368,107.0598,103.8916,117.1876,140.4769,136.8797,145.8296,109.8488,110.6341,123.7637,125.9923,91.2251,131.2461,176.3039,103.5824,109.9695
2013-04-24,122.8005,105.9035,104.0247,117.361,139.7657,137.1512,145.7561,109.7281,109.9651,123.0465,126.3261,91.4917,130.3801,175.2105,103.4955,110.0164
2013-04-25,124.108,108.0638,103.832,116.9668,141.0791,138.1462,146.4664,109.392,109.9218,123.3083,125.7505,90.8851,130.6637,175.4877,104.0443,110.0078
2013-04-26,124.2871,107.5933,103.8312,116.7127,139.3997,137.2374,146.1629,109.1792,109.4902,122.919,126.2452,92.2005,130.7579,175.8629,104.354,110.0503
2013-04-29,126.3885,108.8048,103.5478,116.399,140.1719,137.9502,146.6765,109.0235,109.9228,122.6293,125.9662,90.4106,130.7518,175.6276,104.7354,110.1009
2013-04-30,126.6046,108.51,103.4652,116.3058,140.6387,137.7889,146.0675,108.6801,109.6108,122.5957,125.7904,91.1377,130.6809,176.0741,104.305,110.0387
2013-05-01,124.3956,106.7066,104.1527,117.0004,140.768,137.6374,146.2932,109.0378,109.1925,122.9274,126.1617,91.197,130.1329,174.4641,104.4673,110.0551
2013-05-02,121.4579,105.1461,104.5363,117.3714,139.9087,137.4451,144.9921,108.8213,108.8493,122.6304,126.2399,90.184,129.1131,172.9559,104.3127,110.0697
2013-05-03,126.5981,108.0825,104.5135,117.1986,142.0887,137.6669,145.7185,109.3669,109.5569,123.095,126.2695,90.5038,130.856,178.7744,105.5151,110.0874
2013-05-06,125.7793,108.2126,104.6245,117.6763,142.8108,137.4786,145.4049,109.1425,109.0927,122.7754,126.3416,89.5751,131.077,182.829,105.1621,110.1242
2013-05-07,123.3118,107.2593,104.9619,117.794,141.0614,136.5147,144.6927,109.3752,109.7246,122.9235,127.1911,89.3267,131.5033,179.845,104.8101,110.1352
2013-05-08,124.7893,108.1962,104.5281,117.4721,141.1845,137.0248,145.2903,109.3814,109.4389,122.4213,126.9102,89.2731,131.7566,181.1248,105.1181,110.123
2013-05-09,127.3629,108.6235,104.8698,118.1765,141.6126,137.9967,146.0948,109.9826,110.5078,122.5353,127.5468,88.5111,133.2635,185.4206,105.3247,110.1309
2013-05-10,127.9275,110.2266,104.8791,117.7988,141.6836,137.6257,146.0557,110.2784,110.8532,122.026,128.1597,89.1044,133.2249,184.9123,105.7132,110.12
2013-05-13,125.5277,108.5386,104.5496,117.6682,140.3172,137.6014,146.2122,109.7878,110.4246,121.7218,127.2511,88.5772,131.3705,181.6492,104.6592,110.1453
2013-05-14,127.5904,109.2213,104.4603,117.7361,141.4307,138.4527,146.0034,109.8701,111.5151,122.0848,128.4951,87.8474,130.1348,184.8945,104.6887,110.2869
2013-05-15,128.6288,110.0678,104.0637,117.4468,142.7252,138.921,146.1869,110.3287,112.0688,122.0445,127.2565,86.7183,129.0361,182.4536,105.2598,110.291
2013-05-16,126.5082,107.9131,103.9651,117.2215,141.3028,137.5471,145.9179,109.9835,111.4641,121.8491,126.8342,86.9823,126.6364,178.8295,104.9281,110.2314
2013-05-17,127.242,107.4433,104.5401,118.0756,141.9125,138.7491,147.0924,110.9742,113.286,123.4069,128.6016,85.6535,127.1589,181.21,104.7842,110.2189
2013-05-20,124.7943,106.0403,104.5267,117.5751,140.1604,137.2199,145.4759,110.4184,112.0104,122.9537,128.0867,86.44,125.9304,179.0872,104.7586,110.1747
2013-05-21,122.7313,104.3457,104.7567,117.7873,139.6579,136.8719,144.8753,110.254,111.8835,123.1184,128.0815,87.4174,123.7637,175.2824,104.8129,110.2083
2013-05-22,122.2973,104.3343,105.1489,118.1373,139.688,137.4838,144.7774,110.2986,111.76,123.4711,127.949,89.545,122.9346,178.6687,104.0876,110.2184
2013-05-23,124.8039,105.4908,104.4915,117.4954,140.0233,137.9585,144.7632,110.362,111.8206,122.9522,127.514,89.9398,123.1573,181.6696,103.5124,110.1532
2013-05-24,124.3305,104.9207,104.9598,118.0763,139.9068,137.7615,144.6368,109.9153,112.3517,123.0936,128.775,91.0914,123.2743,180.239,103.5575,110.081
2013-05-27,122.1304,104.441,105.5027,118.7956,140.1207,138.3856,144.6691,110.1421,112.7477,123.1309,129.3467,90.0866,122.5909,177.4335,104.0295,110.1121
2013-05-28,122.815,105.2592,105.573,118.8185,141.1138,138.2464,144.8104,109.7286,112.6897,123.6567,130.461,90.0632,123.4195,179.9388,104.0877,110.1308
2013-05-29,120.8775,103.919,105.5675,118.5127,139.851,137.3354,143.2212,109.7994,112.784,123.5799,130.4083,89.8324,121.2141,178.0857,103.73,110.1389
2013-05-30,120.6717,104.5129,105.5096,118.2327,139.1416,137.2794,143.5251,110.2529,112.3236,123.4331,130.7232,90.305,121.7231,179.3587,104.0713,110.1638
2013-05-31,119.9039,104.4731,106.1401,118.6927,138.2945,137.032,143.992,110.5652,112.4874,123.7133,131.9141,89.9902,122.8686,182.267,103.9364,110.1678
2013-06-03,116.0292,102.9127,106.1658,118.502,136.6347,136.0863,143.4336,110.2213,111.3916,123.5874,129.883,89.0883,123.1714,176.2193,103.7139,110.1077
2013-06-04,117.6923,104.1548,106.7451,119.0052,137.9799,136.9594,144.2094,111.2358,111.7704,124.0971,130.1946,88.5665,125.9246,180.2614,104.2288,110.1281
2013-06-05,114.6738,102.6812,106.6977,118.9817,136.669,136.5921,143.9556,110.9918,111.3177,123.5482,129.4458,87.8168,124.5239,175.3603,103.7679,110.0824
2013-06-06,113.9166,102.1095,106.7482,118.2382,135.7663,135.1382,141.5487,110.4708,110.4183,123.3472,128.9724,88.455,124.1049,173.6616,104.1804,110.1414
2013-06-07,113.5304,102.8623,107.0347,118.6755,135.3522,135.0358,141.6177,110.1046,110.7819,123.5883,129.8688,89.9193,126.0227,173.8801,104.4575,110.0819
2013-06-10,114.3443,103.9462,107.4741,118.9439,136.7758,135.6079,141.8837,110.6549,110.8555,123.9786,130.1315,88.9135,126.8666,177.2679,105.0,110.0326
2013-06-11,115.8123,105.5463,107.2583,118.4379,136.484,135.6658,142.3523,110.3223,111.483,124.3886,131.0086,88.1325,127.8077,179.1489,104.9759,110.0275
2013-06-12,115.5089,105.2526,106.7705,117.4322,135.5553,134.4338,141.7284,110.0696,110.2331,123.5392,130.1991,88.7008,127.1178,177.2432,104.8218,110.109
2013-06-13,114.2665,104.1666,106.6413,117.3273,136.1198,134.5083,141.3579,110.0033,110.1306,123.2813,129.3138,88.2659,124.0924,174.151,104.2071,110.1566
2013-06-14,114.6804,105.05,106.8193,117.782,136.9236,134.3367,141.7561,109.6635,111.0463,124.3795,130.6005,88.5238,123.4906,176.2306,104.8726,110.1502
2013-06-17,114.8686,105.4092,107.0552,117.9377,136.3365,134.0232,141.2609,109.3025,111.0647,124.1442,130.6507,89.2674,124.0259,178.2566,104.738,110.1899
2013-06-18,116.2483,105.6372,107.3692,118.5492,136.9364,134.3052,141.6115,109.4569,112.6177,124.4934,131.7324,90.5733,124.1229,179.0306,104.3092,110.2088
2013-06-19,116.0491,105.3581,107.2117,118.0585,136.9907,133.8887,140.6517,109.1082,112.2164,124.57,131.9876,89.4671,123.4804,181.1644,103.645,110.1211
2013-06-20,116.2735,104.8772,107.6823,118.6962,137.4483,133.6265,140.1397,109.4818,113.2225,124.4227,133.8633,90.0849,122.886,182.8226,103.2799,110.1608
2013-06-21,115.4766,103.8272,107.6588,118.5236,136.7516,132.6934,139.645,109.0653,112.576,124.6396,134.8938,91.1696,122.3781,183.2646,103.0798,110.2342
2013-06-24,116.4489,104.2768,107.8187,117.8125,134.3949,131.4344,138.9448,108.995,112.2245,124.6892,135.9937,92.1154,124.0248,188.7519,102.6915,110.2534
2013-06-25,115.2745,103.3323,107.7724,117.5077,134.1919,130.6546,137.5856,109.0077,111.9552,123.9693,136.2427,92.072,123.7805,184.7184,102.4603,110.2496
2013-06-26,115.7263,103.9539,108.2146,117.5488,135.203,131.2577,137.644,109.5051,111.8492,123.845,136.4736,91.2955,123.3421,186.0059,102.8712,110.2754
2013-06-27,115.902,104.0008,108.8426,117.6204,133.0867,130.7799,136.8479,109.8568,112.4653,123.3296,138.3845,90.6262,123.9199,188.5694,103.3659,110.2777
2013-06-28,116.3481,104.2132,108.3589,117.1292,133.1702,130.1625,136.1659,109.5333,112.8206,123.1745,138.8807,89.8663,123.4194,186.2809,103.7509,110.2507
2013-07-01,117.4139,105.4004,107.8179,116.7008,134.8697,130.3628,135.897,109.1351,112.2724,123.1802,138.6595,91.1391,124.4641,185.9259,103.8328,110.2307
2013-07-02,118.5419,106.3318,108.1662,116.5615,134.612,129.667,135.6262,109.4046,112.8955,123.2317,139.7355,91.0679,123.8831,188.9213,104.2954,110.1758
2013-07-03,118.824,106.7221,108.2888,116.1229,133.9777,128.8811,135.2355,109.4974,112.1025,123.2545,139.2742,91.0472,123.7528,190.8405,105.1719,110.2536
2013-07-04,119.2021,105.7467,108.2325,116.4115,134.5608,129.0028,135.697,109.5902,111.4081,123.3542,139.1501,93.5658,124.4326,189.6997,105.4093,110.2826
2013-07-05,121.0153,106.7563,107.4405,115.5308,134.6435,129.1745,135.9568,109.0153,111.357,123.0931,139.4147,92.8633,124.1503,189.3622,105.4378,110.2617
2013-07-08,117.7612,104.2187,107.6119,115.4288,131.2037,127.8222,134.82,108.9107,110.8978,122.371,139.3409,92.4531,124.2789,184.8984,105.0477,110.2255
2013-07-09,116.5846,103.3631,107.9509,116.1027,131.3936,127.9537,134.6279,108.8696,111.4262,122.5247,139.1691,91.3514,124.3053,184.6677,104.4226,110.2452
2013-07-10,116.5837,103.7083,108.0123,116.4789,132.3866,128.9399,135.7525,109.1006,111.6087,122.7725,138.064,92.5118,123.7111,181.2907,105.0308,110.2746
2013-07-11,118.545,105.1871,108.0367,116.3667,131.8261,129.3968,136.4779,109.3245,112.2234,123.0811,138.397,92.2446,124.9324,184.7474,105.5716,110.2719
2013-07-12,120.1265,105.9771,108.1979,116.0957,132.1163,129.5576,136.3889,109.7133,111.6777,123.0268,138.5718,91.846,124.5774,190.0759,106.2601,110.3017
2013-07-15,120.8507,107.7969,108.6466,116.0551,131.4625,129.7063,136.1857,109.6455,111.7894,122.8286,139.4142,92.9569,126.2002,191.8341,107.0936,110.3231
2013-07-16,122.6001,109.1747,109.0329,116.5493,132.6276,130.263,136.7709,110.5131,113.2343,122.9698,139.137,93.9916,127.2854,193.4036,106.657,110.2998
2013-07-17,124.2051,110.9048,108.8027,116.8174,133.995,131.203,137.851,110.0607,114.1878,124.1182,139.1727,94.9993,127.5554,194.9655,106.9414,110.254
2013-07-18,121.9425,108.8495,108.8547,117.1074,133.0516,130.7976,137.9985,109.8227,113.769,124.2651,137.8811,95.3667,125.5962,192.6016,106.3268,110.2491
2013-07-19,124.0282,109.7561,109.368,117.8029,134.2885,131.9079,139.0367,110.2521,114.2543,125.057,138.7528,96.2144,127.8225,197.488,106.5306,110.2846
2013-07-22,122.3975,108.9363,109.7142,117.7016,132.7644,131.3223,139.1949,110.2313,113.533,125.2785,138.9675,96.759,126.6076,199.4077,106.2984,110.2636
2013-07-23,122.4842,109.1995,109.4436,117.8095,133.9813,131.6718,139.1472,110.0104,113.6424,125.217,138.4853,97.4275,127.3476,197.3222,105.8616,110.2424
2013-07-24,123.7198,111.0107,109.4126,118.2411,135.2213,133.0205,140.4874,110.5187,114.6128,124.8536,139.7879,97.0016,128.2884,199.4827,105.6978,110.2794
2013-07-25,124.4342,111.4734,109.0858,117.4646,133.9631,131.9676,140.2196,110.1155,114.8218,124.765,141.1507,96.7331,128.1474,202.007,104.9047,110.3123
2013-07-26,121.1674,108.9899,109.3096,117.436,132.6654,130.921,138.6531,109.3048,114.0222,124.3072,139.9585,96.1394,126.4615,196.4228,104.3866,110.3338
2013-07-29,119.435,108.286,108.6582,116.2194,131.3964,129.3085,137.124,108.449,112.4978,123.8087,138.8993,96.1543,125.5397,192.5512,104.2038,110.3924
2013-07-30,117.7827,106.9963,108.7109,116.0661,129.8463,128.9056,136.9772,108.4535,111.3327,123.5502,137.8375,98.0342,125.6122,191.5308,103.7067,110.4048
2013-07-31,118.4742,107.7816,108.8653,116.8005,131.4652,129.8045,138.1251,108.4166,111.8673,123.389,137.5976,98.0475,125.1666,190.4076,104.3422,110.3586
2013-08-01,118.8931,108.52,109.0953,117.2725,132.4104,130.5256,139.5215,108.694,112.8376,124.0591,138.5584,96.3568,124.7167,192.3844,104.3655,110.3538
2013-08-02,120.1388,108.7508,108.8611,117.6058,132.7671,129.7857,139.5869,107.9809,113.4448,123.6915,138.1637,97.2827,125.3217,190.8653,104.4652,110.3774
2013-08-05,120.315,110.2552,109.7881,118.6637,134.3175,130.3126,140.5367,108.5972,114.2863,124.2674,139.5073,96.7437,126.6037,194.9112,104.988,110.3761
2013-08-06,123.22,111.8582,109.9468,119.5947,136.151,130.9712,140.9218,108.6813,115.9715,124.2291,139.5078,97.1278,127.7876,196.5138,105.8056,110.3792
2013-08-07,123.997,112.7306,110.1294,120.1734,136.6565,131.3867,141.8177,108.2119,116.4548,124.7805,139.9734,96.9479,128.3339,198.3269,106.5487,110.4036
2013-08-08,122.3471,112.7313,110.522,120.3515,136.2033,130.2367,141.3022,108.5832,116.7626,124.6651,140.3156,95.513,128.8702,198.394,106.4667,110.4262
2013-08-09,126.3519,113.8639,110.4608,119.9222,136.4788,130.6172,140.955,108.5648,117.1079,125.4893,141.4103,96.7296,130.8343,204.4086,106.9097,110.3253
2013-08-12,126.1636,113.6202,110.6533,120.0782,136.7079,131.2939,141.9365,109.1853,117.7572,125.4572,142.1887,96.291,129.7304,203.0179,106.4704,110.3659
2013-08-13,127.7061,114.8347,110.4862,119.3976,137.4074,131.2144,142.0976,108.9744,116.4568,125.0623,141.7779,97.203,128.5418,207.9555,106.4274,110.3701
2013-08-14,127.2165,114.4497,110.4157,118.4368,136.2345,129.9084,140.4425,108.1545,115.589,124.7443,140.7314,96.4287,127.8677,206.1945,106.3234,110.3089
2013-08-15,128.0934,114.3859,110.6419,118.4649,137.2045,129.5758,140.942,108.7241,115.8008,125.6694,141.221,95.727,128.1362,209.9516,105.9874,110.2802
2013-08-16,128.5774,115.1189,111.2388,119.0869,138.0054,130.1667,141.6572,109.3186,116.309,125.5126,143.0906,96.8427,129.3024,211.1785,106.1902,110.3028
2013-08-19,128.3805,114.777,111.0312,119.0611,138.727,130.6445,141.6129,109.5369,116.6604,125.6942,142.9839,97.1594,129.379,206.9069,106.1622,110.3578
2013-08-20,129.3824,116.1605,111.098,119.155,138.8455,130.9478,141.5096,109.4425,116.786,125.807,143.5112,98.3029,130.7448,210.7955,106.3439,110.4328
2013-08-21,129.1799,115.4456,111.1671,119.5202,138.3542,130.7739,141.7257,109.247,116.9232,125.7978,144.5918,97.8065,131.0731,211.54,106.5026,110.4159
2013-08-22,130.6027,116.7716,111.3705,119.6634,138.9321,130.761,141.902,109.6586,118.387,125.852,146.2597,97.8169,130.5029,213.139,106.7022,110.3568
2013-08-23,129.2526,115.3946,111.598,119.8881,139.2912,129.6903,140.7836,109.3903,119.1007,126.7888,146.2282,96.4205,130.3101,209.3224,106.7203,110.3689
2013-08-26,130.8826,117.241,111.1882,119.0842,137.7614,129.4191,141.2192,109.0397,118.9455,125.9111,146.6654,96.6439,130.9407,209.1115,107.6269,110.3485
2013-08-27,131.4235,117.4858,111.0611,119.5111,138.6933,130.9359,142.1849,109.2551,119.8198,125.6309,147.8833,96.8633,129.8003,206.4235,108.0231,110.3111
2013-08-28,133.1145,119.4477,111.0326,119.5352,139.4114,131.1948,142.1486,109.049,120.3676,125.4921,148.0216,98.0334,131.1044,209.8944,107.5594,110.3037
2013-08-29,136.2926,121.4244,110.7747,119.599,141.5344,131.7742,143.5308,109.3767,121.2025,125.774,147.7823,96.4981,131.3033,214.4331,107.5525,110.3085
2013-08-30,134.315,120.8436,111.0208,119.5744,141.506,132.4048,143.5176,109.1715,119.4965,125.8429,145.2159,96.0819,131.1577,213.3811,107.7433,110.3599
2013-09-02,139.3063,125.1556,110.912,120.1556,144.2581,133.4129,144.9791,109.6547,121.799,126.8391,146.6377,95.9376,134.0388,219.9655,108.9458,110.3526
2013-09-03,137.3988,124.5013,111.0845,120.3834,143.6943,134.2844,145.2491,109.9133,120.9826,126.7858,146.9686,96.222,133.8375,221.0072,108.9303,110.4007
2013-09-04,134.5642,122.7477,110.7158,120.616,144.0992,134.6748,145.3939,109.1696,119.7017,126.2097,146.0953,96.4049,132.4259,215.8033,108.5546,110.3761
2013-09-05,130.01,119.7231,110.6832,120.8268,144.2072,134.8435,145.2301,109.4171,118.2762,125.9209,143.5807,94.1354,130.9267,208.9572,107.9656,110.3343
2013-09-06,128.6687,119.5935,111.2178,121.2759,143.7044,134.7551,145.5635,109.6555,117.8961,126.6833,143.7345,95.8357,131.3425,209.0569,108.9734,110.3785
2013-09-09,130.8477,121.5325,111.2833,121.0613,145.9436,135.9218,145.9335,109.8662,118.3441,126.9132,144.6577,95.4859,131.4423,210.7183,109.1937,110.2968
2013-09-10,131.0656,120.8096,111.8625,121.4406,145.7115,135.9282,146.777,110.2123,118.4058,127.5344,145.4494,95.4018,132.341,212.4781,109.1686,110.2983
2013-09-11,129.5023,120.7102,111.8877,121.6779,146.3011,136.2302,146.5778,109.7975,118.6636,127.8324,146.772,94.1818,130.9768,213.2048,108.774,110.295
2013-09-12,135.2316,124.314,112.1629,122.2496,147.2175,137.1471,148.3599,110.3223,120.3458,127.8755,148.8538,94.8716,134.8196,223.6099,109.3188,110.3146
2013-09-13,134.3746,124.4814,112.2054,122.493,147.8257,137.6458,148.3366,110.3503,120.907,128.5683,149.277,94.8734,136.0222,220.4372,109.4662,110.3065
2013-09-16,132.0953,122.8336,111.692,121.4502,144.8675,135.9936,146.6486,109.395,119.7337,127.735,149.0027,93.267,134.9725,217.8101,109.0029,110.3582
2013-09-17,131.0039,121.8841,111.4471,120.9839,144.3014,134.2797,145.4345,109.1899,118.8241,126.9091,147.2631,94.4281,133.3979,216.7413,108.2163,110.3893
2013-09-18,132.6948,123.2525,111.4184,121.1792,145.2119,134.9203,146.2022,109.6293,119.1635,127.0519,147.1871,95.1298,133.5592,221.147,108.3501,110.4025
2013-09-19,133.807,125.1641,110.885,120.7433,145.3768,135.6209,146.5181,109.8242,119.7411,126.8085,148.1744,95.6262,133.9823,222.055,108.2492,110.4136
2013-09-20,135.1637,126.9096,110.3995,120.7784,146.5308,136.4372,147.0772,109.6952,120.1261,127.2689,147.8444,95.6941,135.2685,223.4646,108.7005,110.4125
2013-09-23,134.324,128.0038,110.3446,121.1566,148.2512,137.5162,147.4911,109.4874,120.6727,127.8675,148.595,96.8529,134.1179,220.9247,109.0921,110.3956
2013-09-24,134.3373,128.3383,110.3459,121.0353,149.57,137.3228,146.9691,110.1337,120.4409,127.8436,147.489,96.9727,135.1001,221.3613,108.6191,110.348
2013-09-25,135.8893,127.9812,110.1509,121.3721,151.1082,138.113,148.1268,110.4404,120.1532,127.919,146.3962,97.6058,134.4562,222.8201,108.7138,110.3962
2013-09-26,138.6415,129.48,109.6911,121.1175,151.0294,138.2113,149.026,110.3047,119.9581,127.4831,146.5984,98.7286,134.6704,227.285,109.2078,110.5106
2013-09-27,139.4193,130.3833,109.5396,120.7892,152.203,138.5283,149.8844,110.7295,119.9815,127.2987,145.274,97.9361,133.2405,226.6562,108.9435,110.5594
2013-09-30,143.4562,133.3245,109.1529,120.5282,152.9972,139.6651,150.4932,110.6705,120.4137,127.3984,145.7722,99.4076,135.9156,232.8609,108.9067,110.5506
2013-10-01,143.9064,134.1631,108.6867,120.2633,154.0131,140.2218,151.1038,110.8114,120.3748,127.3395,144.8661,99.3594,134.4069,234.0674,108.3996,110.5219
2013-10-02,145.1838,135.3051,108.6264,120.5634,155.4741,140.5102,151.9179,111.1594,121.2577,127.9514,146.4241,98.3898,136.2925,235.4302,108.7862,110.486
2013-10-03,142.321,134.4754,108.526,119.8154,153.8984,138.7798,150.2205,110.9907,120.097,127.1327,145.7608,99.1881,134.3164,232.2497,108.6489,110.5114
2013-10-04,141.5413,133.7715,108.6876,119.5433,153.682,138.1742,149.5385,111.4858,119.2133,127.165,144.9311,99.338,135.0638,232.8702,108.5381,110.4953
2013-10-07,141.7421,133.067,108.6261,119.8173,153.1879,138.3278,150.2344,111.1097,119.4631,127.007,145.9153,98.9992,135.9638,232.4732,108.0851,110.4697
2013-10-08,140.692,132.2957,108.707,120.2541,154.0217,139.55,150.9755,111.328,119.7793,127.3067,144.6106,98.8239,134.4164,227.8761,108.1743,110.4673
2013-10-09,140.4325,132.2865,109.109,120.5545,154.5508,140.5591,151.3126,111.6282,118.8382,127.8806,143.8141,98.1803,134.8093,234.5306,108.0851,110.4698
2013-10-10,139.8331,131.8584,108.7246,119.9895,154.2144,140.6077,150.9606,111.1035,118.0615,128.246,142.6355,98.298,134.2173,233.1282,107.8248,110.4898
2013-10-11,138.952,130.9097,108.4998,119.7873,154.0106,140.326,150.4277,111.1406,117.3217,128.7047,141.9967,98.0382,133.9159,236.4814,107.2786,110.5193
2013-10-14,138.311,130.4102,107.8433,119.1845,153.8471,140.046,151.0848,111.4915,117.3762,128.6073,141.6899,97.3488,133.0791,231.9927,106.71,110.4868
2013-10-15,140.9277,132.5643,107.4952,119.2841,154.1727,140.4534,152.4192,111.2997,118.3335,128.9214,143.6577,96.903,133.4702,237.1744,107.5013,110.5158
2013-10-16,140.6411,132.4245,107.1967,118.9905,153.2379,139.4839,151.5817,110.6724,117.8222,128.5965,144.0153,95.5686,133.2246,239.1567,107.9959,110.5352
2013-10-17,138.1521,131.8978,107.0973,118.81,153.9797,138.6799,151.3512,111.0417,117.9022,128.8508,144.4123,94.2094,133.0337,234.7436,107.486,110.5243
2013-10-18,141.0766,133.3611,107.3301,118.364,153.7958,139.035,151.8664,111.1726,117.9174,128.6,144.579,94.6379,134.1182,236.4748,107.7902,110.6066
2013-10-21,143.0914,134.4795,107.6292,118.2232,155.6195,140.4706,152.5555,112.0625,118.2112,129.0895,144.9172,95.5639,133.7451,236.322,108.2855,110.6293
2013-10-22,146.4581,135.6184,107.3056,117.5506,155.587,140.0066,152.3604,111.859,117.984,128.6965,143.8264,96.2675,133.7568,239.5227,108.3322,110.6702
2013-10-23,146.5239,135.498,107.5047,117.7486,155.1875,140.134,152.1342,111.7646,118.36,128.6236,144.1274,97.0799,133.9013,238.3364,108.4641,110.6527
2013-10-24,146.7591,134.7041,107.4921,117.9972,155.7416,140.6088,152.6086,111.2898,118.9744,129.1031,144.858,96.235,133.5872,236.7963,107.96,110.5982
2013-10-25,149.3775,136.3834,107.5789,118.1427,157.6068,141.202,153.107,111.5788,119.1654,129.0229,145.5504,96.2856,135.7927,238.8319,108.4867,110.616
2013-10-28,149.711,137.9058,107.7581,118.4909,156.899,141.1478,154.2519,112.074,120.5575,129.2591,146.7908,97.1872,136.7173,239.5098,108.5531,110.6637
2013-10-29,148.2042,137.4847,107.8534,119.2909,158.2534,141.7294,155.9024,112.4422,121.5781,130.1272,146.2621,96.7186,136.3389,232.9042,108.9931,110.6876
2013-10-30,146.1722,137.7415,107.9226,119.0239,155.7499,140.1509,154.8661,111.7663,121.433,129.8359,147.6767,97.2658,135.7774,232.2843,109.7067,110.7094
2013-10-31,143.785,135.9426,107.7913,119.195,155.5403,139.9941,155.4599,111.8712,120.8945,129.8915,145.7099,96.3356,134.4817,228.4127,109.4325,110.6756
2013-11-01,147.6654,138.0565,107.5102,119.2455,156.519,141.4092,156.4132,111.6315,121.4658,129.8804,146.9637,97.0857,135.286,234.0922,109.7365,110.7091
2013-11-04,147.2693,137.9174,108.281,120.2101,156.7718,141.8509,157.5467,112.3693,122.2593,130.1522,148.2583,97.0563,135.3519,235.4636,110.3163,110.7524
2013-11-05,149.7913,140.4033,108.3629,120.3482,157.2945,142.1182,158.1076,112.5799,122.7892,130.0303,148.1548,98.0396,136.7622,240.2462,110.6464,110.7975
2013-11-06,148.1002,137.5427,108.4798,120.0371,155.6465,140.8776,156.8091,112.3611,121.9393,130.0066,146.4252,98.9631,134.4401,237.947,110.1682,110.773
2013-11-07,143.366,134.2918,108.7163,119.9308,151.8753,139.2676,155.2813,112.2217,120.9294,129.0707,146.0109,100.3169,133.5133,232.9965,109.5349,110.6551
2013-11-08,139.6719,131.9926,109.1455,120.3628,150.7581,139.6128,155.4849,112.2253,120.3663,129.5402,145.7367,98.9725,132.325,229.9639,109.6485,110.595
2013-11-11,140.9792,132.0397,108.3482,119.2906,150.2398,139.0386,154.9092,112.1168,120.2343,129.1539,145.9224,98.6457,130.9676,228.7877,109.5986,110.5394
2013-11-12,141.8204,130.7004,108.1329,119.0959,150.4286,138.5909,155.1827,112.3779,120.2747,129.0757,145.2389,97.1271,130.3042,226.1081,109.7606,110.5704
2013-11-13,141.5901,131.5889,107.9838,118.6959,151.111,138.357,154.9395,112.4978,119.4883,128.8894,145.0835,96.2751,130.2204,228.2486,109.8657,110.5955
2013-11-14,143.9278,133.0576,107.3113,118.3434,153.2556,138.7833,154.9287,112.0987,119.6762,128.6334,144.889,94.2545,131.0266,228.8994,109.8057,110.6288
2013-11-15,143.8587,134.5894,107.5533,118.8409,154.9048,139.6087,156.0115,112.3473,120.0831,129.2517,145.4892,93.1927,130.8512,231.4904,110.4314,110.6091
2013-11-18,141.4179,132.3852,107.8722,118.5424,153.7636,138.9823,154.0214,112.2737,119.1673,128.9601,145.4133,91.9037,128.9367,230.2936,110.4605,110.6582
2013-11-19,144.5396,134.4418,107.9099,118.3343,154.2622,139.5933,154.357,112.544,119.3093,128.7766,145.743,92.7723,130.6459,234.169,110.9423,110.685
2013-11-20,143.1317,132.9552,107.5712,118.3154,154.6415,140.0025,154.312,112.5142,119.4589,128.9676,145.6677,91.0042,128.699,230.4357,110.8292,110.6956
2013-11-21,140.7679,131.0612,107.7519,118.6309,155.3716,140.0776,154.6102,113.176,119.3204,129.481,144.9971,90.9909,126.7166,227.0215,110.6092,110.6784
2013-11-22,141.3956,130.9391,107.6458,118.1239,155.8609,139.7967,153.5097,112.8841,119.1286,129.3562,143.7077,90.2405,126.2594,225.2659,110.3209,110.7112
2013-11-25,140.875,130.3484,107.3956,117.9435,155.3437,139.0995,153.2309,112.7093,118.5212,129.3937,142.5747,89.998,126.8741,223.5032,110.7388,110.7288
2013-11-26,141.6138,130.6199,107.0686,117.5033,153.9118,139.0706,153.1358,112.4567,117.5798,128.803,142.6716,89.5654,127.3368,226.5405,111.4275,110.7194
2013-11-27,144.5352,132.9673,107.0453,117.588,155.8622,139.9946,154.3608,112.3957,117.474,129.3327,142.265,89.6969,127.8509,231.5273,112.3884,110.5864
2013-11-28,144.0719,132.0896,107.1725,117.3453,154.9803,140.6306,155.4177,113.2026,117.2902,129.2863,142.6124,90.7427,127.1828,228.3051,112.2109,110.599
2013-11-29,144.1967,132.9341,106.9477,117.3332,154.6132,140.754,155.3613,113.0637,117.5252,129.2396,142.8459,91.2361,128.5845,228.5188,112.2077,110.6172
2013-12-02,142.5699,131.0649,106.7751,117.0332,152.4925,139.749,154.7496,112.246,116.7358,128.6354,143.3548,91.9865,126.191,228.8109,111.5226,110.6117
2013-12-03,142.2057,131.1545,107.2242,117.3726,152.9332,139.5819,154.3734,112.7002,117.0978,128.3827,144.1677,90.7973,126.643,227.8325,112.2792,110.6449
2013-12-04,141.8848,130.3147,107.6416,117.9387,153.6677,140.7973,154.8679,113.2743,117.4907,128.575,145.6516,89.839,127.2982,228.9437,111.8178,110.7283
2013-12-05,143.3721,131.7215,107.3928,118.2337,154.8074,142.2006,155.6982,113.4081,119.2618,128.6163,146.7506,90.263,127.7496,225.2186,111.8874,110.7043
2013-12-06,143.6198,132.6064,107.6601,118.747,155.0751,141.8907,155.47,113.15,118.5695,127.9119,147.3298,91.2148,128.2991,230.6345,112.6208,110.7107
2013-12-09,145.5574,133.3923,108.1868,119.2457,154.802,141.4345,155.3016,113.2692,119.4361,127.8937,148.6148,91.0419,129.5749,235.5597,113.2036,110.699
2013-12-10,143.4888,132.1095,108.5089,118.5163,151.7144,139.6146,153.5415,113.0666,117.8321,127.0011,147.8895,91.3415,129.693,237.4736,112.5367,110.6539
2013-12-11,141.749,130.8567,108.3464,117.9123,149.7253,138.2841,152.3057,112.9984,117.2033,126.7865,147.5165,90.4736,128.8544,239.5269,111.5859,110.662
2013-12-12,141.0804,130.8887,108.1491,117.9071,149.6581,139.475,152.7253,112.765,117.3631,126.9447,147.658,89.2364,127.336,239.964,111.3486,110.6743
2013-12-13,143.4336,133.3891,108.0486,117.7728,150.4802,139.1812,152.1985,112.8444,118.297,126.6277,148.5493,91.3602,128.6697,244.1231,110.7341,110.6841
2013-12-16,141.5879,131.7534,109.0692,118.0772,149.7388,138.4838,151.3626,113.1399,117.0881,126.8573,149.3866,90.7352,129.2747,250.0604,110.5532,110.7037
2013-12-17,143.4903,132.6561,109.2841,117.7897,148.6107,138.0996,150.715,112.676,116.1977,126.8945,149.0502,91.2354,131.7334,257.5248,110.9424,110.7481
2013-12-18,140.5028,131.118,110.3021,118.6479,148.8462,138.8403,150.6536,112.8934,115.5088,127.9837,150.8685,89.7626,132.8752,263.7072,110.4902,110.7677
2013-12-19,140.4228,131.2771,110.8206,118.9392,148.7623,138.4676,150.8082,113.4025,116.1031,128.4633,151.3025,89.9529,133.7928,263.3853,110.7239,110.856
2013-12-20,137.2562,128.7294,111.2541,118.9842,147.9438,136.826,149.4365,113.1356,114.9542,128.7134,151.1283,89.7641,133.0806,263.9808,110.053,110.8255
2013-12-23,136.9088,128.4414,111.3398,119.3441,147.4811,136.5435,149.6982,112.8559,115.1166,128.7886,152.3604,89.6908,134.4637,263.2453,110.4537,110.822
2013-12-24,138.8456,130.955,111.3292,119.7096,148.9942,136.4621,149.7635,113.023,116.7887,128.865,153.4632,90.1224,136.9397,263.3744,110.6246,110.8547
2013-12-25,137.0669,129.5292,111.1492,119.7369,148.6654,136.0604,149.2811,112.2594,116.505,129.0335,153.1847,89.246,135.2639,259.4269,110.8079,110.8172
2013-12-26,135.055,128.8195,111.2565,120.0333,149.7766,136.4337,149.2114,112.3328,116.6937,129.7098,153.7694,89.7284,133.3398,257.776,110.26,110.7731
2013-12-27,131.8305,126.5774,111.601,120.5733,149.198,136.5014,148.7998,112.4823,116.0885,129.8157,151.7906,88.4883,133.8745,251.4622,110.5535,110.713
2013-12-30,130.8014,126.4104,111.7621,120.7169,149.4603,136.449,148.274,112.6534,116.0172,130.2515,151.1284,89.4053,134.5038,250.6134,110.3088,110.684
2013-12-31,133.34,127.7732,111.9721,121.7197,151.5092,137.9716,149.9738,112.604,116.774,130.98,153.1096,89.6272,136.4785,257.5132,110.8218,110.6416
2014-01-01,131.754,128.7619,111.9954,121.7897,152.4239,138.5762,151.0042,112.753,116.6336,130.9022,153.6543,89.8074,136.3461,256.6471,109.9836,110.6511
2014-01-02,131.8594,129.0044,112.4766,122.3201,153.2755,139.0729,151.2904,113.4534,117.5943,131.4347,154.2157,90.5413,137.0788,253.2044,110.7245,110.5769
2014-01-03,131.4061,128.0354,112.8171,122.2894,151.677,137.7828,150.3373,113.3514,117.1898,131.0037,154.7609,89.8265,137.4417,257.7745,110.4066,110.5538
2014-01-06,130.3542,126.8765,112.513,121.9703,150.7048,137.2206,150.7152,113.5562,116.7252,130.6661,153.4982,88.1424,137.2127,255.4592,109.984,110.534
2014-01-07,131.7708,127.8635,112.3986,122.1353,150.7572,137.6129,150.7846,113.4148,117.2841,130.0585,153.7113,87.5041,137.2051,257.0932,110.472,110.6309
2014-01-08,132.4027,127.7665,112.6852,122.2136,150.3039,136.9519,150.9925,113.9741,117.4936,130.2718,154.1177,87.3468,137.6147,260.6532,110.5614,110.6628
2014-01-09,131.9327,126.9432,112.2411,121.5953,150.0496,136.6908,151.0701,113.8752,116.6368,129.9169,155.0964,86.3042,135.196,261.6237,110.4519,110.757
2014-01-10,131.3576,127.5871,113.16,122.6744,152.357,138.1829,152.347,115.6076,117.832,130.6137,156.1259,85.7071,135.7535,261.52,110.7438,110.7653
2014-01-13,134.1482,127.9957,113.3583,122.6632,152.9912,138.6186,151.9884,116.0156,118.3739,130.9238,157.4849,86.2994,136.6757,266.4581,110.9641,110.7788
2014-01-14,131.5048,125.6017,113.7086,123.2159,153.0394,138.1093,151.1871,116.2035,118.0086,130.6746,157.8473,85.7411,134.841,263.8016,110.9565,110.7762
2014-01-15,130.857,126.0679,113.7463,123.6682,152.992,138.0231,151.3133,116.1187,117.4854,130.5204,157.5722,86.404,137.1896,265.7386,111.2944,110.7213
2014-01-16,127.3265,124.2543,113.9437,123.787,152.6185,136.7729,150.4494,115.7106,116.8794,130.6726,156.3122,86.989,136.7686,260.7744,109.9228,110.8039
2014-01-17,125.1749,123.6743,113.3631,123.5579,153.8144,136.6599,151.0943,115.3634,116.4846,130.6262,155.0705,85.9211,133.4079,255.8018,109.1696,110.8216
2014-01-20,125.5965,124.3354,112.5906,123.0049,153.7111,136.8145,151.0458,114.8179,117.0441,130.5176,155.7213,87.4395,131.8887,250.1225,109.4417,110.8282
2014-01-21,124.9175,124.6425,112.6469,122.6986,153.6878,136.1906,149.8255,114.6009,116.8546,131.0249,155.85,88.7086,131.5331,251.6626,109.1727,110.8456
2014-01-22,126.0847,126.0064,112.9716,123.6503,157.0049,138.1553,152.1032,115.9577,117.8057,131.3031,155.4212,88.447,132.3771,252.8776,108.8473,110.8444
2014-01-23,127.5364,126.5264,112.8448,123.0248,156.2193,137.6838,151.7068,115.9412,116.7787,130.5595,154.224,89.0713,132.0527,256.3557,109.2933,110.8664
2014-01-24,125.9279,126.9136,112.4309,123.14,157.2402,138.2325,151.8399,115.3941,116.4878,130.3096,154.1435,89.4365,130.3424,251.0918,109.9435,110.9394
2014-01-27,125.3132,126.6837,112.712,123.2502,156.9157,138.0209,152.0234,115.5625,116.6839,130.8416,154.0537,88.6474,128.7476,252.7164,110.2168,110.9586
2014-01-28,124.6789,126.3741,113.2697,123.7718,157.4519,137.8222,152.2049,115.3533,117.3271,131.2455,154.796,88.8249,129.4344,248.629,110.1694,111.0142
2014-01-29,127.2474,127.1745,113.1134,123.2196,155.7847,136.6324,150.7919,114.5632,117.3124,130.4785,156.8887,88.2966,128.3341,258.4666,110.8183,111.0279
2014-01-30,123.4797,123.9149,113.3067,123.904,155.1625,136.6316,150.9077,114.1696,116.4726,130.3498,155.154,87.384,127.1922,249.9969,110.6413,111.0423
2014-01-31,125.2559,125.317,113.1508,123.767,156.8528,137.258,151.8159,114.5994,116.2741,130.5707,154.659,88.3508,127.4399,253.2485,110.7229,111.0694
2014-02-03,128.3663,126.7984,112.9811,123.5995,157.624,137.2703,151.8896,114.8089,117.4597,130.8348,155.2284,88.1304,128.2848,256.3113,111.0152,111.0308
2014-02-04,127.0882,127.2476,112.7263,123.5766,156.6547,137.4681,151.7429,114.6827,117.6964,130.6956,154.3597,87.2835,128.3568,255.3014,110.7951,111.1269
2014-02-05,127.9501,127.6973,112.5538,123.451,157.4831,137.6229,152.1248,115.3567,117.6803,130.899,152.8776,86.7044,128.7183,254.8389,111.4099,111.1299
2014-02-06,130.6268,129.801,112.0476,122.887,157.4337,137.5358,152.0975,114.9005,117.769,130.5672,153.6015,86.6896,128.9686,261.7932,111.5891,111.121
2014-02-07,129.7329,128.3199,112.2264,123.3227,157.4454,136.7548,152.3235,115.0955,117.874,130.8673,153.5243,86.6244,129.45,259.7387,111.4234,111.1877
2014-02-10,129.2915,128.0027,111.6687,123.0308,158.0343,136.3402,152.793,114.9567,117.6369,130.6887,152.7566,85.2078,128.6117,260.1018,110.4048,111.1683
2014-02-11,126.7327,125.568,111.9108,123.3086,157.6914,137.0073,153.7803,115.4246,117.136,131.2895,151.695,84.0291,126.9692,253.8754,110.5923,111.1074
2014-02-12,129.9038,126.545,111.4095,122.996,159.9428,138.4998,154.3973,115.7615,117.9124,131.6207,151.6697,84.0935,126.64,253.5098,110.683,111.0568
2014-02-13,131.7212,126.9155,111.6621,122.4572,158.7159,138.9162,153.4772,116.1163,117.0187,131.5393,152.1861,84.2126,128.0107,262.0113,110.9999,111.0384
2014-02-14,130.8648,126.9426,111.9933,122.4712,158.367,139.0078,152.9158,116.3121,117.2283,132.0843,152.4043,84.6935,129.1833,259.7852,111.1421,111.0465
2014-02-17,131.0499,127.738,112.0611,122.6326,157.4504,139.9947,153.619,116.3651,118.1083,132.514,154.3551,84.4982,130.7131,259.3791,111.5077,111.1065
2014-02-18,129.9477,126.3367,112.5959,122.827,155.6423,139.3145,153.5333,116.7885,117.8339,132.5022,154.8435,83.8578,129.7178,263.4396,111.4241,111.0697
2014-02-19,130.5818,126.473,112.4637,122.4807,155.2994,138.674,153.2127,116.0709,116.4928,132.693,155.0213,84.0966,129.6569,269.2431,112.0751,111.1053
2014-02-20,130.5444,127.3595,112.4103,122.1328,154.1177,138.2477,153.2894,115.7191,116.2397,132.854,155.9715,84.6711,129.788,272.1595,112.3322,111.1144
2014-02-21,129.9287,128.1747,112.4527,121.8915,152.8182,138.0919,152.5808,115.355,115.7914,131.9083,157.677,85.7847,129.3281,276.5305,111.9631,111.1619
2014-02-24,126.11,126.6339,112.7717,121.738,149.9319,135.9039,150.7176,114.2637,114.5307,131.2808,156.0392,86.7569,128.3225,270.4407,112.5009,111.1841
2014-02-25,127.4526,127.0951,112.5147,121.6942,149.6226,135.9654,150.8742,114.1678,114.7124,131.4311,155.8091,86.886,128.8121,274.3867,112.6488,111.1219
2014-02-26,127.6115,127.1882,112.6925,122.0726,149.6798,136.4035,151.6453,114.7067,114.9834,131.3722,156.8473,87.8977,129.5494,273.1678,113.1582,111.1303
2014-02-27,128.1945,127.2034,113.2913,122.3771,148.4793,135.8143,151.5951,115.0017,115.5504,131.6094,157.8573,88.6764,129.005,278.0987,113.557,111.081
2014-02-28,130.3883,129.1453,113.2337,122.7617,150.7823,136.5412,152.7244,115.8681,115.4663,131.4479,156.8821,89.5749,130.6222,284.8022,113.7131,111.1357
2014-03-03,130.7464,129.11,113.0737,122.788,150.8281,136.6728,153.9934,116.0349,115.1636,131.0632,156.2911,90.4923,130.0008,283.4228,113.7569,111.1466
2014-03-04,130.8978,129.2478,113.2779,122.7139,149.8523,135.8583,153.1939,116.0148,115.2709,131.064,156.6419,90.5019,131.8141,286.41,113.4709,111.1335
2014-03-05,128.5229,128.2314,112.9262,121.954,148.0936,134.7513,152.7019,115.2818,113.5606,130.9556,153.5134,91.2035,130.0121,283.1202,113.2881,111.1167
2014-03-06,128.9281,130.0632,113.4256,121.8108,147.6753,133.7938,152.1101,115.0777,113.5483,130.7451,155.1527,91.7334,130.6797,288.8631,113.6538,111.1246
2014-03-07,128.8611,130.1681,113.2942,121.7078,146.987,133.7875,152.3191,115.0132,114.5459,131.2804,155.8361,92.7002,129.923,284.9524,113.6361,111.1176
2014-03-10,125.1657,128.5245,113.8369,122.2226,146.8142,133.6341,151.9749,114.4732,113.1103,130.8783,154.0873,91.9478,130.5381,280.2758,113.221,111.0844
2014-03-11,122.3843,125.1128,113.548,121.4035,142.6636,132.0908,150.462,113.4321,110.9029,129.8059,150.7476,92.4204,129.2463,273.2801,113.173,111.1406
2014-03-12,122.9691,124.9414,113.7422,121.4387,143.2792,132.2638,150.4783,113.6878,111.186,129.4874,151.2586,91.8029,128.8488,270.5456,113.5803,111.0994
2014-03-13,125.4219,126.1278,114.1401,121.6033,144.0597,131.623,150.0281,114.0577,112.7703,130.3263,153.2033,91.3571,129.9016,273.7066,114.4661,111.0521
2014-03-14,125.8676,126.1744,114.7375,122.766,145.8314,132.4572,150.9797,114.4256,113.6138,131.2872,153.8931,91.2812,127.9759,280.0535,114.9471,111.0777
2014-03-17,126.8721,128.9317,115.0979,123.6727,148.3037,132.784,151.8135,114.8225,114.3591,131.9148,153.9751,92.9567,130.4988,280.4648,116.5866,111.1068
2014-03-18,128.9143,130.7109,114.864,123.5549,149.925,133.9639,152.9738,115.6807,115.3047,132.2613,153.5714,94.8893,130.8039,278.3597,116.4835,111.1687
2014-03-19,130.79,131.8777,114.8339,123.5365,149.0561,134.8018,153.2627,115.8564,115.7187,131.9161,155.097,95.9571,132.9782,282.4209,116.5785,111.1875
2014-03-20,133.5605,134.003,114.7917,123.6612,149.7093,135.6869,153.2161,115.6165,116.3304,131.6807,155.7324,97.1502,133.3838,286.9614,117.3988,111.1746
2014-03-21,132.9331,134.6846,114.9601,124.2413,150.8762,136.2486,154.5062,116.087,116.5921,132.2415,156.0699,97.1148,133.0331,291.6499,116.9862,111.1447
2014-03-24,136.6607,137.4068,114.972,124.9451,152.7535,138.2564,156.7239,116.7032,118.5261,133.2461,158.2467,97.4672,134.3433,296.3071,118.058,111.1367
2014-03-25,133.777,135.1678,114.8264,124.6837,151.8776,136.9371,154.5127,115.5199,116.7194,132.1863,156.4721,97.7184,133.5042,293.4111,117.0741,111.2289
2014-03-26,135.2489,136.0259,114.1393,124.9148,152.9332,138.2604,155.1322,115.0399,118.422,131.9634,157.4011,97.3351,134.3655,287.6778,116.4696,111.2605
2014-03-27,133.5892,135.5167,114.3055,124.9587,152.1924,136.5456,154.2185,114.6029,117.6703,131.7948,156.624,97.7174,135.0087,286.4373,116.7996,111.2727
2014-03-28,133.5033,136.0064,114.05,124.4088,151.9151,135.5336,153.9034,114.2045,117.5213,131.2404,156.9803,98.3575,134.8047,284.9579,116.04,111.2805
2014-03-31,131.3293,134.2977,114.3828,124.41,150.7656,134.7775,153.2578,114.2924,117.2346,131.2358,157.234,97.526,133.3825,284.6875,115.479,111.3039
2014-04-01,130.1141,133.4475,114.1339,123.5154,149.0529,133.7661,151.5615,113.779,116.4903,130.905,156.9822,96.2762,133.7227,284.5352,114.5919,111.2929
2014-04-02,130.6887,133.911,113.6321,123.0696,149.2947,132.8989,150.1617,113.1598,116.6633,130.3069,157.7688,96.4991,134.4552,282.1684,114.4764,111.2852
2014-04-03,132.6566,135.092,113.792,123.5344,150.8929,133.7577,151.4076,113.5834,117.6053,130.9426,158.4562,96.9832,134.3966,285.7221,114.7216,111.3347
2014-04-04,131.8941,135.6705,114.326,123.8065,150.2809,134.2077,151.0212,113.833,117.9979,131.0777,160.4748,99.3221,133.2344,290.0829,114.5564,111.3231
2014-04-07,133.3879,136.8918,114.2125,123.637,150.9738,133.6276,150.4131,113.5566,118.2541,130.8218,161.9099,99.6753,133.621,293.1224,114.8041,111.3544
2014-04-08,133.5315,136.9926,114.0912,123.5951,150.8769,135.0864,151.0893,113.5992,118.5462,130.8263,164.4559,98.5124,133.8567,292.5238,114.9086,111.3854
2014-04-09,134.5334,138.1692,114.1616,123.3154,151.9098,135.2262,150.8046,113.7027,118.7749,131.6955,163.6207,99.3402,134.2303,291.9308,115.2671,111.4082
2014-04-10,131.4245,135.5966,114.7007,123.591,152.4688,135.0939,150.3196,113.9083,117.7215,132.6507,160.8667,98.1875,134.2099,288.3995,114.4529,111.449
2014-04-11,129.7611,135.3073,114.0536,122.6342,151.7001,134.9154,149.4762,113.337,116.4126,131.4649,159.3056,97.6932,133.2112,280.7637,114.2324,111.5627
2014-04-14,129.1992,135.4396,114.2827,123.0477,152.6471,134.8399,149.1847,113.3402,116.8559,132.0067,159.0898,97.7206,132.5742,279.1246,114.8144,111.5751
2014-04-15,128.8648,135.7615,114.1043,122.7211,153.8911,134.8445,148.7483,113.545,116.4243,131.6178,156.1699,98.0447,133.2341,270.8111,114.877,111.6131
2014-04-16,129.6102,135.886,114.0123,122.5172,153.2595,133.9357,148.0242,112.9606,115.82,131.133,156.3155,98.8908,134.5613,274.2237,114.7285,111.5637
2014-04-17,130.6481,135.2957,113.3216,122.1842,152.6237,133.7913,148.0517,112.7901,115.6025,130.3733,155.3441,99.7357,133.0691,276.0082,114.0507,111.5282
2014-04-18,125.0118,131.9906,113.8935,122.5748,151.0788,133.0966,147.3037,112.5146,114.4265,130.5356,154.8396,99.3038,131.8912,270.0826,113.1966,111.5523
2014-04-21,125.7301,134.1842,113.6385,122.574,153.0872,133.2732,147.9805,112.8976,115.4145,130.7325,155.1806,99.186,131.3004,269.5124,113.2972,111.5345
2014-04-22,126.6202,135.1008,113.6913,122.818,153.9376,134.4501,149.1653,113.0203,116.1464,131.2633,156.4827,98.533,130.6883,271.6856,113.4152,111.5622
2014-04-23,125.5395,134.7445,113.7254,123.0647,154.684,133.8809,148.798,112.6271,116.5935,130.8311,157.3099,96.4675,129.4173,269.4934,113.1937,111.5357
2014-04-24,123.0446,134.0714,114.3169,123.728,154.9963,134.7878,149.5125,113.0195,115.8696,131.3973,155.8324,96.785,129.7648,270.6121,112.5181,111.5701
2014-04-25,123.8056,135.7743,114.1551,123.6201,155.5787,135.7502,150.1222,113.1067,115.2837,130.7418,155.3413,97.8692,130.0805,273.3129,112.6165,111.6916
2014-04-28,126.2443,136.4187,114.678,124.1205,155.5905,135.8486,150.0941,113.3658,117.1076,130.4097,156.8667,98.7182,130.5443,275.8298,112.1434,111.7031
2014-04-29,126.7094,137.3726,114.2393,124.0001,156.1647,135.6686,149.7896,112.7092,117.4514,130.1735,157.3224,99.9755,130.0434,273.6971,112.2411,111.724
2014-04-30,127.4059,137.8638,113.898,123.5738,156.1857,135.8246,149.7816,112.4492,117.6372,130.1892,157.2324,100.2003,129.4894,273.9654,111.6685,111.7553
2014-05-01,129.5431,139.4124,113.9305,123.4111,155.7167,135.4706,150.2148,112.4707,117.9202,130.5396,159.3385,100.7035,130.4825,282.416,112.1315,111.7606
2014-05-02,131.0477,140.4467,113.9762,122.8378,154.8767,135.2341,150.5798,112.4862,117.5207,131.0272,159.1773,100.6715,132.0076,285.6508,112.6168,111.8025
2014-05-05,130.3063,141.068,114.126,123.5461,155.4814,135.3966,151.0273,112.1938,117.5105,131.2576,160.5021,101.0382,133.6975,287.9031,113.0153,111.8013
2014-05-06,132.3261,142.5911,114.1987,124.2775,157.1332,137.5329,152.9179,112.6943,118.6123,131.2837,160.8518,101.762,133.833,289.9706,113.0302,111.8061
2014-05-07,132.2151,143.8936,114.5964,124.9401,157.832,139.1776,154.0881,113.0286,119.7733,131.8001,163.4242,100.8615,133.5608,290.4767,113.9268,111.8245
2014-05-08,131.5213,143.4128,114.2116,124.5361,156.3161,138.4591,153.8342,112.372,119.7857,131.1671,164.1519,101.4256,131.8062,285.8483,114.0755,111.8386
2014-05-09,129.8633,142.7536,114.1745,124.0594,153.5836,137.8556,153.4156,111.9712,119.0226,130.9545,163.2793,100.1468,132.9296,286.2037,113.5697,111.8594
2014-05-12,131.9173,144.6915,114.0233,124.1016,153.5406,138.531,154.9569,111.9264,120.4666,131.7016,164.2521,98.6724,133.6434,290.1122,113.5221,111.928
2014-05-13,132.3165,143.875,113.532,123.5363,152.4311,137.2067,154.2487,111.1675,119.4561,131.8249,161.7927,98.8973,134.7036,289.9594,113.5322,111.9036
2014-05-14,135.2733,144.7699,113.2018,123.4201,152.6491,137.1382,154.0918,111.0993,119.9399,131.5454,161.4156,99.3899,135.4215,291.3824,114.3735,111.9002
2014-05-15,139.0771,146.8989,113.1197,123.9673,154.3065,139.2919,156.0646,111.3037,121.2491,131.8291,162.6371,98.3305,137.946,297.5425,114.177,111.8861
2014-05-16,139.8921,147.1964,112.726,123.8044,155.6371,139.6414,156.6531,111.3026,121.3715,131.7389,162.6781,98.6044,135.6065,297.3514,113.9803,111.9075
2014-05-19,137.995,146.1641,112.9905,123.7384,155.1978,139.3176,156.2947,111.5937,121.3577,131.4126,163.0551,98.5593,136.0727,291.2274,113.3299,111.9284
2014-05-20,136.5553,144.3338,113.4211,124.2399,154.578,139.1726,156.0614,111.5343,121.2254,131.3101,162.3613,99.7922,134.6017,289.7397,112.9651,111.9135
2014-05-21,136.2646,143.7493,113.361,124.0454,152.7989,138.9228,155.295,111.0904,121.0285,131.3791,163.6272,99.2701,135.7875,292.2802,112.9414,112.0077
2014-05-22,134.7139,142.2933,113.3656,123.5712,151.6572,138.1893,153.6764,110.7703,120.0601,130.9645,163.3715,97.9921,135.5805,292.7082,112.5019,111.896
2014-05-23,138.0347,144.7963,113.2805,123.4438,151.8281,137.9429,153.8193,110.402,120.2218,130.3689,164.9534,99.02,137.5418,298.6674,113.3486,111.9685
2014-05-26,140.9345,146.1883,113.4513,123.6637,153.7493,138.514,154.1552,110.2463,120.7606,131.0037,166.4163,100.7468,137.3316,304.3439,113.5841,111.9971
2014-05-27,140.5682,146.5224,113.7027,124.2429,153.8301,138.4808,155.2045,110.2928,120.6335,131.0454,168.1201,102.11,137.9115,308.5387,113.6808,111.9713
2014-05-28,139.3364,147.4702,114.0884,124.5706,153.6763,138.2433,155.6288,110.5776,120.6436,131.145,169.3442,102.7423,139.7527,310.5634,113.5857,111.957
2014-05-29,142.2008,148.7474,113.6636,124.5733,155.6698,139.324,156.718,110.899,121.7815,131.3163,169.7425,103.7754,139.3912,309.68,113.3122,112.0447
2014-05-30,141.2126,150.1884,113.5352,124.295,156.0134,139.5911,157.0316,110.7811,122.1539,131.7121,170.0272,103.6645,138.4678,307.2449,113.1868,112.0522
2014-06-02,139.4113,148.9685,113.7371,124.2796,155.9523,139.9046,156.3609,110.6946,122.0427,131.4556,169.3626,103.7118,136.6719,300.8171,112.8688,112.0798
2014-06-03,141.856,149.9846,113.8626,124.7774,157.2561,141.6637,157.9241,110.8719,123.0043,132.2751,169.9371,103.2336,137.346,302.4212,113.5595,112.1432
2014-06-04,142.3591,149.7275,113.775,125.2129,157.8547,142.7641,157.8866,110.7932,123.5314,131.863,169.3939,104.5396,136.8645,299.7918,113.3574,112.1258
2014-06-05,139.4346,146.9131,113.732,124.7235,155.8138,142.1709,156.6409,110.4524,122.451,131.9711,166.9841,101.9668,135.8346,294.1435,113.2872,112.1694
2014-06-06,141.2401,147.1399,114.2113,125.5438,156.1559,142.6025,157.237,111.1428,124.5173,132.5223,168.1824,103.1417,134.456,295.1238,114.0528,112.148
2014-06-09,142.0919,147.4171,113.7162,125.1485,157.3677,142.8591,156.1026,110.6553,124.9745,132.979,168.5457,103.7325,132.3156,296.9197,113.4857,112.1001
2014-06-10,138.7318,145.7102,114.1861,125.2114,155.8119,142.508,155.184,111.1465,124.3319,133.1143,167.7128,106.027,132.6068,292.5712,112.9673,112.0868
2014-06-11,139.7974,147.4508,114.272,125.1335,157.4155,143.5768,155.7804,111.7514,125.0838,133.4303,167.4941,103.8324,132.5991,295.4981,112.5439,112.101
2014-06-12,142.3325,150.3516,113.9564,125.6475,159.3044,144.5364,157.4832,111.5212,126.1871,134.1754,168.6002,105.0506,134.5053,299.3215,112.9827,112.1562
2014-06-13,142.8155,151.7318,113.1399,125.3774,160.2321,145.6313,158.3258,111.0087,126.718,134.1459,168.4209,102.847,133.7037,296.487,112.9763,112.2013
2014-06-16,143.4573,152.2944,113.3236,126.0014,161.8072,146.3455,159.359,111.2365,127.7606,134.7466,169.1545,102.95,132.7609,297.9257,112.9684,112.2545
2014-06-17,142.484,150.7138,113.3317,125.8188,160.1886,146.004,159.0171,111.132,126.6671,133.6077,170.0881,101.7691,132.6681,301.296,112.3024,112.2302
2014-06-18,137.4231,147.7299,113.7232,126.4321,158.3415,145.4382,157.9939,111.0051,126.6108,133.7226,169.7215,101.7884,131.8618,292.144,112.2039,112.3082
2014-06-19,140.0746,148.9553,114.2322,127.3848,159.9144,146.6065,159.6221,111.5333,127.5079,133.9196,170.9225,101.0524,132.5164,297.2864,113.4481,112.3837
2014-06-20,142.8502,148.8677,114.4132,127.7653,159.4893,146.38,159.3706,111.2435,129.1281,134.3292,171.8875,102.0785,134.306,296.3362,113.8195,112.3685
2014-06-23,142.3445,147.5111,114.2435,128.2426,160.0735,147.6445,160.9362,111.7224,129.1705,134.1532,170.6914,103.0468,133.998,287.7594,114.1075,112.3828
2014-06-24,143.2469,148.437,114.0179,128.4714,162.6966,148.1185,160.546,111.635,129.9924,134.0692,170.9365,101.2673,132.7575,288.4881,114.0473,112.3809
2014-06-25,143.1172,147.4465,114.0732,129.2201,163.4784,148.9272,161.6364,111.4906,130.0904,133.9685,172.5142,102.1373,132.2928,288.8194,113.8117,112.4398
2014-06-26,144.6843,148.2356,114.151,129.3594,163.8363,149.221,161.5553,111.1843,130.5829,133.982,173.6594,101.4904,131.7096,292.4633,114.4293,112.4448
2014-06-27,147.3221,151.7801,114.2233,129.2606,163.6478,149.5204,161.7427,110.9373,131.2884,133.9696,174.4348,101.7583,133.3614,299.6866,115.1212,112.4259
2014-06-30,148.704,153.4014,114.2853,129.3909,164.7908,149.5992,161.9591,111.1182,133.0118,134.8895,175.5258,99.8732,133.287,301.7086,115.4586,112.431
2014-07-01,149.6633,154.675,114.3057,130.4411,165.5232,152.1202,163.7528,111.6978,134.6262,134.6017,176.7163,99.8531,134.4863,302.2492,115.4948,112.4719
2014-07-02,147.7964,151.8624,114.9627,131.1322,165.378,152.2928,163.4037,112.2794,134.873,135.0981,176.2261,99.1581,133.2724,300.6626,115.2728,112.5093
2014-07-03,148.6297,151.7854,114.5237,130.6455,164.3572,151.6948,163.6769,112.1092,134.8817,134.3611,174.9734,99.8984,134.0018,296.3827,114.6869,112.4788
2014-07-04,150.1255,153.9532,114.6233,131.2383,165.5678,152.9124,165.1343,112.4256,136.4216,135.8581,175.9835,99.7987,133.3843,303.8604,115.3354,112.4213
2014-07-07,149.6298,154.1771,114.7469,131.1429,164.0868,151.8228,163.9092,111.9969,137.3826,135.9294,177.0477,100.117,133.88,301.8413,115.4215,112.4366
2014-07-08,148.2651,152.7226,114.2192,130.7123,163.4846,152.1383,163.3017,111.521,136.8944,136.0068,175.6792,99.5825,132.885,296.4632,115.0365,112.4858
2014-07-09,145.0032,149.4357,114.7267,131.3275,164.243,152.3401,163.6406,112.2491,136.6599,136.1149,174.4627,97.5216,130.887,290.3887,114.4744,112.4215
2014-07-10,143.815,148.2051,114.8037,131.3979,164.1867,151.1111,162.8024,112.2055,136.2677,135.2787,174.168,97.1783,131.3934,287.4533,113.8805,112.4447
2014-07-11,147.0358,150.2326,114.7049,131.2763,165.5456,151.0608,162.6659,112.6381,137.6091,135.7597,173.9413,96.1307,132.5511,290.8933,114.397,112.4553
2014-07-14,148.8186,149.4891,115.0247,131.1015,166.4497,151.3806,162.9037,113.4274,137.7869,136.554,173.8638,96.4608,131.5861,294.6624,114.0343,112.4849
2014-07-15,150.0754,149.7307,115.185,131.9021,166.3467,152.2578,164.374,113.6137,138.7056,136.5645,174.9581,95.6063,133.2268,301.1185,113.4346,112.4828
2014-07-16,150.3542,150.5669,115.3264,131.4816,164.8447,152.3495,164.5124,113.6892,138.0136,136.3385,174.6633,96.1471,134.1319,303.8662,113.5251,112.5706
2014-07-17,147.6696,146.8809,115.5293,132.1227,164.6558,152.4096,164.698,113.4678,136.6023,136.6568,172.583,96.2932,133.3012,298.2658,113.7759,112.5859
2014-07-18,151.726,149.9439,115.3962,131.5571,163.7317,151.7162,164.3597,112.8501,137.0993,136.9583,175.8262,98.4457,135.8978,307.3245,114.5657,112.5983
2014-07-21,152.4019,149.5122,114.725,130.7486,162.767,151.4695,163.7777,112.5405,136.3755,136.6726,175.0282,98.5493,136.1416,305.7895,114.5311,112.5828
2014-07-22,150.1225,147.8752,114.8796,130.6631,163.1642,151.7867,162.572,112.7047,136.0516,137.1513,174.7555,97.8584,136.0715,303.8351,113.3744,112.6138
2014-07-23,147.7716,145.6893,115.3621,131.1472,161.9305,151.642,162.6513,112.735,135.1041,137.4784,174.4013,98.8894,135.5624,302.2625,113.7903,112.6172
2014-07-24,147.4338,144.9502,115.8606,131.3694,162.8628,151.7807,161.6157,113.0349,135.8102,137.5371,174.0054,98.2564,134.7372,298.9479,113.5487,112.6341
2014-07-25,148.9094,145.5932,116.1928,132.3056,164.5807,153.8526,163.8751,113.8779,136.6151,138.2164,173.4798,98.7091,135.8835,302.4022,113.2406,112.6077
2014-07-28,147.4179,143.4685,116.22,131.7227,162.1923,153.1878,162.2398,113.3234,134.7956,137.7067,172.0926,99.0603,135.3194,300.78,113.4361,112.6126
2014-07-29,145.4048,142.3909,116.2826,132.0989,163.8564,153.342,162.3188,113.0797,134.9345,137.9965,171.1083,99.9802,133.1235,292.6699,113.057,112.5986
2014-07-30,144.7706,140.8969,116.5547,132.1591,162.6349,152.1853,161.2633,113.1599,134.6658,137.4697,170.5017,99.2972,133.7097,291.5223,113.0651,112.5631
2014-07-31,143.7452,140.9226,116.8893,132.6324,161.596,151.6276,162.0852,113.1938,133.8315,137.8605,171.2202,99.7917,136.0353,297.0652,113.381,112.6155
2014-08-01,144.7789,141.3203,117.214,133.1791,162.0448,153.432,162.6478,113.6973,134.4355,138.0784,172.8281,99.6696,136.4854,303.9733,113.1222,112.6646
2014-08-04,144.1284,140.3616,117.4006,133.7542,164.1198,153.9428,163.5922,114.7847,135.0011,138.1027,171.3952,99.2811,136.0137,297.8063,112.6823,112.6999
2014-08-05,144.1781,141.0117,117.5253,134.4085,165.3462,154.9886,165.5513,115.118,135.15,138.3932,170.6082,100.2591,136.4878,295.193,113.1246,112.7587
2014-08-06,143.822,141.5089,117.6659,134.6768,165.2539,154.7107,165.5581,115.1605,135.6779,138.662,171.0849,100.0136,136.4444,296.4681,113.5267,112.7166
2014-08-07,147.311,142.1727,117.9717,135.1097,166.2497,155.0434,166.5478,115.8156,137.0911,138.8175,172.4136,101.1059,135.6447,302.6989,113.5417,112.6962
2014-08-08,147.4112,141.9501,117.5521,135.3352,166.0798,155.7722,167.1898,115.558,137.8391,138.3276,172.476,101.765,133.2975,298.6761,113.801,112.7139
2014-08-11,145.0511,139.5732,118.2792,136.1948,165.0903,155.3804,166.6865,116.1908,137.8906,138.5449,172.9538,102.262,134.4317,297.1583,113.5838,112.7849
2014-08-12,146.0004,139.9209,118.6517,136.9805,166.9764,155.5282,167.3295,116.7088,139.0369,138.9132,173.2927,103.3685,134.4002,295.9376,113.9897,112.71
2014-08-13,147.1701,139.0596,118.6774,137.696,168.4835,156.5853,167.9981,116.6711,139.5534,138.9226,173.1139,102.258,135.2627,294.2321,114.0433,112.7527
2014-08-14,144.3782,137.8422,118.1096,137.4353,166.7738,155.9465,168.0146,116.0715,139.1908,138.7443,172.626,102.9385,132.9628,289.2269,113.6452,112.7997
2014-08-15,144.9635,137.1634,118.3433,138.1687,168.8637,157.8099,168.4585,116.6495,139.786,139.1374,171.9038,102.8123,133.1245,287.2805,113.4852,112.8672
2014-08-18,146.0017,139.1971,118.4538,137.9883,169.757,157.6574,167.8642,116.7071,139.863,139.1679,172.2209,103.7737,134.1934,288.6577,114.3223,112.8984
2014-08-19,147.9411,139.3384,117.8904,137.0419,169.0039,156.7518,166.5119,116.4676,139.649,138.2278,173.3856,104.9353,133.5462,291.422,113.7682,112.9943
2014-08-20,148.0728,139.4578,118.3273,137.1597,169.3221,156.1875,165.7934,116.3766,139.8442,138.6212,174.2323,105.5507,134.5537,293.3651,113.4705,113.0372
2014-08-21,146.6244,139.2004,117.9484,136.9268,168.7128,156.0687,165.5999,116.0228,140.222,138.6644,173.095,106.8646,133.5612,284.8092,113.4731,113.0107
2014-08-22,147.5004,138.6151,117.8863,137.1555,167.5919,155.713,165.7378,116.0692,139.7685,138.4811,173.1005,108.3387,134.1117,289.5791,113.7327,113.0316
2014-08-25,148.4987,140.0476,117.7475,136.7572,167.4059,155.3782,165.758,116.056,140.3558,138.4126,173.9028,108.6445,135.6088,290.5454,113.1792,113.0733
2014-08-26,149.0643,140.571,117.9504,137.25,168.4599,156.1706,166.029,116.0166,140.6336,138.1821,175.5535,110.4155,137.2822,290.9423,112.8725,112.9944
2014-08-27,145.6907,139.3996,118.1786,137.0237,167.1396,155.4242,165.3478,115.8308,139.0393,137.744,174.6287,108.5517,137.333,289.2348,112.6533,113.0126
2014-08-28,150.3705,141.751,117.8972,136.8338,168.4429,155.0719,165.9906,115.8067,140.5941,138.4641,176.4865,109.5188,137.5611,296.3483,113.1902,113.0253
2014-08-29,151.4523,141.9383,117.5281,136.534,169.1304,156.276,167.296,116.3074,140.9902,138.779,175.3735,109.1543,138.2859,294.234,112.2776,113.0059
2014-09-01,150.8458,140.6558,117.6725,136.7243,169.8284,156.9842,168.1876,117.2015,141.1304,139.2798,173.8695,108.3113,137.5071,291.1467,111.9495,113.0444
2014-09-02,149.1538,138.9178,117.0156,135.7828,169.3041,156.1933,167.0064,117.0717,140.6924,139.0743,173.0997,107.2627,136.534,281.6912,111.513,113.0758
2014-09-03,147.426,137.3215,116.6137,134.9204,167.8831,154.3484,164.8826,116.3459,140.2385,138.1586,173.0774,106.6116,134.7434,275.0267,111.0814,113.1287
2014-09-04,144.8076,136.0613,116.4936,135.1094,167.1422,154.8022,165.2465,116.2127,139.8991,138.2864,172.8845,105.914,134.8793,270.1605,110.9342,113.0841
2014-09-05,145.5995,137.5242,115.9559,134.9834,166.6466,155.8972,166.7747,116.7965,141.2381,137.7653,175.0341,106.1228,134.2014,269.3479,111.0458,113.0422
2014-09-08,144.9567,137.8451,116.3757,135.5124,168.2317,156.3863,168.0682,117.7389,141.7006,138.0228,175.8634,105.5721,133.0737,270.2018,111.1568,113.031
2014-09-09,145.3622,136.9293,116.85,135.5301,167.3939,155.7324,167.775,117.6172,140.8607,137.7897,175.4946,105.6658,133.4535,271.0749,111.5719,113.0963
2014-09-10,145.9026,137.7295,116.3864,134.7209,166.9973,155.375,167.4702,117.3715,139.8892,137.7596,176.3755,106.0285,133.0038,273.9579,112.0489,113.1008
2014-09-11,143.447,136.7151,116.0784,134.7135,167.4677,155.4337,168.1169,117.6217,139.6072,137.7736,174.8479,105.567,131.495,268.3253,111.4463,113.1397
2014-09-12,142.2589,136.5145,115.9062,134.2348,167.3905,154.5809,166.7121,117.3416,139.0688,137.3768,175.6262,106.1192,130.7223,267.8701,110.9758,113.126
2014-09-15,142.5704,135.4262,115.9409,134.5458,166.7998,154.7366,166.3438,117.516,139.9054,137.3293,176.7271,106.848,130.5626,266.887,110.8742,113.1857
2014-09-16,139.9,133.3888,116.0857,134.3062,164.9196,153.7685,164.3856,116.84,138.2108,136.7403,175.9061,107.3756,129.8161,265.6934,110.625,113.2532
2014-09-17,138.6359,132.0737,115.7539,133.8896,164.8315,153.3158,163.6698,116.4588,137.7523,137.1006,174.8313,105.6874,129.608,264.848,109.4512,113.248
2014-09-18,138.1029,130.8495,116.1021,134.3333,163.7867,153.2573,163.2109,116.2411,137.1707,136.8968,174.3718,104.4636,130.4852,267.586,109.5319,113.2891
2014-09-19,139.6306,131.3326,116.5165,134.5278,164.6096,152.5994,162.3082,116.6972,137.3654,136.6931,175.6746,105.2325,132.2567,272.1664,109.5909,113.2712
2014-09-22,141.2896,132.3143,117.2629,135.1706,166.1821,154.0906,162.894,117.6633,138.1954,137.1814,177.7702,104.6529,132.0991,278.7163,110.3452,113.2777
2014-09-23,139.5828,131.8049,116.9856,134.9837,165.4037,153.8472,162.637,117.1016,137.8138,137.4241,177.3735,104.2033,130.9328,278.1611,110.0339,113.2657
2014-09-24,144.0821,134.6804,116.5945,135.0634,168.1591,155.2627,163.2042,117.5121,139.7171,137.3527,179.7539,103.6412,130.8702,283.2114,110.7802,113.3132
2014-09-25,147.6002,136.4651,116.3756,134.7757,171.1541,155.8116,163.6926,117.8808,140.4485,137.4796,180.4198,103.7039,129.976,285.4923,111.1372,113.3357
2014-09-26,149.9288,137.9839,116.3466,134.6864,171.5948,156.3054,163.8096,117.9326,140.2874,136.8832,179.4137,104.9611,131.3761,290.9457,110.6017,113.3589
2014-09-29,150.6892,137.8346,116.0021,133.5599,170.3223,154.4533,161.9336,117.3206,139.4813,136.822,178.893,104.7147,130.5656,293.3798,110.5963,113.4104
2014-09-30,150.1112,136.4832,116.7604,133.9446,169.4977,154.5424,161.5161,117.3087,139.3776,138.119,178.8429,104.917,130.9704,297.9387,110.3654,113.4052
2014-10-01,152.0841,136.7278,117.2057,134.536,168.4307,155.7004,162.9447,117.4205,139.3518,138.0408,179.4069,106.4905,131.829,302.6651,111.1386,113.4862
2014-10-02,148.8798,134.019,117.1424,134.5582,167.2413,156.0594,163.0162,117.1853,139.1177,138.256,177.2589,105.5093,130.2336,291.0249,110.8168,113.4889
2014-10-03,150.6566,134.8661,116.7648,134.2229,167.9932,157.8,164.0411,117.543,138.5828,137.8799,177.3096,105.8292,130.1952,294.1605,110.6294,113.5217
2014-10-06,151.207,134.4703,116.8545,134.4019,168.0148,156.8029,164.3509,117.323,137.9608,138.3288,176.1938,106.998,130.8703,297.8252,110.551,113.5231
2014-10-07,153.5232,136.5368,118.0462,135.4267,169.3668,157.3994,164.4538,117.9528,140.1025,139.1775,180.4073,108.8805,131.3059,305.0961,111.603,113.4964
2014-10-08,156.8423,138.0448,118.0246,135.5269,170.8323,158.3692,164.4658,118.4655,140.7111,139.6129,180.39,108.8908,132.9165,309.9932,112.4489,113.4815
2014-10-09,156.2842,139.3171,118.4822,136.7566,174.3187,160.2916,165.9891,119.1805,141.8713,140.3624,181.6876,107.5685,133.1355,311.8166,112.4824,113.5055
2014-10-10,155.4058,138.4818,118.4703,137.0523,174.5028,160.2133,166.0898,119.0568,141.8451,140.7863,180.3777,106.9923,133.2312,310.4918,112.2892,113.4816
2014-10-13,150.5173,137.6743,118.8116,137.6192,174.147,159.859,165.8821,119.2959,141.6795,140.8306,179.8089,107.8643,132.4377,306.3399,111.4914,113.4757
2014-10-14,149.6669,137.5967,119.4529,138.7444,173.6716,159.4315,166.3677,119.2251,141.8292,141.4285,180.1225,108.2374,133.923,311.7519,112.0285,113.4821
2014-10-15,151.8061,139.586,118.7812,137.7893,173.3315,159.5148,166.4038,119.0881,140.8236,140.8103,179.35,108.4973,134.1745,317.4378,112.4933,113.4436
2014-10-16,152.9562,139.362,118.8762,137.9362,173.8189,160.2829,167.0376,119.4027,140.8293,141.15,180.3349,109.7384,134.4888,316.0809,113.263,113.4717
2014-10-17,148.4978,136.3582,118.75,137.4186,171.5845,159.4145,165.2561,119.0538,139.845,141.1857,179.6198,107.9028,133.1304,308.5754,112.7296,113.4381
2014-10-20,147.6405,135.4074,118.6116,137.7969,171.875,159.3762,165.7506,118.4077,139.0453,141.1257,179.9897,107.8805,133.126,310.388,112.3589,113.4025
2014-10-21,149.1307,136.9142,119.1216,138.1218,173.6621,159.7349,165.6699,118.8173,139.5576,141.9108,181.6361,109.6505,134.2623,315.1743,112.7565,113.4827
2014-10-22,145.985,135.4423,118.7876,138.0005,173.0651,160.0326,166.1291,118.7897,138.6012,141.5724,178.7159,108.5787,131.6926,306.8371,112.8162,113.5413
2014-10-23,146.4829,134.9982,118.5008,137.9194,174.9393,160.1865,165.6024,118.7748,138.3567,141.2958,177.8298,107.8985,132.5013,303.2961,112.4898,113.5676
2014-10-24,143.0461,134.0668,118.6408,137.5854,173.342,159.555,163.909,118.423,137.6718,140.9774,176.9506,108.7418,131.8037,296.2649,112.2628,113.6203
2014-10-27,141.5384,134.3238,119.3785,138.1903,173.296,159.332,162.9799,118.6225,137.6727,140.9857,177.1059,109.5401,133.7586,297.2757,112.1324,113.6521
2014-10-28,139.4288,131.5832,118.9407,138.1682,172.2061,158.9163,162.4991,117.879,137.1103,140.0065,176.4439,108.6987,132.1026,291.7068,110.7739,113.7008
2014-10-29,140.4918,132.4711,118.6362,138.4028,173.5634,160.9101,163.8913,117.7748,137.9622,140.3376,177.3931,108.2075,131.6025,294.3514,110.0909,113.6498
2014-10-30,142.2451,133.4676,118.3791,137.8883,173.4996,162.3427,165.618,118.372,138.7185,141.4409,177.5366,108.5652,132.5853,294.4915,109.7626,113.6363
2014-10-31,141.7813,133.7575,119.0791,138.4732,173.8641,163.1226,167.0273,119.0209,139.6429,142.6878,179.3755,108.045,132.7662,294.9237,110.2665,113.657
2014-11-03,140.2142,133.7355,119.5267,138.7704,173.3158,162.1854,166.3894,119.1671,140.1664,142.9951,179.1764,108.1746,131.4752,294.9901,110.4755,113.6806
2014-11-04,143.1103,135.7114,120.0992,139.1357,173.1831,162.9995,167.0381,119.748,141.3404,143.0713,180.4919,110.0986,133.8051,301.7306,110.5494,113.6963
2014-11-05,142.6219,135.7273,120.4027,139.7352,175.5595,163.472,167.1968,119.9514,142.163,143.2885,180.1381,111.5743,134.0146,299.1571,109.1651,113.7327
2014-11-06,141.2181,135.2063,120.1409,139.4356,174.9055,162.6693,165.4572,118.7133,140.8264,142.9609,180.0787,111.7068,133.478,299.7945,109.3551,113.7346
2014-11-07,138.9215,133.4738,119.7207,138.8485,174.9126,162.2237,165.6583,118.6681,139.8376,142.702,179.1539,109.9549,132.8184,289.4338,109.0918,113.6865
2014-11-10,143.1615,136.612,119.6623,139.0353,175.5681,162.6536,166.9132,118.4029,141.2317,142.665,181.9746,110.6092,133.9804,299.163,109.6458,113.7044
2014-11-11,144.6965,137.5224,119.5906,138.8318,176.8548,162.6565,165.6917,117.8815,141.726,142.7989,183.062,110.7884,134.3812,298.764,110.0732,113.7787
2014-11-12,144.468,137.5059,119.7313,138.6331,175.9397,162.5771,164.9433,117.8049,141.646,142.7996,183.9891,109.8096,134.0813,301.5729,110.2681,113.8029
2014-11-13,147.3785,140.0946,119.8478,139.2553,177.1096,162.7906,165.7496,117.8203,142.9961,142.5361,185.0733,111.4253,136.5246,306.2548,110.5473,113.7981
2014-11-14,148.685,141.3449,119.6821,139.1029,176.8796,163.0029,166.3046,117.8398,144.298,143.2343,186.4668,110.1746,137.0104,307.5301,110.9235,113.7537
2014-11-17,147.2912,141.3802,119.893,139.455,178.5204,164.8285,166.827,117.967,143.9823,143.4858,184.3934,110.6101,136.9695,304.0293,110.1223,113.7932
2014-11-18,144.3449,140.1969,119.5761,138.4621,175.7306,163.1908,165.1434,117.4455,142.9035,142.1561,183.1701,108.9457,135.6436,297.2279,109.7809,113.7861
2014-11-19,146.3351,141.6128,119.0378,137.8683,177.1806,163.5504,165.7745,117.5227,142.5932,142.3949,183.8693,108.191,137.8624,300.0729,109.4443,113.8741
2014-11-20,144.4204,140.8108,119.3287,138.011,176.3417,162.3924,165.3105,118.1235,142.458,142.5339,183.4935,106.4289,138.633,303.729,108.7252,113.8703
2014-11-21,144.8632,141.3629,119.0778,137.7422,177.7389,162.0979,164.1604,118.4039,143.0132,142.8705,182.6131,105.8594,140.0558,300.232,108.8129,113.8922
2014-11-24,144.3407,141.3941,119.6349,137.9893,176.385,162.4403,165.0928,118.56,141.6238,142.8382,184.1867,105.4316,141.0272,306.1055,109.9647,113.9227
2014-11-25,143.8708,140.6562,119.6498,137.8409,176.0287,162.0282,164.3861,118.9067,142.406,142.6063,184.2208,103.8382,140.4548,301.8452,109.8128,113.9646
2014-11-26,141.2467,138.8513,118.7702,137.3829,175.0561,162.2172,164.6534,118.3204,141.3308,142.4816,182.2086,103.9307,139.6988,295.124,108.59,113.9904
2014-11-27,140.3687,136.78,119.2356,138.036,174.7024,161.8969,164.4391,117.7723,140.7981,143.3804,182.9417,103.9108,138.1845,296.9851,109.4302,114.0169
2014-11-28,137.1096,135.9339,119.6513,139.0632,176.0447,162.8377,164.8577,118.0299,140.9482,143.5672,181.6557,101.6778,137.6435,291.9776,109.3923,114.0046
2014-12-01,139.608,137.3195,119.748,139.5922,178.2776,163.9594,166.0982,118.8091,142.5397,144.3829,182.8078,102.2318,137.7617,295.3643,109.7851,114.0594
2014-12-02,137.2241,134.4639,120.0168,139.3402,175.8382,163.6392,165.9581,118.3135,141.3273,143.9144,182.0668,100.6309,136.9207,289.3661,109.3085,114.056
2014-12-03,138.2271,135.1614,119.9285,139.8289,176.5107,165.2742,168.1918,119.6287,143.4737,144.6025,181.347,99.8577,137.2038,286.2307,109.2657,114.0674
2014-12-04,139.8648,136.1394,120.2238,140.2484,178.5909,166.4476,169.4808,120.0944,144.3015,145.673,183.1752,100.3207,138.9008,290.2373,108.8607,114.062
2014-12-05,139.7245,137.2649,120.1767,139.4797,178.5562,166.9229,169.7221,120.0267,143.9568,145.9639,182.6272,101.9642,138.4061,284.7891,109.1387,114.0969
2014-12-08,139.3227,137.4981,120.4534,140.0015,177.9701,167.2991,169.8015,120.0395,144.3586,146.3621,183.1285,102.1045,139.4119,285.6625,109.7594,114.1089
2014-12-09,138.4159,136.2882,121.003,140.5496,175.2185,167.0062,169.77,119.6051,143.6402,146.3254,183.6964,103.3002,140.1939,289.4603,110.087,114.182
2014-12-10,138.822,137.6191,120.3276,139.6907,174.6721,166.689,169.1725,119.01,142.7415,145.5615,181.9572,104.6185,140.5912,288.1279,110.0489,114.2053
2014-12-11,140.382,138.7497,119.4655,139.3883,173.5812,166.6419,170.2619,118.2557,143.2321,145.3894,182.0728,103.6999,140.2556,290.9492,110.2393,114.1943
2014-12-12,139.9492,139.1119,118.9919,139.167,173.8203,166.3326,169.8057,118.2168,144.2585,145.3223,183.5737,104.162,140.7982,283.9042,110.3917,114.1625
2014-12-15,139.8305,138.9699,118.8119,139.3099,173.949,165.9541,168.5701,117.2706,145.0192,145.0302,184.2527,103.3976,140.5449,278.1735,111.0864,114.2062
2014-12-16,139.2911,138.9462,119.0148,139.9706,172.3726,166.9142,169.7814,117.5357,145.2397,144.9302,185.3547,105.1392,142.4243,277.879,111.4299,114.2541
2014-12-17,142.6996,140.6918,118.9509,139.7514,173.5196,167.1217,170.2065,117.8369,146.2715,145.2816,185.9931,103.8404,142.3773,285.3222,111.5834,114.2104
2014-12-18,143.0529,141.0132,119.0073,139.6895,173.496,166.4704,170.2694,117.7396,145.3263,145.4364,185.4389,105.0986,142.7252,285.0005,112.9496,114.2347
2014-12-19,145.1844,141.0123,119.4442,140.5919,174.6649,167.2611,171.5765,118.5889,147.0876,146.2974,186.5634,105.881,142.142,286.2882,113.7952,114.2777
2014-12-22,146.4513,140.7969,118.6193,140.0014,174.4165,167.1905,171.454,117.7832,146.4247,146.1047,185.548,105.4807,143.0091,285.635,113.5968,114.2437
2014-12-23,146.6872,141.3403,119.2054,140.5473,172.1552,166.5109,171.3275,117.8591,147.4673,145.6379,187.7518,106.8131,144.7247,289.7405,113.5115,114.316
2014-12-24,145.9332,139.4399,119.417,140.3417,169.0068,164.4912,169.6843,117.13,146.2415,145.2683,187.3886,106.6807,144.68,294.112,113.6722,114.3751
2014-12-25,148.3177,140.0484,119.045,140.944,170.8437,165.6031,171.2443,117.2029,148.1547,145.7109,187.6754,107.8393,143.8394,292.9503,113.4772,114.3926
2014-12-26,150.6641,140.5841,119.0947,140.6783,171.234,165.4784,171.6047,117.9282,148.5705,145.4518,187.914,108.6665,144.5013,292.7236,113.8199,114.4261
2014-12-29,151.9919,142.8735,118.4887,139.5221,171.0346,165.0749,171.4784,117.5073,147.9757,144.7414,187.424,108.4138,144.8762,293.4287,113.844,114.4307
2014-12-30,147.9001,140.9456,118.6219,140.0575,170.9346,164.5334,170.255,117.1273,147.7561,144.6305,185.6344,106.4033,144.4351,286.5541,113.4501,114.4956
2014-12-31,147.2915,141.2542,118.7266,140.1785,171.1229,163.1465,169.056,116.5285,147.7617,144.9511,186.5002,106.7495,146.1394,289.2498,113.012,114.5254
2015-01-01,146.0122,138.8178,119.2038,140.7532,170.8584,163.1486,169.1049,116.3797,146.9792,145.4282,184.0731,105.9457,146.5122,284.4703,113.5407,114.5361
2015-01-02,145.2809,139.0553,118.8986,140.6007,170.555,163.0396,169.6533,116.1974,146.9696,145.2303,182.2114,106.5929,145.4525,278.7032,113.8069,114.5685
2015-01-05,149.0671,142.7321,118.7131,141.3012,173.9244,165.9275,172.3201,116.9577,148.7291,146.0414,182.8235,107.3813,148.7673,280.2002,114.7434,114.576
2015-01-06,146.0733,142.2252,118.5078,140.8246,171.9104,164.8909,171.9055,116.4189,147.5713,145.843,181.7632,108.1218,147.0697,276.2663,115.0335,114.5843
2015-01-07,143.9974,141.2861,118.8512,141.0714,171.157,166.3344,172.0482,116.8133,146.6395,145.8825,181.1853,107.2965,147.95,275.4679,115.0416,114.5588
2015-01-08,143.6819,140.2293,119.3579,141.5413,171.7269,168.0361,173.0711,117.6613,146.9406,146.2591,179.959,107.5947,147.1654,271.6365,115.0588,114.4863
2015-01-09,145.5413,140.0126,119.4981,141.8602,172.4089,167.5509,173.2847,117.5959,148.001,146.9543,180.7243,106.8215,148.4263,271.5331,115.5052,114.5914
2015-01-12,148.2932,141.271,119.5068,142.2017,173.3632,168.3332,174.0033,117.1934,149.3779,147.0858,182.7858,107.6284,148.3625,273.5032,115.8634,114.5858
2015-01-13,147.8021,140.9224,119.4308,142.2373,174.4383,169.2643,173.3479,116.9087,149.061,147.3611,182.9928,105.4666,149.3542,271.8992,116.1509,114.5805
2015-01-14,144.2059,139.1993,119.935,142.6792,174.3581,168.5859,171.7282,116.6044,149.0825,147.6657,183.0557,105.8392,147.7029,267.8006,115.5144,114.604
2015-01-15,139.2543,135.6808,119.6651,141.8349,172.6335,166.8844,170.7613,116.1347,145.7947,146.8803,179.802,104.8989,144.7965,262.1166,114.4161,114.5802
2015-01-16,138.7624,135.7216,120.1252,142.5752,174.2737,167.2934,171.3853,116.3774,145.5596,147.0616,179.9123,103.843,145.2528,264.5849,114.5131,114.6053
2015-01-19,137.1417,135.4923,120.2374,142.1831,172.9529,167.0771,170.5746,116.318,145.8031,147.2932,180.4956,104.1493,142.9526,260.4148,115.107,114.5989
2015-01-20,140.6748,138.2174,119.9241,141.7351,174.563,167.4765,171.3359,116.6264,146.5032,148.1711,179.7504,104.1628,145.2972,261.4867,116.3825,114.6304
2015-01-21,141.6397,138.7653,119.9434,141.829,174.5627,167.8032,170.9479,116.8366,147.1792,148.0587,180.9513,105.062,145.4811,263.7033,116.424,114.6562
2015-01-22,143.3051,140.2929,120.1494,142.7204,174.9242,168.3526,171.7175,116.5603,149.0436,148.0738,184.177,105.283,145.8138,267.8126,117.0276,114.6799
2015-01-23,143.6491,140.917,120.1154,143.0965,176.9255,168.7061,171.642,116.5132,149.6248,148.3258,184.4713,105.0172,145.2882,268.1725,117.1694,114.6901
2015-01-26,141.7021,139.8942,119.8041,142.8118,176.9077,168.6824,172.4914,116.5011,147.9481,148.3733,181.3179,104.47,144.8453,265.7354,116.5333,114.6715
2015-01-27,144.246,141.7862,119.9869,142.4965,176.9986,168.1613,171.1481,116.7716,148.5202,148.3934,183.0973,106.5353,147.2172,271.6838,116.7289,114.6889
2015-01-28,145.3766,143.9613,120.5048,143.3817,177.7129,168.0198,171.5096,116.7942,150.2945,148.6081,185.2068,106.0957,148.0021,278.0732,117.0741,114.7126
2015-01-29,146.6232,144.5298,119.8124,142.3618,179.1554,168.2463,171.5948,116.7675,149.7531,148.8938,184.123,105.552,146.9142,278.4568,116.3787,114.7187
2015-01-30,148.473,146.367,119.6249,141.8864,180.2425,169.0396,171.4896,116.8238,150.8634,148.4427,187.1878,104.2202,144.6914,282.6986,116.1739,114.8165
2015-02-02,150.4962,146.3432,118.5038,140.9867,179.6091,169.675,172.0811,116.4432,150.2476,147.7779,185.4576,104.0855,143.7203,285.3216,115.1062,114.8504
2015-02-03,153.223,147.8315,118.5643,140.7387,179.5203,169.1345,172.1886,116.8836,150.6328,147.3107,187.4906,104.4597,144.3844,290.3727,115.9692,114.8596
2015-02-04,151.2868,145.9694,118.4164,140.2107,178.2488,168.2973,171.2364,116.7458,149.488,146.9995,186.441,104.1917,142.2669,286.658,116.0818,114.8574
2015-02-05,152.0687,145.6015,118.2812,139.7739,176.4921,166.6456,170.3042,116.9408,149.0123,146.4316,185.9467,105.4666,143.5544,287.6095,116.399,114.7887
2015-02-06,149.5593,143.8957,118.4094,140.2384,175.8984,165.4186,169.9514,116.5842,148.6334,146.9125,184.3958,105.3431,144.1145,284.6667,116.1132,114.7999
2015-02-09,151.3211,145.5936,118.1224,139.7881,176.1135,164.9365,169.3535,116.748,150.1278,146.6021,186.9533,104.2523,144.3956,287.4247,115.9245,114.7752
2015-02-10,153.0149,146.3476,117.9489,139.6153,175.9421,165.3142,169.0154,116.7716,151.2937,146.4341,187.3382,104.2125,144.4843,285.5768,116.3167,114.8147
2015-02-11,152.8835,146.3621,117.6855,139.4852,176.1438,166.2996,169.7293,116.9054,150.8746,146.082,189.3316,103.758,144.2526,287.9519,115.8396,114.877
2015-02-12,152.1328,144.2784,118.0209,140.5607,177.6119,167.5248,170.5468,117.1398,151.6511,146.5676,189.1762,103.6633,143.7538,283.1421,115.5907,114.804
2015-02-13,151.3501,144.3576,117.7289,139.943,176.5068,166.0007,169.7036,117.032,150.9068,146.0544,189.4705,104.1394,144.3102,284.6518,114.952,114.775
2015-02-16,154.2025,147.4547,117.7449,139.3043,175.1853,165.72,168.8963,117.0005,151.4389,145.4496,191.8355,105.5364,145.6686,290.3889,115.97,114.8615
2015-02-17,152.1739,146.6065,117.6734,138.6881,175.3222,164.7099,167.3807,116.7851,150.0305,144.9937,191.1447,105.1806,145.6347,289.0831,114.9629,114.798
2015-02-18,152.3448,148.8516,118.0362,139.8809,178.201,167.3472,169.2244,117.2492,152.4507,145.5702,193.5865,105.7169,145.0348,286.6717,115.297,114.8287
2015-02-19,148.7881,147.3864,117.9887,139.4632,176.5204,165.9353,167.5453,117.0713,152.5403,145.1833,192.8455,103.7652,143.7785,280.3031,114.634,114.9021
2015-02-20,148.4553,146.2781,118.294,140.2438,178.9969,167.3167,168.5538,117.7138,152.6618,145.9206,192.1917,103.2802,142.9313,277.286,115.1817,114.8777
2015-02-23,146.9759,146.1713,118.4912,139.8434,177.8312,166.5663,166.8732,117.593,152.1009,145.3171,191.348,103.6568,142.7038,273.8649,115.4945,114.9386
2015-02-24,153.0925,148.8442,119.0232,140.4225,180.6779,167.6207,167.6398,118.4668,153.5746,145.8995,194.2716,105.1275,145.2167,287.4234,115.8604,114.9029
2015-02-25,155.3532,150.08,118.4167,139.6796,180.148,167.1307,166.9775,117.9289,153.3798,145.575,195.0337,104.5959,147.003,292.4926,115.6627,114.8802
2015-02-26,157.0848,151.3924,118.3824,139.7876,180.4892,168.701,167.9364,117.8284,153.1556,146.1046,195.4404,106.2591,148.5631,297.2944,115.8049,114.9281
2015-02-27,159.0686,152.9836,118.1226,139.2614,182.1125,169.6223,168.9555,118.4983,153.3881,146.0671,195.9501,105.4632,147.6163,296.3978,116.6367,114.8747
2015-03-02,162.4005,155.0735,117.9982,139.2089,183.6985,169.5261,169.8227,119.0361,153.7266,146.3079,195.4946,105.4743,150.2696,301.409,116.8482,114.951
2015-03-03,160.1256,154.5752,118.0121,139.0124,182.1751,168.4356,169.4509,118.9485,153.6954,145.9794,196.7151,106.0562,149.586,300.8138,115.8961,115.0138
2015-03-04,158.7579,155.9463,117.8918,139.7917,185.8001,169.99,170.9928,119.082,154.0703,146.6597,195.2009,105.8705,150.3149,297.7657,115.4725,114.9183
2015-03-05,157.9274,154.3262,118.2098,140.8372,186.2877,170.1022,171.5429,119.3118,154.7213,147.5602,193.7254,106.3726,150.2784,297.9996,115.192,114.9224
2015-03-06,160.9172,154.9603,118.16,140.8573,187.9726,170.0959,171.7555,119.3689,154.7035,147.7162,194.2097,105.6848,152.7893,301.002,115.6121,114.9503
2015-03-09,158.7776,155.0097,118.2192,140.0984,185.6582,168.8978,171.4882,119.3935,153.6672,147.5164,194.2653,107.0325,151.3998,299.9377,115.5859,114.9792
2015-03-10,160.0882,156.6727,118.0805,139.961,185.7808,168.4495,172.5268,119.384,154.2563,147.5401,196.4427,107.5066,150.7958,303.5775,115.8553,115.0105
2015-03-11,163.3969,161.0221,118.263,140.0573,185.8462,169.7238,173.5057,119.8479,155.7588,148.0978,199.6546,107.5594,152.6393,317.149,116.418,115.0272
2015-03-12,160.7243,158.4363,118.3626,140.0232,184.9402,169.7028,173.0235,119.8592,155.368,148.0473,196.376,107.3143,151.5242,308.0662,115.652,115.0122
2015-03-13,163.6014,160.5878,118.6726,139.6803,185.1565,170.0896,173.3567,120.6469,156.2045,148.058,198.6207,107.355,150.9856,315.0763,116.1063,114.9479
2015-03-16,159.9757,159.0243,118.3761,139.0956,183.6995,169.2776,172.5277,120.2554,154.9285,147.5664,198.8895,107.667,148.9902,309.0593,115.8233,114.9747
2015-03-17,160.5727,159.7974,119.0137,139.3582,183.2019,169.1322,171.815,120.958,155.1148,147.7414,198.9898,107.9766,151.5446,312.5842,116.5181,114.9721
2015-03-18,161.2978,160.5472,118.9595,138.995,183.6142,167.4139,171.0087,120.4601,155.397,147.6447,199.9189,107.993,151.3884,310.8752,116.9795,114.9989
2015-03-19,160.9128,160.9268,118.7704,138.4332,182.9855,166.9325,170.8212,120.3288,155.1544,147.2852,200.0231,107.6739,149.7264,311.7786,116.4899,115.0822
2015-03-20,158.4232,159.9365,118.676,137.7938,182.1071,166.7317,170.2508,120.2182,155.0401,147.5774,200.308,106.4942,149.2391,303.7801,116.0716,115.0887
2015-03-23,159.0001,161.8442,119.2168,138.389,182.0217,166.4763,171.3565,121.2832,156.3111,147.7523,201.3359,108.7078,149.3014,308.7275,116.3765,115.0843
2015-03-24,158.8887,162.8825,119.1056,138.072,184.1619,166.6274,171.0716,121.8008,156.6867,148.099,200.6761,109.5024,148.3849,306.4544,115.8218,115.0751
2015-03-25,160.5231,164.5175,119.354,138.4831,186.5136,168.289,172.4598,122.7681,157.309,148.5689,202.2286,110.7602,150.8048,310.0915,115.2812,115.0887
2015-03-26,163.8498,165.757,118.8189,137.8739,186.735,167.7036,172.5366,122.4827,156.9964,148.1423,202.7031,111.8691,152.3826,314.3544,115.1048,115.0227
2015-03-27,163.712,167.0691,118.8856,138.5782,189.8617,168.4722,173.8505,122.6932,158.046,148.8158,202.9635,114.0216,153.2113,308.5108,115.1626,114.9817
2015-03-30,162.0438,167.1913,119.2082,139.0226,190.214,169.3426,174.8531,123.5053,159.1456,149.3675,205.3552,112.4192,153.1866,306.8874,115.2624,115.0144
2015-03-31,162.5487,168.1149,119.1221,139.039,190.0575,169.923,176.018,123.5643,159.3523,149.2742,207.631,110.8179,153.2961,314.9516,114.4063,115.0187
2015-04-01,160.933,167.1005,119.189,139.1219,190.2394,168.8105,176.0327,123.5921,159.6263,148.9465,208.8862,111.6106,152.7677,308.8362,113.9435,114.9912
2015-04-02,157.6491,165.6253,120.3915,140.0418,188.447,167.7057,174.8354,123.2313,160.0307,149.4975,210.0033,111.1266,153.1056,312.2809,113.3725,115.0481
2015-04-03,160.6754,168.2425,120.1908,139.6638,188.3261,168.1393,175.2056,123.5922,161.3619,148.8952,212.3363,111.7197,154.4449,314.4148,113.5646,115.1056
2015-04-06,157.9156,165.9571,119.9359,139.5763,186.8336,167.7609,174.4579,123.2073,161.2722,148.6334,211.2519,110.7207,153.0252,306.9461,113.2096,115.1328
2015-04-07,157.4192,164.4554,119.9171,140.1071,188.1354,168.4947,175.0861,123.2601,160.6592,149.1606,209.0485,110.4147,151.636,306.4622,113.5317,115.1575
2015-04-08,155.6135,163.2216,119.8441,140.5819,188.7134,169.4557,175.8314,123.1802,160.5905,148.9563,206.378,109.9214,149.8107,299.4454,113.5014,115.1387
2015-04-09,157.1115,164.3909,119.5827,140.2947,189.8918,170.0345,176.3437,123.7719,162.3846,149.1964,208.1073,108.6246,148.3743,297.724,113.6443,115.1126
2015-04-10,158.6325,168.1037,119.622,140.1553,188.9549,170.2515,177.8393,123.7763,163.3269,149.3045,209.8997,107.9688,149.2248,302.292,114.7378,115.0602
2015-04-13,158.6853,168.9794,119.8634,140.0486,189.3385,170.5446,177.3991,123.5294,162.7745,149.2952,210.5044,109.8705,148.9263,304.7621,114.5271,115.1158
2015-04-14,163.4159,171.8278,120.1458,140.5623,190.0121,171.7651,179.5474,124.4929,164.7052,149.9056,210.7052,109.8978,150.8802,311.9861,115.4962,115.0867
2015-04-15,164.1554,172.3891,119.7131,140.6178,191.6655,171.8814,179.6552,124.297,165.8032,150.3458,209.1801,109.9102,148.7856,309.6419,115.5,115.0877
2015-04-16,160.7787,169.3155,119.6732,140.6786,190.59,171.364,178.7911,124.1519,165.6857,150.1009,209.2095,110.5083,147.5315,303.7707,114.05,115.037
2015-04-17,158.1848,166.729,120.0714,140.6982,189.1185,170.452,177.9464,124.5206,165.1839,150.4577,208.7602,109.3716,148.3987,299.1129,113.9836,115.1113
2015-04-20,159.867,168.6973,119.7411,139.9251,187.5436,170.653,177.6063,124.2421,164.7865,149.9196,208.4659,109.365,148.9591,304.025,114.1477,115.0974
2015-04-21,160.335,171.1249,119.6349,139.5717,189.0649,171.5301,179.1672,125.0359,165.434,150.1622,208.1917,108.9972,148.0457,300.9403,114.4929,115.1413
2015-04-22,159.335,171.0762,119.1375,138.6197,188.4654,171.5095,178.4751,124.3566,164.0664,149.6439,206.562,109.448,144.6353,296.3752,114.9206,115.1926
2015-04-23,158.3254,170.4497,119.331,138.8324,189.2898,171.8271,177.8792,124.4594,163.7154,149.7716,205.5703,108.0535,145.1638,294.2474,115.2168,115.2343
2015-04-24,156.9009,168.1826,119.6485,139.6647,189.8148,173.0801,178.4463,124.9017,163.3806,149.49,204.0807,107.1822,143.9314,292.322,115.2529,115.2076
2015-04-27,155.3809,168.0917,119.8134,140.0728,190.2803,172.7996,178.9536,124.7457,163.0624,149.4107,204.1845,106.6876,144.1899,290.658,115.3885,115.2422
2015-04-28,155.4578,168.9669,120.0157,140.4114,192.0037,173.29,179.5527,124.9905,163.3679,149.6108,203.2804,106.1071,144.9208,288.5075,115.6104,115.2509
2015-04-29,152.9284,166.5788,119.6207,139.9304,190.7197,172.7232,178.9386,124.8035,161.3535,148.3756,202.4989,104.6543,144.3245,285.8092,114.9467,115.2753
2015-04-30,153.8559,166.9303,119.1935,140.2294,191.9538,173.5987,179.0152,124.7735,162.1265,147.8908,203.9634,105.2542,145.1949,285.1379,114.592,115.2761
2015-05-01,150.7874,165.7488,119.427,140.4308,190.771,172.304,179.1924,124.8209,162.3997,147.8553,205.0196,103.3738,144.723,278.3649,115.1696,115.2749
2015-05-04,150.9825,165.962,120.123,141.24,190.5195,172.7634,179.306,125.0689,164.2742,148.5585,207.8728,104.0791,144.8414,282.4622,114.7399,115.329
2015-05-05,151.0377,164.9378,120.408,141.8984,189.5363,174.168,180.5087,125.5618,165.5591,148.9738,208.9924,104.084,147.0155,282.4175,113.8395,115.3156
2015-05-06,149.8127,164.2864,120.5463,141.954,189.2439,173.5262,180.0937,125.4875,165.3841,149.3208,209.3503,102.5891,147.1146,284.7053,113.4559,115.318
2015-05-07,153.3076,168.0648,120.7764,142.0543,191.3713,174.3898,180.6052,126.4272,167.181,150.0052,212.2808,102.1527,149.0711,290.7987,114.68,115.2983
2015-05-08,149.7413,166.934,120.28,141.7098,190.8126,173.103,179.8675,126.104,167.1846,150.0208,210.5641,102.0822,147.0116,281.8811,114.2109,115.329
2015-05-11,148.6662,167.3394,120.531,142.1439,190.9311,172.9232,180.4185,126.2351,167.3243,150.4689,210.7124,102.3347,146.9525,283.6919,114.246,115.4108
2015-05-12,149.9158,166.8484,120.0334,141.8571,190.7811,173.5017,181.1347,126.476,168.9151,150.8171,211.5127,102.1482,146.4999,276.6057,114.63,115.4002
2015-05-13,150.1505,167.4005,119.5585,140.7818,189.6826,171.3106,179.0237,125.5859,167.1887,149.9761,210.6826,102.8728,147.249,276.8518,114.9588,115.3653
2015-05-14,147.9008,165.9653,119.906,140.6109,188.7618,170.1612,178.9556,125.3872,166.6944,150.1176,210.0084,101.8725,146.5275,271.4201,114.8126,115.4046
2015-05-15,150.8043,166.7612,119.9768,140.3284,187.5376,169.3286,178.8454,125.1414,167.0583,149.4052,211.0327,102.523,147.6629,275.432,114.7984,115.4056
2015-05-18,150.0698,167.0333,119.7449,140.0216,186.8287,170.3778,179.0214,124.8893,166.8417,149.8428,211.5921,102.1266,147.6266,277.1319,114.2464,115.4544
2015-05-19,152.9265,170.5327,119.1877,139.4491,188.3583,170.7188,179.6876,125.2116,167.4875,149.4377,212.3436,103.3351,148.3306,277.5755,114.7957,115.4611
2015-05-20,152.2184,169.5545,119.0632,139.0073,187.9326,169.7251,178.1827,125.0647,166.1916,148.9186,211.1293,103.139,147.7873,278.8348,114.5433,115.4832
2015-05-21,151.7185,168.3471,118.766,138.3545,186.1952,167.5295,176.615,124.7372,165.0992,148.1132,211.4301,104.3479,145.9289,282.2406,113.9947,115.5066
2015-05-22,148.8656,167.8844,118.621,138.0779,185.314,166.6139,176.0411,124.1521,163.8727,147.6033,211.0852,104.5212,145.6453,277.9428,113.8311,115.4989
2015-05-25,152.3627,171.6611,119.4058,139.3426,188.2853,168.243,177.51,125.2881,165.8987,148.6986,213.2829,105.2673,148.6103,289.2523,114.5494,115.5015
2015-05-26,151.6282,169.2939,119.5369,139.3852,188.9011,167.2639,176.4571,124.8526,165.2769,148.3959,213.9839,103.3429,146.3529,288.5152,114.6656,115.4616
2015-05-27,154.1929,169.71,119.2179,139.0891,190.5096,168.9264,178.0857,125.9016,166.4976,148.8124,215.4086,101.1895,144.3376,288.6983,115.2423,115.4739
2015-05-28,156.4637,170.3714,118.9115,139.2195,191.406,169.1796,179.129,126.0675,167.6987,148.381,215.9397,100.9258,145.2705,287.7261,114.9665,115.4558
2015-05-29,157.2184,170.1641,118.598,139.0745,192.8711,169.4497,179.9634,125.7593,166.9558,148.8286,214.4568,101.5882,144.01,288.0995,114.7658,115.4473
2015-06-01,157.2003,169.0361,118.3764,138.3672,191.6712,169.1258,179.3315,125.5051,165.5143,149.088,213.1691,102.6647,143.5932,287.8541,114.7856,115.4244
2015-06-02,159.1506,170.5116,118.7056,138.7782,193.2496,170.8054,180.9992,126.0151,166.3501,150.0788,213.0738,102.3476,143.1393,292.9423,115.0506,115.4082
2015-06-03,159.2903,171.5256,119.0097,139.3919,194.7696,170.8351,181.2232,126.5468,168.4501,150.6477,215.858,100.998,142.3684,295.0477,115.2764,115.4105
2015-06-04,158.3157,169.2166,118.5054,138.9482,194.7804,170.7568,180.9746,126.492,167.4556,150.2877,215.2978,99.3425,141.8555,289.6227,115.1811,115.3783
2015-06-05,161.6122,170.7988,118.7187,139.1589,196.8098,171.3716,181.4909,127.2149,169.3049,151.3335,215.4128,98.1498,144.1772,290.6835,115.732,115.4292
2015-06-08,159.9426,169.4933,118.7051,138.8909,195.9014,171.4084,180.6126,126.9923,168.1665,151.6564,213.794,98.6659,144.3799,289.294,115.3446,115.4441
2015-06-09,161.7264,172.2485,118.3626,138.722,197.3481,172.4368,181.2756,126.7348,168.995,151.4032,213.1195,99.3334,144.846,289.5996,114.8744,115.3671
2015-06-10,160.876,171.7773,118.5973,139.4881,196.9561,172.6935,181.9591,127.0739,169.7851,151.9565,213.3521,99.5233,146.6205,287.867,115.352,115.4005
2015-06-11,160.8094,171.9671,118.241,139.6455,197.2815,172.7858,181.7899,126.3352,169.8122,152.0101,213.6854,99.4467,147.0459,287.3473,115.5682,115.3864
2015-06-12,158.6846,172.6855,118.0348,139.6027,197.5717,172.2576,181.4916,126.1796,169.2092,152.0611,212.7183,99.4273,148.4574,285.8079,115.2056,115.4223
2015-06-15,163.4379,176.7712,118.0325,139.4015,197.1902,173.1733,182.214,125.877,171.526,152.5422,215.9699,97.6339,150.7663,292.1916,116.3285,115.4353
2015-06-16,161.4059,174.2077,118.1746,138.8528,193.7351,171.6605,181.6025,126.0685,169.9048,151.3313,214.7632,96.2525,149.6348,292.3892,115.912,115.3086
2015-06-17,163.1523,174.7533,118.5183,138.4996,193.7053,171.3424,181.2544,126.2042,168.9519,151.9811,214.3558,96.3841,148.9737,302.1666,116.1525,115.2717
2015-06-18,163.0401,173.6358,118.7592,138.2442,194.8961,170.1541,180.3959,126.6886,168.6107,152.5442,212.1472,96.4079,147.5494,296.5575,117.0524,115.3767
2015-06-19,159.8603,173.2221,119.1657,138.0606,192.1153,169.3408,179.6215,126.6447,167.4753,152.4656,213.1655,98.1705,147.5984,294.942,117.4408,115.3816
2015-06-22,161.826,173.1895,119.478,138.1367,191.8296,169.4513,180.3702,127.0432,168.0207,152.4874,214.8018,99.8442,148.2059,297.9229,116.8846,115.3391
2015-06-23,160.2109,171.4657,119.2182,137.7037,190.9692,169.3047,179.5251,126.8483,168.5075,152.5388,214.2484,98.9533,146.2891,291.3176,116.321,115.3111
2015-06-24,160.1485,170.298,119.2114,137.8414,191.042,170.1686,180.7778,126.9029,167.8762,153.1357,213.2566,96.963,145.5948,292.003,116.8098,115.3333
2015-06-25,159.5818,169.3621,118.8382,136.9682,189.8434,169.746,179.9782,126.8729,166.964,152.4519,212.6283,94.6883,144.8413,289.1756,116.929,115.3492
2015-06-26,157.6489,167.7227,118.8727,137.0855,189.9434,169.7022,179.556,126.6656,166.1353,151.5605,210.5854,93.1801,144.9357,281.7806,116.9913,115.376
2015-06-29,158.4753,168.6343,119.2668,137.5546,191.1048,169.7019,180.1858,127.5819,166.7026,151.0656,209.6881,93.9958,144.5797,283.7181,116.9098,115.394
2015-06-30,159.2284,168.9026,118.8551,137.4143,191.6132,170.894,181.2666,128.077,166.3786,150.8898,207.2901,93.822,144.0758,282.655,117.0619,115.4405
2015-07-01,161.5077,170.6552,118.5957,137.4911,194.2044,172.272,182.8207,128.4201,166.9989,150.8289,205.7753,94.8492,143.8195,281.3661,116.8091,115.4795
2015-07-02,161.3428,171.3478,118.1435,137.4717,194.9369,173.5554,184.5916,128.4733,166.2836,150.3635,205.9661,93.1985,145.2679,282.1849,116.2608,115.5308
2015-07-03,159.8997,172.9901,118.461,137.9176,196.7805,173.9514,184.5959,129.0332,167.0672,150.4643,204.6415,93.1136,145.9394,280.3006,115.8285,115.5552
2015-07-06,158.8482,173.3235,118.4562,137.7866,195.7866,173.3855,184.3006,128.5102,166.881,150.4558,204.0208,93.3382,145.8939,277.5526,116.1921,115.5629
2015-07-07,162.4616,175.1855,118.2699,137.6627,197.3215,172.9632,184.4986,128.1754,168.4667,151.1963,205.3524,93.3394,145.7662,280.1675,116.7108,115.603
2015-07-08,166.1868,176.9946,118.0453,137.6573,197.0356,173.5233,184.8088,128.1208,169.0735,151.1514,205.0532,95.2197,146.9883,284.3358,117.3877,115.5815
2015-07-09,163.2197,175.6804,117.9763,138.1979,199.0157,173.9858,185.1218,128.7427,169.4857,151.5447,203.8561,95.9135,146.0555,276.5576,116.9901,115.5546
2015-07-10,166.0574,175.9216,117.8351,138.3142,201.2102,175.7815,185.7656,129.5134,171.3138,152.0391,206.0662,95.613,146.1816,276.8638,116.6372,115.6319
2015-07-13,167.5981,175.4537,117.4307,137.4052,200.0648,175.0199,184.1851,129.0309,170.2336,151.1507,206.5719,95.4586,145.7836,280.5229,116.2125,115.6809
2015-07-14,164.0801,173.5736,117.5039,137.8453,201.8311,174.8167,183.3644,128.9156,170.6364,151.4325,206.6132,93.0507,145.2672,271.515,116.3887,115.7146
2015-07-15,168.0313,175.7065,117.9064,138.6176,202.2573,176.2789,184.8774,129.4886,173.011,152.3345,210.2232,93.8597,146.8063,281.1469,116.6219,115.6853
2015-07-16,166.6626,174.7083,118.1133,138.7159,202.0518,175.9205,184.9318,129.1002,173.0554,152.3666,211.243,92.1063,144.1913,284.3611,115.853,115.7376
2015-07-17,167.9666,175.5155,117.8172,138.8868,202.4981,176.513,186.5563,129.411,173.4328,152.296,210.4834,92.3442,143.8399,287.3185,115.5974,115.7247
2015-07-20,165.6066,173.996,117.7063,138.4592,204.049,176.1599,185.0423,129.2764,172.1303,152.197,208.6646,92.3451,141.6523,282.2429,115.1586,115.6971
2015-07-21,166.5482,175.1028,118.0629,138.6903,204.0257,177.1802,186.1482,129.8002,172.1475,152.6223,208.7834,91.9396,143.3295,282.3794,116.477,115.7312
2015-07-22,169.3865,176.8536,118.062,138.6241,204.856,178.458,187.4097,129.9261,171.5211,153.0729,208.0985,92.0233,144.978,289.1074,116.7865,115.7211
2015-07-23,169.0957,177.5047,117.4652,137.6839,202.8499,176.5592,186.4929,128.81,170.3923,151.9273,207.9885,90.9715,144.4838,291.5027,116.2932,115.7008
2015-07-24,164.7831,175.6832,116.9962,137.1902,202.5549,175.7474,185.6289,127.7733,168.6237,151.9726,206.8983,90.2915,142.1671,285.8047,115.8431,115.7295
2015-07-27,163.6069,177.0685,117.2427,137.2671,201.3715,175.8037,185.1175,127.9262,168.8106,152.1747,206.7292,90.3702,143.6942,286.7836,116.2506,115.7095
2015-07-28,164.1465,176.0259,117.3312,137.342,200.8828,174.6072,183.6254,127.8105,168.5657,151.3173,206.4291,90.7337,143.5116,289.9524,115.8623,115.6981
2015-07-29,164.2441,174.2095,117.7902,137.3668,201.3184,174.4723,182.2578,128.4094,168.1462,151.6771,206.1413,90.7226,143.6335,287.5408,116.7521,115.7263
2015-07-30,165.5263,174.6405,117.8012,137.7046,203.0917,174.7522,182.5289,128.7245,168.904,151.6925,207.0173,89.7038,144.9928,288.8946,116.7684,115.6821
2015-07-31,164.1553,174.42,117.9414,137.3584,203.7449,175.2689,181.8995,128.9375,168.8914,152.0585,206.9982,88.9024,144.2743,287.1182,116.039,115.7112
2015-08-03,166.9305,174.0943,118.1338,138.2866,204.0599,177.2859,182.8111,128.927,169.8873,152.4358,206.4702,89.6658,144.4771,291.1856,116.5348,115.7214
2015-08-04,167.2594,173.5231,118.2075,138.1165,202.3191,176.105,181.7145,128.622,170.5349,152.4797,209.2006,89.6139,143.6188,293.0539,117.001,115.7223
2015-08-05,170.5963,175.2951,118.6403,138.3186,203.2072,177.1729,182.1834,128.7601,171.2648,153.0088,210.4169,89.0832,145.326,300.3364,117.3031,115.7341
2015-08-06,169.0103,173.187,118.8244,138.7853,201.3224,176.0214,182.7337,128.2591,170.7004,153.3326,207.5261,89.0948,146.4876,297.7635,117.1356,115.7187
2015-08-07,167.2816,172.777,118.7565,138.9307,200.3795,176.35,182.3421,127.3692,171.2844,153.0161,209.8078,89.694,143.8645,294.8373,117.1019,115.8093
2015-08-10,166.1688,172.5357,118.9869,139.4141,201.321,176.8922,182.3011,128.0512,171.8189,153.1255,208.9752,89.0008,144.3365,292.8711,117.1751,115.7948
2015-08-11,164.4926,171.7954,119.3653,140.1432,199.3954,176.7084,183.0105,127.8942,171.9489,152.669,209.577,88.2525,144.7591,293.8182,117.3191,115.8389
2015-08-12,164.4726,170.2283,119.5404,140.7621,201.6825,178.2265,183.7038,128.8364,173.2466,153.6115,208.2444,88.1624,144.8779,287.093,117.0671,115.948
2015-08-13,168.1144,173.5713,119.0699,141.1419,205.0074,180.2492,185.574,129.1071,175.2764,153.8729,209.4439,87.5879,146.2552,289.3059,117.2593,115.9449
2015-08-14,171.4283,176.7233,119.492,141.6549,208.2372,182.317,186.8902,129.9065,175.6737,154.5432,212.3305,86.6254,146.7367,304.5538,117.6195,115.9425
2015-08-17,172.4295,176.7166,119.202,141.5272,207.9784,183.0453,187.7163,129.8138,175.7916,153.8005,211.4788,86.9972,145.6795,302.124,117.356,116.0041
2015-08-18,176.0499,178.612,118.8365,141.4034,209.2927,185.0613,188.9206,130.2392,177.1578,153.4127,212.5209,88.0062,145.61,302.1571,117.3071,116.0654
2015-08-19,179.1566,180.0192,118.8092,141.601,208.8234,185.7036,190.746,130.6578,177.5931,153.1258,212.3538,88.7873,145.3845,307.8221,117.8123,116.042
2015-08-20,182.1449,182.7006,118.916,142.3083,212.8362,187.5323,192.0482,131.3697,180.6326,154.5837,212.0217,88.3169,144.5836,308.9916,118.325,116.0285
2015-08-21,184.3422,185.0238,118.7535,142.6462,214.6855,189.0004,193.7037,131.5068,181.0578,155.6231,211.2073,87.7795,146.7748,313.2149,118.8582,116.1268
2015-08-24,184.6962,185.66,118.4391,142.3709,214.5368,188.1962,192.671,131.2513,179.5269,154.7071,210.9441,87.8539,148.504,314.4497,119.6142,116.1562
2015-08-25,186.4387,186.0451,118.1872,142.5035,216.1287,188.3729,193.7171,131.2427,179.6858,155.1597,210.2438,86.8183,148.7058,316.6494,119.7726,116.2603
2015-08-26,186.4918,187.0317,118.4419,142.7989,216.5379,189.2089,195.2464,131.9717,179.5249,155.9246,208.6692,87.463,150.2803,317.2789,120.0907,116.3854
2015-08-27,189.0638,186.5455,117.8926,142.701,216.7164,190.377,196.3809,131.5811,179.3239,155.3822,207.9495,87.3162,151.5547,315.3573,119.9253,116.3074
2015-08-28,190.2559,186.5954,117.4951,142.2894,216.4352,191.1408,197.1335,131.6037,179.5804,156.1245,206.4435,86.9781,151.0106,316.5239,119.4795,116.298
2015-08-31,191.7747,188.3146,117.4365,142.265,218.739,191.477,196.2319,131.5485,180.2868,156.0756,207.1796,86.0901,151.5406,323.0656,118.4813,116.2955
2015-09-01,190.4902,186.1092,117.6128,141.9878,217.5149,190.2931,194.8571,131.1894,179.0959,156.0541,207.9905,86.9292,151.0644,323.9201,118.0092,116.3078
2015-09-02,192.5856,187.7639,117.456,141.4617,217.1992,190.5297,195.0956,131.5784,180.0811,155.8985,211.3954,86.8348,150.206,325.6157,118.7141,116.2413
2015-09-03,193.1761,188.6874,117.3536,141.6052,218.563,191.732,196.0529,131.7934,180.822,156.1091,212.3008,86.5034,150.8189,324.4838,118.4945,116.241
2015-09-04,192.4102,188.0105,117.3805,141.3133,216.5238,191.4869,195.6054,131.8385,180.733,155.4269,211.0857,85.8857,151.4141,320.4917,118.3299,116.2433
2015-09-07,195.5704,188.5371,117.157,141.1528,217.0874,192.6351,196.602,132.2655,180.8488,155.4647,210.3707,83.7516,153.6686,323.4264,118.5593,116.2092
2015-09-08,197.893,189.5753,117.0452,141.3532,217.7367,193.4815,197.6919,132.4156,180.5715,156.1832,211.1418,83.5659,155.4401,330.3813,119.3503,116.2142
2015-09-09,198.7834,190.8124,116.8768,141.0703,218.7161,193.4808,198.055,132.4327,179.7357,155.9279,211.1498,83.9017,157.5222,331.1123,119.2109,116.1589
2015-09-10,202.3223,192.6661,116.6937,141.495,223.3636,196.1799,200.2538,133.5203,181.0633,156.702,210.447,83.542,157.8078,328.1486,120.1411,116.2053
2015-09-11,201.4301,189.547,116.9418,142.2818,224.0852,198.1483,201.6618,133.8758,181.7846,157.4817,208.5846,82.6879,158.0383,319.0863,120.1317,116.2431
2015-09-14,201.3374,190.316,117.1152,142.5444,226.882,199.0704,201.2626,134.0848,181.8201,157.648,210.0694,82.4444,157.308,322.9476,119.8583,116.26
2015-09-15,204.4892,195.6628,117.5713,143.0776,228.1909,199.5709,202.8042,134.4859,183.0195,158.2672,210.7538,83.2464,158.1913,337.8327,120.2348,116.3145
2015-09-16,208.8622,198.7002,117.7897,142.8441,227.6095,199.5929,203.4995,134.9226,183.5616,158.9155,213.1029,84.0269,159.7989,348.6622,121.2416,116.3637
2015-09-17,209.2433,199.5058,117.8688,142.5386,227.8679,199.6195,202.8932,134.6376,183.0167,158.3248,213.8579,83.1158,160.2264,349.1595,121.398,116.4278
2015-09-18,208.0723,199.3957,117.707,142.576,228.373,199.5965,203.2637,134.3488,180.9913,157.7426,209.5981,83.7351,160.0317,348.6999,121.2233,116.434
2015-09-21,205.7745,198.9409,118.0356,142.6186,228.4791,198.7388,202.5414,134.8989,180.433,157.6377,208.1399,83.4045,159.7412,344.559,121.8534,116.4151
2015-09-22,208.3499,198.5824,118.0313,142.6151,229.9995,199.2653,202.4931,135.4266,180.898,157.5774,208.9777,82.7441,158.2875,350.5312,121.4925,116.4665
2015-09-23,204.4696,196.983,117.7031,142.2721,228.3061,199.7627,202.4175,135.3414,179.8019,157.1336,208.188,82.3297,157.6163,345.217,120.8091,116.4651
2015-09-24,205.9876,198.2675,117.4414,142.0022,228.2987,201.1452,202.7866,135.0198,179.4731,157.134,207.8761,81.2858,158.3968,349.4303,120.8243,116.4541
2015-09-25,210.7279,200.1732,117.6282,142.9201,230.5249,202.7233,203.6253,135.3503,181.7822,157.4698,209.9168,81.5066,159.2356,357.7182,121.1803,116.3971
2015-09-28,208.6673,198.309,118.1676,143.1761,228.9263,202.7668,203.5325,135.7721,181.3316,157.5218,211.9549,81.666,159.2128,359.6818,121.0192,116.5138
2015-09-29,208.5264,196.5856,118.1112,143.522,227.6777,202.4809,203.6593,135.0168,180.8306,157.4818,212.454,82.4214,160.0499,360.7388,120.8911,116.4453
2015-09-30,206.7665,194.7949,118.0442,143.0127,228.4412,202.9497,201.7724,134.8628,179.5456,157.113,211.6877,81.5908,158.5633,355.6391,120.8551,116.4209
2015-10-01,207.8626,193.7939,118.1856,143.6798,230.7297,203.7741,202.4022,135.4036,180.9675,157.1144,211.2652,82.1393,157.8364,353.9811,119.8193,116.4163
2015-10-02,210.4221,193.4709,118.594,144.4435,232.8491,205.6927,203.3698,136.5,181.9571,157.0167,210.6488,83.5881,157.8757,354.6005,119.5759,116.3759
2015-10-05,207.7782,193.0186,119.021,145.5878,236.6211,206.1357,203.0783,136.3888,181.5123,157.5767,209.4775,84.2296,159.0422,350.615,119.9099,116.4119
2015-10-06,205.6284,192.5983,120.2722,146.8295,237.5537,206.9623,202.659,137.3245,182.0101,157.9826,210.7241,83.9288,159.1415,355.3275,120.422,116.3862
2015-10-07,204.3308,193.1131,119.6341,146.7685,236.4285,206.7696,203.4663,136.5673,182.9359,157.1643,210.8584,84.4034,158.6328,350.6444,119.1236,116.4444
2015-10-08,203.9539,193.1903,119.7992,146.773,237.3005,206.7638,204.6957,137.1651,182.1088,157.4404,210.5678,83.3112,158.8691,351.4125,119.5664,116.5503
2015-10-09,202.5182,192.1108,120.0617,147.654,237.9598,206.9252,205.4724,137.0873,181.9468,157.0444,210.6143,83.3937,161.1261,346.7774,119.5558,116.5853
2015-10-12,205.0595,195.0063,120.27,148.2644,242.2281,208.4538,207.6275,138.2062,182.6021,157.2383,212.0733,83.6796,163.2655,351.2898,119.7576,116.5714
2015-10-13,206.9337,196.9758,120.1345,147.7333,243.0212,208.962,208.3757,138.7431,183.7076,157.9161,211.5841,83.5743,162.6391,347.281,120.5702,116.5248
2015-10-14,206.2477,194.7154,120.3364,148.6739,243.9154,208.6991,208.4626,138.6899,183.3013,158.1178,211.9849,83.4268,164.1801,347.1335,121.0684,116.566
2015-10-15,205.8135,193.7985,120.6181,149.6231,244.0002,209.8436,209.3569,138.8861,183.9465,158.1238,212.4513,82.2675,163.6619,349.4618,121.5719,116.573
2015-10-16,210.3237,195.6851,120.8253,149.9254,246.5695,210.6696,210.6569,139.7841,185.8101,158.8213,213.911,82.242,163.5335,354.272,122.2494,116.5953
2015-10-19,210.183,195.513,120.5632,148.8304,243.1679,209.0391,209.5611,139.4809,184.6097,158.3523,213.6074,82.5643,161.8864,356.3082,122.5092,116.5631
2015-10-20,211.9593,194.1515,119.2998,147.6249,241.8147,208.7752,209.4181,138.4274,185.0497,157.8652,212.4133,82.7251,160.194,342.1797,122.4907,116.6003
2015-10-21,213.2676,194.4047,118.8617,147.0653,240.5796,207.6332,209.4428,137.9689,184.7178,157.3641,211.9507,83.4585,159.6156,338.3328,123.1827,116.6145
2015-10-22,216.588,197.434,119.2049,147.2537,240.5788,207.1973,210.4373,138.5085,185.7186,157.6545,213.1127,84.7591,163.2241,343.2948,123.6391,116.6102
2015-10-23,217.2339,196.6339,119.7067,147.7591,240.8132,208.02,210.7963,139.015,185.9717,158.5894,214.705,83.3572,164.0731,353.2053,123.4004,116.6052
2015-10-26,213.7735,195.0424,119.9709,148.5178,241.0318,208.7346,212.1343,139.0448,185.9832,158.7126,214.6535,82.9677,162.2263,347.7327,123.7839,116.5473
2015-10-27,218.1296,198.6155,120.3067,148.7977,242.9472,209.5721,212.9921,139.5444,186.799,159.3314,213.5286,83.753,164.3299,352.9786,124.8903,116.6084
2015-10-28,217.1904,199.9774,119.9868,148.6555,240.933,208.6251,212.0886,139.3873,188.1068,158.821,212.795,83.9162,165.3024,348.8221,124.9585,116.5412
2015-10-29,214.9575,198.3809,120.0808,149.2315,240.8289,210.1269,211.7371,139.2594,188.0193,159.2077,213.3521,83.4966,165.0748,350.5843,124.6708,116.4935
2015-10-30,212.8687,197.5018,120.4562,149.5716,240.9056,209.4937,211.9212,139.2632,187.3189,159.3686,213.5734,83.8398,163.9754,351.4193,124.7783,116.5475
2015-11-02,214.407,197.4519,120.7957,150.5721,244.2877,210.6872,214.062,139.7748,187.6657,160.5995,213.3897,83.898,163.9286,352.9629,125.8129,116.5134
2015-11-03,217.8459,197.4228,120.7367,151.1919,246.9865,212.7024,215.4228,140.36,189.996,161.8141,211.9691,84.7795,164.4775,347.7053,125.9882,116.5043
2015-11-04,217.5043,197.7755,121.2235,151.7744,247.8555,211.9779,214.6731,140.4365,189.8038,161.4208,213.4633,85.3217,166.446,351.7942,125.8447,116.5224
2015-11-05,219.6674,199.1411,121.0567,150.7831,246.042,210.1539,212.5806,139.9835,189.3999,161.0523,213.5073,85.2909,167.0477,357.9393,125.7376,116.4832
2015-11-06,218.9893,197.4614,121.4223,150.851,246.4146,210.6537,213.0831,140.4492,188.5391,161.4329,212.8713,85.7869,166.2307,356.6093,125.684,116.4277
2015-11-09,220.116,198.5285,121.204,151.2365,246.5959,211.5468,214.5998,140.1154,189.8667,161.7717,214.7334,85.4697,167.1884,358.1406,125.5921,116.4481
2015-11-10,221.2811,200.432,121.3065,151.4985,249.2438,213.7983,215.4619,140.6179,191.1777,162.4412,217.3504,85.5705,166.3858,359.0291,126.1324,116.4585
2015-11-11,220.438,199.3644,121.835,152.6653,251.1327,215.9008,217.206,141.728,192.4419,163.0424,217.7498,85.9566,166.3266,357.2038,125.8992,116.4408
2015-11-12,222.7296,199.3055,122.0406,153.0247,250.2432,216.1826,217.8595,141.571,192.348,163.2792,217.5738,86.591,166.7397,362.6199,126.5622,116.425
2015-11-13,224.972,199.9688,121.4545,152.1731,248.0759,215.7949,217.6496,141.0199,191.1539,162.8525,215.1192,87.6686,169.0262,362.7112,126.4105,116.4008
2015-11-16,221.0048,195.9217,121.9104,152.079,244.8024,214.6755,215.9507,140.5928,188.542,162.5311,214.6926,88.1493,168.4586,363.9683,125.8818,116.4679
2015-11-17,221.1942,194.9314,122.0762,151.7519,242.7738,214.8122,216.2405,140.5859,188.1376,162.7076,214.0865,87.8289,166.3272,362.1313,126.8663,116.4876
2015-11-18,218.4699,191.6117,122.2357,151.9239,242.2194,214.6204,215.7379,140.3737,186.5862,162.0945,211.0314,87.5622,164.6326,356.0992,126.6086,116.4493
2015-11-19,223.7244,195.0991,122.1144,151.8857,244.1025,215.9973,217.719,140.4794,186.0326,162.2638,211.063,88.2623,167.1144,367.0055,127.1068,116.4559
2015-11-20,228.5397,197.9216,121.763,152.2483,247.4632,218.1854,219.6263,140.2117,187.9165,162.703,211.0151,89.043,165.4633,366.9371,127.7807,116.464
2015-11-23,227.286,196.1599,121.3196,151.4611,243.3997,217.5001,217.1783,139.0044,187.9891,161.431,211.9859,88.6025,163.8885,359.9056,127.7302,116.4142
2015-11-24,227.7081,195.0836,121.4823,151.0873,244.4743,216.3645,216.4539,138.7683,186.9453,161.3127,210.1208,87.4072,163.2303,357.2587,127.8931,116.4068
2015-11-25,229.6178,197.3466,120.9212,150.0002,244.9364,214.816,215.8879,138.0441,187.0176,161.639,210.4137,87.8424,161.5373,358.2919,128.0319,116.4227
2015-11-26,228.2821,195.4137,120.6527,150.4864,246.7756,217.5539,218.0267,138.3756,187.5247,162.15,208.9788,87.4106,159.0726,350.5878,127.7432,116.5004
2015-11-27,228.6788,195.2961,120.7368,149.9677,244.3419,216.6222,217.3548,137.7812,186.8323,161.2819,211.6633,88.1869,158.174,353.6189,127.5988,116.5425
2015-11-30,235.4515,199.2266,120.5298,149.7985,247.747,219.7561,218.4143,138.2684,186.9038,160.7239,211.8976,88.9042,158.1317,363.4073,128.0089,116.6057
2015-12-01,233.8878,199.5153,120.8742,150.2518,247.4962,220.6441,219.518,138.7293,186.5692,160.8783,211.472,89.2504,157.2735,363.4464,128.9508,116.6064
2015-12-02,233.2497,199.871,120.9846,150.2217,246.8219,219.9369,218.9933,138.3681,185.8307,160.7117,211.587,89.0464,157.5397,367.3812,129.0409,116.6279
2015-12-03,232.6003,199.1603,121.1149,150.4683,246.1776,220.0413,218.5237,137.8159,184.9697,159.4574,209.4792,89.0364,157.2561,362.8748,129.417,116.6478
2015-12-04,239.2584,201.0242,121.1445,150.4744,247.377,220.9713,218.7286,137.9611,186.4102,159.5016,212.3476,89.9213,156.1447,371.1189,130.331,116.6626
2015-12-07,237.1106,202.4962,120.9429,149.8251,247.6459,221.2502,219.4981,137.8909,184.8012,159.1384,210.9027,89.3275,156.7036,368.7874,129.9111,116.6895
2015-12-08,231.8872,199.6796,120.8516,148.9336,246.6294,218.9162,217.9546,137.5031,181.4362,157.6815,208.3631,88.0936,156.5366,358.3063,129.537,116.7838
2015-12-09,227.7767,195.9164,120.7858,149.1556,245.3775,218.7383,218.5894,137.5615,181.0713,157.8461,207.1362,88.2155,152.8982,346.2415,130.3996,116.7718
2015-12-10,223.9782,191.5346,120.43,148.7239,243.8819,217.4033,216.5515,136.7218,179.4182,157.437,206.2109,88.2406,151.6358,342.9709,128.5712,116.7648
2015-12-11,225.7143,192.3221,120.4416,148.9279,244.0582,217.9179,216.7607,136.8245,181.61,157.6892,207.4982,88.8469,150.9613,341.7194,128.3445,116.7445
2015-12-14,224.6934,192.3482,120.2866,148.5581,244.8189,217.9713,216.5583,136.7101,181.4069,158.2498,207.5385,89.1842,150.8439,337.0937,128.4334,116.7388
2015-12-15,217.8252,187.7756,120.5952,148.4668,242.6184,215.2977,214.8986,136.4825,180.9266,158.4033,207.9014,89.2059,149.4548,328.3223,126.7998,116.6612
2015-12-16,211.0652,183.9098,120.5734,148.1552,238.8576,214.7028,213.8524,136.0415,179.5119,158.2303,205.6938,88.6596,149.2876,318.2332,125.6422,116.6526
2015-12-17,211.0747,185.9046,121.1175,148.4404,238.2044,215.0052,214.8199,136.5929,179.9126,158.1757,208.7443,88.6679,150.5568,323.0151,126.2442,116.7395
2015-12-18,212.2472,186.7461,121.3831,149.3404,239.9686,216.9219,216.6541,137.5654,180.9932,158.6771,208.6471,88.9798,150.3282,324.6487,127.0062,116.8118
2015-12-21,209.9408,184.2345,120.8613,148.6342,236.5271,214.2231,215.4286,136.0592,180.2176,157.7833,207.04,88.4554,149.4229,319.2348,125.5869,116.8276
2015-12-22,211.4562,184.1736,121.0346,148.6258,235.6848,213.7317,215.2693,136.1973,180.364,157.7663,206.692,88.314,151.0761,318.9811,126.1683,116.8376
2015-12-23,215.6883,186.0353,120.7849,148.6666,238.478,214.3742,215.8124,136.5112,180.2337,157.7926,205.3648,88.2389,154.1363,323.8091,126.1593,116.8548
2015-12-24,215.6028,184.8142,120.7282,148.6815,237.4518,215.322,215.2234,135.9631,178.4096,157.1288,205.1772,89.4078,153.7754,327.3422,126.1391,116.9061
2015-12-25,213.9945,182.4984,120.2369,148.0795,236.7705,214.8262,214.2688,135.5242,177.7582,157.3605,203.2213,88.9854,153.4877,323.1436,124.7248,116.9074
2015-12-28,211.9124,182.525,120.0476,148.1772,237.1587,214.681,214.9144,135.4028,177.1425,157.5054,202.724,88.9732,152.6826,322.7732,124.7255,117.0334
2015-12-29,212.1117,180.98,120.2141,148.8594,235.7736,213.0533,214.0794,135.0794,177.9505,157.3032,204.3964,89.2216,152.6205,329.4186,124.0772,117.0094
2015-12-30,211.0216,181.5463,119.4835,148.1371,235.8727,211.9867,213.2308,134.3768,178.4029,157.0914,204.7573,89.496,152.6551,324.9566,122.7457,117.0219
2015-12-31,215.1767,183.4241,119.718,148.6348,238.0132,213.692,215.0431,135.3017,179.8753,157.725,204.0113,88.8736,153.8076,327.7579,123.5532,117.0671
2016-01-01,211.9423,181.8714,120.2011,149.299,237.7701,213.1417,215.6469,135.3654,179.9519,158.5628,202.2737,89.4921,152.7868,323.6216,123.5174,117.0303
2016-01-04,212.2203,182.7253,120.3327,149.1603,237.6254,214.1597,217.0499,136.0152,181.4345,159.0502,203.2415,89.4808,151.2659,320.7727,123.5846,117.0456
2016-01-05,211.5831,183.2106,120.7321,149.2941,238.8803,214.7574,216.2324,136.733,182.5645,159.3924,204.5409,90.0052,152.5568,318.6023,123.0299,117.0309
2016-01-06,213.0487,184.6074,120.5635,148.6887,238.2881,214.0777,215.8453,135.767,181.0896,158.7155,204.7455,91.4777,153.7735,320.7556,122.9589,117.0306
2016-01-07,215.5397,184.97,121.3954,149.9579,239.8199,215.1223,217.4526,136.7826,182.4025,158.986,207.199,92.8207,155.0673,326.2932,123.3616,117.0212
2016-01-08,215.6275,184.9904,121.2411,150.2001,240.5606,215.0804,217.8304,136.3439,183.049,159.1883,207.7358,92.6639,156.3563,322.9144,123.2252,117.0409
2016-01-11,212.81,183.3348,120.3622,149.1662,238.8586,215.0407,217.2871,135.4773,180.9577,158.8657,203.4127,91.6584,155.6345,316.9431,122.2823,117.0177
2016-01-12,214.665,182.8664,120.8683,150.2141,240.6025,217.4391,218.8014,135.5425,181.784,159.4694,204.1368,92.9061,155.351,317.7151,122.6136,117.0301
2016-01-13,210.4049,180.2948,121.0242,149.8585,239.3075,216.7711,217.4691,135.9857,180.5997,159.3666,202.2474,92.915,155.8384,307.2603,122.6163,117.0712
2016-01-14,208.3119,180.755,121.1279,150.0291,238.3454,216.5275,217.4646,135.9998,179.7866,159.3,200.0489,92.8482,157.0511,306.8826,122.8775,117.1052
2016-01-15,210.3169,182.551,120.3541,149.1874,238.2075,216.9579,217.7111,135.7668,180.7307,158.6381,200.348,92.5553,158.2376,301.1804,122.6511,117.0938
2016-01-18,213.3853,183.1175,119.8627,149.1033,240.6197,218.223,218.9657,135.9949,181.1182,159.446,199.5961,92.9568,159.2346,299.5602,122.9485,117.1278
2016-01-19,215.3767,183.4137,119.5458,148.746,242.0338,218.9353,219.7721,136.196,181.4055,159.9919,199.8347,93.6174,157.7636,296.8416,123.5661,117.1639
2016-01-20,215.7114,182.1625,119.2657,148.4949,239.9318,218.6982,219.4565,135.6813,180.0175,159.8245,201.1436,95.5416,157.2416,299.2851,124.071,117.1341
2016-01-21,215.4687,180.9513,118.6932,148.0969,238.5021,217.7773,218.4422,134.6503,179.9249,159.1887,202.0332,94.6917,156.5022,297.0596,123.8227,117.176
2016-01-22,211.5242,180.5291,118.1818,147.4154,236.1646,216.753,218.3869,133.807,178.4821,158.3301,201.7298,94.3159,154.063,291.6158,124.0559,117.2212
2016-01-25,212.0415,179.535,118.8812,148.9112,238.5332,219.0523,219.8935,134.6525,179.3269,159.7222,200.6689,95.3011,154.3434,293.5019,124.6085,117.2085
2016-01-26,212.3148,180.6462,118.8659,149.2595,241.4732,219.4755,219.2021,134.8599,180.6522,160.0234,200.5244,94.6381,152.1121,295.0599,124.6281,117.2639
2016-01-27,211.3494,181.4722,118.7706,149.4131,241.9015,220.2897,222.4265,135.2992,180.2434,160.496,200.8724,94.0057,151.8642,295.2254,125.0966,117.1995
2016-01-28,211.7453,181.4363,118.6651,149.3213,242.0808,220.8293,222.319,134.9142,180.1073,160.7221,200.768,94.8905,153.1663,291.8579,125.179,117.1973
2016-01-29,214.7512,181.8768,118.2392,148.7466,241.4249,220.1038,221.7008,134.5374,180.0505,159.2557,200.1068,95.734,152.9048,290.9388,124.8814,117.2149
2016-02-01,212.2849,182.0055,118.3518,147.9713,238.2907,217.371,219.3461,133.5281,178.4922,158.8777,199.9698,95.8759,154.1642,291.502,124.7385,117.2584
2016-02-02,212.3223,182.2366,118.0163,147.4873,237.1839,217.5498,218.9025,133.3401,177.7914,158.1662,199.1152,95.5523,153.8155,289.7353,125.2053,117.273
2016-02-03,213.755,182.0915,117.6411,147.2917,237.3013,217.8054,219.3521,131.9771,178.8641,158.3039,199.7808,96.0634,150.8921,285.9306,124.8995,117.3251
2016-02-04,210.0584,179.2403,117.7821,147.4798,236.4493,217.3841,218.6974,131.7309,178.4924,158.2468,198.9642,95.8167,150.1767,280.5477,123.8954,117.3797
2016-02-05,207.0988,179.3729,117.582,148.0404,238.4501,218.9064,220.5212,131.6372,178.689,158.0927,197.0013,94.8568,148.2683,271.0847,124.7338,117.4098
2016-02-08,212.0488,180.2596,118.6248,149.3616,238.9217,220.9274,222.7871,132.1464,180.2034,158.547,200.0874,95.6715,149.9705,280.4328,125.2288,117.4501
2016-02-09,207.6345,176.564,119.1446,149.9243,237.1772,220.2807,222.6615,132.4696,179.4811,158.2539,199.4652,94.5793,149.1111,278.5119,124.3209,117.444
2016-02-10,206.6941,174.2839,118.4232,148.9751,234.7232,219.8671,222.6552,131.897,178.5828,157.6914,199.3384,92.3639,147.2846,274.4943,124.0911,117.4583
2016-02-11,205.6877,174.3187,118.211,148.7906,235.4445,220.8144,222.4343,131.9331,177.9487,157.9783,199.3037,92.7829,147.192,274.5897,123.8883,117.4959
2016-02-12,206.633,175.9002,118.4732,149.5427,236.6496,222.6874,224.3761,132.4674,179.0035,158.4826,200.5516,94.4242,146.1144,278.5338,124.2363,117.5381
2016-02-15,207.2158,176.08,118.8422,149.8545,235.4781,220.9918,224.4791,132.5777,179.0626,159.2435,200.5555,95.5336,147.9957,282.4107,124.5282,117.6155
2016-02-16,204.6497,174.8119,118.9384,150.2486,234.4157,220.0228,224.3497,132.4687,178.7368,159.1639,199.888,94.9301,147.7254,280.2972,124.9614,117.5819
2016-02-17,206.7368,175.2792,119.0981,150.514,236.3434,220.6947,225.0299,133.1352,179.2899,159.196,198.7897,96.1626,147.3966,280.4018,124.8499,117.6055
2016-02-18,205.3993,176.2056,118.9954,150.4998,238.1644,222.51,226.2556,133.3751,178.3148,159.5371,197.3867,95.6518,146.845,279.8688,125.0796,117.625
2016-02-19,207.9257,178.3729,119.084,151.1423,242.0819,223.5344,227.718,133.7162,180.2588,160.0587,199.7556,95.6872,148.2629,279.7988,125.3025,117.6762
2016-02-22,205.0058,176.1102,118.5101,150.1542,239.7201,221.5271,225.9275,132.6173,178.6497,159.215,197.929,95.4189,146.8238,270.6237,125.3276,117.6554
2016-02-23,208.0183,178.6256,118.5725,150.4625,242.7853,222.4609,226.4491,133.061,179.8815,159.2295,197.9116,94.524,148.2241,271.3816,126.0858,117.6719
2016-02-24,204.4195,176.9441,118.455,150.6193,241.3912,222.4558,226.3411,132.9152,179.9125,158.8129,197.4735,93.7732,146.2774,266.6062,125.8123,117.6794
2016-02-25,204.5483,177.2883,118.8157,151.5979,242.7749,224.3974,228.6271,133.5076,179.6095,159.0249,196.5892,94.7507,147.097,267.2773,126.5857,117.6156
2016-02-26,204.5622,175.9584,118.6285,152.0986,242.3005,224.7456,230.4513,133.2193,179.797,159.3135,194.9522,95.4977,148.2614,263.3311,126.3118,117.5866
2016-02-29,203.4329,173.3789,118.913,152.7874,243.4831,224.4004,229.9273,133.3982,179.1379,159.281,193.1438,94.9443,147.4814,264.5802,125.6563,117.7018
2016-03-01,205.1473,173.1829,118.4488,152.1126,241.91,223.8418,227.5173,132.6474,179.1755,157.9348,191.6758,94.967,148.2613,261.2782,125.339,117.6494
2016-03-02,206.986,175.3169,118.3996,151.8754,242.8881,224.8768,228.2877,132.5448,180.2241,158.3722,192.5243,95.6407,148.0984,260.0306,125.7758,117.6541
2016-03-03,208.9974,175.0611,118.5483,152.0869,242.0774,224.5968,228.5383,132.3232,180.9556,158.7888,193.578,94.6574,149.5679,263.134,125.8853,117.6928
2016-03-04,208.2955,175.7748,118.9969,152.4204,241.4072,224.3561,229.3411,132.6965,180.8659,158.5912,194.1093,94.7311,150.3731,265.102,126.0742,117.7801
2016-03-07,210.1341,177.4542,118.683,151.5485,241.0419,223.7481,228.2285,132.0606,180.6218,157.9523,195.6358,95.2524,151.0232,267.4122,125.4664,117.7832
2016-03-08,208.7062,176.1499,117.3452,150.6385,241.7412,222.6004,227.5147,131.0696,179.9563,157.633,191.5921,94.9435,148.271,256.6471,125.5475,117.7267
2016-03-09,209.6899,175.4158,117.4989,151.1604,244.0049,224.7924,228.3233,131.8223,180.0669,157.9441,191.8445,95.6807,149.842,257.8694,124.6791,117.6991
2016-03-10,209.4662,175.1594,117.8454,151.4352,244.2871,224.8499,228.7132,132.1114,178.1133,157.7786,191.9789,96.6623,151.5835,262.5169,124.865,117.7233
2016-03-11,205.4048,172.0965,118.0592,151.4983,242.8085,224.2249,229.0032,131.9888,176.1773,157.8203,190.0407,96.104,150.6741,260.2631,124.279,117.6803
2016-03-14,207.314,175.3563,117.8422,151.2036,242.9336,223.7417,227.9879,131.8798,177.2169,157.0343,191.9614,95.8596,152.884,263.0985,124.3882,117.7011
2016-03-15,206.6797,177.263,118.0581,151.2746,244.0123,225.0223,227.5677,131.767,176.5776,157.1851,191.5714,96.7693,151.793,265.0486,125.3072,117.7319
2016-03-16,204.7564,176.1393,118.4854,151.8009,242.9803,225.2026,227.4947,131.8353,175.8368,156.7644,191.7151,96.8139,150.7146,267.0432,125.5717,117.7272
2016-03-17,204.3114,175.1638,117.8892,150.782,241.277,223.2799,225.9083,132.1429,176.7938,155.4084,191.7823,96.0989,148.2922,263.2472,124.1748,117.6682
2016-03-18,202.5066,173.9009,118.1182,150.6849,239.501,222.1963,224.8246,132.1948,175.5814,155.2099,191.9304,95.8053,147.6785,264.9713,124.6668,117.7367
2016-03-21,203.6589,173.3219,118.4159,150.7551,237.6476,221.7743,224.1421,131.5826,175.046,154.8644,191.2185,95.705,148.5916,267.5232,124.7997,117.786
2016-03-22,202.6829,174.1013,118.3974,151.0762,239.572,223.8476,225.0521,131.746,175.6932,155.6191,190.8136,95.7681,148.26,263.1695,125.3093,117.8655
2016-03-23,202.3652,172.7245,118.7441,151.1707,237.5213,223.3076,224.2342,132.0202,175.2947,155.2854,190.1256,96.2648,148.8516,262.7718,125.5224,117.9164
2016-03-24,202.6043,172.6136,119.3994,152.2549,238.9566,223.3008,225.3801,132.8618,175.8112,156.3529,189.8905,96.4739,151.319,265.3879,125.9568,117.9668
2016-03-25,205.895,173.8365,119.2706,151.2772,235.3753,222.836,224.7777,132.6406,175.8976,156.2925,190.9838,97.1984,152.814,268.3994,126.5773,117.9715
2016-03-28,203.0585,173.9494,119.6049,151.5482,234.2011,223.4085,226.5499,133.2909,176.4672,155.7463,191.0046,96.8919,152.8668,261.9476,126.6186,118.0034
2016-03-29,202.9457,172.3644,120.1627,152.5252,233.478,223.6835,226.2968,133.9295,177.357,155.5179,192.1976,98.0728,151.7453,261.7032,127.5651,118.008
2016-03-30,200.6158,171.6451,120.2135,152.4616,234.0878,223.4793,225.7007,133.865,177.1549,156.0131,190.8212,97.9613,150.2145,257.7655,127.6044,118.0162
2016-03-31,196.2687,168.7842,119.5841,151.9357,231.7695,221.6768,224.0132,133.2222,175.6264,155.4323,188.0149,97.2753,149.5466,252.4987,126.5254,118.0347
2016-04-01,195.7791,168.7269,119.9556,152.5764,233.1397,223.1602,225.9898,134.1333,176.1853,156.8581,188.1535,96.783,148.716,252.387,127.6317,118.0719
2016-04-04,194.1753,168.4271,119.6631,151.8453,232.8475,223.4171,227.3249,134.021,175.011,156.9265,187.0655,96.4982,145.9235,252.3248,126.6297,118.0911
2016-04-05,191.2111,166.4953,119.4297,151.2301,233.3019,223.8792,227.3546,134.0254,173.6234,156.8934,186.3503,95.1073,145.8985,243.8659,126.3641,118.1562
2016-04-06,191.6166,165.7271,119.2546,151.0769,233.4313,223.3392,226.7677,133.8067,173.9226,156.3441,187.1619,93.1773,147.1862,242.4024,125.8574,118.1561
2016-04-07,188.521,164.3308,119.3056,151.8974,235.3562,225.0093,227.6246,134.0531,174.3433,157.3365,185.8446,92.9899,145.1908,239.1241,125.5445,118.2452
2016-04-08,185.6252,161.2822,119.0524,151.8357,233.2475,224.5859,227.4271,133.6506,173.0749,156.7548,184.0012,91.9659,144.8518,233.426,125.3661,118.2199
2016-04-11,188.3524,163.409,119.7286,152.1347,233.8071,224.9839,228.0412,134.3796,173.8651,157.1636,183.0665,92.7375,146.4811,236.3205,126.1583,118.2119
2016-04-12,186.7831,161.176,119.5829,152.1173,233.6128,225.0818,228.7574,134.5713,172.7271,157.4637,180.6683,93.3791,145.345,234.3494,125.478,118.1838
2016-04-13,183.9671,158.7148,119.603,152.2101,233.4379,225.503,228.1229,134.5929,172.12,157.3092,180.0997,92.7612,144.7105,228.3643,125.3072,118.2294
2016-04-14,183.639,157.5998,119.7728,152.3353,231.3126,224.3472,227.0827,134.344,171.8417,156.7374,181.0154,93.3084,145.7659,229.8447,124.9215,118.2764
2016-04-15,184.673,156.6646,120.589,153.2539,233.145,225.5577,227.6046,135.0169,172.3437,158.1296,182.3393,94.2658,144.5806,233.7721,125.5365,118.2987
2016-04-18,180.7923,155.5574,121.1979,153.4106,232.694,223.3528,225.2508,134.9373,169.4474,158.247,181.0322,94.3913,145.857,239.7182,124.9382,118.3203
2016-04-19,183.1214,157.5034,121.1245,153.3205,235.6855,223.855,226.2344,135.0501,168.6008,158.0772,180.3252,96.0165,147.5807,241.9187,124.7648,118.3335
2016-04-20,182.4051,157.4957,121.4209,153.9323,236.1975,223.7162,226.4969,134.8343,168.8488,158.0895,181.4545,95.6033,147.1845,243.3523,125.0258,118.3626
2016-04-21,181.6706,157.4525,121.6771,154.5428,235.2935,223.6353,227.2229,134.787,170.0675,158.8726,181.9675,96.6391,146.1327,243.8046,125.1647,118.3144
2016-04-22,180.3972,157.9088,122.3343,154.9866,232.5602,223.4746,229.083,135.0889,169.1581,159.2782,181.8488,97.3712,147.5569,248.2915,125.6594,118.3178
2016-04-25,182.3576,157.7128,123.0226,155.8677,233.3938,225.2597,230.0483,135.5949,168.888,159.8315,179.917,98.1992,149.6291,254.8661,125.0413,118.2762
2016-04-26,179.1657,154.9165,122.6872,154.7163,229.4337,223.5789,228.0527,135.2762,166.5503,158.9342,179.6039,98.1567,148.8847,252.6456,124.1566,118.3256
2016-04-27,181.3537,156.3164,123.1003,155.4189,231.6605,225.4888,229.824,136.169,167.9851,159.8153,179.7482,99.0916,150.7787,252.9959,124.4528,118.3365
2016-04-28,181.6608,157.5079,122.7617,155.6847,232.8803,226.6069,231.2188,136.3854,168.1471,159.4912,179.8347,99.7536,150.1744,254.0119,124.6408,118.3291
2016-04-29,183.8173,159.8434,122.4497,155.4926,233.9238,229.1226,233.463,136.7247,168.1561,159.8966,180.3852,99.6909,151.1006,258.1178,124.945,118.3934
2016-05-02,186.1699,159.6392,122.4924,155.425,234.5079,229.7078,232.5639,137.6228,169.0314,159.1612,179.8874,100.2962,150.5509,259.0543,124.3585,118.5013
2016-05-03,184.6495,158.98,122.3636,155.2355,233.9838,228.7651,231.4267,136.8764,168.7862,158.5587,179.003,100.7029,150.3906,256.2628,123.1798,118.535
2016-05-04,184.1805,158.3783,121.9753,154.7143,232.2152,228.1983,230.9038,136.0878,166.3456,158.1629,179.0795,100.2141,150.9193,262.7422,123.0697,118.5858
2016-05-05,182.5258,157.5882,122.7655,156.1949,233.9631,229.0483,231.554,136.4148,167.2524,159.5721,178.7122,101.1031,149.6255,261.6803,124.1097,118.5943
2016-05-06,182.3729,157.0066,122.9455,156.2027,235.9704,227.5835,232.0823,137.1733,166.9097,160.1766,178.2597,99.7982,150.2012,259.8076,124.6973,118.5574
2016-05-09,182.9537,155.9153,122.9838,155.9409,234.5616,227.5253,231.8265,136.7346,165.379,160.7356,176.4915,101.3859,152.3019,258.1229,125.3269,118.5681
2016-05-10,184.2901,156.801,123.0675,156.0349,235.1577,227.3221,232.2728,136.9696,165.1684,161.1935,176.2083,101.5952,153.1672,263.6478,125.4062,118.5983
2016-05-11,185.3767,158.1304,123.4133,156.2713,233.5244,226.2376,232.1983,136.6563,166.0509,161.4208,176.6849,102.1034,154.6055,267.9875,125.4537,118.5876
2016-05-12,188.7933,160.1297,123.0058,155.554,235.7791,225.99,233.7802,136.7666,166.5057,162.1923,176.5698,102.107,154.467,268.7066,125.7078,118.5898
2016-05-13,189.5714,160.0003,123.275,155.3011,235.245,225.7483,232.8748,137.3119,166.3831,162.2311,177.8743,102.1761,155.5323,270.0094,126.193,118.6043
2016-05-16,190.7323,159.6468,123.5119,155.5691,236.3847,225.4089,232.8071,137.4317,165.6214,162.4497,177.0178,102.6102,155.8104,274.5538,126.265,118.6238
2016-05-17,192.2841,159.8322,122.6629,155.079,236.2447,225.5501,232.444,136.5229,165.614,161.4692,177.735,102.0436,154.9816,273.0007,126.3974,118.7071
2016-05-18,196.8698,162.5457,122.1982,154.7382,236.3542,226.4522,233.1889,136.916,166.9762,161.3699,178.4693,102.5317,154.5571,279.7285,126.7974,118.7636
2016-05-19,196.7056,163.7171,122.6095,154.9095,236.067,226.0015,233.0054,136.9543,167.0181,161.3082,179.684,102.7896,153.3201,283.9646,127.5315,118.8731
2016-05-20,196.5741,163.7383,122.2157,154.9464,236.7344,227.3336,234.4965,136.8182,167.7045,161.6967,177.9252,102.7191,151.7498,281.1767,126.9171,118.8507
2016-05-23,192.1153,162.1503,122.4771,155.4908,236.1103,226.9032,235.3196,137.557,166.7471,161.5931,175.6909,102.1467,150.6809,278.7584,126.7989,118.9159
2016-05-24,190.7563,161.0189,123.0945,156.5746,237.1242,227.3449,235.943,138.1968,167.8527,162.7489,176.4259,102.1884,150.4814,277.919,127.0532,118.9464
2016-05-25,186.7617,159.5487,122.9775,156.3906,237.8407,227.077,235.0321,137.6986,166.2518,162.7286,175.6581,101.9972,148.3721,275.7845,126.1578,118.9996
2016-05-26,183.9567,157.8477,122.6464,155.1949,235.2134,224.2087,232.574,137.4308,164.7304,161.926,175.7477,102.1115,147.1933,273.8635,125.2087,119.0577
2016-05-27,182.4644,157.4129,122.987,156.6235,237.6119,225.6098,235.5637,137.897,165.3657,162.0567,176.0448,103.3957,146.0972,272.002,124.963,118.9917
2016-05-30,183.1285,156.9038,123.0606,157.0892,238.3754,226.5819,236.3133,138.2049,166.5925,162.2871,177.9448,103.2302,146.038,269.7842,125.2351,118.9324
2016-05-31,177.2575,151.2787,122.4084,155.3306,230.6664,220.2213,232.7312,136.5921,163.0376,160.76,175.2653,101.4115,144.8948,261.2535,124.3322,118.8821
2016-06-01,178.1795,151.2188,122.5516,155.5603,229.329,219.9417,232.3942,136.3163,162.416,160.4524,175.0335,103.407,144.5367,263.6384,125.3971,118.9733
2016-06-02,177.1529,151.6539,123.2588,156.2694,228.9192,219.3724,232.6268,136.2924,162.0204,160.4064,175.9499,103.9792,146.2959,268.1138,125.2586,119.0232
2016-06-03,181.4642,154.913,122.6101,155.3628,230.9361,219.2363,232.4342,136.0994,162.891,160.9584,176.8667,103.4042,147.7492,269.6135,126.4654,119.0725
2016-06-06,180.5751,154.4554,122.6073,154.8624,227.6182,216.6771,230.5049,135.4353,163.097,160.7468,177.0917,104.0113,147.3709,268.6273,126.4347,119.1194
2016-06-07,179.9419,154.4916,122.3561,154.4773,226.2927,215.4258,230.8755,134.7103,161.5973,159.993,176.3216,104.4954,148.0894,270.0516,125.8217,119.0804
2016-06-08,181.1145,155.754,122.2027,154.7005,227.9739,214.9919,231.582,135.0655,162.7225,160.1696,178.6839,103.5448,146.5727,272.2605,126.995,119.0666
2016-06-09,182.2742,156.0144,122.0244,154.5107,227.7813,212.8357,231.4169,134.232,162.2487,160.8259,178.0007,102.6885,148.988,275.3604,127.0089,119.0212
2016-06-10,182.5002,157.8624,121.5035,154.3207,230.1594,213.4236,232.4769,134.1069,161.6972,161.7664,177.3728,102.4593,149.8067,279.6394,126.7113,119.0167
2016-06-13,183.9949,156.8694,121.4273,154.5828,230.5529,214.6056,234.4364,134.7564,162.9544,162.7458,177.307,102.1764,150.5767,278.1499,126.1,118.9562
2016-06-14,183.0071,155.6056,121.3898,153.9748,229.3668,213.7612,233.2533,134.3815,161.1947,162.2638,175.6494,101.6978,150.8625,276.8505,125.8151,118.9871
2016-06-15,183.9387,155.0618,122.0138,155.0069,230.1701,213.5321,232.9305,134.8644,161.9347,163.0018,177.4326,101.5523,150.8487,284.2257,126.5124,118.9783
2016-06-16,184.0266,154.3407,121.9827,155.5077,230.8834,214.149,234.6999,135.1854,161.824,163.4455,177.0854,102.1178,150.8234,284.5343,126.4934,118.9994
2016-06-17,184.4812,154.6356,122.4613,155.6546,231.8349,214.4575,235.0191,135.921,162.1301,164.2387,178.1111,103.7908,151.1956,286.466,126.1965,119.1269
2016-06-20,177.1467,152.0224,122.7916,155.7937,227.4274,211.8287,233.4797,135.3541,159.8791,163.843,176.4608,103.0507,152.2642,281.2838,126.1983,119.1655
2016-06-21,177.2487,153.5362,122.0526,155.0832,227.8379,212.6312,233.7827,135.2114,160.654,163.8912,176.4382,102.1768,153.3774,278.1495,125.3469,119.1183
2016-06-22,176.7138,153.1229,121.6298,155.0642,228.215,213.6637,234.381,135.3441,160.7354,163.7326,177.2546,103.101,151.7728,275.0772,125.5722,119.1336
2016-06-23,175.2765,150.9279,121.9613,155.7986,226.7533,214.1553,234.2975,135.4081,160.198,164.1069,176.6881,103.2154,151.7858,275.9398,125.9406,119.0725
2016-06-24,172.5173,150.1896,121.9275,155.7082,225.1674,212.2281,233.7456,135.1949,158.7737,163.6718,176.4204,102.9229,152.6469,273.8342,126.646,119.0943
2016-06-27,167.9833,147.9591,122.1495,155.218,220.5608,210.0971,231.9134,134.9798,157.7711,163.639,175.7749,102.0676,151.3527,270.6886,126.6221,119.1543
2016-06-28,169.1612,148.8015,121.294,154.5294,220.3702,208.8307,231.1118,134.2591,157.6099,163.2475,176.0577,103.6261,151.0648,272.4059,126.1917,119.1419
2016-06-29,169.5038,149.9528,121.3536,154.2462,219.2842,207.6794,230.5355,133.8565,156.8721,163.1357,175.6422,104.2683,151.1272,278.6276,126.2572,119.1372
2016-06-30,168.4025,148.8532,121.4955,154.4452,216.9212,207.9901,231.7486,134.3823,157.1848,162.3814,176.5276,103.2015,149.2469,278.2992,126.2839,119.1628
2016-07-01,168.187,147.3847,121.4842,154.9512,217.6267,208.7395,232.3988,134.6752,157.9138,162.0776,176.203,102.7577,149.3846,273.4209,125.707,119.1289
2016-07-04,167.0251,146.832,121.4432,155.4312,217.5229,208.3595,233.0835,134.4809,157.1455,161.7098,176.1889,102.769,149.9478,273.6972,125.9356,119.1909
2016-07-05,168.516,148.2371,121.2813,155.6906,220.4495,208.6756,232.8524,134.5685,158.9238,162.4221,177.1323,103.3371,149.156,272.1524,126.3176,119.2508
2016-07-06,171.8256,150.7712,121.1045,155.5943,222.5237,210.6498,235.7587,135.6834,160.5397,163.304,178.9683,103.6216,148.8658,275.3684,126.8272,119.2744
2016-07-07,171.9083,150.1857,121.7253,156.4199,225.2251,210.6706,235.3094,136.2912,162.372,164.6934,182.0439,102.4487,149.1516,276.1059,126.8204,119.1575
2016-07-08,170.7698,149.536,121.9391,156.4188,223.894,211.4161,235.6647,136.3398,163.3552,164.446,184.2265,102.0671,148.596,273.0588,125.8357,119.2015
2016-07-11,171.6742,149.4812,121.3808,156.5006,226.4208,212.6058,235.8023,136.4225,162.5443,163.9448,181.6431,102.4837,148.097,276.4624,124.6557,119.1486
2016-07-12,170.585,147.2957,121.4674,156.906,224.9692,211.6438,235.8198,136.2422,161.8194,163.4967,181.461,103.8857,149.1513,273.7577,124.2684,119.1983
2016-07-13,172.6705,148.7192,121.5418,157.5122,226.3964,212.2282,236.524,136.4195,162.0171,163.2816,181.8396,103.3725,150.1623,280.9489,124.8211,119.2082
2016-07-14,173.7592,148.8697,122.197,158.0113,225.2635,212.3592,236.9827,137.4892,161.5154,163.3636,181.4757,103.901,153.6768,284.2154,126.0399,119.2653
2016-07-15,173.847,149.5246,122.8207,158.5132,225.4802,212.0038,237.0717,137.8002,161.7131,164.1686,183.2551,102.3299,153.0985,289.5934,127.8588,119.3219
2016-07-18,174.0372,150.0645,122.6192,157.8936,224.1633,210.9779,236.3253,137.4604,161.9643,163.8276,183.0223,103.4013,152.5643,287.5995,127.5603,119.3616
2016-07-19,175.5255,150.2412,122.5856,157.6381,224.3626,210.8061,236.006,137.692,161.7334,163.1333,182.6543,104.5398,153.4673,288.0014,127.0823,119.3831
2016-07-20,174.9191,148.8335,122.7802,158.1944,225.7507,210.5985,235.5247,137.8582,161.4136,162.791,181.3948,104.1781,154.1589,286.1213,126.6013,119.3744
2016-07-21,179.9522,153.8575,122.4796,157.6933,227.5524,211.4218,236.9019,138.1751,161.2885,162.2449,182.4275,105.7564,155.012,295.8601,128.291,119.4082
2016-07-22,183.3287,154.6395,122.6353,157.9312,228.5934,212.4393,238.4244,138.5932,161.9644,162.4047,183.8195,107.0379,154.4236,300.3292,128.6624,119.434
2016-07-25,180.3787,152.5771,122.8379,158.6429,228.0734,211.4893,238.8865,138.6936,162.1631,161.9131,182.7498,107.3492,151.5843,296.0889,128.0814,119.3859
2016-07-26,180.9611,152.8738,122.9292,158.5863,228.1367,211.3816,238.8598,138.762,161.3332,161.5317,182.3679,107.5117,153.1383,296.6602,128.604,119.3473
2016-07-27,179.2926,152.3593,122.941,157.9231,226.4493,209.5638,236.7204,138.7088,161.1537,161.1806,183.3726,107.9151,151.3626,296.8332,128.1656,119.2926
2016-07-28,177.3714,151.8004,123.0677,158.059,225.3917,208.4458,236.9228,138.7387,160.8679,161.7179,182.8309,107.8511,150.6749,296.0112,128.7064,119.2835
2016-07-29,178.7216,152.0177,123.094,158.6311,227.1461,209.6332,239.2494,139.6015,161.8689,162.2708,184.0501,107.7201,151.4645,297.1681,128.5647,119.2843
2016-08-01,179.6431,154.5878,123.2016,158.902,230.0788,210.661,239.9389,139.3281,162.8471,163.0238,184.995,107.9864,152.0751,297.8062,128.8826,119.2419
2016-08-02,173.76,150.9116,123.3241,158.8965,226.6844,208.418,238.0414,139.2618,162.0595,162.5283,182.8999,106.6037,151.711,289.2888,127.7701,119.2319
2016-08-03,172.8564,151.0379,123.687,159.5609,228.8106,209.697,237.9797,139.0632,162.5502,163.1415,182.3289,105.533,150.9223,287.9882,127.9218,119.2926
2016-08-04,172.7595,150.3365,123.916,159.6034,228.5046,209.9864,237.9215,139.7429,160.7359,162.519,181.1367,105.3321,150.7052,293.5203,128.3249,119.2684
2016-08-05,172.9885,149.9989,123.5427,159.5004,228.0497,210.2109,239.7153,139.2539,159.952,162.7402,179.231,104.4327,151.0333,292.5063,128.5624,119.2052
2016-08-08,173.4965,150.0628,123.9924,159.7551,228.3559,209.7147,238.8021,139.3622,159.9311,162.6153,177.9669,105.2051,152.0008,290.9412,129.024,119.2474
2016-08-09,174.5466,150.5702,124.2089,160.3184,228.8767,209.5602,239.2574,139.2626,160.1303,163.2645,177.3539,104.6787,153.6006,294.1011,129.8294,119.2547
2016-08-10,173.8399,150.7697,123.7576,159.5466,226.777,209.91,239.3105,139.2903,159.6069,163.1033,176.9043,105.6351,153.4029,293.3011,129.436,119.2758
2016-08-11,172.5495,149.7269,123.5015,158.5563,223.4988,207.9588,238.0503,139.0444,158.9491,162.7963,176.8886,105.8389,152.4273,292.8581,128.8125,119.2598
2016-08-12,175.1508,149.0108,123.1143,158.8224,223.5409,209.5067,240.969,138.9148,158.5086,162.453,176.3486,104.679,153.8001,294.8247,128.7108,119.2772
2016-08-15,174.2196,148.4819,122.6552,158.71,222.588,207.6655,239.7984,137.9048,158.8006,162.6365,176.697,105.09,154.8449,289.2913,129.1015,119.3414
2016-08-16,173.0224,146.8807,122.4584,157.793,219.768,206.4676,238.742,137.5876,156.7653,161.7059,176.2303,105.5165,152.7214,288.8832,129.3858,119.4341
2016-08-17,173.2983,147.8926,122.7004,158.7301,219.8052,206.7189,241.2036,137.7897,157.6125,161.8638,176.6687,107.3987,153.2789,288.3232,130.2151,119.4198
2016-08-18,171.7667,146.7603,122.9793,159.1615,219.9375,206.193,241.4658,137.6228,157.7889,162.2925,175.3487,106.59,152.9549,282.746,130.6325,119.3403
2016-08-19,171.6865,147.8244,123.6081,160.3801,222.2451,207.9353,241.9431,138.1593,158.8723,163.6035,176.3229,109.0721,153.5579,282.1429,132.0409,119.3528
2016-08-22,172.9518,148.2508,123.9092,161.3223,221.562,207.3536,243.1842,137.6014,159.6004,163.0824,177.5767,109.4611,154.4826,287.6177,131.7942,119.371
2016-08-23,173.9488,148.1986,123.724,160.9019,218.8687,207.2049,243.3625,137.1603,159.2186,162.4594,179.2878,108.7876,156.4239,288.1966,132.4488,119.3521
2016-08-24,169.241,146.446,124.1429,162.1004,220.5819,208.2167,245.2471,137.6944,159.3524,163.6351,178.3966,107.8521,155.556,280.6516,132.2016,119.4355
2016-08-25,169.0866,147.186,124.7678,163.3611,221.3765,208.9728,245.6861,137.8935,160.028,164.0401,179.8953,106.9137,156.7772,286.6667,132.9295,119.468
2016-08-26,171.5768,146.7406,125.4322,163.8352,219.898,209.0138,246.9668,138.7606,161.2658,164.7805,181.5924,106.8494,157.6113,289.9074,134.0368,119.4721
2016-08-29,173.2496,149.2503,125.4914,164.0122,220.7697,208.8765,247.616,138.8784,162.6766,165.2165,182.3328,107.9566,159.553,292.7126,133.8792,119.5055
2016-08-30,172.5107,149.8201,125.6449,163.9433,219.5865,209.033,247.7865,139.0118,161.9506,165.653,182.6587,106.7304,159.7967,301.7112,133.666,119.5714
2016-08-31,170.4889,148.7666,125.1795,163.2821,217.2476,208.4236,247.0263,138.5014,161.5867,164.4957,184.1257,105.959,157.4992,298.5917,133.1168,119.6332
2016-09-01,167.4943,144.4363,125.2103,162.8437,214.4596,206.021,243.7491,138.3387,160.3069,162.7366,183.7524,106.0582,154.0052,291.247,132.6945,119.5931
2016-09-02,165.3347,144.3752,124.6724,162.5486,213.5327,206.954,245.5195,138.6191,160.5409,162.9394,183.6462,106.4841,151.7058,286.0927,132.5827,119.5787
2016-09-05,164.5662,143.7996,124.2764,161.9353,213.3007,205.9012,245.4072,138.4134,159.9271,162.4123,181.8245,105.9451,152.3507,280.369,131.8531,119.575
2016-09-06,164.1052,142.9409,124.0669,161.4941,211.6946,206.1874,245.306,137.7781,159.2634,162.6644,180.5036,106.5946,152.3047,275.0751,132.3694,119.5957
2016-09-07,163.718,141.5644,123.991,161.2107,211.0661,206.2308,244.6424,138.0506,159.1165,162.285,179.2356,105.8466,151.9055,273.1107,131.4321,119.6185
2016-09-08,163.4044,141.762,123.9858,161.1508,210.8717,207.2059,245.1533,138.4256,158.7081,161.7006,179.597,105.9852,151.9507,275.0569,130.8195,119.6518
2016-09-09,161.8218,142.0629,124.2693,161.3326,211.4631,206.1009,245.89,138.7814,157.9053,161.8434,178.3902,106.4802,153.1425,273.4513,130.9785,119.6604
2016-09-12,160.9054,140.9753,124.2901,161.8498,213.1126,206.671,245.7895,138.8175,158.0944,161.0867,179.6783,103.3851,153.1925,271.3308,130.5922,119.7737
2016-09-13,160.0108,141.2755,124.5343,161.9099,213.2877,206.8513,246.2699,139.101,157.9449,161.5075,178.2747,104.1503,152.4649,268.5607,131.1987,119.7871
2016-09-14,159.0615,141.0004,124.0323,161.091,211.5302,205.9954,245.2,138.7767,157.738,160.7509,177.7416,104.0044,151.2389,265.5822,130.6516,119.7415
2016-09-15,164.8869,144.4848,124.2611,161.9101,215.0629,208.4238,248.3995,139.368,159.2052,161.2765,179.3491,105.7287,153.654,274.8603,131.2486,119.7857
2016-09-16,166.5197,145.9159,124.8629,161.8828,213.6727,208.4355,247.6236,139.4005,159.0333,161.3085,180.7516,106.0934,154.3021,285.4431,131.5233,119.8602
2016-09-19,166.4181,146.7448,124.8733,162.3146,214.3891,208.4857,248.0599,138.9432,159.2544,160.9867,180.0466,107.5764,154.2945,284.739,131.2135,119.894
2016-09-20,166.6177,148.0358,124.9589,162.3377,213.4968,208.4629,249.2926,138.7367,158.491,161.1007,179.1946,107.4882,156.976,286.7675,131.8807,119.9465
2016-09-21,162.895,148.2239,124.9188,162.0946,213.6215,208.6031,247.9313,138.9621,157.277,160.3732,179.0774,106.4623,158.0961,281.9806,131.9756,120.0112
2016-09-22,161.4559,146.8412,124.9497,162.3192,213.5341,207.8944,246.9199,139.2055,157.9736,159.961,179.5018,105.768,157.9603,278.4426,130.9706,120.0258
2016-09-23,165.7792,148.8634,124.6682,163.0522,218.0073,210.7509,249.9026,139.572,159.8477,160.0138,180.289,104.317,157.7228,280.9929,131.2773,119.979
2016-09-26,167.3551,149.3847,124.4983,163.5667,220.2334,210.768,250.425,139.596,160.684,160.1814,181.6921,103.6692,158.0083,283.7342,131.5274,120.0212
2016-09-27,165.799,148.5065,125.2266,164.3269,220.3669,210.2132,249.1074,139.7774,160.7743,161.1041,182.4975,104.5551,157.8424,285.7069,132.0222,119.9583
2016-09-28,164.1721,149.2021,125.1963,164.8281,222.5818,211.3408,250.8286,139.8269,160.6999,161.7763,182.1403,104.5199,157.665,282.8955,132.2635,119.9706
2016-09-29,166.6353,152.2812,125.0605,164.5362,224.2363,212.3039,252.3102,139.7801,161.0672,161.8161,183.7027,103.4178,157.8203,288.9755,132.967,119.9527
2016-09-30,166.3777,152.4815,125.1721,164.3335,224.2287,211.6063,251.855,139.6256,160.7771,161.7599,185.4911,104.6831,157.8881,291.3255,132.3121,119.9911
2016-10-03,167.321,151.182,125.6279,164.0353,223.5659,210.8849,251.1513,139.9411,159.3735,161.7634,184.8075,104.2885,158.7474,296.382,132.0491,119.965
2016-10-04,165.7513,152.0868,125.0596,163.1282,222.6024,210.8428,250.3968,139.5607,159.0726,161.8786,183.7447,103.1953,157.5202,293.5855,132.1606,120.0118
2016-10-05,169.9236,154.0061,124.8378,162.6261,224.3745,211.0782,251.4427,139.7162,157.8617,162.1533,183.4295,102.9177,159.6932,305.465,132.4114,119.993
2016-10-06,167.9574,153.106,125.1565,163.3595,223.8922,210.5416,251.7784,139.5091,156.7739,162.145,183.6641,103.6037,160.9357,308.4902,132.253,119.9919
2016-10-07,167.978,153.0184,126.0215,165.0288,227.2859,211.8947,252.9118,140.5398,157.9585,162.7853,183.9454,104.9343,161.3716,307.5537,132.6402,119.9746
2016-10-10,173.0378,157.1013,126.3055,165.1,230.7678,214.1205,254.7554,141.9251,160.0438,163.8668,184.161,105.333,163.9702,312.0759,133.3816,119.9379
2016-10-11,171.6287,157.7143,126.3777,165.1615,230.0615,213.3856,253.7814,141.6783,159.2125,163.3143,185.1958,105.4995,165.1855,312.806,134.2454,119.9209
2016-10-12,173.4508,159.2412,126.2212,165.8981,232.1194,213.7031,254.7437,141.3563,159.6364,163.5423,186.3993,107.4391,167.8715,316.0677,134.5415,119.9194
2016-10-13,175.8077,159.7119,126.3148,166.1271,233.4727,215.7611,257.6804,141.9289,160.275,164.5761,187.094,107.7544,167.0202,318.5299,134.9856,119.913
2016-10-14,177.553,162.0088,125.8903,165.6164,232.751,216.6759,258.5656,141.6928,160.6308,164.4411,189.3019,107.7483,168.2611,325.7086,134.51,119.8588
2016-10-17,177.1261,161.6069,125.5296,165.8801,233.4339,217.4964,258.8521,141.1412,160.5612,163.6759,188.8997,108.0817,168.6733,322.2796,133.6736,119.8861
2016-10-18,177.4494,163.0591,125.884,165.9572,235.0582,216.5916,258.066,140.9462,160.527,164.1114,188.8586,108.3153,170.1242,325.0856,133.6647,119.9558
2016-10-19,176.6225,161.1622,125.7924,164.9313,231.3611,214.5292,256.0252,140.8361,159.4315,163.5605,187.4971,106.9913,170.3724,322.323,133.7811,119.9611
2016-10-20,176.3964,160.852,125.4407,164.6999,230.4487,214.8485,256.3905,140.6594,159.2885,163.4563,185.6093,108.4127,171.8433,315.3054,133.7122,119.9357
2016-10-21,175.7821,161.6318,125.0944,162.9713,227.7062,211.4706,254.5167,140.1468,157.2246,162.6177,184.6989,108.1194,171.8678,316.4483,134.1705,119.8921
2016-10-24,171.2599,157.5162,125.4848,163.7447,225.1578,211.7853,255.0013,140.0658,156.66,162.9324,183.9691,106.8515,170.6149,307.6106,134.4557,119.9448
2016-10-25,172.9271,159.6331,125.5842,163.6295,226.2511,213.4311,256.4379,140.3732,156.6466,162.6654,185.0892,107.5616,171.3949,311.3644,134.431,119.9418
2016-10-26,179.4752,163.9323,125.1384,163.1896,230.1565,214.3089,257.2599,141.043,158.283,162.4999,188.0906,107.7576,172.6902,318.816,135.399,119.9303
2016-10-27,178.0268,163.2291,125.1305,163.2222,228.9843,214.393,257.3042,141.6454,158.2746,162.3409,187.9335,107.6563,171.2098,318.8633,135.4032,119.9726
2016-10-28,177.2417,161.7456,125.0919,163.053,227.4945,213.3116,256.1411,141.1864,157.6362,162.0291,187.6378,107.0887,170.124,314.4893,136.6948,120.0268
2016-10-31,177.5578,163.1899,125.2084,162.7745,226.8897,213.7166,256.1761,141.0939,157.5336,162.4379,187.5713,106.9549,170.3557,315.7862,137.7089,120.0512
2016-11-01,175.4652,163.0219,125.5629,163.0034,226.2232,213.2097,256.1929,141.699,157.2291,162.6848,188.0177,106.6074,169.8337,318.3839,137.8692,120.0969
2016-11-02,180.5726,166.349,125.957,163.4123,227.7568,213.7909,256.9992,142.5829,157.8006,162.5396,189.4316,106.6302,173.0038,329.8886,139.6426,120.2133
2016-11-03,181.4669,167.5678,125.7614,162.8443,227.2082,213.1246,257.3498,142.7395,158.1644,162.6985,189.5235,106.532,172.5981,331.3659,139.7125,120.1878
2016-11-04,181.1958,165.5561,124.8487,161.785,226.8715,213.9157,256.9657,142.3677,156.4799,161.8085,187.8324,106.3915,168.9976,327.4015,139.2484,120.2003
2016-11-07,180.7886,165.6551,124.4867,161.1057,225.2413,213.434,257.2441,142.4317,155.9311,161.3591,187.472,105.7348,168.4389,330.2436,138.4778,120.1649
2016-11-08,182.8855,166.0731,124.5149,161.4265,225.4112,214.2892,258.6636,142.4122,154.3103,162.0967,186.8107,106.1669,173.8141,338.6778,139.4465,120.1055
2016-11-09,186.9197,169.1114,123.7243,160.4476,226.5277,216.3422,261.1128,142.5516,154.5433,162.064,187.5311,106.9715,174.3054,339.765,139.7913,120.1248
2016-11-10,192.5283,171.8369,123.8928,160.2453,230.143,217.7317,261.2352,143.371,155.502,162.3727,188.5429,107.1917,176.3965,345.5719,140.1517,120.1086
2016-11-11,190.2371,172.5712,124.6026,160.9474,231.3969,218.4709,261.0958,144.0623,156.0671,163.6277,189.1516,106.3928,175.9879,349.0643,140.4884,120.2183
2016-11-14,188.582,171.6175,124.4923,160.3647,230.2475,217.4338,259.4989,144.0167,155.0844,162.9923,187.3549,105.24,175.8745,345.0431,140.5387,120.1737
2016-11-15,184.9872,168.0607,124.8982,160.8427,229.9958,217.1995,258.7129,143.8377,153.4887,162.5261,185.3489,104.6813,175.9349,338.4744,139.9316,120.2188
2016-11-16,190.0833,169.0041,124.6662,160.4844,229.7399,218.3723,258.3205,143.862,154.5647,162.2136,186.4549,106.498,175.9359,338.6695,141.0071,120.2708
2016-11-17,188.4238,167.1803,124.4734,160.2128,228.5114,219.0132,258.4218,144.1932,154.2762,161.804,185.6709,105.4178,172.4769,334.2532,141.1344,120.2993
2016-11-18,193.22,168.8153,124.1416,160.002,230.7899,220.1785,258.8144,144.877,154.4372,162.1111,186.6536,105.5732,175.1283,345.0587,140.8586,120.3408
2016-11-21,191.5769,166.7495,124.6811,160.3364,230.4615,220.9563,257.5991,145.462,155.1844,162.0985,186.8525,104.895,174.1791,339.2013,140.3909,120.3376
2016-11-22,187.9431,164.6394,124.6351,160.034,227.9641,219.0525,255.4979,144.8344,153.3119,161.4765,185.1831,104.8178,173.5058,334.5282,141.0196,120.3361
2016-11-23,192.5674,167.5176,124.6011,160.8688,231.9322,222.1513,258.2078,145.5821,154.9097,161.7393,186.4513,104.4321,176.4459,338.8759,141.4848,120.3815
2016-11-24,195.7856,169.1759,124.6183,161.115,234.0271,221.4628,257.6125,145.1855,156.1228,161.6789,187.6265,103.342,176.9755,343.7839,141.7587,120.3914
2016-11-25,196.8609,167.1274,124.5456,161.5666,234.4548,220.86,256.5084,144.8611,156.149,161.9102,186.8638,104.1139,177.7274,343.8971,141.4622,120.3816
2016-11-28,197.9168,167.5107,124.16,160.4645,233.4352,217.9669,253.427,144.6454,156.7703,161.3056,187.1553,104.8504,179.096,338.8157,141.0018,120.359
2016-11-29,195.3032,167.0526,123.9842,160.4793,234.4811,217.4639,252.8372,144.3114,157.0493,161.6827,186.3942,104.1804,176.9665,333.8934,140.6332,120.3125
2016-11-30,190.9786,163.9586,123.9868,159.7979,231.9598,214.9494,250.2377,143.6826,155.3114,161.432,184.7099,104.2878,174.6579,326.1547,140.601,120.3586
2016-12-01,186.8009,162.6097,123.9047,160.1125,232.7565,215.4741,248.5027,143.342,155.5884,161.4016,184.1707,103.8075,172.1057,319.7339,139.6422,120.426
2016-12-02,189.4263,162.6853,124.2822,160.817,234.7053,216.8466,250.9284,144.1534,156.3758,162.4047,185.0792,103.556,171.9314,324.7607,140.0935,120.5053
2016-12-05,188.1403,161.9651,124.1973,161.6813,236.4891,219.0912,252.9544,144.4218,157.8092,163.8198,185.9483,102.5397,169.4509,322.0248,140.3275,120.5093
2016-12-06,190.0143,163.0895,124.5013,160.6969,234.5268,217.9361,252.9645,145.3273,157.5462,163.3052,187.1912,103.106,169.7865,325.1534,140.7176,120.5022
2016-12-07,186.0867,161.0087,123.9798,159.4756,232.0642,216.3933,252.1025,145.1627,155.9102,162.33,186.9639,102.128,167.2716,318.203,139.9192,120.5693
2016-12-08,186.2727,161.3744,124.2507,159.5522,232.0754,215.5606,250.2862,145.1692,155.8379,162.5836,187.4955,102.8858,168.7438,321.1902,140.385,120.5656
2016-12-09,186.9765,161.4862,124.7417,160.2336,231.3734,215.8327,251.0583,145.0996,156.0234,162.3367,188.0309,104.4334,168.7284,325.4912,140.3513,120.6133
2016-12-12,184.6419,159.4186,124.8582,159.9203,228.7667,215.3133,250.152,144.8291,155.6143,161.8051,188.1524,102.7282,166.942,322.9853,139.8834,120.5477
2016-12-13,185.1146,159.679,124.5645,160.2572,229.503,215.7883,250.6351,144.1904,155.3763,161.0493,189.0515,102.4236,166.8716,324.8718,139.9342,120.5647
2016-12-14,183.4107,158.1308,124.5536,159.9776,226.7823,215.5167,249.5109,143.7815,154.9796,160.6885,188.2584,103.251,165.8036,321.6094,139.3907,120.5919
2016-12-15,178.829,156.4804,125.1137,160.2079,224.3709,212.4944,247.4905,143.673,154.1911,159.7777,190.212,103.684,163.9597,321.1979,139.3874,120.605
2016-12-16,178.5038,156.7346,125.7642,160.58,224.7723,212.4884,246.9114,143.5614,153.4364,159.7586,190.0382,103.0727,165.3819,326.5944,139.3163,120.6413
2016-12-19,179.2231,159.1641,126.1952,160.8849,226.1797,213.7033,248.4485,144.3047,153.6687,160.5855,191.0673,104.3982,166.5292,329.7171,140.5327,120.6878
2016-12-20,184.7054,161.8213,125.9766,161.3434,230.8626,215.6974,250.8926,145.1445,154.9488,161.7781,193.1259,105.1127,169.1184,336.9175,141.2848,120.7742
2016-12-21,182.8314,159.4385,125.7337,160.7747,227.1081,214.4941,250.5121,144.3634,153.7289,161.7525,192.483,104.4426,167.2328,335.2855,141.5454,120.7763
2016-12-22,185.5644,162.8747,125.9329,160.8166,229.8432,215.664,251.8107,145.1794,155.1074,161.968,195.0254,102.3534,168.8173,342.1278,141.8017,120.7736
2016-12-23,185.4764,163.6667,126.8137,161.5939,230.6012,216.3799,251.6753,145.9795,156.2725,162.8374,197.3552,100.7414,168.2543,348.4789,142.9584,120.77
2016-12-26,186.9838,163.9117,126.9726,161.3798,230.2586,216.6738,250.8047,145.8886,155.7906,162.32,197.2793,101.3289,168.2239,350.8972,143.4861,120.7563
2016-12-27,186.1812,163.4159,127.3814,161.3367,229.905,215.5571,250.458,146.4324,155.2188,162.7412,196.3627,101.5224,168.9565,351.8611,143.6261,120.721
2016-12-28,183.6508,163.6464,126.8827,160.3657,227.1265,213.7486,248.4069,146.2995,154.9976,161.5926,198.0827,100.6172,169.0617,346.956,143.8473,120.7436
2016-12-29,185.5899,165.2631,127.0536,160.6116,227.6755,215.6016,249.3612,146.3926,155.7983,161.3082,198.3671,101.5951,169.9449,347.537,143.8051,120.7719
2016-12-30,186.8272,167.5678,127.4298,160.8722,227.3154,214.7452,250.2819,146.8394,155.5432,161.1935,199.537,102.7769,174.2869,357.1072,143.6917,120.7857
2017-01-02,182.6766,165.4517,128.2227,161.4942,225.8537,213.3239,249.9423,147.343,154.3951,161.5421,198.9668,103.4582,174.0909,357.7405,143.6155,120.8333
2017-01-03,184.8141,166.4829,127.7225,160.922,227.61,213.154,250.6089,147.6668,156.0424,161.4678,201.7395,102.4589,172.8545,353.7983,143.3596,120.8778
2017-01-04,184.3907,165.999,127.9026,160.2011,227.4313,210.5752,248.0705,147.6523,154.5932,161.3995,201.4531,102.0043,175.0166,355.7556,143.3719,120.9201
2017-01-05,185.2375,166.7949,127.355,159.9669,228.9464,211.7102,248.0921,148.0466,156.758,161.5427,201.0041,101.3251,170.635,347.6685,143.8482,120.9542
2017-01-06,181.1639,164.4942,127.0329,159.6408,226.6933,210.3964,245.6032,147.0326,155.5085,160.9112,200.2148,100.8872,169.3931,341.6918,143.624,120.9583
2017-01-09,182.8731,163.6257,126.7856,159.727,228.1941,211.2268,246.1198,146.9912,155.0887,161.0537,200.2607,100.339,168.2009,342.4142,144.4753,121.041
2017-01-10,182.641,163.1216,126.4435,159.3137,227.4705,212.0388,245.989,146.1682,154.1907,160.2844,200.6946,101.0835,166.911,339.6377,144.4032,121.0669
2017-01-11,185.1505,163.8626,126.7064,160.3136,227.8448,213.1966,247.4612,146.6025,156.3052,161.4486,202.7974,101.1683,168.001,344.1523,145.3155,121.0615
2017-01-12,186.1634,164.3723,126.2567,159.9901,229.7305,212.5048,247.4904,147.1066,157.1566,162.23,203.3869,101.1529,168.3029,343.6428,144.9065,121.1054
2017-01-13,190.5074,166.4322,126.1657,159.1827,229.5164,212.2799,247.5266,147.3806,157.419,162.2058,202.8363,100.0023,168.7435,349.1747,145.9948,121.1524
2017-01-16,189.9073,164.7671,126.6396,159.7097,228.8464,213.0595,247.8135,147.8417,157.0857,162.4883,202.298,99.9213,170.3021,349.791,145.8077,121.1446
2017-01-17,190.4705,163.3636,126.94,159.524,227.9406,212.504,246.444,147.2975,156.2739,162.2717,202.094,98.7671,168.9555,351.779,146.4557,121.1803
2017-01-18,192.9137,166.0436,126.6488,159.2377,229.8295,212.907,246.0664,147.5756,157.4917,162.5753,202.365,98.899,168.122,351.2664,147.9783,121.1549
2017-01-19,196.9483,168.8122,126.7451,158.9033,229.8047,213.7565,245.7183,148.1244,158.8017,162.2925,204.5209,99.541,170.4736,357.4272,147.9583,121.2228
2017-01-20,195.7616,168.0302,126.1305,158.0526,229.0597,213.0418,245.1935,147.683,157.8386,161.7772,203.0264,99.6347,169.2215,349.6662,148.02,121.3157
2017-01-23,195.9211,167.9801,125.5243,157.5001,228.7357,213.1744,244.7547,147.2064,157.4546,161.2104,202.0295,100.1369,168.6296,348.3734,147.1077,121.2363
2017-01-24,197.2348,167.323,125.0233,157.4231,229.8765,213.9905,245.4996,147.0928,157.8484,161.3296,202.4775,100.591,168.8161,338.858,148.263,121.1899
2017-01-25,196.2692,167.5889,125.1393,158.3522,232.9429,215.6886,246.8389,148.1978,158.579,161.9485,202.6123,102.9995,169.1957,336.4145,147.7067,121.2228
2017-01-26,192.0604,164.4532,125.6775,158.5259,230.7371,214.5665,245.109,148.2341,157.311,161.998,200.0482,103.4942,168.7439,329.9129,147.7657,121.245
2017-01-27,199.1167,168.1935,126.1779,159.4605,232.8949,217.3846,247.506,149.6285,159.3378,162.1274,202.5789,103.5837,173.3486,339.0231,149.663,121.3321
2017-01-30,199.5909,168.4677,125.9994,158.3778,230.5141,216.1382,246.0581,149.416,158.9953,162.0028,202.6603,103.5213,172.1236,340.2405,149.9895,121.3707
2017-01-31,199.3565,170.3812,125.7843,158.3373,233.5433,217.7332,245.8545,149.3826,158.5425,162.2046,202.8909,103.5493,171.257,344.9768,149.806,121.3556
2017-02-01,198.8455,169.0851,126.7821,158.4347,233.1638,217.3689,244.2268,150.0886,157.8491,162.6432,203.2668,101.9823,172.9813,346.2978,150.9085,121.3136
2017-02-02,198.9281,166.9293,126.8551,158.4838,232.5034,217.035,244.265,150.591,158.2056,162.3705,203.2135,100.0982,172.1768,344.7811,150.355,121.3793
2017-02-03,198.9229,165.5048,127.7854,159.0217,232.689,216.217,243.1538,151.3999,158.0652,163.2324,202.9461,101.0177,172.2503,350.7309,150.3095,121.4217
2017-02-06,196.8504,163.8769,127.8622,158.8767,233.0808,215.908,242.8065,151.4933,158.4941,163.228,202.9111,98.9475,170.0373,343.5888,149.7289,121.39
2017-02-07,200.6476,164.7577,127.6113,158.6193,232.1029,215.1758,243.5767,151.3906,159.0612,163.2501,204.0422,98.7895,172.3861,346.7737,150.4285,121.4358
2017-02-08,201.4246,164.5765,127.2479,159.0316,232.9445,215.2667,245.2774,150.9302,157.878,163.0788,201.1386,99.5024,174.7358,343.9087,151.2467,121.4579
2017-02-09,195.4927,163.1445,126.8009,158.4188,230.1507,212.3598,243.1086,150.1654,156.3368,162.4939,199.7047,100.9131,174.0811,336.7293,150.5457,121.4707
2017-02-10,199.9517,165.752,126.3872,158.5838,231.8908,212.8422,244.5056,150.2311,157.6799,162.9503,199.9417,102.2399,177.0193,339.2161,151.0966,121.408
2017-02-13,203.5381,166.8203,126.3318,158.495,233.7283,212.6423,243.7223,150.145,158.6089,162.5689,202.0096,102.8126,176.1974,341.1899,151.6308,121.4082
2017-02-14,207.4956,170.6131,126.5922,158.9561,238.7101,215.0398,245.7345,151.0082,159.3764,163.4094,201.4022,103.06,177.5003,347.3552,152.4738,121.3834
2017-02-15,209.6119,171.7463,125.6404,157.5197,238.1392,214.5623,245.9523,150.6085,158.9024,162.6732,201.3194,102.5909,176.8385,345.9562,151.994,121.4708
2017-02-16,206.9284,169.9351,125.5119,157.0873,236.5472,213.2891,244.7718,150.3033,158.2363,162.6138,200.7849,101.7679,174.1232,343.8249,151.716,121.5531
2017-02-17,201.8752,165.6572,126.1836,157.3591,234.2817,212.5106,243.9561,150.6929,156.7004,162.7512,198.5217,100.9379,171.5754,340.7533,151.2979,121.5467
2017-02-20,204.0581,168.1063,126.2367,156.0821,231.3067,209.781,241.3558,150.272,156.34,162.0444,200.5342,101.629,173.2283,349.1463,151.6487,121.5806
2017-02-21,203.0148,168.6134,127.1435,156.8074,233.1631,209.9206,241.0283,150.9376,155.7693,162.2402,200.0092,102.6452,175.4152,355.2658,150.6396,121.6323
2017-02-22,201.2658,167.5824,127.192,156.4036,232.1278,209.1591,241.2392,151.696,155.1901,162.684,200.2631,103.4117,173.5133,350.5895,151.7908,121.6562
2017-02-23,203.1136,168.9528,126.879,156.0291,232.1786,208.416,241.026,151.8007,155.2965,162.2526,198.9333,105.1494,173.3147,351.9069,151.6405,121.7364
2017-02-24,206.2701,170.1691,126.6881,156.9739,235.8604,210.4663,242.238,152.4484,156.845,162.7894,200.2702,104.6003,175.3463,354.1117,152.335,121.7566
2017-02-27,206.8789,171.0792,126.933,156.8632,235.8261,211.3938,242.1254,153.0185,157.6767,162.8462,200.5996,104.0653,175.519,355.4851,151.7458,121.8855
2017-02-28,207.9619,170.4202,127.3566,156.7604,235.0247,210.3253,240.7266,152.685,157.355,162.9821,201.7962,102.8902,175.5068,361.654,152.1478,121.9008
2017-03-01,210.0283,170.1474,127.8386,157.0325,234.646,210.4384,239.8109,152.5713,157.0534,162.2913,202.9466,103.6931,176.769,364.8797,152.8601,121.8253
2017-03-02,211.4831,172.1486,128.0835,156.8014,235.63,211.1171,239.5166,153.4234,158.1778,162.2416,204.5773,102.5591,177.9114,370.5249,151.7488,121.832
2017-03-03,209.7276,171.4437,127.9918,156.7074,236.6522,211.3854,239.8399,153.7565,158.2331,162.496,205.2213,102.1356,177.5742,362.1868,151.9876,121.8018
2017-03-06,210.2665,172.6909,127.7697,156.0857,236.3599,210.7478,239.6854,153.2864,157.1401,162.2796,205.3363,101.8461,178.1513,364.4611,152.7427,121.8534
2017-03-07,211.1279,172.2239,128.0415,156.1652,236.3402,209.6627,238.0009,153.4286,156.388,162.0197,204.8699,103.1619,179.134,367.9032,153.2638,121.9112
2017-03-08,209.7191,172.3888,128.1392,155.8985,236.44,208.2142,236.8796,153.3133,155.4425,162.4254,204.5562,102.0953,180.2483,370.749,153.7625,121.8923
2017-03-09,208.6282,171.1806,128.5368,156.0647,236.6406,208.8848,236.3653,153.5438,154.7182,163.1447,202.3593,101.5612,181.0246,370.8335,153.6373,121.9628
2017-03-10,212.64,172.9428,129.0503,156.4853,238.6049,210.2201,236.8075,153.841,156.0079,163.9913,203.9596,101.01,181.9347,381.1123,153.5835,121.9181
2017-03-13,209.5551,170.739,129.1122,156.4804,238.5145,210.035,234.6883,153.3891,155.0068,163.299,201.3588,102.0869,181.5931,373.9346,152.0914,121.8959
2017-03-14,213.5263,171.4154,128.9334,156.1775,238.9951,209.9405,233.6397,152.9187,154.8985,162.8129,200.4476,103.9739,181.6775,378.2431,151.9783,121.8535
2017-03-15,217.4088,173.0342,129.0046,156.9237,241.8505,212.0177,235.4252,153.556,155.3881,163.5649,200.5954,104.3428,183.7443,388.7666,152.1587,121.8151
2017-03-16,216.621,173.237,129.5587,157.7321,240.08,212.9783,235.5024,154.3543,158.0303,163.3726,203.7517,104.6181,183.3995,384.3295,152.4601,121.8368
2017-03-17,217.1896,174.6178,130.1899,158.311,240.4766,212.9307,234.3646,155.0425,159.232,163.405,206.2864,105.1802,184.6743,388.3111,153.4525,121.7966
2017-03-20,217.8018,174.4517,130.6805,159.4013,241.1316,214.3639,235.8242,155.8125,160.1054,163.5473,207.3009,104.9446,184.5127,392.0879,154.0747,121.8285
2017-03-21,216.9912,173.5169,130.4839,159.3592,241.2063,214.6021,236.1875,155.4847,160.6823,163.3695,207.5477,105.2728,184.3168,383.5076,153.1469,121.8064
2017-03-22,218.0591,173.5333,130.2566,158.8783,242.8632,214.0847,236.3097,155.6503,160.3261,163.2539,205.2941,104.8735,183.5215,376.9286,153.6266,121.8703
2017-03-23,216.5801,173.4567,130.8065,159.3139,240.6301,214.7766,236.5314,156.0117,160.0405,162.8598,206.9614,103.9938,184.0227,386.0339,153.3653,121.9026
2017-03-24,218.9372,174.4241,130.1916,158.2985,241.6158,214.2932,235.4398,155.5758,158.8257,162.7784,205.369,104.4429,183.7407,385.6969,154.454,121.9769
2017-03-27,219.4717,174.7724,130.2118,158.5759,240.3664,214.2385,235.7739,154.8667,158.2017,162.0899,205.0691,103.4878,184.3703,396.1009,153.7818,121.9967
2017-03-28,217.2107,172.6787,130.3063,158.0348,236.0672,211.9582,233.7156,153.8123,156.6284,161.1461,204.9335,103.8189,182.3684,397.8564,153.9047,121.9677
2017-03-29,219.9122,175.3576,130.6856,158.3829,238.4797,212.2842,234.8628,154.3234,157.092,162.009,205.4446,104.1173,184.0692,406.9661,154.5332,121.9485
2017-03-30,223.8542,177.9709,130.7609,158.1599,239.0228,214.1108,235.5332,155.7331,158.3823,161.5435,206.4756,103.6998,184.4668,415.7686,154.1905,121.9551
2017-03-31,222.9393,176.7203,130.6752,157.8345,238.2737,214.6241,235.8521,156.1371,157.5703,161.3718,204.3388,103.7153,183.193,411.9816,154.0871,122.0343
2017-04-03,223.2657,176.2239,129.9796,157.1241,236.2181,213.5562,235.7837,155.8343,157.601,160.6284,205.6361,102.8806,183.0251,410.4427,153.6511,122.0427
2017-04-04,219.7006,174.4762,129.6931,156.9509,232.7456,213.1842,235.4388,155.0324,157.3089,160.4487,204.6427,102.4854,183.2042,403.8418,152.8841,122.1598
2017-04-05,220.148,174.2218,130.2774,157.3576,233.8545,212.0643,234.8876,155.4516,156.8517,161.1373,206.9694,102.4795,184.8105,413.6347,153.3725,122.1939
2017-04-06,222.1736,174.5751,130.4761,157.7582,234.9508,211.363,234.8463,155.4874,157.0296,161.3707,208.9047,103.9017,185.7613,420.7934,153.6184,122.1662
2017-04-07,219.6967,171.9143,130.2172,157.6383,234.2945,209.8796,234.4366,155.5199,155.8475,161.6255,205.8415,102.522,188.8935,417.2136,152.2266,122.138
2017-04-10,222.2449,172.3376,130.313,157.4608,236.0976,209.5886,233.9495,156.294,156.0485,161.7824,206.5018,104.9878,187.9687,415.0739,153.3265,122.1999
2017-04-11,222.8664,171.7874,129.9937,156.6397,234.8372,208.6771,232.3225,156.1119,155.3072,161.1757,205.7303,104.8519,187.3698,416.354,152.9935,122.2059
2017-04-12,222.1164,171.4224,130.7105,157.319,237.051,207.9646,230.9157,156.0463,155.2396,161.6172,207.1225,105.3082,188.9373,420.4065,152.6135,122.2698
2017-04-13,216.6596,168.5326,130.5281,156.8227,233.4441,205.2725,228.2248,154.532,154.2392,161.3574,207.185,105.8075,184.4607,415.0544,152.1883,122.2831
2017-04-14,217.5016,170.6968,131.2805,158.0969,235.9865,207.2022,229.6353,155.3284,155.7057,162.1125,209.7458,106.7552,187.6944,418.2948,152.7121,122.2947
2017-04-17,219.8338,170.4421,131.0686,158.5089,238.4026,209.5844,231.8779,156.0043,156.8423,162.2215,210.3122,106.0857,187.4305,413.5589,152.4149,122.2854
2017-04-18,220.0881,169.9218,132.4552,160.9225,241.8301,211.7052,234.6348,157.4137,159.4036,163.4361,213.0647,106.3284,188.2897,411.2752,153.305,122.1799
2017-04-19,221.3205,168.8811,132.2382,160.4419,241.2256,211.5948,235.0848,157.5012,158.8191,162.5215,211.6882,106.7418,189.5906,406.3203,152.1677,122.188
2017-04-20,219.6282,167.7222,132.5191,160.724,239.3091,211.0454,234.4593,157.7562,158.2891,161.9686,212.0481,107.8964,189.86,408.0686,152.0341,122.1792
2017-04-21,218.3705,166.5706,132.8166,160.4471,237.1028,210.1751,232.6812,157.3363,156.5196,161.4467,210.9748,108.4055,191.7878,410.1571,152.1491,122.1475
2017-04-24,222.9151,168.0654,132.4478,159.6474,237.1661,209.5399,232.3972,157.2559,156.3726,161.0168,211.5052,108.7246,191.3826,416.2109,152.8873,122.1598
2017-04-25,220.8842,166.4219,132.2654,159.1818,235.9858,209.357,231.0893,156.7938,154.8156,160.6455,209.6582,108.5379,189.9899,414.6588,152.6684,122.2149
2017-04-26,223.2783,167.7504,131.9608,158.4436,235.3258,208.2291,229.736,156.4365,153.7247,159.8436,208.3092,109.3433,192.0275,418.461,153.3088,122.1796
2017-04-27,221.2446,166.7919,132.6451,159.3384,235.5977,209.0651,229.9,156.8819,153.3825,159.8513,210.2478,108.6334,191.9473,423.8092,153.5346,122.2246
2017-04-28,221.6037,165.9612,132.6444,159.8499,237.7874,211.0479,231.8491,157.4808,154.8447,161.0176,209.7419,108.1949,190.6853,416.3788,152.9649,122.2029
2017-05-01,222.2409,166.8361,132.3288,159.0943,238.5198,211.0796,229.8956,157.0486,154.0427,160.0882,209.6695,107.1544,189.8934,417.2728,153.376,122.2065
2017-05-02,217.84,164.2788,132.3345,158.726,236.6027,208.8349,228.2414,156.2591,152.2691,159.5976,207.6336,107.4874,188.6415,407.6958,153.6058,122.2561
2017-05-03,216.389,164.2378,132.3407,159.1694,236.5909,209.0433,229.7949,156.3382,153.1228,160.3487,208.4338,107.4766,188.1921,407.7846,152.8949,122.2685
2017-05-04,220.1693,165.8945,132.2095,159.0516,235.9547,208.5348,230.6365,156.381,153.7476,159.2744,211.1135,108.3256,189.3392,410.7196,153.7132,122.2655
2017-05-05,218.9512,166.1278,132.8805,160.2904,237.707,209.1431,230.7134,156.8304,155.1661,160.2087,211.3215,108.0975,190.1913,412.4652,153.4109,122.2428
2017-05-08,220.9971,166.1103,132.4686,160.4914,238.8478,209.6686,232.9292,157.023,154.9267,159.4833,209.6122,108.4076,190.7188,414.4729,152.1434,122.2816
2017-05-09,220.7184,165.8613,132.3603,160.1024,237.8057,208.9696,234.0745,157.2306,155.3077,159.3666,210.1574,108.4705,188.9295,410.8421,151.658,122.2877
2017-05-10,219.5846,166.03,132.3475,160.11,237.0491,209.3264,233.7963,156.6918,155.4467,158.9712,209.2222,109.6305,188.833,403.904,151.4316,122.3484
2017-05-11,219.7647,164.6058,132.212,159.8685,234.4919,207.9999,232.7518,155.8425,155.0728,158.1323,208.9024,109.5328,188.2166,403.7833,151.1556,122.381
2017-05-12,222.8984,165.7644,132.1653,160.3461,236.523,208.6224,233.2741,155.9904,156.1855,158.0288,209.5874,109.457,186.6331,408.5096,151.8166,122.3661
2017-05-15,221.7892,165.2497,131.8957,160.1701,235.4776,207.4446,234.0882,155.8072,155.9051,158.2525,210.1335,108.3897,187.4342,408.1207,151.7047,122.4817
2017-05-16,219.2261,164.3144,132.2814,160.4107,232.5397,206.3126,234.4938,155.5524,155.0487,158.2221,210.4781,109.5526,189.1342,412.6127,150.8279,122.4933
2017-05-17,221.285,164.1762,132.6026,160.8771,234.3316,205.3193,234.4261,155.8718,155.9837,158.4996,209.4958,109.4683,188.8576,409.7005,151.696,122.4685
2017-05-18,222.7475,165.7234,133.3585,161.5607,234.8499,206.1974,236.3828,156.5591,156.7699,159.1804,209.6414,109.7569,189.7117,412.2146,152.973,122.5298
2017-05-19,226.053,169.3605,132.8461,161.12,234.5458,206.9275,236.8128,156.6008,157.4447,159.0501,213.2068,109.7975,190.2953,423.1672,154.4444,122.5863
2017-05-22,228.739,171.736,132.946,161.6687,238.1342,208.4997,237.3282,157.2434,158.6148,158.6949,216.0488,111.7658,188.8473,427.8429,154.7612,122.6191
2017-05-23,228.7654,170.9457,133.051,162.2477,239.2887,208.8441,237.6597,156.7384,158.6347,159.0887,214.02,111.024,190.0628,426.5329,154.3244,122.5881
2017-05-24,226.3789,169.4494,132.6209,161.5292,238.0816,207.6084,236.0107,155.7106,157.1617,158.7334,212.8542,111.2435,188.5697,426.3371,153.0639,122.5794
2017-05-25,221.8639,166.34,132.1478,161.3554,238.1657,207.3398,235.4738,155.3799,156.6003,158.2951,210.986,110.6303,186.4956,411.3767,151.5524,122.5939
2017-05-26,214.986,164.7699,132.4979,161.5607,236.6213,206.1085,234.5167,155.5877,155.3216,157.7133,209.6364,109.6104,186.4644,405.4874,151.0423,122.5684
2017-05-29,211.9759,163.6145,132.2978,161.8653,237.7766,207.3154,234.992,155.3714,154.9669,158.1046,208.6538,108.3172,183.8775,401.5237,150.7874,122.6313
2017-05-30,213.4151,165.6332,133.4465,163.2891,240.108,209.7273,236.7381,157.0977,156.4872,159.2778,211.0804,108.4731,183.7852,409.518,153.0754,122.6674
2017-05-31,213.0565,164.5816,133.1247,163.3956,241.1706,209.623,237.1286,157.0277,157.7102,159.1747,210.979,107.9044,182.3847,400.6444,152.0272,122.6491
2017-06-01,216.4256,165.4608,133.5066,164.3584,242.2498,209.8005,238.6015,157.1314,159.4726,159.8909,211.2743,109.078,183.6698,402.3202,152.606,122.6881
2017-06-02,220.7926,167.659,133.5612,164.353,242.1435,209.6073,238.6566,157.2238,161.3505,160.5119,214.3659,110.1446,184.9932,413.7463,152.2261,122.6151
2017-06-05,224.4641,169.9355,133.0363,163.9801,242.5824,210.3397,240.1938,157.3397,162.5425,161.0828,214.7977,109.9206,185.4791,415.7198,152.9384,122.6545
2017-06-06,223.0625,168.3338,132.9897,163.3112,239.9553,209.3406,239.1124,156.199,161.5565,160.4015,213.6017,111.443,184.8979,406.8155,152.2875,122.5906
2017-06-07,225.8136,170.1588,133.0485,163.8053,242.7071,212.0513,241.2223,157.1141,162.0293,160.825,212.4075,111.8356,185.948,409.0151,152.9367,122.5639
2017-06-08,220.3151,168.4561,132.8486,163.0439,238.5982,209.0433,238.127,155.6696,160.187,160.0641,210.3653,112.9114,185.2226,404.1054,152.1731,122.5546
2017-06-09,219.9516,168.8046,132.8432,163.0713,238.5039,209.6848,237.9743,156.1142,161.0822,160.1864,212.538,114.0574,185.4514,401.732,152.0121,122.5472
2017-06-12,219.425,170.1271,132.1034,162.1655,236.8032,209.3414,238.3958,155.6372,161.4885,159.531,212.9438,115.0957,184.1766,396.2804,151.3936,122.5861
2017-06-13,216.443,169.3047,131.9724,161.3609,233.9554,207.9162,238.1311,155.5161,159.8914,159.0822,211.5029,118.6695,182.9765,389.129,151.3032,122.6704
2017-06-14,218.3032,171.3411,132.7801,162.9537,236.9582,209.4784,240.4817,156.9232,161.9655,159.654,213.1495,118.316,185.936,392.5679,152.1169,122.6462
2017-06-15,221.5099,172.3192,132.8072,163.6686,240.7375,210.7005,241.3227,156.9644,162.4866,160.5308,213.4472,120.2915,189.1935,393.3348,152.4098,122.662
2017-06-16,220.6434,172.6166,133.0057,163.8454,240.2181,210.9142,241.0139,156.7402,163.4097,160.977,215.4349,120.52,190.6605,391.7173,151.9757,122.6282
2017-06-19,216.8986,169.9237,133.026,163.734,239.4911,211.6238,241.4119,157.3883,163.2908,161.7099,214.6522,118.8813,189.0861,382.2948,151.5373,122.6457
2017-06-20,220.6993,171.8292,133.3929,164.3248,241.6007,211.87,242.0699,158.1724,165.2124,161.9874,214.688,119.6879,191.3928,379.843,152.703,122.6564
2017-06-21,228.2057,176.1953,133.2383,163.6987,242.9554,212.4859,243.8678,158.9544,166.3373,162.5994,215.4652,121.6608,193.4217,390.7456,153.2294,122.699
2017-06-22,226.7094,175.4589,133.5859,164.3925,242.891,212.049,244.2335,158.6631,167.8983,163.7276,216.048,122.5741,194.0359,381.1763,153.6903,122.7586
2017-06-23,227.2222,175.8449,133.0888,164.108,244.8071,212.4635,244.6276,158.7334,167.7725,163.3493,215.2614,123.3259,192.1135,376.0345,153.9041,122.7846
2017-06-26,225.2673,175.0972,132.8535,163.0092,243.6164,211.4043,242.7253,158.5303,166.5807,162.5457,214.6939,122.1105,192.2502,370.4901,153.399,122.7858
2017-06-27,223.5488,174.5542,132.7632,162.4767,242.3317,210.248,241.1555,158.1416,167.0977,162.6593,214.2332,121.165,190.4886,363.7214,153.6081,122.7179
2017-06-28,227.4994,176.1069,133.4202,163.4555,246.7132,212.9538,242.6155,159.0983,167.6158,163.1422,214.6558,121.0341,192.2703,369.9026,154.3919,122.6975
2017-06-29,227.5362,176.1103,133.4463,163.1163,244.114,211.8414,241.1688,158.2556,167.317,163.5972,212.539,121.2048,192.4966,370.406,155.3371,122.7298
2017-06-30,225.9217,174.6745,134.4161,164.5382,243.8463,212.397,242.2841,158.9406,167.4127,163.9625,211.2008,120.9517,192.0177,375.52,155.4397,122.6803
2017-07-03,227.1075,176.8449,133.9111,164.0833,244.5714,212.4137,243.5325,159.6001,167.9341,163.9511,211.462,122.7195,191.6761,373.3797,155.9215,122.7279
2017-07-04,227.4663,175.3126,134.4576,164.887,246.587,212.919,243.6439,160.6276,169.2072,164.5417,213.0159,123.9932,191.5048,371.0128,155.3111,122.7869
2017-07-05,228.8757,175.2005,134.5733,165.1062,249.4616,213.5577,243.8658,161.3634,170.0035,164.8791,212.6827,123.8024,191.2255,364.9043,156.1048,122.731
2017-07-06,226.7446,174.0048,134.3655,165.0131,249.256,212.3337,242.9163,160.7007,169.9266,164.8331,212.4528,123.0905,189.0239,366.8835,154.4439,122.7226
2017-07-07,225.6454,173.7186,134.2392,164.9165,248.1537,213.0534,243.2172,160.3048,170.4131,164.6828,212.2764,121.6894,187.9028,364.6187,153.8104,122.7291
2017-07-10,227.7734,175.3106,134.6735,165.8915,249.0377,214.3146,245.7626,161.0003,172.1193,165.2466,213.0267,123.7582,188.7995,367.7793,153.803,122.701
2017-07-11,227.8918,175.1716,134.9424,167.099,251.2518,215.5793,247.5156,161.2504,173.5269,165.4309,213.4614,124.9811,188.2184,363.2352,153.83,122.7493
2017-07-12,229.441,175.521,135.5477,167.9261,251.3127,215.9982,247.7161,161.5061,173.8158,165.9402,214.2514,124.5797,188.7625,376.6661,153.8791,122.7111
2017-07-13,231.8086,177.4135,135.5138,168.0798,251.641,216.5535,248.4623,161.7096,174.6484,165.9133,214.8176,126.4354,188.7963,384.3589,153.2608,122.7464
2017-07-14,230.647,177.1709,134.8279,168.0263,252.7164,217.2628,249.3843,161.2408,175.2711,166.2385,213.4755,124.982,187.9721,376.4767,152.8791,122.693
2017-07-17,232.793,177.8048,134.414,167.9989,252.4433,217.1655,249.3493,161.1098,177.4725,167.0257,213.4225,123.2833,190.3438,368.9737,153.9516,122.7545
2017-07-18,228.7316,174.8972,133.7362,167.1302,251.6149,215.9981,248.3622,160.8463,175.2247,166.3648,210.9117,124.2057,188.6716,358.586,153.1694,122.77
2017-07-19,225.5165,173.2391,133.6377,167.033,253.3586,216.3075,247.3403,160.6664,174.0661,166.3559,209.1505,123.4917,186.9064,349.3553,153.5443,122.7919
2017-07-20,230.612,174.0992,134.1635,167.655,256.0066,217.7169,247.2005,161.5378,175.1932,167.2527,210.9519,123.7724,189.7507,359.6218,153.589,122.8392
2017-07-21,227.5024,174.1313,133.921,167.162,256.5962,216.6649,246.7912,161.0573,174.9493,167.1056,210.3897,122.2749,187.8822,352.1366,153.4633,122.7458
2017-07-24,227.034,174.0468,134.4963,168.3428,259.0166,219.7051,248.2083,162.0598,176.3885,169.0322,211.3247,121.9855,186.5209,357.9888,153.2535,122.7945
2017-07-25,227.4413,173.7098,134.6878,168.2606,260.7326,221.303,248.7928,162.7512,177.4782,170.2663,212.5968,119.0731,186.315,355.4423,153.381,122.8708
2017-07-26,225.1406,172.3224,134.8864,168.4841,259.6637,222.5348,248.8418,162.909,177.25,170.5275,213.1632,118.0969,185.1213,355.4253,153.2456,122.8633
2017-07-27,222.8219,169.9917,135.0349,168.1979,258.1784,222.2184,248.3849,163.2527,176.5139,170.6147,212.2813,116.3081,183.1623,351.9797,153.309,122.8407
2017-07-28,227.1672,171.1234,134.9882,167.9975,258.6699,222.0454,247.4854,163.5462,177.0914,169.6356,215.0377,118.2396,183.0928,355.9714,154.0871,122.8985
2017-07-31,227.7358,170.9753,134.3717,167.6449,259.1969,222.8714,248.4674,162.9486,176.8428,169.1612,212.4049,119.0815,182.5509,346.0392,154.1776,122.9386
2017-08-01,230.4974,171.4953,134.9131,168.1348,259.3388,223.6698,247.9261,163.8053,178.3462,168.9008,214.2257,121.061,185.0276,345.0085,154.5359,122.9986
2017-08-02,228.4961,169.4344,134.3728,167.1697,255.4641,221.8894,246.6824,163.067,177.4136,168.4152,213.9008,122.6283,184.0426,341.1419,153.3559,123.023
2017-08-03,229.2708,169.9205,134.2573,166.687,253.5712,221.6213,246.6307,162.7001,177.373,168.053,215.8977,122.2296,182.5729,347.133,153.0594,123.0344
2017-08-04,228.7376,171.3556,133.9416,166.2886,252.7716,220.3719,246.5109,162.3938,177.5656,167.8724,216.8912,122.8895,184.4814,346.7621,152.7323,123.0701
2017-08-07,225.2558,170.072,134.1469,166.089,251.384,217.9986,245.0659,163.0414,178.1447,167.9309,218.4171,120.8164,182.594,345.0213,152.6531,123.0699
2017-08-08,229.4188,169.3349,134.8129,166.7414,252.8175,217.7286,244.4026,163.9712,178.8094,168.5407,218.3862,122.9965,184.2626,347.7157,153.6928,123.0343
2017-08-09,234.6642,170.1685,136.0016,167.7025,251.585,217.8997,244.6753,164.9997,180.3805,168.9618,220.5337,122.9519,186.9431,359.9245,155.0704,123.0751
2017-08-10,236.1118,171.634,135.8565,168.1373,252.6269,218.5575,245.9238,164.5722,181.9468,169.9893,220.6124,123.9678,187.8189,360.8464,154.6454,123.1323
2017-08-11,233.6006,169.3793,135.0083,167.6736,253.146,218.6423,245.3671,163.8897,181.3512,170.4098,216.1044,125.3642,184.3121,350.5273,153.5294,123.081
2017-08-14,236.1623,169.8583,135.2824,168.613,255.64,221.4311,249.1194,164.8668,182.1893,170.6042,215.9533,125.1453,185.1233,352.5617,153.0521,123.0581
2017-08-15,235.8622,170.7812,134.7804,167.6464,254.5572,221.3963,248.3847,163.8686,181.3669,170.1679,215.2807,124.5965,182.8057,352.4462,153.2006,123.0219
2017-08-16,232.2331,168.5572,135.6412,168.5709,253.6352,222.7725,248.8099,164.7964,181.1468,170.1782,213.734,124.8013,181.6844,348.4783,153.12,123.0408
2017-08-17,231.2515,167.4999,135.5158,167.7824,252.6863,223.0805,247.1258,165.3014,180.0822,170.0402,212.1069,124.7547,182.2329,342.4451,153.6184,123.0979
2017-08-18,232.3032,168.399,136.1685,168.9423,253.8089,225.7922,249.7337,166.7844,181.4411,170.0744,212.9629,123.4184,184.2987,343.5517,154.2336,123.0674
2017-08-21,231.4409,169.2722,135.9725,168.6761,253.8831,225.6148,250.3123,166.9812,180.7837,169.4642,213.9532,120.6258,185.0005,348.2734,153.8189,123.1478
2017-08-22,227.0994,168.1365,135.7714,168.6859,253.729,224.0459,249.1884,166.3791,179.785,169.507,210.9004,120.73,184.0685,344.4277,152.9466,123.1269
2017-08-23,229.9546,169.5625,135.7514,169.6722,254.4463,226.3381,251.3253,165.5771,182.5454,170.9969,213.3127,120.6,184.0141,347.7713,153.4174,123.199
2017-08-24,229.0853,170.7791,135.1473,169.3694,255.4788,227.1911,251.5631,165.033,182.5553,170.0375,213.156,121.6542,182.9521,344.8545,152.2632,123.1887
2017-08-25,224.5146,166.3144,134.5621,167.6189,249.5197,222.8801,245.8014,163.162,180.4942,168.2358,211.7965,120.2452,179.1974,335.0804,151.8826,123.1583
2017-08-28,225.0257,165.6432,134.4981,167.0509,249.4086,221.9653,245.4632,164.0202,180.7384,168.5061,210.6433,120.3167,179.3517,332.108,151.4098,123.1741
2017-08-29,228.2446,166.623,134.1945,166.4903,250.565,220.21,244.6057,163.867,180.527,168.2824,211.8709,120.606,177.5699,342.4863,150.9695,123.2381
2017-08-30,231.3906,169.666,134.2496,165.4382,249.7775,218.7258,243.4114,164.1297,180.0296,167.7284,212.2401,121.7663,178.4447,352.5705,151.0862,123.1461
2017-08-31,228.3474,168.7366,133.6755,164.5256,248.4927,217.1072,241.3831,163.1852,179.6579,166.9846,213.944,119.7118,177.5245,344.4661,151.1511,123.1952
2017-09-01,227.3676,166.1417,133.7893,164.7236,248.1985,217.3581,242.6264,163.3964,180.0721,167.1049,212.6224,120.9492,177.3197,331.9199,150.5051,123.1847
2017-09-04,228.9252,166.9504,133.3587,164.1068,248.9403,216.2965,241.1929,162.9058,179.6355,166.2611,214.0335,118.833,179.4812,333.365,150.5547,123.1185
2017-09-05,226.1268,166.3776,133.4805,163.2986,246.9989,214.0656,239.1688,162.6365,178.3835,165.7251,213.8918,119.6199,178.9189,328.1965,151.0798,123.107
2017-09-06,224.9666,165.6972,134.0258,164.4777,248.4743,214.7804,239.8023,162.9474,180.5663,166.545,213.1894,118.6731,178.0909,324.8074,150.6113,123.0673
2017-09-07,221.2877,163.5884,134.3624,164.9589,247.4089,214.5803,239.3138,163.1363,179.9788,166.7489,212.5745,118.5605,178.2759,323.5363,149.932,123.0616
2017-09-08,219.99,164.1925,134.3893,165.4255,250.636,215.2442,239.5822,163.0624,180.0298,167.7365,211.9828,116.2907,175.9607,325.4414,150.8194,123.0392
2017-09-11,220.7806,164.3919,133.9943,164.5304,251.4993,215.1898,239.5021,163.2372,178.7163,167.6572,209.9798,117.7569,176.2283,321.7956,150.886,122.9985
2017-09-12,223.7734,165.9912,133.8039,164.4841,250.868,215.0338,239.6069,162.9168,178.4405,166.8533,211.6188,120.039,179.2377,325.5503,151.4851,122.9944
2017-09-13,224.2541,168.1275,133.7224,164.3818,253.1711,214.2345,239.5987,163.1453,179.7063,167.8405,213.195,119.648,178.7247,326.3865,152.2337,122.9322
2017-09-14,227.1852,169.991,134.188,164.7449,254.3267,214.4045,239.6595,163.7859,182.1092,168.8738,215.6932,120.1977,179.6971,330.3167,152.609,122.9711
2017-09-15,221.0347,167.4448,133.6362,163.6676,249.3314,213.869,240.2285,162.9525,178.8836,167.9512,212.8415,119.6797,178.7101,322.3624,151.7481,123.0566
2017-09-18,218.9854,168.5358,134.3542,163.6964,248.8849,212.6181,239.1631,163.6878,179.2871,168.7683,214.1739,118.4074,179.2255,327.7633,151.8576,123.1233
2017-09-19,217.5976,169.8213,134.7913,163.2606,248.7324,212.547,238.6006,164.3577,179.1331,169.0267,214.1652,117.673,180.0521,324.4365,152.8905,123.1085
2017-09-20,217.7549,167.9522,135.3062,163.8988,246.4593,211.0778,237.2561,164.1797,179.8993,169.7295,214.0595,118.6747,182.8124,323.8651,153.3193,123.0416
2017-09-21,219.1821,168.3229,135.3404,163.535,244.9131,211.2853,236.0117,163.5894,178.6772,169.4793,213.5723,118.7847,183.1482,329.4786,154.2402,123.1056
2017-09-22,222.7376,171.0349,134.9742,162.8223,245.9378,212.156,237.4117,164.0992,178.4833,169.9206,212.7687,119.3489,185.528,333.3174,154.2812,123.2388
2017-09-25,224.4546,171.5327,135.3941,163.1452,246.7889,212.1602,237.4974,164.1075,178.2283,170.0469,213.1867,119.2726,188.449,338.7676,154.0311,123.249
2017-09-26,225.0716,173.2389,136.0544,162.8803,247.1544,211.4271,237.0913,164.7735,177.144,169.2196,212.8583,119.1453,188.8595,344.2519,154.4521,123.2392
2017-09-27,224.7602,172.8007,136.9564,164.8271,249.5111,213.6403,239.2749,165.5818,179.0588,170.5054,216.5004,120.0246,190.4716,347.4505,154.3967,123.1849
2017-09-28,224.7578,173.8864,136.69,164.0953,248.5888,213.3536,239.8008,166.0481,179.798,170.4827,218.0731,118.3209,189.9026,344.1335,155.0541,123.2203
2017-09-29,231.2521,176.6967,136.7281,164.3044,250.7311,214.8537,242.174,166.5231,180.741,171.4025,217.9836,117.8905,193.4743,353.4165,155.4834,123.302
2017-10-02,232.3799,175.918,137.0287,165.119,250.5013,215.3926,242.9811,166.4489,180.5428,171.4724,218.6593,117.8084,195.4925,359.1904,155.5233,123.34
2017-10-03,238.922,179.2682,136.2222,163.975,251.5552,215.1814,243.2621,166.2624,182.4622,171.7392,220.1473,118.4661,194.01,364.8615,155.1299,123.3045
2017-10-04,243.4942,180.0678,136.3462,163.9114,252.0427,217.6245,244.7662,167.5143,182.8961,172.451,221.0542,118.2589,194.9533,372.3384,155.8144,123.2474
2017-10-05,245.0534,181.3585,136.1547,163.9132,251.378,218.8855,247.062,167.6101,182.4743,172.3685,220.5984,118.1666,197.2967,372.8803,156.5834,123.2684
2017-10-06,241.8492,180.0353,135.9612,162.4462,246.9967,216.6029,243.2009,166.1019,179.9463,171.2199,219.7419,117.7627,196.4867,368.3461,157.2714,123.3068
2017-10-09,242.0041,179.5556,136.1976,162.6442,245.4299,215.5619,242.7972,166.1258,180.3322,170.1773,219.7196,119.2333,195.117,365.1169,157.8156,123.2628
2017-10-10,242.1445,180.6931,136.3102,163.4681,246.1761,218.2653,245.7188,167.0414,181.8965,170.8479,221.5767,118.5671,197.1465,365.198,157.8186,123.34
2017-10-11,249.5308,181.4285,136.0583,164.0989,249.7262,221.4803,248.7044,168.1622,183.5772,170.8831,224.0445,116.711,198.7346,371.1499,158.0403,123.372
2017-10-12,244.7365,179.0811,135.6497,163.7751,247.3102,220.7134,249.2732,167.6852,181.4715,169.9928,220.2243,117.6382,196.3459,361.3328,157.9679,123.3727
2017-10-13,244.1453,179.1775,135.7048,164.0658,246.9579,220.7274,249.4175,167.1418,181.6073,168.8469,221.4904,116.7162,196.4654,360.9335,157.656,123.3957
2017-10-16,239.4355,180.3045,135.7336,164.2692,248.2555,221.1948,249.5404,167.6091,181.7257,169.7787,220.0072,115.9553,195.2761,358.1424,157.8994,123.3829
2017-10-17,237.6924,180.2684,135.3208,164.3655,249.0727,221.7497,250.0097,168.1372,182.0639,169.1186,218.6224,117.2592,193.0425,351.3576,157.5634,123.4595
2017-10-18,236.4414,181.9485,135.535,164.1807,248.9251,222.1752,249.1941,168.4652,182.4434,169.1757,219.3266,118.7254,193.5253,351.0668,157.3947,123.4464
2017-10-19,237.2992,181.4466,135.9381,164.1274,248.5878,223.1813,250.6457,169.2813,182.1651,169.5082,219.473,119.6673,194.6845,349.401,157.3751,123.4491
2017-10-20,237.9111,181.4624,136.6662,164.7424,249.2614,222.203,251.0447,169.7646,183.3435,169.9305,220.0942,119.6266,194.0646,351.2442,157.4198,123.455
2017-10-23,235.3429,181.4404,136.2194,164.8794,251.2295,222.8705,252.2895,170.0389,183.9626,169.9727,217.7057,119.0912,193.2094,343.6662,155.969,123.442
2017-10-24,231.9857,182.204,136.3242,164.4579,250.2117,222.9687,252.4045,169.9122,183.5922,169.8389,217.1025,118.3833,192.6797,339.1533,155.6433,123.4496
2017-10-25,229.4132,183.07,137.114,165.2891,252.5807,225.9469,253.89,171.3373,183.0442,170.8762,215.3969,120.3562,192.2441,342.1285,155.3315,123.3977
2017-10-26,226.7201,183.0136,137.8811,164.9967,250.2542,224.4598,252.4276,170.657,180.9018,170.8993,215.6968,121.6571,193.6235,347.1005,155.171,123.4582
2017-10-27,224.8709,182.2666,138.0206,165.2727,250.0601,223.9266,251.8908,170.971,179.9018,170.7639,215.4418,121.9448,194.1046,350.4146,155.0701,123.4578
2017-10-30,223.1925,180.5692,139.0673,166.4338,249.2805,225.0805,252.8299,171.5209,179.5215,171.1398,214.6348,123.0494,193.7233,354.9202,154.6388,123.5415
2017-10-31,222.9789,181.6893,139.4894,166.9476,251.614,225.7456,252.7968,172.3639,180.8077,171.9215,215.1282,123.0749,193.8537,350.9542,155.8156,123.6262
2017-11-01,223.6044,181.572,139.1566,166.7758,251.2268,226.354,252.093,172.5035,182.0711,171.3626,215.3961,122.6211,192.4981,348.4263,155.2988,123.6583
2017-11-02,223.9043,182.0898,139.2824,167.2389,252.2857,227.2093,253.8313,173.358,183.5478,171.6281,217.1565,121.8306,193.1909,344.7575,155.7504,123.5986
2017-11-03,220.3798,180.419,139.6056,168.6326,253.4711,229.0515,255.6048,173.6448,184.5801,172.2317,216.3673,122.021,190.9378,336.5754,156.086,123.6604
2017-11-06,221.5839,182.07,139.6212,168.3748,252.8752,228.8048,256.3494,173.5019,183.6883,171.9692,215.8323,123.0961,194.3122,337.878,156.5166,123.6872
2017-11-07,227.261,185.0662,139.3786,168.1307,253.2733,230.3417,255.7285,173.4785,183.8496,171.9551,216.9794,126.3833,198.6514,342.8062,158.1244,123.7378
2017-11-08,223.5935,182.3261,140.0902,168.7745,252.6235,228.8886,253.9326,173.954,184.7083,172.1336,216.4801,125.1386,197.3108,337.4108,157.703,123.7449
2017-11-09,219.5217,179.8027,139.8737,168.5861,253.118,229.791,253.6602,173.4302,182.9836,171.7513,215.6667,123.9036,196.2256,332.6334,156.0791,123.7753
2017-11-10,215.443,178.2804,138.8823,167.5613,250.2785,228.5085,251.4564,172.3033,182.8645,171.543,214.9182,124.0434,195.317,322.6911,154.9763,123.7845
2017-11-13,217.0845,180.7758,138.3574,167.5868,253.0021,230.9495,253.2853,172.7738,184.9105,172.1466,214.8241,123.2372,194.6482,317.4699,155.5898,123.825
2017-11-14,222.2304,183.1923,137.6015,167.0813,253.5314,231.8892,253.8898,172.6707,187.339,172.6743,216.6227,122.5884,195.6717,320.9842,155.3136,123.8648
2017-11-15,223.5492,184.5723,136.9273,166.2009,252.3497,231.5973,253.4618,172.2964,187.283,172.6924,216.6556,120.8086,194.8883,327.1203,155.0912,123.9388
2017-11-16,222.4298,183.8265,137.2798,166.772,252.0156,232.5876,254.2669,172.8478,186.9254,172.5805,215.8264,120.5559,196.7148,327.1805,154.8663,123.9407
2017-11-17,222.7304,183.3678,137.8531,167.4818,251.6191,233.4554,254.2619,173.1349,187.9266,172.6708,216.8755,119.8268,199.0625,328.3531,154.5279,123.9651
2017-11-20,222.7614,183.5693,137.8972,166.894,251.307,232.4014,253.8736,173.3666,186.9578,172.4,216.8569,120.735,197.4914,330.6742,154.4587,123.9544
2017-11-21,224.101,185.6919,138.0039,166.6546,253.6167,232.0237,254.1982,173.4797,186.711,172.6809,216.5656,122.2185,198.0889,328.9447,155.4919,123.9597
2017-11-22,218.1677,182.7907,138.3964,166.9968,249.8068,231.0281,253.9948,173.1243,186.085,172.3037,217.6718,122.2696,194.6295,327.7645,154.5683,124.0519
2017-11-23,215.1027,180.2016,138.9871,167.5397,250.0515,230.686,253.1333,174.0237,186.6096,173.2022,215.9525,120.4773,194.9791,321.5321,154.4868,124.0065
2017-11-24,215.3222,180.3073,139.5807,167.8038,250.3271,229.6778,252.8201,174.473,186.3299,173.5566,215.6155,120.7403,197.3389,322.8541,155.0653,124.0724
2017-11-27,215.2368,179.7672,139.8998,168.7599,251.8299,230.8358,253.6243,174.6183,187.6973,173.6733,218.1004,119.6279,195.8518,324.1216,154.9615,124.0652
2017-11-28,212.1612,177.9088,140.5906,169.1821,249.3748,229.3129,252.8824,173.867,186.6267,173.8684,218.6902,119.2274,194.7063,325.1263,155.8547,124.0229
2017-11-29,210.0925,179.1427,140.0511,168.552,249.27,229.3257,252.6776,173.1726,185.3809,172.7956,217.8036,119.3403,193.3964,326.1504,154.5339,123.9992
2017-11-30,208.8284,177.7437,140.2696,168.2329,248.2385,227.832,250.5518,172.8204,184.6895,172.2572,218.4158,119.6712,194.1374,325.2171,153.5928,124.0028
2017-12-01,209.9316,177.4513,140.2114,168.5537,249.3514,227.6934,250.9543,172.2046,184.1467,172.9351,217.1661,119.0962,195.7382,325.1824,154.6696,124.0053
2017-12-04,212.4668,178.8847,139.8331,168.2457,250.6121,229.5916,252.8445,172.6328,184.5682,173.4723,217.7052,117.7016,196.813,329.0391,154.3981,123.9408
2017-12-05,207.6855,175.7705,139.7424,168.5477,251.3388,229.0904,253.1765,172.0243,184.4227,173.7946,217.395,116.6469,191.8066,319.5344,153.8804,123.9321
2017-12-06,207.838,175.6999,139.6832,168.6139,250.3177,229.9366,254.3993,172.1549,184.065,173.8523,218.3094,116.1131,191.5876,320.8284,154.9057,123.9001
2017-12-07,206.5138,175.2815,139.814,168.5445,248.9998,228.882,253.8866,172.0138,184.7337,174.4544,217.3262,116.8011,189.5698,317.4405,155.1996,123.9637
2017-12-08,202.4599,172.8657,139.5961,168.1916,245.8857,226.2969,251.6912,171.2302,184.362,174.0961,215.9293,115.1608,189.0039,312.2417,154.2951,124.03
2017-12-11,204.6156,173.9785,139.893,168.4613,247.5093,227.2283,251.8437,171.5869,185.1505,173.7601,217.3952,115.9845,190.1955,312.9188,154.3179,124.0591
2017-12-12,208.8732,175.0352,139.3954,168.3205,251.8956,227.8365,252.7409,171.6283,186.0247,173.8837,215.8283,116.3186,191.6554,306.533,154.739,124.1101
2017-12-13,210.5429,176.2077,139.2569,168.7311,253.3237,229.3613,252.4936,171.452,186.6853,173.6004,215.4382,117.0534,193.3154,305.429,155.2552,124.1628
2017-12-14,208.6871,175.9282,139.2749,169.3267,254.3473,229.8794,252.946,171.9319,187.5744,173.7097,216.271,117.5251,194.3187,301.796,154.6362,124.1886
2017-12-15,208.5415,176.7201,139.2531,169.2511,254.8605,230.7104,254.222,172.0257,186.8746,174.5923,215.7764,117.7667,193.8462,305.0682,154.9003,124.1582
2017-12-18,210.5912,177.1787,139.3838,169.5047,255.5899,232.5353,255.6108,172.7728,186.9856,175.4734,215.2028,117.8371,197.061,307.3605,155.2421,124.156
2017-12-19,210.2259,180.3131,139.2036,169.4475,256.0827,233.7689,255.8284,172.0813,188.2348,175.184,217.686,118.9522,196.8736,305.718,155.4406,124.1432
2017-12-20,210.4482,182.6076,139.2635,169.3575,256.6632,233.1906,255.6157,172.1388,188.8416,175.3368,218.598,118.9187,198.485,308.1499,155.4761,124.1428
2017-12-21,205.3295,179.304,139.8392,170.3828,256.9247,234.8464,257.5294,173.3701,190.5457,176.0922,217.9176,118.477,193.667,298.7085,153.9568,124.1529
2017-12-22,210.5771,182.3861,140.4225,171.3034,263.1643,239.3619,260.8032,176.0347,193.5681,178.1195,218.4759,119.6005,193.6838,303.8774,154.1935,124.1481
2017-12-25,212.8752,182.8835,141.3528,171.4847,262.5079,238.8525,260.985,177.1853,192.4448,177.7729,219.9524,119.2907,195.948,316.1603,154.3479,124.1805
2017-12-26,215.9896,183.6166,140.6075,170.0338,261.6994,237.0743,258.7963,176.3682,192.1507,176.8808,220.7783,119.787,194.8177,315.685,154.6883,124.1936
2017-12-27,215.8028,182.8667,139.8664,169.1165,262.157,236.6835,257.4334,175.6065,190.8454,176.6918,219.1544,119.1171,193.9007,314.286,154.0416,124.1717
2017-12-28,212.5687,181.399,139.8563,169.4257,263.6699,235.6463,255.589,175.384,190.8645,177.1991,219.2536,118.4892,192.8937,309.9991,154.1592,124.1846
2017-12-29,214.2151,182.5651,140.0779,170.2941,266.2974,237.348,255.9102,175.6597,192.4388,177.5569,219.5356,119.3975,194.5593,311.0225,153.8985,124.1547
2018-01-01,215.4411,184.2227,139.9395,170.2374,266.4565,236.4789,255.9419,175.5096,193.4921,176.9918,221.8093,119.0229,195.2541,313.1103,153.8183,124.1205
2018-01-02,220.2218,184.5635,140.0952,170.6918,270.6268,238.9591,258.1037,176.3345,193.8961,178.2119,222.016,119.1681,196.0751,317.2307,154.2868,124.1439
2018-01-03,221.2947,184.427,139.8441,170.0545,268.765,237.0877,257.0453,175.6956,193.8482,178.6592,221.786,118.2531,197.4603,319.5269,154.1598,124.0879
2018-01-04,223.3572,183.287,140.4167,169.9955,266.9354,237.0432,257.1809,176.0458,193.2293,179.3346,220.689,117.9065,197.8833,326.5256,154.2657,124.0353
2018-01-05,225.3965,184.2224,140.4473,169.6056,267.2461,236.1865,257.0206,175.9928,192.8999,178.8857,220.191,117.3847,197.6505,326.011,155.5036,124.0203
2018-01-08,230.0549,187.4902,140.1315,169.7306,270.0033,237.5793,258.4478,176.2451,194.6736,178.8506,222.7357,116.646,196.8737,330.9271,156.6188,124.0345
2018-01-09,232.2503,188.1278,139.6078,169.0865,270.2897,237.5162,257.9764,175.7152,193.6922,177.5151,223.2097,116.7798,194.7381,334.9171,156.4381,124.1285
2018-01-10,231.7977,186.6873,139.6528,169.1852,267.6599,237.775,258.7883,176.169,194.368,177.6479,223.1076,116.106,194.1045,335.3261,155.9113,124.1228
2018-01-11,234.8712,186.8432,139.3156,169.5617,270.501,239.602,259.9175,176.3882,194.2738,178.183,221.2911,116.2154,193.676,340.5306,155.7865,124.1347
2018-01-12,235.7894,187.0047,139.683,169.7114,272.3814,239.3665,259.0966,177.2135,194.22,178.2773,222.3561,116.1039,193.8612,346.971,155.3262,124.065
2018-01-15,232.6534,185.0459,139.9336,169.2426,269.7426,237.1641,257.3301,177.449,193.6936,177.872,221.7285,115.1659,192.8531,343.0008,155.0296,124.052
2018-01-16,233.7231,187.0977,140.3547,169.6972,270.311,238.2403,259.1466,177.9711,193.4311,178.3445,223.7114,118.3348,194.4495,351.5473,154.8705,124.0705
2018-01-17,235.6594,188.7449,140.5642,170.2241,273.6868,240.5812,261.5562,179.4321,195.0568,179.1911,224.4213,118.0619,196.1874,351.9676,154.4683,124.1922
2018-01-18,236.7033,191.0725,140.7111,171.0361,276.8981,241.956,262.6284,179.2587,196.721,179.741,225.3203,118.226,196.2679,354.3374,154.3396,124.1896
2018-01-19,237.3694,191.5147,140.0982,170.7471,279.0377,242.749,262.7143,178.8113,197.5451,179.9191,223.6448,116.9902,194.5456,351.1617,153.5366,124.2134
2018-01-22,232.6392,188.3197,140.3484,170.5393,275.3294,240.9832,262.2317,178.64,197.1883,180.1799,224.1056,116.305,192.029,345.4947,153.0977,124.3083
2018-01-23,229.4139,187.5105,141.2241,172.2255,277.0845,242.4418,264.1423,179.541,198.5319,181.5349,225.2149,114.1934,194.0401,343.6506,153.5298,124.3136
2018-01-24,227.1433,186.52,140.8842,171.3776,274.7057,241.9923,263.6072,179.1481,196.7813,181.3145,223.1094,113.8214,193.313,340.8486,153.3563,124.2696
2018-01-25,229.0658,187.993,141.3422,172.0437,275.058,241.3559,263.3954,179.6686,198.8951,181.0558,224.711,116.1105,194.4644,341.4737,153.5631,124.2551
2018-01-26,231.9708,189.7922,141.5438,172.3407,277.905,241.6074,263.1725,180.0126,199.1204,181.1857,225.486,116.5083,195.8572,346.5799,154.4326,124.2764
2018-01-29,231.1831,187.9763,141.9664,173.4636,278.1406,242.3381,265.0178,180.2643,200.1241,181.9815,226.0786,114.529,193.9448,349.7176,154.3266,124.3522
2018-01-30,227.6452,187.6758,141.5676,173.491,278.265,242.8781,264.1643,179.8868,200.3604,181.3331,227.9845,114.2026,191.4084,343.0371,154.8162,124.3754
2018-01-31,229.6292,188.9303,141.603,173.7319,278.6566,243.5244,264.0532,179.8102,203.169,181.3561,230.6241,111.9874,190.9945,340.8287,155.7658,124.4018
2018-02-01,232.4825,191.4161,140.8814,173.0372,278.8045,242.8999,265.2547,179.528,205.3564,181.11,232.2232,111.9943,189.6962,336.5719,156.2361,124.3686
2018-02-02,234.0339,193.0697,141.0017,174.3036,279.4167,244.4468,267.5539,179.6699,207.8599,181.4495,234.0761,112.7638,192.1684,338.5879,156.2371,124.3101
2018-02-05,233.2092,191.547,141.1023,173.7389,277.0306,242.7677,266.0379,178.8556,205.8965,180.7162,234.9245,113.5938,191.3246,339.6445,156.4006,124.2859
2018-02-06,231.2478,189.4757,141.4976,173.5019,273.1205,239.3612,263.3597,178.1347,204.9738,180.6903,234.5752,113.1838,192.4161,342.6184,155.9861,124.2651
2018-02-07,232.2175,190.2506,141.0229,172.7822,274.4935,238.9412,263.3095,178.2156,205.3375,181.0751,233.8523,111.7564,191.498,339.5996,156.3116,124.2234
2018-02-08,236.4653,190.2768,140.4723,171.7593,275.2746,240.252,262.6125,178.2575,205.5004,181.6593,232.9883,112.8004,192.0379,335.9406,156.6789,124.2179
2018-02-09,233.4847,187.4264,140.7507,171.9457,272.5334,238.7271,263.1873,178.3806,204.3186,181.3371,233.099,115.2938,191.9283,331.6366,156.0324,124.2626
2018-02-12,237.46,189.0374,141.2944,173.1341,276.5569,241.0362,266.003,179.4843,206.6403,182.0709,235.1155,116.537,192.2338,333.3532,156.7124,124.2453
2018-02-13,233.7895,187.677,142.5944,174.372,275.8447,241.7708,267.3687,180.0367,206.3649,184.1619,235.0537,116.109,194.8497,334.5889,157.1424,124.3583
2018-02-14,236.4901,189.5887,142.862,174.831,277.0463,244.0576,269.3388,180.8652,208.3377,185.0677,236.2985,114.7059,196.4507,337.5299,157.6504,124.4009
2018-02-15,238.9787,189.2557,142.6134,174.3267,273.4292,242.9105,268.1875,180.2541,208.1963,183.9535,236.7718,116.3452,198.6152,338.3841,157.4454,124.3475
2018-02-16,243.7198,191.2917,142.1604,174.1919,276.2642,243.4454,269.0927,179.8155,209.531,184.6135,237.6464,117.0843,199.9934,340.4693,157.1538,124.3519
2018-02-19,245.0824,194.0302,142.2249,174.557,279.0575,245.7353,270.9632,180.1062,210.7286,185.2054,237.8221,117.074,199.1651,343.2309,157.191,124.3204
2018-02-20,240.7512,190.674,141.5543,173.3492,273.2698,242.6254,268.2436,178.0168,207.2345,183.6759,234.9091,115.5976,198.1509,338.6233,157.012,124.3118
2018-02-21,243.1456,193.7647,141.9212,174.0392,276.5519,244.8302,269.4956,178.5835,208.5504,184.1582,236.613,113.1096,200.4041,351.5739,155.8797,124.3168
2018-02-22,240.5506,193.3927,141.8413,173.565,272.7889,242.7041,267.6279,178.1695,208.9521,183.4985,237.4664,111.3396,200.3321,349.8307,155.9062,124.334
2018-02-23,241.3829,194.9038,141.592,173.0476,272.0724,241.8558,265.9263,177.2414,208.2512,182.9024,236.7021,111.3084,201.6827,353.1747,155.8506,124.3333
2018-02-26,239.6653,195.3178,141.7515,173.3377,271.7888,240.3006,265.5295,177.0603,208.5121,183.2396,235.8486,112.3728,202.2225,353.0673,155.6888,124.3279
2018-02-27,237.2774,196.3496,141.523,173.0465,272.819,240.6805,263.7354,176.6229,208.4385,182.4313,235.6503,111.9528,203.8068,346.8893,155.1101,124.3001
2018-02-28,243.1416,197.9187,142.9033,173.8133,274.6971,240.6653,263.583,177.4124,209.5115,184.2628,238.5708,111.6682,208.2781,362.1849,156.1706,124.2708
2018-03-01,246.5776,199.569,143.1405,173.6343,274.2091,242.1816,263.9558,177.8499,209.6635,183.8083,240.9785,111.6062,208.3701,368.3182,157.3686,124.2923
2018-03-02,247.2104,199.9189,142.8416,173.6988,275.635,243.2142,264.9316,177.6611,208.5007,183.0189,238.6316,111.4961,206.9778,370.538,157.0209,124.3155
2018-03-05,242.1532,198.2421,142.5801,173.1431,272.0918,241.083,263.3616,176.8843,206.5835,182.7492,238.1352,110.6626,204.8742,369.6423,157.3807,124.4171
2018-03-06,245.5229,201.7004,142.3074,172.7749,276.6683,242.9413,263.7922,177.7565,207.0438,183.2994,237.2244,110.8316,205.4405,372.644,157.5763,124.4763
2018-03-07,246.9964,202.2148,142.286,172.5682,277.0258,244.2107,264.1708,177.8887,205.9174,183.0179,238.861,112.561,205.7828,376.4401,157.7796,124.5029
2018-03-08,245.2612,201.2506,143.3351,173.943,277.8062,246.0797,264.2576,178.8728,206.3824,183.5073,241.5766,111.8595,206.0552,380.2926,158.8649,124.5644
2018-03-09,245.2091,200.4633,143.04,174.037,277.0514,246.665,266.0002,178.9634,205.7977,183.731,239.8791,109.8584,204.9659,383.4242,159.1074,124.5655
2018-03-12,246.7109,202.1465,143.1156,175.0975,277.7515,248.0041,268.8347,178.7399,207.4858,184.5439,240.3817,111.0475,205.1755,385.3272,159.8298,124.5194
2018-03-13,245.1478,201.2102,143.4755,175.2347,276.8981,247.2679,269.3361,179.2604,207.8177,184.0277,242.328,112.2115,204.5796,382.1034,159.1572,124.5208
2018-03-14,246.7232,203.9656,142.7349,174.517,279.4829,246.8405,269.3807,178.069,207.8345,184.4344,241.6591,110.3321,201.6099,384.4278,159.9153,124.5351
2018-03-15,243.3,200.2508,142.8929,174.6243,276.84,246.6374,269.3849,177.8322,207.2389,184.441,240.495,107.8659,198.7598,382.5598,159.2151,124.6057
2018-03-16,245.8208,202.1745,143.0814,174.6449,277.5919,245.9385,270.3155,178.5059,206.5906,184.3646,240.8129,107.9081,201.9799,389.6433,160.0391,124.6492
2018-03-19,246.4052,202.6043,142.8054,173.5413,276.0968,244.4104,269.3813,178.1854,205.0557,183.7326,239.95,109.0159,202.1296,388.9357,159.9805,124.699
2018-03-20,250.3275,205.4099,142.9867,173.5559,276.0028,245.3096,269.6845,178.6083,205.0965,183.6284,240.1147,109.8023,203.279,402.2893,160.2982,124.8384
2018-03-21,254.3353,205.3356,143.1829,173.9077,277.89,246.468,271.4247,179.086,205.7767,184.827,242.4575,109.3388,203.3764,410.4048,160.6474,124.893
2018-03-22,251.3177,205.1275,143.1569,173.241,274.6499,246.7395,272.6081,178.8913,204.8083,184.6326,242.0104,110.2402,202.2339,398.8626,161.7248,124.9085
2018-03-23,252.9849,206.1792,143.2087,172.8634,273.6697,245.4658,270.3948,178.2722,205.6904,184.9032,243.4148,111.4325,202.7556,403.918,161.2066,124.8746
2018-03-26,246.0648,201.4491,143.8838,173.2675,273.8606,246.1638,270.0704,178.7671,202.8279,184.255,239.6711,110.9334,200.848,396.7899,159.448,124.8812
2018-03-27,238.543,197.229,144.1947,173.2677,269.2788,244.8041,269.0707,178.6588,201.1529,183.8048,238.4995,111.2033,199.4741,385.9712,159.2774,124.8422
2018-03-28,239.616,195.1591,143.9454,172.8997,269.2274,242.7694,268.0801,178.4446,200.4742,184.2148,237.4886,113.6859,200.5609,381.9083,158.8598,124.8877
2018-03-29,241.8514,195.9124,143.6929,172.6139,268.0359,242.1286,269.0531,178.5343,200.1364,184.5511,235.1707,113.6541,201.5126,383.9239,159.9713,124.8709
2018-03-30,242.8422,195.8981,143.7792,172.0634,265.5455,242.3703,270.0649,178.2617,199.7344,184.8187,234.5327,115.2544,200.281,381.2693,160.7202,124.9568
2018-04-02,247.18,197.0822,143.9823,172.404,266.1613,242.5373,271.2267,178.527,201.2686,185.4653,235.3175,113.9682,201.4366,384.995,162.1681,124.8996
2018-04-03,249.5959,199.4186,143.3434,171.2076,266.3772,240.6909,269.0704,177.1958,198.9576,184.0213,234.3322,114.5916,202.7712,391.1715,162.1737,124.9081
2018-04-04,248.9435,200.0399,143.0124,170.9787,265.2752,241.4866,270.0649,176.7249,198.993,183.5235,233.8473,116.4498,201.7877,384.77,162.1592,124.9384
2018-04-05,248.6406,199.0237,143.4304,171.8875,266.1496,242.1336,272.1846,177.0132,199.2618,183.8753,233.8227,114.8339,200.7804,382.0153,163.794,124.9641
2018-04-06,247.0361,196.9523,143.3438,172.1647,265.2708,241.7676,271.528,176.7315,199.4514,184.5929,234.3642,115.0677,200.2756,376.6337,164.89,124.9082
2018-04-09,244.7422,195.3659,142.766,171.4494,262.3489,240.3021,270.0396,175.2767,197.761,184.586,233.0031,113.7427,198.7548,381.8619,163.818,124.8866
2018-04-10,242.7192,194.2241,142.9878,170.6309,260.0668,238.1609,268.0354,175.0777,194.9165,183.4187,231.0055,112.2507,199.298,385.3867,163.6387,124.9141
2018-04-11,242.4908,195.9321,143.1178,170.1242,258.7346,237.9342,267.9128,174.6739,193.4306,183.4962,228.5561,112.6559,201.0067,387.691,164.254,125.0173
2018-04-12,243.5573,197.0565,143.4454,170.607,258.8956,237.4349,266.9048,173.7596,194.1529,183.2421,231.6835,112.5771,202.4089,393.1739,164.4414,125.0417
2018-04-13,250.8488,201.302,143.5319,170.7151,257.8265,238.1993,268.6017,173.9759,196.0122,182.092,235.792,112.1737,203.5687,408.0843,165.5185,125.0793
2018-04-16,251.3083,201.4237,143.2752,170.3815,259.2788,239.1802,268.8689,174.3144,195.318,182.4086,233.1446,111.4166,203.1212,408.6646,165.1513,125.0954
2018-04-17,246.8034,199.261,143.4571,170.5959,258.6694,238.1538,267.4801,174.4835,194.4338,182.4602,232.0337,110.5213,201.6328,407.4913,164.8397,125.2341
2018-04-18,243.1439,198.1496,143.3615,169.9487,257.0835,236.6815,266.0899,174.259,193.5159,181.8106,232.5201,109.6145,199.7921,402.6687,164.6024,125.2936
2018-04-19,245.4557,200.0429,142.3212,168.7539,259.5316,236.7167,265.6553,174.1801,193.6784,181.8905,233.0726,108.793,197.4928,401.0289,165.0869,125.2187
2018-04-20,240.9278,197.6687,143.3443,170.0897,258.3395,237.0049,266.8545,173.975,193.6708,182.3118,233.7043,107.9244,197.5388,396.4422,165.6123,125.2336
2018-04-23,240.4041,197.3585,142.8078,169.9575,257.9138,235.7206,265.778,173.2887,194.0256,182.5669,233.4179,107.5608,197.4261,397.4555,165.1544,125.2609
2018-04-24,236.8918,195.0486,143.0486,169.4938,254.4823,235.126,262.2655,173.2313,192.5337,181.3601,235.1073,107.9109,196.1345,395.8597,165.6152,125.2942
2018-04-25,235.6787,193.8264,143.1807,170.0474,254.5992,235.2723,261.4125,173.3967,193.6716,181.2492,236.1592,108.0129,195.5627,390.9381,165.7386,125.334
2018-04-26,238.8263,195.1272,143.7788,170.0342,254.5088,233.583,260.1963,173.5808,194.8716,181.6549,239.126,109.1488,196.6042,396.6047,166.5054,125.3492
2018-04-27,243.2476,198.2663,144.063,170.4444,258.1314,233.5399,261.619,174.4346,198.411,182.6249,241.8383,107.9611,197.937,397.5547,166.6869,125.3412
2018-04-30,244.4288,198.8796,143.9744,170.0275,257.6379,233.2442,259.6923,174.2619,198.2542,182.3052,242.419,108.9472,199.2611,398.6701,166.8437,125.347
2018-05-01,243.4545,199.1933,144.8255,170.4934,257.8211,232.6819,258.9188,174.9236,197.4501,181.7086,242.0007,108.8045,200.4477,402.5518,167.3117,125.3706
2018-05-02,238.9375,196.4134,145.3349,171.0232,257.2784,232.8905,258.1503,175.6203,197.2087,181.9629,241.1804,108.5938,200.7494,398.8908,165.9206,125.401
2018-05-03,234.7018,196.0161,145.0814,170.4406,255.6673,231.6745,256.9748,175.1203,196.5089,181.5849,241.7002,108.9829,200.7673,395.1985,164.5257,125.3582
2018-05-04,232.0612,195.044,145.2079,169.9632,252.4825,229.6825,255.4978,174.8142,195.2657,181.4426,241.0929,108.8142,199.8544,396.3465,165.0608,125.3761
2018-05-07,234.7318,195.8106,144.9469,169.4469,252.8567,228.891,255.4041,174.6726,195.8506,181.6022,239.3506,108.2245,201.0253,394.8757,164.8843,125.3663
2018-05-08,239.4566,198.4464,144.3647,169.5501,255.5122,229.8728,255.2972,175.109,197.1704,181.287,239.005,109.8136,204.4517,399.3033,164.1166,125.3551
2018-05-09,238.2083,197.9702,144.2248,168.7459,255.1407,230.7539,255.7385,175.0181,194.2534,181.5664,236.6129,111.7316,202.9619,397.192,164.812,125.3872
2018-05-10,236.2053,197.9286,144.9945,170.0271,257.4711,231.779,255.708,175.5927,195.2141,181.6887,238.0967,113.168,204.4234,395.9707,164.0881,125.4111
2018-05-11,235.1592,197.1509,143.7815,169.2101,255.5063,231.5485,255.6821,174.9154,194.5457,181.2482,235.7067,110.9647,204.0872,392.7701,163.6971,125.3887
2018-05-14,230.8077,195.1387,143.6256,168.6658,254.2326,230.0814,254.2165,174.3375,192.3654,180.5632,233.9608,111.5924,202.0681,389.9942,162.4556,125.436
2018-05-15,230.7237,195.6919,144.1407,169.488,256.7129,231.2055,256.0033,176.12,193.4392,181.2855,233.7461,110.9509,203.625,393.1739,161.6875,125.4337
2018-05-16,231.5292,196.1809,144.3067,169.6529,256.6238,229.7656,256.0449,175.9075,192.4456,181.7239,232.5742,111.9086,203.1141,400.6153,162.7316,125.4645
2018-05-17,225.2729,192.6657,145.0757,170.471,257.3847,230.062,255.303,175.6483,190.4981,182.2591,232.1149,111.486,203.4017,398.0054,161.5081,125.5185
2018-05-18,225.7496,193.5227,145.3133,170.7457,255.9278,230.8754,255.9698,175.6023,190.0349,182.1373,232.6478,111.0264,203.3396,404.8213,162.8554,125.5784
2018-05-21,228.5157,196.5193,145.9041,171.3655,256.2805,231.5301,255.8057,175.4503,191.0603,182.1436,236.3103,110.9093,204.8031,418.2161,163.986,125.6635
2018-05-22,230.8541,196.5528,145.6925,171.2277,256.4786,232.2703,256.3702,175.4984,190.5968,181.9018,235.7272,110.8395,204.369,424.851,163.628,125.7258
2018-05-23,232.9679,197.3475,145.8495,171.4368,255.275,231.4239,256.7039,175.3444,190.3194,182.5338,234.3648,110.5811,207.1635,430.3477,165.4511,125.7368
2018-05-24,231.9527,197.0706,146.0028,171.9903,253.3093,232.9991,257.8007,174.9301,190.9131,181.8126,236.3261,109.5699,207.0657,429.3191,165.6972,125.7458
2018-05-25,231.445,195.9641,147.2958,173.7213,253.7396,233.1694,257.8431,175.1881,192.2527,182.5603,238.451,107.9119,207.63,439.2265,165.9774,125.7224
2018-05-28,234.973,197.2539,146.3154,172.9953,255.6683,234.7202,257.5984,174.1721,192.2287,182.7233,238.7056,107.5417,203.8665,442.5735,166.6856,125.7545
2018-05-29,238.3442,200.3127,146.6034,173.182,259.2553,235.6316,257.0093,174.9296,193.2629,183.041,240.3863,107.6721,205.9413,451.4154,166.8085,125.7418
2018-05-30,240.1757,200.5323,146.2705,172.361,257.0849,234.5514,256.8823,174.4006,193.2562,183.0569,241.2651,107.6026,204.5557,455.9985,166.7686,125.7778
2018-05-31,238.2002,197.8816,146.5297,172.4445,257.7939,235.2021,256.2274,174.7884,193.2629,183.5384,241.3287,108.1283,205.7047,441.2908,166.6901,125.7724
2018-06-01,234.8008,193.7534,146.7932,171.8662,255.8817,233.7892,254.7924,175.6102,192.6977,184.4241,239.7745,107.6741,203.769,433.5833,165.7274,125.8437
2018-06-04,233.2347,193.0492,146.8213,171.1652,252.6583,232.091,253.3264,175.3509,192.5514,184.4247,241.9504,107.3504,203.8635,434.29,165.5612,125.8907
2018-06-05,232.3153,192.1504,147.3067,171.8523,253.3921,233.105,253.6352,176.005,193.3419,184.6737,244.2675,108.3125,203.456,432.2175,165.6191,125.8895
2018-06-06,229.3726,190.8751,146.5337,171.6175,253.4004,233.7444,253.05,175.1371,193.4063,184.4494,243.9626,107.5315,200.9665,419.6233,165.7755,125.9099
2018-06-07,223.4031,189.3927,147.2823,171.7471,251.9658,232.635,251.806,175.396,192.1732,185.3623,245.1265,107.6505,199.3295,420.7599,165.9116,125.9472
2018-06-08,228.0636,190.6814,146.7325,171.4668,254.0318,233.2001,252.0121,174.1367,191.1132,184.6284,243.2277,106.0794,200.1865,428.3493,166.0619,125.9418
2018-06-11,228.6387,190.884,146.9916,171.6828,253.2567,233.2106,253.267,174.0138,190.8523,184.4564,243.8003,106.2106,201.2803,431.2719,166.0019,125.9438
2018-06-12,227.7566,190.5492,146.5284,170.1829,251.2829,231.7702,251.5711,173.9803,189.8156,183.8643,240.9434,105.5266,200.3565,425.7632,165.4715,125.8846
2018-06-13,225.9092,190.2685,146.1593,170.3379,252.6397,233.0143,251.3306,174.3538,190.4927,184.3159,238.3498,105.0394,200.3048,415.159,165.7551,125.8407
2018-06-14,224.8444,190.6713,146.7871,171.3874,255.2443,235.4558,252.245,174.9802,191.9772,185.7855,236.6185,105.382,200.6844,411.3055,165.4194,125.8566
2018-06-15,224.2738,189.1656,147.0452,171.7603,252.9127,235.2692,252.3471,174.058,191.2519,184.8295,238.1106,104.6342,200.3482,414.8684,165.4558,125.8647
2018-06-18,223.9171,189.8622,147.0169,171.2172,250.5576,233.7339,250.4748,174.0418,191.0112,184.1363,238.6197,104.2347,201.0091,421.3767,165.1665,125.8396
2018-06-19,229.542,194.6467,147.0131,171.2328,251.7425,233.4957,250.938,174.178,193.0829,183.7492,240.4159,104.4913,204.1288,433.0333,165.2508,125.7946
2018-06-20,227.6579,193.9583,146.6309,171.0211,251.5926,232.2158,250.498,174.0885,193.4331,183.8961,240.1909,102.9996,204.9704,428.4993,164.548,125.8138
2018-06-21,231.5676,196.5663,145.6895,170.1069,253.5875,233.1502,252.3487,174.0081,193.6091,183.694,238.8564,103.7994,203.6437,423.79,165.3299,125.7789
2018-06-22,230.8513,197.4892,145.591,169.9376,253.004,232.9919,251.943,173.7526,193.0307,183.2526,239.1286,103.3912,202.2079,430.7437,165.294,125.7369
2018-06-25,230.1379,197.511,145.6253,169.8739,251.3005,232.642,251.7026,173.4042,192.4985,182.9887,239.9596,103.4936,201.2102,437.7053,165.1002,125.7356
2018-06-26,234.0933,199.4747,144.6309,168.6909,250.9479,231.6168,250.4757,172.3973,191.6378,182.0304,241.2129,104.625,202.4644,446.3442,164.5203,125.7767
2018-06-27,238.7631,200.6905,144.4441,169.0359,253.6362,232.4528,252.6538,172.2897,192.7924,182.9134,242.2531,104.3234,199.8181,457.6443,164.4357,125.712
2018-06-28,234.4551,196.736,145.0078,169.6157,253.2252,233.1139,253.3565,172.9942,191.4699,182.8177,240.5411,105.1613,197.2925,452.024,163.4023,125.7341
2018-06-29,230.8453,195.0005,145.36,169.5758,250.2925,231.1687,251.8647,172.3169,190.2391,182.5097,239.7836,104.2336,198.0904,448.2444,163.9035,125.833
2018-07-02,233.7193,196.2924,145.2496,169.7192,251.2517,232.5777,252.5294,172.5327,190.3508,182.0563,238.2254,104.8331,199.0783,448.3878,164.7637,125.8208
2018-07-03,236.207,196.4146,144.9767,169.4989,251.3927,234.3038,252.2932,172.8845,191.7787,182.4386,237.2759,105.7485,198.7605,441.4767,165.1371,125.8587
2018-07-04,234.4449,194.7733,145.1958,169.9355,249.2627,233.7153,251.9371,172.4733,191.251,181.9928,237.9623,106.0126,196.6603,444.2909,165.6498,125.9097
2018-07-05,236.1349,196.7148,145.377,170.1852,249.3221,233.8719,252.2589,172.5271,192.1328,182.9187,239.7981,106.978,198.0601,450.6881,166.6191,125.8725
2018-07-06,236.6319,196.8081,145.6265,170.6955,249.9288,233.7899,252.7794,173.3484,192.7915,182.3892,241.5355,107.7198,200.2553,452.0758,165.8586,125.8552
2018-07-09,241.8313,197.8816,145.9344,170.6837,250.6364,234.4026,252.1312,173.5756,193.0897,183.0354,242.6286,108.0187,201.7174,462.4816,167.2483,125.8763
2018-07-10,238.7051,197.4046,146.4341,171.3732,251.7297,236.0224,252.6908,173.9821,194.3844,184.0029,245.4555,108.9213,199.9586,455.7228,167.1646,125.9377
2018-07-11,244.772,200.6721,147.075,171.9353,254.2996,237.5781,253.5951,175.3253,195.5789,184.9668,249.2202,113.0521,201.0426,469.3508,168.7635,126.0221
2018-07-12,247.3548,201.6774,146.806,172.1362,254.1388,238.4443,255.1568,175.5434,196.1658,184.6193,249.141,112.3641,200.647,476.4964,168.8652,126.0304
2018-07-13,252.3694,203.9123,146.4016,171.3366,254.1257,238.5701,255.2434,175.7365,196.7455,183.1142,250.1694,112.3907,199.6445,479.5275,169.2005,126.0835
2018-07-16,258.2187,209.4584,145.337,171.0893,258.0676,241.4237,255.9739,175.4382,198.1873,182.8825,250.2197,112.4133,200.2915,488.133,169.1767,126.2083
2018-07-17,259.4602,209.5458,145.2219,171.286,259.982,243.3628,256.7844,176.0181,199.1254,183.3701,247.558,111.2271,198.4268,483.3824,169.7038,126.2029
2018-07-18,263.3741,211.0867,145.1449,170.3394,256.9799,242.3288,255.2071,175.353,198.1434,181.9468,247.5714,111.9549,198.8891,493.1392,170.1372,126.1677
2018-07-19,256.7985,207.9172,146.5213,170.4881,250.8754,238.4662,252.0631,174.9293,198.1701,181.6013,249.3103,112.5062,197.0575,493.1332,169.3916,126.1577
2018-07-20,257.2707,210.4506,146.9733,171.3203,253.0906,240.5647,253.6224,175.5317,200.5428,182.6439,250.6479,113.5975,197.9696,489.1397,169.7726,126.1121
2018-07-23,251.8834,208.4976,146.9386,171.4303,253.1777,240.0453,252.0495,175.577,201.5989,183.3907,251.6127,114.7844,194.9814,479.7291,168.3922,126.0634
2018-07-24,246.8024,203.4295,146.7309,171.4317,251.2604,240.3631,252.0029,175.6783,200.4458,183.1214,250.4074,114.8694,193.0788,467.0318,167.1068,126.0635
2018-07-25,246.5906,202.8605,147.2095,171.1406,250.5832,239.9594,252.2308,176.3563,200.8673,183.4403,250.9428,115.3782,193.9123,458.4211,167.3394,126.0384
2018-07-26,250.4924,204.5454,146.491,169.2735,249.1827,237.7666,249.5014,175.6519,200.635,182.5397,250.3123,115.7195,194.1446,456.5788,167.4421,126.062
2018-07-27,256.7699,207.1453,145.724,168.0608,248.5775,238.9202,250.3487,175.6873,201.3805,181.9563,249.9117,115.5945,193.338,459.29,167.5052,126.1339
2018-07-30,262.0361,210.4216,146.1582,168.5359,250.4909,240.0856,252.0199,176.6747,203.9848,182.8496,251.1885,115.6693,195.5303,460.5848,169.112,126.0789
2018-07-31,261.3045,213.6337,145.9204,169.2443,251.7923,241.4927,254.2083,177.2646,205.4842,182.3639,252.2,116.1304,197.4091,459.2658,169.0549,126.0934
2018-08-01,261.5525,215.0768,145.4216,169.2419,253.5656,242.2736,256.0792,177.1973,206.1779,182.234,250.3093,115.1697,196.0428,454.4206,168.8147,126.0301
2018-08-02,266.0749,218.2545,144.9437,168.6098,254.4818,242.7039,254.9751,175.9152,205.0937,182.1799,249.0859,115.7248,197.1398,467.2235,168.9591,126.1025
2018-08-03,272.0837,221.0545,144.6826,168.1679,255.1043,244.2074,255.1381,176.2965,207.2526,181.8644,252.5224,115.8877,195.906,472.9842,169.3778,126.0246
2018-08-06,275.7943,222.5459,144.4663,168.4518,254.3907,244.0954,254.9895,175.6009,208.375,181.2412,255.6339,117.0063,196.2996,479.9982,170.1154,126.0404
2018-08-07,278.3063,224.6333,144.1297,169.1318,257.0914,247.1562,257.7433,176.4971,210.0714,181.6594,256.0473,116.0522,196.2703,480.8158,170.9297,125.9814
2018-08-08,282.2264,225.6593,143.9857,169.2112,258.4283,247.4093,258.3559,176.5628,211.3248,182.3716,255.3141,117.3755,196.3874,480.5733,171.2709,126.0482
2018-08-09,286.7772,227.6444,144.4313,170.132,261.4688,250.3494,261.7161,177.5054,212.7689,183.891,256.0578,115.6817,200.7292,481.3418,172.9378,126.0294
2018-08-10,290.9279,230.3176,144.3987,170.2536,263.2841,251.2986,263.2421,177.5512,213.3588,184.3334,256.6123,116.4596,201.9809,487.1252,173.3455,125.9548
2018-08-13,288.795,231.5524,145.2002,171.0041,263.385,249.9883,263.5093,177.9839,214.4366,185.3707,256.4321,119.0342,200.7182,487.9759,174.191,125.938
2018-08-14,290.5166,231.2398,144.3173,170.0364,260.8688,249.3077,261.5103,176.1698,214.1393,184.6511,257.2319,117.6426,198.6463,488.4279,174.931,125.9075
2018-08-15,288.7701,230.603,144.2636,169.9168,260.7795,249.0841,261.2987,176.0021,213.6831,185.0377,257.9756,117.2113,196.149,492.7154,174.7676,125.8898
2018-08-16,290.4065,229.2149,143.9047,169.2703,259.7909,248.0332,260.2629,175.6317,214.3544,185.3349,255.2411,116.7172,196.1647,484.0023,174.3959,125.8974
2018-08-17,286.3398,226.2238,143.9736,168.9548,256.8587,246.7493,258.7817,175.0791,213.2413,184.5574,255.334,116.6111,192.8597,476.4304,175.1532,125.8534
2018-08-20,281.5019,223.0652,144.4208,169.3833,256.2208,246.5825,258.9832,175.9417,212.5399,184.8093,253.6718,116.9288,191.075,472.3694,174.4613,125.8431
2018-08-21,284.8241,222.3604,144.542,169.0229,254.0346,245.7401,258.403,175.4886,211.5139,184.238,254.2632,117.6039,191.3617,481.474,174.6771,125.757
2018-08-22,281.2902,220.3217,144.4314,168.8808,255.3017,246.1793,257.3109,175.1669,210.359,184.0282,254.0533,116.5877,188.9656,476.1577,174.1339,125.7874
2018-08-23,273.1805,217.801,143.8718,168.7569,254.6146,244.2348,255.3761,173.8496,208.7346,183.694,250.8689,114.9257,186.6753,471.3865,172.3199,125.7956
2018-08-24,277.3508,220.5305,143.6921,168.718,255.3295,244.8835,255.8087,174.2308,210.1027,183.4645,251.5436,114.2948,188.445,475.0109,173.1256,125.7598
2018-08-27,276.0116,219.1937,143.7524,168.8265,255.6691,244.016,255.7905,174.0765,209.7408,183.6359,251.125,114.1674,188.725,474.2056,172.177,125.7898
2018-08-28,279.5909,220.3529,143.0315,168.1227,256.4968,243.6474,256.0334,173.9758,210.9629,183.4683,250.504,114.3063,188.0273,471.3895,171.2944,125.8679
2018-08-29,277.0332,219.2583,143.0526,168.0043,255.7677,244.2834,255.7282,173.8533,211.21,183.6181,250.4999,112.5015,187.7393,469.2679,170.1182,125.897
2018-08-30,274.9796,217.7816,142.4988,167.1482,254.3092,241.8784,253.738,172.736,210.0188,183.0385,249.844,111.0941,186.6858,470.5746,168.6912,125.8742
2018-08-31,277.4209,216.1867,142.5366,166.9745,252.5211,241.0353,253.4385,172.1632,209.337,183.93,251.072,111.8058,187.3225,479.49,168.7939,125.9818
2018-09-03,279.6004,218.521,142.877,167.9451,255.0715,241.8515,255.4583,172.6117,209.8844,184.276,252.4849,113.8523,189.6894,486.9884,168.9205,125.9869
2018-09-04,279.7541,218.8354,142.6425,168.1914,258.2324,243.5076,257.1467,172.5688,210.0713,184.9506,252.0022,112.796,190.2213,483.319,168.3027,126.1386
2018-09-05,282.1161,218.8903,143.2196,169.466,260.3978,244.5946,259.6454,173.2225,212.97,186.1295,252.4239,112.7951,189.5503,480.9477,168.7537,126.1016
2018-09-06,284.0852,219.4424,142.6817,168.6067,259.6256,243.5815,259.9758,173.5249,213.1191,185.9808,251.1956,112.0904,189.9892,480.8867,168.1487,126.0609
2018-09-07,288.268,221.4259,142.7143,168.4049,257.7645,243.3285,259.7688,173.0985,214.1762,185.835,255.075,113.7825,191.0528,488.0801,168.8282,126.1172
2018-09-10,288.3318,220.5771,142.7657,168.4325,256.4961,243.4181,259.8183,173.0778,215.2982,186.2555,253.4429,113.5351,189.6897,481.4333,169.4257,126.0755
2018-09-11,288.8844,219.4075,142.6967,168.451,256.3755,242.7823,260.3191,173.1542,216.3925,186.2358,253.8938,113.2912,189.016,468.9207,170.5651,126.1016
2018-09-12,287.4982,219.1807,142.6942,169.1697,258.2558,244.4055,261.7696,173.4318,216.0974,186.8302,249.8814,112.3041,188.26,466.5674,171.2421,126.0778
2018-09-13,284.6618,219.2003,142.5074,168.4098,257.6475,242.6426,260.4066,173.0025,213.8517,186.3183,247.7646,112.852,187.9108,465.4829,170.9586,126.0532
2018-09-14,294.0303,222.5208,142.0284,168.4182,260.4676,243.7681,261.1449,173.2285,215.5735,185.8879,250.5476,114.051,188.1284,476.6796,171.5675,126.0605
2018-09-17,301.5074,227.7909,141.8513,168.1399,261.215,243.7296,260.6238,173.1013,218.1664,186.0096,254.0049,114.588,190.8642,488.0112,172.0528,126.0448
2018-09-18,306.0696,228.9775,141.9559,168.7186,262.6863,244.5499,261.8589,173.0008,218.9632,186.6687,255.5134,114.2182,193.962,496.5236,172.2253,126.0821
2018-09-19,309.0575,230.5635,141.9276,168.4859,263.5751,243.5084,260.9967,172.6391,218.1847,187.4541,253.7058,115.0108,196.3884,504.1774,172.7515,126.0399
2018-09-20,312.7296,233.4604,141.7303,168.4292,262.6016,244.4533,261.9006,172.8006,220.3315,187.3973,255.0395,113.0095,195.4844,510.8921,173.7939,126.09
2018-09-21,313.3686,233.2931,140.6322,166.817,260.6289,243.0964,261.2929,171.7875,219.1943,186.2657,251.6313,112.5835,191.923,498.7089,174.1994,126.0936
2018-09-24,305.5018,231.8752,140.7844,167.0729,259.8352,242.5247,261.3369,171.3032,219.452,187.0736,253.8486,112.8572,189.4682,492.9505,173.2452,126.1016
2018-09-25,302.559,229.9822,141.1464,167.1264,257.488,240.5941,259.704,170.5576,220.7025,186.7635,252.9348,111.2488,187.8544,481.6651,173.5762,126.1172
2018-09-26,298.6675,227.904,141.4777,167.5853,257.7104,240.9794,258.6131,170.7323,221.0343,187.3423,249.8275,112.6364,185.5011,476.0094,172.6584,126.1135
2018-09-27,299.5239,229.3885,141.4755,168.106,259.4459,242.1849,258.9886,170.9153,221.7079,187.736,250.344,114.4108,185.2869,480.5188,172.5605,126.1734
2018-09-28,304.2565,231.2677,141.6348,168.5685,262.2379,242.4275,260.7205,171.9008,223.3382,188.0259,253.1474,114.6985,185.293,491.3215,172.1632,126.1195
2018-10-01,302.3018,231.3215,142.1896,168.7622,264.1401,241.4623,260.1843,172.7803,223.4359,188.6847,253.3741,114.3695,185.2924,491.8951,171.9937,126.207
2018-10-02,310.3666,235.2591,142.2059,168.614,267.4633,241.9114,260.0527,173.3218,224.7153,188.9358,255.7845,114.8058,186.7103,505.4088,172.5601,126.2091
2018-10-03,305.8796,232.2163,142.3922,168.6128,265.2112,241.2977,260.2307,173.2986,222.8731,188.7641,253.6211,114.7933,184.9554,503.6293,172.2078,126.1261
2018-10-04,304.5131,231.5402,142.9616,168.4346,261.4414,240.5782,258.3317,172.8752,223.7279,189.1528,253.2884,115.4537,185.1609,505.751,171.2743,126.1757
2018-10-05,300.0101,229.312,142.3772,168.3242,259.1185,241.5482,259.8578,172.0885,221.8061,188.1432,252.5469,115.7319,183.7495,498.721,170.7139,126.2022
2018-10-08,301.9096,228.787,142.5919,169.3322,261.4205,244.7622,262.3743,172.4345,222.1703,188.5475,251.4883,114.2796,183.3172,501.0059,171.1024,126.2836
2018-10-09,304.8814,233.9797,142.7701,169.6987,264.145,247.614,263.9641,171.9482,221.2278,188.5077,254.2781,114.1213,182.0404,521.0402,172.7861,126.2301
2018-10-10,312.6059,235.3409,142.9776,170.9435,269.2416,251.4683,266.9909,172.7051,221.6089,188.9879,254.5224,115.62,182.7759,529.7939,174.1223,126.301
2018-10-11,311.1883,235.18,142.2077,170.5461,268.7141,250.9818,267.1375,172.4096,224.1784,188.4906,256.0515,113.4493,181.3966,515.2738,173.286,126.3487
2018-10-12,307.9672,231.567,141.6679,170.8062,267.7505,250.3408,267.5694,172.2311,223.1874,187.9836,252.3435,113.9332,182.2222,502.1051,172.7192,126.3792
2018-10-15,307.2906,232.4827,141.2952,170.3636,265.6368,250.4417,267.1675,172.0848,223.2243,187.476,252.1617,114.8004,181.4138,501.4821,172.7364,126.4056
2018-10-16,301.969,227.9166,142.1325,171.3415,264.5224,249.9628,266.2792,172.4335,221.6393,187.4873,250.1158,115.0688,183.3385,493.9898,172.9435,126.4475
2018-10-17,298.6535,225.8135,141.716,170.3013,263.1002,248.5817,264.2975,171.5107,219.8042,187.9781,247.8636,115.247,183.4523,486.8529,171.8762,126.5261
2018-10-18,302.0107,225.868,141.1366,170.3767,265.6925,250.2815,266.2228,171.4109,219.8222,188.2338,248.1755,116.3086,183.6239,485.1911,171.572,126.5838
2018-10-19,300.3133,225.098,140.8598,170.2879,265.0797,250.0218,265.699,170.9783,220.7881,188.5862,249.956,115.4992,183.3044,483.97,170.6266,126.5376
2018-10-22,300.3473,226.7495,141.3673,170.3624,263.5537,249.3254,265.1761,171.5429,221.8755,188.5963,250.789,115.0721,183.8759,486.5197,171.7421,126.521
2018-10-23,307.637,229.1126,141.3766,171.3734,268.2979,251.6185,267.1506,172.2434,225.3698,189.5774,252.1067,116.2361,184.5703,489.5954,171.6583,126.6192
2018-10-24,306.0646,228.4539,141.4396,172.0562,269.6679,254.4102,268.7089,172.6698,226.4856,189.7923,252.6118,115.5927,184.7322,476.3955,172.5684,126.6401
2018-10-25,305.0023,226.8253,141.7565,172.4999,271.8822,254.239,268.6618,172.7814,225.7404,191.052,251.2922,114.063,183.1038,485.832,171.9036,126.6108
2018-10-26,308.6788,227.7906,141.6008,172.3864,270.5576,253.359,269.2434,171.626,224.5731,190.877,252.2841,114.8605,183.4909,496.9721,172.8488,126.6485
2018-10-29,306.5457,226.288,141.5604,172.5036,270.6842,253.2406,267.7215,171.1475,222.7944,189.5516,251.9168,114.4482,184.1162,504.3842,170.7531,126.654
2018-10-30,306.6151,226.5849,141.3168,172.4809,271.0902,252.8952,267.3449,171.1635,224.7699,188.9098,253.8281,114.4447,183.5419,497.2735,169.9102,126.7008
2018-10-31,308.1377,226.2426,140.6918,171.7726,269.1665,252.9979,267.7247,170.575,224.248,188.764,251.994,114.3779,183.3628,495.3181,169.7239,126.708
2018-11-01,314.2848,230.1387,140.7414,171.8715,269.3651,252.5588,268.9144,170.4011,225.6028,188.7,254.5499,113.8374,185.6437,505.709,171.1583,126.6512
2018-11-02,319.4035,232.1624,140.9824,172.3653,270.4436,253.5257,269.5261,170.9964,226.3398,188.6751,255.4968,114.478,187.6528,520.5012,171.036,126.7149
2018-11-05,322.707,233.361,141.7462,174.0697,274.0781,256.8354,273.43,171.8647,228.0025,189.8571,256.313,116.0046,188.4495,528.4089,170.7595,126.75
2018-11-06,317.3291,229.4992,141.3342,173.1509,271.922,255.3659,271.3865,170.8597,225.5455,189.6163,252.9671,114.9053,188.1415,519.3577,169.0884,126.6573
2018-11-07,313.3001,227.7049,142.3076,173.9484,270.1973,254.8076,270.3239,171.4636,225.7235,189.6402,253.4336,115.9777,187.3181,520.4913,169.2524,126.6522
2018-11-08,305.6501,225.5288,143.3784,174.3028,270.2934,253.7768,268.2744,172.5149,225.427,190.1829,253.6952,116.9414,188.566,505.1181,169.5902,126.5763
2018-11-09,308.4033,225.2764,143.4799,174.1762,270.1742,254.6178,267.7373,173.0027,224.1688,190.1972,252.8169,116.1138,190.9345,516.6298,169.4558,126.6136
2018-11-12,306.276,224.4604,143.8509,175.0594,272.5887,255.2641,268.4321,172.9214,223.3929,190.5348,250.2426,115.6607,193.2549,511.3634,169.4448,126.5659
2018-11-13,308.9473,227.6474,143.6978,174.6872,272.0903,254.6753,268.7445,172.3611,224.0001,190.3806,252.4415,118.1205,194.3736,516.0581,169.3698,126.5248
2018-11-14,306.3289,225.7104,143.1994,173.9323,271.013,254.0551,268.1784,172.0221,222.9197,190.364,251.9837,117.8379,193.3868,507.9148,168.9391,126.5842
2018-11-15,307.892,225.883,143.1409,173.9031,271.5422,254.9495,268.4046,172.3064,222.9547,190.9077,251.2999,118.3668,193.0959,514.2729,168.3866,126.5893
2018-11-16,305.3944,224.0851,143.4574,174.7987,272.4046,255.7254,269.4222,172.7896,225.3195,191.4551,252.886,118.6478,191.8426,497.3155,169.1135,126.642
2018-11-19,310.2159,227.2128,143.2525,174.6821,274.7597,257.3252,270.4471,173.4244,227.0343,191.7566,255.377,119.4928,192.1481,498.9718,169.8093,126.7061
2018-11-20,305.6832,226.2592,142.8412,173.9652,273.7217,255.7192,267.6373,173.0147,226.3269,191.2503,252.2862,118.8675,193.7373,486.5292,168.9571,126.615
2018-11-21,310.9438,228.4663,143.0355,174.1857,273.6084,255.5886,268.8209,173.7767,229.1201,190.886,255.5328,120.129,195.0285,488.0952,169.1321,126.6432
2018-11-22,319.0652,231.7617,143.2241,173.5756,274.2325,255.9771,267.8738,174.084,230.5497,190.9912,257.3194,119.6097,196.558,498.6774,169.8243,126.646
2018-11-23,321.4835,230.6239,143.6551,174.2474,274.1696,257.7881,269.3265,174.8252,231.2856,191.6429,258.8947,120.1168,197.6561,499.6069,170.7636,126.656
2018-11-26,320.7732,231.2827,144.1478,174.7462,275.5869,258.5834,270.7537,175.3682,232.275,192.719,259.494,117.9114,196.5336,507.4652,170.3526,126.6291
2018-11-27,317.2454,229.8338,144.5516,175.974,276.3098,259.0495,273.9271,175.7964,232.0566,193.8488,257.0798,117.3199,197.1932,504.2444,170.8027,126.675
2018-11-28,317.2842,226.7906,144.7199,176.3511,274.8226,257.5634,271.6534,174.8,233.49,193.3491,255.9616,115.0943,196.3186,496.6249,170.945,126.6626
2018-11-29,322.001,228.2944,144.4103,175.8309,274.9933,256.0095,270.169,173.6191,234.4191,193.4325,258.9786,114.1042,197.5506,502.6935,171.2254,126.6255
2018-11-30,324.3033,229.8723,143.7585,175.1946,274.5901,256.1737,270.2217,173.6856,236.4377,193.7973,259.5498,114.9538,196.1465,502.7115,170.3368,126.6728
2018-12-03,323.4386,231.2617,144.1444,175.7613,275.9836,256.2158,270.3163,173.624,236.8069,194.0166,259.8652,114.4274,198.3939,506.6827,169.9029,126.6086
2018-12-04,326.0502,232.2242,144.0661,174.5188,274.1586,253.8888,267.934,173.8527,236.188,193.1302,259.5823,112.9248,201.3207,510.9731,169.4003,126.654
2018-12-05,324.1929,232.0196,144.7104,175.1876,272.2277,253.6105,268.6008,173.875,235.89,192.9558,261.4018,113.8267,202.7008,511.8468,170.5529,126.6652
2018-12-06,322.8834,233.0518,146.277,176.7247,274.6306,253.6665,270.5406,175.7127,236.0722,193.9317,264.8535,114.4525,203.5268,521.3286,172.5466,126.6899
2018-12-07,326.4707,233.2291,146.4296,177.6338,280.5643,256.7373,272.7067,177.1457,237.0568,195.4502,264.3176,113.1161,205.4972,524.5408,172.4463,126.7098
2018-12-10,326.5026,233.3387,145.5387,176.4149,279.4181,256.3365,271.4977,176.2836,234.4844,194.3535,263.3124,113.8972,205.1367,523.4577,172.3288,126.7326
2018-12-11,325.2403,231.2024,145.7979,176.0831,278.4531,256.7597,270.4303,176.423,232.3267,194.1201,262.1067,113.4111,203.1369,527.7298,172.4024,126.7734
2018-12-12,319.6712,227.0718,146.4797,176.0402,275.6443,256.7449,268.8585,176.9616,232.4345,194.6454,259.4446,113.7619,201.3446,510.461,172.5762,126.7904
2018-12-13,325.6871,229.8367,146.625,175.7589,275.6807,256.8111,268.9874,177.3134,233.2104,194.994,262.4251,114.5452,202.4588,523.6295,173.4272,126.7739
2018-12-14,325.6847,228.6251,146.087,174.8365,274.1506,257.5209,269.2319,176.7999,231.1036,194.7375,260.9581,114.5032,204.3565,515.826,173.4778,126.7142
2018-12-17,321.0197,226.044,145.8471,174.5541,271.3249,256.8009,269.1639,176.3721,231.9387,194.6726,262.4993,114.9386,202.6858,501.437,172.8072,126.6521
2018-12-18,321.0539,223.719,146.5967,175.4567,272.4366,257.4911,269.6219,176.9601,231.7787,195.3175,262.5923,116.6353,202.301,500.6407,173.1851,126.6887
2018-12-19,315.604,218.8639,147.1789,175.8499,271.8278,257.5892,268.3406,176.4209,229.183,196.1496,263.0353,119.1813,199.6208,498.7029,172.9728,126.6968
2018-12-20,314.7211,217.1581,147.1349,175.8835,270.4355,258.0424,268.6758,176.2811,229.8523,196.8568,262.7323,120.6013,198.7961,491.2696,172.8041,126.6435
2018-12-21,305.8871,213.9554,147.1085,175.1203,266.2639,257.4082,268.0182,175.6658,227.4543,196.0706,261.9969,117.7571,195.5579,482.2641,172.4786,126.6799
2018-12-24,306.4261,217.1977,147.0121,174.5271,266.3194,256.4048,267.4081,175.0259,226.092,195.2816,263.26,117.6462,195.27,486.3125,174.2992,126.7504
2018-12-25,313.7943,218.5927,147.0833,174.7568,266.7475,256.9045,268.6425,175.0925,227.3683,195.09,265.0435,118.0756,196.8598,495.6484,174.4683,126.7561
2018-12-26,313.79,220.7895,146.5703,174.5291,268.6479,257.8865,268.6873,175.5147,228.4399,194.5275,265.4276,117.7061,195.1461,492.1054,174.6167,126.7403
2018-12-27,313.544,219.9466,146.214,174.2135,267.4826,257.9335,269.3941,175.7401,227.7988,194.3925,262.8875,118.5124,196.6939,487.1286,173.8758,126.7464
2018-12-28,313.2857,220.2991,145.7664,173.0571,267.4862,258.4655,269.2963,175.7253,226.794,194.2667,262.0963,118.1807,195.3884,479.8332,173.9609,126.6634
2018-12-31,317.7315,221.4686,145.8245,173.0922,266.911,258.9883,269.3809,176.0661,228.1601,194.4794,262.5081,117.8238,197.3331,483.6861,174.6139,126.6562
2019-01-01,321.4438,222.6809,146.1944,173.9584,268.5923,262.4528,272.0503,177.0006,227.643,195.6666,263.8024,117.7886,201.4644,496.7311,175.541,126.723
2019-01-02,328.1926,222.8286,146.6962,174.0295,270.338,263.8958,271.4397,177.5499,227.9029,196.2929,266.2926,117.4461,203.2124,510.5495,175.652,126.6851
2019-01-03,328.4978,223.0652,146.6937,173.8244,269.4818,263.4276,270.7656,177.7621,229.5626,196.027,266.8639,115.0239,201.5268,510.3341,175.5512,126.7135
2019-01-04,331.6952,223.0753,146.1314,172.5922,266.0296,260.8291,269.1006,177.2225,228.4872,194.4631,267.389,116.6097,203.1183,510.162,175.4804,126.7794
2019-01-07,329.1529,221.1654,146.8818,173.5086,265.022,260.6761,269.5062,177.8951,229.3242,194.7474,268.6842,116.4956,203.6047,507.9268,175.8887,126.8143
2019-01-08,329.8576,221.9682,146.8845,174.1724,265.9282,262.098,271.0773,177.5012,230.3827,194.8642,270.2969,116.5693,201.9046,506.0392,177.1111,126.8893
2019-01-09,338.1791,225.5049,147.4248,174.4182,265.3655,262.7263,273.7303,178.3548,231.3009,196.047,270.925,116.3347,204.8694,526.8441,178.47,126.892
2019-01-10,338.1732,225.6674,147.9496,175.3261,267.846,263.9297,274.2395,178.9086,230.9508,196.344,268.8093,116.3403,206.0825,531.5179,178.3844,126.9242
2019-01-11,332.697,222.1733,148.5241,175.9429,269.003,264.0089,273.4577,179.2096,230.1721,197.1657,268.406,116.0663,205.077,527.3058,177.557,126.9319
2019-01-14,334.5864,223.3385,147.7367,175.2301,269.1795,263.4211,273.9125,178.964,229.4855,196.4041,267.1961,116.9017,202.1724,531.3905,177.1302,126.8855
2019-01-15,336.6421,223.4851,147.1193,175.1045,269.1378,261.7543,273.9746,178.2223,230.7219,196.9298,268.2079,117.0308,201.8763,536.5646,176.0523,126.8452
2019-01-16,330.2843,220.686,146.8411,174.4549,267.5594,259.9159,271.6223,177.6732,229.2174,195.7217,264.5768,117.4024,198.912,521.5232,175.0995,126.8448
2019-01-17,328.6559,218.7102,146.9189,174.7171,268.0397,261.2633,273.3671,178.5788,228.2303,195.8607,262.5873,116.8562,198.7835,513.5414,175.5744,126.9271
2019-01-18,326.1267,219.5035,147.3634,175.2704,269.8064,261.9303,273.8861,178.5618,227.7595,195.7443,259.9943,117.0325,198.0582,515.3151,174.5599,126.9751
2019-01-21,322.84,217.9621,148.0762,175.8005,269.5732,261.1085,272.7951,179.15,228.3033,196.0516,259.2807,118.2563,197.6282,509.5104,174.3376,127.0264
2019-01-22,326.3233,217.5666,148.2078,175.4902,269.2492,260.2063,273.5146,180.0822,229.8659,196.6016,260.8345,119.862,197.0441,503.5589,175.0528,126.9751
2019-01-23,335.1195,220.4001,148.8795,176.1491,274.0381,262.4616,274.0618,181.7333,231.7763,197.0115,258.7715,120.9089,199.0716,506.7232,176.3286,126.8931
2019-01-24,329.0361,216.6927,148.7968,175.904,271.7149,260.8314,271.9268,181.2799,230.4608,195.7544,255.3545,121.1425,196.1804,495.3164,175.3158,126.871
2019-01-25,331.4335,222.6411,148.681,175.9862,274.5837,260.4877,272.2445,181.6691,232.5169,195.4949,260.0552,121.7753,197.1533,504.3544,175.8614,126.9177
2019-01-28,339.8835,226.2697,149.0817,176.8189,276.9114,263.8551,273.8799,182.9022,236.4045,196.4855,263.591,122.7636,201.398,515.5858,175.4085,126.9213
2019-01-29,346.1714,229.624,149.5713,177.7695,280.2471,265.3209,275.9684,184.0987,238.7624,197.6061,264.1595,123.3197,206.194,519.8581,176.3103,127.0033
2019-01-30,341.839,228.2875,149.7074,177.8256,278.2447,265.3458,276.6718,184.5278,239.4954,197.9047,265.9133,121.5424,205.4376,515.0479,176.3114,127.0565
2019-01-31,336.9246,224.7574,150.5114,178.4156,275.8882,265.7874,275.9058,184.988,239.4999,198.0443,265.6632,121.3689,205.3828,510.3264,175.5575,127.0253
2019-02-01,328.5449,220.3969,150.9675,179.338,276.5456,265.614,275.4367,184.8569,238.0255,198.1351,264.0737,118.6313,203.0971,504.6323,175.1016,127.1221
2019-02-04,333.8325,225.3827,151.5489,180.282,279.1072,267.5011,275.8173,184.8478,239.5355,198.51,267.1277,120.0834,203.4548,523.7854,176.5392,127.1474
2019-02-05,337.1064,223.2841,151.5201,180.3847,280.9223,265.4511,272.099,184.4277,239.4042,198.0764,267.4947,121.0871,205.1333,525.65,176.0811,127.1356
2019-02-06,333.6571,223.6122,151.7298,180.5873,282.1286,265.275,272.4553,184.5013,239.4021,197.9325,268.9614,121.9184,204.4983,522.6099,175.2742,127.1584
2019-02-07,328.0389,222.3841,152.2923,180.3205,279.9835,263.5202,271.1366,184.5094,236.4515,197.5862,265.2465,121.8328,203.8205,522.7736,175.6423,127.1638
2019-02-08,330.0848,221.836,152.2573,180.6713,281.0131,264.1893,271.9489,184.4723,236.9789,198.1916,265.4091,121.4663,203.2238,522.2113,176.5787,127.144
2019-02-11,332.2962,221.7102,152.2917,181.5822,283.0692,265.7321,274.4891,184.7009,238.5282,198.953,266.1633,123.0559,202.3539,518.7526,177.0211,127.1571
2019-02-12,336.5993,225.8178,151.5928,181.4291,286.2054,268.9733,276.5209,184.473,239.9064,198.832,267.0112,122.8944,203.5557,514.2587,177.7241,127.1289
2019-02-13,333.8173,224.5562,151.8908,180.8222,284.592,266.3431,274.3481,184.82,239.6861,198.469,266.0001,122.3727,204.8512,507.365,176.8346,127.1435
2019-02-14,335.066,223.787,151.8566,180.4862,286.4443,267.0527,274.2313,185.1618,236.8158,198.3069,262.6713,120.0914,205.2531,514.6458,176.8891,127.2354
2019-02-15,337.5186,227.0348,151.7358,180.4599,286.6951,268.3556,275.627,186.0724,238.5453,198.8468,264.5943,120.1807,203.5264,520.5034,178.4956,127.3122
2019-02-18,339.8058,228.8596,151.4711,179.1783,284.8529,266.1119,273.7727,185.6038,238.2373,198.4858,265.9286,117.4868,204.3645,527.5139,178.9825,127.3204
2019-02-19,348.2657,232.6451,151.0804,178.5426,286.7279,266.9085,274.0462,185.5131,237.899,198.7376,267.0798,119.4192,206.0716,536.1793,180.5882,127.3464
2019-02-20,350.4956,231.845,151.1322,179.0689,286.3651,268.7187,275.7017,185.9788,238.1819,199.1919,269.851,120.3825,206.8696,536.827,182.1645,127.3349
2019-02-21,356.081,236.283,150.6837,178.0894,286.0072,268.7588,275.5031,184.9143,236.6751,199.1499,271.5115,121.2866,207.146,553.8329,183.5435,127.3887
2019-02-22,354.0453,239.2814,150.135,177.144,285.467,268.2482,275.4777,184.5735,236.3525,198.1603,271.9187,121.7873,204.7949,551.6043,183.259,127.3109
2019-02-25,355.3164,241.2191,150.0201,176.8025,286.9095,270.4666,275.9612,184.6571,235.0334,198.8045,271.3544,123.0938,203.2911,558.9434,183.9404,127.3799
2019-02-26,354.6005,236.7921,151.3107,177.8818,285.9233,269.7383,276.0293,185.3024,235.9526,199.9179,271.2312,122.8461,200.524,556.2177,185.2754,127.5071
2019-02-27,359.4201,238.803,151.8979,178.1045,284.8373,268.1204,274.7152,185.3855,235.0166,199.7447,272.6717,124.907,204.1033,572.0936,187.2187,127.6175
2019-02-28,355.7137,237.7818,151.6483,178.0295,284.504,267.4648,274.5805,185.5087,235.574,199.7294,272.3128,123.7054,202.8369,564.579,186.6647,127.6655
2019-03-01,349.9214,235.85,152.2047,177.9584,281.9382,265.7533,274.5112,184.9244,233.1714,199.2981,273.8337,123.8758,202.9249,563.0985,186.8411,127.5862
2019-03-04,356.5673,240.0318,151.741,176.9547,281.3218,266.2143,274.8923,184.7468,232.9824,198.612,274.2544,123.4915,203.7919,578.717,186.5887,127.5596
2019-03-05,359.4662,239.9541,151.6956,176.5967,279.1778,265.4323,274.2679,184.1003,231.4167,197.4017,274.9225,124.7222,205.0006,587.397,186.5688,127.5357
2019-03-06,350.4238,237.3944,151.2678,175.3419,274.0275,262.6089,270.8925,183.0673,228.868,195.9967,272.3462,123.8802,204.2113,576.3492,185.6985,127.5295
2019-03-07,347.8525,234.9256,151.6203,176.1515,274.7432,264.5333,272.1553,183.534,228.7382,196.561,270.9648,126.0001,204.0529,566.486,185.4309,127.5759
2019-03-08,340.4901,233.1469,150.8784,174.9668,272.1962,262.2681,271.2955,183.1188,226.5186,195.7908,269.3904,127.2625,201.5135,561.3391,182.8817,127.6213
2019-03-11,346.1159,236.2891,150.9622,174.7904,272.6572,262.7439,273.3599,183.6039,227.8619,196.1668,272.5209,126.4876,205.5336,565.6804,183.4678,127.6225
2019-03-12,350.2467,237.0033,151.3466,175.8073,276.8514,264.0457,275.2386,184.9464,228.9418,196.7847,272.9134,126.0881,207.4384,570.3896,183.9718,127.6469
2019-03-13,341.592,229.573,152.0234,177.0382,273.1817,263.1961,275.3894,183.8769,227.5673,196.7126,273.2568,125.3716,204.5877,562.687,183.7654,127.6872
2019-03-14,341.3002,227.2875,151.8504,176.4926,271.6564,262.0505,275.2044,184.2302,226.3028,196.3465,273.3495,125.5061,202.784,562.5164,183.743,127.7477
2019-03-15,338.8455,224.7813,151.0964,175.0919,270.5089,261.7417,273.2637,183.6835,225.6927,196.0674,271.9977,125.0297,201.6212,541.8718,182.9375,127.7371
2019-03-18,340.3003,223.6243,150.5169,174.447,268.7413,261.3282,273.3137,183.9153,225.9372,196.2603,268.6489,126.2303,202.2759,531.121,182.8177,127.7825
2019-03-19,341.655,225.2093,150.7574,174.944,265.7997,260.2976,274.7687,183.4855,226.4022,196.3949,270.1562,125.8613,206.5959,540.2231,183.7174,127.7412
2019-03-20,339.9573,225.3272,150.5414,174.2587,263.0316,259.0536,273.3803,182.8598,224.917,195.4552,273.3591,126.4424,205.8826,538.4608,185.7671,127.7961
2019-03-21,342.2301,225.8961,150.4215,174.0878,261.6472,258.4115,274.4985,181.6,223.2852,195.8603,273.4521,127.0408,205.2623,549.1811,186.8986,127.9114
2019-03-22,343.0972,228.2711,151.4543,174.7464,263.251,259.9603,275.7296,182.6812,224.6737,196.6626,274.5804,126.7323,204.5987,549.4133,188.9873,128.0086
2019-03-25,333.015,225.2307,150.83,174.1365,262.2597,260.5958,275.134,182.4031,223.333,196.379,270.742,125.9344,202.5338,521.3439,188.3663,127.9971
2019-03-26,328.6795,223.5862,150.8406,173.6409,262.6223,258.7231,272.3295,182.0353,222.5927,196.4131,271.5563,125.5125,200.9766,512.7433,188.4672,128.0103
2019-03-27,326.5903,224.415,150.8216,173.4825,263.6139,259.8297,271.8368,182.2209,222.1615,196.0344,270.6662,125.6931,199.8154,514.8065,187.0558,128.0131
2019-03-28,324.4172,222.9188,150.6262,172.7658,264.4357,257.9813,271.7273,182.5895,220.1114,195.8673,267.5014,126.25,199.1426,506.5239,186.6767,127.9444
2019-03-29,326.1989,222.5316,150.5796,173.3412,264.7032,257.8571,271.2299,182.7798,222.5609,195.4841,268.0943,125.4972,200.3975,503.1413,186.1177,127.9204
2019-04-01,322.9972,219.7214,150.2305,173.267,264.8355,258.0392,270.0284,182.412,221.8713,195.2906,265.3511,125.3104,198.0562,493.1232,185.8105,127.9489
2019-04-02,318.1454,217.4799,150.4077,173.0648,264.8811,255.4474,267.9198,181.7458,220.0586,195.2249,263.0614,124.5422,196.2165,485.5573,186.5423,127.9829
2019-04-03,309.3521,212.7325,150.1781,172.3169,263.1234,252.8209,264.5859,180.6084,216.5122,195.2233,258.4009,124.9746,192.6856,475.9399,185.721,127.992
2019-04-04,308.2271,210.8331,150.8337,173.4546,264.2243,254.364,266.6383,181.5453,217.8726,195.9291,259.1221,125.5763,193.1017,464.7618,186.4808,128.0049
2019-04-05,306.5848,208.9355,151.268,173.0015,262.6333,253.4415,265.4612,181.3074,215.8716,195.431,256.6086,126.7237,193.1768,459.9411,186.1184,128.1264
2019-04-08,309.7264,212.9733,152.3321,174.4613,266.943,256.5092,268.5057,183.3795,219.8178,197.3407,258.7797,127.1709,194.6257,461.2875,187.5926,128.1319
2019-04-09,302.0633,210.4277,152.2916,173.5046,264.0806,253.591,265.1131,182.9129,217.7422,197.0455,259.7707,129.1555,191.8703,455.7028,187.0213,128.0866
2019-04-10,300.4818,207.0065,152.3127,173.3984,262.625,252.3905,263.9053,183.0761,217.6544,197.5866,257.7597,128.3097,191.6431,448.2958,187.1619,128.0141
2019-04-11,301.3767,206.9584,151.8682,173.9496,264.4057,253.814,265.8331,182.6497,217.8106,197.953,257.857,127.7989,191.1568,448.591,187.6249,127.9584
2019-04-12,299.7151,206.5564,152.1621,174.6532,265.4526,253.6639,266.4179,183.0985,219.155,198.7329,257.6945,126.9555,192.3915,442.7782,187.8953,127.9666
2019-04-15,299.9813,208.5813,152.6807,175.9556,269.5421,255.5637,268.1617,183.582,220.8634,198.9938,259.4606,127.5918,194.0921,440.1577,188.2424,127.9967
2019-04-16,306.4693,211.8916,152.7353,176.0629,271.684,257.2564,270.9564,184.6696,221.5059,199.602,261.4705,128.2815,197.6192,449.9501,188.7631,128.0562
2019-04-17,302.5071,213.1261,152.5515,176.0163,274.9102,257.4779,271.0706,184.8393,222.8266,200.2661,260.6369,126.6878,195.1038,439.7167,188.4601,128.1313
2019-04-18,302.4367,212.6518,152.0303,175.3567,272.3336,257.3041,272.2391,184.0884,221.8843,199.6955,260.9263,126.4433,193.5689,440.6317,187.9602,128.1303
2019-04-19,296.8233,211.8846,152.5055,175.6482,270.852,256.552,273.1123,185.054,221.8564,200.1291,261.2534,124.6013,195.1024,437.3645,187.7715,128.1079
2019-04-22,297.2393,212.6885,152.8411,175.8976,271.6308,257.5001,274.4571,185.065,220.6512,200.2661,261.4924,125.0304,197.0264,442.9911,187.5467,128.1571
2019-04-23,297.0239,213.0773,152.9856,176.334,270.5121,256.6365,275.5735,185.3874,222.3987,201.3466,264.022,125.6096,196.9672,449.5511,186.9687,128.1729
2019-04-24,299.243,216.1753,153.1894,176.0842,273.7921,259.2734,277.447,186.6587,221.5959,201.6574,265.0886,126.8229,198.8186,455.4073,186.6408,128.2086
2019-04-25,296.5617,215.0775,152.7751,175.8587,273.4289,260.0522,278.3735,186.6419,221.3206,201.3309,265.1419,128.1654,197.8217,446.1199,185.6534,128.1977
2019-04-26,299.8367,217.3024,153.0434,176.6712,278.2099,262.2487,280.8137,187.1275,223.2903,202.5052,266.3405,128.6417,197.9698,447.6505,185.4333,128.2201
2019-04-29,304.7252,219.6671,152.6603,176.4195,279.2047,262.1938,281.0298,187.1758,226.1024,202.0821,267.7085,127.4112,199.4293,446.4378,184.8145,128.1956
2019-04-30,306.6914,218.4252,153.3246,176.5182,278.9986,260.534,279.2625,188.5885,226.3565,202.3317,268.7141,127.4179,202.0854,450.8308,185.1769,128.0839
2019-05-01,300.4818,218.765,154.4646,177.9913,280.0669,263.6884,283.2681,189.6149,226.6421,203.0548,268.0332,130.1275,199.1683,445.0063,185.3382,128.0581
2019-05-02,305.2402,221.6979,154.4986,178.0128,282.299,264.9176,284.1678,190.0189,228.4203,203.5601,271.4056,129.382,199.872,454.6967,185.0076,128.0865
2019-05-03,309.7851,222.0128,155.0029,177.6299,280.6382,262.539,281.864,190.3398,228.6948,203.6306,274.8242,129.6976,204.1742,462.2895,185.8638,128.0831
2019-05-06,311.6046,222.2665,155.1987,178.414,281.8621,263.1891,283.7415,190.9326,228.6274,203.8158,273.1712,129.8896,208.0499,463.5325,186.232,128.0684
2019-05-07,316.0919,224.1113,154.7772,178.239,282.1879,265.9871,286.0779,191.4037,229.034,203.729,275.6747,128.4565,208.0278,471.9101,186.9266,128.1575
2019-05-08,312.9494,224.2756,155.3291,178.8006,282.7778,264.7855,284.2554,190.6586,229.3608,203.5203,277.0908,127.3915,208.4048,470.4907,187.2447,128.2383
2019-05-09,319.2893,224.1887,155.4076,178.9113,283.3789,265.8785,284.9849,191.295,228.9357,203.1809,279.0423,127.5754,209.7046,483.8086,187.356,128.2752
2019-05-10,312.5224,218.688,154.6968,178.1775,279.5708,264.036,282.2112,189.5694,225.5491,202.2304,274.5058,125.4799,207.2016,476.5246,186.3111,128.3943
2019-05-13,304.2072,214.5745,154.5162,178.3459,278.2479,263.3805,281.6803,189.4159,225.9944,202.3794,272.0044,124.563,205.8022,452.2465,185.7217,128.4441
2019-05-14,303.6764,214.444,153.8869,177.3198,278.0298,263.2581,281.3958,189.0689,224.4641,203.1843,271.0546,123.4004,203.0202,454.0761,186.5063,128.4456
2019-05-15,308.7102,218.4379,153.8812,177.5677,281.1114,264.4686,282.616,190.1986,227.5726,203.0779,272.1806,121.2658,203.6967,458.1578,186.7872,128.4674
2019-05-16,302.7353,214.6123,154.3769,177.8039,280.8128,263.3438,282.0077,190.951,227.3177,203.2949,272.0768,118.0631,203.4627,450.8013,185.7526,128.4277
2019-05-17,304.2027,217.014,154.2217,178.0365,281.4626,263.6696,282.221,190.0591,229.8011,204.1447,274.675,118.6249,201.9365,454.1538,185.6829,128.4005
2019-05-20,305.9742,217.609,154.5531,178.8741,283.7373,262.5184,280.6893,190.2747,231.9299,204.4087,276.7688,118.4384,203.6797,459.2661,185.3397,128.4281
2019-05-21,306.4665,217.3771,153.8326,179.1587,287.1262,265.0283,282.5675,190.1267,232.5498,204.8555,274.3679,117.0744,203.1552,451.5998,184.8506,128.5322
2019-05-22,299.8548,213.5393,154.4562,179.8603,284.698,265.6153,284.1129,191.3683,230.8901,205.2289,274.4538,118.3407,203.0873,449.7868,184.1554,128.4978
2019-05-23,296.6315,211.0822,154.4892,180.3656,283.9189,265.9446,285.3053,192.0973,231.503,205.0542,274.1066,118.4096,202.2958,443.0519,183.0633,128.484
2019-05-24,298.7566,212.4711,154.1962,180.0495,282.1432,266.7071,286.2067,191.9355,233.2124,204.2554,275.6865,116.5345,200.1888,444.9114,183.2506,128.4624
2019-05-27,298.0496,212.569,153.792,179.12,282.7885,265.9695,285.0548,191.2311,231.9726,204.285,274.8131,116.316,198.5242,439.8603,183.6744,128.4265
2019-05-28,297.3858,210.5381,153.6155,179.8032,285.5417,269.4545,288.1669,192.2905,232.5117,204.571,270.4286,114.8805,198.0645,429.6768,182.5419,128.4493
2019-05-29,298.1784,209.0098,153.7852,179.2866,282.6676,267.9226,286.8344,191.2162,231.6579,203.8898,271.9211,115.5937,195.0032,433.9269,182.32,128.4294
2019-05-30,290.2328,204.7377,153.9257,179.4467,280.5929,267.1107,287.0872,191.9091,229.7509,203.9887,269.8492,116.5538,192.4884,424.4059,181.8563,128.4773
2019-05-31,285.2621,201.5915,153.52,179.0374,275.5371,265.0925,285.4001,190.8991,227.8821,202.2706,267.5488,118.0356,190.6472,416.1472,181.4784,128.4864
2019-06-03,285.8508,201.027,152.571,177.9633,275.3507,264.5904,285.9272,190.199,227.3559,201.6576,268.5683,117.7067,187.9702,412.3946,180.679,128.4736
2019-06-04,281.2627,202.1131,153.025,178.2961,279.2234,263.682,286.2263,191.3876,227.4034,202.5752,266.9961,119.6805,185.6944,407.4688,180.4047,128.5387
2019-06-05,281.9616,202.0121,153.0364,178.9123,281.4992,263.7595,286.3188,190.9183,229.1824,203.1287,267.5759,120.2024,184.7866,400.7267,181.1633,128.5308
2019-06-06,279.7053,203.2576,153.8034,180.3596,282.3369,265.9131,285.1802,190.1389,230.7811,202.5245,272.0889,120.3263,185.7029,398.6607,182.6921,128.4751
2019-06-07,277.8572,202.2944,154.2393,180.648,282.4237,266.0407,285.941,190.6977,231.2027,202.6924,273.2705,118.2294,184.664,400.9662,181.7363,128.4953
2019-06-10,278.1363,202.148,153.6135,180.076,280.0107,266.4011,287.0048,190.4474,231.2562,201.2984,274.0562,117.1316,183.7924,398.7967,181.2327,128.5139
2019-06-11,276.324,200.8407,152.8065,178.894,276.9086,263.9184,284.5203,189.3704,229.7903,199.6523,273.7972,116.1387,183.926,395.5466,180.1977,128.4915
2019-06-12,278.8786,202.1729,152.6903,178.6355,276.5462,264.5719,285.6204,189.6905,232.273,199.7781,276.4538,115.892,184.7453,391.9133,179.9879,128.4759
2019-06-13,282.851,204.7823,152.4861,178.5281,277.3898,265.7569,286.2096,190.4185,234.3837,200.2408,278.9431,115.8202,186.5323,397.0627,180.0599,128.4567
2019-06-14,288.3476,205.6185,152.4083,178.8284,282.434,268.1488,286.6678,191.4094,235.7887,200.8078,280.4775,116.4875,185.8874,401.0522,179.8153,128.5494
2019-06-17,288.6073,204.9555,152.0916,178.6177,281.5326,268.3896,287.2737,191.2409,235.459,200.7553,280.2335,117.0024,184.2295,404.0257,179.1712,128.4893
2019-06-18,283.7643,203.9152,152.3678,178.7727,280.8362,267.9997,285.4083,190.4646,235.0851,200.71,281.1457,117.94,183.0849,398.7296,179.0041,128.5242
2019-06-19,286.5289,204.1127,152.017,178.6643,281.8677,270.1112,286.089,190.8976,235.377,200.582,279.9555,118.8994,181.4411,397.2226,179.6676,128.5358
2019-06-20,284.3993,203.8692,151.1885,177.4468,280.1656,266.9788,284.322,189.5764,232.5929,199.693,278.6273,118.6897,181.5339,397.7309,179.1357,128.5067
2019-06-21,287.3857,206.4846,151.1293,177.3956,280.0529,266.8853,285.0921,189.3331,232.413,200.153,278.0507,120.2294,183.9287,405.0589,179.5453,128.5612
2019-06-24,285.4041,205.7338,151.218,177.5649,280.3225,267.4457,286.2979,189.2921,231.448,200.2065,277.3287,120.1844,182.7072,400.2422,180.4808,128.6225
2019-06-25,285.2354,206.1756,151.3816,178.2333,282.5304,270.19,287.7603,190.0135,233.4059,200.7938,278.2219,118.362,180.4263,397.9548,181.1438,128.6418
2019-06-26,284.6051,205.4599,151.125,178.0627,280.3397,267.111,287.1238,189.2066,233.1587,200.1355,278.9217,117.7722,179.514,400.6122,180.9675,128.6722
2019-06-27,290.1425,207.3376,151.084,177.0951,278.838,265.4807,284.5616,188.7396,232.067,199.7229,283.2099,119.6205,182.6547,416.0008,180.7612,128.6898
2019-06-28,284.1943,203.059,151.6579,177.3133,277.3046,264.0503,283.9805,189.2372,229.9922,199.7876,279.0889,118.1974,182.1999,407.9979,180.6243,128.7397
2019-07-01,293.5998,206.7971,152.66,179.3565,283.0235,268.2599,286.2122,190.7553,235.6212,201.5173,284.746,120.349,184.8814,416.1579,181.932,128.7168
2019-07-02,292.0612,205.2212,153.1397,179.9541,281.1631,269.4778,287.5149,190.988,235.757,202.4481,286.4348,120.708,184.918,416.3597,182.5486,128.8094
2019-07-03,296.9153,206.1485,153.5128,180.3004,281.7703,270.4084,289.9706,192.7954,238.0739,202.4913,286.8883,120.3692,185.937,417.4044,182.8852,128.775
2019-07-04,301.5201,210.2134,152.671,179.7812,283.7389,272.9584,290.7605,191.9538,237.8469,202.0657,284.7995,120.1823,185.2278,421.17,184.0738,128.8175
2019-07-05,300.0602,208.5625,152.6904,179.581,281.9806,272.9006,292.1587,193.3377,237.3985,201.8178,284.5965,121.5144,186.5761,415.9964,183.0766,128.8796
2019-07-08,301.0092,209.3337,152.3903,178.6287,282.2671,273.1032,290.2973,193.0178,237.0022,200.9604,284.6842,120.5745,185.7659,412.8366,183.1344,128.9141
2019-07-09,297.3577,208.8175,153.227,179.2339,282.0979,272.3041,287.3164,193.0227,235.6744,200.6223,285.6147,120.4993,185.869,419.9553,183.6635,128.9764
2019-07-10,301.2473,213.1281,152.7163,178.6121,281.4026,271.1827,288.8364,193.0414,236.7676,199.4169,286.1286,121.5848,185.1171,425.2514,183.7561,129.0306
2019-07-11,299.0094,213.7552,152.8998,178.2509,279.653,271.1075,288.9855,193.1538,236.7135,199.9618,285.2555,122.7132,183.5205,424.6488,183.6973,128.9998
2019-07-12,298.6996,213.0684,153.1691,178.3978,278.5171,271.395,290.0574,193.7151,236.6401,200.256,283.4107,120.4538,183.356,422.8792,185.0099,129.0362
2019-07-15,290.9134,208.2184,153.6195,178.442,273.5813,269.2065,289.7104,193.2068,233.3139,198.8946,281.6359,120.4314,183.873,415.3579,183.9966,129.0629
2019-07-16,290.548,208.3288,154.0253,178.5166,271.0054,266.6398,288.6273,192.4111,231.9935,197.9846,282.9141,121.9383,185.4351,419.6925,184.6488,129.1189
2019-07-17,290.7473,209.6304,152.9298,177.7288,271.8704,267.5297,288.4206,191.7456,232.0052,197.0559,280.9343,121.039,184.1261,414.2806,183.9649,129.1887
2019-07-18,282.9015,205.1816,152.8807,177.7451,269.7741,265.7587,286.149,190.8041,229.3073,196.6431,275.7582,119.5212,183.2596,405.3534,183.3063,129.1478
2019-07-19,286.9611,205.869,152.6966,178.1441,270.824,265.4707,287.0517,190.2167,229.4429,196.6794,275.4575,118.3787,186.0227,409.7544,184.022,129.1276
2019-07-22,284.4198,204.1152,152.9114,177.9425,268.5613,262.6845,285.4357,190.582,229.5448,195.9648,275.1365,118.6962,184.1141,406.6703,183.6953,129.1974
2019-07-23,281.1155,203.5735,153.0207,177.7907,266.4466,261.448,284.6433,189.43,227.1923,195.6498,273.8934,119.4693,185.3537,405.3934,184.113,129.1956
2019-07-24,280.6478,202.3732,152.6926,177.9204,268.3754,262.0259,283.727,188.7404,226.5357,196.139,271.2935,119.7652,185.7009,402.918,183.281,129.1681
2019-07-25,278.2602,200.8824,152.3969,177.4878,270.6078,260.1599,282.0015,188.1543,224.3575,196.5388,269.5697,119.0164,185.4306,400.7404,183.0086,129.0893
2019-07-26,274.6207,199.1149,152.8223,177.6809,268.1461,259.9481,281.9286,188.0023,222.9912,197.0719,267.8622,118.0282,185.6796,402.2293,183.0118,129.0423
2019-07-29,274.1801,200.7158,153.0087,177.4134,267.7303,259.4967,282.0068,187.5518,221.2102,196.6606,266.9488,118.8073,185.3815,408.4803,183.3878,129.0869
2019-07-30,276.196,202.7039,152.7018,176.7944,267.6885,257.8675,279.9794,186.9232,221.3337,195.8143,265.2964,119.3789,185.1245,410.1649,183.3951,129.1701
2019-07-31,274.8963,204.2541,152.3928,176.7957,270.3841,259.443,279.9756,186.5306,221.556,195.5768,266.6794,120.1241,181.3336,410.5932,183.0273,129.1932
2019-08-01,271.2612,202.6785,152.6162,177.084,270.2362,258.5424,280.746,186.9756,221.7464,195.9744,266.535,120.7223,180.0082,405.918,182.1233,129.1761
2019-08-02,273.5456,203.8448,152.8982,177.6473,270.867,259.1362,281.8861,187.393,223.7545,197.0351,265.4546,122.5573,181.8025,402.4102,182.5414,129.2277
2019-08-05,274.244,206.9968,152.6489,177.6535,271.4323,258.4646,281.503,186.9655,225.2061,196.9546,268.4022,122.2466,182.6104,409.1661,182.2209,129.286
2019-08-06,272.4856,206.0149,153.2018,179.1646,273.3659,261.2289,284.1708,188.5804,226.1092,197.978,268.5106,124.3588,183.2996,408.999,181.6662,129.2932
2019-08-07,268.2098,202.8652,152.7508,178.9074,271.3721,260.4191,284.3673,188.4763,224.9053,197.7311,267.1396,124.0168,179.361,404.1588,181.2671,129.2793
2019-08-08,268.6491,205.8808,152.1726,177.7115,270.8535,258.8504,281.7374,187.6723,224.321,196.217,268.1214,120.8296,179.3595,405.2258,182.7316,129.3689
2019-08-09,262.6494,203.6322,152.783,178.7125,272.0557,259.3279,282.6528,188.8095,223.9753,196.8663,269.2743,119.0986,179.8611,403.8305,181.747,129.4143
2019-08-12,271.627,208.1446,153.0922,179.4177,276.7317,262.069,283.2649,189.8383,227.3051,197.5707,269.3929,120.8044,182.194,412.5065,182.155,129.4092
2019-08-13,272.5839,208.0158,152.6856,179.3417,277.1892,262.8212,283.2075,189.4399,226.7415,197.2433,267.9237,121.2307,182.6204,413.2859,181.6506,129.3986
2019-08-14,273.0842,207.2701,151.9437,178.7785,276.5032,261.77,283.564,188.5737,227.5253,197.2577,266.3507,119.6708,181.1461,404.1035,181.9493,129.476
2019-08-15,279.8126,209.0082,152.2528,179.8371,277.96,262.4864,284.4884,189.122,230.7624,197.6786,268.8254,118.8679,182.6029,413.5116,183.1546,129.4538
2019-08-16,281.1299,209.1541,152.6482,179.9309,278.2859,263.2714,284.5542,190.119,232.2075,198.2883,271.0013,119.1654,183.1912,410.9654,183.9428,129.4416
2019-08-19,288.1986,209.6631,152.256,180.1399,279.6737,263.2831,283.5128,189.7616,233.8836,197.8635,272.2042,119.834,185.911,415.1719,183.7708,129.4413
2019-08-20,288.4417,209.1986,152.4658,180.2742,276.2365,263.7711,285.2324,190.6302,233.1878,196.9925,273.744,120.6964,186.8892,416.4879,185.1083,129.3957
2019-08-21,287.6479,208.5823,152.1466,179.4469,272.3028,261.6881,283.6674,189.55,232.1715,197.0324,273.9904,119.6908,185.7382,417.7543,186.6538,129.5298
2019-08-22,283.149,206.451,151.5566,178.9318,270.6049,259.8574,282.082,188.5941,230.5151,196.3604,271.7322,120.1644,185.1653,409.3413,185.9115,129.55
2019-08-23,281.1152,206.3816,151.0399,177.4425,267.9176,256.8593,279.548,188.2557,228.5597,195.2728,270.3177,121.0175,184.915,404.3267,185.9611,129.6133
2019-08-26,280.0584,208.788,150.3231,176.665,267.8597,256.1636,278.8662,187.3356,228.2069,195.2281,271.7873,122.1435,183.5539,409.3694,184.9702,129.5892
2019-08-27,279.484,208.581,150.2632,176.4789,267.8014,255.9636,279.2716,187.3252,227.8818,195.9908,272.7048,119.7843,184.3277,410.1332,185.6183,129.6463
2019-08-28,281.8999,211.015,149.5785,175.7611,266.9624,255.9876,280.5386,186.8701,228.4305,195.9572,275.1332,119.9797,185.0267,414.7205,185.1645,129.6622
2019-08-29,280.9202,208.4932,149.2703,176.0629,268.6448,256.1852,282.3465,187.3109,228.4071,196.2813,271.6047,117.865,182.8961,405.3652,185.787,129.591
2019-08-30,283.0266,208.6926,148.9337,176.439,268.5079,257.1764,283.5906,186.8983,229.691,196.0855,272.8433,118.4155,182.7508,404.9337,185.8383,129.5505
2019-09-02,286.4677,209.4641,148.549,176.3588,267.4059,258.4305,287.0205,187.3157,230.4417,196.2318,275.0577,118.266,183.1864,409.8319,185.6958,129.5771
2019-09-03,286.5749,207.6964,148.4412,175.5782,263.6382,256.1592,284.9419,186.8406,230.0332,196.0898,275.1359,119.963,182.5879,411.6726,184.6892,129.6628
2019-09-04,287.3637,205.5691,148.1009,175.0676,263.9652,256.2364,283.0636,186.3518,229.8611,195.8292,277.51,119.6282,179.9452,411.7843,183.99,129.7188
2019-09-05,296.3439,207.9542,147.8685,175.0487,265.4866,257.5533,285.1021,186.4287,230.238,195.7004,278.288,121.9485,183.9798,417.2008,184.5441,129.7356
2019-09-06,297.6112,207.4623,147.5768,173.885,263.6577,255.574,281.0254,185.5217,228.4934,195.391,276.7961,123.6501,185.2792,415.6645,185.1713,129.7649
2019-09-09,299.7615,208.0258,147.8138,174.5281,263.4729,255.9727,282.3564,186.1228,229.7357,194.8588,277.3298,125.1612,185.9422,415.2151,185.6379,129.7397
2019-09-10,296.6543,206.9035,147.3299,173.5265,260.9236,254.4193,280.3988,185.8739,229.3018,194.1617,278.8156,123.8881,185.1011,409.2281,185.4864,129.8103
2019-09-11,304.2009,211.0583,147.6804,174.4766,263.3983,256.3955,282.234,186.6791,232.0626,194.2769,283.0666,124.435,189.4129,416.1685,187.3929,129.7254
2019-09-12,301.8674,207.3376,147.6331,174.0346,260.6095,254.0743,281.6559,186.477,229.9139,193.9655,282.7492,125.3761,189.3822,413.9835,186.708,129.7096
2019-09-13,300.5352,204.9074,147.0851,173.5534,259.4207,252.2826,279.6154,185.323,229.4749,193.1968,280.6938,124.9374,188.5004,400.0399,187.7272,129.7148
2019-09-16,296.0,203.7841,147.433,173.8909,257.5651,251.0091,278.5114,184.621,229.1017,193.6183,281.2482,124.4317,189.1927,399.8854,187.5667,129.7067
2019-09-17,299.1312,204.1984,147.6583,174.3293,262.0882,253.518,279.5352,185.824,228.6357,194.5645,282.2832,126.1048,188.1524,410.0495,186.8122,129.7571
2019-09-18,299.6924,205.043,148.0547,175.3723,264.7694,255.1552,281.5639,186.7917,230.0977,195.4126,282.8653,126.1107,186.6212,414.1365,187.0846,129.7764
2019-09-19,297.5856,202.4028,148.289,176.2787,264.5838,255.1463,283.3287,187.2394,230.9798,195.5577,284.1289,125.3709,186.3425,407.5014,187.315,129.8311
2019-09-20,289.9714,199.0901,148.4348,176.0365,262.4307,253.4393,280.5325,186.579,230.0202,195.4498,282.8963,124.9731,185.1734,395.401,186.7808,129.8377
2019-09-23,285.0203,195.6646,148.5086,176.239,261.1165,253.0272,279.6287,185.9148,228.2071,195.2248,280.1642,124.8321,186.3924,385.649,186.2254,129.8669
2019-09-24,284.7303,195.486,148.4212,176.7731,264.5004,252.7307,278.5872,185.6619,228.6994,195.3743,279.5456,123.2932,187.5853,383.8799,185.7834,129.8576
2019-09-25,292.6389,198.5596,147.6849,175.9666,267.0412,255.0996,279.9786,185.9225,230.4782,195.5202,280.5344,122.8363,187.6287,387.2618,185.4461,129.873
2019-09-26,289.0517,197.6165,146.9159,174.9063,265.4718,253.3669,278.0199,185.4091,229.104,194.0096,279.3783,123.5032,187.0213,379.1967,184.0991,129.911
2019-09-27,294.216,198.2703,146.31,174.2586,264.2069,254.1451,279.0223,185.2917,229.4564,193.9907,277.4366,123.3104,190.0043,377.1772,184.2945,129.9205
2019-09-30,300.8595,201.0763,145.56,174.1966,267.1334,255.7301,281.5764,184.9641,230.558,194.9894,278.5022,124.6304,190.1759,384.2217,184.2218,130.0262
2019-10-01,293.0052,198.1205,145.9498,173.9362,262.9953,252.5028,279.8105,184.3232,228.207,195.3692,276.2649,126.1925,190.4988,377.5136,184.1743,130.0917
2019-10-02,297.5294,201.7736,146.1038,173.1592,263.774,252.8009,278.4803,184.7177,229.6815,195.7542,279.4686,125.2752,190.7863,386.5395,184.4932,130.0853
2019-10-03,299.143,203.24,146.3555,173.4083,265.0838,255.4564,280.593,185.6127,229.5077,196.5679,280.5025,124.9243,190.1047,395.0365,185.1304,130.0165
2019-10-04,310.8159,211.0643,146.5646,173.2731,269.2125,257.1948,283.6124,186.8104,232.3143,197.7492,284.2056,125.9151,193.9677,409.4531,186.3504,130.0511
2019-10-07,311.853,212.4516,146.1561,172.5311,267.7477,255.1922,282.8962,186.1471,232.7208,198.0102,284.0009,126.7159,191.8883,409.5555,187.2278,130.0884
2019-10-08,315.2073,214.4194,146.4887,172.9213,268.3372,254.7139,282.5798,186.25,234.3728,198.16,284.534,127.5501,194.2032,411.9225,187.7467,130.1033
2019-10-09,323.015,218.5768,146.4236,174.1487,274.1002,259.0201,285.1195,186.4119,236.6797,198.5785,287.0061,127.393,198.0211,422.4542,187.3773,130.0716
2019-10-10,319.8539,217.3171,147.4336,175.5556,274.2147,261.2628,286.6821,186.9639,235.3902,199.4267,285.9542,128.5211,197.8948,423.462,189.6528,130.1015
2019-10-11,322.072,217.2729,147.8692,176.3906,275.3672,263.2357,288.3607,187.7758,235.5446,199.9649,283.875,126.3971,200.2366,431.9569,189.2481,130.0732
2019-10-14,323.0676,218.8589,147.6507,176.0537,275.2099,264.1827,289.9448,187.7521,235.3243,200.0448,283.5922,124.4499,198.3436,435.6908,190.2351,130.0552
2019-10-15,316.285,215.2534,147.6878,176.2378,275.3573,264.3447,290.9145,188.0311,233.2505,200.706,278.9666,123.6382,195.6143,431.789,188.803,130.0992
2019-10-16,306.6202,210.5887,147.5485,175.7098,271.5518,261.2654,287.9696,186.3828,231.1528,200.0343,278.5758,123.5996,192.7387,420.6698,187.4008,130.134
2019-10-17,304.6128,209.033,147.71,175.3783,271.1357,261.6813,287.5799,186.6828,229.4984,198.9878,276.5911,125.1072,190.9927,416.2472,186.4536,130.1123
2019-10-18,303.0039,207.9707,146.9996,174.5646,266.176,259.7339,286.2862,185.0012,228.9723,197.9512,276.5157,123.3773,189.6187,415.3666,186.4907,130.1378
2019-10-21,299.5665,208.6867,146.5528,173.9122,266.464,260.109,287.9113,185.2582,230.0269,198.5194,276.6751,122.6574,186.9641,406.4486,185.4925,130.1337
2019-10-22,297.5602,209.0356,146.401,174.6787,268.4957,260.9402,290.2467,185.6885,230.1669,199.1796,274.862,122.2696,186.3664,406.3286,185.7361,130.1273
2019-10-23,297.0447,209.0683,146.5746,175.1249,265.7763,261.2956,290.3958,184.9311,230.4655,199.3721,276.7383,123.0578,187.9751,408.408,186.5887,130.0684
2019-10-24,293.2734,207.2189,146.6639,175.6702,265.5791,260.1768,290.1105,184.422,230.7113,199.8907,274.1205,121.2461,188.5491,403.0702,186.1722,129.9389
2019-10-25,292.8991,208.2677,146.8377,175.566,265.3834,260.9307,289.5186,184.2917,230.618,199.4822,274.5919,118.5844,189.2007,405.0012,186.6554,129.9895
2019-10-28,300.3935,213.3446,146.481,174.7389,266.0884,261.3723,290.1383,184.6279,231.1212,199.6112,271.7896,119.6756,193.9904,408.7591,187.4948,130.0445
2019-10-29,302.7705,212.9323,146.5933,174.8734,264.8566,262.6461,290.7405,184.9843,231.8835,199.1164,273.793,119.4727,194.7381,409.5027,187.8203,130.0525
2019-10-30,307.9959,216.8001,146.5841,174.6306,266.2932,263.9883,291.8642,185.4486,233.9518,199.8746,273.2865,118.0367,196.9834,412.4526,188.2519,130.1721
2019-10-31,304.3832,215.6196,147.2636,174.7647,264.6181,263.9617,291.0805,185.5685,233.5752,199.9122,273.3371,117.1504,195.8654,408.3889,189.3707,130.156
2019-11-01,307.6246,217.7428,146.5923,173.9363,262.7738,264.4883,292.3869,184.8987,232.3672,199.4529,274.4858,116.8433,196.4149,416.2058,190.0007,130.2154
2019-11-04,309.1985,218.7083,145.7026,172.882,261.1956,263.8267,291.8864,183.6246,229.1386,198.5282,269.2594,117.5159,198.6877,421.104,189.0088,130.1896
2019-11-05,307.3679,218.803,145.1965,172.143,259.755,263.13,291.7641,182.5043,227.5233,197.438,268.9431,119.25,198.2393,417.3612,187.9106,130.1717
2019-11-06,315.6822,225.5946,145.8186,172.663,261.5626,266.6548,295.4785,183.672,230.3129,198.1225,274.5208,120.092,200.4703,430.4996,190.0361,130.1279
2019-11-07,309.6998,225.1892,146.1844,173.5732,263.3483,268.8432,297.8741,184.2788,230.7143,199.3563,275.0763,119.2583,200.3378,425.4841,189.7424,130.1057
2019-11-08,310.4426,228.6816,145.8888,172.5808,261.5387,266.8891,296.1292,183.4866,230.3033,198.4726,275.082,121.2421,200.0907,430.1622,189.4213,130.1415
2019-11-11,307.1334,228.5548,145.5242,172.0363,259.7193,266.3152,295.0508,183.1519,230.2513,197.9896,274.2178,119.0031,199.0201,424.2287,189.8592,130.1411
2019-11-12,311.0288,232.7835,145.9312,173.406,262.4684,269.129,297.5405,183.5261,233.978,198.9274,276.7031,121.3297,201.4794,426.9474,189.9222,130.3033
2019-11-13,313.831,232.5646,146.3838,174.4821,265.4778,272.2732,297.8251,183.8289,235.0915,199.2376,278.1734,120.305,202.4565,430.2967,190.2548,130.4018
2019-11-14,309.7684,231.8766,146.3876,173.6765,262.5664,269.4252,293.8802,183.4263,234.6156,198.5049,277.5083,119.6052,201.8598,427.4303,189.9451,130.4201
2019-11-15,304.3794,229.8477,146.3554,173.4489,260.9726,268.0195,292.0064,182.124,233.227,198.2344,276.5523,118.7919,200.4146,425.406,188.757,130.4068
2019-11-18,309.866,232.9611,145.98,172.8878,262.7538,268.356,292.682,183.0469,234.5168,198.5083,278.6572,117.762,198.895,436.626,188.9062,130.4384
2019-11-19,311.7183,234.2061,146.8724,173.95,265.728,269.8588,293.7494,184.172,237.7257,200.1403,280.3852,118.4915,199.2034,436.3496,188.9506,130.5338
2019-11-20,310.8206,232.3718,146.6032,174.1748,266.7681,271.2916,294.6815,184.4193,236.5643,198.8767,278.9627,118.9192,200.7358,428.5857,188.046,130.4325
2019-11-21,313.0299,232.4725,146.56,174.2504,266.8615,272.4797,296.1756,184.4377,237.0107,198.9131,279.1424,118.608,200.1922,427.4169,188.6708,130.3906
2019-11-22,314.1951,233.1286,146.7407,174.254,266.772,272.9865,297.0622,185.464,236.7572,199.3981,276.6652,119.2334,203.2756,429.0156,188.3621,130.4809
2019-11-25,317.618,235.5416,145.853,174.3435,269.2621,276.0794,299.8041,185.4956,237.5416,199.3652,275.2034,120.432,203.2789,427.621,188.1208,130.5329
2019-11-26,312.7402,232.6259,145.697,173.7478,269.7966,275.5707,299.4138,186.219,235.1069,198.7181,272.9204,117.7029,201.2566,418.3322,188.6886,130.5225
2019-11-27,312.7329,233.2509,145.6476,174.3696,268.2034,276.2436,298.9358,184.6077,235.7133,198.2986,274.5921,118.0818,200.1381,421.1693,189.7852,130.6198
2019-11-28,312.4475,233.6235,145.8559,174.4445,269.9334,277.2535,299.2665,185.3308,235.6891,198.0115,272.9576,117.6417,198.6381,421.4608,189.1056,130.6438
2019-11-29,314.3452,237.2972,146.6789,174.5497,271.3448,276.2107,298.2783,185.7157,235.0999,198.2091,276.7494,120.218,199.5945,430.2831,191.2521,130.6911
2019-12-02,315.5644,237.2339,146.199,173.7396,271.5376,275.7748,296.8768,184.7516,234.3167,198.2448,276.3938,119.2758,197.2355,430.6227,191.7247,130.7235
2019-12-03,308.3542,234.0845,146.1551,173.1139,267.4497,273.9713,295.3222,184.0941,231.357,197.7522,276.1469,119.3535,196.1981,425.4334,191.9274,130.7735
2019-12-04,306.6859,237.6847,146.2732,172.5831,268.4306,275.2236,295.2742,185.3706,232.3383,197.7641,276.5388,118.4486,197.9541,420.2645,192.0568,130.764
2019-12-05,307.3059,237.4701,145.7717,171.362,265.8206,273.769,293.6329,184.3225,230.1024,197.2521,277.5895,118.1417,197.8472,423.1959,192.9453,130.7978
2019-12-06,308.0061,237.9489,145.7343,171.3737,264.493,274.9452,292.9301,184.0142,231.145,196.5648,278.4444,116.5324,196.5194,425.6018,193.0714,130.7549
2019-12-09,310.8717,238.2562,146.7381,172.3068,266.4773,277.22,294.6359,185.0829,230.6237,198.2662,277.4052,117.2159,200.5295,432.4247,194.1382,130.7243
2019-12-10,310.2079,238.5517,147.1454,172.4493,267.0581,276.1036,294.0587,185.7114,231.8126,199.4179,279.1116,116.3431,202.7517,433.2898,193.8818,130.7489
2019-12-11,312.3738,239.4183,147.7592,172.7377,265.9409,275.5646,294.638,186.3048,232.9239,199.1909,283.5867,118.4667,202.923,443.7037,192.7878,130.7631
2019-12-12,313.7461,239.7059,147.9061,173.3346,267.7018,275.7613,296.1689,187.2298,235.2942,199.5632,285.8283,116.558,203.269,443.0358,192.8088,130.7296
2019-12-13,317.5846,241.1759,147.7579,173.2564,266.2034,278.2443,296.7562,187.369,237.8677,199.2865,286.0077,115.8429,201.0282,444.05,193.0026,130.8223
2019-12-16,321.3732,244.4854,147.17,171.8041,265.6049,277.1497,295.082,186.7852,236.077,198.4551,286.6954,116.3134,202.1177,454.788,192.5599,130.8157
2019-12-17,324.3833,244.9912,146.9609,171.4499,266.3684,276.6428,295.2731,186.5107,235.39,198.8138,286.8537,117.5014,202.9222,454.6656,193.4596,130.7949
2019-12-18,326.3008,246.9287,147.3897,171.9903,267.7627,278.2118,295.5636,187.1828,237.0362,199.5757,288.4853,119.6113,204.2165,455.8551,193.8332,130.7926
2019-12-19,331.3559,250.5223,147.5624,172.0266,271.4337,279.0779,295.0995,188.0137,239.9399,199.9275,289.3408,119.3569,204.321,454.2221,194.4963,130.7545
2019-12-20,328.0611,248.6618,147.4635,170.969,269.5897,277.8662,294.6315,188.1793,237.509,199.7124,289.3652,120.1595,203.3803,448.5912,194.3155,130.7645
2019-12-23,323.3715,244.9988,147.108,171.3167,270.1916,278.9227,296.4959,187.9931,237.1759,199.1015,286.6393,118.6092,202.6915,435.581,192.2066,130.8263
2019-12-24,318.92,241.7884,147.4149,171.728,268.997,278.617,296.3585,188.6459,236.4533,198.4555,285.6719,118.0881,203.2367,433.9537,190.3084,130.9149
2019-12-25,321.7204,242.6538,147.5987,172.2211,271.2325,279.5416,297.1221,189.4526,237.9663,199.5693,286.2397,119.5954,203.5026,437.0731,190.3071,130.9661
2019-12-26,319.7974,242.0503,147.8843,173.2249,270.2029,280.041,299.5814,189.5405,239.5729,200.0128,286.0551,118.7858,202.202,435.9806,190.6227,130.9577
2019-12-27,315.099,240.0658,147.6824,172.696,268.8383,279.1475,297.0159,188.8788,238.6987,198.8917,287.3937,118.0345,199.8525,429.1029,190.1685,131.0592
2019-12-30,308.8887,235.652,147.9274,172.9411,266.376,278.368,296.1865,188.5744,236.2429,199.2243,285.1501,117.9844,200.3047,423.1191,190.7187,131.1128
2019-12-31,307.5365,235.0632,147.5848,171.8176,266.8047,276.2586,293.586,188.0893,235.5551,199.1283,284.9621,117.048,198.1432,421.239,189.5601,131.0074
2020-01-01,297.2244,229.8274,147.7272,171.0899,262.529,273.6994,290.239,187.0008,231.0136,197.2818,284.4162,115.5322,194.0461,416.4412,189.3774,130.9748
2020-01-02,291.2605,228.106,147.7395,170.8458,258.501,272.4762,288.9608,185.9847,228.8107,196.3464,282.1129,117.6909,194.7136,410.2467,188.7179,130.9647
2020-01-03,287.6253,226.8068,147.4636,170.7754,258.8812,272.4104,289.4194,185.4931,227.1707,196.6146,278.5056,116.988,193.3896,403.4223,189.232,131.0027
2020-01-06,289.903,228.2638,147.865,171.1235,258.8174,274.3971,290.7074,185.6402,227.1914,197.8349,278.1505,116.0057,197.3143,408.3134,190.4226,131.0143
2020-01-07,287.6566,229.8844,148.6536,172.2946,259.4607,275.9029,292.9493,186.2949,227.6789,198.6184,277.6336,115.3364,201.7441,407.6829,191.2879,131.0252
2020-01-08,291.114,231.2629,148.7214,172.895,261.9888,278.2985,295.0058,186.1339,228.9662,198.6087,279.0441,114.5691,201.2538,407.4335,192.1411,131.0915
2020-01-09,291.2352,228.8325,148.8108,173.84,265.8354,280.9865,297.2516,187.0033,229.6307,199.2064,278.5392,113.5259,200.4563,400.7776,192.0277,131.1732
2020-01-10,286.8468,226.7935,148.6743,173.9662,267.199,281.4934,298.5469,187.0604,227.8967,199.5099,274.907,111.8835,198.8601,398.5051,190.6852,131.0615
2020-01-13,294.7183,231.6099,147.4328,173.062,271.2455,284.0125,301.8367,187.177,228.8975,199.8281,275.3737,110.2467,196.3132,407.7188,190.6905,131.0678
2020-01-14,288.7741,229.739,147.9785,174.0623,271.4756,284.028,300.1683,186.6997,227.313,199.5297,272.9643,111.8442,199.3517,407.0623,188.7526,131.0136
2020-01-15,285.9234,228.5127,146.9708,173.1769,272.1595,282.8274,299.0079,184.8837,224.9691,199.0503,271.1227,112.1694,194.4776,401.8209,188.7375,131.0745
2020-01-16,281.667,226.8455,146.5727,172.9465,270.0232,281.3695,298.7371,184.2624,224.5682,198.3138,271.6883,111.5518,194.334,396.8522,187.4782,131.0984
2020-01-17,277.9645,224.3157,146.1938,173.3656,269.724,281.6629,300.3274,183.6375,224.4805,198.6823,270.8375,111.4648,191.9712,399.157,184.3039,131.0731
2020-01-20,283.5907,226.0641,146.4398,173.9208,271.3736,283.3189,302.396,184.2965,226.0987,198.3734,270.8787,110.3712,192.301,402.9968,185.4024,131.1589
2020-01-21,283.9658,224.8514,145.7777,173.9503,269.8129,284.8108,303.4529,182.857,226.2238,197.8562,271.7141,110.5156,190.2197,401.5639,184.9634,131.2336
2020-01-22,280.2441,221.7497,145.7368,173.3455,264.9728,281.4188,302.2887,181.8678,224.1808,197.1914,272.6109,111.9292,188.5469,395.5435,186.1212,131.194
2020-01-23,281.4283,221.9809,146.2021,173.7997,264.1527,280.1498,301.3386,181.8459,226.1414,198.0748,275.7053,112.7276,188.3176,400.6074,186.4909,131.1925
2020-01-24,281.1623,225.2896,146.451,175.0298,266.3218,282.6787,305.6387,182.5874,228.231,198.8233,275.9464,111.6263,190.3631,399.6923,187.4375,131.1855
2020-01-27,283.1545,226.6012,146.3571,175.0133,265.3835,282.0526,305.8435,181.9831,227.9472,198.8691,276.4198,113.4968,189.9132,404.4732,188.6967,131.1115
2020-01-28,285.4887,225.1982,146.1024,175.1583,264.3146,282.3735,306.5705,181.5401,227.7076,197.5568,277.7392,115.2383,189.797,403.5759,188.3465,131.1539
2020-01-29,284.7142,227.4237,146.3286,176.0856,269.3354,284.956,309.6919,182.6225,230.4324,198.7651,279.2594,115.4502,187.4338,400.8336,187.8664,131.0694
2020-01-30,285.3278,227.5917,146.2191,175.473,266.8578,283.0899,309.1716,182.1034,230.8568,198.7373,281.8717,115.2355,187.1989,397.0875,189.413,131.0339
2020-01-31,278.0906,224.6223,146.0082,175.7318,265.9667,283.0487,309.1002,181.7283,229.9371,198.3058,279.5214,114.897,185.7186,386.9279,188.0169,131.0799
2020-02-03,280.8908,226.5068,146.4622,176.1037,268.3828,287.6093,312.1262,183.8564,231.1655,199.3702,280.6556,115.261,185.1096,389.9106,188.9992,131.0902
2020-02-04,269.2579,221.9905,145.9925,174.6644,261.3698,283.2466,306.9588,182.0957,226.4133,197.6002,277.4614,114.6619,184.25,376.8136,189.0148,131.1588
2020-02-05,268.3619,220.8825,146.1566,174.1646,258.2887,280.9544,304.9585,182.2569,225.4009,196.1274,276.1339,114.4697,184.5975,379.3591,187.8984,131.1782
2020-02-06,267.6986,219.5253,146.2224,174.1918,257.0111,282.1975,305.0219,182.8265,225.9918,195.7104,276.6067,113.6429,184.3929,375.2057,187.9385,131.1731
2020-02-07,268.408,220.311,146.4907,174.874,257.8184,283.7457,306.7876,183.3668,228.1667,196.4979,279.3772,114.5274,184.3989,371.0898,189.1668,131.1663
2020-02-10,268.5102,220.1913,146.7415,175.8391,261.1665,285.3661,310.5064,184.2573,228.6364,197.6143,277.9276,114.5274,185.0097,370.472,188.6226,131.2278
2020-02-11,266.6979,221.356,146.6263,175.8599,263.0714,285.3146,311.0093,184.0371,228.2615,197.4594,277.7927,112.9948,185.6052,368.7722,188.3627,131.2639
2020-02-12,264.0006,221.0424,146.5553,175.7456,260.4664,281.7654,310.8833,183.3594,226.8345,196.5828,276.4315,112.7669,186.0739,371.7079,187.6758,131.2898
2020-02-13,269.5713,223.1878,146.7506,175.1329,258.2981,281.837,310.6867,183.2387,227.5288,196.4601,280.3629,113.1487,189.219,378.5362,188.4145,131.3114
2020-02-14,270.6068,224.5652,145.9265,174.6476,256.5447,281.3471,312.0671,182.1004,227.1684,195.6072,279.5536,112.6619,189.0169,380.9959,187.9274,131.3642
2020-02-17,264.4228,221.3824,145.522,173.7924,255.8584,279.7729,310.3881,181.433,225.2647,195.3237,274.9482,111.3214,188.1835,367.3668,186.1997,131.2967
2020-02-18,262.1775,220.0172,145.7706,172.8165,253.9978,277.12,307.8868,181.2861,224.3778,196.0781,272.9939,109.6068,188.5979,365.9639,185.4743,131.214
2020-02-19,262.6425,219.5109,145.9255,172.8176,254.4522,276.9918,308.025,182.1243,224.9709,196.375,274.2243,108.5905,189.514,367.4147,184.7842,131.287
2020-02-20,265.8006,220.646,145.7614,172.3142,255.8227,276.8722,307.9389,182.349,224.302,196.5295,276.082,108.3823,189.4786,377.6577,184.0772,131.3391
2020-02-21,270.5274,222.1443,145.7119,171.7541,255.5664,277.8456,307.5004,182.4642,224.9778,195.7343,276.7813,108.3439,189.1054,381.9458,183.7814,131.4695
2020-02-24,272.973,224.907,145.1303,172.069,259.2891,279.4286,308.7731,182.3415,226.545,195.5213,279.1965,108.988,189.634,380.2391,183.9324,131.4191
2020-02-25,273.4704,224.8361,146.0611,173.3941,260.9623,278.5218,307.4796,183.4939,228.9431,196.63,280.3422,108.7805,191.8659,384.5916,184.3202,131.4515
2020-02-26,268.542,221.75,146.6508,173.6083,261.256,277.4939,306.4044,184.3089,226.9574,196.5274,277.6685,107.4993,192.2291,380.4169,183.9693,131.5242
2020-02-27,262.1398,219.2928,147.4803,174.4239,259.2143,278.4053,307.8576,185.3729,226.5359,196.5678,275.6339,105.5097,194.4071,372.6647,183.744,131.5816
2020-02-28,260.0251,219.225,147.2985,174.1195,261.3004,278.3729,307.1481,185.6277,225.8297,196.0007,273.0682,104.8577,192.6902,364.3092,184.1108,131.5707
2020-03-02,265.9791,220.7834,147.638,174.6597,263.9233,279.789,307.8451,187.0775,228.0347,196.3548,276.3526,105.4564,195.5235,367.263,185.1556,131.5855
2020-03-03,258.3348,214.9294,147.8577,174.7337,260.6035,277.0625,305.7516,186.7649,226.7704,196.0899,275.0947,104.3811,195.778,355.0217,184.2279,131.5862
2020-03-04,260.3516,215.489,147.0488,173.6531,260.2337,275.9298,304.6447,185.8119,226.1538,195.4069,273.0625,104.5812,197.4072,350.8492,183.3958,131.6052
2020-03-05,263.198,218.6612,147.5111,173.7192,260.8932,276.2382,304.8053,187.1686,227.1387,196.1816,278.1652,105.5528,200.2917,362.804,183.6346,131.6136
2020-03-06,255.6747,212.5994,147.5312,173.5666,257.781,272.9517,301.0895,186.3962,226.4407,195.2321,274.6841,103.9424,196.2165,350.6368,182.0087,131.6686
2020-03-09,254.1416,211.1081,147.7115,173.6938,256.5966,272.2926,300.2911,185.8164,225.9055,194.9576,274.4673,103.4365,197.421,351.2928,180.6627,131.6343
2020-03-10,251.8233,210.473,148.3475,174.1451,257.8243,271.3748,300.5804,185.6231,224.6854,194.8148,272.8616,103.0431,197.4636,350.4865,180.2695,131.607
2020-03-11,250.9578,209.9969,149.2814,174.382,257.3717,270.0039,299.2715,186.1446,224.3304,195.2905,274.4599,102.5594,198.3865,357.1745,179.9638,131.6265
2020-03-12,250.791,208.2593,149.055,175.0461,258.7773,271.5584,299.5279,185.7504,226.057,195.4644,275.0456,101.3299,195.5531,355.4255,178.9287,131.7244
2020-03-13,246.7408,203.6646,148.8682,174.9419,256.3338,269.9355,298.8768,184.7643,225.46,195.3159,270.3143,102.9672,189.9257,345.8873,177.0838,131.8237
2020-03-16,244.078,201.7823,149.043,175.4303,257.9193,270.8748,300.2825,184.9804,225.3546,196.0151,268.2907,102.5386,188.1418,344.3234,175.0247,131.8315
2020-03-17,243.1336,200.4412,149.5212,175.4095,257.5059,269.8532,299.7424,185.3108,224.4971,196.1406,266.5182,101.5445,188.4638,343.2791,175.0532,131.7869
2020-03-18,235.6765,196.6571,150.7892,177.0625,257.328,270.326,299.4555,185.0481,222.8028,196.3028,263.5133,100.4963,186.7546,343.611,173.566,131.8175
2020-03-19,230.7026,194.5284,150.9413,177.2069,256.7529,270.2605,299.0284,184.6799,221.4007,195.8356,260.5383,99.352,184.7911,337.0807,172.9411,131.8085
2020-03-20,227.3428,192.178,151.4161,177.7217,255.9674,272.0644,299.4446,184.9746,221.6551,195.8724,260.4317,100.0676,184.6538,331.3692,170.9806,131.8178
2020-03-23,226.15,192.0462,151.6979,178.7471,256.9779,273.2556,300.695,185.5681,222.8441,195.6004,260.3408,100.5045,182.9072,334.5592,169.402,131.8773
2020-03-24,219.1882,186.7201,151.5124,178.3341,254.9267,270.2019,295.1048,183.1395,219.7997,194.795,255.6522,99.3532,177.3952,326.517,168.7094,131.7804
2020-03-25,218.7375,187.3685,151.0277,177.8947,253.6027,269.3403,294.2554,182.4363,220.9198,194.8566,255.3835,98.7441,174.7658,329.4316,167.575,131.7745
2020-03-26,217.3871,186.6479,150.9355,177.3521,251.2552,267.1133,293.3769,182.1766,220.2657,194.1785,253.6043,99.0857,173.7349,327.9407,166.7843,131.797
2020-03-27,212.2393,185.5572,151.1548,178.175,249.2401,269.2199,295.72,182.192,219.3317,193.3838,251.1236,100.2551,172.2207,322.0055,166.1763,131.8336
2020-03-30,213.1083,184.788,150.6603,177.2875,247.1275,268.9225,295.0769,181.4501,218.3789,192.8741,251.2033,100.5105,170.4794,324.2329,165.5436,131.82
2020-03-31,207.8934,181.7798,150.8866,177.5502,246.4015,268.2513,293.7654,181.5985,217.3551,192.4293,248.4123,99.0133,170.0695,315.1209,164.9233,131.8034
2020-04-01,210.1092,180.5695,150.2645,177.2738,247.839,269.3323,295.5352,181.7377,218.6508,192.6491,247.735,99.2516,168.5769,308.6491,163.8825,131.8112
2020-04-02,210.6857,179.7343,150.2926,177.3441,248.1602,269.0965,294.777,181.8102,219.7594,191.8278,248.6013,98.7692,169.7145,305.1336,162.6211,131.8502
2020-04-03,209.2596,180.6239,150.288,177.3992,250.6755,269.461,294.0798,182.2204,219.7344,191.588,247.1422,98.1309,170.0534,302.7347,161.8667,131.9697
2020-04-06,207.3577,177.7234,150.9374,178.2451,251.5182,269.6918,293.4248,182.4452,220.6747,191.6172,246.1342,97.8289,167.0443,299.1428,160.727,131.9135
2020-04-07,207.0316,176.1573,151.4036,178.493,252.3084,270.3356,291.5476,181.8613,220.9661,192.0373,243.7776,96.7625,164.7957,297.8389,160.3221,131.8978
2020-04-08,202.6523,173.4751,151.9676,178.5231,249.9411,268.2869,288.7026,180.6775,220.0079,192.7251,243.7188,95.6296,163.903,296.6215,159.6173,131.9113
2020-04-09,199.1129,171.9748,152.1403,177.9298,246.7573,264.3831,288.0502,179.8305,215.6531,191.1162,242.5318,96.6024,164.7243,295.3442,159.6512,131.9208
2020-04-10,201.8806,171.5058,151.7471,178.2033,246.41,267.2361,290.8817,179.8944,215.7525,190.8827,241.8472,96.3925,165.8237,298.9515,158.5878,131.9335
2020-04-13,197.491,170.3012,152.5268,178.9483,247.4159,266.6805,291.0088,180.4905,215.3642,190.8486,240.195,97.5779,163.9133,292.6222,158.1229,132.0076
2020-04-14,199.1442,172.3668,152.5257,180.1116,251.9846,269.3313,294.4653,180.9711,217.3971,191.667,239.2469,97.5609,161.9466,292.1285,159.0253,132.0408
2020-04-15,195.7372,170.0221,153.6858,181.0401,250.5009,267.0231,292.3466,180.1965,216.1062,191.3137,238.7563,96.3826,161.2573,295.0078,158.6838,132.141
2020-04-16,197.5241,169.6908,154.1686,181.9186,252.5511,268.2601,292.3707,180.1705,217.3948,191.4311,239.4439,95.0753,162.0677,300.4695,157.2033,132.0768
2020-04-17,197.6364,169.6069,153.6972,181.8852,253.1074,269.5264,292.831,179.5074,216.931,191.3588,239.9,93.7981,161.0989,303.9011,156.7117,132.0628
2020-04-20,197.074,170.3087,154.3721,182.3846,253.8463,270.184,293.2974,179.4849,216.7154,190.8457,238.6493,94.4167,161.9204,302.6631,156.1513,132.166
2020-04-21,194.3078,168.6724,154.7574,182.7538,255.0391,269.0842,291.4927,179.1646,216.4659,190.5816,237.37,95.1551,161.2814,297.9271,154.5305,132.1416
2020-04-22,194.393,167.2832,154.7672,182.7304,255.3394,269.1611,290.1552,178.55,214.3553,190.3461,234.7363,93.9035,161.5931,300.1493,154.747,132.077
2020-04-23,187.3426,164.2419,155.302,183.4511,254.9734,268.1215,289.9366,178.7686,212.3046,190.6415,231.0637,92.0554,158.9303,294.4565,154.7687,132.0897
2020-04-24,186.5169,163.7929,155.4816,183.2163,254.4708,265.3806,288.2188,178.0807,211.5174,190.1548,229.8062,90.597,157.9575,292.927,155.7001,132.0436
2020-04-27,186.3562,164.3762,155.559,184.421,255.4065,266.9069,290.8562,178.2843,213.0688,190.6009,230.668,90.683,159.4822,294.7816,154.7114,132.1393
2020-04-28,185.9686,165.3799,155.2726,184.265,254.7956,266.6306,290.1174,177.6092,212.6548,189.0651,228.9456,90.9955,159.8904,295.4385,153.4257,132.2447
2020-04-29,184.3128,164.7539,155.5977,185.0242,252.7936,266.4979,290.6379,177.308,213.8746,187.6602,229.528,89.1361,159.4487,295.8939,152.0969,132.2513
2020-04-30,185.5257,165.8245,156.1081,186.229,255.2645,267.2897,293.0304,177.6012,215.4435,188.5712,232.0574,88.9344,160.673,300.9471,151.917,132.2055
2020-05-01,183.529,165.3994,157.0809,187.4208,256.2691,269.0118,293.9411,177.9778,215.3525,188.8655,230.7395,89.991,160.8137,297.882,151.947,132.2517
2020-05-04,179.6138,162.3196,157.5721,188.4071,254.2454,268.776,292.6258,177.8732,215.9842,187.8615,230.4508,89.987,161.2983,289.3957,150.5207,132.2846
2020-05-05,182.1285,163.6778,157.1486,187.6656,256.2806,270.3911,291.0999,177.4568,216.5482,187.0391,229.5333,91.2492,160.9783,285.8487,149.9128,132.2439
2020-05-06,182.4346,163.0708,157.9229,188.2211,255.3442,271.3947,289.7914,177.6399,216.3379,186.9376,228.0989,91.1003,160.7772,290.739,149.7892,132.2532
2020-05-07,182.4672,162.1992,158.0591,188.2412,252.9771,270.7513,289.4863,176.8881,216.0043,186.8447,228.3657,90.9542,160.6271,293.3974,149.4823,132.3019
2020-05-08,184.5791,163.1083,157.735,187.5684,253.8637,271.8415,288.9398,176.1935,215.0048,186.9848,227.0039,90.2281,161.404,294.7777,150.0521,132.3525
2020-05-11,186.2795,163.9804,157.7171,187.6953,255.0524,271.4349,288.7304,176.5647,215.7349,187.3021,227.9765,89.7726,163.5142,297.9193,150.2399,132.3518
2020-05-12,185.0107,163.5921,157.0892,187.5639,255.9132,271.609,289.4413,176.5557,214.5052,186.9842,224.7468,89.5401,163.683,292.1944,150.5748,132.3142
2020-05-13,187.7601,166.7806,156.7771,187.0359,260.0407,273.263,290.6602,177.3052,215.5982,187.8872,225.7174,90.0948,163.1534,295.2952,150.5834,132.3523
2020-05-14,188.8995,167.6466,156.541,186.9159,262.3048,274.8771,291.5605,177.5219,214.9245,187.5282,223.4067,89.9465,161.6593,295.1702,151.0945,132.3565
2020-05-15,193.4195,172.1736,156.0165,186.5736,263.0057,276.2528,294.6891,176.3134,216.135,188.5846,223.7543,90.0562,163.0464,300.2309,152.5337,132.3313
2020-05-18,193.6771,172.6691,155.832,186.4709,262.8805,274.3727,294.3356,175.8442,216.5701,188.3859,224.2032,88.6759,162.0692,303.0242,152.7608,132.3212
2020-05-19,193.908,172.8535,155.5257,185.8411,261.2313,273.0138,293.1169,174.9523,214.9159,186.7815,223.839,89.0637,163.7963,302.7918,152.3919,132.4057
2020-05-20,192.8256,172.5897,155.4864,186.1904,261.8906,276.2128,296.4974,175.0102,213.7953,186.8341,224.8695,89.6022,162.9403,301.9743,152.2883,132.4604
2020-05-21,191.3056,172.6723,156.0262,186.249,260.1059,276.773,297.0165,175.3614,213.0428,185.7597,226.1905,90.2731,162.7373,302.3162,152.1167,132.4765
2020-05-22,189.3222,171.1385,156.1178,186.2113,259.8033,276.1654,296.3121,175.5439,213.1508,186.1748,224.979,89.0171,161.6272,300.0673,151.4373,132.5268
2020-05-25,192.4701,172.08,157.0031,187.1697,263.5243,278.4265,298.0575,177.3256,215.4113,187.1482,227.1951,89.6976,162.6462,302.2934,151.7954,132.5088
2020-05-26,189.3668,168.7717,157.2838,188.1188,265.2033,278.9822,298.6662,177.5082,218.1399,188.4276,226.5279,88.5961,160.8084,287.3029,151.1247,132.5231
2020-05-27,187.7536,168.7187,157.3651,187.8373,265.6406,278.0074,298.4323,178.2714,217.4224,189.0364,226.8764,88.3966,162.1091,285.8039,151.4189,132.5563
2020-05-28,188.1751,169.6985,157.3377,188.6125,270.0385,280.4823,300.2731,179.078,219.8308,189.3154,227.4729,88.5193,162.5996,280.4191,150.6407,132.4974
2020-05-29,188.4859,170.2084,156.9608,187.9113,267.6702,279.2191,300.969,178.9782,219.8973,189.6686,227.508,88.3378,162.9774,281.8113,150.5924,132.5213
2020-06-01,185.6995,170.6709,156.2427,187.0512,266.6651,277.9189,301.0647,179.192,219.4364,188.1645,226.5565,87.5691,162.4787,274.9485,150.0292,132.4844
2020-06-02,185.542,169.4,157.5104,188.5547,266.1495,276.1666,300.939,179.579,219.0809,188.7804,226.4222,89.7535,164.6597,278.4529,150.7166,132.4105
2020-06-03,183.9349,168.3639,157.4359,188.5856,265.9465,278.0132,301.1609,179.8097,219.3705,189.3319,225.2575,88.6703,162.4962,277.8751,149.9702,132.4692
2020-06-04,183.9893,167.7649,157.5867,188.4789,265.4989,277.7698,301.315,180.2905,219.2762,189.6855,224.3508,87.3125,162.4712,276.9613,150.7651,132.5294
2020-06-05,181.74,166.3452,156.9532,187.4851,262.1142,274.151,296.0139,178.5258,219.8847,188.9919,224.9661,87.1412,162.0455,273.4577,149.1388,132.5398
2020-06-08,181.0698,167.6797,156.3768,187.5093,260.9201,275.1035,296.9605,178.4661,220.1914,188.4531,226.1419,87.0024,162.4076,275.348,149.146,132.6234
2020-06-09,182.136,169.185,157.0378,188.9528,262.8591,277.5914,299.1479,178.8715,221.7005,189.308,227.4835,88.3583,163.6969,276.5534,150.3565,132.6418
2020-06-10,180.713,169.1279,156.5682,188.0919,262.2315,275.0036,295.9684,177.9207,219.3806,188.2166,228.3926,89.5898,164.477,276.6738,150.0561,132.6954
2020-06-11,183.4691,170.6979,155.6948,187.5566,262.9428,277.7459,297.78,178.3403,220.5006,188.0323,227.3443,90.4782,164.921,271.7741,150.7645,132.7544
2020-06-12,183.4641,172.4722,155.6463,187.9501,265.7722,277.1127,297.1152,178.2527,221.9205,188.2172,229.3667,90.2121,165.2414,269.545,151.9987,132.8093
2020-06-15,183.6255,172.3937,155.6979,188.3344,265.5793,276.6647,297.1107,177.391,222.2851,188.7461,229.7981,90.4168,164.4666,269.4545,152.9926,132.8386
2020-06-16,186.7072,175.8548,155.6153,187.8373,266.8483,276.0612,296.357,177.2731,222.4646,188.6967,231.0648,91.1294,166.8048,273.2298,154.3917,132.8545
2020-06-17,182.9048,174.3006,155.7121,187.8305,265.8457,274.7361,295.6508,176.5511,219.7966,189.1061,227.2769,90.6416,167.3733,271.8667,153.8966,132.8518
2020-06-18,184.6131,175.9161,156.2573,188.7644,268.6895,278.6358,299.9514,178.4667,221.2179,190.0175,229.3672,91.0691,168.5678,276.3981,153.593,132.7619
2020-06-19,182.7472,174.2539,156.2613,189.735,268.4936,279.8262,300.301,178.2383,222.1381,190.5486,228.699,90.9981,166.551,274.9615,153.4256,132.7781
2020-06-22,183.975,175.8758,156.1717,189.4357,267.9375,280.9553,300.5409,178.3193,222.0197,190.1941,228.8469,91.9248,165.2176,276.8409,154.6098,132.8014
2020-06-23,188.8908,176.9553,156.3512,190.1835,269.7369,282.1382,300.0058,179.0272,225.7946,191.1802,231.2265,93.1895,166.1933,280.3409,155.2716,132.7889
2020-06-24,189.9481,177.7966,156.3145,189.958,270.2493,283.4381,300.6954,179.1429,224.9017,190.8829,229.2342,93.1065,167.9829,279.5585,155.4089,132.8415
2020-06-25,189.3515,176.9188,156.5183,189.6234,269.9215,282.3677,298.6578,179.2701,225.4315,191.7474,229.51,93.0098,168.5218,277.2099,155.3187,132.8726
2020-06-26,189.5914,175.9214,158.1721,191.0244,272.0699,282.662,298.4864,180.5458,225.8334,193.2193,232.2471,92.3008,171.8362,280.3629,156.4463,132.8797
2020-06-29,193.3143,176.7911,159.1649,191.4421,272.1032,283.4372,299.936,181.2163,225.5657,193.4628,233.1875,93.3657,173.107,288.2471,157.2264,132.8984
2020-06-30,192.9699,179.2606,158.8489,190.7962,273.8395,283.6365,300.026,182.0185,224.671,193.0035,232.3786,92.3107,174.2002,292.3484,156.5267,132.9952
2020-07-01,192.4742,179.7073,159.6697,191.5737,274.5114,285.166,301.008,183.193,225.361,193.2903,233.5013,92.7534,174.859,293.1088,156.91,133.0363
2020-07-02,190.5481,176.9527,159.3396,191.4236,274.4841,284.8202,299.2716,182.8146,223.3609,192.6804,232.3948,91.9604,174.619,289.0514,156.9592,133.0599
2020-07-03,191.7158,175.1985,159.3824,191.2462,273.0367,285.3235,297.5461,182.8328,222.9011,191.6936,230.8684,92.3902,175.2395,285.4562,157.1669,133.1158
2020-07-06,189.7216,171.8863,158.6747,190.7303,273.0847,284.9248,296.5129,182.0251,219.7275,190.6855,227.0417,92.5844,173.1979,281.4335,155.9626,133.1006
2020-07-07,191.0789,173.4408,158.5018,190.672,275.0393,284.4974,295.913,182.2314,220.2483,189.892,228.4999,93.3712,172.8113,283.2193,156.0355,133.1258
2020-07-08,189.5242,172.076,159.1232,190.5747,274.0383,282.3746,294.0638,182.8635,218.7734,188.9327,228.022,93.2399,174.0471,280.7435,156.3359,133.1348
2020-07-09,189.5242,172.1247,158.6737,190.0473,274.6884,282.0716,293.4234,183.1442,216.8228,188.5309,225.1185,94.2852,175.6149,282.3381,155.3048,133.1264
2020-07-10,186.3153,168.943,157.8532,188.8967,271.5294,279.5834,290.3498,181.9713,216.3126,187.8925,224.1668,91.7257,172.9405,275.9653,154.1034,133.1485
2020-07-13,187.65,170.0134,157.7514,189.0859,271.0333,279.2622,290.6985,182.3635,217.155,187.3932,225.2621,92.3533,172.9441,279.46,154.4446,133.1333
2020-07-14,188.1526,171.597,157.0608,187.8963,269.4778,279.5901,291.514,182.5681,217.7433,186.7344,226.156,93.1355,171.1774,274.2403,155.2613,133.1215
2020-07-15,192.0199,173.0072,156.3417,186.9852,270.4835,279.3837,290.8829,182.0845,219.0863,186.7942,227.7614,93.4657,170.0445,275.8285,155.4199,133.1483
2020-07-16,191.86,171.4925,156.0193,186.8415,271.0834,279.3776,291.3003,182.0031,218.8241,187.0809,229.384,93.9096,170.4244,272.1283,155.3204,133.1883
2020-07-17,194.1929,173.4585,155.9496,186.8056,271.9822,279.5713,291.4516,182.0755,220.1262,186.7813,231.4377,95.1124,170.6983,273.9492,155.5952,133.2042
2020-07-20,194.0876,171.6253,156.6278,187.0522,270.5988,277.239,289.1692,182.2606,219.3943,186.9494,231.7542,95.8659,171.1599,277.3085,155.7439,133.2329
2020-07-21,188.0542,168.1109,156.7055,187.406,268.9704,275.9782,287.0191,182.1879,218.9837,185.9292,230.3352,93.375,169.5605,270.6081,154.076,133.2903
2020-07-22,187.5003,169.5846,157.0995,187.7656,270.5712,275.2662,285.5082,181.9121,217.5316,185.6313,229.9043,94.4711,169.1129,277.3978,154.4577,133.2283
2020-07-23,191.6007,171.9639,156.9498,187.5654,275.0349,276.3147,286.0115,182.9037,217.3941,185.3162,228.9032,92.8418,169.7142,285.6759,154.468,133.2178
2020-07-24,193.7704,173.6933,157.7806,187.6787,274.5187,275.8701,284.6493,183.1415,219.4151,186.0674,230.8768,92.8564,171.2696,290.9042,154.764,133.128
2020-07-27,193.8897,174.3537,158.4439,188.1876,276.2399,274.6856,283.2498,183.3961,220.0758,186.3853,230.5242,92.8306,173.2737,291.1793,154.9311,133.1586
2020-07-28,194.3126,175.511,158.2179,186.536,274.7253,272.1937,280.9538,183.1791,220.8344,186.2469,233.4569,92.7289,171.0362,292.3566,154.2768,133.2288
2020-07-29,198.0246,177.2492,157.7165,185.7395,275.3189,273.4682,281.829,183.3743,219.7785,186.8297,232.6139,92.7944,172.804,297.2273,155.3939,133.2769
2020-07-30,199.878,179.5038,157.9585,185.3376,274.3823,272.6152,281.4311,183.9794,220.2354,186.3719,236.6396,92.9618,174.5558,305.2111,155.4888,133.2409
2020-07-31,201.4644,181.8304,157.3569,184.5148,274.8483,273.8277,280.5529,183.7367,222.0055,186.0642,238.6547,92.832,174.657,300.1955,156.2563,133.2758
2020-08-03,200.173,180.7613,157.2768,184.9286,273.8753,272.3232,279.204,183.5021,223.0178,186.8773,239.9325,93.2434,176.3203,301.0064,155.5803,133.2261
2020-08-04,194.4023,177.522,157.1248,184.7947,270.3053,270.5504,277.9118,182.0572,219.9253,187.0924,237.7715,92.1424,176.794,299.8205,154.5185,133.2384
2020-08-05,193.1423,175.6823,157.657,185.9113,270.7365,272.5971,280.9071,182.8065,219.8287,187.8256,237.8671,92.2909,177.1553,296.2996,155.0498,133.2733
2020-08-06,202.0858,181.3031,158.2891,186.54,273.0073,273.7884,281.5854,183.9357,222.3323,187.3141,240.8025,94.3437,182.77,309.1804,156.8039,133.2248
2020-08-07,202.5742,182.3556,159.1232,187.7963,275.097,274.7949,283.4433,184.4807,223.7943,187.9689,240.7768,93.6901,185.7732,309.5873,156.9367,133.24
2020-08-10,202.6648,180.0616,158.7628,187.2879,274.0934,272.828,280.9057,184.1615,223.3095,187.1004,240.6907,92.5907,183.6812,308.524,156.9359,133.3307
2020-08-11,204.2718,182.4057,158.687,186.3849,274.0881,271.4586,279.261,183.7841,221.5607,186.6606,240.3462,93.7159,185.1087,314.0185,157.5376,133.3618
2020-08-12,206.0334,184.2475,158.6191,185.9362,275.6205,271.4242,277.5413,183.2823,221.3995,186.8549,240.507,93.8909,186.7797,314.7313,158.4538,133.3699
2020-08-13,208.8839,185.5128,158.3482,185.3476,276.623,270.1146,277.7305,183.0998,223.1936,187.1195,243.6153,93.5257,185.4425,315.3065,158.7239,133.4331
2020-08-14,205.2931,184.3454,157.4335,183.4681,273.5858,268.7931,275.3874,181.6929,219.9285,185.7547,240.5306,93.4291,184.0386,305.044,158.6674,133.4161
2020-08-17,207.8379,186.4708,157.3811,183.8803,278.188,271.0628,276.4621,182.6145,222.1212,185.5774,243.3239,93.3954,184.4517,301.7023,159.4624,133.3409
2020-08-18,205.5809,184.691,156.8235,183.1905,277.9876,270.7669,276.5427,182.9165,222.2039,185.4918,241.9809,93.6586,181.0424,288.7394,160.2355,133.3445
2020-08-19,203.2945,183.3939,157.3136,182.8998,276.2845,268.2262,274.539,182.6193,220.7283,185.4459,241.5529,94.3448,181.1498,287.0382,160.5038,133.3069
2020-08-20,199.5178,181.7206,157.2549,182.1276,273.0414,265.1215,272.4764,181.4889,218.2945,185.0002,240.3015,94.0718,181.252,283.3503,160.5558,133.3318
2020-08-21,195.5867,181.7725,157.3095,182.519,273.9805,267.0116,272.2901,181.5569,217.8016,184.8674,239.2197,94.6759,179.2761,279.0845,160.5037,133.39
2020-08-24,192.4386,178.7769,156.862,181.3456,268.9257,263.7862,268.7936,181.0105,216.9477,183.8137,240.2227,93.1673,178.0413,275.6275,159.7676,133.5362
2020-08-25,190.2446,174.8465,157.376,181.39,265.6609,261.3476,265.9995,180.8444,215.7554,183.325,238.8296,92.4292,176.7805,271.671,160.8041,133.5178
2020-08-26,185.2839,172.8204,157.6089,181.1928,263.1228,260.0009,264.8046,180.9173,214.2575,182.9544,238.203,92.5549,173.7946,270.2303,159.8479,133.6342
2020-08-27,186.625,172.9202,157.2142,180.0775,260.4739,256.8723,263.0473,180.2254,211.6043,181.9845,236.9237,93.5668,174.7778,275.4421,160.1743,133.6298
2020-08-28,186.505,173.1452,157.8815,180.9089,261.3674,257.9477,264.414,180.9974,212.8954,182.6851,237.1846,93.2609,174.8329,274.3875,160.9606,133.6345
2020-08-31,184.1743,170.7548,157.6928,179.9497,257.1614,254.4852,261.4279,179.4686,210.7752,182.2001,238.1302,91.6639,174.4111,275.1978,160.9229,133.7155
2020-09-01,181.3985,170.0433,157.7146,180.3049,258.1321,255.0588,262.0209,179.8728,209.2155,181.8621,236.1049,91.1652,174.7692,271.9831,161.0842,133.7211
2020-09-02,181.0613,169.729,157.5049,179.978,256.6721,254.5725,261.4811,179.5121,210.6577,181.8907,235.0667,89.959,174.4205,266.2962,161.1655,133.6966
2020-09-03,179.9198,170.2229,157.1169,179.4738,256.0087,254.184,259.5938,178.6403,209.7449,180.9831,235.8855,91.6085,173.6595,264.4898,161.1942,133.8125
2020-09-04,181.4088,170.8458,157.0597,178.9415,253.4919,252.121,257.6521,177.3077,209.7255,180.2177,236.9358,92.3243,175.0588,265.4163,161.6505,133.7316
2020-09-07,183.3958,171.6911,156.7739,178.4606,249.6882,251.5882,258.2024,177.0751,210.0738,179.9352,238.8753,92.25,176.7862,271.1104,161.7161,133.7587
2020-09-08,181.155,170.2752,156.3557,177.6461,246.2391,249.3704,257.2956,175.4143,208.0815,179.0797,237.7678,92.0252,175.7858,269.0768,161.1622,133.7305
2020-09-09,186.514,174.6094,155.8022,176.8551,249.1927,249.5739,257.8388,176.2915,210.8783,179.5013,239.9049,94.1126,176.1978,272.6045,160.8461,133.7552
2020-09-10,185.6197,174.171,155.8234,176.5537,248.1171,249.6641,258.1768,176.6822,209.0007,179.8668,239.6062,93.9026,175.5884,278.225,160.9631,133.7568
2020-09-11,187.8743,175.5054,155.9312,175.9914,246.8075,249.5616,258.6748,176.6155,209.3811,180.4222,241.1439,94.0104,175.4851,284.3874,160.9128,133.792
2020-09-14,193.087,180.5861,156.5721,176.5393,251.0673,251.7605,261.2711,178.6084,212.2023,181.749,245.9158,94.961,176.5678,293.5407,162.7154,133.8654
2020-09-15,192.5068,183.1295,156.2682,175.6102,251.2597,252.6253,260.8475,178.3584,210.7629,180.6916,245.7914,95.5229,174.9209,292.4652,163.6589,133.8489
2020-09-16,191.6564,182.5444,155.8491,174.5701,249.2923,252.802,260.2865,178.1102,208.6691,180.4552,243.2756,95.6906,176.0443,290.6761,163.2658,133.7975
2020-09-17,191.1762,181.9325,156.3522,175.0774,249.5093,253.0753,261.6419,179.6574,210.5546,180.8639,244.0223,96.3382,176.6356,283.435,163.8034,133.8485
2020-09-18,188.718,179.3426,156.6347,175.2346,248.4949,252.4743,260.0169,179.3368,209.3586,181.0669,242.026,95.4269,176.1138,282.1347,163.5483,133.8734
2020-09-21,185.7054,178.7481,157.0641,176.2361,249.9751,254.0478,261.102,180.8634,210.5254,181.9894,242.809,94.832,175.7181,280.0843,163.474,133.9343
2020-09-22,184.4401,178.228,156.2477,175.3751,247.0825,253.4802,260.1552,180.009,210.0949,180.4715,243.2586,94.8628,172.8519,275.9854,163.5806,133.9285
2020-09-23,182.343,174.5236,156.2003,174.9021,244.6601,251.5934,256.6835,178.8489,208.0165,180.5306,241.5595,94.1045,171.6879,273.8234,163.8952,133.9793
2020-09-24,185.0924,177.4953,154.8974,173.4661,245.538,250.7563,256.9212,177.9827,207.3336,179.8625,241.3628,94.177,172.3406,274.0484,164.3224,133.9907
2020-09-25,184.8248,176.5096,154.6766,172.839,245.0676,248.7911,255.7527,178.0999,206.5005,179.3222,240.7906,93.3206,172.9023,272.9843,163.8591,133.9748
2020-09-28,187.1891,178.3055,154.8585,173.2941,246.6753,250.705,257.1414,179.5174,208.2973,179.2432,241.9111,94.1526,173.0309,274.3367,164.4669,134.0391
2020-09-29,187.5851,179.9061,154.8433,173.3183,246.9134,248.7446,256.7737,179.3549,209.6544,180.0097,245.0399,93.1732,174.2236,277.6216,165.2245,133.9903
2020-09-30,191.0603,182.2859,155.2864,174.0579,247.916,250.8907,257.7159,179.7245,210.7391,180.381,248.4269,93.398,176.7098,286.6617,166.3201,133.975
2020-10-01,194.2541,183.1871,154.5492,173.3546,248.3483,251.3711,257.1892,179.6307,210.5515,180.6225,246.8455,93.7358,178.6849,289.2634,166.0819,134.0244
2020-10-02,196.9269,185.1812,154.2771,172.9417,249.3735,252.0118,258.5899,180.4992,210.698,180.1439,248.1251,93.451,179.3743,295.1917,165.5821,133.9608
2020-10-05,198.2515,188.7664,154.2143,172.7375,248.8513,252.7717,259.9994,180.6131,212.6856,180.3933,250.2147,92.6724,183.2505,295.2043,165.6728,133.9771
2020-10-06,197.0529,186.8531,154.5547,172.3823,244.6557,249.8805,256.6598,179.5343,211.3669,179.7369,249.1267,93.1872,184.3246,294.7851,166.1982,133.9583
2020-10-07,193.2923,187.765,154.6891,172.502,246.1774,251.1079,257.3931,179.6407,211.4085,180.1296,247.8455,93.7937,182.0794,290.0762,165.3324,133.9427
2020-10-08,195.5567,187.7589,154.5597,172.2947,247.2129,251.1829,256.6141,179.5899,212.2546,180.176,248.3314,92.2958,181.0033,289.1022,166.6967,133.9905
2020-10-09,197.5592,188.1251,154.3284,172.4917,248.9101,251.7016,257.1488,179.672,212.8582,180.4892,249.5941,92.2447,183.7495,288.7512,166.9605,133.9443
2020-10-12,200.4089,189.3627,153.6055,171.9874,248.7764,251.4682,258.4163,178.6823,213.5155,180.3663,249.6456,92.8302,183.3992,287.3292,167.235,133.9608
2020-10-13,198.0954,188.6598,153.2772,171.6413,249.8664,252.0546,259.3375,178.7299,212.9638,181.3231,249.3019,93.2207,181.1358,281.1195,167.6292,133.962
2020-10-14,198.0908,186.5927,153.6198,171.3318,248.0975,251.6141,259.8559,179.3366,212.2404,181.3786,247.1306,92.7016,180.5735,278.9933,167.5488,134.0079
2020-10-15,201.4225,188.7046,153.3254,170.7706,247.0863,250.7878,259.3859,179.3297,212.5865,181.1105,248.6082,93.137,183.366,284.0752,168.0889,134.0055
2020-10-16,199.727,188.3681,154.1553,170.3138,246.5276,249.3229,258.1985,180.4357,211.3422,181.498,247.5083,92.5546,184.9159,282.9736,168.6464,133.9933
2020-10-19,198.8869,188.3158,154.5346,170.6069,245.9511,248.3267,258.0073,180.7537,211.1604,180.9518,250.2038,92.7754,186.3699,282.1372,169.7906,133.9228
2020-10-20,193.315,185.7109,154.0481,169.7066,242.5547,246.5569,254.9174,179.8709,210.0894,179.7748,248.1936,92.8397,183.5682,272.9034,168.4894,133.831
2020-10-21,192.9372,183.8944,154.4591,170.2823,242.7661,246.3943,254.0625,179.8545,209.6693,179.7273,245.2543,93.5036,183.2065,269.0353,169.5817,133.7703
2020-10-22,198.9506,188.4095,154.7048,170.3985,244.0945,246.3858,256.0853,180.5567,210.089,179.9711,247.1642,94.3098,188.3384,281.857,170.209,133.8021
2020-10-23,195.7243,187.179,155.0076,171.4662,245.2346,247.4498,256.3366,180.7524,210.5747,179.8958,247.0206,93.9792,187.6909,276.9855,170.3523,133.7673
2020-10-26,194.4116,187.8185,155.9666,173.0662,248.357,249.6372,259.1131,182.5679,212.5573,181.0311,247.8321,95.0545,188.6588,274.6109,170.3806,133.8973
2020-10-27,196.7186,188.92,154.765,172.4429,247.4255,249.2995,259.7905,182.4148,213.5467,180.7347,248.214,95.9156,189.3486,271.488,171.3136,133.9067
2020-10-28,190.8715,187.8091,154.5615,172.2757,246.8136,249.3571,259.8492,181.7006,211.1223,180.448,246.9714,96.5029,188.2713,264.8792,170.8523,133.9415
2020-10-29,194.8125,191.4227,153.9066,171.6079,247.0442,250.1004,260.1624,181.9701,213.6805,180.3549,248.9401,96.5714,188.5786,266.8377,171.2394,133.9665
2020-10-30,201.0547,196.0096,153.3359,170.8172,249.3025,252.0528,260.1861,182.5928,216.9353,179.9684,251.6761,98.9846,185.8747,267.9516,171.937,133.9651
2020-11-02,205.3077,197.1041,153.5159,170.2073,249.7855,251.8173,259.8559,182.7409,216.6282,180.8693,252.8118,98.7529,188.2307,273.125,172.937,133.9699
2020-11-03,205.835,195.461,153.2818,169.9742,247.4577,250.4595,258.3929,182.3421,216.6788,180.3393,253.3397,99.5948,188.8746,271.0298,173.3985,133.8718
2020-11-04,203.0793,194.3109,152.5176,168.5993,243.9592,250.1654,257.2899,182.3175,216.91,179.6939,254.2619,98.5274,186.0505,268.1688,171.3515,133.8373
2020-11-05,204.2017,194.8471,152.7015,168.6211,243.9921,249.9139,257.8908,183.2053,216.7722,179.6499,255.0604,98.9718,187.8606,266.9378,173.0356,133.8621
2020-11-06,201.8817,194.1349,152.6719,167.9923,241.3135,247.8653,255.5393,182.7947,214.8847,179.3968,255.4614,100.9642,189.5978,267.7948,172.6066,133.8477
2020-11-09,202.8619,193.6671,153.3643,168.9837,244.0664,248.9419,255.7825,183.1582,216.1351,180.31,254.1473,100.0102,189.7329,268.716,172.6153,133.8954
2020-11-10,200.3356,192.7937,152.3759,168.8723,243.8848,248.9318,254.7372,181.3389,216.2757,180.0488,252.9206,101.3253,186.0663,263.0554,171.9979,133.9089
2020-11-11,198.4195,192.4221,152.5314,168.712,242.1183,249.2468,254.6121,181.0431,215.3385,179.4914,253.3891,101.3788,182.3825,262.2948,173.2637,133.9047
2020-11-12,201.0532,193.22,152.7152,169.0696,242.0263,249.2981,253.69,181.0335,215.1834,179.2169,254.559,103.0606,184.4513,268.4685,173.8755,133.9357
2020-11-13,204.7796,196.253,152.9895,169.1125,244.1859,250.6866,254.7346,181.2573,215.1649,179.4495,255.0839,104.434,184.5436,273.2844,175.2947,133.9734
2020-11-16,209.0916,199.2603,153.1853,169.8249,247.3257,251.6662,256.1628,181.9429,217.4814,179.4844,258.1951,105.1857,185.5792,277.7436,176.0116,133.9874
2020-11-17,209.3332,199.3342,152.8178,169.1752,245.6694,251.1863,256.6168,182.5176,217.1315,179.6388,256.6072,104.7015,185.5289,278.662,176.0477,134.0247
2020-11-18,206.0529,198.1512,152.9549,170.4228,248.2003,253.4899,258.8662,183.1268,216.7916,179.8473,256.0711,105.1463,185.2192,277.3391,174.749,134.1079
2020-11-19,203.4586,198.9958,152.8456,170.2871,248.8243,253.6492,259.7168,183.1,216.9598,179.9072,255.7475,105.2437,182.3718,273.176,174.8279,134.1205
2020-11-20,200.1488,198.0679,152.4107,170.5467,247.977,252.8126,259.0643,181.9579,217.7949,180.1035,255.8743,105.2173,181.6854,268.488,173.9077,134.2117
2020-11-23,200.4384,197.4611,152.5166,170.4355,245.5835,253.4869,259.2813,182.1515,215.8419,179.4282,254.0547,105.2458,184.311,273.2111,173.4122,134.19
2020-11-24,198.2272,197.8277,152.0464,170.1401,245.8118,253.3372,258.3619,181.8398,214.9817,179.089,253.2135,104.2939,184.6765,272.6055,172.8762,134.2089
2020-11-25,199.8099,197.2647,151.906,169.7029,243.0689,251.5766,257.0575,181.4302,214.6999,178.8521,253.3947,103.8431,186.067,274.109,174.0616,134.2379
2020-11-26,203.8269,198.6949,151.7799,169.8448,243.916,252.3094,256.7874,180.8567,215.9488,178.3938,254.1729,102.2971,189.2974,278.052,173.7185,134.2706
2020-11-27,206.546,199.0412,151.9074,169.5657,243.2816,251.4791,255.3056,180.7019,215.9349,178.5841,255.8604,100.8454,190.8905,285.8161,174.0264,134.3131
2020-11-30,207.0364,200.597,152.3927,170.5043,245.4458,251.6223,255.3866,180.741,216.4909,179.7547,257.9265,101.5036,194.2656,291.1003,174.4797,134.388
2020-12-01,205.0209,200.4268,152.2806,170.8362,245.6876,251.9588,256.4389,180.7151,217.1847,179.3205,258.2043,100.4491,194.0425,287.7301,173.6036,134.3785
2020-12-02,205.6894,202.9574,152.473,170.9684,247.3941,253.351,258.5172,180.8314,216.8899,179.7273,260.6033,101.2123,191.8128,296.4358,173.2429,134.3225
2020-12-03,204.0077,201.2137,152.9821,171.2868,247.049,253.4822,258.9382,181.8779,215.9858,180.4786,258.5746,101.8274,193.6479,297.8139,172.0128,134.2468
2020-12-04,200.4598,198.5336,153.4842,171.8215,247.7804,252.6592,258.6616,181.9194,216.7275,181.1996,258.0886,101.223,192.8494,290.3845,171.0215,134.2458
2020-12-07,198.116,197.8508,153.2286,171.4986,246.1872,251.0557,258.068,181.9875,215.7214,180.4608,257.0957,101.5482,191.1022,289.6664,170.8949,134.1329
2020-12-08,199.0774,197.3486,152.1792,170.6055,244.9134,250.9874,257.7334,181.4058,215.761,179.3322,256.8053,101.8309,189.3352,286.4328,170.1709,134.1726
2020-12-09,202.6572,201.3786,151.7265,169.3644,242.8229,249.6907,257.2904,179.9811,214.862,179.7398,256.5808,103.3157,191.0789,293.6492,171.4045,134.1122
2020-12-10,203.9251,202.0134,151.858,169.6496,243.0889,250.0545,257.9917,180.0082,215.1575,179.9067,257.0795,103.1739,192.9675,296.9014,171.1639,134.151
2020-12-11,207.7316,202.45,150.8223,168.2653,242.0044,249.2875,256.6883,179.4654,216.2078,179.4447,259.8762,102.8013,190.4875,299.3686,170.8699,134.0368
2020-12-14,208.7812,205.3989,151.1779,168.6129,244.2235,249.9043,258.4758,179.8282,216.3187,180.1844,262.6996,101.9434,191.8727,308.0658,170.973,134.0618
2020-12-15,207.3018,204.5781,151.1312,168.4971,243.5993,249.152,257.0247,179.2407,216.014,179.7704,262.6482,101.4248,191.4626,305.9418,170.8783,133.9808
2020-12-16,201.9947,201.7573,150.9911,167.9622,240.9425,246.0483,254.328,178.7045,212.734,178.0414,259.9956,103.3153,191.9532,300.3509,169.5953,133.9388
2020-12-17,206.8683,204.3651,151.262,167.699,243.239,248.1482,254.4805,179.9092,213.8605,178.3831,263.2103,102.9664,190.3091,307.996,171.1597,133.954
2020-12-18,211.4159,208.8662,151.0821,167.856,247.5219,251.9654,256.0759,180.5915,214.9924,178.331,264.5236,102.3348,191.2225,314.0545,171.6771,133.9713
2020-12-21,212.7809,208.2985,151.0108,166.9154,245.5671,250.307,253.6763,180.6454,214.24,178.204,266.1604,103.6648,193.144,313.1965,172.4917,134.0051
2020-12-22,211.3,208.2859,151.2212,166.6115,246.0831,249.5901,255.0206,181.398,214.115,178.6872,266.1516,104.2095,190.8163,308.7007,172.8003,134.0145
2020-12-23,206.5751,204.1985,151.6767,166.9719,245.7433,247.9994,253.6335,181.916,212.8581,178.922,265.5025,103.096,190.8519,300.9076,173.649,133.9307
2020-12-24,202.0278,201.8115,151.48,166.3029,243.1726,246.3195,252.9785,182.1262,210.893,178.2526,264.356,102.9946,189.4586,292.2611,174.259,134.0069
2020-12-25,202.0821,202.5655,152.1594,166.3834,243.8091,245.7977,251.7388,182.8047,211.7493,178.1895,265.8451,103.0658,190.7797,291.1158,174.4495,134.0559
2020-12-28,199.0988,200.6197,152.5324,166.4641,240.0,245.1528,251.9413,182.8839,209.8182,178.227,264.9561,103.6661,191.8309,294.362,173.9775,134.0301
2020-12-29,198.4621,200.5477,152.3155,166.0785,241.5519,246.3023,252.0079,183.2535,208.4937,177.8916,265.1956,101.9598,190.0552,297.0123,173.639,133.906
2020-12-30,196.0498,199.8102,152.9501,166.6974,241.8494,246.357,251.743,184.0298,208.218,178.0194,263.6388,102.2772,189.5265,297.4387,173.3097,134.0018
2020-12-31,194.8712,201.2439,153.0111,166.2685,242.0686,247.3987,252.0715,184.3674,206.9536,177.0385,263.0474,101.0681,189.3919,299.168,172.5005,134.1114
2021-01-01,189.1366,197.9942,153.0023,165.6052,239.5995,243.4302,248.9473,183.6237,205.0463,176.7038,259.1153,100.0464,189.9995,288.0984,172.2514,134.0746
2021-01-04,188.445,198.9512,153.7281,165.9471,239.1029,241.9297,247.5362,184.5608,205.4025,177.2653,261.9081,101.6633,193.7751,293.9674,171.8522,134.0873
2021-01-05,191.5405,200.6513,154.1242,166.9957,240.321,243.0759,247.9449,184.8497,207.9971,176.8363,267.7173,101.8743,195.2975,300.2491,172.1992,134.0582
2021-01-06,187.8431,197.4031,154.3499,166.4398,236.5097,241.6146,244.822,183.8287,205.9721,175.7967,267.0061,102.4034,193.0526,294.1487,172.7475,134.0866
2021-01-07,183.9057,194.64,154.6531,166.4385,235.2767,240.126,244.0994,185.0586,206.4694,175.6659,266.4536,100.765,191.8861,286.1904,172.3573,134.0636
2021-01-08,186.3871,198.5134,154.4416,166.8451,237.9384,242.283,244.8409,185.8887,208.7041,176.0366,269.072,101.3575,192.4286,288.1014,174.0132,134.1072
2021-01-11,188.8128,200.2805,154.1324,166.484,238.8012,243.0372,245.2443,185.4688,208.3447,175.7469,267.8962,101.4842,192.5877,289.4553,174.709,134.1085
2021-01-12,188.8826,201.2116,154.8214,166.3691,240.3279,242.4956,243.1825,185.1222,207.9054,175.8425,267.0095,99.3948,191.5966,294.879,174.6094,134.1046
2021-01-13,190.7331,205.3511,153.5144,165.3459,240.9016,242.0959,242.6374,184.6679,209.3345,175.7775,266.1212,99.8766,191.6228,293.3453,174.8761,134.0275
2021-01-14,192.179,205.941,153.372,165.1546,241.5437,242.4824,242.5635,185.164,209.9891,176.0868,265.6123,99.2379,190.6104,295.5992,175.1597,134.0771
2021-01-15,196.1614,208.9972,154.0845,166.4553,246.1008,244.8268,244.9439,186.2591,210.9745,177.7692,266.8257,99.4899,193.6147,305.8371,176.651,134.0612
2021-01-18,194.9148,206.8285,154.8564,167.671,246.6658,246.0953,245.1602,187.0506,211.3384,178.0621,266.8207,98.7049,197.3741,304.8599,176.1123,134.0807
2021-01-19,194.1059,207.0972,154.3285,166.7838,244.1141,244.7876,245.0405,185.8582,210.1987,177.7496,265.3556,99.161,196.3839,302.7245,176.1171,134.1454
2021-01-20,189.2474,206.0073,154.5245,166.9482,243.8049,244.3554,244.5806,184.9335,208.4447,177.8733,262.7323,100.1774,195.3332,297.0329,175.5634,134.2533
2021-01-21,192.2999,207.5467,155.1756,167.5442,246.3268,246.2235,244.6966,185.1435,209.8593,178.8654,264.2797,102.1202,195.8344,300.1941,176.0031,134.3209
2021-01-22,190.3914,204.6485,155.8277,167.7404,243.111,245.0367,244.9047,185.4308,207.9792,178.8717,264.2953,101.1659,194.7122,304.7987,176.6697,134.2791
2021-01-25,191.7013,204.1041,156.3658,167.8187,244.2624,246.2865,245.9066,186.898,208.3806,179.8796,263.5421,101.1902,195.5209,304.2994,176.9252,134.2643
2021-01-26,191.7998,204.6575,157.3543,168.3346,244.9301,246.3803,244.8318,188.1676,209.4069,180.4352,265.1571,101.1683,197.6342,308.2714,176.8217,134.2765
2021-01-27,189.5622,205.3778,156.6107,167.7504,242.4571,244.8901,243.6361,186.8014,208.8004,179.4419,265.2282,101.3352,196.6433,303.1584,177.936,134.247
2021-01-28,188.499,206.2943,156.4875,167.216,242.1538,244.4033,242.3753,186.2795,209.9994,180.0,268.0293,100.4973,195.3645,302.2965,177.5324,134.1801
2021-01-29,187.7631,205.9247,156.3205,166.7471,240.5353,244.0743,243.0023,186.1809,209.5979,179.773,268.3912,99.619,194.7854,300.8074,177.408,134.2624
2021-02-01,185.884,205.4833,156.9154,167.4257,240.6113,243.9958,242.6716,186.102,209.2403,179.6184,268.4391,99.5885,196.0829,298.3941,178.2064,134.2534
2021-02-02,188.6063,208.1161,156.5102,167.3295,242.243,245.3418,244.1471,186.1352,210.7714,180.3956,269.6837,100.1901,195.1824,303.0537,177.6126,134.3194
2021-02-03,189.1603,208.5621,157.1035,168.4243,244.9125,246.074,244.5462,187.3082,211.6479,180.0455,272.2891,101.0245,197.2607,307.0109,176.8276,134.347
2021-02-04,190.7068,208.8559,157.3479,168.4784,244.3699,244.9493,244.526,187.2782,211.5372,179.4537,274.7081,101.9744,196.161,312.3316,177.2082,134.3153
2021-02-05,190.1062,208.8286,157.7127,168.9267,243.8127,244.7826,244.4496,187.3292,211.4433,179.5766,277.2247,102.133,195.6259,318.72,177.2923,134.3047
2021-02-08,191.498,208.6547,158.1536,169.3637,244.5803,246.5396,245.2778,188.1481,212.7352,179.5391,278.436,102.7999,196.5114,317.4343,176.8087,134.2683
2021-02-09,192.0879,208.8724,158.0034,169.4654,244.7641,246.7569,243.8038,187.9469,213.8146,179.0608,281.3983,103.5791,198.5567,315.309,176.7018,134.3094
2021-02-10,192.4262,209.0568,158.2627,169.6677,244.8107,246.2949,242.1579,187.8267,214.9922,179.1218,280.8307,102.9042,199.452,316.1055,176.2767,134.3909
2021-02-11,191.2575,207.6106,157.9604,169.0797,244.5648,245.0833,241.9562,187.8238,212.7843,178.8063,279.4749,102.5172,200.0288,316.3181,175.4788,134.3556
2021-02-12,192.4818,209.7559,158.3571,169.2397,246.3138,245.0791,242.3877,188.6081,213.7249,179.019,277.0845,102.6044,201.6209,315.9979,175.4356,134.3567
2021-02-15,190.979,212.1713,157.9706,169.0303,247.0596,245.6876,242.936,188.5989,213.5377,179.0302,276.0134,102.3618,201.6049,314.3413,175.795,134.3079
2021-02-16,193.5009,214.2199,157.5251,167.5956,246.329,243.9223,240.6561,188.5875,214.4947,178.537,277.7285,102.7118,200.7213,316.0952,175.2392,134.3144
2021-02-17,196.6653,216.0333,158.2767,167.7996,246.684,244.6604,241.0897,189.0607,214.9423,178.9461,281.2013,101.643,202.2253,328.1705,175.604,134.2842
2021-02-18,200.433,218.0599,158.3199,167.206,247.0644,245.2252,241.3787,189.8402,214.948,178.4751,282.7933,102.1203,204.0525,333.4409,175.4904,134.33
2021-02-19,200.3092,216.9801,158.4157,167.2114,246.2744,243.9131,240.3839,189.0643,215.0579,178.4137,285.5162,101.4393,204.8132,335.5576,174.9349,134.391
2021-02-22,203.1961,219.3061,158.2296,166.7013,248.5977,244.7869,240.4298,189.8216,216.2241,179.8866,285.7995,102.8502,202.8648,339.165,175.2789,134.3911
2021-02-23,202.5215,215.9081,158.7835,167.6285,249.6359,243.2897,240.4648,189.3031,215.8766,180.4703,286.3806,101.8355,203.3426,342.4419,174.263,134.4203
2021-02-24,199.22,214.6169,159.8117,168.669,249.1619,243.581,239.9159,189.7319,215.8171,180.4641,285.9075,101.4354,203.4062,342.02,174.5558,134.4312
2021-02-25,197.6761,214.8144,160.0764,168.3011,249.0092,241.8884,239.8006,190.1371,215.508,180.76,285.6703,101.0954,203.5822,341.0848,173.939,134.425
2021-02-26,197.7065,213.7884,160.5201,168.4058,247.3032,241.6143,240.2884,190.4352,215.2468,181.036,286.9705,99.7131,204.3911,344.894,174.3226,134.4761
2021-03-01,201.4256,216.101,160.0329,168.6111,248.1564,241.576,241.8004,190.6518,218.0862,181.4727,289.4373,100.6501,205.8857,345.7753,174.6123,134.4011
2021-03-02,200.5979,215.6755,159.831,168.7808,248.2313,241.1144,240.9496,189.3227,216.356,181.0964,286.4449,100.9209,208.0627,345.4416,174.4764,134.444
2021-03-03,201.3941,216.7744,160.6253,169.6672,249.4461,241.1844,240.0217,189.9429,216.3369,181.2248,288.2852,101.4431,211.2514,355.2523,174.8627,134.495
2021-03-04,199.8459,217.0663,160.7912,169.8658,248.0312,240.2281,240.5971,189.7642,216.1629,180.6887,288.8693,100.684,211.5032,355.0005,175.3398,134.5063
2021-03-05,198.1487,216.1186,160.6653,169.2074,247.446,238.5077,239.0476,189.7793,214.1469,180.4062,286.3339,100.8012,211.788,354.5311,174.9319,134.5001
2021-03-08,199.0232,215.638,160.3788,168.7086,246.3916,239.5104,239.2745,189.3177,213.2297,180.6712,284.9684,102.7561,212.4117,349.3349,175.6332,134.5837
2021-03-09,199.0845,216.5644,160.0876,168.1213,245.9836,238.9489,238.8866,189.5242,211.7527,179.3934,286.0969,104.3784,212.6105,348.5626,176.2145,134.6334
2021-03-10,198.2996,215.864,160.5642,168.0511,245.9544,239.0932,238.7913,190.1693,211.6093,180.3159,285.4353,104.0947,212.2538,349.4368,175.9741,134.653
2021-03-11,197.3005,215.8964,160.4368,167.822,247.1355,238.3199,238.3168,190.0383,210.5898,179.9438,284.9872,103.2632,212.804,346.5336,176.3249,134.6738
2021-03-12,195.7587,215.6276,160.8769,168.3246,247.4325,238.4495,238.2775,190.3111,212.27,181.0748,286.5961,103.1188,212.1271,344.5239,176.2164,134.7218
2021-03-15,198.0243,215.9948,161.4234,168.7107,249.0098,239.6296,238.304,191.8962,212.9881,181.8235,286.5307,102.9964,213.763,348.9834,176.8878,134.786
2021-03-16,201.2904,217.1902,161.5696,169.1925,250.6093,241.9162,240.1071,192.3873,214.76,181.3617,287.8638,102.8837,211.9028,346.4381,178.3445,134.7857
2021-03-17,204.4177,216.7965,161.1476,168.699,248.6404,240.9536,239.1483,191.7967,213.974,179.8498,286.8093,104.8973,212.6913,349.042,178.0512,134.7543
2021-03-18,200.9005,216.3479,161.5413,168.5347,247.1589,240.2742,238.4528,191.5535,212.1146,179.7837,285.2144,105.5156,213.0984,345.85,178.5249,134.7639
2021-03-19,200.6472,216.2136,160.7583,167.9012,246.5254,238.7801,238.297,190.228,210.5331,179.4543,281.8767,106.6327,212.3956,340.8587,179.0812,134.7825
2021-03-22,201.3524,215.8725,161.2228,169.0487,248.0077,239.3942,239.8235,190.4739,211.7351,179.6037,283.4448,109.1197,214.7973,339.8807,178.0925,134.8072
2021-03-23,204.0211,216.7487,161.4456,169.3002,249.8941,240.945,240.2797,191.0348,212.8869,179.3436,284.3787,109.911,215.2552,338.6809,178.1694,134.8548
2021-03-24,204.572,218.4398,160.9734,169.7069,255.6454,243.4283,241.7281,191.9518,214.4516,180.177,285.1274,107.0259,215.3336,338.2121,177.4265,134.8651
2021-03-25,199.2827,212.5163,160.6942,169.2229,253.9603,242.5489,238.2051,190.9421,211.202,180.032,282.0466,107.5842,212.3134,332.2885,176.255,134.9582
2021-03-26,199.5019,212.6437,160.3873,169.2047,257.3623,242.1249,237.4308,191.7776,212.2221,180.4811,283.1142,105.9808,211.9877,333.0462,175.4747,135.0201
2021-03-29,195.5238,209.8445,160.8115,169.1442,255.2761,241.4039,237.2446,191.7093,209.6714,180.4456,281.0272,104.2093,210.6162,332.7155,175.6502,135.0918
2021-03-30,192.0563,206.5053,160.3777,168.0724,250.1252,239.2355,234.2112,190.559,208.477,179.9911,280.6663,102.4325,208.2273,329.8291,175.3009,135.0874
2021-03-31,197.1235,208.3195,160.1731,168.2073,253.3525,240.0552,234.8579,191.1791,209.7822,179.6877,279.7904,103.0472,207.3781,333.9953,175.477,135.0575
2021-04-01,202.4857,211.1936,160.9109,168.7955,256.3854,240.8997,236.1734,191.8556,211.2545,180.5618,282.6611,103.512,208.4871,339.943,178.0694,135.1514
2021-04-02,204.1249,211.1164,160.9261,169.2122,256.946,241.6848,237.9667,192.1054,211.9379,181.2749,282.026,102.5715,211.0469,336.9881,179.2612,135.2044
2021-04-05,203.2426,209.0597,160.7574,169.4799,259.4983,241.9127,237.5896,192.0859,211.8667,182.0595,279.9251,100.9377,210.231,333.6805,178.9465,135.1711
2021-04-06,202.3761,209.7709,159.9958,169.0751,258.2078,241.3325,237.1752,191.381,212.2826,181.3787,278.9465,102.3316,210.3725,329.9639,177.7444,135.1842
2021-04-07,208.0284,212.9938,159.521,169.565,261.2067,243.2417,239.5276,192.1326,215.2208,181.4951,281.8016,102.8142,211.9725,333.36,178.2794,135.0845
2021-04-08,207.7167,212.2234,159.5823,168.6915,258.7369,241.2744,237.6578,192.2072,213.3645,180.162,280.5343,103.6061,214.0063,331.7319,177.937,135.1779
2021-04-09,208.7396,211.3476,159.8241,168.7083,258.3231,240.2378,236.6534,192.9155,214.0733,180.1966,280.9453,104.3297,214.1741,331.48,178.2949,135.1632
2021-04-12,208.2905,211.3502,160.308,169.4756,258.3927,240.0289,237.2235,193.282,214.52,180.6232,280.6419,104.7493,214.6144,331.818,179.4512,135.107
2021-04-13,209.2891,211.9232,160.8172,169.3755,256.1696,238.9937,236.42,192.6786,214.4766,180.0018,280.1932,105.6167,216.5022,331.0907,180.1418,135.0947
2021-04-14,206.844,210.8243,161.1268,170.256,257.8131,241.0912,237.5863,192.8956,215.0775,180.3567,278.0314,104.4527,216.0143,325.4889,179.4353,135.1577
2021-04-15,202.3512,209.6044,162.4848,171.4547,258.3111,240.0127,237.4906,193.409,214.2967,180.8777,277.2742,104.0519,218.0919,325.3816,179.2261,135.1662
2021-04-16,202.0335,209.2617,163.1195,172.191,259.9238,240.3991,237.4758,194.4966,213.8765,180.917,277.0517,105.1541,219.7684,325.5431,179.9431,135.1734
2021-04-19,202.1048,207.6207,163.06,172.1837,259.3331,240.9363,237.6027,194.0637,214.4158,180.9178,277.7452,104.0991,218.8984,321.5266,179.9074,135.1636
2021-04-20,207.3693,209.803,162.9808,172.5492,262.3577,244.4746,240.6133,195.657,217.2845,181.6108,281.655,104.4426,219.8915,322.4285,180.5296,135.2303
2021-04-21,209.9603,209.5748,162.8657,173.3452,263.0093,246.134,242.4434,196.837,221.049,183.2456,282.6024,104.1233,222.5399,318.7282,180.9344,135.2654
2021-04-22,211.9613,208.4409,162.8803,173.5947,262.8761,246.0275,242.3406,197.0964,222.3206,183.1709,283.8258,103.9278,222.829,320.0012,180.352,135.3281
2021-04-23,213.0471,210.0651,162.9009,173.5925,262.9454,248.1374,243.6582,197.3806,223.1373,183.4218,284.3283,104.0039,222.9363,322.347,179.776,135.2908
2021-04-26,214.4722,209.8466,164.1957,175.068,266.0153,248.6753,244.1474,198.6695,224.538,184.4125,284.65,102.8821,223.349,331.2463,179.6265,135.2706
2021-04-27,213.667,210.1027,164.0873,174.8693,266.4599,248.5958,244.4143,199.0751,224.2783,184.5678,284.3181,101.9054,223.393,332.5294,179.03,135.3005
2021-04-28,215.5433,211.5966,164.0989,175.5419,265.8966,251.9509,245.9151,198.7396,227.1161,185.4765,285.075,101.2083,223.7428,334.6378,178.9738,135.2903
2021-04-29,218.3265,211.8763,164.2302,174.4971,265.0682,251.5116,245.5736,199.1911,224.405,185.8222,282.4454,100.3982,223.8363,344.4294,179.7062,135.325
2021-04-30,220.1072,212.706,164.5372,175.6157,268.298,252.7084,246.827,199.6548,226.1844,186.9035,284.3968,100.1634,225.3224,349.179,179.6464,135.3662
2021-05-03,218.8219,211.3987,164.4284,175.9974,267.0332,253.3072,248.1801,199.8828,226.1039,186.3299,284.1338,97.8557,226.4379,345.7135,180.1393,135.4874
2021-05-04,218.4912,211.0597,164.9826,176.1478,266.77,253.3727,247.9122,201.3658,226.6021,186.4672,284.2723,98.1784,226.6594,350.1741,178.8922,135.5162
2021-05-05,212.4287,207.607,165.5321,177.0895,264.7711,251.7164,247.7451,200.446,224.8328,186.8151,283.5723,94.8727,227.099,352.7538,178.3395,135.605
2021-05-06,211.5784,204.7417,165.304,176.2123,262.9578,249.3668,244.5861,199.2787,223.0209,187.0935,282.3753,95.4584,226.2995,352.2158,177.9053,135.5886
2021-05-07,209.2551,203.9909,164.7014,176.0805,263.9003,251.1029,245.2767,199.5401,222.6855,186.2364,279.8343,93.3072,224.8112,345.9319,176.9348,135.511
2021-05-10,213.2221,204.7369,164.0027,175.1719,262.0988,250.9368,245.0338,199.2563,223.4557,185.7399,281.5038,94.0833,225.6949,349.1356,176.2265,135.5909
2021-05-11,207.2931,201.0194,163.8618,174.8983,260.4378,248.9185,242.8997,198.1959,220.7429,184.9652,280.8703,93.3514,223.4566,342.5703,175.8203,135.6228
2021-05-12,207.9817,201.2827,163.2903,173.7301,258.4254,247.0065,240.6574,197.8263,220.3176,184.2588,280.8101,93.609,222.6888,341.4699,176.2632,135.724
2021-05-13,208.8278,201.1813,162.9206,173.5779,259.936,247.6366,241.557,197.5805,221.4448,184.8545,280.3188,92.4279,219.5068,338.4995,176.1989,135.8024
2021-05-14,210.0624,202.2403,162.5592,172.0405,255.4836,246.0721,240.9879,197.6201,219.4051,183.2308,279.435,92.718,220.2652,342.5466,176.2245,135.7948
2021-05-17,208.726,204.0676,162.9003,172.1171,257.225,245.1011,240.9204,198.3517,218.4122,183.4475,278.8255,91.5703,221.3219,347.488,176.8159,135.8365
2021-05-18,210.0589,203.1534,162.5821,171.727,257.3889,245.5809,241.1598,198.4407,217.6035,182.9777,276.3754,91.456,222.1806,347.6361,175.3203,135.9132
2021-05-19,204.6666,200.0942,162.5034,170.8196,253.385,243.1786,238.6657,197.6766,214.3771,182.1824,270.895,90.9957,221.2838,341.6767,174.5413,135.8643
2021-05-20,204.3059,199.9925,162.2258,170.271,253.573,242.6664,237.6359,198.3713,212.8998,181.3852,269.312,91.173,222.4944,341.627,174.1111,135.9534
2021-05-21,210.0134,203.5132,162.5086,170.2874,254.3292,244.4062,237.8057,199.6439,215.3881,181.0931,273.8075,90.4976,223.2653,355.3816,174.2738,135.9768
2021-05-24,207.0699,200.117,163.7702,171.2201,254.0295,243.9303,236.8661,200.2788,214.4663,181.5782,274.2133,90.5869,222.2583,356.9049,174.2844,136.0718
2021-05-25,209.101,200.5904,163.6428,170.7448,253.2057,243.3852,236.5649,199.845,214.4566,181.2541,276.4379,89.5518,224.6987,359.5617,174.3249,136.0738
2021-05-26,207.337,200.6302,163.4736,171.0481,255.6001,244.5903,237.2095,199.6352,215.6982,181.455,277.3992,88.5318,223.7418,351.8889,173.6589,136.0398
2021-05-27,209.8016,200.4358,163.4138,171.4185,254.9943,245.531,237.9138,199.2054,215.4609,181.1073,278.024,88.7245,223.3845,358.4482,174.2349,136.058
2021-05-28,209.6242,201.377,163.7696,171.6316,255.227,246.8283,237.0763,200.241,215.2485,180.0768,277.7002,88.2486,223.6735,362.7422,174.3417,136.0035
2021-05-31,208.0126,200.8088,164.2172,171.4397,253.5003,245.1716,235.6755,200.5734,212.7233,179.7423,279.2157,90.1369,224.078,370.7829,174.5643,136.0658
2021-06-01,208.2216,201.8224,164.8768,171.3531,252.1108,244.1452,235.2551,201.2068,211.9896,179.8977,279.1126,90.878,226.2473,376.0243,175.4052,136.0373
2021-06-02,206.3255,199.5483,164.5581,170.933,250.6148,243.776,234.7245,200.6351,210.8574,179.8271,275.8795,90.0087,223.6945,369.1305,175.846,136.057
2021-06-03,201.315,195.5125,165.7381,172.2391,246.5017,241.9562,233.5787,199.1694,209.63,179.5093,277.7363,90.4434,225.3205,370.3772,175.3167,135.9888
2021-06-04,199.3769,195.3128,165.7902,172.5797,248.0654,241.7893,233.1932,198.7205,209.5681,178.9972,275.9201,89.899,223.6752,364.6996,175.2484,135.9409
2021-06-07,198.94,193.6076,165.2741,172.3355,244.8616,240.9436,233.3466,197.8507,209.4552,179.2478,276.1261,90.2446,223.573,360.208,176.2692,135.899
2021-06-08,200.2341,194.6172,165.6741,172.6112,245.8139,241.6153,234.8019,198.6777,209.915,179.6105,276.9243,89.3848,225.0993,365.0429,176.0743,135.9929
2021-06-09,207.4051,199.3797,165.7834,173.579,249.1275,244.1227,237.2568,199.1418,212.2412,180.9727,280.3909,88.8108,229.5077,380.6502,178.4575,136.0203
2021-06-10,205.4712,199.2715,166.1732,173.0099,246.8888,244.2307,235.4852,198.8585,211.0485,180.1418,280.9406,87.8121,230.2928,380.7451,178.4357,135.9869
2021-06-11,204.6054,199.4969,166.2517,173.3141,247.1284,242.9957,234.4268,198.7926,212.4191,180.8472,281.7394,89.2358,228.5577,375.8901,179.8964,136.025
2021-06-14,208.7823,201.4809,166.2966,173.7233,250.3607,244.1758,235.1775,199.5692,214.7509,181.5315,286.5339,89.1135,232.1898,380.8025,179.7719,135.9904
2021-06-15,209.1854,201.8971,166.1341,173.9908,249.0025,244.4675,236.273,199.4818,215.7994,181.3668,287.0749,90.3907,233.4339,379.9188,179.176,135.9881
2021-06-16,209.361,201.2359,166.4993,174.3425,250.7706,243.3571,235.5897,199.8012,215.8632,182.0183,287.6931,90.182,234.8158,381.8722,179.1346,136.0148
2021-06-17,203.4173,196.9965,166.7871,173.7115,245.0144,239.7539,232.988,198.4284,213.8005,181.1267,286.9249,90.1808,232.0184,374.0375,178.7077,136.0851
2021-06-18,201.7093,197.0007,166.8296,174.1818,247.3678,241.4861,234.4544,199.2777,213.1989,181.7547,286.6941,88.8243,234.041,372.262,178.8684,136.0508
2021-06-21,202.22,198.3272,166.3804,173.5651,246.7094,241.3624,234.2373,198.7111,212.9061,181.4637,285.5494,88.374,235.82,369.6973,179.2729,136.0709
2021-06-22,204.7713,199.8214,166.4561,173.8678,246.6499,241.8382,233.674,199.0352,214.8858,181.4721,289.1539,89.258,237.2242,372.9541,180.1545,136.131
2021-06-23,204.4957,199.0882,166.6496,174.0389,246.5866,242.7983,233.4399,199.2843,214.9493,181.3264,290.3265,89.5459,235.2529,374.8185,179.7143,136.1708
2021-06-24,199.9627,198.5604,166.5657,173.9186,246.5257,241.6776,233.5529,198.5642,212.7823,180.9051,287.6128,90.1685,234.3628,364.751,180.2693,136.1806
2021-06-25,201.852,199.2238,165.5284,173.9939,246.9146,243.7944,235.0441,197.6842,213.0123,181.1818,284.7121,90.1811,234.8806,363.4392,180.6801,136.1941
2021-06-28,205.4211,200.3942,164.8919,173.3409,246.5931,244.2756,234.4515,197.469,212.7441,180.27,284.5679,91.6622,234.0678,366.7466,181.2213,136.2143
2021-06-29,204.0282,198.907,164.4373,172.0704,245.1887,243.0741,233.4158,197.8098,211.9511,180.1192,284.4096,91.3388,233.1736,359.7227,180.5919,136.2476
2021-06-30,199.6565,196.0541,164.0989,172.1737,243.6703,242.1726,233.6547,197.7061,210.2643,179.836,283.1102,91.7773,235.6662,352.5361,179.2856,136.2775
2021-07-01,204.3462,198.4066,164.3666,172.6851,245.8486,243.8813,235.5608,199.128,211.4379,179.822,286.0494,92.066,237.1237,362.9907,179.6811,136.443
2021-07-02,203.6692,199.3992,163.819,171.7149,244.8573,242.4229,235.266,198.2243,210.7444,179.1979,284.8189,92.0987,237.4329,356.0386,179.8881,136.5065
2021-07-05,202.3589,200.6199,163.6251,171.1306,245.1725,242.1891,235.0136,198.2954,210.3494,179.8949,286.0189,91.6141,235.3025,356.9383,180.6956,136.5071
2021-07-06,200.4931,198.4383,163.6388,171.3898,245.5327,240.9824,235.8513,198.7689,210.0874,179.9857,284.1646,90.8841,234.7775,353.6624,179.5699,136.5122
2021-07-07,200.9396,196.3452,164.2475,171.8294,245.1751,242.0599,236.8094,198.9506,209.7096,181.2029,281.1642,90.1266,233.9624,352.9024,180.6604,136.5185
2021-07-08,194.2078,193.9494,164.4576,171.9511,240.6327,241.6114,237.8255,198.8628,208.3351,181.1791,280.281,88.6981,235.1628,348.4542,179.3865,136.5508
2021-07-09,191.5423,191.0355,164.6664,171.9123,239.2315,240.8847,237.1476,198.8031,205.883,181.3639,276.712,88.7384,235.0245,345.4457,179.816,136.5742
2021-07-12,192.9549,192.1499,165.0791,172.3896,238.8442,241.5701,238.4071,198.956,207.3426,181.7754,277.0127,89.1164,236.1626,343.1246,181.1649,136.6926
2021-07-13,194.3531,192.5693,165.1099,171.6458,237.6315,242.1342,237.197,197.9927,207.1425,181.1222,279.4385,88.003,236.356,344.4421,181.2477,136.6783
2021-07-14,198.4282,193.1575,166.2002,172.815,239.2707,242.463,238.2977,198.8433,208.5334,182.161,282.8106,88.87,242.1018,352.4228,181.8734,136.7293
2021-07-15,199.6316,194.3344,165.811,172.1011,239.0043,242.6728,238.6789,198.5372,207.1786,181.3547,282.0817,89.4288,243.8209,349.024,182.8733,136.756
2021-07-16,202.4535,195.4244,166.407,172.7954,240.4857,244.3016,238.5759,199.5236,209.6281,182.0602,284.3788,90.1681,243.5452,352.1281,183.7346,136.8351
2021-07-19,197.5613,192.0237,166.7072,172.9819,239.0733,242.0189,237.4061,198.5776,208.6581,181.928,284.3771,89.9957,239.1457,346.7581,183.0453,136.8211
2021-07-20,199.4558,192.3796,165.6671,172.2785,242.0429,243.7809,237.243,199.2641,210.1927,182.4476,285.7462,90.8758,234.0443,341.441,182.9794,136.8802
2021-07-21,200.6213,191.1232,166.1772,172.6305,242.2899,243.6024,237.091,199.7833,209.8876,182.5346,287.0086,92.6908,232.7994,342.7149,183.8945,136.7933
2021-07-22,198.3595,188.9047,166.2171,173.1385,241.9138,244.4959,236.2921,199.413,210.3661,182.6431,285.2969,93.8726,228.2937,334.9611,184.2625,136.8992
2021-07-23,195.6038,185.7025,167.0339,174.3193,243.1429,245.6651,237.6295,200.7809,210.8877,183.6316,283.7686,92.5174,227.8176,332.4295,182.8446,136.8488
2021-07-26,192.4548,183.9857,166.7449,174.3095,241.998,245.037,237.2884,199.6801,209.9933,183.9859,285.1369,92.3862,224.3846,333.9724,182.0012,136.8287
2021-07-27,187.6261,183.7169,166.9315,173.4596,237.6819,243.4578,235.8027,198.8671,208.1423,183.3298,287.355,93.6488,223.8217,330.3208,181.9257,136.8361
2021-07-28,187.7375,185.1473,166.0139,172.6523,239.266,244.1987,236.6581,198.5985,207.2159,183.2269,284.6637,94.3092,224.0722,325.4296,181.4016,136.89
2021-07-29,185.0676,184.2505,165.9964,172.5122,237.4294,242.9787,235.9221,198.3896,206.4901,182.4255,284.151,94.2828,224.1168,323.0588,180.6404,136.9091
2021-07-30,183.8119,184.4664,166.1519,172.5234,238.6555,242.3909,235.7052,198.4314,206.7378,183.2948,283.1862,95.4097,224.902,320.0342,179.7288,136.8987
2021-08-02,181.1758,183.3164,166.853,173.204,238.2846,241.9352,234.7522,199.1815,205.9344,183.7994,279.7124,95.1151,227.3448,322.2052,179.0302,136.9501
2021-08-03,184.3269,185.4996,167.4713,174.2707,241.4138,242.763,236.4542,200.8719,209.2293,185.1367,281.6719,95.3695,232.2947,323.3681,179.4015,137.0238
2021-08-04,187.5658,187.2348,166.4672,173.5902,242.5734,243.5722,237.4209,200.5019,210.4512,184.9568,284.8416,96.602,233.0352,324.7945,177.8543,137.0589
2021-08-05,186.6593,188.1266,165.672,172.5868,241.4629,244.1157,237.5402,200.2697,210.6716,184.9401,285.0084,95.2552,232.4588,322.9388,176.7195,137.0698
2021-08-06,187.8091,189.0955,166.6289,173.7223,245.2708,245.1563,238.0141,201.0826,210.9024,186.2819,283.3591,95.7397,233.6261,326.9396,178.0442,137.044
2021-08-09,187.2666,189.5503,166.9155,172.9854,241.4991,241.361,235.726,200.3267,210.5986,185.8127,286.3906,96.3475,234.6887,334.521,176.9857,137.1424
2021-08-10,187.5729,191.1471,166.6358,173.7535,244.448,244.6784,239.1502,200.9005,211.7216,186.3985,283.9136,96.7805,235.6353,331.7889,175.8648,137.0813
2021-08-11,191.0601,193.0229,167.0275,173.8578,249.3055,245.93,238.891,201.4944,211.422,187.6239,284.4331,94.7056,237.2196,339.3274,177.6571,137.2159
2021-08-12,190.1314,193.4229,167.1792,174.1926,250.4811,246.3464,239.8322,201.722,211.3022,188.023,282.9446,95.2826,238.1431,336.7149,177.5371,137.2182
2021-08-13,189.4219,193.5093,167.4921,174.1745,250.7071,245.9627,238.9426,201.4824,210.3406,187.4615,283.5904,96.2265,237.4771,338.2564,177.3228,137.203
2021-08-16,191.4115,194.078,167.3629,174.4905,251.2267,246.3578,238.7253,201.78,213.0535,187.7573,283.8241,95.6967,235.8987,336.852,178.1194,137.1461
2021-08-17,189.9188,192.6912,167.1,175.1319,250.5699,247.9956,240.5163,201.2892,213.4019,188.356,283.2777,93.3932,236.6519,332.382,178.8644,137.1011
2021-08-18,190.7029,192.4426,166.6738,174.9341,249.9689,247.9403,242.6673,201.802,213.9165,188.6771,283.7024,92.7474,236.3204,330.5045,179.1382,137.1414
2021-08-19,192.4024,193.7274,165.9489,174.4323,249.5426,246.8552,241.7654,201.6243,214.7589,187.8702,284.1667,95.059,236.3235,330.0053,178.5923,137.1462
2021-08-20,189.8759,193.2067,165.9847,175.0902,249.0367,246.1062,242.2406,200.9028,214.2085,187.7109,282.8739,94.9265,235.8813,327.2926,179.4366,137.0991
2021-08-23,194.0395,196.0197,166.1235,175.4008,250.4097,247.8733,243.6521,201.6982,215.7349,187.6188,283.1598,96.1381,240.514,328.1836,180.3243,137.1037
2021-08-24,189.4627,192.0002,166.051,175.445,247.7834,246.0029,242.1897,200.8027,214.4279,187.2961,281.7914,94.7389,237.8486,327.4612,178.2305,137.1568
2021-08-25,186.5609,188.9218,165.7332,174.9182,246.326,244.9725,239.9043,200.3044,213.2022,187.219,278.0291,93.7468,237.754,316.7766,178.5871,137.2378
2021-08-26,187.7423,190.2634,165.4376,174.3965,246.4472,245.3105,239.1984,200.0297,213.2212,187.3202,279.8337,94.0733,238.1965,318.1623,179.2314,137.3114
2021-08-27,187.643,188.6901,164.8934,173.9456,244.8174,245.9471,239.8841,200.2343,213.1522,187.1769,276.1962,94.446,235.7979,310.2583,179.65,137.3297
2021-08-30,190.4475,191.1998,165.2991,174.0923,246.2659,245.6695,240.0785,200.5291,215.1186,187.5717,279.9627,93.8447,236.6384,316.05,180.1362,137.3987
2021-08-31,189.1484,191.0458,164.9484,173.2988,244.8952,244.3919,238.3061,199.9038,213.8348,186.7816,279.0628,93.4015,235.638,315.7438,180.0172,137.3354
2021-09-01,188.0806,191.3164,165.8852,174.0265,244.0295,243.6824,238.1855,199.5168,212.2926,187.208,279.2946,92.6318,238.6467,324.5352,180.9795,137.3873
2021-09-02,191.3055,193.7098,165.8992,174.6519,245.1355,244.992,239.8975,198.7224,215.0517,187.3086,283.5717,93.1419,237.532,326.0452,181.9273,137.3035
2021-09-03,191.4117,194.3824,165.4969,174.8059,244.1678,244.7585,239.7009,198.4226,214.7475,187.3677,283.2261,94.2797,240.2923,327.4835,182.7304,137.3251
2021-09-06,189.7168,195.7133,165.504,174.9142,245.7883,244.0416,238.3829,197.8931,214.9914,187.7325,283.6447,94.441,240.9307,325.5314,182.8545,137.4322
2021-09-07,193.1765,199.1691,164.6687,174.1016,246.9787,246.5508,239.7515,197.9955,216.8717,188.2163,284.7712,93.9364,241.1065,324.0945,183.4181,137.4811
2021-09-08,192.4652,197.668,164.2874,173.8979,244.0453,245.8555,239.3171,196.5281,215.8796,187.6579,286.9878,93.7965,240.5843,326.6816,183.1993,137.523
2021-09-09,193.5507,197.7951,164.3003,173.7328,242.8568,245.2445,238.2811,196.0075,216.443,187.6837,286.8202,93.9434,242.2116,327.1058,183.0694,137.6646
2021-09-10,194.0328,200.2547,164.5429,174.0613,243.9995,246.4373,240.2791,196.6509,216.9928,187.8425,287.5824,94.7099,240.3249,328.4252,184.3321,137.674
2021-09-13,197.8479,203.0363,165.5065,174.8462,244.7318,247.0299,240.7768,196.7736,218.3085,188.7466,290.2178,94.7619,242.3266,340.9809,185.8795,137.6966
2021-09-14,197.1177,204.7657,165.0184,174.1522,244.0934,245.2325,239.2182,195.8808,218.438,187.7307,292.4813,95.0547,241.944,340.0465,185.5306,137.7839
2021-09-15,194.297,202.1473,165.2326,174.1654,242.9233,245.6934,239.3356,196.3549,217.399,187.7064,290.3429,94.0588,240.8811,336.3654,184.7143,137.8495
2021-09-16,194.5379,204.403,166.434,175.5372,245.8457,248.4772,240.8482,197.1049,217.6749,188.7149,291.8866,94.8305,242.7666,345.5071,184.8089,137.9319
2021-09-17,194.8212,204.1813,166.413,175.3221,244.9829,248.5443,241.0284,196.7923,216.2717,188.3931,293.2051,96.1295,243.5611,346.0011,185.4231,138.0415
2021-09-20,194.8796,204.0045,165.2087,174.3297,243.1586,248.9132,241.8913,195.993,215.1676,187.9824,292.2956,96.4547,244.3462,342.1285,184.9813,137.9843
2021-09-21,194.6546,201.862,165.4947,175.3772,248.1948,251.1304,242.4563,196.6585,215.8808,189.3139,294.0012,96.076,243.1591,339.2807,184.5648,138.0538
2021-09-22,197.6905,205.6241,166.007,175.9837,249.8301,250.5988,241.7691,196.7483,218.1631,189.5004,296.6214,97.4576,244.5116,345.7982,185.8239,137.9804
2021-09-23,198.5855,205.6311,166.1171,177.0601,250.2106,252.6235,243.6548,197.3286,218.9231,190.1891,295.7884,98.0107,247.4316,347.4067,186.4316,138.0072
2021-09-24,198.5054,208.8198,166.0133,176.7623,252.6699,252.3894,243.3981,196.9514,218.6134,190.0661,295.1184,97.7387,247.4458,346.8699,187.1831,137.9658
2021-09-27,196.4963,207.6442,166.4048,176.0414,249.1981,249.8983,241.3586,195.8047,215.7719,189.651,294.0553,99.2444,246.5522,347.7322,188.0646,137.9365
2021-09-28,197.698,207.4752,166.1609,174.7437,247.552,247.4357,236.9803,195.0179,214.7707,188.8409,297.7413,101.3109,249.1411,349.5541,187.8648,137.8538
2021-09-29,195.719,206.6455,166.3818,174.5478,245.1446,245.1499,235.2109,194.833,214.0983,187.7485,300.1309,101.4585,249.8316,347.6262,188.4603,137.895
2021-09-30,198.893,208.5722,166.8584,175.0905,246.7328,244.9099,235.3823,195.3251,214.9024,187.7184,301.7754,101.5678,253.9859,353.1066,189.556,137.9674
2021-10-01,197.8332,207.4277,166.9418,174.1818,243.7735,242.9599,234.1544,195.6694,213.9792,187.205,302.4149,102.4735,253.8202,349.2915,189.8698,138.0487
2021-10-04,196.8463,205.7179,167.4749,174.929,242.137,242.7088,234.3957,196.346,217.2425,187.6705,302.2847,102.2095,252.5311,342.7728,189.1217,138.0729
2021-10-05,195.5556,204.0308,167.4702,174.813,241.9966,242.208,233.9033,196.7209,216.5581,187.2994,300.074,101.9851,254.0621,339.4294,187.7218,138.0269
2021-10-06,191.6182,201.758,167.774,174.7412,239.8148,242.2526,233.8734,196.9764,215.3573,188.0322,296.9103,102.3292,254.8425,334.5562,186.7273,138.1058
2021-10-07,192.5721,204.3133,167.3368,174.2443,239.5778,241.2143,234.2082,196.3195,214.9555,188.1799,293.3367,103.4793,256.9956,335.5087,186.671,138.1054
2021-10-08,187.8954,201.6161,166.2292,172.8136,235.9998,238.9562,233.0488,195.6527,211.9101,186.4927,289.8531,102.7551,251.9853,326.8159,186.4595,138.0198
2021-10-11,191.4501,202.6335,166.5764,173.0178,235.3244,239.7533,233.2041,196.4396,212.6848,186.9839,289.9952,102.8502,254.2052,334.6119,187.6432,138.0342
2021-10-12,196.6185,205.8593,166.8928,173.4068,235.7439,239.3342,234.4752,197.2298,215.161,187.4305,292.7052,102.7915,257.4946,345.6457,188.3296,138.0475
2021-10-13,196.3009,204.6267,166.9317,173.0336,233.8897,240.2592,234.38,197.7988,214.0491,186.3609,290.8198,102.7942,258.109,346.6706,186.7302,138.0513
2021-10-14,198.7287,205.0372,167.4342,173.6553,234.1671,240.6065,235.109,198.7268,214.6055,187.6426,290.9438,103.4099,260.6093,359.4929,186.2335,138.094
2021-10-15,197.6305,204.4396,167.2183,173.6103,233.3604,240.8992,235.7282,198.1276,213.3269,187.2135,290.7078,103.9492,259.7758,361.0651,185.5298,138.0264
2021-10-18,202.9932,207.4706,167.0619,173.4938,234.2138,240.3943,235.9377,198.0004,214.1595,186.952,293.3767,104.5277,260.6396,373.3299,186.5817,137.9446
2021-10-19,201.9968,204.7804,166.9666,172.8974,232.8061,240.526,235.8802,198.3811,214.0046,186.9577,292.3711,104.9583,256.5602,366.3479,185.9838,137.8218
2021-10-20,199.8705,203.4386,166.7582,172.6577,230.7874,240.4476,235.8827,197.7946,213.2836,185.9919,291.068,105.2275,253.0746,362.5562,185.2934,137.8305
2021-10-21,200.645,203.8608,166.4171,173.2001,231.9292,242.2454,236.246,196.6201,214.0748,185.0254,291.447,105.7048,251.3341,359.1116,185.2327,137.8716
2021-10-22,199.0424,201.3753,167.1672,173.8844,232.4347,240.6393,236.3831,197.3195,213.0951,184.9145,288.0399,105.509,251.7214,356.8888,184.9623,137.8759
2021-10-25,203.9769,203.1305,168.2887,175.8161,235.6765,244.0072,237.1728,198.3569,217.3599,185.7931,291.5353,105.4102,256.1259,364.1875,185.0261,137.9238
2021-10-26,206.4534,203.6033,168.1409,176.1423,238.7667,245.6591,239.2768,198.9119,218.2105,185.8306,290.7675,104.6976,257.0027,359.0578,185.3477,137.8721
2021-10-27,203.3609,202.8668,168.8756,176.4704,238.9086,245.9012,238.7614,198.2195,216.159,185.3382,288.3438,106.0394,256.1699,353.7532,185.8473,137.7541
2021-10-28,201.1666,201.4417,168.7116,175.8112,236.1775,244.755,236.7045,197.2933,215.6249,184.4737,287.7406,105.7234,257.4813,347.565,184.9957,137.6646
2021-10-29,199.2157,200.7043,169.2881,176.7697,237.6092,245.354,237.3912,198.1621,216.8605,185.1136,288.5898,106.8952,254.9803,347.1901,183.937,137.6422
2021-11-01,196.3753,200.8174,169.0323,177.3998,239.0827,246.6539,238.6401,198.1881,216.4588,185.2843,284.5523,106.5222,253.6464,340.6895,184.5971,137.6096
2021-11-02,193.8247,199.3558,169.3874,177.6647,238.3609,246.7491,238.7223,198.1322,214.7152,184.784,282.5848,105.9865,250.8177,342.0467,184.4836,137.5619
2021-11-03,197.2583,201.9825,169.2054,178.1215,239.9112,250.3625,242.0931,198.5133,214.381,184.6617,281.6736,106.7843,250.3418,347.4753,186.1463,137.536
2021-11-04,198.1829,203.5871,169.2415,178.1402,239.3915,251.1322,243.9599,198.5293,214.5321,185.2787,281.7893,105.9546,250.5366,349.7692,187.7483,137.5496
2021-11-05,193.719,198.6359,168.6931,177.233,235.7647,248.1312,242.4056,197.4825,212.3992,184.5418,277.4994,107.194,246.8847,337.5168,186.179,137.5784
2021-11-08,194.7098,200.0626,169.2117,177.5984,238.5057,249.3802,242.9469,198.8771,212.1861,185.1316,277.4618,107.4015,249.5161,343.1333,185.9196,137.6169
2021-11-09,198.4524,201.5205,170.5972,178.9726,241.2131,251.673,245.1714,200.6951,213.5983,186.442,278.3059,109.1007,251.5432,348.6944,187.7851,137.6572
2021-11-10,197.0861,202.5534,170.9063,179.1923,240.6286,252.4894,245.3445,201.4283,214.5636,186.0701,281.4548,108.9544,251.555,351.9287,186.7534,137.6377
2021-11-11,200.0571,204.1408,170.9293,179.5355,241.8156,253.6961,247.555,202.6288,215.8502,186.4172,282.5848,110.362,250.3317,358.2153,186.6947,137.6681
2021-11-12,200.7246,205.078,171.1298,179.7945,242.3535,252.7555,246.864,202.5649,216.7903,186.6107,284.1327,109.3438,251.2387,359.6173,187.9736,137.675
2021-11-15,200.0703,204.4175,170.879,178.6756,239.8483,250.6865,244.3343,202.2585,216.5693,186.1051,284.0782,109.1746,250.0594,361.3379,186.47,137.6607
2021-11-16,200.5703,203.8651,170.4136,178.0689,239.0115,250.7904,244.8564,202.2779,216.3554,185.7909,282.7197,108.8519,252.463,356.3761,185.5094,137.7709
2021-11-17,197.3847,203.4601,170.5878,176.9357,235.5025,247.6811,242.1401,201.7379,214.3578,184.7499,281.6646,110.188,252.2063,353.2351,185.3126,137.7502
2021-11-18,197.1358,200.675,169.7451,175.7217,231.5615,244.5188,240.4118,199.9625,211.5286,183.6836,278.5333,109.5481,252.2164,356.2539,183.9967,137.8016
2021-11-19,197.548,200.779,170.208,176.8988,234.7943,245.7648,242.1574,201.6996,212.7509,185.1152,280.1,106.9992,252.2692,365.7127,184.0208,137.7432
2021-11-22,197.2845,199.3226,170.3942,176.8066,232.2031,245.429,241.2556,201.526,212.4668,184.9506,280.5264,106.2961,251.8425,366.7432,184.8982,137.8029
2021-11-23,194.9788,199.1785,169.9875,175.6983,228.7675,244.4695,240.1013,200.6361,209.9562,184.022,279.6016,107.0274,252.0189,371.8471,183.0847,137.8393
2021-11-24,191.4401,198.3544,170.9778,176.9476,230.0742,245.5555,241.2384,202.5889,209.6873,183.883,280.1963,106.6861,253.4978,372.5091,182.3449,137.8035
2021-11-25,187.2863,194.5488,171.4067,176.53,228.2157,243.4952,240.2113,203.1169,207.6286,184.3273,278.4027,106.5562,252.8632,365.597,181.9629,137.8644
2021-11-26,189.1844,195.7643,170.8866,176.0575,230.5913,243.7295,239.526,202.548,207.3041,184.6066,277.7327,107.8149,251.1343,368.4725,181.5384,137.9214
2021-11-29,192.537,194.3731,170.6964,177.0455,232.9123,246.7457,241.4267,203.3683,208.6601,185.5251,277.437,107.3696,250.6025,370.2998,182.1544,138.0011
2021-11-30,190.8121,196.5754,170.3,176.5502,231.2733,247.7647,243.063,203.9108,208.9178,185.484,278.3149,107.4942,250.2706,372.2338,181.2384,138.039
2021-12-01,192.9792,197.7963,170.6993,176.667,231.4538,247.2958,243.7568,204.8427,210.4269,186.519,283.1679,107.0579,252.3871,380.7598,181.4363,138.0964
2021-12-02,192.9285,197.2899,170.3389,176.9851,230.5978,247.5396,243.9626,203.733,210.3932,186.4233,282.6556,107.8924,253.3487,381.073,180.971,138.0778
2021-12-03,189.3127,194.4211,170.8086,177.074,227.8299,246.661,243.6294,203.2218,210.4964,186.4434,282.9849,106.9657,251.2744,374.7607,179.9996,138.1092
2021-12-06,189.69,196.2825,170.743,178.2229,227.9985,247.9317,245.1273,203.1457,213.805,187.0073,285.1965,107.6115,251.0851,374.6264,180.4111,138.1155
2021-12-07,188.6405,195.9775,171.4718,179.0105,226.814,247.8147,245.7435,203.9256,214.1435,187.0288,289.9189,107.3795,254.8904,378.9869,180.7084,138.1674
2021-12-08,193.4418,196.8452,170.9556,179.0469,228.3739,249.259,245.5807,203.6513,215.2521,187.1559,291.0375,107.4883,257.0379,384.7979,180.7954,138.1708
2021-12-09,195.9394,198.5046,170.3245,178.8896,230.0708,249.9404,245.7693,204.0066,217.1052,187.2579,291.4945,107.7234,258.3163,378.8607,181.7974,138.1485
2021-12-10,198.3929,200.1409,169.6552,178.6586,231.3258,251.5316,245.7298,204.1485,218.6277,187.3032,293.2112,106.9552,257.3274,387.9431,180.0627,138.263
2021-12-13,197.2117,198.1855,169.296,178.1917,231.5293,251.6187,244.0384,203.9084,217.9947,187.2065,292.5272,107.6647,256.4854,381.795,179.0854,138.2034
2021-12-14,197.6719,199.1174,169.4495,179.2193,231.8057,253.1594,245.9851,204.6714,219.4994,187.444,293.7058,107.9049,258.52,385.2765,178.9388,138.2501
2021-12-15,202.8454,204.647,169.3897,178.9455,234.0939,254.9688,248.4098,205.9501,219.5139,188.1581,294.593,110.1694,264.147,396.158,180.1145,138.2302
2021-12-16,200.6655,203.4661,169.209,178.9732,233.3022,255.3786,249.2052,205.5378,218.0574,187.7206,292.0907,110.6525,261.5628,392.4262,179.9995,138.308
2021-12-17,200.4407,203.1378,170.2327,179.5038,233.4693,254.2863,247.8803,205.9197,218.0768,187.9148,294.1971,111.0957,262.0975,399.6124,179.9988,138.2373
2021-12-20,207.267,209.0633,170.074,179.8681,236.4767,256.6635,250.7231,206.2772,220.6634,188.8576,294.9114,110.9206,267.9892,407.9132,181.3774,138.2113
2021-12-21,204.1993,206.878,170.1502,180.3237,236.5435,257.2622,252.8291,206.5796,220.3225,189.0446,293.752,111.0999,262.067,403.022,180.676,138.2746
2021-12-22,202.6269,207.5699,170.4433,180.5057,235.5985,257.8604,253.9533,207.0705,220.8948,189.2107,296.3542,110.0672,264.0338,402.02,180.8393,138.2575
2021-12-23,201.8879,207.6523,170.1733,180.2217,234.7795,257.1238,254.2492,207.0221,220.9925,189.0543,296.7732,110.3935,263.9488,400.8214,180.129,138.3162
2021-12-24,199.8409,206.0401,170.13,180.7245,234.7334,256.7706,254.066,207.2727,221.3947,189.6962,295.5001,111.3827,265.8933,395.212,179.5263,138.3254
2021-12-27,196.7189,202.5604,169.093,179.8876,233.4513,256.0488,251.5863,206.1925,221.0056,189.0178,292.8075,109.5824,265.6666,379.8012,178.1379,138.3422
2021-12-28,201.3409,202.8755,168.0093,180.2006,235.9234,259.4709,254.4822,206.5291,223.8379,189.2556,291.0329,109.0266,264.5465,374.271,177.8459,138.3675
2021-12-29,203.3299,205.3379,168.186,179.9219,236.8207,258.1997,254.1475,206.1858,223.5443,189.0132,292.2891,108.9432,266.1598,377.3387,179.3734,138.439
2021-12-30,200.798,203.4583,168.1016,179.8569,235.4628,259.2371,254.4162,205.7467,222.3016,189.0777,289.2929,109.1913,263.8013,370.1878,179.737,138.4561
2021-12-31,204.1759,205.3074,168.8771,181.0088,236.5408,261.2508,257.2475,206.0917,224.7339,191.3412,291.9025,111.3714,266.0782,374.975,181.22,138.4308
2022-01-03,204.3052,205.8694,168.651,180.9006,236.5248,261.8041,258.6903,205.4816,223.9943,191.0993,290.9909,111.0853,266.6393,372.3627,181.4543,138.5368
2022-01-04,207.7827,207.7817,168.9327,181.8918,238.33,261.6807,260.3115,205.2416,226.7075,191.4071,294.7885,111.2011,267.0561,378.9352,181.5793,138.5371
2022-01-05,212.1842,212.2947,168.0999,181.3412,241.1481,263.9092,262.6489,206.1505,228.7711,191.3289,293.2983,111.125,265.6275,380.8339,181.2805,138.5111
2022-01-06,212.2519,212.8478,168.0406,182.3351,241.6612,265.41,265.5073,206.5873,229.0595,190.4553,292.8239,111.5079,263.328,383.3244,181.4953,138.5378
2022-01-07,214.4993,212.4972,167.5618,181.4017,240.4218,263.8965,262.351,205.7353,229.5323,190.083,292.5637,111.9038,267.8981,378.2552,181.2988,138.5796
2022-01-10,218.9886,216.5698,166.4765,180.5232,242.4172,263.8601,263.8182,205.301,230.6459,189.9571,294.587,113.2131,264.9705,382.5247,181.5675,138.5407
2022-01-11,218.1409,218.2136,166.1123,180.0388,240.3146,262.4828,264.1454,204.5634,231.7442,189.9338,296.8545,111.9181,263.3696,384.2984,181.5104,138.5742
2022-01-12,217.1974,217.6346,166.3159,180.8359,240.9179,265.7024,265.2907,206.0447,233.2843,190.1369,298.0991,112.1626,261.2056,381.4464,181.9228,138.6075
2022-01-13,218.3501,216.8407,166.8145,181.1947,241.2195,264.3872,264.9273,206.3801,233.1327,190.479,301.0431,111.3139,261.6943,385.6187,183.7299,138.6053
2022-01-14,223.5004,219.7376,166.8139,180.602,241.7304,263.8486,264.1904,206.6802,234.7586,190.8213,303.8616,111.2961,262.7017,393.016,184.7035,138.6938
2022-01-17,220.1977,219.5773,166.744,180.3656,243.452,263.2604,264.0687,207.5422,234.6056,190.3402,301.2685,110.0044,260.394,384.1479,183.9533,138.6637
2022-01-18,217.431,218.0658,166.7834,180.5544,243.5756,263.7059,264.1724,206.9833,232.8596,190.4725,299.3514,110.9965,256.9857,382.0094,184.1418,138.6503
2022-01-19,214.1647,214.9293,167.5881,181.5581,241.5582,263.1918,264.7285,206.6292,232.1835,190.6738,296.4832,111.6179,258.6684,375.5633,184.1593,138.6831
2022-01-20,212.2372,212.2568,167.2387,181.6735,242.389,263.3021,265.3939,206.1762,230.1981,189.3464,295.2157,110.8862,256.549,369.2009,183.6889,138.7545
2022-01-21,214.8015,212.4785,167.3382,182.0639,243.4852,264.0208,267.1003,206.4437,230.6009,190.108,294.4312,112.1557,257.3669,367.1993,185.3776,138.697
2022-01-24,214.289,210.4218,167.3552,181.3673,240.488,261.8333,266.7164,205.3714,230.812,191.1998,297.6755,111.9696,256.1938,364.3331,185.7128,138.7954
2022-01-25,210.3495,209.3477,167.645,181.2514,237.7813,262.2626,266.146,205.0278,230.539,190.7564,295.3143,110.7565,254.0565,360.5894,184.6069,138.8124
2022-01-26,213.9873,212.208,168.3395,181.4607,239.4213,262.4531,266.3854,205.3289,230.667,190.7228,298.178,109.7059,256.7336,371.512,185.7891,138.7766
2022-01-27,211.8057,207.6023,167.8137,180.6538,236.9852,260.9569,264.1565,204.2936,230.3434,189.6217,298.5271,108.9766,253.1049,359.6018,184.696,138.7622
2022-01-28,212.7418,209.7282,167.6676,180.3297,236.1975,259.4748,263.6665,203.5726,230.8869,188.9714,300.7715,110.4321,251.189,358.2956,186.4752,138.8488
2022-01-31,216.786,213.2818,167.2645,180.5468,240.101,261.5642,266.177,204.2634,230.8734,189.1012,301.8517,111.9303,252.0353,365.875,186.9763,138.8028
2022-02-01,213.062,209.5524,166.9738,180.86,241.3433,264.3656,267.9804,204.5343,230.8264,190.1121,297.3327,110.7679,247.0391,351.4678,186.5382,138.737
2022-02-02,210.749,208.0571,165.8182,179.5647,238.5175,264.7538,267.4879,204.0052,230.5741,189.0567,295.9531,110.5053,244.1998,338.3444,186.0094,138.7429
2022-02-03,209.1739,207.3197,165.9299,179.5495,238.6625,264.5016,266.5458,203.7811,229.9324,189.4056,295.1163,108.9632,244.9044,336.8192,186.3899,138.6978
2022-02-04,212.4485,209.1228,165.4865,179.3194,238.5538,265.467,266.9281,203.8463,230.1445,188.6044,295.2867,110.1208,245.0442,337.3299,188.1149,138.7939
2022-02-07,214.4916,212.6065,165.3022,180.1517,241.8342,267.8385,267.8502,204.237,230.8673,188.7587,294.9139,109.9157,251.4784,342.0766,188.2475,138.8989
2022-02-08,214.4712,213.5523,166.022,180.4715,242.5245,269.4935,268.6908,205.7749,231.9269,189.4551,295.4545,110.1573,254.2313,342.1039,187.759,138.8951
2022-02-09,212.7077,210.1586,166.6537,180.7243,241.2275,270.5835,268.4006,206.8567,232.1955,190.1738,298.4227,110.5967,249.7172,341.4179,188.004,138.9307
2022-02-10,212.6631,211.1118,167.3161,181.4848,243.8115,269.9821,268.4153,208.0859,232.6495,190.6593,298.6289,110.3108,251.0871,344.4394,188.6821,138.909
2022-02-11,212.6533,212.4529,168.1248,181.8493,244.7074,270.2524,269.0591,209.3426,233.9759,191.5254,300.6694,109.1891,251.2306,349.5977,188.6094,138.9155
2022-02-14,211.7289,211.3578,168.0861,180.9344,241.5485,266.8275,266.8406,208.0975,231.6612,190.1799,298.6527,109.2393,251.1699,347.7088,189.0986,138.9859
2022-02-15,213.5867,212.4715,168.2417,181.2979,243.0623,268.2154,268.2703,208.2732,232.4469,190.3089,299.6778,110.017,250.2024,350.2126,189.062,138.8643
2022-02-16,212.996,209.6104,168.0184,181.1671,244.5597,266.5503,267.4638,208.3809,231.9024,190.1354,297.533,110.9455,250.022,340.5596,188.5112,138.7967
2022-02-17,212.6024,209.1381,168.701,182.0624,244.154,267.5883,268.7935,208.3952,232.0538,190.7907,296.0281,111.1499,248.3521,344.278,188.7617,138.841
2022-02-18,212.4249,208.471,168.2995,183.025,246.8816,272.1854,270.906,208.9632,232.66,190.9665,292.8531,110.9141,248.7532,338.463,188.3914,138.9507
2022-02-21,211.024,206.4872,168.4715,182.1581,243.9113,271.378,269.4182,209.4944,231.4794,190.6848,292.7385,111.3491,247.5263,334.3321,188.9992,138.9873
2022-02-22,208.5264,204.265,168.9403,181.552,243.3285,269.1126,265.7362,210.0258,230.576,189.8366,291.0404,109.1123,247.378,330.535,188.1036,138.9634
2022-02-23,207.6916,203.0753,168.8219,181.5132,240.5508,267.8462,264.6872,208.7245,229.7808,189.0057,291.2073,109.2261,247.7929,330.6913,188.3068,138.9367
2022-02-24,209.9189,203.5847,169.181,180.8003,241.0465,266.1142,261.6449,208.1012,227.4986,189.501,289.5837,107.454,250.4699,343.0404,188.4082,138.9308
2022-02-25,210.5233,202.9633,169.219,180.8506,241.0835,266.3631,260.9426,208.0008,227.3817,190.058,289.7034,108.893,253.762,341.8006,188.3299,138.8759
2022-02-28,214.8741,205.3985,169.2245,180.5845,240.2248,265.5664,261.2113,208.2591,228.9448,189.6704,291.81,109.2248,252.4034,351.5416,188.7365,138.865
2022-03-01,215.9121,208.5883,169.6118,180.8514,241.8512,265.9288,261.3249,209.2386,230.4601,190.3557,293.4889,108.6764,255.2555,358.0027,188.7134,138.8412
2022-03-02,211.5894,206.6635,170.197,180.6506,237.5278,263.5538,259.3977,209.1764,230.4778,189.7198,298.7644,107.4961,254.7555,356.5954,188.9589,138.8324
2022-03-03,207.8892,202.8857,169.8766,179.9373,234.8143,261.4022,258.4844,208.3037,230.4703,189.7799,297.6589,105.4424,249.6955,348.8634,187.5089,138.8579
2022-03-04,207.3708,202.5681,169.0752,179.5534,234.6859,261.5692,258.8816,207.8743,231.1401,189.7046,298.1817,105.5283,246.5302,346.0127,186.6626,138.7858
2022-03-07,212.2059,205.727,168.6166,179.0368,236.655,262.3046,259.532,208.7282,232.9684,190.025,300.0695,104.7714,248.6404,351.8046,186.7979,138.6982
2022-03-08,212.2446,204.1461,168.9967,179.3532,234.5512,261.183,259.1307,208.5287,233.3079,190.6799,302.0403,102.8074,248.8053,360.7007,186.6268,138.725
2022-03-09,216.5327,207.1202,168.7341,179.2464,235.7542,263.348,261.2252,209.133,234.9048,190.4024,306.1165,103.4226,250.9931,365.4437,186.3675,138.7142
2022-03-10,214.9026,205.8286,167.7126,178.2959,235.4016,264.018,261.6534,208.9943,233.7528,189.2956,302.6087,102.983,249.4267,354.629,185.1753,138.6673
2022-03-11,217.8176,209.4421,167.0407,177.6223,236.0441,265.3884,261.46,208.1056,233.5209,188.746,303.2273,102.5178,249.3715,361.1808,185.6938,138.7239
2022-03-14,218.627,210.8073,167.2575,177.6226,238.291,266.7631,262.6172,209.8102,232.9863,188.9497,303.6623,102.3306,249.2858,367.6172,185.371,138.6435
2022-03-15,213.9305,208.581,166.9534,176.9685,234.2865,265.7038,261.5979,209.1769,231.2892,188.3297,303.6317,101.0261,248.6027,364.8516,184.5359,138.7423
2022-03-16,213.5959,206.1411,166.4055,176.5244,234.1022,265.4699,260.9585,208.6899,231.3468,188.8928,301.399,101.6333,248.3729,354.6741,184.1638,138.7159
2022-03-17,210.5557,204.842,166.5029,175.7642,234.0351,263.4152,259.5058,208.9903,229.3796,189.154,296.9939,101.5078,247.7171,348.8871,183.6626,138.7615
2022-03-18,210.1348,204.6558,166.0966,175.5705,232.6532,262.7054,259.3379,208.727,228.933,188.1039,299.9256,101.2807,247.9539,353.2795,182.7245,138.819
2022-03-21,209.1458,203.5244,165.8194,175.0873,230.3928,261.4441,259.1358,208.8323,227.3234,186.7303,296.7223,101.711,247.6339,349.8008,182.7486,138.8032
2022-03-22,208.5634,202.2888,165.6615,175.854,230.1945,262.6695,260.0928,209.2925,228.3356,186.4714,297.4337,102.4945,250.4169,343.7524,182.683,138.8042
2022-03-23,205.5209,198.599,165.779,176.555,230.1156,263.9015,258.7271,208.0,227.9723,186.3846,293.8907,101.8761,248.3457,335.698,181.8717,138.7635
2022-03-24,206.8442,199.8825,164.9583,175.5786,230.2481,264.088,256.5182,207.1154,227.6816,186.175,293.7287,101.7538,248.9427,333.6885,182.7706,138.7814
2022-03-25,201.5788,197.4188,165.3088,175.8703,229.2043,263.0342,254.9365,206.9775,226.3231,186.3595,291.2466,102.7282,247.3557,327.199,182.6963,138.7928
2022-03-28,202.9475,199.4058,164.9052,176.0925,229.9363,263.0794,255.7696,206.5831,228.2199,185.8018,292.8967,103.4428,246.6936,324.4853,183.2835,138.8444
2022-03-29,201.8773,200.5253,164.2816,175.812,228.1505,262.8785,255.3594,205.4928,228.3159,184.9817,293.5444,102.6833,246.8101,325.7123,182.7352,138.9086
2022-03-30,202.0958,202.2679,164.9955,175.9853,228.5559,262.718,255.3366,205.3921,228.3227,185.8892,296.058,102.4002,250.1555,332.0152,182.7955,138.9177
2022-03-31,200.1452,201.3043,165.2067,175.96,226.7505,262.2737,254.9747,205.0608,226.6288,185.8867,292.6023,102.0033,249.3384,331.5737,183.8361,138.8387
2022-04-01,200.8993,201.5477,165.2257,176.3634,227.8276,260.2758,254.4838,205.8548,228.2471,185.9021,293.8404,102.173,250.2596,332.8389,183.6094,138.7954
2022-04-04,202.6371,203.611,164.3187,175.2673,227.2857,258.9846,253.8332,204.9649,226.8082,185.1894,292.7777,103.5348,248.1921,336.1484,184.5066,138.7633
2022-04-05,204.7671,207.662,164.2316,174.5884,228.3574,258.7811,254.0114,205.5137,227.6718,185.1657,293.8877,102.8098,248.3211,338.3646,185.8497,138.8162
2022-04-06,207.3,209.2288,164.8187,175.7401,231.7791,259.9459,255.1725,205.5265,228.4704,185.9685,293.2981,102.357,250.2597,341.7957,187.3039,138.8327
2022-04-07,208.8297,210.5564,164.397,174.3966,229.0197,258.7362,254.3869,205.2042,227.552,184.6707,293.9075,103.2149,246.9921,345.7093,187.4563,138.8726
2022-04-08,209.0472,212.1199,165.1047,174.2358,230.3971,258.935,253.3031,205.1556,227.8101,185.7293,296.1916,103.3876,248.6976,347.9861,187.6386,138.7629
2022-04-11,205.1725,211.4035,165.3143,174.3987,229.5142,259.4585,254.6164,206.0853,227.352,185.2209,295.5153,103.5963,247.0492,343.5338,186.6217,138.8032
2022-04-12,205.1268,211.8884,165.9062,174.7434,230.3938,260.6485,255.8249,207.2852,228.3992,186.0671,296.1874,103.8943,248.1089,336.407,188.5346,138.7354
2022-04-13,208.8084,215.6453,166.4473,175.3001,232.9391,263.7957,256.3892,208.4735,229.6248,187.0058,295.6415,102.3998,254.2087,343.266,189.9963,138.796
2022-04-14,205.7269,213.3753,166.9011,176.0931,233.557,264.2266,257.3228,208.6808,228.4272,187.4584,296.3058,102.7773,253.8753,341.5313,189.9124,138.7895
2022-04-15,204.8446,211.4234,166.6201,175.9384,232.2447,264.7084,258.8787,208.6496,227.2935,187.5175,293.7727,102.4404,252.3139,337.5292,190.2542,138.8087
2022-04-18,210.5616,213.2703,166.388,175.4216,234.5625,264.5392,258.1294,208.1578,227.6055,187.8909,294.6339,103.3562,254.732,341.7252,190.9009,138.7941
2022-04-19,214.7353,217.097,166.0199,175.6032,235.355,268.0607,259.5308,207.8912,229.9163,188.3769,295.9961,103.7596,256.9883,342.9003,192.3376,138.8192
2022-04-20,216.5506,218.4265,165.3814,174.5313,235.4108,267.0279,257.6086,207.2101,227.9923,187.5412,293.4855,104.4458,260.9593,344.3212,191.86,138.7706
2022-04-21,217.7242,218.9153,165.4603,174.8492,236.0258,266.7168,257.7243,207.0706,228.9617,187.679,294.296,104.859,258.3285,347.8738,192.0853,138.7333
2022-04-22,223.8844,220.4954,166.2829,175.6561,238.1691,267.2179,258.7554,208.6389,231.2573,188.3852,297.0047,107.5588,259.9706,353.5621,193.6444,138.731
2022-04-25,225.1166,222.5362,166.7095,175.7534,238.3173,268.1497,260.52,209.3997,231.7423,188.5801,299.0831,108.0842,259.5521,356.3947,194.6034,138.7234
2022-04-26,221.6702,219.3121,166.5951,174.9484,235.5752,266.6177,258.2988,208.808,229.8378,187.6171,295.6651,106.5366,253.8005,348.736,195.6353,138.735
2022-04-27,225.3219,219.9916,166.4716,175.2214,237.4306,266.5141,259.5633,209.3011,230.3032,187.8726,294.6021,106.8152,253.6045,355.0563,195.4081,138.7551
2022-04-28,225.8285,219.8621,166.913,176.192,237.7813,267.7862,259.8159,209.7187,232.0057,187.7552,297.0246,105.4359,252.7085,357.3441,196.4899,138.7304
2022-04-29,228.2578,222.7911,166.7139,176.2155,240.2161,268.9852,259.8885,210.5169,233.5197,187.9305,295.1927,104.6929,254.0786,357.2974,197.1128,138.8061
2022-05-02,228.9536,224.9238,167.277,177.3362,240.4448,270.5018,261.7171,210.4306,235.7043,189.5766,297.4185,105.3609,257.6942,360.7909,197.9219,138.8558
2022-05-03,226.0669,223.481,166.7447,175.842,236.6109,267.0707,257.2416,209.2641,232.9563,188.3686,294.636,105.7779,256.1182,360.0021,197.7773,138.8172
2022-05-04,224.9795,222.8246,166.8245,175.5253,235.7357,266.9505,257.2319,210.0178,232.2143,187.3882,292.6706,105.6277,258.9144,352.7475,197.5241,138.8174
2022-05-05,224.8441,223.4031,168.1511,175.974,236.6624,266.0293,255.771,210.2733,231.2992,187.7266,292.3969,106.7219,259.9159,358.8752,197.8056,138.8663
2022-05-06,221.9031,222.0746,167.7792,175.8372,235.7309,265.9747,256.8629,209.9416,229.7974,187.5139,288.8508,107.5801,260.4059,353.7966,196.2067,138.8421
2022-05-09,221.0672,221.3352,167.8539,175.4845,234.4368,265.9338,256.4533,210.3666,228.8885,187.594,288.3642,106.5302,260.2208,357.4516,195.95,138.8251
2022-05-10,221.3023,220.8069,167.8906,175.1053,233.4583,266.5101,255.2106,210.1486,228.2334,187.4438,290.0876,105.565,261.6559,363.4578,194.9603,138.7866
2022-05-11,223.5463,221.3986,167.6267,174.6253,234.3603,266.2008,255.2626,210.4243,226.6582,186.9284,288.8561,107.1426,262.7773,366.0019,194.874,138.8283
2022-05-12,228.013,224.0252,168.1795,175.4487,236.9096,267.5342,257.5796,211.636,226.6385,187.0886,288.9963,107.7411,266.3976,375.0345,196.3631,138.8712
2022-05-13,227.0829,224.2839,168.5262,175.6927,238.6009,266.2145,256.8785,211.0869,225.0656,186.3298,290.285,109.11,264.6054,377.0685,196.7115,138.8957
2022-05-16,222.9366,220.465,168.2184,175.2566,237.6427,263.0715,253.886,209.9849,223.2462,185.6482,286.2065,109.1314,262.3354,371.2342,194.7425,138.8935
2022-05-17,221.1089,219.7769,167.5251,174.0612,235.9414,262.0428,252.8757,208.7792,221.0857,184.5062,284.0127,108.9766,260.469,364.4763,194.5968,138.8875
2022-05-18,216.6791,215.4527,168.5201,174.7435,234.4768,260.8065,252.3039,209.4138,218.4762,185.208,281.6885,108.9203,260.4649,367.8882,194.47,138.952
2022-05-19,214.5797,212.8627,168.6604,174.6364,232.4051,258.378,252.4393,209.1804,217.8834,185.4866,280.1937,110.0591,258.6941,364.3586,193.7816,138.8751
2022-05-20,210.6961,210.7348,168.5838,174.7347,230.5109,257.667,251.8537,208.4052,216.9134,184.9716,278.5166,109.5906,257.6738,358.092,193.5745,138.8869
2022-05-23,213.5742,212.0275,168.404,174.5715,231.433,256.8873,251.4921,208.6312,217.2372,184.7512,279.5146,110.429,257.2262,364.9501,193.5909,138.8536
2022-05-24,212.4556,211.6994,169.1824,174.7741,231.3357,255.5662,250.2414,209.411,216.8626,184.7198,277.9314,107.8323,256.9145,367.7133,194.7335,138.8515
2022-05-25,214.3045,213.5717,168.9562,174.9916,231.7637,257.0783,252.0925,209.7115,217.3771,184.114,279.606,108.1554,257.5176,372.061,194.5089,138.8783
2022-05-26,213.2947,211.5949,169.1431,175.1037,232.7282,257.2724,252.6165,210.7791,217.5731,184.5927,279.9562,107.584,256.6202,368.292,193.9063,138.8808
2022-05-27,210.3896,210.9807,168.8531,174.6766,231.1596,256.6778,251.7951,208.8648,214.7758,184.7278,279.6419,108.5188,256.1709,366.5393,195.192,138.8488
2022-05-30,209.4522,210.4784,169.6339,174.9895,231.0586,255.6348,250.7983,208.8012,214.5249,185.0658,282.0793,107.8079,256.3302,370.5968,195.7904,138.8705
2022-05-31,213.8796,212.2516,170.2911,175.6686,233.1845,257.0512,252.1097,209.5637,215.9216,186.0227,282.5006,108.6817,257.7943,376.3755,197.0369,138.7837
2022-06-01,218.3122,214.0595,170.7236,175.9069,235.1419,259.5068,253.738,210.5241,216.9616,187.1337,285.1451,108.2789,260.0672,386.168,197.0969,138.8402
2022-06-02,222.232,215.4622,170.7931,176.1857,237.5792,261.1719,254.8861,212.1514,219.079,187.3635,287.1548,108.7047,257.782,389.5832,197.6722,138.8373
2022-06-03,226.2949,215.8099,170.4,175.0149,236.4886,260.5049,254.7975,213.4585,218.1803,186.5596,289.0215,109.3554,259.6416,393.6172,198.1235,138.911
2022-06-06,227.9414,216.9549,170.6047,174.9997,235.7463,259.4856,254.727,213.3755,219.1288,187.6862,289.6448,110.9539,257.989,396.2184,200.0074,138.8539
2022-06-07,227.2168,217.1588,170.0172,174.7065,235.7779,258.909,254.6198,211.864,217.8005,187.5815,287.9325,112.3369,257.2343,393.4737,200.1817,138.8618
2022-06-08,226.2032,215.3203,170.0888,174.5338,235.0891,258.6937,255.2913,212.309,217.1455,187.5861,288.2652,110.6613,257.677,390.8004,200.1263,138.901
2022-06-09,226.8664,216.952,169.8999,175.1586,236.7509,260.4289,256.1811,212.1077,217.5011,187.9066,287.6618,110.6534,260.9417,390.5774,200.9398,138.855
2022-06-10,224.6377,213.5015,170.3261,175.1533,237.161,259.9957,256.679,212.9831,216.2461,188.8758,285.7737,111.3266,257.8383,387.8474,199.9894,138.795
2022-06-13,225.5359,214.7968,170.158,175.6636,240.4179,263.5531,258.2303,213.6766,218.9414,189.1999,286.1262,110.0814,255.2357,382.4093,199.3444,138.7951
2022-06-14,233.0752,217.2583,169.2493,174.9355,242.9111,265.3615,259.9668,214.051,220.3626,189.1768,286.7246,111.0142,252.9271,389.6713,198.3751,138.7088
2022-06-15,234.9383,216.5137,168.3483,174.002,240.8248,262.6506,257.1828,213.0711,220.222,187.3763,286.3058,112.1201,252.9066,384.7997,198.5077,138.8591
2022-06-16,235.1477,215.8863,167.5783,173.1811,241.3235,261.814,256.0652,212.6426,219.1699,187.2099,283.5399,111.2632,254.2264,380.5237,198.0028,138.8036
2022-06-17,234.5221,215.5182,167.019,172.027,242.9549,262.1597,255.1098,213.0808,218.0977,186.9064,281.0306,110.118,251.0115,372.197,198.1906,138.7971
2022-06-20,229.5869,210.9929,166.9885,171.6338,238.0944,260.4328,252.4267,211.1833,215.0142,186.0099,280.6853,111.0392,248.835,371.0056,197.7174,138.8457
2022-06-21,229.7933,210.2461,166.5407,171.0037,237.1151,259.0024,250.9977,210.7947,213.9179,185.5004,279.246,111.3979,249.0534,371.1635,197.5248,138.7654
2022-06-22,230.5548,212.4589,166.4961,171.0257,238.3856,260.7383,251.7345,211.5424,215.0242,185.5719,279.8265,110.8684,249.0296,368.1658,198.7801,138.7401
2022-06-23,223.5471,207.4925,166.5367,170.8972,236.52,258.478,249.6209,211.404,214.09,185.4892,277.1022,110.5384,246.7438,352.3539,198.2846,138.6565
2022-06-24,227.0044,209.4364,165.9566,170.6993,237.4772,259.0597,249.273,211.5113,214.8345,184.5723,277.723,113.0084,247.2372,352.4895,198.4757,138.7353
2022-06-27,227.846,207.7681,166.5743,171.3549,239.7531,259.1179,249.809,212.4007,215.3382,184.8185,276.4547,113.6149,246.8708,352.4269,196.9177,138.6241
2022-06-28,227.7632,207.7055,167.6337,172.3371,239.689,258.9366,250.0789,212.6762,215.9196,185.7101,275.0082,114.7323,248.0661,352.0759,198.5865,138.6515
2022-06-29,226.1805,206.3901,167.4902,171.8982,236.64,257.944,248.7271,211.8568,215.3559,184.7582,274.4605,114.3457,245.6089,353.3478,197.5751,138.6081
2022-06-30,225.3316,206.0506,166.9866,171.1229,235.5386,257.166,248.261,211.3858,213.8658,184.4949,272.7634,114.4476,243.6323,355.1808,196.8646,138.5605
2022-07-01,226.9378,207.4315,167.036,171.3559,233.8673,258.0439,249.6763,211.4923,215.9779,185.1863,273.5678,113.1868,245.1523,357.0954,197.5351,138.4789
2022-07-04,224.9731,205.8373,167.6419,170.9139,234.0393,254.9064,246.0188,211.1018,213.2472,184.3387,273.4337,111.3734,245.5785,358.5172,198.7985,138.4481
2022-07-05,223.0072,205.3421,168.4875,171.4839,233.2692,253.1187,244.9736,210.9299,212.503,184.295,272.8072,111.9877,245.232,360.3615,200.0471,138.4863
2022-07-06,227.6597,207.667,167.6954,171.2598,235.0736,252.4029,245.0406,209.6257,212.4535,183.9566,275.3521,112.4263,247.0914,370.2308,199.7406,138.54
2022-07-07,228.0502,211.1709,166.6733,170.1424,235.6893,253.0513,245.1135,208.7739,212.5025,183.2902,276.9256,111.6985,248.174,368.2287,198.929,138.5302
2022-07-08,231.3681,214.7787,166.6501,170.9575,238.4557,254.4444,247.9849,209.9426,214.38,183.7344,278.0503,113.2492,248.3845,370.3338,200.9714,138.5713
2022-07-11,234.0544,216.6348,166.3134,170.8948,239.8032,254.7287,248.3551,209.3566,213.8868,183.8269,277.256,113.704,251.7599,371.3459,202.2477,138.5346
2022-07-12,232.4663,212.4443,165.6074,170.5731,238.4236,254.6272,248.3465,209.1822,213.5648,183.1857,274.0679,110.9937,248.2629,367.182,199.8247,138.6478
2022-07-13,233.7206,213.9421,165.6654,170.9612,241.1213,256.574,249.4065,209.7863,213.3617,183.4306,274.5708,110.5478,248.5755,372.7208,200.0181,138.6665
2022-07-14,237.3128,215.9887,166.0327,170.9507,241.4168,255.39,247.8032,209.2481,212.3551,183.2296,275.8979,111.4684,253.6639,383.8703,201.0992,138.6863
2022-07-15,240.8111,217.1669,166.7251,172.4766,245.4917,257.7773,250.7771,211.4049,215.033,184.7981,276.8968,111.6838,256.2697,386.7878,201.8336,138.6698
2022-07-18,239.2955,217.084,166.3427,172.4487,246.1209,256.2749,250.0155,210.7136,213.5876,184.9816,277.0306,112.4433,259.4378,383.7635,203.0839,138.6859
2022-07-19,243.2612,219.7487,166.1728,172.4977,245.2525,256.766,251.5851,210.3376,214.5316,185.3506,279.0285,112.3288,262.5355,392.2096,203.8232,138.7287
2022-07-20,243.7611,220.0071,165.8676,172.4177,246.0686,257.4557,253.9746,210.4054,214.6102,185.5685,279.6312,112.9069,260.8441,392.194,202.7277,138.6658
2022-07-21,246.3613,221.4259,164.9254,171.9144,246.6977,258.1548,253.971,209.6873,214.7972,184.9965,277.6478,113.9764,263.9391,384.3624,203.0656,138.6897
2022-07-22,249.7733,222.4537,164.59,171.8195,247.9483,257.8025,254.2561,209.186,214.1604,184.122,276.8942,115.5744,264.2733,389.7741,202.2033,138.6915
2022-07-25,249.9417,222.9468,165.1342,172.2146,248.1751,257.9819,255.0393,209.5017,213.9929,184.5209,276.9878,117.2945,264.8642,390.321,203.0649,138.658
2022-07-26,251.6892,223.7713,165.6248,172.7585,247.7085,257.4162,254.3252,209.9392,214.3734,185.1115,276.2188,118.2233,265.8886,402.1287,203.4903,138.6483
2022-07-27,258.049,226.948,165.3473,172.2659,250.0827,256.1918,254.9182,210.3628,213.5298,185.5097,276.3736,118.1923,268.2677,420.9989,203.1488,138.8075
2022-07-28,248.1867,223.0502,165.7209,171.867,246.7878,254.1289,253.6433,208.9855,209.403,184.8985,273.1169,116.6271,263.8094,416.3232,202.5208,138.7987
2022-07-29,244.1033,219.5588,166.5722,172.0343,244.9073,253.8338,252.4268,209.4186,208.1493,184.3977,272.8699,115.9542,263.604,413.4074,201.6019,138.8159
2022-08-01,248.1067,222.859,166.6105,172.1523,245.0159,255.0791,254.2485,210.2597,209.5207,184.0439,273.3975,114.2406,265.4621,421.1278,202.3897,138.7777
2022-08-02,248.5724,224.7298,165.98,171.9875,248.8847,256.5226,254.7173,209.8968,210.6525,184.1314,272.4131,112.8723,261.1118,412.9037,202.8645,138.7838
2022-08-03,246.2861,222.9025,166.1459,172.3421,248.6382,255.4733,252.5683,209.3072,211.113,184.0914,269.0249,113.141,262.5978,405.036,201.9576,138.7637
2022-08-04,243.8438,222.2249,165.7386,172.3687,250.8522,256.8508,252.1066,210.2425,212.0764,183.7717,268.5716,114.3719,259.9377,392.1455,201.2511,138.7323
2022-08-05,245.3929,223.0677,167.3086,173.6695,251.6499,257.0672,251.1567,211.6427,214.1307,184.2711,271.4957,114.9192,260.859,398.8458,203.1024,138.7605
2022-08-08,249.1402,226.3067,167.172,173.3812,251.0525,258.0167,253.3491,212.5772,216.216,184.8065,275.6329,114.2133,260.546,402.891,204.9604,138.7377
2022-08-09,254.2368,229.5493,166.7256,172.5343,250.7181,258.1594,253.699,211.9522,217.3911,184.3448,277.5481,113.4647,260.087,409.3251,204.7086,138.7351
2022-08-10,256.5868,230.423,166.3484,172.9747,251.9551,259.3576,256.1054,212.4859,218.3583,183.8451,278.9923,113.7302,261.3668,408.8361,204.5368,138.7265
2022-08-11,255.6376,229.9945,166.034,172.1485,250.6669,258.1181,255.6483,211.8709,217.1045,183.4918,276.2083,114.009,258.1399,407.7747,203.8737,138.7842
2022-08-12,254.576,228.8552,165.9395,171.9527,250.4097,257.6588,254.9034,211.1832,216.4235,183.7604,275.6022,114.7127,256.9676,405.8904,203.708,138.748
2022-08-15,254.5012,228.6936,165.2985,171.1316,249.9469,255.8087,253.2564,210.6484,216.2301,183.4917,275.4282,113.5981,257.1232,401.7653,204.1364,138.7228
2022-08-16,250.6284,226.991,165.3364,171.1575,248.0597,255.5372,252.4732,209.6027,215.3071,183.2623,275.018,113.2319,256.9842,396.3011,204.2719,138.7854
2022-08-17,246.027,223.9854,164.897,170.2486,246.4395,253.9859,251.0791,209.4102,214.2531,183.1626,272.9183,111.4401,254.0227,383.9678,204.3819,138.744
2022-08-18,250.8623,228.7794,164.8408,170.449,248.8029,255.1981,252.041,209.8839,217.7421,183.7376,276.3008,112.1173,253.6505,388.6021,204.8577,138.7613
2022-08-19,246.7611,226.5518,164.3698,170.0979,247.2899,252.7549,250.1442,208.4317,216.1794,183.5521,275.7234,111.7494,250.9096,385.6794,205.2493,138.7451
2022-08-22,242.8372,225.4178,163.4097,169.0531,245.8282,251.7383,248.6239,207.2477,214.9813,182.8931,276.1171,110.7664,248.58,378.5275,204.5872,138.7661
2022-08-23,235.2572,221.9961,164.0812,170.2014,245.8394,252.0133,249.7432,207.3739,212.8909,182.9676,273.5581,110.9657,247.2668,371.5879,204.4959,138.8259
2022-08-24,236.153,221.9269,162.9655,169.4307,245.0006,252.3544,250.3248,207.2193,213.3592,183.6129,274.2821,109.7295,245.2524,371.1953,204.8673,138.8671
2022-08-25,234.4511,219.814,162.7642,168.6605,242.1379,250.3934,247.4857,206.5345,211.7811,182.8558,274.3957,110.6754,244.1149,369.2077,205.163,138.9412
2022-08-26,233.4013,221.0335,161.5621,167.8718,242.4953,249.5152,245.5454,205.5065,212.5119,181.7721,276.4781,111.3876,240.745,362.1719,205.3516,138.9077
2022-08-29,231.2966,220.313,160.991,167.2456,242.2147,248.0975,244.3767,204.3177,210.7177,181.1923,273.419,112.4608,238.1533,355.9941,205.5873,138.9614
2022-08-30,235.4626,224.1991,160.4894,166.9666,243.8994,250.1345,247.1205,204.9526,212.1908,181.3756,273.382,112.3406,238.5891,359.513,204.8942,138.9892
2022-08-31,232.1464,224.0682,159.9809,165.9825,243.5271,249.7784,246.0599,205.1705,211.3719,181.0875,273.4383,111.2475,236.4061,352.3996,205.1206,138.9725
2022-09-01,228.2695,222.14,159.6994,166.1644,243.1648,249.8371,246.0783,205.0456,212.8715,181.2452,275.8569,109.9551,232.3731,345.0817,204.443,138.9945
2022-09-02,229.7434,225.1705,159.6862,166.5666,245.5506,251.6367,247.5307,205.9791,214.7766,182.1893,277.1574,109.5617,234.3394,349.8168,203.4933,139.0443
2022-09-05,231.7992,224.939,159.2726,166.3791,243.4785,250.8093,246.5185,204.4323,215.2143,180.7859,276.7375,108.8299,234.5251,348.9781,203.5754,139.0291
2022-09-06,231.3232,224.5106,159.0588,166.132,243.9256,249.9399,246.6532,204.0534,214.819,181.0773,278.7292,109.1119,234.0702,350.0851,202.7125,139.062
2022-09-07,233.1141,225.7929,158.5225,165.6268,244.2444,249.3412,245.843,203.2153,214.1392,180.7592,278.0477,110.1759,235.0847,350.3185,203.3627,138.9883
2022-09-08,233.9263,227.9406,158.7281,164.8784,246.7262,248.5081,243.7782,203.2521,212.5397,181.2003,276.3836,110.4383,235.4978,354.0307,203.8114,139.0762
2022-09-09,234.5614,227.5793,158.8047,165.3913,246.2447,248.6984,244.1208,203.4345,213.8489,181.1739,276.6802,110.2717,240.2808,350.9805,203.3572,139.006
2022-09-12,241.2124,233.507,158.7702,165.2658,248.4406,250.6864,244.515,203.5478,215.8519,182.0145,280.8662,109.8857,240.0658,362.7047,206.1239,138.951
2022-09-13,236.4642,232.7307,157.6931,164.1951,246.4622,247.8994,242.8048,202.0271,214.3086,181.4518,280.5227,109.2419,236.9206,361.3443,204.3509,138.987
2022-09-14,232.2495,230.6425,157.6371,163.2989,242.0864,245.153,240.9764,201.3163,211.3004,180.3193,279.4161,109.7734,237.9047,354.1399,205.9845,138.9544
2022-09-15,232.8054,233.1911,157.9319,163.2998,242.8802,245.6992,241.3129,201.5294,211.2955,181.4509,280.297,108.6137,241.3884,363.8308,205.3467,138.8976
2022-09-16,231.9799,232.4922,157.8302,163.1044,242.6037,245.2901,240.8915,201.4938,209.8882,181.2197,281.9944,110.6788,241.1295,361.5879,206.695,138.8981
2022-09-19,232.7742,233.3367,157.8199,162.9138,240.5577,244.5388,240.0839,200.3168,208.6481,180.8488,280.8143,111.1314,242.2797,364.6059,208.506,138.9525
2022-09-20,233.072,231.4468,158.4704,163.1486,241.1177,243.8602,239.2397,200.8033,208.2842,180.7742,279.2466,110.2496,240.7616,365.8484,208.6895,139.0342
2022-09-21,232.7921,231.881,158.0056,162.7794,242.672,243.9723,238.8852,200.3891,207.8459,180.7412,277.8522,109.2138,240.547,361.7128,208.7532,138.9957
2022-09-22,228.5478,229.0957,157.847,162.6282,239.4285,242.7268,238.8379,199.9623,207.8402,179.5051,275.3405,108.3424,239.1661,350.6917,207.386,138.974
2022-09-23,228.4248,229.2322,158.3135,163.5335,240.2811,242.4388,240.0513,199.477,207.549,179.9295,274.1656,109.9257,240.4244,355.4605,206.5441,138.9443
2022-09-26,226.4796,229.5485,158.1616,163.2911,239.4857,241.7063,240.1836,199.196,206.5314,179.1757,273.5396,109.0945,239.1943,353.9983,207.0706,138.9815
2022-09-27,227.925,234.3351,158.0638,163.0323,241.7542,241.5641,238.9869,199.069,206.0564,178.7722,272.7892,110.2665,242.5372,356.9507,208.0039,138.9613
2022-09-28,225.6525,231.9688,158.1184,162.4797,240.0476,241.4896,237.3897,199.1889,205.8696,179.9394,273.057,109.3101,241.2835,354.0567,208.3367,138.9323
2022-09-29,224.5091,231.4534,157.8361,162.4163,240.4317,241.6006,236.7647,198.342,205.6143,180.3202,272.2608,108.1691,239.5865,355.5048,207.7873,138.9045
2022-09-30,224.7165,231.7393,157.7909,162.586,244.2676,242.2213,237.4901,199.2815,207.2755,182.3322,270.3806,106.4654,237.6517,350.7832,208.2361,138.9718
2022-10-03,224.8285,233.6696,158.3555,162.4888,242.997,241.6598,237.8313,199.6917,206.9917,182.1092,273.4369,105.1354,238.9801,356.1377,209.8542,139.0019
2022-10-04,223.8492,233.3194,158.3782,162.3857,241.7735,240.4594,236.9423,198.9724,205.9644,182.1285,272.6204,106.1741,238.0938,358.2555,210.2698,139.1251
2022-10-05,220.5726,231.363,158.5419,162.3081,238.3781,238.3035,235.8739,198.9247,205.5749,180.7413,273.6619,106.0514,238.1808,357.0084,208.8462,139.1212
2022-10-06,218.6106,229.8022,158.0941,162.2812,237.516,237.7726,236.1891,198.0998,203.9679,179.6761,273.4428,106.0666,238.776,356.3776,207.5254,139.1334
2022-10-07,217.8413,227.4907,157.7885,162.5282,236.7802,237.3018,236.5079,197.267,204.6933,179.8399,272.5575,105.6292,237.4701,352.678,206.3351,139.1931
2022-10-10,216.3188,227.2876,157.5095,162.2584,234.9623,236.624,235.7691,195.9742,203.8896,178.871,270.1692,104.8879,237.9522,349.9975,205.7901,139.1977
2022-10-11,217.9943,230.1933,156.7361,161.3005,234.5071,236.6218,235.3973,195.5617,204.4914,178.4761,270.4774,104.7938,238.2676,348.7655,205.9506,139.1764
2022-10-12,216.9104,229.3282,156.7002,161.0456,234.9435,236.317,234.3298,195.0256,202.7963,178.667,270.1387,105.9404,240.0407,345.5129,206.4952,139.2451
2022-10-13,216.0921,229.3841,157.4983,161.5707,235.8814,236.2173,234.4227,196.5818,202.9341,179.5805,270.601,106.5202,238.3358,350.1615,207.6465,139.2887
2022-10-14,212.8185,227.5192,156.6152,160.9873,235.9407,236.537,233.7583,195.7391,201.3419,179.0861,268.3025,106.1394,234.373,341.3994,207.8142,139.3405
2022-10-17,208.2005,225.7659,156.7644,162.0446,236.3946,237.6148,235.9938,196.2161,201.7235,180.1421,267.6617,105.3544,233.1361,336.1027,207.931,139.3606
2022-10-18,205.4165,221.5985,155.9306,161.6311,234.4913,236.0413,234.0404,195.3301,200.0264,178.8076,265.674,106.2829,233.4374,330.0438,205.6442,139.3996
2022-10-19,211.4437,226.0543,155.7987,161.8298,238.3777,238.2978,233.8986,195.6154,201.8617,179.4404,267.4952,106.7256,235.7137,337.1588,206.8687,139.46
2022-10-20,209.1842,221.1328,155.5001,161.3125,235.7182,237.2413,232.53,194.8237,199.5774,178.9172,264.3646,106.279,234.0438,330.5073,207.2078,139.4468
2022-10-21,211.4757,221.7574,155.8082,161.4995,235.0365,236.7266,232.3493,195.7382,200.3433,178.8485,266.0188,106.6654,234.7426,336.1681,208.1181,139.5262
2022-10-24,206.3872,218.6083,156.8902,161.6134,230.5508,235.2259,229.7839,195.7623,198.728,178.8275,267.5505,107.0166,236.7666,337.7064,208.0057,139.6316
2022-10-25,206.4311,219.7662,156.8749,162.1474,231.1962,235.9779,230.9274,195.7474,198.7305,179.084,268.2079,107.6038,237.6523,342.0237,208.149,139.6755
2022-10-26,208.5175,222.2593,158.5711,163.8879,232.7818,235.73,230.9161,196.6309,201.2282,179.7685,271.4549,109.046,242.5985,348.4341,209.7462,139.6045
2022-10-27,209.3295,222.8405,159.696,165.557,234.3239,237.8272,231.8298,196.0655,201.839,181.3093,274.2223,109.8207,246.4089,354.13,211.8494,139.6277
2022-10-28,209.6823,222.8246,159.9793,165.8412,235.8227,238.7085,232.5301,195.8308,201.9919,182.7791,274.8338,108.9287,246.1985,358.372,211.4993,139.7399
2022-10-31,212.1285,225.2167,160.1635,165.9016,237.811,239.7348,233.4725,196.1592,201.8034,183.3808,274.3216,112.3274,245.9033,359.2598,212.9101,139.7559
2022-11-01,209.322,222.3424,159.8646,165.6061,236.5574,239.6053,233.8877,196.1187,200.031,182.5124,272.6621,110.188,245.33,354.5486,212.1286,139.7736
2022-11-02,213.2301,227.5039,160.159,165.7452,235.1129,239.903,233.9983,195.8641,200.1927,181.668,275.4931,111.0704,251.189,370.0044,213.1037,139.8438
2022-11-03,211.6217,226.4546,161.07,166.8076,233.329,238.9135,233.3406,195.7558,201.9763,181.6934,277.9954,110.9887,249.6846,370.2719,214.2224,139.8787
2022-11-04,211.2631,227.8705,161.1012,166.734,234.4432,237.6166,233.3954,195.7449,201.9107,182.0549,278.6404,111.6478,249.9684,372.9068,213.7526,139.8924
2022-11-07,207.4946,225.4869,160.4782,165.4347,231.7289,235.553,231.7338,195.326,200.0913,181.4479,276.1746,111.8798,248.4967,361.9039,213.3949,139.8523
2022-11-08,205.9221,219.8404,160.5539,166.3533,232.5016,236.1141,231.9693,195.532,199.5871,181.2482,275.0022,109.6715,244.313,357.2962,213.9428,139.8796
2022-11-09,209.6197,220.5349,161.2333,166.2324,233.0547,234.9885,230.4733,196.2596,199.5622,181.669,276.4433,111.2916,248.635,362.0954,215.4508,139.9267
2022-11-10,206.3105,219.6888,161.57,166.6927,232.138,235.3725,230.7033,196.2497,199.3553,181.8145,274.0414,109.2874,249.5367,353.0978,217.7101,139.9525
2022-11-11,210.4973,222.3967,161.7037,166.7111,234.6325,236.9254,231.8323,196.6912,199.5391,182.3811,274.9071,106.4227,249.445,366.7641,218.4616,139.9594
2022-11-14,212.5835,224.5898,162.0618,167.133,234.465,238.5849,233.5572,197.4553,200.7773,182.3808,277.9996,106.0967,252.3686,370.5425,219.3561,140.0773
2022-11-15,215.4916,228.7046,161.8668,167.3778,236.5808,239.9049,234.9488,196.8282,201.5032,182.4327,278.68,105.9523,254.6032,373.9936,220.4059,140.128
2022-11-16,216.0297,230.1504,161.4453,166.7448,236.9734,240.3346,235.4376,196.9003,201.3662,182.7384,278.9577,107.3701,255.9472,369.5537,220.4567,140.1465
2022-11-17,215.1328,227.4546,161.172,166.7187,238.3637,240.8254,235.5725,197.3281,200.941,182.4781,278.9834,105.8508,254.8325,360.228,221.32,140.2148
2022-11-18,216.0143,228.8597,161.4648,166.3751,236.1772,240.3868,233.8899,197.1531,201.9423,182.117,282.3717,104.5416,255.7228,366.1907,221.5884,140.259
2022-11-21,214.6733,228.3999,161.2931,166.8008,238.3355,240.194,233.5356,196.4982,202.2942,182.3587,283.3467,103.633,253.2535,367.3903,220.5891,140.3104
2022-11-22,211.1778,224.6612,161.6302,167.0866,236.6069,238.5574,231.7629,196.2231,201.2888,182.2461,283.4581,102.6522,253.034,365.9459,220.6187,140.3403
2022-11-23,210.6256,225.7761,160.9095,166.953,237.3012,241.655,234.883,196.4397,201.0825,182.125,280.8246,102.8454,250.0187,362.081,219.6209,140.3985
2022-11-24,208.3799,223.3522,161.3275,167.0542,237.3377,241.8936,234.4416,197.4491,201.1598,182.1658,281.5605,102.6969,249.4637,357.1978,218.6052,140.4616
2022-11-25,208.6991,223.5987,161.3384,168.0472,239.9633,243.824,235.9382,197.4975,201.8486,183.0695,278.5082,103.2421,251.6405,351.5074,219.5932,140.4561
2022-11-28,207.8764,220.6127,161.2441,167.88,240.3188,245.5455,236.9289,197.7138,200.7607,183.0899,277.7944,102.5389,248.2763,347.3732,219.1379,140.474
2022-11-29,205.9601,218.2256,161.2658,167.5068,236.281,243.9448,236.3476,197.089,200.8984,183.883,276.9715,102.8904,247.8875,343.6364,219.0267,140.4413
2022-11-30,204.5715,218.2436,160.961,167.8551,237.2173,243.5919,237.1837,195.9773,200.9354,184.139,277.3117,102.1705,247.0694,341.4769,219.1284,140.4248
2022-12-01,203.5282,216.5414,161.3648,168.7108,238.18,244.3682,237.6715,196.8507,201.8041,184.5678,276.6603,101.6889,248.1576,339.6538,218.1507,140.5415
2022-12-02,203.5505,215.8416,161.1381,169.6888,238.9688,244.5424,239.4175,196.0623,202.4963,184.6465,274.0117,101.1984,247.9525,335.433,218.8642,140.6302
2022-12-05,203.8652,215.0362,161.1893,170.1526,240.8242,246.0602,239.5392,195.9323,202.5725,185.216,271.7157,101.2967,247.3654,333.4092,219.0051,140.5966
2022-12-06,206.0093,216.7572,160.8571,169.9081,241.1197,247.2827,240.462,195.8824,201.0078,184.9018,271.7943,101.0309,248.8031,342.2638,219.7322,140.6264
2022-12-07,207.5373,217.6485,160.8538,170.7794,243.4995,248.7875,242.0548,196.0118,202.4646,185.8159,271.5988,102.3301,247.4823,343.7542,219.7702,140.5881
2022-12-08,206.5618,216.143,160.7647,170.701,241.7201,249.0185,241.5031,195.9509,202.643,185.6324,271.8134,103.138,244.8798,341.0906,219.921,140.6235
2022-12-09,205.698,216.2561,160.3974,170.3525,242.2551,250.329,242.6747,195.9412,202.0001,185.7685,268.6858,102.5655,243.3134,335.6815,220.182,140.5797
2022-12-12,203.973,216.104,159.5608,169.3722,239.6526,248.6837,241.4374,194.4098,201.2234,184.8419,272.2184,102.6571,242.25,336.7187,218.57,140.6698
2022-12-13,202.7278,216.5181,159.5422,169.7786,240.6466,250.4644,242.8044,194.486,200.4571,184.9212,270.6118,103.2223,242.0339,336.7319,218.3451,140.6787
2022-12-14,205.4325,217.1216,159.4879,170.1922,239.3165,250.5509,244.0808,194.7888,202.7371,184.8119,271.1199,104.216,241.6516,338.8691,217.9412,140.6414
2022-12-15,206.7921,216.1758,159.4264,170.1816,238.9547,251.3259,244.4981,195.2057,204.5081,184.8372,273.0146,103.3919,238.2566,337.4021,217.8655,140.6204
2022-12-16,204.4121,215.9561,159.3703,170.5621,239.8057,252.7049,244.2902,194.7355,204.4385,185.0004,273.9128,104.1866,238.0088,334.7769,217.2188,140.5709
2022-12-19,207.0455,216.6423,158.941,169.4519,239.3662,250.1417,242.0576,193.5184,203.0947,184.6781,273.2385,105.7269,239.5983,336.2028,217.8143,140.5305
2022-12-20,206.8441,217.0146,158.5893,169.2962,241.7415,252.5368,242.7457,193.1001,203.1875,184.843,271.7921,105.1126,235.903,334.4358,216.409,140.4856
2022-12-21,204.0933,213.5921,158.8176,169.3542,240.62,252.2882,241.4879,193.1356,202.042,184.4906,270.7856,105.0754,233.2863,329.5848,216.6915,140.5267
2022-12-22,197.5508,209.9843,159.5759,170.24,238.4068,250.4867,241.0016,192.7775,200.8017,183.8333,271.1144,103.1188,231.8097,326.2656,216.4552,140.6498
2022-12-23,200.1654,211.587,160.0426,171.5043,240.9236,252.789,243.9424,193.0971,202.1593,185.3972,271.8531,102.5008,232.8813,332.7502,217.7297,140.663
2022-12-26,205.0712,216.3972,159.2507,171.2917,245.4448,255.9934,245.5751,193.488,204.667,185.706,274.0605,102.7398,234.2905,331.9735,217.8068,140.7945
2022-12-27,206.8971,218.0531,159.3872,171.1692,246.8079,256.1997,245.4025,193.4572,205.3151,186.3735,277.1256,102.2757,236.1211,337.1502,217.5411,140.7945
2022-12-28,204.3725,217.4207,160.0972,171.7367,245.5117,256.3434,245.4929,193.8302,204.9966,186.4036,279.4536,100.9889,239.6328,339.4592,217.2507,140.8491
2022-12-29,204.4716,219.2525,160.0674,171.4686,246.1599,256.1151,245.3205,193.5463,203.9546,186.4006,276.645,100.9412,242.0734,341.9912,216.8183,140.8233
2022-12-30,202.2346,217.2031,160.5334,172.9283,249.201,259.824,247.7216,195.5294,205.0567,188.1094,275.5913,100.2332,242.0344,338.5046,216.4956,140.8356
2023-01-02,197.522,212.7339,160.4999,173.1171,248.8036,258.5483,247.0401,195.6098,204.5965,188.0792,274.4111,99.8447,240.0478,329.1439,214.526,140.8503
2023-01-03,197.0444,213.9286,160.4838,173.3403,250.4273,259.2005,247.4024,196.1224,205.309,188.0441,277.0482,99.1122,239.4252,330.1552,214.733,140.8934
2023-01-04,199.6595,214.6235,160.1927,173.5525,252.0849,260.5669,248.1173,195.5816,206.3352,188.5499,275.3778,99.6455,240.864,328.8059,214.3034,140.8926
2023-01-05,202.9559,216.179,159.1818,172.7074,250.8714,259.3828,248.1279,194.122,206.5592,187.4492,276.3733,98.398,242.1044,329.0268,215.0776,140.8986
2023-01-06,200.5576,214.1307,159.7297,172.5525,247.0509,256.6526,245.8388,194.271,205.4248,186.5072,278.4386,97.6426,241.9542,333.1122,215.4506,140.9358
2023-01-09,201.4943,215.9673,159.5921,172.1119,247.6518,256.4271,244.0935,193.9015,205.3123,185.9606,280.5675,98.2312,241.0572,336.2618,215.9364,140.9532
2023-01-10,199.085,215.9974,159.898,171.5046,246.3486,253.6453,243.1165,193.849,202.2999,185.554,278.8603,97.4907,242.6032,343.2383,215.2431,140.9344
2023-01-11,201.1772,216.0747,159.8011,171.5756,247.0726,254.3649,244.1963,194.0626,203.0153,186.1612,279.5474,98.7522,241.3679,346.4307,214.4505,140.9885
2023-01-12,204.9201,219.1173,159.0936,171.2659,250.8012,256.4423,245.801,194.8769,204.4738,186.5623,280.527,99.2282,240.3246,347.9294,214.3742,140.9867
2023-01-13,208.6605,221.0548,160.0536,172.3016,252.9038,257.0141,246.7621,195.9223,204.9922,187.3384,283.7536,100.099,243.1153,364.1637,214.8562,140.978
2023-01-16,208.3596,221.6427,160.4531,172.9543,254.217,258.7226,247.792,196.1261,204.9685,188.2056,283.0613,99.1529,245.0294,364.4162,216.1922,140.992
2023-01-17,206.6845,221.2713,159.5472,172.7899,253.7427,259.6746,247.7513,194.7164,205.519,188.1139,280.801,99.7681,246.1075,354.7504,214.4609,140.953
2023-01-18,203.483,219.0086,160.368,173.8059,253.3406,261.0789,248.2755,194.7218,204.6769,188.3761,280.8197,99.2664,246.3252,352.8491,214.9953,140.9888
2023-01-19,208.1909,222.2511,159.7511,172.9059,252.8627,261.2682,248.4326,194.5519,205.4931,187.9647,283.0182,99.5232,246.7107,360.8069,215.0203,141.0228
2023-01-20,209.8217,223.8847,160.3345,173.9133,255.9028,264.9854,251.2511,195.5696,205.4463,188.5923,284.1695,98.8537,248.8374,367.2559,215.9032,140.9953
2023-01-23,206.1448,220.2135,159.7098,173.3714,251.5426,263.7433,249.5731,194.4851,203.9205,187.3146,283.2301,97.9812,247.6458,361.8553,215.2544,140.995
2023-01-24,205.5562,218.8031,160.5128,174.1793,252.3326,264.1208,249.4009,194.484,204.5657,188.5595,282.2867,97.1358,248.8313,365.2656,213.8264,141.1176
2023-01-25,204.2814,218.3638,161.3131,175.1723,254.4015,265.3392,250.5011,195.8899,206.8219,189.3245,283.7688,97.0437,249.6028,357.0817,213.8371,141.1479
2023-01-26,207.7189,222.152,161.7154,176.0701,255.2414,268.0315,252.5878,197.0408,209.5945,190.115,285.8902,98.4721,252.9994,361.6678,215.0572,141.1136
2023-01-27,207.4946,221.009,161.4509,175.6595,255.2994,267.6235,252.0095,196.4375,209.0463,189.8056,283.1395,98.6036,252.6715,356.312,214.0165,141.1054
2023-01-30,208.7281,223.1527,160.612,175.2478,258.3331,267.3217,251.6363,195.507,209.9178,189.5036,283.2145,97.6999,249.9294,353.7438,214.1845,141.0326
2023-01-31,209.33,223.3032,160.1618,174.1956,256.3163,266.0098,250.6138,194.4765,209.8801,188.5633,284.8257,97.5847,248.8129,352.328,213.1552,140.9739
2023-02-01,209.3687,223.462,160.7732,174.9955,257.4558,267.9834,252.875,196.5801,211.6769,189.0166,287.3419,96.4262,249.93,353.5652,212.8413,140.8986
2023-02-02,207.0238,220.4367,160.2382,174.8189,257.195,267.2472,251.6182,195.5433,211.0928,189.241,284.5256,95.2837,249.0678,345.4077,212.4202,140.9008
2023-02-03,205.2524,220.5124,160.9552,175.7109,259.1372,266.4945,251.648,195.3703,211.7824,189.8768,282.9403,94.8425,249.7139,343.1958,211.9132,140.9914
2023-02-06,203.297,219.8562,161.4074,175.6912,257.3208,265.4559,251.2705,194.7508,210.7726,189.6824,286.7335,95.8492,248.6544,347.5797,211.1712,141.0073
2023-02-07,200.3553,217.2713,161.4289,175.4435,254.9042,263.7256,249.6913,193.3988,209.2307,189.5793,286.6841,96.6947,246.9173,345.0173,210.9109,141.0336
2023-02-08,201.1576,218.8119,161.8685,175.7987,254.3141,263.5083,250.0205,194.0488,211.1502,189.6925,288.6631,97.8458,246.2523,346.8915,211.1068,141.0085
2023-02-09,203.1405,220.6302,161.7409,175.1691,254.6645,263.4567,248.5485,194.1756,210.7718,188.8446,288.7968,98.6186,245.4345,351.797,210.9322,141.0983
2023-02-10,204.5552,221.2107,161.643,174.708,254.395,262.5035,248.2092,194.3258,210.4725,188.425,287.9892,100.2913,246.4036,346.6036,212.4478,141.0797
2023-02-13,206.7759,222.0233,161.8418,174.8663,253.9863,261.428,246.9841,193.9842,211.0458,188.6149,289.581,100.3227,245.5927,354.3127,214.0351,141.0514
2023-02-14,207.1377,221.24,161.1191,174.2313,251.9013,261.055,247.2615,193.8795,210.2879,187.6343,287.6088,100.5455,244.1499,351.776,214.1673,141.0689
2023-02-15,207.2934,220.4595,161.309,174.0652,253.0149,261.26,246.7936,194.3538,210.1975,187.9663,288.1797,101.2263,243.4027,348.6959,214.3908,141.0683
2023-02-16,210.482,222.9595,161.0973,173.7903,252.8517,261.9927,247.5325,194.9126,210.8692,188.2153,291.9722,103.2222,245.224,354.575,215.081,141.086
2023-02-17,214.233,226.3796,160.6352,173.4859,256.8402,262.7537,248.7055,195.2996,210.1596,188.2968,291.7678,104.3126,246.6428,359.8839,215.6557,141.1182
2023-02-20,213.2558,224.6903,160.728,172.8761,253.4987,261.5874,247.1976,194.8743,209.6574,187.5429,293.0422,104.6061,247.3146,356.9995,215.1817,141.0586
2023-02-21,212.8216,224.5056,161.3196,172.921,253.6331,260.278,247.8417,196.1221,210.1121,187.4885,295.6632,103.6785,246.1107,357.2479,215.8525,141.1537
2023-02-22,209.2921,221.7027,161.9967,173.6218,253.5139,258.1415,245.5449,196.4253,209.2879,186.4324,296.6654,103.1674,245.3661,360.7662,214.0824,141.2035
2023-02-23,208.7635,220.3415,162.8189,174.5141,254.8895,257.9322,246.5955,197.1981,209.6662,187.0143,297.5489,102.2195,244.5346,363.1018,214.1156,141.2646
2023-02-24,204.5221,217.2271,162.6362,174.625,251.9444,256.5026,246.5883,196.412,208.5283,186.0564,295.9218,101.3597,242.4453,360.0244,212.4762,141.2649
2023-02-27,206.5144,217.6932,162.4551,174.3918,251.6099,255.8751,246.3103,196.4061,208.4999,185.7004,294.3251,101.5494,242.4638,360.6094,213.5074,141.2498
2023-02-28,205.5714,216.0551,162.4185,173.68,251.4343,254.48,243.817,196.3927,207.6361,185.4472,295.3889,101.9907,241.5322,357.8055,213.0876,141.2601
2023-03-01,199.4479,210.896,162.9943,174.3579,249.5118,254.6521,243.1786,195.7569,205.3401,184.6661,291.2304,102.3251,242.84,343.8813,212.1952,141.3069
2023-03-02,198.2881,210.6913,163.9243,174.5719,247.964,253.6861,242.2296,195.3787,203.8886,184.9308,289.1954,101.5132,245.3138,349.9223,212.4699,141.2867
2023-03-03,198.0396,213.9173,163.755,174.9883,249.6795,254.9956,244.2362,195.7682,206.1601,185.2263,287.5047,101.7672,244.7924,344.4941,212.1804,141.3173
2023-03-06,202.5527,216.2422,163.2404,174.047,248.3243,252.8882,242.9385,195.0779,206.9117,183.5069,286.9056,102.2278,247.2681,343.3296,212.8,141.3288
2023-03-07,200.9654,214.788,163.5544,174.354,247.226,251.2131,241.052,194.6536,209.3706,183.3001,289.7629,102.1858,245.8892,332.8038,213.4875,141.3801
2023-03-08,202.3556,215.6021,163.7153,174.0033,245.3965,249.1497,239.9557,194.6773,209.3867,183.367,290.6166,104.0579,247.0675,338.9301,213.187,141.5028
2023-03-09,202.586,215.3054,163.6469,173.8921,246.0016,250.7656,239.0277,195.2514,211.0691,183.5194,290.7985,103.1224,245.987,333.004,213.3571,141.5791
2023-03-10,203.1265,214.6088,163.6765,174.2908,244.2315,251.0027,240.4582,195.0478,211.1508,183.1185,292.2239,102.8506,246.5058,335.8396,213.395,141.522
2023-03-13,205.2553,216.2476,162.9915,173.5582,243.6737,251.0346,240.328,194.4787,210.9068,182.7324,293.1195,102.3653,246.038,341.7528,213.1794,141.5333
2023-03-14,204.2219,215.3834,162.827,172.7859,242.0579,250.1471,240.2657,194.5599,210.7448,182.5203,292.2972,100.2679,244.8415,336.0435,213.7421,141.619
2023-03-15,204.3954,216.9696,163.5888,173.6851,241.5419,251.4069,241.0885,194.9741,211.4969,183.1959,294.361,101.4777,249.8212,339.3402,214.7454,141.5874
2023-03-16,203.0881,216.5752,162.7153,173.0675,241.7955,251.8353,240.6748,194.1986,209.1877,182.1988,292.0997,101.6735,246.4397,339.265,214.5029,141.6176
2023-03-17,204.5399,218.8692,162.1695,172.6929,241.7073,252.3426,239.5179,193.0985,210.1186,182.2027,295.1984,102.2254,246.8156,340.5296,215.2786,141.5609
2023-03-20,204.6194,216.8916,162.7002,172.9113,242.5241,253.7097,238.9659,193.5749,210.3964,183.2351,296.0092,101.7318,246.1928,341.6306,214.7008,141.5717
2023-03-21,204.0771,216.6858,163.0177,172.8417,240.6965,252.3032,236.9529,192.7775,209.6345,183.3882,298.4754,101.669,247.4811,348.6501,215.2074,141.6417
2023-03-22,204.7768,213.5637,163.5709,172.9674,239.5387,250.7969,236.6879,192.6175,208.8686,184.0617,300.6522,101.4476,245.9763,355.419,215.17,141.5879
2023-03-23,202.7129,213.2748,162.9513,172.2597,237.5867,248.4124,235.1913,191.5012,207.4937,183.5581,298.8097,100.8774,245.901,355.7345,214.5771,141.6354
2023-03-24,202.2999,211.999,162.3325,171.4204,238.0457,248.5638,233.8449,191.7062,207.1461,183.4755,296.8748,99.972,244.3907,351.3336,213.6152,141.5652
2023-03-27,209.6479,216.8667,162.3942,172.3006,242.2162,251.1134,236.6676,192.868,209.7608,183.9564,299.8294,100.2458,252.7163,358.1267,214.6422,141.4946
2023-03-28,204.5036,214.51,161.7994,170.9948,237.9073,249.8666,235.6875,191.7837,207.5874,183.1627,296.2306,99.2017,249.9303,350.0478,213.098,141.4525
2023-03-29,205.287,215.7584,161.7855,171.532,242.3395,252.7667,236.9035,192.08,207.9346,183.6196,293.6447,99.0093,247.2629,346.8147,213.8156,141.4693
2023-03-30,202.4542,213.5702,162.4861,172.5819,242.5282,254.7128,238.2047,192.635,208.1602,184.763,293.3084,99.9796,246.2114,341.4719,214.4013,141.4649
2023-03-31,200.1358,211.3869,162.3495,172.4632,241.604,253.531,237.9041,192.2726,206.2765,184.716,288.4487,100.9012,247.9629,334.4435,214.2457,141.4834
2023-04-03,202.3327,215.5698,162.6527,173.2953,244.3021,255.54,239.1333,192.7339,207.5782,185.6755,289.1358,101.9359,250.9262,339.7354,215.8406,141.5741
2023-04-04,201.1653,214.8029,162.8979,173.5646,242.7364,256.2631,238.9041,192.8207,206.4479,184.835,290.4231,102.5031,252.8147,344.6122,214.6857,141.5298
2023-04-05,198.1374,214.04,162.9986,173.2804,241.1313,254.4884,238.1845,192.8856,204.9954,184.7183,287.1766,102.0876,253.0889,345.0989,213.8325,141.4461
2023-04-06,197.2483,214.2167,163.4918,173.2431,237.9616,254.4692,238.5417,192.8578,204.0258,184.0582,285.8428,102.2316,253.1902,347.3711,214.5436,141.4543
2023-04-07,199.1797,216.587,162.8069,171.9411,235.6645,254.3524,239.1596,192.2874,204.3729,183.6607,285.6454,101.1574,254.1002,343.4686,215.7933,141.4955
2023-04-10,203.9501,219.644,162.7169,172.2777,238.3938,255.0016,239.6042,192.6147,205.0374,183.9515,286.9364,100.6732,259.1749,355.1133,215.9608,141.5475
2023-04-11,207.5216,223.0049,163.4878,173.4013,239.3245,257.8635,242.7922,193.7137,206.5153,184.7109,287.5084,100.9623,260.6857,364.888,217.7312,141.5909
2023-04-12,206.7295,225.7789,163.1591,173.2541,239.0826,257.262,242.5461,193.8686,207.9733,184.1123,289.6182,101.0361,259.7362,364.0551,217.7783,141.6306
2023-04-13,208.5945,228.1406,163.4872,173.0821,240.132,257.6605,242.7044,194.2844,208.3525,184.8008,292.3339,102.0414,259.4997,370.7739,218.1311,141.6635
2023-04-14,211.3486,232.9169,163.2997,172.7428,244.3994,258.39,243.0077,194.817,207.9052,184.9717,291.5715,101.8225,259.5838,377.1955,219.4472,141.6774
2023-04-17,211.8953,234.4354,163.1778,172.2874,246.146,258.9217,244.6729,195.4614,206.6738,184.6339,289.9286,101.8186,256.3521,374.2944,221.2309,141.7068
2023-04-18,215.4235,237.3306,162.917,172.6905,249.3278,262.6495,247.969,196.2944,208.1834,185.5175,290.7057,102.8365,257.2442,373.4441,222.1122,141.6674
2023-04-19,214.8122,235.0204,162.0438,171.7745,248.3279,260.4425,246.8367,195.6323,208.7398,184.6847,288.9383,102.0323,252.3821,366.2553,219.9487,141.7166
2023-04-20,216.4915,234.7394,162.4225,172.3291,250.1426,261.7321,247.7026,196.9616,209.5759,184.8609,287.3672,100.3376,251.0406,367.4582,221.0719,141.7013
2023-04-21,217.9522,234.8137,162.1828,172.3442,250.0037,260.4149,246.8336,196.5822,210.0685,184.6392,287.1506,100.7684,252.1848,369.6611,220.772,141.6496
2023-04-24,218.8701,233.2194,162.6868,172.7376,248.1047,260.1932,245.6269,196.479,210.0685,183.9667,285.9978,100.1411,251.2143,377.6117,220.0819,141.6737
2023-04-25,219.2968,235.5117,162.1965,171.7392,247.9761,259.1223,244.6845,196.1857,209.3408,184.1042,286.1636,99.5438,249.8571,384.4217,220.0406,141.6259
2023-04-26,220.4049,237.433,161.7631,171.0582,246.1071,259.0566,244.3013,195.9513,210.4325,183.5206,287.9092,100.5625,248.7445,380.1834,221.0571,141.7548
2023-04-27,222.8476,240.0683,162.0766,171.5794,249.7674,261.7932,245.4738,197.0942,210.9912,184.2761,290.5994,100.6802,251.8176,385.2787,221.7846,141.8573
2023-04-28,219.0489,237.3667,162.2007,171.8881,249.4436,262.3128,244.9959,196.4145,209.7775,183.8498,290.758,100.3791,251.0255,379.1559,221.373,141.9201
2023-05-01,215.1485,235.1032,162.4017,172.3709,247.5923,263.8042,244.8337,196.2262,208.6859,183.092,289.4697,99.7213,247.8044,376.761,221.7834,141.9176
2023-05-02,213.8278,234.2093,162.0479,171.7693,247.2472,262.1999,243.264,195.2291,207.0213,181.8739,288.8691,99.0301,247.552,376.2532,220.501,141.9711
2023-05-03,219.2306,237.6879,163.0883,172.1016,248.1934,264.2089,243.889,196.1035,208.9436,183.055,293.5427,99.2366,249.4967,387.1289,222.8832,141.9425
2023-05-04,218.4449,236.4789,162.141,171.0183,246.2172,261.38,242.4054,195.0329,207.4088,181.8319,293.6528,99.4514,248.3732,383.5756,222.6601,142.0362
2023-05-05,217.7368,236.9972,162.5281,171.3381,246.9164,261.3602,242.6344,194.6237,207.2737,182.5208,294.8801,99.5209,244.4586,390.4422,223.187,141.9966
2023-05-08,222.459,239.6951,162.4105,171.0361,249.9357,262.1826,244.2232,194.8214,206.7129,183.2813,293.0032,100.2615,244.297,394.9191,224.8258,142.0173
2023-05-09,227.0396,245.6447,162.1837,171.3508,255.2023,266.1841,247.3497,196.6284,209.8245,185.1129,294.9979,101.4466,245.8706,397.6147,224.9517,142.0846
2023-05-10,229.4775,246.9069,162.997,171.3931,255.2718,266.0694,246.742,197.2367,211.1578,186.0615,296.9297,101.6169,244.5119,404.7268,225.876,142.1062
2023-05-11,224.9322,247.8976,162.9818,171.463,255.4612,267.865,248.1524,197.8457,210.8496,186.9281,293.4773,100.6245,243.4074,396.916,226.7502,142.1098
2023-05-12,224.7308,246.4116,163.21,170.8719,252.2523,265.8533,246.0653,197.1429,208.9196,185.8058,293.023,99.4887,245.5984,403.9114,225.741,142.2432
2023-05-15,227.5028,247.5517,163.3734,171.4933,253.9137,265.9467,247.16,197.6849,210.0901,186.3203,296.7526,100.2191,244.0631,413.5578,226.6029,142.2816
2023-05-16,234.6427,251.5565,163.4388,171.8541,256.1286,269.5393,250.4292,199.085,212.7221,187.6526,295.6552,100.8929,247.9007,415.8696,227.9443,142.3047
2023-05-17,232.6039,248.0015,163.9395,172.182,255.8435,268.9124,249.7192,199.117,211.2214,188.5366,294.6317,101.3061,244.9364,419.6502,228.1781,142.3313
2023-05-18,230.8444,246.9784,164.0355,172.5112,256.1883,270.3038,250.6716,199.0582,210.9668,188.6077,294.6861,100.0969,244.982,415.8256,228.2822,142.3479
2023-05-19,232.7362,248.32,162.8876,171.1212,254.5634,270.3945,250.1024,198.767,211.9272,187.8828,295.0422,99.2671,244.1971,413.4661,226.7135,142.3764
2023-05-22,232.9343,249.8088,161.8819,170.4408,255.1464,270.3765,250.3725,198.1732,212.5646,186.8591,295.9141,98.567,244.4277,410.3033,224.0701,142.3938
2023-05-23,231.9529,248.3086,161.3906,169.3431,251.8095,266.8657,247.8169,197.2751,211.3324,186.67,296.6601,98.7997,245.7247,409.3677,224.3971,142.3882
2023-05-24,231.8849,246.5931,161.8086,169.9025,254.1901,268.4927,248.0608,197.9598,211.8984,187.3176,296.8125,97.4689,244.348,409.4398,224.0813,142.3735
2023-05-25,229.5784,243.4701,161.7706,170.2313,253.6235,267.6874,247.4625,197.4647,211.7017,187.1559,297.1884,98.1417,246.2836,401.6922,223.0096,142.3366
2023-05-26,227.8004,244.5532,161.6613,170.018,254.2406,267.0008,245.8425,196.8389,210.5897,186.3316,294.4978,98.4681,245.0735,398.006,223.8413,142.3161
2023-05-29,229.9065,245.1505,161.7352,170.384,257.0745,267.5291,245.5299,196.0067,210.6557,186.1915,294.5013,98.1796,243.0265,401.3632,224.2632,142.4299
2023-05-30,225.2203,241.0619,161.8084,169.6955,252.9673,265.4736,242.5966,195.2218,208.4111,185.0859,292.8645,99.2377,239.1748,396.6051,223.4999,142.4473
2023-05-31,230.9813,242.7355,162.2186,169.8401,253.3397,265.6304,242.3896,195.7255,208.5375,184.8615,292.7213,100.4583,240.898,407.0207,225.0504,142.4425
2023-06-01,233.4433,245.9791,162.0356,170.2223,256.1788,267.5632,243.7234,196.7099,211.0678,185.5301,295.382,99.9946,241.9991,411.1943,224.3791,142.4401
2023-06-02,235.7015,248.107,162.5903,169.7492,254.1768,264.7097,241.3707,195.3728,210.2927,185.283,297.4349,100.8104,244.6615,418.9966,226.1665,142.4428
2023-06-05,233.4626,247.3753,162.2413,169.3576,252.9244,264.3854,241.3329,194.4275,210.5052,185.5471,298.123,100.0021,241.592,414.2576,225.839,142.3732
2023-06-06,237.8513,248.9291,162.4963,170.4312,254.795,265.7381,243.6584,194.8131,212.7431,186.1754,299.3493,102.5653,243.9599,416.8228,225.5901,142.3255
2023-06-07,239.6299,251.5333,163.3946,170.1071,254.3933,264.311,242.3341,194.8051,212.0312,186.0255,300.7145,102.8864,244.8781,426.2697,226.8564,142.3027
2023-06-08,239.759,251.27,163.4541,170.8989,256.344,267.4435,245.0166,194.6512,212.0953,186.5592,303.0286,102.4141,245.4429,427.0748,226.5824,142.4057
2023-06-09,238.381,249.7328,163.0609,170.4112,255.8663,265.9622,243.4097,194.4784,211.2614,186.5458,302.5813,101.7883,245.0071,424.7434,226.8032,142.4493
2023-06-12,236.4696,247.3365,162.9609,170.8359,255.2993,267.2704,245.55,194.264,210.9777,186.7023,300.4289,102.2755,242.7953,414.7735,227.3205,142.4574
2023-06-13,240.2657,249.3476,162.7665,171.2559,257.7603,268.8397,246.8878,194.8835,212.5359,186.695,302.2234,101.8836,243.6453,419.4271,227.426,142.4258
2023-06-14,243.4056,249.8759,162.9393,171.0876,257.3038,267.0581,245.6265,195.2635,213.4569,186.6484,302.3757,103.1117,245.028,423.1689,227.4902,142.3656
2023-06-15,243.3629,249.9485,163.2516,171.8625,257.9514,268.4257,246.7451,195.7698,214.1434,185.9699,303.5887,102.4667,245.7796,423.3872,227.3946,142.4085
2023-06-16,240.4371,247.4566,162.7753,171.1488,256.9719,266.6567,246.1526,195.1941,214.2695,186.1815,302.8448,99.9655,243.3526,411.2767,227.4676,142.4104
2023-06-19,239.2718,246.0277,162.8677,171.4553,257.9974,267.8759,246.3012,195.2404,213.0452,186.2586,301.5868,99.1426,244.3854,412.17,227.0023,142.5331
2023-06-20,241.2538,249.0448,162.9708,172.3967,262.4076,271.9733,249.3077,196.5005,215.0447,187.7163,300.3573,98.8893,245.4852,412.9627,227.151,142.5364
2023-06-21,240.3449,245.1309,162.4292,172.586,262.152,273.0924,249.9524,195.8758,213.9511,187.2691,298.0654,98.2167,242.1955,414.5321,224.9646,142.5014
2023-06-22,240.5289,245.7534,162.3086,172.02,260.6207,271.833,249.4891,195.4713,214.5737,187.1629,302.0608,98.0119,243.4995,416.5304,223.7113,142.5068
2023-06-23,234.1887,242.635,162.2528,171.6916,258.4305,270.0255,247.8336,194.6449,213.3321,187.2613,300.1171,97.1915,239.4689,410.736,222.9535,142.3778
2023-06-26,236.9781,245.3779,162.588,173.1266,263.8439,273.3724,250.0989,194.7003,214.5886,188.1098,304.9223,97.0799,239.9655,421.8767,223.2063,142.4726
2023-06-27,240.5616,245.9097,161.9522,172.6263,264.172,271.0994,248.5967,194.4984,216.8226,187.8081,305.0848,96.2466,239.9101,420.0739,222.8561,142.5437
2023-06-28,234.047,241.1745,161.5512,172.092,259.9602,268.9917,247.5272,193.3467,214.2336,186.8065,299.5511,96.1973,235.8789,404.9799,223.2655,142.5411
2023-06-29,237.2653,244.4419,161.1322,171.5326,262.0267,267.9323,246.8928,193.9921,216.4372,186.3189,302.6417,97.0911,235.8768,406.7467,221.5944,142.5548
2023-06-30,234.2781,244.3218,161.5119,171.9002,260.8159,266.5682,248.0861,193.8623,215.5703,186.7946,301.9629,96.607,234.9407,406.036,223.6943,142.4622
2023-07-03,234.8704,244.9766,161.2542,172.2792,264.4641,269.3373,249.3437,194.6723,217.2736,187.7051,303.007,97.6425,234.3028,398.2185,223.6829,142.4481
2023-07-04,237.3638,247.347,161.7627,172.2754,266.13,270.3596,250.885,195.6617,217.2753,188.4117,303.7751,96.6584,234.4454,403.8934,225.4864,142.4742
2023-07-05,233.7107,245.6608,161.3928,171.8497,264.6291,268.6857,251.5034,195.329,215.6445,187.8913,301.2078,95.3078,233.6196,401.0186,224.0658,142.4311
2023-07-06,239.7148,250.4277,161.071,172.2249,267.6388,271.6497,254.0422,195.2605,216.4691,188.1977,302.6131,96.1097,235.0395,412.2978,224.839,142.484
2023-07-07,239.7355,252.404,161.624,173.4292,268.9598,273.6658,254.8962,195.4318,217.4705,188.4547,302.1336,96.2119,237.063,417.1146,225.0768,142.5484
2023-07-10,240.5018,252.5204,161.5104,173.0899,268.6143,274.1343,254.6496,195.9019,218.4576,187.4472,306.7882,96.8339,233.532,414.8977,225.2963,142.6311
2023-07-11,241.5591,255.3943,161.6884,172.6554,268.6104,273.1646,254.9196,196.2904,219.0486,187.1268,308.9725,98.3232,234.5056,414.9453,225.0219,142.5932
2023-07-12,242.9074,258.1222,161.2906,172.3273,267.0741,271.7091,255.4803,196.1004,220.4353,186.3074,311.5501,99.5802,235.6251,415.4668,224.1762,142.5385
2023-07-13,242.2994,255.6432,160.8761,172.0161,266.7819,272.7158,256.5143,196.3732,221.2862,186.1728,314.9708,98.7427,233.1596,412.9013,221.6162,142.5688
2023-07-14,241.7452,256.0686,161.1201,172.2968,269.0033,272.8383,255.1265,197.0698,220.187,185.5042,312.963,99.4574,233.4942,415.6806,221.4837,142.6397
2023-07-17,245.0631,258.3289,161.6634,173.3528,271.2667,273.9276,256.727,197.2763,221.7417,186.4638,313.648,99.5013,235.5976,421.5659,222.9788,142.6504
2023-07-18,240.0839,255.2688,161.7815,172.7994,267.0249,271.5878,254.9375,196.2982,219.7547,185.6125,311.8772,98.822,232.781,417.6394,222.753,142.5613
2023-07-19,240.8546,255.2433,162.3842,174.2342,268.649,274.1335,257.8422,197.3635,221.6795,186.4249,316.3079,97.8414,236.5656,417.4207,223.6633,142.6324
2023-07-20,238.968,253.4938,162.0351,173.7644,264.9607,271.9451,257.1172,196.3833,221.4023,185.8905,313.6834,96.5208,236.1147,415.9146,222.3674,142.6724
2023-07-21,244.7856,256.5506,161.1426,173.3764,265.644,271.4739,259.0792,196.2078,224.0218,186.202,317.1335,96.6136,236.3221,423.0515,221.0612,142.7399
2023-07-24,240.4812,252.6201,160.7324,173.2354,266.0115,271.2522,258.1178,195.0262,222.7205,186.2928,314.8705,96.0443,233.0254,415.9907,219.0534,142.7481
2023-07-25,246.4627,256.7956,160.2909,172.1369,267.2207,268.6902,257.5729,194.9128,222.7872,186.6356,316.1305,97.0392,235.1884,426.0343,219.4657,142.7594
2023-07-26,248.7038,258.7091,160.2183,172.3011,268.5058,267.9764,258.2315,194.3252,224.7179,186.8075,320.3398,95.7653,233.8651,428.1112,220.2521,142.7844
2023-07-27,245.325,257.9433,160.6926,172.5649,268.993,268.8831,259.4844,195.9374,225.9375,186.9964,319.7344,94.0969,233.6188,418.7874,219.5862,142.7696
2023-07-28,248.1247,260.6631,160.1192,171.9279,269.8119,271.0002,260.2293,195.6383,225.7865,187.1623,321.6298,95.0649,233.8982,420.3068,220.2471,142.6719
2023-07-31,246.3878,264.6246,160.1529,172.1386,273.0958,272.3804,262.3565,196.8203,225.8877,187.8641,317.3973,96.3593,234.3108,415.776,220.2051,142.7209
2023-08-01,245.2165,262.5262,160.1876,172.2253,273.2498,272.938,263.1269,197.1006,225.432,187.5559,318.5567,95.2341,232.3272,418.3662,218.4949,142.7913
2023-08-02,246.1132,264.6497,159.1433,170.9742,272.9806,272.2238,261.9538,196.2407,225.0924,187.1014,317.5089,95.6442,232.1706,414.794,217.8832,142.8511
2023-08-03,248.7176,268.8273,158.5241,169.4295,270.337,269.36,259.2525,195.0704,224.944,186.2913,320.1077,95.489,232.4847,425.2509,217.4142,142.8416
2023-08-04,254.0837,275.467,158.702,170.2064,275.83,270.1071,261.6168,195.7451,227.5476,187.7863,322.1539,96.3931,235.5127,433.4142,218.5874,142.8219
2023-08-07,255.2725,275.8589,158.4681,169.9519,279.1354,270.3576,261.1227,196.2839,228.6034,188.8707,321.3086,94.5453,234.0727,434.849,217.7402,142.8795
2023-08-08,248.2851,272.8615,159.1264,170.0586,277.3963,268.3323,260.5639,196.3873,226.8225,188.935,319.2773,93.3458,233.8563,428.5135,217.3373,142.9459
2023-08-09,244.7405,268.9345,159.1508,169.8589,278.1511,267.9684,259.7815,196.7297,226.2309,188.7599,317.568,91.6494,233.1038,413.4744,217.3574,143.0429
2023-08-10,240.7876,268.7457,158.3718,169.579,275.5036,266.6248,259.1836,195.1809,225.009,188.0938,314.6844,93.2224,229.9821,411.2908,216.5511,143.0139
2023-08-11,245.3062,270.5538,159.0374,170.2641,277.2324,268.8117,261.0578,196.2649,226.8966,188.7019,317.3105,94.4302,230.8529,415.368,217.6862,142.9129
2023-08-14,248.5874,272.9598,159.0641,170.1412,279.336,271.6795,261.9279,196.4213,226.4758,189.5409,315.241,94.788,231.7107,418.563,218.9648,142.9215
2023-08-15,249.9406,275.5619,159.7499,171.4551,284.8594,274.4253,263.9492,196.3101,227.003,190.2961,316.5395,96.7743,231.9551,420.0411,219.5209,142.9987
2023-08-16,251.4627,276.8211,160.2942,172.0476,286.6171,274.9124,263.6218,197.255,229.1305,190.291,318.6244,95.8249,234.8645,421.2799,219.1674,142.9877
2023-08-17,245.5004,272.7851,159.9858,172.2303,283.1586,274.6683,263.4924,196.3189,228.5843,190.0723,316.6437,95.0519,238.1726,406.3648,218.1574,143.0328
2023-08-18,244.347,270.0071,161.079,173.1809,282.9673,274.2145,263.7312,197.0734,228.2178,190.6703,316.1747,95.0605,240.3135,410.0369,217.7548,143.0413
2023-08-21,238.3146,266.3195,160.1886,172.0553,280.6085,271.1271,260.3798,195.1972,225.2998,190.3077,311.457,93.0732,235.8979,401.9253,218.1152,143.0913
2023-08-22,236.734,265.0682,160.9393,172.5269,280.1444,270.5597,260.0433,195.6311,225.9809,189.8752,312.3533,92.4475,234.0654,399.7024,218.2997,143.1153
2023-08-23,231.9925,260.7861,161.9622,174.1136,282.3935,272.8804,261.9376,196.4158,225.7405,190.7373,314.2376,92.8413,231.4664,393.2594,218.5294,143.1922
2023-08-24,234.1591,263.5704,161.8057,173.0658,281.175,270.7246,259.5423,195.6042,224.5747,189.972,316.8684,93.8223,233.491,398.1075,219.792,143.1975
2023-08-25,231.736,263.5501,160.5612,171.9857,278.846,269.0206,258.2344,194.7179,224.8067,189.2643,314.9676,93.4731,230.7456,390.0125,219.0715,143.172
2023-08-28,229.582,260.0449,160.3997,171.5178,277.6655,268.3906,256.5162,195.1687,223.8071,188.5911,315.0333,92.9784,230.0857,382.5006,219.2538,143.2022
2023-08-29,228.5752,259.7578,161.5146,173.492,278.6964,269.7933,258.9665,196.3503,225.7342,188.6043,316.8014,93.0357,231.5414,381.3287,220.2976,143.2884
2023-08-30,229.7095,259.4027,161.3141,172.8728,278.1555,268.1342,257.1387,196.1719,226.2263,189.0259,317.2867,91.855,233.8395,380.9609,220.2622,143.2706
2023-08-31,232.248,263.4749,160.8476,172.6744,279.7529,269.4208,257.9356,196.0136,228.3561,189.1722,320.2212,90.9962,238.037,373.6585,222.2745,143.2474
2023-09-01,234.6816,265.6167,161.8802,172.8833,281.0126,268.7986,256.725,196.7727,229.2508,190.6655,320.5146,92.0093,240.1052,379.3423,223.7737,143.2619
2023-09-04,230.5083,262.0958,162.0192,173.6138,280.8809,270.5041,258.5017,196.4041,228.8712,191.5832,319.4177,90.396,238.351,375.6437,222.7911,143.2409
2023-09-05,234.8262,263.2047,161.7819,173.5045,280.656,270.2417,258.7469,196.0251,229.8855,191.9479,320.7698,91.6031,239.9186,378.5224,223.5658,143.2801
2023-09-06,238.4279,265.5033,162.2897,173.4379,280.4464,270.0159,258.419,196.0099,231.2069,192.2553,322.2855,92.3735,239.3476,380.704,225.8466,143.1888
2023-09-07,235.5171,264.3834,162.4623,174.2193,280.5285,271.8734,260.0408,196.1163,230.1295,191.8412,322.4738,90.5633,239.051,382.2843,226.1249,143.2013
2023-09-08,231.3519,262.8645,162.8788,174.4606,279.6307,271.1221,260.9588,196.7847,228.6585,191.565,319.1429,89.9386,239.0611,381.7529,224.5379,143.2115
2023-09-11,228.137,257.3339,162.4657,173.6278,276.5852,268.8283,258.3662,195.9458,226.8082,190.2917,317.4771,88.0724,236.7823,373.9028,223.7595,143.2841
2023-09-12,227.8012,257.5299,162.6771,173.4351,275.8662,267.7249,258.5752,196.4964,227.8356,190.5165,318.7843,88.6553,237.4136,373.9216,222.0454,143.2998
2023-09-13,226.0882,257.8838,162.2948,172.5813,273.3287,266.1106,258.2369,195.9767,226.6982,189.7236,318.2517,87.0593,235.485,376.6092,221.2616,143.3046
2023-09-14,218.8154,252.1022,162.4994,171.8266,267.5319,263.5953,255.4475,194.761,222.5989,189.3084,316.5591,86.3656,235.052,372.0969,221.0282,143.2493
2023-09-15,217.0892,251.643,162.6513,171.2124,266.9048,261.6703,253.3958,194.6735,221.5379,189.0659,316.0429,85.9377,233.2231,369.4286,222.2162,143.2993
2023-09-18,212.1699,247.6142,162.2265,170.6507,265.1712,260.8831,252.3534,194.2424,219.0391,188.5852,312.7039,84.775,230.5798,363.5805,221.1815,143.2281
2023-09-19,211.9208,249.3182,161.4837,170.2873,261.5496,259.0902,251.4692,192.4913,219.6573,188.0958,314.1332,85.2174,234.087,363.1011,221.0597,143.154
2023-09-20,209.8875,250.2989,162.33,170.5904,260.3954,257.1454,250.2928,191.7493,219.522,188.8636,314.6533,85.2618,236.406,364.7232,221.8374,143.2083
2023-09-21,207.9084,249.813,162.6151,171.5758,260.2182,256.6941,250.2448,191.4944,220.6059,189.0317,317.4798,84.9649,238.1342,366.7883,221.2189,143.1614
2023-09-22,206.8427,247.4971,162.0931,171.0946,257.7883,255.5847,248.3007,190.2781,219.9843,187.5759,317.114,84.5182,237.5604,361.966,220.3349,143.2263
2023-09-25,204.0895,246.4905,162.9658,171.9903,260.4123,256.0609,248.9798,190.7614,219.6872,187.6231,318.7876,84.1327,234.9976,361.813,219.9894,143.2587
2023-09-26,201.5793,244.5242,162.5752,170.8979,258.2483,255.1839,247.9147,190.52,217.1415,187.4018,313.159,84.2327,231.9172,359.3431,218.9917,143.3332
2023-09-27,203.9419,245.6922,162.7655,171.4125,260.3459,255.4007,248.51,190.2571,216.1999,187.9177,314.0994,84.5581,233.8717,369.8568,219.75,143.3309
2023-09-28,201.4487,244.6352,163.3778,172.5758,259.9515,256.4609,249.3993,190.3982,216.3078,188.2491,314.9095,84.1341,233.4796,373.4908,219.6368,143.3958
2023-09-29,200.8648,244.3007,163.0759,172.4762,258.1386,256.3663,249.6512,189.6282,216.2881,188.253,310.473,83.4521,233.9771,368.1801,220.1227,143.4145
2023-10-02,200.7934,246.3337,163.6895,172.4451,256.1625,256.6869,249.4351,189.2783,217.2229,188.5441,313.531,83.7677,231.8134,373.2344,220.8737,143.4089
2023-10-03,202.2142,247.5458,164.0284,172.0171,257.4633,256.7841,248.7134,189.9574,218.4624,188.9896,316.617,82.8737,232.4521,376.4714,219.661,143.3241
2023-10-04,197.4896,243.9021,164.1587,171.1741,254.047,253.3465,246.3103,189.5609,216.3278,189.0222,315.7193,82.5128,230.5837,371.5767,219.7081,143.2949
2023-10-05,197.5591,244.6228,164.2435,171.2881,253.4065,253.9484,247.4775,190.4018,218.21,188.9239,318.5991,81.7423,228.8,371.6757,219.6575,143.1717
2023-10-06,193.4663,242.6401,164.5383,171.6618,254.1145,253.5886,247.5744,190.2328,216.0419,189.1184,314.6918,81.4395,227.7301,369.0229,219.1745,143.149
2023-10-09,193.2639,242.5478,164.2668,172.4697,256.3153,254.0237,248.3538,189.7369,216.9411,188.8764,313.611,81.359,229.3675,362.0897,219.1907,143.1998
2023-10-10,191.6647,242.2567,164.7456,173.155,258.7521,255.4803,249.2078,190.5886,217.3387,189.6293,314.6831,81.0925,227.0712,362.0486,219.4162,143.2484
2023-10-11,193.2337,243.224,164.0683,172.8224,258.0098,254.9588,248.933,189.4577,218.5573,189.5582,315.3585,81.8757,227.0217,361.7117,218.4212,143.2056
2023-10-12,193.3459,242.5958,162.9812,171.7741,256.5014,253.5041,248.6285,188.4116,217.651,187.9337,314.8435,81.6744,227.8438,355.4541,217.0334,143.1768
2023-10-13,196.7016,247.1926,162.852,171.6937,258.9575,253.1327,249.2486,188.0548,218.3465,188.3868,314.4161,80.6304,229.7663,361.9036,218.3859,143.265
2023-10-16,199.9725,248.4715,162.668,171.5569,262.1178,254.7603,248.0289,188.1816,218.0023,188.4003,315.2195,81.2066,230.9915,367.5934,218.3793,143.3371
2023-10-17,200.7806,249.6117,162.4388,172.0573,262.7969,254.568,249.3019,187.9989,220.2867,188.4404,319.8463,80.6167,230.4023,370.3823,217.6016,143.3124
2023-10-18,202.8197,253.1356,162.3605,172.661,265.287,256.6814,251.2797,188.1109,222.4189,189.3032,322.7744,81.2133,231.0976,377.7894,216.1984,143.3443
2023-10-19,199.8271,251.2292,162.3596,172.4164,266.928,257.1179,250.2384,188.0484,220.9407,189.0001,320.9504,80.7041,228.4621,369.8978,215.8496,143.4421
2023-10-20,202.8783,253.3385,161.8098,172.1022,267.3279,258.3997,251.4281,187.621,221.1648,189.4525,318.9369,81.334,231.9155,367.7631,216.7611,143.3682
2023-10-23,200.7324,250.0812,161.2461,171.3097,265.9717,257.5277,248.6395,186.6067,221.4431,189.053,318.5596,81.4739,228.0105,354.9087,216.5182,143.3666
2023-10-24,196.1518,248.9568,161.1788,171.3779,265.2767,257.688,249.3352,186.0149,219.9533,188.9898,314.3829,81.6797,225.9141,346.1536,216.3947,143.437
2023-10-25,195.4458,246.2036,161.7987,172.5944,269.1389,260.1576,250.8388,186.6136,220.0107,189.9453,313.4041,80.4325,225.177,344.2006,216.3155,143.4721
2023-10-26,197.3941,248.9955,162.5581,173.7841,270.3675,261.3613,252.2531,186.955,222.5348,190.5212,317.3316,80.8374,224.3726,351.022,217.7381,143.4744
2023-10-27,199.0137,250.6886,162.18,172.6112,268.4508,259.29,249.7512,185.6528,220.463,189.2007,320.6803,81.1556,225.9353,359.4153,217.9047,143.445
2023-10-30,200.0098,250.8975,161.6916,171.8682,268.5478,259.5257,249.3429,185.7189,221.4402,189.2808,319.2131,80.7047,224.4713,353.2248,217.8923,143.4406
2023-10-31,199.1358,248.6432,161.7922,171.1875,265.2335,257.8668,248.0775,185.4733,219.56,189.3783,319.065,80.7597,225.2036,355.4406,218.1035,143.4142
2023-11-01,198.4718,248.0672,161.0838,171.1468,264.7927,258.2908,248.282,184.4764,219.5391,189.6353,318.5506,81.5627,221.8015,354.9821,217.7737,143.4933
2023-11-02,196.2852,247.0779,160.8226,170.7442,264.4326,257.914,248.1489,184.0843,218.0934,189.1232,317.6017,80.9923,219.5487,352.2133,217.5461,143.535
2023-11-03,194.7951,246.3083,161.4915,171.3393,265.9114,256.3627,248.0129,184.2857,218.1572,189.401,318.1868,81.783,218.7347,349.7027,217.954,143.5943
2023-11-06,193.6996,243.3267,161.769,171.7151,266.5213,255.217,247.5351,183.7451,217.1276,189.6039,318.8715,81.5682,218.4272,348.1046,218.1538,143.624
2023-11-07,194.738,244.0709,160.7146,171.5081,267.3884,256.5711,248.2263,183.0508,217.4696,189.2707,315.9725,82.9404,218.3861,339.6022,218.517,143.6289
2023-11-08,192.5192,242.9453,160.4373,171.7652,267.2735,255.4509,248.2993,182.3745,216.9028,189.1049,311.1393,82.2991,218.0011,334.6951,218.2961,143.6522
2023-11-09,195.2124,242.8014,160.0707,172.1581,267.815,255.6263,248.5566,182.3825,219.0435,189.2959,311.2875,82.7535,216.7806,333.8788,218.9781,143.7485
2023-11-10,196.9907,243.9858,160.4971,172.5527,268.9732,254.2215,247.5442,181.8973,220.45,189.9534,312.7657,84.3146,217.1347,334.8537,219.8837,143.6404
2023-11-13,195.0464,242.4056,160.928,172.8853,268.852,253.8812,248.5012,181.9781,219.5707,190.0583,312.4426,83.6364,216.9868,332.1081,220.2808,143.6159
2023-11-14,193.3445,241.0406,160.8376,172.4417,269.324,253.9977,248.7179,181.9105,216.528,190.0797,309.0808,83.6331,214.2351,334.6799,219.9162,143.6198
2023-11-15,193.7783,241.2778,160.6885,172.4735,269.92,254.0011,248.408,181.7507,217.0756,190.0703,311.8694,83.067,215.0029,335.7727,219.7879,143.696
2023-11-16,192.4649,241.2654,160.7293,172.361,272.0763,256.6421,249.4012,182.7101,216.6162,190.3433,309.245,82.6856,216.1341,328.0,219.254,143.7616
2023-11-17,198.8145,246.036,160.3553,172.647,274.9027,259.0342,251.5292,183.9915,219.533,190.3486,313.0366,83.6271,216.8065,335.6164,220.3153,143.772
2023-11-20,196.3778,243.2956,160.1672,171.8448,272.2983,257.425,250.6106,183.774,218.7705,190.0663,312.861,82.2697,215.4307,330.0324,219.7479,143.7632
2023-11-21,197.1733,243.5167,160.2595,172.2943,271.619,259.4751,251.6331,184.45,220.1802,189.6192,312.919,81.5341,216.5578,330.8326,218.9487,143.7284
2023-11-22,194.2636,239.3896,160.7172,173.2107,271.5092,260.5847,252.4779,184.4463,220.5109,191.0608,312.1567,81.0652,213.538,328.7948,218.1917,143.8034
2023-11-23,194.0201,239.7805,161.1233,173.4559,270.3859,261.4299,252.7939,184.278,220.268,191.2849,313.5576,81.7769,212.9901,334.6718,217.482,143.8982
2023-11-24,193.6819,239.6114,161.1777,173.0158,268.7138,260.7552,251.841,183.8936,219.8304,191.7894,311.8998,83.4274,212.7055,334.7784,216.9012,143.8911
2023-11-27,194.5401,239.3111,160.9221,172.4339,267.8525,259.7743,251.2573,183.0142,220.363,191.4614,312.8974,82.6302,209.6322,334.2803,216.7213,143.8925
2023-11-28,198.8188,242.7167,161.3517,173.7565,268.6448,262.0686,254.4687,184.3134,224.0165,192.5849,315.9094,82.0197,213.6885,342.3824,218.2207,143.8481
2023-11-29,200.121,243.4461,160.7863,173.2824,268.6458,263.3017,255.0059,184.1028,224.2459,193.0194,315.3451,81.8592,212.7716,341.9399,218.7273,143.8036
2023-11-30,202.7528,246.9387,160.755,173.7133,270.1035,262.7819,254.8244,183.8571,226.0122,193.239,317.4434,81.9054,213.9469,348.3017,219.9067,143.7884
2023-12-01,204.436,247.7951,159.9705,173.4477,273.8574,263.7589,255.7381,184.4836,226.9282,193.523,314.4755,81.6293,216.4382,339.4421,219.2816,143.8626
2023-12-04,204.1067,246.695,159.8226,173.0239,273.063,263.4482,255.2499,184.9694,226.3808,192.9056,312.0488,83.2277,214.7891,337.3698,217.7708,143.8794
2023-12-05,203.5037,248.0077,160.4735,173.8825,275.7203,264.589,256.0105,185.7495,227.7774,193.375,314.2558,83.5802,213.0639,340.5989,217.1743,143.9309
2023-12-06,199.3543,247.0738,160.4498,172.9321,271.3185,261.5118,253.3111,185.2921,226.8911,193.1239,313.9663,83.4414,212.6723,338.0764,216.3206,143.918
2023-12-07,200.8929,246.3703,159.9222,171.4679,270.8032,260.5676,252.6791,184.9184,224.8594,193.531,309.7895,84.389,213.4249,334.5124,215.6538,144.0066
2023-12-08,202.7734,248.1163,160.5654,172.1835,272.6402,261.1773,253.7824,185.5245,226.1101,194.03,311.2148,84.6287,213.27,336.1524,217.7708,144.0371
2023-12-11,204.4754,248.4237,160.1567,172.4003,272.861,262.617,255.2833,185.7938,226.659,193.8235,310.8785,86.0961,214.5382,332.8982,218.2113,144.1355
2023-12-12,201.1645,246.115,159.8692,172.7786,272.2797,262.3386,256.1503,185.8183,225.5446,193.4609,306.2374,87.5937,214.5134,326.1316,216.8358,144.1242
2023-12-13,205.2507,248.8995,159.5448,172.8006,275.9112,265.4701,257.9053,186.6445,226.4072,194.462,306.8557,87.7154,216.745,329.8012,217.2708,144.1937
2023-12-14,203.2734,247.1084,159.6208,173.5093,275.6652,263.9432,259.0885,187.1563,225.882,194.0222,305.4498,87.5251,217.4193,331.0075,216.1043,144.2144
2023-12-15,211.3878,252.5933,159.542,174.0594,277.9872,265.9993,260.3791,187.3388,228.8752,194.1085,308.7395,87.3418,223.097,343.4538,216.6497,144.1697
2023-12-18,211.0617,251.698,158.5462,172.1583,275.9296,265.3576,258.8178,185.6876,225.5193,192.7326,308.6843,85.1881,217.4789,348.6127,215.987,143.9993
2023-12-19,213.5836,256.0906,158.2333,171.9488,278.2408,266.4998,260.7451,185.7405,226.7815,193.4302,313.2317,85.2351,217.7768,350.938,217.2491,144.0846
2023-12-20,213.6306,257.0032,157.8453,171.2553,276.9305,265.7742,258.9944,185.6033,227.2846,192.2693,316.1902,86.2436,217.0989,347.5592,217.1158,144.1852
2023-12-21,210.9899,254.334,157.9887,172.0342,276.872,266.8005,260.5175,185.5975,228.4183,192.9756,316.4922,86.3205,213.8251,341.39,216.9877,144.2246
2023-12-22,208.8826,255.6601,158.2926,172.2521,278.3037,266.5177,259.9818,185.349,228.9573,193.399,317.3162,87.227,215.9878,339.082,215.2142,144.1221
2023-12-25,205.6233,255.4333,159.0799,173.531,280.8376,268.2351,262.2489,186.8019,229.3403,194.5143,316.6705,86.8065,214.2727,341.7138,214.8645,144.0659
2023-12-26,208.3181,255.4336,159.2046,175.0125,284.3546,270.8239,265.2793,187.867,231.4481,195.0153,315.9854,87.0334,215.5081,342.3009,214.9975,144.1432
2023-12-27,208.5601,256.8036,158.382,174.5214,283.1338,270.555,265.6726,186.2302,231.328,194.4334,316.033,86.0698,215.1716,340.7026,215.0882,144.2967
2023-12-28,213.058,258.0057,157.7958,173.6007,283.3485,270.9162,265.2104,186.6882,231.1662,194.7023,314.3257,85.9255,217.0256,343.2286,215.9867,144.4065
2023-12-29,210.644,257.0882,157.3087,172.5161,283.6821,268.8567,262.9359,186.7428,229.8494,194.7243,313.1862,85.4562,216.3702,339.945,214.7861,144.4907
2024-01-01,212.1725,256.5322,157.5014,173.3886,285.3903,270.0968,264.2749,187.632,231.1,194.6573,314.3686,84.7954,216.5389,340.6288,215.6432,144.4346
2024-01-02,210.7552,253.4958,157.8216,173.6404,285.4486,272.1276,264.6685,187.2145,229.312,195.7718,314.6427,85.6318,216.9331,341.8251,214.6293,144.3459
2024-01-03,209.4419,253.5801,157.4227,172.4781,282.8951,270.5488,263.081,186.7627,228.1866,195.0624,313.4192,85.2609,215.7911,341.2618,213.6833,144.3642
2024-01-04,211.4077,253.9169,158.1733,173.0693,285.0573,272.106,263.3562,188.3807,230.4431,195.4719,316.1329,84.6735,215.4051,345.4724,213.2113,144.3455
2024-01-05,212.3402,255.3749,157.4276,171.1751,285.2485,271.3609,261.4297,188.0758,228.0191,194.7818,314.4712,84.6512,214.5159,344.4786,213.1924,144.3963
2024-01-08,214.7304,256.4406,157.3768,171.2481,285.6615,270.658,262.508,188.2283,229.948,195.0966,316.8358,84.9593,215.0417,343.6252,213.4202,144.4137
2024-01-09,214.3489,255.475,157.3416,171.5527,283.711,271.1689,262.8135,187.7309,229.969,194.5551,316.242,84.1493,216.7673,344.3324,212.7315,144.3568
2024-01-10,210.2953,252.718,157.7613,171.6431,282.34,268.6041,260.6509,187.4346,228.9345,194.6243,312.0015,83.8687,215.2357,341.9614,211.854,144.3442
2024-01-11,205.1605,246.9682,157.3414,171.7412,280.4283,267.274,258.8815,185.9436,227.2954,193.7458,310.9375,83.6895,212.4478,335.5697,209.5907,144.3134
2024-01-12,205.2984,248.3235,157.489,172.2492,283.5174,267.4601,261.4308,186.6938,226.8307,194.7842,310.4881,83.1937,214.6666,338.6439,209.798,144.3353
2024-01-15,202.5756,245.0346,157.9489,172.4424,280.8592,264.4835,258.8748,185.8974,225.1209,194.5355,307.1324,82.5508,216.5187,336.5532,210.3078,144.4052
2024-01-16,202.1211,245.4268,157.7832,172.7755,282.1468,266.0414,259.506,184.7402,224.2591,195.406,302.851,83.9675,215.4302,334.9763,210.6454,144.3996
2024-01-17,202.8274,244.3232,157.3493,172.1131,281.8514,265.9373,257.72,184.3163,225.1084,195.992,304.284,83.1299,213.4618,330.5771,211.9289,144.4018
2024-01-18,203.7362,243.0254,157.222,172.007,281.9504,265.8643,258.0064,184.667,225.5377,195.8179,304.4916,83.1131,214.8752,323.2618,212.9829,144.4214
2024-01-19,201.5111,241.4454,157.2703,172.609,280.1223,266.5783,257.2477,183.6119,226.2186,195.8072,303.2965,82.6576,212.3139,321.717,213.0076,144.4231
2024-01-22,202.5208,240.11,158.0266,173.5835,281.5085,266.5846,258.5592,184.2193,225.6484,196.1449,303.8902,81.1795,215.9694,329.7923,212.3182,144.431
2024-01-23,202.1805,237.1985,158.4101,173.6466,279.4828,264.8046,258.5701,184.7522,225.6378,196.8816,304.1506,82.3055,214.9135,330.1475,212.109,144.4606
2024-01-24,200.4897,235.0719,158.5755,173.3982,277.0027,262.4891,257.5409,184.2572,224.7858,197.5121,304.0986,81.0396,216.5711,327.9304,213.1054,144.5402
2024-01-25,202.7603,236.6316,158.2294,173.3014,274.8848,262.7423,258.2106,183.2678,225.3454,197.0513,306.7805,81.4229,217.5156,332.8598,213.3349,144.4877
2024-01-26,204.1722,238.3402,158.4137,172.8366,274.1632,260.7787,256.1173,183.3635,225.4008,196.5848,307.9449,81.7913,217.7903,340.5479,212.8947,144.449
2024-01-29,203.1876,238.0823,157.2374,171.7204,272.6323,260.3785,254.1853,182.19,222.4897,194.7718,305.3881,81.1954,216.2572,342.2402,212.3259,144.5701
2024-01-30,200.6656,238.2779,156.5842,170.8576,272.247,258.7486,252.9714,181.1739,222.2709,195.1269,303.66,80.8735,214.7978,332.892,212.6261,144.5472
2024-01-31,199.7017,240.4902,155.9845,170.2079,269.3702,255.5583,252.5263,178.8558,221.8135,194.9796,303.977,80.457,215.3095,330.3702,214.3794,144.6372
2024-02-01,198.1895,239.6205,155.9757,170.0595,268.9263,255.0142,252.7162,179.0925,221.7739,195.4495,304.4088,81.4166,215.5743,328.4959,212.8654,144.6491
2024-02-02,194.2833,236.9539,156.7742,170.1041,265.976,253.0398,251.9775,179.0364,220.7559,194.8698,304.3196,81.7618,213.9991,323.5757,212.5489,144.6771
2024-02-05,199.0594,238.3398,157.4124,171.1782,269.3084,255.3587,252.9979,179.4208,222.2124,195.8935,306.4925,82.3794,215.8252,331.3965,213.8228,144.694
2024-02-06,199.559,240.5796,156.9132,171.0592,269.3691,256.1855,253.4322,179.2419,223.2479,195.2774,307.9093,81.9697,216.0834,329.9971,214.1875,144.6897
2024-02-07,200.3553,241.782,156.6244,170.5575,268.2607,254.2261,253.0236,178.7396,223.1546,194.4232,310.922,81.305,218.0996,330.6667,214.6231,144.5933
2024-02-08,200.3224,240.4364,156.5465,170.8106,268.5934,254.081,252.6743,178.3354,222.2789,193.7327,310.5181,79.8933,218.6063,335.9848,213.1054,144.7054
2024-02-09,196.5944,237.6127,155.8449,170.401,267.4641,252.6062,251.7712,177.3921,220.2121,192.9492,309.054,80.1374,215.776,332.1273,211.6954,144.6861
2024-02-12,199.4238,238.6082,155.8733,170.575,266.4479,254.241,254.2366,178.0417,220.2596,192.6652,312.675,80.2705,216.5654,341.3442,211.8388,144.7515
2024-02-13,197.6277,237.8319,156.4244,170.8708,265.6436,253.3816,253.6274,178.0976,220.2143,193.2415,313.2327,80.2315,216.2555,343.2541,211.6722,144.7681
2024-02-14,200.1937,238.046,156.2253,170.9281,267.2178,253.012,253.1402,177.8611,220.3013,193.1388,310.2662,80.1794,217.2823,342.4714,212.6664,144.6866
2024-02-15,199.5501,238.4563,155.4834,169.975,265.279,254.2522,253.4944,176.9816,219.8156,193.7967,308.0056,79.3023,215.3039,336.7684,214.1573,144.7137
2024-02-16,203.0398,238.4472,155.881,170.7884,266.1941,254.1804,252.8284,177.462,221.0719,193.5649,308.9323,79.9903,219.2435,342.5529,213.9414,144.7326
2024-02-19,206.6743,240.5351,156.0476,170.6627,267.485,253.4845,251.3608,177.1968,221.1789,194.1509,308.2063,79.7447,222.2479,348.4684,215.6431,144.6575
2024-02-20,212.2579,243.5425,155.8869,171.5356,271.125,256.921,254.8371,178.1072,222.9732,195.3367,308.8228,79.806,226.1665,351.3442,217.934,144.6438
2024-02-21,213.4195,244.8033,156.614,172.1072,269.4677,255.8493,253.8778,178.598,226.7045,194.3267,313.6945,79.7146,226.0418,352.8379,217.4609,144.6066
2024-02-22,210.1726,243.4597,157.1374,171.7978,268.309,256.3628,254.2293,179.4375,225.4745,194.0861,313.2365,78.9242,224.4057,351.0219,216.5758,144.5707
2024-02-23,207.16,240.0586,157.643,172.4455,268.9642,256.9504,254.4238,179.7229,224.6498,194.9184,312.339,78.0768,222.9324,350.3172,216.1269,144.5439
2024-02-26,208.5547,240.0938,157.7004,172.4555,271.204,257.1717,253.8063,179.7089,223.7662,195.2525,312.7045,78.0346,222.4406,355.5723,216.5026,144.5422
2024-02-27,210.4364,240.2272,157.7673,173.8834,276.173,260.5925,257.1051,181.7606,227.7036,196.2328,312.8998,76.7741,223.146,351.3161,215.7993,144.5688
2024-02-28,206.623,238.2632,157.9516,173.5611,275.3746,261.677,258.3903,182.7678,226.2762,196.5023,311.2049,76.7515,222.6764,344.5864,214.7678,144.5029
2024-02-29,204.3842,235.8664,157.5123,173.3053,274.6337,261.4759,259.7538,183.3317,224.4476,195.6334,308.9224,77.2098,221.7668,341.0762,213.0673,144.4838
2024-03-01,208.5764,237.2349,156.8824,173.0592,276.0199,261.9435,260.5352,183.7395,225.3331,195.2113,308.9479,78.2931,223.4874,343.292,212.133,144.4955
2024-03-04,205.5726,236.102,156.5747,173.309,277.4122,263.2695,261.5573,183.9966,224.8018,195.1558,306.5554,78.1145,225.0824,334.9913,210.9013,144.4542
2024-03-05,207.4524,237.3984,156.1605,172.9105,277.5299,261.7772,260.9257,183.6489,224.0286,194.8664,306.0998,78.8472,225.9474,339.3159,211.2318,144.5882
2024-03-06,205.0472,235.9665,155.7558,172.5175,277.3929,260.3539,259.8901,182.4175,222.7397,195.1924,303.6955,79.302,224.4188,334.9557,210.533,144.5136
2024-03-07,202.024,232.8049,156.1255,172.9531,276.4391,257.2699,257.669,181.5922,222.6182,195.5748,302.6994,78.0313,222.1485,334.1393,210.7318,144.5982
2024-03-08,206.4367,238.3797,156.4863,173.3143,280.3573,260.1003,258.4159,182.2357,224.8194,196.2419,305.4517,78.2449,224.632,341.981,211.3986,144.5778
2024-03-11,205.4651,238.1828,155.8529,172.2877,279.9266,261.3008,259.5441,182.9833,223.5512,195.6919,304.2144,77.1227,225.4788,337.7381,210.2002,144.6347
2024-03-12,209.2788,238.4651,156.1157,172.6304,281.0453,261.1964,259.8534,182.4725,224.0125,196.5501,305.8406,75.8219,226.8751,347.3707,210.9984,144.6668
2024-03-13,211.4992,241.2938,156.5992,173.491,283.8009,263.1897,262.7557,183.3952,226.2482,197.7869,308.1543,75.2477,228.6878,350.5242,211.8231,144.6289
2024-03-14,210.1064,238.3096,156.0399,173.1722,281.6521,263.3633,262.8132,182.7295,226.0779,197.1955,309.7413,75.0302,227.607,345.737,210.3974,144.5873
2024-03-15,209.9289,236.9911,156.548,173.5918,283.2118,265.0153,262.182,183.6738,225.1315,197.0083,309.1487,75.4483,228.3865,346.1743,210.5411,144.642
2024-03-18,205.9173,233.559,156.5716,173.5397,279.2451,263.0823,262.3503,183.5778,225.0629,196.9336,306.7034,74.5986,227.0067,340.8623,209.0076,144.6105
2024-03-19,202.3481,229.314,156.8413,173.9444,279.5258,262.7303,262.0572,183.8524,223.0749,197.2889,303.1912,73.7408,228.6752,337.492,207.5518,144.696
2024-03-20,202.7682,231.0794,157.907,175.5207,282.6623,266.22,264.7463,184.9287,224.3155,198.7175,305.5507,74.6056,228.6625,340.6786,209.4334,144.7297
2024-03-21,204.6066,234.0212,158.0668,175.7252,281.8391,266.0364,265.776,184.8297,224.9072,198.6754,307.3429,75.2647,228.1744,350.0703,210.121,144.6839
2024-03-22,202.981,234.1691,158.0887,175.7105,279.4336,265.809,265.6453,183.5377,223.8997,198.9496,306.0834,75.2211,225.6621,356.1328,209.7969,144.7589
2024-03-25,206.1758,235.5461,157.2227,174.8186,280.3126,266.4084,266.2673,183.8423,223.6298,198.4986,304.4218,75.2941,225.8665,355.2163,210.2375,144.7541
2024-03-26,206.4369,236.0901,157.2957,174.8602,280.4188,266.8509,267.7926,183.9399,223.3563,198.5863,302.1185,75.3196,227.455,353.4646,209.9054,144.871
2024-03-27,204.1049,232.034,157.1499,174.3247,277.9381,265.0516,264.8429,183.3806,222.1832,197.7363,301.5386,75.0112,227.8945,347.1787,208.8588,144.8584
2024-03-28,203.5841,233.7225,157.266,174.7963,280.7239,266.8143,265.2973,184.2573,223.1954,198.1581,303.3225,75.8564,227.2355,347.8424,208.6645,144.8207
2024-03-29,201.3036,232.0953,157.2964,174.828,278.7364,267.0796,265.189,184.1928,222.4584,197.7685,300.5389,75.9947,226.4355,340.3059,209.6622,144.7373
2024-04-01,203.6082,232.646,158.2059,175.2293,278.4841,267.3896,264.9804,184.7218,223.7786,199.0463,301.3948,75.2549,230.9667,343.4851,210.7101,144.7996
2024-04-02,199.8665,227.1255,158.2727,174.8002,274.2077,266.5843,264.5573,184.3972,223.6379,199.0475,298.754,75.1352,228.4555,328.5256,209.7906,144.7378
2024-04-03,199.4326,228.3043,158.099,174.2113,274.3993,266.6573,264.7585,184.3359,223.2655,198.4554,299.1297,74.6223,227.7048,325.2294,210.1828,144.7113
2024-04-04,197.994,227.9533,158.177,173.7196,272.854,264.7372,263.4352,184.5492,221.92,197.3203,297.7339,75.3208,226.7111,326.5145,209.0716,144.7176
2024-04-05,193.1782,224.6296,158.8811,174.1711,272.1895,264.7097,263.5251,184.9387,220.8895,198.4401,295.57,75.2813,225.1596,319.3236,209.2834,144.7826
2024-04-08,191.919,225.4002,158.9614,174.2009,270.0445,264.8736,263.736,184.6585,220.6756,197.8802,294.4343,76.1668,226.1031,316.8902,209.5511,144.6643
2024-04-09,192.2165,223.9625,159.2838,174.4528,270.7672,264.814,264.7294,184.5477,220.0743,198.7975,292.6649,76.8061,226.8697,315.8905,209.0025,144.6778
2024-04-10,189.441,220.6365,158.7438,174.1911,270.3552,264.7001,264.9451,184.121,217.9894,198.8607,287.7949,76.1095,224.4889,309.2726,209.0066,144.7068
2024-04-11,185.6093,218.6242,158.9168,174.0699,271.3606,264.0998,262.9578,184.3959,217.6474,198.7829,286.2213,75.3073,221.7417,303.9948,207.4659,144.748
2024-04-12,185.2002,216.8201,159.4208,174.2892,270.2464,263.6796,262.6186,184.4511,217.5259,199.681,288.6557,75.3678,222.7947,304.7856,207.8991,144.8179
2024-04-15,181.7685,213.3908,159.4917,174.4096,265.3462,263.2367,262.8999,183.6303,217.1531,199.5171,290.4248,74.6878,222.1473,301.8742,206.979,144.8834
2024-04-16,183.8299,216.0056,159.562,173.7818,263.6808,263.0166,262.6219,183.7557,216.0125,198.9671,291.5026,74.8676,223.4894,309.2593,208.8621,144.8929
2024-04-17,184.9429,217.4337,159.2413,173.2317,264.8046,263.7621,262.1638,183.6276,215.8613,199.695,290.6759,74.6298,223.991,313.9125,207.6642,144.9749
2024-04-18,184.3741,218.5773,158.9555,172.8936,266.406,263.9491,263.2919,183.6949,214.8712,199.7625,289.3556,73.9055,224.3519,315.5146,206.6061,144.9168
2024-04-19,184.187,219.6006,158.9242,172.2509,263.8542,263.0785,262.7854,183.1232,213.9716,200.121,290.1684,73.8697,225.4577,314.9098,209.0993,144.9253
2024-04-22,186.2936,224.4199,158.7402,171.8442,263.609,263.1578,263.2647,183.1624,215.0789,199.7311,290.6298,73.1588,229.4848,320.0055,208.8197,144.9852
2024-04-23,184.8253,220.5552,159.6615,172.8808,263.9655,263.5495,263.4345,183.7056,215.3996,200.585,290.7162,73.7411,230.173,314.1178,208.9842,144.9925
2024-04-24,185.6236,221.08,159.2798,172.0696,263.5954,263.6823,262.7546,183.9184,216.0999,200.1759,291.1522,74.0382,228.7046,311.7245,208.0888,144.9756
2024-04-25,192.6169,226.1755,158.4029,172.0102,265.2779,265.2099,265.3949,184.1163,219.765,200.4508,293.5674,74.0598,232.8735,315.5417,208.7181,144.9676
2024-04-26,190.1169,224.5063,159.0103,173.1683,263.5132,265.7497,266.8619,183.8754,219.5848,200.3102,295.5739,73.9876,234.2429,316.783,208.4369,144.961
2024-04-29,189.4402,224.9282,158.4664,172.3154,264.5968,263.9277,265.0254,183.5605,218.8396,200.0136,292.0567,74.5454,234.8425,309.0937,208.4924,144.9576
2024-04-30,188.2504,226.7941,157.7796,171.6567,262.9325,265.0665,266.932,183.2087,217.1349,199.4469,290.701,73.7413,235.9529,311.2911,207.9104,144.98
2024-05-01,189.0309,227.5232,158.6823,171.9267,262.8599,266.6716,267.0007,184.5907,218.4073,200.6489,294.8027,74.3368,233.549,317.2695,208.9559,145.0365
2024-05-02,185.7708,226.8289,158.7511,172.3619,263.6952,267.076,266.348,184.2328,218.2152,200.6048,294.0892,73.3128,233.4581,313.2092,208.7155,145.059
2024-05-03,185.4789,227.7439,158.6162,172.6799,264.985,265.6963,265.9914,184.2409,219.1187,200.2512,296.3967,73.6799,234.1325,310.5982,209.4778,145.1045
2024-05-06,187.7564,229.7824,158.8642,173.9582,269.4876,269.0012,267.8181,184.5059,220.4865,201.2073,296.8252,74.4357,235.7488,312.336,210.6404,145.0756
2024-05-07,190.637,231.4083,159.1407,174.3872,270.8343,270.0216,267.4836,185.3071,222.994,201.6829,298.2147,73.7785,238.3011,318.1446,209.8173,145.1308
2024-05-08,190.8091,233.5362,158.8797,173.7301,271.3236,270.0241,267.1835,185.3438,223.1295,201.1247,299.8815,72.1383,239.4113,320.8467,208.8108,145.1598
2024-05-09,190.5734,232.5779,159.3425,174.5342,271.8507,270.9071,266.8204,185.2923,222.3772,201.1393,300.9752,72.2156,239.9991,324.6664,209.7571,145.2019
2024-05-10,190.9491,233.5148,158.8985,173.6578,270.501,270.8824,267.3507,184.5723,221.8215,201.3175,301.7534,73.0809,240.3393,325.4815,208.2078,145.2211
2024-05-13,188.2479,231.1302,159.4831,173.93,268.9851,269.989,266.4303,184.7267,220.1718,200.7789,300.485,73.1107,238.5337,327.9758,207.3743,145.2415
2024-05-14,190.4167,234.5137,159.5017,174.897,276.0724,274.0619,268.4578,185.4787,221.1516,201.6091,299.4004,74.4193,239.4079,327.8192,207.6688,145.2037
2024-05-15,191.7689,233.5388,159.7954,175.8678,276.5485,275.6505,269.7309,186.1338,222.751,201.8216,301.0524,75.0164,240.3493,327.7014,207.9729,145.2743
2024-05-16,191.108,230.3227,159.2745,175.2025,273.245,274.0374,267.5672,184.5822,220.0972,199.9859,296.8633,75.2915,237.4256,328.9452,206.6091,145.2984
2024-05-17,190.4255,230.5217,158.8886,174.3859,271.1566,272.8933,267.1533,185.0853,219.3768,199.868,296.1615,74.7807,236.8309,331.6635,206.4404,145.2883
2024-05-20,187.2996,228.1018,158.8371,173.9528,269.3012,271.0977,266.6891,185.0654,218.4685,199.7505,296.6195,74.2571,232.725,328.5004,206.0997,145.376
2024-05-21,192.1859,230.2776,158.5273,173.4767,272.1173,272.3179,268.371,186.3263,219.2648,200.6549,297.6099,74.2886,235.5268,330.2878,207.5361,145.3716
2024-05-22,193.2283,229.119,158.3085,173.2193,271.9301,271.7381,267.2992,185.4632,219.2758,200.5821,297.8912,75.2378,232.6103,331.6047,206.631,145.3764
2024-05-23,189.2446,226.8334,158.3437,173.3915,271.0827,271.4376,266.5802,185.403,217.1845,200.2693,295.3691,75.2295,234.476,325.5616,206.7556,145.4243
2024-05-24,188.7765,227.0115,158.6957,174.0572,271.1624,272.6517,267.3709,185.502,217.1315,200.5372,293.6758,75.8506,234.4142,325.9687,207.3668,145.4673
2024-05-27,187.6996,225.861,158.8864,173.8611,270.2032,270.8154,265.8179,184.1259,216.0368,200.5538,292.504,76.5235,234.9212,322.0776,207.5926,145.4939
2024-05-28,184.6403,225.7565,158.0364,172.8319,267.5378,269.4211,264.7438,182.8168,215.1421,200.3351,290.8655,75.8813,234.7131,315.7991,206.8038,145.6407
2024-05-29,188.5751,227.6939,158.6639,174.137,271.7496,272.4713,266.7206,184.0019,216.5605,200.1985,291.1872,76.58,236.262,322.7413,206.5959,145.7316
2024-05-30,186.1456,227.9399,158.9541,174.5014,272.1569,274.3927,267.3788,183.7955,215.5796,199.9063,290.878,76.5215,234.7852,321.7857,206.6074,145.7466
2024-05-31,185.8961,225.7801,158.9493,173.9392,270.247,272.7461,265.0301,183.2228,215.5963,200.1106,290.3869,76.224,233.6428,319.7614,206.2915,145.7516
2024-06-03,182.8458,222.2558,159.2352,174.3646,268.9826,273.3407,264.7291,183.647,214.7904,199.9646,290.0268,75.5402,233.54,318.0901,204.9684,145.7678
2024-06-04,181.7674,220.8423,158.9189,173.7387,266.3626,272.1315,264.4675,182.8573,213.0674,198.8157,290.2778,75.881,232.1577,316.68,204.6759,145.6935
2024-06-05,182.0644,221.3294,158.6872,173.5516,267.9041,274.3315,266.4636,183.4621,212.6421,198.8289,289.4338,74.205,229.3574,315.259,206.0665,145.8131
2024-06-06,182.0764,220.5254,158.3976,173.9762,267.9849,274.043,267.0827,182.4756,211.5451,198.0682,286.9278,74.217,228.7283,316.06,206.1052,145.915
2024-06-07,180.1102,216.7261,158.6502,174.2658,264.853,272.4033,265.9645,181.8431,211.0768,197.0941,286.8232,74.6396,227.7551,312.7942,205.008,145.8009
2024-06-10,179.9802,214.5841,159.884,174.8357,263.854,272.6798,265.7555,182.9664,211.1077,198.3165,287.0812,74.9545,226.3539,316.1535,206.2255,145.7368
2024-06-11,182.8939,216.3557,160.3844,175.0761,264.5543,274.0641,266.0666,183.055,211.7656,198.9477,287.8217,76.376,228.7645,320.3716,206.7205,145.7645
2024-06-12,188.1771,217.6696,159.3238,174.4431,267.0633,276.0493,268.4943,183.7328,211.9982,198.5791,285.8393,76.9664,228.7407,317.3426,208.2029,145.8043
2024-06-13,187.0851,216.7738,159.1998,174.2061,266.8811,277.7385,268.7765,183.5328,211.3101,198.6518,286.4279,76.6718,226.0028,317.7913,207.4481,145.816
2024-06-14,190.5481,220.7735,159.9923,175.8027,271.0728,281.6111,272.4438,184.6417,215.2589,201.1239,289.9949,78.1425,227.1465,320.8504,209.4078,145.7303
2024-06-17,192.0521,221.9557,159.9489,174.9969,269.8541,279.6869,271.4596,184.3687,215.1618,201.3809,291.224,79.1055,225.4768,325.8767,209.3556,145.7379
2024-06-18,192.0504,222.1889,159.4306,174.9455,269.7485,280.1226,271.791,183.7349,215.1692,201.301,292.4158,79.4743,224.5434,326.7267,209.1117,145.7162
2024-06-19,199.4312,228.0086,159.226,175.0084,273.1349,280.715,272.6351,183.6526,216.4174,201.1081,294.4755,79.3217,230.4108,338.3232,210.351,145.7495
2024-06-20,205.1162,231.3711,159.268,174.6812,274.0917,280.2527,273.5334,183.8724,216.6584,200.4276,295.6965,79.9093,234.2772,346.9231,210.3935,145.8058
2024-06-21,204.6947,230.01,158.9266,174.355,272.6056,278.876,270.7938,182.9825,216.9446,199.6775,296.8864,79.519,234.0726,344.1679,210.3118,145.7877
2024-06-24,208.3685,233.751,158.6608,174.4813,273.6303,280.7835,272.2995,183.0212,218.0432,199.4907,299.9529,79.1833,237.7905,350.9728,210.7459,145.8336
2024-06-25,212.6283,237.4821,158.8415,174.4071,273.6796,281.7403,273.85,182.971,218.0695,199.7317,301.3477,79.7297,239.2739,362.9933,211.634,145.8465
2024-06-26,208.8234,235.9417,158.8493,174.2376,272.5167,280.3895,273.3848,183.2629,216.7713,199.0596,301.5075,78.4754,235.7233,361.6568,212.2197,145.8685
2024-06-27,214.5021,240.4747,159.8109,174.4789,275.8241,281.9622,274.0672,185.1867,218.4236,200.3282,303.9915,79.2351,240.5764,372.3744,213.2897,145.8519
2024-06-28,212.6017,241.3507,159.366,173.477,275.6702,282.4039,275.7102,185.8096,216.9862,200.7097,301.9537,79.2513,239.1686,368.1947,213.0037,145.8703
2024-07-01,210.8403,240.4934,159.3822,174.6451,276.4679,283.5721,278.5328,185.5883,217.2875,201.4084,299.2191,78.7369,240.6951,362.2129,213.7938,145.9163
2024-07-02,212.0885,242.1822,159.9047,174.6654,278.2795,283.5502,277.9702,185.8398,218.4679,201.9853,301.7965,79.0532,241.4994,364.3815,213.3213,145.938
2024-07-03,211.3962,240.2036,159.9104,174.7387,278.4692,283.3298,278.5292,185.9694,217.6169,202.0529,301.6798,76.9092,240.2047,365.5387,213.9903,146.0087
2024-07-04,209.3857,236.4434,159.5485,173.8063,276.2729,281.0573,276.6844,186.0492,215.3583,201.6925,298.623,77.1081,237.3669,365.0709,212.607,145.9933
2024-07-05,211.6922,240.6071,160.5246,174.1525,278.0913,280.5146,277.2787,186.3551,216.4746,203.4897,301.4236,78.194,239.4387,371.3957,214.8812,146.0623
2024-07-08,208.7575,238.7149,160.2833,173.4859,277.0036,278.4458,275.6822,186.2728,215.9514,203.6288,300.1881,78.2657,239.268,363.9001,213.5858,146.1069
2024-07-09,208.9618,238.5861,161.5334,174.2927,278.2522,279.102,276.2592,188.1816,217.9739,204.2271,302.2989,77.5735,238.2786,366.0622,213.7148,146.0762
2024-07-10,210.9306,241.7211,161.9617,173.64,277.2446,277.172,274.8684,188.4805,218.9646,203.96,306.5642,77.7773,237.5951,376.701,213.0718,146.1495
2024-07-11,207.6099,238.1884,161.6687,173.742,276.6825,276.4763,274.6305,187.909,218.253,203.7338,302.2117,77.4914,235.7465,368.6887,211.0453,146.239
2024-07-12,205.4464,236.5907,161.421,172.8736,274.4236,273.7305,272.5548,187.3877,216.7218,202.1975,301.0721,76.9936,234.2982,364.4433,210.5903,146.2209
2024-07-15,203.1805,234.2623,162.1324,174.0374,276.2465,275.2816,273.7872,188.1859,217.192,203.5386,301.1417,76.1501,234.9307,363.0572,210.2162,146.212
2024-07-16,202.509,233.4831,161.6996,173.7364,276.9789,275.7156,274.5935,188.034,216.9653,203.89,299.1513,75.8928,232.2602,360.5893,209.203,146.1893
2024-07-17,205.0958,234.122,161.9904,174.1225,277.3856,277.1271,276.4339,188.9053,218.615,204.8617,301.2131,77.0356,234.0419,359.8563,210.0054,146.208
2024-07-18,204.2797,231.0489,161.5516,174.1198,277.9311,277.4837,276.592,188.0348,218.3287,204.2731,296.738,76.9594,230.2226,349.9607,209.0648,146.2305
2024-07-19,206.6412,231.284,161.7749,174.2747,276.542,278.142,278.2828,188.8776,219.9007,204.485,299.5873,77.2433,230.6768,354.4924,208.3879,146.3055
2024-07-22,204.7566,229.8123,162.354,174.8053,276.8782,278.6756,277.2818,189.1883,219.9049,204.7302,297.9661,78.3432,229.0053,353.2445,207.6779,146.2669
2024-07-23,206.0717,231.2759,162.071,174.5533,276.2842,278.8292,278.2551,188.7741,219.8541,204.2505,296.8453,79.2945,229.6821,350.3683,208.3271,146.2825
2024-07-24,208.4039,231.6238,161.5222,174.3185,277.0108,279.7249,279.5605,188.1824,219.7645,204.2047,294.3923,80.7647,228.0384,350.5895,207.3026,146.2216
2024-07-25,209.0774,231.6464,162.0175,174.2219,276.4389,276.7989,277.1544,188.6814,218.6077,203.7656,294.2779,80.6766,231.018,359.2939,207.3313,146.1877
2024-07-26,210.1116,232.2349,161.9726,174.1359,278.8093,275.5618,276.0604,187.8173,217.7935,203.5702,294.7204,81.2811,230.8608,361.055,207.3378,146.1913
2024-07-29,214.6812,233.7976,162.2421,174.433,278.2458,275.5529,276.8581,188.5111,217.7749,203.8768,293.1207,81.5246,236.1294,370.2106,208.9522,146.1752
2024-07-30,217.1261,236.4333,161.3134,174.3627,282.0371,278.0159,280.2704,189.2905,218.2711,204.4258,293.567,81.0344,234.5238,374.3072,208.9743,146.2
2024-07-31,220.2309,238.9281,161.3637,174.2817,283.7576,280.602,281.1538,190.3455,220.4078,204.4341,296.2623,81.4432,236.4885,368.559,210.455,146.1312
2024-08-01,224.4724,241.5816,162.0006,173.9003,281.3514,278.5779,279.6116,189.5764,220.409,204.4316,299.9691,82.6982,238.1022,378.314,212.9367,146.1751
2024-08-02,221.5389,241.2302,162.3355,174.2409,281.815,280.3045,279.0232,190.404,222.2644,205.6392,299.3442,81.9928,238.5613,369.6875,212.8841,146.2377
2024-08-05,225.7827,243.8954,162.6935,174.41,280.7256,279.3197,279.5027,189.9674,224.2993,205.2276,301.9545,81.5997,239.879,375.7599,213.7315,146.2194
2024-08-06,224.8644,241.2936,163.2077,175.0153,280.9851,277.2322,277.1734,190.248,224.0082,205.5852,302.9632,82.1801,243.3629,377.9137,213.3641,146.3186
2024-08-07,224.2876,241.0855,163.7702,175.4002,281.655,275.7152,275.1007,191.0307,223.8592,204.7166,302.2014,82.4852,244.1451,379.8848,213.4435,146.3371
2024-08-08,224.1126,241.8145,163.6781,175.4941,281.8041,276.2672,276.8166,190.9907,223.4297,204.264,302.1379,82.6762,245.6571,379.5221,212.7136,146.3398
2024-08-09,220.9597,241.2283,163.6626,174.8882,279.7838,274.1433,275.8848,189.8534,222.8793,205.0583,302.5817,82.7614,244.3234,374.6236,212.6467,146.4426
2024-08-12,223.334,240.2071,163.5808,174.5575,276.7582,273.7786,275.697,189.7101,224.3894,204.3961,304.2542,82.8591,242.5219,371.1058,213.5803,146.4113
2024-08-13,225.5385,242.8355,163.9968,175.7064,279.8207,274.9647,275.695,189.4192,226.5438,204.967,305.4811,83.2383,245.1984,373.995,214.2101,146.4109
2024-08-14,226.1935,241.8103,163.7085,176.2853,278.3991,275.5927,276.1646,188.3153,227.5775,205.1127,304.245,84.5905,244.8082,369.2419,214.9198,146.4205
2024-08-15,226.1518,241.0135,162.7626,175.6661,278.4531,277.3965,275.2338,187.515,227.1089,204.5845,302.1155,84.1345,244.6801,364.6646,213.5872,146.4146
2024-08-16,226.9672,242.1449,163.3924,176.3344,279.5433,276.9037,275.4165,187.6064,226.3551,204.8832,302.2246,84.7453,246.282,371.316,215.0107,146.3717
2024-08-19,223.7324,241.4758,162.7263,175.1812,277.4525,276.01,274.9033,187.0508,225.4918,204.8354,301.7544,83.1517,241.4366,368.8935,214.3659,146.4091
2024-08-20,219.7353,241.2141,162.55,174.6125,277.1262,274.1481,274.2506,186.9624,225.0061,204.3506,300.9047,82.3616,238.9258,361.4187,213.8894,146.3867
2024-08-21,217.6333,240.4189,163.0026,175.6056,278.5019,276.408,275.7672,187.0826,225.4366,204.6218,300.0252,82.0983,238.9813,355.888,214.1218,146.3737
2024-08-22,220.0694,243.4119,162.5573,175.03,278.9983,276.0305,276.3345,185.9912,225.2077,203.8746,302.5381,81.927,236.7856,364.0968,213.5958,146.3617
2024-08-23,218.5825,242.2475,162.5316,174.6367,280.7261,275.1149,274.0483,186.1045,223.9188,203.7548,304.0947,81.0969,235.8718,366.2667,212.9329,146.4894
2024-08-26,218.4571,245.4057,161.9841,173.4142,278.793,275.8139,275.2894,186.1966,221.6145,203.1798,300.1386,81.9197,235.7111,367.1463,213.4443,146.4667
2024-08-27,219.907,250.0873,161.3584,172.8992,280.173,275.3879,274.3526,185.6351,221.5783,202.1231,299.6201,83.2473,237.2898,365.4449,214.4602,146.4935
2024-08-28,220.5875,253.2596,161.1444,172.4686,279.2366,274.4108,273.0837,184.8212,223.9555,202.9406,301.692,84.1744,235.8974,364.3869,214.8171,146.54
2024-08-29,226.4942,254.9204,161.2501,172.0461,276.9647,272.282,272.3009,184.2159,224.5365,202.851,303.1246,84.3028,237.9022,371.6244,217.3664,146.5189
2024-08-30,226.7328,256.8862,160.4195,171.482,276.3404,272.3872,273.3176,183.3992,225.3054,202.0872,303.2746,84.818,234.9711,369.133,216.2221,146.5218
2024-09-02,227.9036,257.6447,160.7252,171.5732,276.3553,272.6022,273.6729,183.9644,225.4816,202.3642,302.3765,85.864,235.7865,370.6014,216.4308,146.5883
2024-09-03,228.8999,259.9784,161.3942,171.89,274.2487,270.6719,274.9164,184.3918,227.1608,202.1604,304.2711,86.2426,235.5711,373.955,217.2807,146.6581
2024-09-04,229.6775,259.7029,161.7818,172.7301,276.6087,271.6135,275.3967,184.7323,228.5184,203.4808,303.3275,86.6405,236.3244,372.764,217.5634,146.7069
2024-09-05,227.1795,257.4463,162.055,172.753,274.1365,268.875,273.9534,184.78,227.8454,202.5334,301.2249,85.9422,233.33,375.5794,216.8675,146.6385
2024-09-06,223.8078,254.0627,161.4684,172.1314,270.3855,266.9796,272.0738,183.8744,227.8857,201.9087,300.2993,85.4327,230.9818,366.0157,216.2392,146.6479
2024-09-09,221.4902,251.9093,161.9894,172.7728,272.6044,266.9842,272.0986,184.6566,229.5475,203.188,297.9582,84.7841,227.1564,357.6557,216.4801,146.6546
2024-09-10,220.2669,252.0438,162.541,173.0178,271.9435,267.7326,271.9609,184.6346,229.0359,203.0907,297.7573,83.8588,227.3791,360.5719,216.509,146.7642
2024-09-11,218.2637,253.1975,163.509,173.6369,272.7698,270.1744,273.9945,185.1607,228.7635,204.872,299.0795,83.2574,225.7009,368.036,216.8879,146.7199
2024-09-12,221.1203,259.6689,163.7359,173.9025,274.6686,271.0322,275.3951,185.1227,229.0288,205.4321,300.3786,83.9718,228.4135,381.4445,217.6363,146.7634
2024-09-13,221.7197,259.9196,163.0671,173.1457,273.9497,271.4798,275.0735,184.7397,230.4021,204.6464,302.2191,82.7695,225.0639,373.6475,218.4755,146.773
2024-09-16,224.4356,262.8898,163.1236,172.6347,274.5036,270.6969,273.1047,184.4257,230.9875,203.979,305.1413,82.3701,227.2646,377.1063,219.1656,146.7556
2024-09-17,224.6889,264.1734,162.8307,172.8076,274.4133,272.428,275.3462,184.0356,230.281,203.7069,304.8365,83.349,227.8859,374.4404,220.4164,146.7452
2024-09-18,220.4908,260.2039,162.1484,172.407,274.4817,272.1201,273.8665,183.8416,228.697,202.9707,301.2306,83.6865,224.6009,365.5738,218.3522,146.7672
2024-09-19,223.8873,265.7833,162.966,173.3512,279.0771,272.5869,274.5478,184.5474,230.744,203.754,303.0957,84.6132,226.1572,375.1547,219.1575,146.7492
2024-09-20,226.1599,268.5363,162.8896,173.0942,278.984,272.4282,274.5412,184.7123,230.3199,204.511,304.2583,86.0912,228.166,382.3561,220.4661,146.8242
2024-09-23,228.7109,271.3043,162.4464,173.4277,281.7999,274.6469,277.659,185.9156,233.3863,205.1372,306.4617,86.8388,229.3107,377.9656,220.143,146.8323
2024-09-24,227.828,271.404,162.3246,173.4205,283.1352,274.1088,276.8285,186.0288,235.0291,205.8922,309.4606,86.1539,228.6352,376.9517,219.4955,146.73
2024-09-25,230.4667,275.3192,162.4194,174.2379,287.5678,276.8656,277.3874,186.2224,237.186,207.0172,312.154,85.4747,229.2365,386.6227,219.4966,146.7044
2024-09-26,227.4217,274.3178,162.9271,174.0056,286.7281,275.9817,275.4932,186.0709,236.7769,207.0706,313.2504,84.4701,228.031,386.3537,218.8227,146.6938
2024-09-27,225.6004,273.1469,161.9758,173.2872,285.9092,275.2395,274.0555,184.7603,235.2778,206.6142,311.3962,84.2649,226.3208,382.5378,218.4904,146.619
2024-09-30,224.9865,274.3964,162.2206,172.8009,284.1052,274.1263,271.3196,184.2085,235.0779,206.4596,313.0973,84.1082,224.7252,389.9061,218.3073,146.6954
2024-10-01,223.5474,271.0231,162.874,173.0257,282.5706,274.3274,270.1178,185.1036,234.7642,206.7044,313.3888,83.7683,226.1853,386.4716,218.97,146.7645
2024-10-02,219.5515,268.599,162.4705,171.7203,279.2253,271.5245,266.8332,183.7287,233.7276,206.0678,310.318,83.3059,222.3378,373.7242,219.0336,146.7464
2024-10-03,225.4801,272.4831,162.2615,171.8593,283.2945,272.6108,266.5796,183.6286,236.4268,206.7044,311.3202,82.0081,221.1226,379.1845,221.0146,146.8166
2024-10-04,225.6563,274.223,162.4979,172.2032,283.2504,271.8692,266.7076,183.842,237.3225,207.0582,312.7215,82.0501,223.333,381.7642,221.5514,146.8672
2024-10-07,223.3142,273.5528,162.6317,172.4268,285.6817,270.2399,266.2724,183.6356,236.1393,207.2588,311.5191,82.5819,223.5174,376.9134,221.6955,146.8709
2024-10-08,219.7138,269.848,162.8309,172.0469,283.8469,271.0533,266.0108,183.4735,235.059,208.4398,309.6271,81.1917,222.5684,373.7109,220.1666,146.778
2024-10-09,210.9897,265.4088,162.95,171.3481,278.6893,268.6405,264.4409,182.6158,231.1106,207.387,305.3409,81.4683,220.6103,362.2294,219.188,146.8358
2024-10-10,210.1924,266.3436,162.7373,171.1552,278.1809,269.132,264.8417,182.2572,231.7804,207.5819,305.08,82.7176,219.2924,356.8367,219.0098,146.8276
2024-10-11,206.2788,264.3668,162.7931,171.3525,279.926,270.0621,265.5555,182.2969,230.7965,207.6415,302.5167,81.623,217.5507,349.3922,217.8473,146.8343
2024-10-14,210.0311,270.4424,162.7268,170.8805,283.5236,271.3077,265.6345,182.8101,233.4545,207.7638,305.5423,81.6713,219.1558,350.156,217.6429,146.9384
2024-10-15,209.1195,269.0258,163.2256,171.4297,281.8218,271.1533,264.8883,182.3147,232.9891,207.5438,307.6276,83.0718,220.5053,352.515,217.5042,146.9346
2024-10-16,203.6888,264.8997,162.9354,171.1569,281.0962,269.5553,264.4684,181.3955,231.2858,207.7902,303.5085,82.0682,216.6482,342.1793,216.8111,146.9278
2024-10-17,199.7838,261.6422,162.9055,170.2218,277.2138,266.3436,261.9352,180.7749,229.3601,206.7195,303.993,82.4571,215.9319,333.253,217.0988,146.8351
2024-10-18,200.8449,262.4957,162.8191,169.2769,277.1489,265.6948,260.7029,181.4432,228.6357,206.9788,302.9703,82.029,217.146,332.3672,218.2479,146.862
2024-10-21,201.7115,263.4121,163.895,170.9956,279.2487,267.2879,262.9214,182.151,229.8928,207.5623,304.6747,82.8484,217.0288,340.2658,218.5596,146.878
2024-10-22,201.8194,264.8163,163.3727,170.6082,281.7498,266.4041,262.506,181.421,229.7629,207.6183,303.1427,81.384,216.0544,338.3506,218.9161,146.8663
2024-10-23,198.1337,260.5099,163.5339,171.0429,281.2942,266.7058,263.2025,181.464,229.8411,208.1574,301.9815,80.5515,211.9014,330.4503,218.8926,146.8389
2024-10-24,194.8228,256.8976,163.1407,170.5514,278.811,264.7044,262.0302,180.9034,229.4408,208.1943,301.0397,81.0908,208.3142,323.4803,218.0615,146.7404
2024-10-25,194.8971,258.9699,163.9274,171.6681,282.4838,268.0471,264.6036,182.5109,231.072,208.6686,301.9284,81.1821,207.8034,322.0502,219.1377,146.7163
2024-10-28,194.6524,259.1996,162.8708,171.1806,282.2399,269.8817,266.6527,182.7853,231.1504,208.9099,298.5853,81.2989,202.0085,318.987,219.6934,146.8634
2024-10-29,192.9044,260.1229,163.0089,171.6375,282.6674,269.2326,266.1008,182.502,231.6025,209.0606,299.6892,81.4881,202.3071,316.7969,220.9997,146.7849
2024-10-30,191.8318,259.0152,162.7288,170.7674,280.6701,267.1936,265.1253,182.2345,229.0789,207.945,295.1515,81.7173,201.5718,314.8923,220.8011,146.7345
2024-10-31,198.0636,264.1264,162.3269,170.6234,283.2631,269.0757,266.6576,182.9805,229.3328,208.0865,295.3005,82.8035,205.4966,323.1509,222.4151,146.7628
2024-11-01,195.3749,263.9818,161.7602,171.135,284.9078,271.0209,269.3612,183.1246,230.0612,207.8498,294.8633,81.8858,201.2365,321.1521,220.8018,146.7251
2024-11-04,197.7734,264.0172,161.6562,170.9713,284.8593,270.4536,268.2794,183.2039,231.0934,207.3083,296.6985,82.5758,200.6736,324.4001,220.0526,146.7439
2024-11-05,201.1911,265.0434,160.9178,170.0131,284.5029,271.9355,267.1427,182.9769,230.5899,205.9068,297.0172,82.4906,198.6711,328.6085,220.051,146.7598
2024-11-06,202.2559,265.8276,160.6546,169.9997,284.4601,272.2504,268.2439,183.2478,232.9351,206.4466,298.8742,81.8468,198.9617,326.5696,219.6289,146.7938
2024-11-07,201.6776,267.7653,160.2986,168.9813,280.7956,269.4806,266.4009,182.529,234.3909,205.267,299.2905,82.9992,198.1121,322.8953,217.8295,146.7711
2024-11-08,199.6068,267.4691,160.8102,169.5735,279.7626,271.2579,269.1863,183.4059,234.1655,204.9645,300.975,82.1692,199.4726,321.4991,218.0067,146.7525
2024-11-11,205.1562,270.3454,160.5312,169.7167,282.4498,273.2631,270.7092,184.1256,237.3153,205.6449,303.3895,81.3004,200.3244,326.2458,218.2192,146.7971
2024-11-12,201.7114,266.1712,160.862,169.1744,279.2327,269.9484,267.5513,183.4493,235.0586,205.5845,303.55,80.8274,198.7581,329.3086,216.9745,146.8473
2024-11-13,204.2759,268.4961,161.1761,169.8497,278.6952,271.4463,269.6109,184.2136,236.6987,205.3983,305.9626,81.7266,202.1119,330.1598,218.5481,146.8206
2024-11-14,202.1425,266.9193,162.4795,170.7521,279.2231,271.6758,269.4267,185.1308,236.5518,206.5411,304.5606,81.3085,203.198,333.3341,217.9573,146.8576
2024-11-15,196.7335,261.3117,162.8459,170.9973,275.7206,271.763,269.3357,184.4044,234.727,207.4476,299.7141,80.5838,199.8566,326.4616,218.14,146.8382
2024-11-18,194.0934,259.1876,162.3717,170.6588,276.4389,272.8742,269.9538,185.1486,234.9136,206.8831,297.9714,79.5488,199.0093,313.6725,217.3247,146.8677
2024-11-19,194.4475,259.3379,162.0514,170.4919,277.6287,272.3828,269.9571,184.9073,234.9852,208.1525,299.3758,79.9736,199.3916,315.1828,217.147,146.8832
2024-11-20,193.8981,260.4156,162.365,171.5259,279.4374,273.2521,271.3917,185.284,236.7726,208.5351,300.536,79.8103,198.4069,313.8649,218.3451,146.9843
2024-11-21,196.2218,261.8856,162.7786,171.7127,282.293,274.5987,271.683,185.9716,236.4804,209.7064,299.3954,80.5195,199.0864,317.9867,219.5932,146.9254
2024-11-22,201.3706,267.6742,162.5353,171.2362,286.897,277.2373,272.9174,187.2054,239.8797,211.3298,303.8165,80.8186,200.6159,318.7554,220.6673,146.9133
2024-11-25,202.0496,269.8654,162.3626,171.4678,287.948,277.1709,271.5177,185.8042,241.2912,211.3352,306.0627,81.2591,200.6602,317.6663,221.6212,146.9931
2024-11-26,202.2236,271.1241,163.1497,171.627,287.564,275.9479,270.3316,186.058,241.8592,211.5879,310.2704,83.0312,201.9652,322.748,220.8258,146.9722
2024-11-27,200.1513,269.2959,163.1589,171.5238,286.5475,275.1194,269.6997,186.2782,242.0668,212.3213,307.9098,82.7652,202.2577,315.8007,221.3954,146.8873
2024-11-28,199.6622,268.1761,163.4614,171.6337,285.4162,274.2894,270.0232,186.5139,242.5884,212.3,308.8969,83.0879,201.9101,315.0762,220.7457,146.8976
2024-11-29,199.1988,268.1164,162.9119,170.8159,284.4533,274.019,269.8553,185.8243,241.7094,211.2922,309.4326,81.8547,202.7985,312.5266,219.4369,146.9749
2024-12-02,199.4037,268.8726,163.1518,170.6194,283.6324,273.6922,270.0928,186.2312,244.2711,211.3754,311.4009,81.7646,200.233,311.3654,218.1517,146.9909
2024-12-03,200.6805,272.833,162.9133,170.5333,283.8553,274.0451,272.3153,186.2036,245.8316,212.4427,313.6393,81.7747,202.465,314.3162,217.9145,147.0419
2024-12-04,206.2726,276.4687,162.9707,170.8837,285.5304,275.2751,273.3624,186.5406,247.6935,213.0344,316.3758,82.3925,203.3738,323.5607,219.5223,147.0763
2024-12-05,205.1504,275.4378,162.9069,171.2487,285.7038,275.976,274.7003,185.8261,245.9533,213.2445,316.287,84.0838,203.5049,324.2459,218.884,147.062
2024-12-06,207.1829,278.1783,162.7359,170.2035,285.2479,275.9756,276.567,186.1798,244.7498,213.3579,320.0375,83.9132,204.0904,330.0013,218.9271,147.0899
2024-12-09,206.8368,276.0054,163.5259,170.2664,283.696,274.976,274.4139,186.2429,242.7158,212.8135,321.2024,84.1374,204.9528,337.1687,218.7738,147.1112
2024-12-10,201.8401,272.5337,164.352,171.0371,282.7155,276.3837,276.6579,187.2705,241.3903,214.5265,320.0371,85.1047,203.7504,334.266,218.5706,147.1453
2024-12-11,198.7901,267.6626,164.7148,171.5136,281.2066,275.9432,275.1983,187.2239,240.9884,214.9051,316.2305,84.6349,203.8316,326.6314,218.8118,147.1077
2024-12-12,195.3706,264.3321,164.5045,171.3968,278.5415,276.3949,274.8109,186.6852,239.5779,214.0796,313.6539,84.6891,200.3392,321.2028,218.5781,147.096
2024-12-13,192.2632,260.8298,164.7839,171.4035,275.3091,275.2911,274.3294,186.1251,239.151,213.8213,313.6749,84.9589,200.5594,311.118,218.9504,147.1045
2024-12-16,195.0654,263.0884,163.9615,171.3568,279.4396,279.9745,276.2784,186.4201,241.2989,214.5747,311.2996,85.8206,200.6964,303.567,218.512,147.1975
2024-12-17,195.0786,263.7768,164.6884,172.0036,278.1236,278.5523,275.345,185.9533,242.3409,214.3746,313.5022,86.8273,203.0386,304.874,218.7411,147.1778
2024-12-18,198.3577,267.43,164.9321,172.2171,281.0363,278.0173,276.6151,186.9852,243.9631,214.7594,312.246,88.5762,204.1539,305.9093,219.4027,147.1451
2024-12-19,196.7468,267.3456,165.2101,172.0189,279.5758,277.5525,275.5836,187.0238,243.1529,214.7217,311.4873,88.7028,204.712,304.5394,220.0034,147.1334
2024-12-20,198.7516,269.5813,165.2657,171.5734,279.8202,277.9614,276.9765,187.5104,242.5654,214.8804,309.6257,88.4786,204.8449,305.3466,221.6511,147.1867
2024-12-23,201.192,271.9956,165.3594,171.5375,279.4869,277.2924,277.4005,187.696,242.8265,213.849,312.3122,88.3458,205.9787,308.4574,223.5905,147.1503
2024-12-24,203.6458,274.0136,165.9286,171.9088,279.9065,279.2118,277.6074,188.3897,242.5502,213.6967,314.3403,88.7864,207.8904,315.0834,225.2922,147.1912
2024-12-25,203.3838,272.7936,166.5563,171.7161,274.9896,277.0391,275.3308,188.4044,242.3047,213.4361,318.116,88.6509,211.7904,321.3086,225.16,147.1091
2024-12-26,204.8804,270.7217,166.4101,171.3951,275.3024,277.6402,273.3347,188.4989,242.6512,213.544,316.9494,89.864,214.7423,316.1154,223.9583,147.0976
2024-12-27,205.263,271.7819,166.9534,171.7571,274.6687,277.6856,273.599,189.4143,242.6944,213.6886,319.368,90.484,215.7191,322.7127,224.6502,147.1775
2024-12-30,207.063,273.7107,167.1609,172.2306,275.941,279.2478,274.176,189.911,244.3584,213.926,319.6016,89.1603,218.0278,325.5509,224.671,147.2264
2024-12-31,209.9181,276.1266,167.5418,172.5799,276.9116,280.1947,273.9752,190.4839,247.0898,213.7872,323.1098,88.7834,219.282,328.2364,225.0174,147.2628
2025-01-01,209.1984,276.8473,167.4289,172.2803,276.131,279.4235,274.0034,190.065,248.1046,213.9431,325.8034,89.5427,217.5697,321.5141,226.5344,147.283
2025-01-02,207.088,274.8386,167.0459,171.1641,272.2818,278.8034,272.7251,189.6562,246.4864,213.2057,323.1497,89.7335,215.806,313.0084,227.4987,147.3157
2025-01-03,209.5024,273.5693,167.0908,171.4981,272.2623,279.6219,272.7578,188.6621,246.711,214.2249,325.2182,90.0061,214.7768,316.9354,228.9237,147.3384
2025-01-06,212.3313,276.2192,167.1485,171.6912,275.0534,280.2699,272.5357,189.065,248.3815,214.4365,326.3003,89.5081,216.4651,316.5111,230.5166,147.2941
2025-01-07,214.2604,277.7666,167.5832,172.7699,276.9558,283.4108,274.9624,190.5319,249.6566,214.7892,326.4675,90.0802,218.1928,322.6524,230.0114,147.2156
2025-01-08,213.5917,276.1136,168.0164,173.4069,275.6929,283.0252,275.0435,190.3708,249.6899,215.6963,325.8484,92.0461,218.7478,323.2076,230.2794,147.1877
2025-01-09,214.2612,278.5985,167.0824,171.8777,275.6273,279.922,274.1082,188.5421,247.0748,215.1817,325.1356,93.1502,218.5946,324.5014,229.4492,147.1522
2025-01-10,212.8561,275.8757,167.1158,171.4928,272.8766,277.1869,273.0792,187.7722,244.4098,215.259,324.6432,93.5176,220.1751,326.8519,229.3464,147.2069
2025-01-13,215.0162,276.7392,167.6196,172.0528,272.0751,277.0473,273.8355,188.2886,244.1622,214.2499,329.574,94.7166,220.7417,338.5118,229.4088,147.2182
2025-01-14,213.8851,273.4252,168.4478,172.899,271.1094,277.2671,274.0827,188.4558,243.3727,214.5933,326.2988,94.7711,220.7121,336.5568,230.5933,147.3255
2025-01-15,213.6863,270.245,168.9959,173.2747,271.0949,277.4073,275.7838,188.5953,242.666,215.6776,327.303,94.8564,218.6899,341.6903,229.1601,147.3195
2025-01-16,215.2787,270.9922,169.2633,173.8654,273.7639,281.2058,278.3248,189.2653,243.783,215.9135,327.1181,95.2448,215.4966,340.7666,229.405,147.3266
2025-01-17,217.2143,271.867,169.0163,173.609,274.3341,280.1011,278.07,188.5895,245.7977,217.4375,328.6838,96.1447,214.8402,335.1012,231.3922,147.4311
2025-01-20,221.9854,273.432,168.7571,173.043,275.0967,281.2481,278.656,188.7056,245.6987,217.3195,327.8918,94.8027,216.4686,337.8439,232.6504,147.4615
2025-01-21,220.8385,271.4292,169.5749,174.1482,275.5451,281.9623,279.2294,189.8042,246.0682,217.5162,327.6148,93.6438,218.3426,340.2864,232.4082,147.3752
2025-01-22,220.6061,271.8136,169.6245,174.4314,276.1943,284.8615,281.2358,190.4368,247.0644,217.3791,329.8201,94.4275,216.7831,334.2956,233.4393,147.3274
2025-01-23,218.9053,270.4259,170.0844,174.5429,275.6781,286.4393,282.4589,191.4795,247.9039,217.9346,328.7019,94.2959,216.472,329.8385,232.0797,147.3105
2025-01-24,220.9779,272.6044,169.5427,173.9632,276.6596,288.4054,283.555,191.7323,248.1014,217.9933,327.8532,94.276,216.6083,329.3764,231.9051,147.4096
2025-01-27,220.3258,271.4336,170.4272,175.0644,274.9148,291.1706,287.059,193.1282,250.1526,218.7126,331.1395,93.8274,217.0839,330.2247,232.0356,147.4296
2025-01-28,223.4358,272.2487,171.2585,175.8714,275.0337,292.8414,288.0871,194.1908,251.6539,219.4301,333.8604,93.3672,219.2508,340.4074,232.1944,147.4429
2025-01-29,224.8213,272.8706,171.6398,176.4398,275.6904,292.416,288.1908,193.8908,251.8791,219.7344,333.368,94.2975,221.7383,344.9609,231.5063,147.3893
2025-01-30,222.3179,273.5339,171.16,175.9766,274.411,292.5609,287.352,194.3289,252.1661,219.2254,332.3473,95.9476,221.8543,336.0452,231.6171,147.4424
2025-01-31,222.9354,275.2283,170.2193,174.1531,271.1655,289.0968,285.8098,193.5239,251.5003,218.28,330.9961,95.4106,222.7995,333.6745,230.8645,147.4501
2025-02-03,218.1852,273.1328,170.0584,173.801,269.5292,288.2481,284.3079,192.8741,250.2368,218.184,328.2391,95.5524,220.9302,329.3061,228.904,147.4986
2025-02-04,217.4631,270.7894,169.1122,173.3963,268.5173,287.1869,283.3879,191.9932,250.6055,217.3469,327.0459,94.9522,219.7881,322.9175,227.9915,147.3729
2025-02-05,217.7824,273.173,169.6423,173.5087,266.2608,288.47,283.9542,192.5816,251.9536,217.4466,329.8785,96.1599,219.6087,324.7498,229.402,147.2968
2025-02-06,221.5941,274.1923,169.4986,173.4488,266.5498,287.9116,283.8611,192.1432,253.484,217.7463,333.5523,97.7136,220.1449,327.383,229.6009,147.3517
2025-02-07,220.7644,275.0605,169.693,173.6903,265.1341,288.7506,284.1082,192.6538,254.5017,217.9638,336.2579,96.7546,222.0624,328.989,230.2435,147.3638
2025-02-10,221.7725,275.004,169.6701,174.4472,268.2954,289.2893,285.6462,192.6777,255.8716,218.1617,334.5814,96.6362,222.3727,326.8066,228.9943,147.3041
2025-02-11,222.3423,272.6221,169.414,173.786,268.2228,289.1091,285.7651,192.793,253.715,218.3504,332.3975,95.6699,221.7801,327.5215,228.8725,147.2104
2025-02-12,227.5255,274.4535,168.7866,173.4014,270.1182,291.0771,285.3392,192.8567,254.9194,218.0155,332.0582,95.0396,222.39,330.5243,228.8165,147.2635
2025-02-13,234.1138,278.7033,167.9117,172.5989,271.4375,292.5222,285.3693,191.9533,254.4148,217.5718,330.8283,94.4443,222.6664,336.7714,230.9877,147.3569
2025-02-14,235.764,280.4902,168.567,173.3812,270.9856,294.3268,287.4381,192.6944,256.7049,217.6021,333.2971,95.3051,225.3985,338.215,230.6234,147.3309
2025-02-17,238.3225,282.4532,168.0233,173.8996,273.8519,296.2531,290.7269,192.945,257.4519,217.5375,330.2773,97.8005,226.1005,333.8917,230.6567,147.3117
2025-02-18,239.091,281.0936,168.7033,174.6097,274.0012,297.4418,291.3808,193.8113,256.9962,218.8305,332.1238,98.7302,228.2688,341.0879,230.9598,147.3988
2025-02-19,241.4072,284.5488,168.174,174.115,273.6322,296.5945,292.4401,193.7461,257.922,218.5011,331.819,98.2848,232.2019,339.4481,231.2978,147.3853
2025-02-20,238.9195,285.2908,167.8265,173.1216,272.1491,294.7212,290.0591,192.4364,255.9972,218.4198,330.2673,98.3663,230.7645,338.2519,231.5185,147.4308
2025-02-21,242.7081,290.4042,167.1295,172.7579,273.9822,296.6761,292.3405,192.5403,257.6427,218.2085,331.7617,98.567,231.7551,341.2503,230.3829,147.4353
2025-02-24,244.2322,292.1346,166.7776,171.9226,274.539,295.5901,291.6105,192.8739,257.4723,218.0932,331.0753,96.6828,233.198,342.3068,230.4898,147.4471
2025-02-25,239.0482,288.9506,166.7312,171.5768,272.117,294.5908,289.5672,191.8248,256.4552,217.725,328.1327,94.935,231.9053,333.6401,230.1926,147.416
2025-02-26,239.4204,288.0673,166.9312,172.5335,276.3033,296.0646,290.5555,192.2139,257.4991,218.2445,329.3716,94.8389,229.4528,335.6702,229.2345,147.5459
2025-02-27,236.8762,284.3656,167.5273,173.2838,272.9284,294.5536,289.0539,191.9813,257.5327,217.9125,329.7377,94.7862,231.5369,335.5099,229.2435,147.4994
2025-02-28,240.9606,285.3297,166.6555,172.2527,268.9217,294.1734,289.1732,191.2896,258.055,216.7516,330.68,95.3762,234.9164,334.346,229.1972,147.5623
2025-03-03,244.7882,285.9376,167.2857,172.8756,271.0975,297.3658,290.9549,192.8875,259.172,217.2628,332.619,97.112,237.11,338.678,228.4873,147.6032
2025-03-04,249.0939,289.4162,167.5262,173.5525,275.6782,300.6624,293.508,194.2758,260.5478,218.7541,332.2668,97.4338,235.849,346.18,229.7708,147.6316
2025-03-05,250.0005,288.8515,167.6325,172.9629,274.8603,298.0471,290.6934,193.3873,258.316,218.3605,329.9008,98.7535,236.0563,350.1309,229.5838,147.6354
2025-03-06,254.6545,294.0079,167.1799,172.7104,276.4225,298.5746,292.8254,193.9605,259.4438,218.4414,331.1858,100.6305,240.0484,351.9279,229.8307,147.6027
2025-03-07,258.2979,296.9124,167.2173,172.632,276.204,301.105,295.5316,194.2125,259.9297,218.9441,331.8113,101.9173,241.5961,353.9375,230.6144,147.703
2025-03-10,257.2825,298.6088,166.3947,171.7692,275.854,301.4165,295.6236,193.599,257.3779,219.2067,330.2669,100.8094,240.0855,357.7995,231.7306,147.6467
2025-03-11,267.5538,306.7664,165.6581,171.1436,278.6096,303.9914,297.9184,193.9185,259.4536,219.2617,334.0668,101.8784,239.7837,374.6591,231.0443,147.6133
2025-03-12,265.8818,305.1795,165.8566,171.5885,277.2878,303.5448,297.7336,193.3627,259.3486,218.7165,334.6194,99.8974,243.3292,372.5795,231.0873,147.5915
2025-03-13,261.6148,298.7056,166.9357,173.461,278.3211,304.666,297.6643,194.8284,259.9594,219.2126,334.8759,99.8461,242.7788,371.4611,230.6038,147.6318
2025-03-14,259.2316,299.8708,166.1891,173.0694,278.7761,304.8857,297.9233,194.201,258.7378,219.0432,331.8579,99.33,242.0212,367.7707,230.6982,147.6088
2025-03-17,251.3016,295.0639,165.7364,172.6349,277.371,301.8392,293.7808,192.7605,257.4365,218.8298,328.9592,98.5126,239.1925,355.5924,229.5111,147.61
2025-03-18,259.153,301.3339,165.9081,172.3622,280.7327,302.39,291.7258,193.8785,261.689,219.9792,333.7788,98.5823,240.895,364.0026,230.962,147.6291
2025-03-19,262.6903,303.9953,165.0723,171.2865,279.4643,303.4015,291.2701,193.406,262.5064,220.1835,336.0883,99.0109,241.0411,366.0233,231.03,147.6791
2025-03-20,261.9656,303.3395,164.9167,170.7138,278.4862,303.3574,291.5376,193.1705,260.2502,219.88,330.8632,99.019,238.724,364.3889,231.3754,147.676
2025-03-21,259.8729,302.397,164.4186,170.4883,277.8569,300.7231,288.9833,191.6012,258.4529,219.0465,327.8667,99.5002,239.3269,362.9745,230.9669,147.6667
2025-03-24,266.0949,304.8772,164.7553,170.1514,279.1714,300.3511,287.4144,192.1879,260.3285,219.202,330.4932,98.4334,241.6528,368.3838,231.8119,147.7927
2025-03-25,271.7263,306.7818,164.9215,170.5291,280.4123,302.2941,288.8956,193.3792,262.9603,219.2475,332.0723,98.3166,241.5253,376.4673,231.0558,147.8512
2025-03-26,274.4993,307.068,165.3376,170.9013,282.5596,304.4214,289.5692,194.3262,262.5134,220.2785,330.1783,98.704,241.4691,385.3718,230.8253,147.91
2025-03-27,279.0818,313.2983,165.684,170.3757,281.9015,303.2619,290.0551,195.5893,262.6312,219.4132,335.7354,98.8071,243.2077,398.9719,232.8248,147.9414
2025-03-28,279.9662,313.4772,164.9476,169.8219,280.5258,299.8144,288.7772,193.8946,259.4575,217.3335,335.2168,99.9008,242.9826,408.123,231.6113,147.8899
2025-03-31,269.7698,304.9252,165.4619,169.5323,276.6332,295.6689,286.0278,194.0176,256.8507,216.5611,332.8918,99.2833,238.489,395.782,230.8755,147.8731
2025-04-01,266.4742,302.2509,165.585,170.2604,279.3996,296.5201,287.2887,194.6508,258.5742,217.636,332.3802,96.1729,237.432,388.2738,230.1666,147.9058
2025-04-02,272.2972,306.1129,166.504,170.925,280.8788,297.4523,288.4705,195.09,259.5915,218.0118,338.8632,97.7207,241.1402,401.8342,231.1809,147.9557
2025-04-03,275.5336,308.1262,165.9797,170.9077,284.9051,300.0269,288.9757,195.8505,260.0526,218.284,339.0764,96.6333,244.3983,405.9582,230.0299,147.9282
2025-04-04,272.4768,306.2874,165.3808,169.2182,282.8543,296.9481,284.9326,195.28,256.919,218.7045,337.1156,98.2713,240.7336,401.6227,231.1381,148.0107
2025-04-07,271.5251,304.5974,164.6167,168.999,284.174,299.4912,284.1313,195.0378,255.9156,218.5525,333.6709,98.0802,243.409,392.6307,230.6489,147.9723
2025-04-08,277.3158,305.6808,165.2419,170.5174,285.7133,300.5082,285.9258,195.2977,259.3241,220.0394,337.6583,98.9852,247.2454,403.2796,230.7712,147.9782
2025-04-09,278.2467,309.6717,164.5684,169.5717,286.0885,300.4906,284.5125,195.6178,260.4086,219.3104,337.1443,97.1645,246.5157,404.5085,230.2749,148.0314
2025-04-10,278.1309,312.1028,164.6421,169.8081,288.8735,302.2989,286.1625,195.9256,260.5851,219.5314,338.2105,98.2704,245.9136,405.3068,229.3734,148.0862
2025-04-11,274.9159,309.8737,164.6521,170.1335,290.0689,300.9719,285.1843,195.999,259.6493,220.3954,334.9081,99.7289,245.0563,400.1155,229.8344,148.1461
2025-04-14,274.4956,310.2792,163.5451,169.47,287.6313,302.7028,288.3072,195.2225,258.9943,220.382,334.069,102.1611,240.6343,394.6515,229.9741,148.2577
2025-04-15,276.5095,312.4945,163.829,169.6433,287.3029,301.2277,289.7077,195.9156,259.9259,220.7241,335.7406,102.4079,242.3188,398.1211,231.2435,148.2928
2025-04-16,279.2336,313.7955,164.2096,169.3983,285.4061,300.6124,289.9494,196.7549,261.6294,220.6953,337.1085,103.5354,243.0677,402.7274,229.8032,148.3324
2025-04-17,284.3011,318.7761,164.7605,169.9272,288.7626,300.7468,290.8076,197.4742,263.9573,221.5115,342.0041,104.4508,243.5638,415.6021,229.8643,148.2959
2025-04-18,281.8551,319.7393,164.2079,169.0146,288.0041,301.6806,291.3544,197.2454,261.6976,220.5883,340.3596,103.8192,243.7628,410.1865,229.435,148.2822
2025-04-21,278.9283,315.887,164.2002,169.1792,287.8388,303.8748,293.5372,198.1829,262.1475,220.8622,340.5622,102.725,240.6298,402.0812,228.7154,148.2614
2025-04-22,273.6931,308.7204,163.3473,168.0922,283.9257,301.9125,291.9989,197.2346,259.3095,219.9412,339.6952,103.7978,233.683,394.8172,226.9988,148.2694
2025-04-23,279.1626,312.6285,164.263,169.7622,291.6294,305.3028,294.2205,198.4654,260.7614,221.3908,343.132,103.9089,235.6488,409.3331,228.1521,148.2413
2025-04-24,275.2531,310.6536,164.5818,170.2781,293.509,304.4645,292.3071,197.7804,259.6273,220.5962,343.2159,104.3704,237.0155,401.331,227.9692,148.2571
2025-04-25,273.431,308.0466,165.7523,171.1951,291.6409,303.7367,290.9254,198.5496,260.0584,220.8048,341.0373,104.8751,238.3644,401.3961,228.7981,148.1974
2025-04-28,276.6433,309.7762,165.2905,171.0036,294.3551,303.3702,291.2049,198.0221,260.5009,221.1275,341.6236,102.4484,238.7477,403.8407,229.7172,148.2523
2025-04-29,269.69,306.2388,165.2844,170.516,291.3027,303.1174,291.2504,197.5237,256.7404,220.2309,337.1509,102.2631,235.9221,397.1059,228.9928,148.3911
2025-04-30,268.3134,306.1744,164.8848,170.3635,290.6805,302.6051,290.6924,197.4715,257.4417,219.5817,339.1042,100.4367,235.9181,394.8239,229.057,148.4009
2025-05-01,265.0479,304.5244,163.9807,169.4316,290.5334,300.0851,287.7776,195.7976,254.159,217.7036,334.4566,101.3026,234.328,388.422,227.553,148.3539
2025-05-02,264.4102,304.9699,165.0952,170.519,292.4447,302.6432,288.4304,197.5644,256.778,219.2126,334.2921,101.117,235.9657,387.1099,227.5715,148.4509
2025-05-05,264.959,304.5662,165.5298,171.6913,294.8646,302.3621,289.3976,197.8972,257.6133,220.0549,336.4615,101.9512,237.895,389.2168,228.4224,148.5752
2025-05-06,264.5954,302.3417,166.1004,171.3278,289.4539,298.9699,285.847,197.3207,257.9559,218.9664,338.3867,101.3802,238.2774,389.8977,229.4569,148.4973
2025-05-07,265.5852,304.5702,166.1106,171.5813,288.81,298.2444,286.7257,197.6275,257.8406,218.1648,341.4743,101.7171,239.3956,398.1035,229.9017,148.5376
2025-05-08,263.0958,303.9832,166.8076,172.6823,290.7157,298.611,286.3492,198.1291,259.6697,218.9077,340.0844,100.8477,241.9891,396.7569,228.1617,148.6155
2025-05-09,267.1087,307.7583,166.2806,171.8396,289.9017,299.5318,286.449,197.7955,259.8099,218.7455,343.693,101.2324,244.4986,404.4403,227.7882,148.6231
2025-05-12,265.3257,303.5251,166.509,171.4771,286.8142,296.9492,284.7079,198.1613,259.4539,218.8023,341.5108,99.794,243.6704,402.3785,227.5838,148.6321
2025-05-13,261.7348,301.8855,166.7957,170.8021,284.543,295.4863,281.667,198.0605,257.6688,218.2603,343.4466,100.0381,243.0631,405.4415,226.165,148.6053
2025-05-14,262.7634,302.0555,167.8751,171.2893,283.6159,294.8436,280.4608,198.9299,258.8584,218.9863,345.9289,100.029,243.9462,412.9151,227.4115,148.5485
2025-05-15,266.4133,306.006,167.1633,170.845,282.0562,294.865,280.4399,198.4702,260.0549,218.1764,346.4443,100.0983,248.2573,415.5579,227.5175,148.481
2025-05-16,264.7955,305.8506,168.008,171.9764,283.3767,294.4308,280.2863,198.8131,262.0508,218.308,349.6253,100.7503,248.5592,411.7988,228.336,148.5059
2025-05-19,266.491,305.1332,168.0767,171.8474,284.754,293.338,279.4855,198.8449,263.5563,218.6979,349.1998,99.726,247.3902,410.2994,227.7223,148.4905
2025-05-20,264.5441,301.8045,168.7959,172.362,282.8675,292.6977,280.0986,199.8486,263.0124,219.0984,348.9854,100.0781,245.5229,416.5979,226.9921,148.4461
2025-05-21,264.8804,300.3082,169.4225,173.9867,286.7518,295.8427,282.0413,200.2535,264.9374,219.8963,352.2706,100.278,243.5582,416.0327,227.6821,148.4436
2025-05-22,256.2991,293.7223,169.7673,174.5379,284.1645,293.608,280.703,199.3799,263.8726,220.1861,348.5183,98.7531,240.4072,405.6924,227.0667,148.4403
2025-05-23,254.6932,288.913,169.6135,173.9631,281.3072,292.485,278.5886,198.4855,261.0965,219.6497,348.8257,99.4592,237.4821,404.8295,227.6651,148.4244
2025-05-26,249.2502,284.5585,169.7993,174.2526,279.9076,293.0605,277.9387,198.0705,259.9227,219.5407,350.6097,100.2476,234.447,398.4585,227.0299,148.5059
2025-05-27,249.3424,282.481,169.0632,173.9812,279.3575,293.5206,278.0946,197.1555,259.5729,219.7476,347.3778,101.6294,231.3555,396.009,225.6338,148.5195
2025-05-28,252.0348,284.5425,169.5356,174.9593,281.1054,294.6866,280.7768,198.378,260.8848,220.4982,347.21,102.8688,234.8758,397.8028,226.8828,148.5291
2025-05-29,243.5382,278.4859,169.4834,175.1921,279.7566,293.1609,278.9258,197.6766,259.0675,220.442,341.7589,103.0818,233.1144,379.5887,226.4266,148.5953
2025-05-30,244.4005,277.2965,168.906,174.4842,277.448,292.3628,279.2589,197.5757,258.7125,219.4146,342.3153,103.9176,233.9072,372.1945,226.8894,148.546
2025-06-02,242.4432,276.5544,168.2618,174.2308,277.9001,292.8714,280.3212,198.4228,258.2181,219.2693,339.3197,103.947,232.702,365.0199,227.097,148.515
2025-06-03,239.8869,277.1631,168.5645,174.6356,277.8825,293.3602,282.6909,198.9792,256.57,219.3558,337.9419,103.6435,233.7375,368.2442,226.7293,148.4516
2025-06-04,233.6773,273.4016,169.4536,175.012,272.8898,289.0881,280.1142,197.8928,254.2317,218.7782,335.2605,104.3036,232.3057,367.5064,227.4218,148.4476
2025-06-05,233.9297,271.5641,169.9213,174.7755,271.2313,287.643,279.8395,198.8789,255.3839,219.2309,335.9009,103.4048,230.8272,366.6467,227.6235,148.3865
2025-06-06,230.5388,266.8726,170.458,175.8109,270.6809,286.6657,279.1901,197.8947,253.2618,219.183,333.7015,103.1037,231.3562,366.2392,227.6839,148.2729
2025-06-09,230.3216,266.3964,170.8247,176.1301,268.8111,283.8044,276.6797,196.7263,252.9894,217.9773,335.313,104.1879,229.8996,371.1122,228.2207,148.307
2025-06-10,230.4669,266.2961,170.3293,175.3943,266.8914,281.0593,275.1424,195.2986,251.7769,217.1005,336.767,105.4377,229.7202,373.6333,227.2382,148.3048
2025-06-11,229.4829,267.9053,170.0633,174.8137,265.0594,279.4566,273.6684,194.2422,249.7527,215.5761,337.3279,107.0264,227.4617,375.7961,228.5631,148.2835
2025-06-12,231.6681,268.731,170.3804,175.4469,268.515,280.1804,273.7826,193.9295,251.1344,215.9394,335.6623,106.0985,226.1737,375.023,229.1843,148.3201
2025-06-13,228.0346,266.3251,170.9539,175.9094,267.1542,278.2691,272.2368,193.3471,251.4105,216.8016,340.5828,106.5099,227.3932,377.469,227.3464,148.3413
2025-06-16,225.5403,260.8052,170.6326,175.8023,264.8189,278.7638,271.6775,192.8437,248.3309,215.7263,338.0177,107.0304,226.9837,375.475,225.542,148.3748
2025-06-17,229.8012,261.2258,170.6046,175.8783,265.4691,279.0017,272.1364,192.6152,246.7801,216.1699,334.2831,106.5785,230.7241,382.0821,227.2796,148.3439
2025-06-18,231.3289,263.7376,169.9526,174.821,265.2524,279.778,273.8987,193.3009,246.1045,215.6194,333.4287,106.5844,233.7742,379.1512,226.5443,148.3566
2025-06-19,237.9968,268.228,169.4925,173.9284,265.3666,279.7415,273.0382,193.538,245.8839,214.4515,334.4608,108.0924,234.0882,390.3356,228.1688,148.3385
2025-06-20,234.1457,262.7295,169.1252,173.6684,261.8277,277.1842,271.4719,191.8987,243.5643,213.0582,329.8538,108.1814,232.5478,381.1552,227.0308,148.2772
2025-06-23,233.4796,260.3589,169.5524,173.892,259.9713,278.348,271.0551,191.357,241.8864,212.9525,332.8253,107.9386,233.4758,386.2321,227.343,148.3473
2025-06-24,231.9953,258.2101,170.38,174.3764,258.5054,278.8406,271.4923,191.9587,241.257,212.8135,335.8506,107.0061,233.0946,392.0614,227.1617,148.3151
2025-06-25,230.2741,254.6989,171.5701,175.8092,260.1713,278.4508,272.6321,193.4716,243.0913,213.4215,336.3355,106.194,234.0199,388.2833,225.7754,148.2489
2025-06-26,224.9374,253.4177,170.7727,175.0301,258.5475,276.5891,270.8642,192.4017,243.0331,212.0672,335.5913,104.5056,230.2832,374.9673,224.9525,148.2661
2025-06-27,224.3796,252.7715,170.5048,175.323,258.6174,277.2429,271.3958,192.2057,242.6955,212.29,335.4877,104.811,228.0792,377.8749,225.2462,148.2758
2025-06-30,217.1148,247.7308,170.3128,175.7677,258.3173,277.6716,271.5267,191.8129,241.3106,212.0075,332.8366,103.887,223.1509,366.5336,224.039,148.2126
2025-07-01,214.391,246.4487,171.8696,176.8609,257.9945,276.4533,271.6939,193.0433,243.3173,213.4791,338.4595,104.1493,222.281,367.0568,224.8579,148.1827
2025-07-02,213.8895,244.6829,172.3124,177.3978,256.8891,275.08,270.8853,192.3776,241.4455,213.5677,337.2925,104.7007,227.2311,371.9191,224.3171,148.2284
2025-07-03,209.1567,238.2936,172.0536,176.1667,252.5863,272.2312,267.5314,191.6269,237.5157,212.0379,331.831,102.1192,223.3223,364.8059,223.7853,148.2565
2025-07-04,205.9843,234.2634,171.8987,175.6164,252.1915,269.4029,263.3784,190.4718,235.4603,211.5832,328.9766,102.4914,219.7453,358.7245,223.2306,148.3022
2025-07-07,204.2534,232.6696,172.0776,175.2674,251.283,268.0554,262.8301,191.2858,235.3252,210.8141,328.4984,103.1043,219.4601,353.179,221.7266,148.3501
2025-07-08,204.7952,231.1427,170.9238,173.7899,250.828,265.494,260.8367,189.8928,232.9689,210.5695,325.5543,103.3541,219.0599,346.1544,222.6047,148.369
2025-07-09,209.1202,232.7856,171.7444,174.8837,252.814,266.4355,261.675,190.7946,234.9639,211.7137,329.9322,105.2606,220.3613,359.3891,222.8523,148.3827
2025-07-10,210.2879,234.1596,172.2225,174.5188,252.9368,265.514,261.4326,191.2557,233.3154,211.6016,328.3961,106.4902,223.0481,363.587,223.087,148.3662
2025-07-11,207.9867,231.0409,171.736,174.0086,250.1446,263.7543,260.3347,190.6489,231.3658,210.6054,327.388,105.0453,222.3724,360.3552,223.2621,148.4295
2025-07-14,209.7717,232.8235,171.4202,174.005,252.9463,265.7735,261.3409,191.0127,231.6323,211.0446,324.7865,105.607,222.9475,357.1093,223.9876,148.5358
2025-07-15,210.1089,232.5065,170.4356,174.1205,254.8322,265.6849,260.8077,190.1454,233.1855,210.8053,327.5017,104.173,223.6678,352.3008,223.5665,148.5501
2025-07-16,211.9959,231.4352,170.8662,174.0404,254.617,264.9581,260.7095,191.1161,233.5576,211.002,328.3123,103.8264,223.0589,356.287,223.6296,148.5053
2025-07-17,211.7664,232.2337,169.9927,173.0958,254.6615,263.7617,259.628,190.2288,232.9346,210.1725,326.805,102.7544,224.2184,354.6065,221.578,148.4226
2025-07-18,206.4377,228.1039,170.7172,173.4467,254.905,263.8796,260.1855,191.3637,231.756,210.8807,327.0113,102.5257,220.5934,349.9014,220.3824,148.39
2025-07-21,206.4637,228.6173,171.3448,175.143,258.6722,268.4541,262.3668,192.552,234.9676,211.7844,328.0519,103.2567,219.2331,345.9133,220.4842,148.408
2025-07-22,207.6123,228.4466,171.2866,175.0457,258.5765,268.1795,261.5028,192.4879,233.1046,210.9328,327.7772,103.297,217.6561,357.0895,220.3235,148.3851
2025-07-23,209.2265,228.1136,172.0637,176.1609,261.1102,270.0987,263.5575,193.5893,234.5535,211.8084,328.4523,104.4062,218.1161,357.46,220.1253,148.3805
2025-07-24,212.1131,229.0776,171.6549,175.3867,259.9357,269.9403,263.9047,193.3854,234.0129,211.1116,327.593,104.2616,219.2951,356.8487,221.1866,148.3684
2025-07-25,210.3956,227.5361,171.9955,176.0008,261.412,269.6374,262.8487,194.1175,235.7418,212.7394,328.8752,104.6477,217.8364,356.8671,220.2506,148.3701
2025-07-28,215.2057,231.3277,172.0105,175.6712,263.1999,269.8147,263.5979,194.7796,236.8336,213.5769,332.5426,105.1225,221.3959,367.7412,220.0092,148.3964
2025-07-29,216.0401,231.5695,172.7503,176.9332,263.3229,272.3408,266.2987,195.8364,237.7152,213.6236,331.7243,107.1913,223.161,365.3603,221.3977,148.3363
2025-07-30,217.8242,231.2424,172.5836,177.1953,263.54,271.9666,266.4968,195.519,238.6729,213.5856,332.2099,107.7029,223.4889,366.3415,220.9609,148.4036
2025-07-31,215.9099,228.668,172.8874,177.3449,262.736,271.864,265.9531,195.4069,238.1753,213.5483,329.5428,108.402,224.1976,356.5112,221.042,148.4399
2025-08-01,214.6228,226.8728,172.4326,176.4116,260.8118,270.2019,263.8158,194.678,237.72,213.4275,328.6784,107.4712,221.999,355.7854,219.6367,148.3194
2025-08-04,220.4768,232.3067,172.6446,176.0944,262.9918,270.3677,264.6773,195.7145,238.1951,213.86,332.7286,108.5425,223.8496,371.6627,221.0817,148.296
2025-08-05,226.6287,236.2784,172.7328,176.1527,265.7421,270.6794,264.5347,196.0186,240.3652,213.9702,334.5095,108.5856,224.8979,381.9429,221.4014,148.2762
2025-08-06,232.9707,239.4069,172.7382,175.8543,265.8516,271.0559,264.9726,195.8945,241.4273,213.5573,339.1746,110.0529,225.4365,391.3679,222.6715,148.3931
2025-08-07,239.4473,244.1177,172.1214,176.1408,270.4387,273.9736,268.3379,196.5894,243.5562,215.384,341.7559,109.8719,227.4344,400.8085,223.7011,148.5435
2025-08-08,236.7208,244.7191,172.4281,176.7207,271.3834,274.2797,269.0286,196.8633,243.7019,215.5938,340.6952,109.678,226.5114,399.9779,223.61,148.5802
2025-08-11,239.4576,247.6049,172.2656,176.5461,272.22,273.9338,268.4007,196.1881,244.689,215.4977,341.8327,109.6242,227.1596,400.8848,225.3627,148.5014
2025-08-12,236.0604,243.7274,173.5087,177.8938,272.2487,275.0021,268.65,196.4412,243.5798,215.9824,340.3165,110.5123,224.988,403.6238,224.6165,148.5708
2025-08-13,230.2247,240.8977,173.5687,177.2518,269.2304,272.8399,268.2607,196.1315,239.9972,215.2,336.038,110.8893,224.3647,396.0425,223.7664,148.6699
2025-08-14,231.7174,243.6697,173.8095,177.494,271.0403,274.2537,268.9732,196.3773,240.7098,215.1868,333.6472,111.9348,223.3915,396.3035,224.5173,148.6361
2025-08-15,232.369,245.9921,173.7154,177.6238,274.4507,274.6388,269.4342,196.4983,242.5801,216.3921,335.3271,111.8053,221.5572,398.6602,223.7612,148.601
2025-08-18,230.7838,243.7267,174.0239,177.5358,274.1406,274.8371,268.619,196.6342,240.9413,216.5783,334.3661,112.7606,221.5279,394.9059,224.153,148.6244
2025-08-19,234.3745,243.9957,174.0373,177.6315,275.7559,277.2172,269.656,196.8357,240.2318,216.8991,330.6657,113.2745,223.2628,401.1925,222.9036,148.658
2025-08-20,234.3755,242.7933,173.7524,176.9195,274.7937,274.7983,267.7619,196.5495,239.6367,216.1676,330.4379,111.8467,224.0952,401.5122,221.7452,148.6903
2025-08-21,235.0135,243.6198,173.093,176.3184,275.784,275.2765,267.9768,196.6989,240.5752,216.1506,328.5311,110.0256,222.1939,395.2385,222.1937,148.6347
2025-08-22,235.5629,243.2882,172.464,175.9567,274.7822,275.8775,268.6297,196.4382,240.3459,215.566,329.5959,110.9463,222.0941,390.4325,222.7351,148.6877
2025-08-25,238.678,244.9117,173.0077,176.5951,274.4116,274.8418,268.851,196.3618,242.0037,216.2725,332.8281,112.2013,224.2241,397.8903,224.004,148.7201
2025-08-26,237.1539,243.1078,172.7911,176.0494,273.6502,273.4137,267.3316,196.3534,240.386,216.0204,329.3534,112.3022,223.8617,394.9127,223.687,148.7364
2025-08-27,231.5836,238.9157,173.3041,177.1043,273.2819,274.376,268.5474,196.5444,240.8751,216.7326,326.7004,110.6586,222.022,385.7436,222.342,148.7078
2025-08-28,235.5779,238.6617,172.8185,176.2747,271.9024,272.0988,268.1683,196.9621,241.4249,216.5949,325.687,111.4855,223.2906,387.4691,221.8085,148.7346
2025-08-29,236.2178,239.2007,172.9789,176.1611,271.9879,272.0051,267.642,197.4615,242.0072,216.7289,325.9557,110.4837,225.8476,387.6457,221.7325,148.6646
2025-09-01,240.246,240.2551,173.4499,176.5801,273.5523,271.5374,266.811,197.918,242.4268,216.6519,325.3828,108.5044,227.7683,399.9867,222.2678,148.7233
2025-09-02,238.8368,239.2955,173.0663,175.7041,274.1005,270.8057,266.4484,198.4636,240.5976,216.5948,319.9649,108.9569,228.0147,393.4249,220.914,148.7343
2025-09-03,243.2744,242.3449,172.2637,175.5368,273.7124,270.0642,268.4416,198.1461,243.2484,215.1168,324.8306,110.126,228.3349,391.472,221.3734,148.7223
2025-09-04,241.1291,238.7506,171.9462,174.6585,268.4085,268.35,266.3569,197.4425,242.9833,215.8147,325.3029,110.6404,225.2451,392.6947,219.984,148.8534
2025-09-05,240.9456,239.9606,172.6479,175.4656,269.2039,268.3948,266.0526,198.1722,243.4913,216.088,329.1767,111.5274,226.7265,399.6328,221.1424,148.8142
2025-09-08,238.5761,236.4946,173.3943,175.6002,267.2318,266.2907,263.3066,198.1931,243.1357,216.2015,328.4739,112.731,223.9963,397.6623,221.4076,148.7389
2025-09-09,237.0805,235.6655,173.0423,175.2438,268.0846,267.5521,263.7276,198.6881,244.6769,216.6854,326.2157,110.3818,222.5761,387.7793,220.066,148.7875
2025-09-10,234.2795,234.157,172.0886,174.3754,266.8031,265.8305,262.3559,197.2691,242.6138,216.0235,323.9775,110.3746,221.0568,381.2453,219.6861,148.8421
2025-09-11,239.4135,237.4901,172.1855,174.0486,268.0856,267.4774,263.3549,197.7623,243.4917,215.488,326.056,110.8754,222.1687,388.2228,219.4402,148.8911
2025-09-12,238.2633,235.8906,172.4672,174.5878,267.5955,267.8243,262.4422,197.1125,244.6595,216.0738,327.5264,110.0193,220.252,386.5718,220.0852,148.965
2025-09-15,237.2649,236.4953,172.97,175.4244,268.1114,269.6217,263.8934,198.3874,247.6016,215.7234,333.1038,110.1126,219.0452,386.8401,218.7603,148.9658
2025-09-16,239.1752,238.3681,171.9043,174.2259,268.9225,268.7793,262.9752,197.6912,247.9246,215.1777,331.6015,108.6945,220.7233,380.5322,218.4713,148.8788
2025-09-17,239.4656,238.2622,173.035,175.4785,270.4852,270.1382,263.8169,198.5207,248.0026,216.2731,331.5585,108.2875,222.1558,389.1106,218.981,148.8712
2025-09-18,240.1454,235.7273,173.2091,174.825,267.9241,268.5329,261.6461,198.3383,247.2028,215.0537,332.0037,106.9687,224.2365,383.6703,219.5687,148.8599
2025-09-19,240.8361,234.0807,174.1998,175.9044,272.9863,270.8814,262.2044,200.1364,248.98,216.4571,332.4118,105.8645,222.4826,381.9981,219.6014,148.7709
2025-09-22,237.9878,231.6471,174.9061,175.9658,271.4857,270.6339,260.7296,200.6198,248.3084,215.3203,335.8916,108.0032,220.3882,377.1354,219.4587,148.7828
2025-09-23,238.3452,231.1536,174.8475,175.5521,272.0116,269.4701,261.0689,200.4889,248.2403,216.1821,336.6752,107.1523,218.5272,380.6116,218.6217,148.7109
2025-09-24,231.9348,228.633,175.5923,176.2022,270.0949,269.229,261.7248,201.0387,246.1792,216.3531,333.161,108.203,217.7,374.6749,219.0132,148.787
2025-09-25,232.6243,225.697,174.5849,175.8838,268.1499,269.6375,261.6013,200.3294,245.6159,215.9688,331.596,109.0264,215.2345,372.1322,218.9078,148.7356
2025-09-26,230.8095,225.2089,174.3953,175.7132,266.9058,267.9345,258.5478,198.7027,244.6947,215.3928,331.8516,110.6453,216.9096,372.2496,217.523,148.7702
2025-09-29,228.3091,223.2019,174.7992,175.4301,264.7005,267.4419,259.7758,199.0831,242.2325,216.0183,330.9358,109.9198,214.9379,378.4104,216.6546,148.8642
2025-09-30,226.7611,222.8064,174.9795,175.4845,264.4864,267.9752,260.0115,199.1864,239.7861,216.0052,329.8189,111.3405,215.8996,381.2055,216.7247,148.8971
2025-10-01,223.6778,222.5907,175.6153,176.0521,261.8103,267.8974,259.7149,198.7758,239.5377,216.422,332.7692,111.1221,215.3958,386.9556,217.5481,148.9267
2025-10-02,228.8615,223.3599,176.1864,176.379,262.7292,267.2642,257.9687,198.5706,240.5465,216.3422,333.8655,111.4342,217.5121,396.1933,218.3794,148.8999
2025-10-03,232.1881,225.7956,175.8431,175.7672,265.1028,266.7553,257.8623,198.5422,241.9177,217.5123,335.0766,111.3958,217.908,401.249,217.334,148.9396
2025-10-06,228.8889,223.4248,176.4691,176.1646,264.3235,266.4093,257.1284,198.8996,239.7831,217.3329,332.4137,111.8347,219.5849,404.5616,215.1849,149.0924
2025-10-07,233.5615,226.7787,176.996,177.1121,265.6733,268.4872,260.4194,201.004,243.0703,217.3368,333.9085,110.7795,222.063,410.981,216.2016,149.1756
2025-10-08,230.7929,224.0001,177.47,177.5534,265.1852,268.5241,260.8541,202.2423,242.6965,217.7299,333.2936,110.6055,223.2668,405.7656,215.9372,149.1378
2025-10-09,232.441,221.6815,177.2812,178.3055,268.3547,269.4527,260.5835,202.1003,243.6554,218.1793,332.8378,110.9129,223.6795,404.3535,214.3792,149.1223
2025-10-10,236.8336,222.8907,177.7733,179.105,272.6212,271.2505,262.9464,203.4875,244.0366,219.9615,331.4698,111.4401,227.3126,407.2493,216.4355,148.9723
2025-10-13,235.134,222.243,177.5614,178.7895,270.7956,271.4181,263.3868,203.8266,243.5424,219.1572,330.5896,111.5774,225.4169,402.4169,216.6472,149.0905
2025-10-14,234.9002,220.8911,177.8516,179.3317,270.308,272.2406,266.3573,205.2776,246.3049,220.8013,330.7553,109.8416,225.4417,398.9796,215.7475,149.1364
2025-10-15,237.0497,221.8145,178.2384,179.3611,269.8509,272.2044,266.3579,206.0431,247.4461,221.369,332.1578,109.6143,227.0959,400.867,217.088,149.1013
2025-10-16,237.7386,221.6601,177.7684,178.9248,266.7731,270.1673,264.8165,204.8065,247.2116,220.6751,332.8351,108.1777,228.0084,406.9976,217.0561,149.156
2025-10-17,242.0515,223.0227,178.7722,180.1816,270.9216,272.2991,265.8981,206.5567,249.4545,222.8565,331.3197,109.4542,230.4811,413.3771,217.9209,149.1273
2025-10-20,242.1853,224.6018,178.208,179.9342,271.9098,273.5879,266.4044,206.6808,249.908,222.987,329.9806,108.748,233.3533,408.8177,217.7728,149.1256
2025-10-21,239.5043,220.4318,178.1538,180.5741,273.3226,274.3986,266.7637,207.6269,249.2981,223.1568,327.3791,109.8486,232.0077,403.0473,215.741,149.144
2025-10-22,245.1422,223.7472,178.1447,181.1099,276.4792,277.0867,269.3237,208.1689,252.9643,224.4395,330.4576,110.1244,230.8771,406.7191,217.0284,149.0943
2025-10-23,249.0512,226.7721,177.6316,180.7996,277.8814,279.7361,271.0618,208.5582,252.9184,223.8981,333.1055,110.2112,231.8795,416.4587,216.5418,149.1436
2025-10-24,249.3563,225.1027,177.9462,181.0135,279.5895,279.3751,270.6503,209.3761,252.3152,224.7491,332.0847,111.1891,230.7955,417.4264,216.8071,149.163
2025-10-27,246.5048,222.6896,178.6045,180.915,278.4626,278.3018,269.3733,209.9204,250.9901,225.0441,333.2942,110.5968,231.2539,413.2372,217.9698,149.0809
2025-10-28,249.126,222.6665,178.5461,180.1038,276.5573,277.4269,268.3493,210.218,249.8278,224.2599,332.2813,110.0059,231.9616,418.4388,218.4547,149.0823
2025-10-29,250.3792,223.7073,178.6035,180.0724,275.3029,275.4463,268.1551,209.6299,249.5882,224.0711,332.956,108.3907,236.2476,423.4726,219.1915,149.1092
2025-10-30,246.8635,221.8772,178.9712,179.8303,273.3138,274.2256,268.9285,209.2291,247.072,224.5696,330.4889,106.562,235.1469,426.0645,218.7473,149.1636
2025-10-31,247.7711,223.1273,179.3352,179.9443,273.9875,272.1537,266.9363,208.8204,248.132,224.3511,331.9429,106.7938,235.1074,431.0674,218.5276,149.1576
2025-11-03,250.3749,223.9512,178.9248,179.5768,273.1201,273.305,268.0393,208.7264,246.3371,223.5109,329.9435,107.2867,237.1526,435.666,218.8979,149.1927
2025-11-04,253.7947,226.8043,177.7235,178.9435,274.7195,273.8617,268.1441,207.7204,247.3909,223.5967,330.7827,109.9919,237.5187,435.7809,217.6899,149.1759
2025-11-05,255.1248,229.0515,177.3171,179.8043,276.6103,276.4086,270.6768,207.5229,250.1113,223.4351,332.5243,108.6271,237.1686,434.8724,217.8824,149.2225
2025-11-06,261.3193,232.0388,177.8362,180.8747,281.7369,279.5844,272.8916,208.4114,251.9854,224.0924,337.1321,109.4843,238.7657,445.3576,218.7625,149.2081
2025-11-07,258.7229,231.2229,178.2423,181.0228,279.1163,279.0367,273.5536,208.8571,250.7088,223.5379,337.6079,108.3335,237.8469,454.5552,217.9949,149.2213
2025-11-10,258.8903,233.875,177.4075,180.3561,281.3673,278.0341,270.7533,207.5738,250.4181,223.0618,339.7059,107.9339,237.7447,458.4514,217.8324,149.2196
2025-11-11,257.569,233.3436,177.4617,180.6802,281.1267,277.6152,269.6748,207.123,250.4137,223.4328,337.6353,108.7263,237.2042,456.4692,218.5407,149.2632
2025-11-12,255.8219,230.8926,177.4934,181.1373,279.7943,278.3452,268.5532,207.083,249.8751,222.4483,337.9457,109.9764,236.8348,455.1607,217.9562,149.2724
2025-11-13,253.2738,227.7054,177.9761,181.9774,280.3852,279.0648,268.911,207.0739,250.5096,223.0739,338.4322,109.8415,233.9859,449.5547,217.6042,149.2931
2025-11-14,253.9087,226.477,177.7734,181.4309,277.2231,278.1362,267.9461,206.7033,248.765,221.5029,336.3288,111.7538,233.4524,450.9706,217.0897,149.4031
2025-11-17,254.911,224.7028,177.6175,181.0646,277.2636,275.9613,266.3939,206.4555,249.3431,221.8784,333.7332,111.4383,232.6958,444.6815,217.1829,149.4376
2025-11-18,259.0109,227.6037,177.3885,181.5368,278.0082,276.5022,268.143,207.1094,250.8544,222.6161,332.7632,113.9131,234.8737,456.2483,216.5294,149.4656
2025-11-19,260.4571,228.4041,177.9725,182.8861,279.9394,279.2138,270.3705,207.9218,254.2487,224.1816,336.4619,112.6956,236.33,461.9258,215.8495,149.5282
2025-11-20,259.0073,228.2806,177.6042,181.8033,279.6183,279.0673,268.9841,207.1764,252.1249,223.5835,335.188,113.1672,232.0259,460.2115,215.6381,149.5697
2025-11-21,263.2723,229.7921,177.9057,181.8875,277.7508,276.4045,267.3364,206.1647,252.7471,223.2327,338.1186,114.125,237.1208,470.9234,216.3289,149.5292
2025-11-24,267.0448,231.3571,177.7196,182.2036,281.6627,276.8424,268.012,206.5596,254.9775,223.7612,336.6985,113.6489,238.3265,467.0783,216.4818,149.5837
2025-11-25,265.291,229.8677,177.6623,182.4948,280.6469,277.441,268.9667,206.8578,252.9733,223.4506,334.7504,115.3002,239.8911,470.8529,215.0771,149.5545
2025-11-26,269.7217,232.6536,176.7757,181.6001,281.4243,276.0621,267.9592,206.2815,254.6763,222.7406,334.8701,115.8228,239.5382,470.0508,214.878,149.6265
2025-11-27,266.8683,233.0299,176.9297,181.8506,280.8197,275.706,266.8349,205.5467,253.6607,221.464,333.3554,118.1048,238.5224,465.0068,215.306,149.6047
2025-11-28,261.9004,231.3464,176.5028,180.5364,278.5635,273.0483,263.26,205.008,251.7042,220.018,329.7402,116.3532,236.3528,452.1197,215.4366,149.6202
2025-12-01,259.2829,229.8069,176.377,180.7892,277.5097,271.8278,262.9592,204.0448,252.3609,220.3703,330.5307,116.1641,235.7831,447.9214,214.4065,149.7434
2025-12-02,257.0799,227.5864,176.9567,180.6541,278.4572,272.8174,263.1491,205.823,251.621,221.5883,329.1016,115.5054,233.3559,448.0619,213.6363,149.6469
2025-12-03,258.9858,227.9413,177.8431,182.1331,278.1414,275.5573,265.6921,206.5444,252.8037,222.314,331.8805,116.263,236.7661,454.7708,214.8353,149.712
2025-12-04,259.6157,227.9674,178.1546,182.6453,278.516,277.1099,266.2981,206.7413,255.1781,222.6367,333.7597,116.8629,234.6612,450.7401,215.0086,149.7204
2025-12-05,257.8563,227.1227,179.2291,183.7349,277.8553,278.9627,267.0821,207.3092,256.3032,223.7549,335.6151,116.4023,234.7255,446.657,217.4752,149.7646
2025-12-08,257.7403,227.6677,179.6611,183.73,278.1969,279.2681,267.7448,208.776,257.1027,224.3315,337.312,116.2595,233.4583,451.2686,217.1324,149.8074
2025-12-09,256.0209,228.5447,178.7321,182.7014,276.8446,278.6245,266.865,208.1847,256.4285,223.3079,335.5797,117.3608,229.6255,446.8219,216.6701,149.7529
2025-12-10,256.086,230.3088,178.8369,183.058,276.7117,280.3352,268.2316,207.7634,256.3946,223.9875,336.2216,118.651,229.7875,449.3111,217.7853,149.7782
2025-12-11,256.5114,231.1616,178.4351,182.4547,277.0274,280.2699,267.0229,206.7249,255.4192,222.8643,334.7725,119.2802,227.5731,446.6677,217.9234,149.8297
2025-12-12,254.4003,227.1888,178.1786,182.371,276.0773,279.1334,264.9782,205.8396,255.9674,223.3021,332.3588,120.4412,224.9625,435.2192,216.9678,149.7931
2025-12-15,254.8812,229.9738,178.1436,181.9536,276.6776,277.4506,264.4244,205.5857,255.5079,223.5701,329.8463,121.7872,227.6904,433.1244,217.9439,149.8664
2025-12-16,252.7132,227.2043,178.4961,182.11,275.2959,275.4528,263.0471,204.654,253.73,223.1212,332.662,121.7798,226.8993,437.0544,217.6106,149.8649
2025-12-17,250.1345,225.3551,178.9029,182.5406,273.0967,275.5475,264.0308,205.3478,254.4692,223.7159,332.0699,122.1403,227.6802,432.3543,216.9017,149.9006
2025-12-18,253.3165,228.3564,179.4562,182.6583,274.2333,275.8327,262.9734,206.5236,256.7517,223.387,334.3662,123.294,229.7642,437.5113,216.9035,149.8552
2025-12-19,255.0248,231.8452,179.9041,182.7644,276.7152,277.3317,262.206,206.9794,257.0135,222.7928,338.8389,121.9917,232.7992,441.8196,218.5899,149.9442
2025-12-22,251.4264,228.8453,179.6659,181.8982,275.3211,275.3518,260.6258,206.6085,256.2096,222.3023,337.3847,121.661,231.0758,427.3796,217.5428,149.9627
2025-12-23,251.1008,229.637,179.1618,181.2154,273.2587,274.3736,258.839,205.1689,255.4633,221.1874,338.7872,122.2332,232.8639,428.5442,216.448,150.0791
2025-12-24,254.1786,230.3978,178.6586,181.0132,272.6875,272.0416,257.2674,204.0266,256.4134,220.9881,341.0706,124.7457,236.4067,424.9314,217.7232,150.0792
2025-12-25,256.1689,232.2239,178.4788,181.1931,273.0757,272.5911,257.1091,203.3792,257.7698,220.597,341.168,123.6693,237.814,427.716,217.5316,150.1342
2025-12-26,252.3456,229.7742,178.0786,180.7473,270.4359,272.2863,257.2975,202.5358,255.7899,220.3088,339.1442,123.8156,236.1329,419.0859,217.7768,150.0739
2025-12-29,254.5393,232.9589,177.6534,180.3302,272.8598,272.0817,257.8613,202.8864,258.6153,221.2829,342.0821,122.0871,236.6837,422.6694,216.291,150.0208
2025-12-30,257.381,235.8004,177.199,179.9277,275.4891,273.8102,258.6284,203.0698,260.0862,221.7116,343.5719,123.0394,235.6209,418.1223,217.4272,149.97
2025-12-31,258.0198,234.1116,176.0124,178.5022,272.9952,272.3534,257.2351,201.34,258.6387,220.6469,341.9075,122.3742,232.8825,414.9093,216.3962,149.9481
2026-01-01,254.8344,233.162,176.2104,178.0343,270.2672,269.5444,256.6195,200.5435,255.9153,220.1433,343.6785,125.3391,232.0223,415.5705,216.2861,150.0094
2026-01-02,254.9252,230.8054,176.2706,178.3573,269.4484,270.328,257.0758,200.5081,255.3495,219.4415,341.3939,125.3192,232.065,412.9216,215.7219,149.9744
2026-01-05,256.4624,232.8396,176.3004,178.4312,270.4594,271.3966,257.9991,200.447,255.6721,219.5519,340.3668,123.7731,233.1917,417.1694,215.4836,150.0553
2026-01-06,257.8701,233.3766,175.702,177.9745,271.1801,272.1727,257.3338,199.5389,254.3574,218.4581,339.4739,123.5388,233.6647,418.3133,214.8986,150.0697
2026-01-07,255.9481,234.3169,175.6512,177.2632,266.9125,270.4341,257.1109,199.8392,253.0202,217.4898,338.5783,125.214,235.2158,416.3078,215.712,150.0974
2026-01-08,262.2672,239.9837,174.1855,175.9962,267.1257,272.2416,259.7277,199.5727,253.1,217.4085,338.9534,127.6711,236.5744,423.3932,215.4515,150.1721
2026-01-09,269.053,241.5003,174.5629,176.1205,268.9617,272.6941,261.6798,200.441,253.0127,218.6679,340.3745,128.1551,238.9251,436.639,216.4323,150.2786
2026-01-12,267.6332,241.0234,173.923,175.5435,266.5362,272.2527,260.9748,199.5631,251.3635,217.1626,340.6111,127.9628,237.1209,439.8811,215.6804,150.2646
2026-01-13,266.0933,241.4293,174.3633,176.0882,269.1971,272.7599,261.1516,200.1111,250.585,217.5278,338.1668,130.0686,235.6093,444.3543,214.4817,150.1221
2026-01-14,265.9779,243.5778,175.3532,176.6866,270.1685,272.4783,262.8851,201.0425,251.0862,218.4754,342.057,131.5579,235.8925,451.2238,215.39,150.1859
2026-01-15,269.7209,244.4451,175.8372,177.2049,272.8526,273.8556,264.8736,202.1369,252.0708,220.0076,339.5812,131.7889,235.1292,451.6237,217.5712,150.2491
2026-01-16,267.6468,242.1901,177.2883,178.0155,271.5907,273.9565,265.6935,203.9277,249.6813,220.7321,338.5329,134.6578,235.3762,457.7445,219.2183,150.3147
2026-01-19,262.9786,242.3286,176.4333,176.2891,267.6286,270.751,262.4676,202.1221,247.448,219.4823,338.0581,134.9966,232.4138,450.5288,219.4187,150.3548
2026-01-20,262.083,243.8323,175.4217,175.4288,265.1694,269.6422,260.6476,200.9043,247.9934,217.1564,339.1582,136.9337,229.4452,446.0411,218.4101,150.2916
2026-01-21,259.8468,246.6142,175.664,175.4782,264.4638,268.57,261.322,201.0395,247.3571,216.9225,340.5226,138.5961,231.3666,447.4239,218.9659,150.3078
2026-01-22,254.3548,242.8674,175.9573,175.0958,260.6928,266.7734,259.2809,200.972,246.2319,216.769,339.0973,138.2301,230.1814,438.1971,219.0504,150.3143
2026-01-23,256.061,245.928,175.4872,175.1581,261.058,269.4737,260.3873,200.9189,247.6933,216.8568,339.9958,139.9573,232.0835,436.62,219.2156,150.337
2026-01-26,257.2896,247.2924,175.8461,175.7862,262.8434,270.8434,261.5611,200.7217,248.8719,217.9558,340.2281,139.1863,234.8393,434.5482,220.2733,150.3434
2026-01-27,261.6902,250.5739,175.9612,176.2368,264.0131,273.2234,265.384,201.7116,251.1169,218.6787,344.3098,140.1471,235.5864,444.4657,219.5286,150.4043
2026-01-28,264.078,254.4006,175.8787,175.2557,264.348,272.7833,264.5183,202.0868,251.354,218.211,347.7608,139.5483,237.8242,448.4392,219.6622,150.4256
2026-01-29,263.776,254.5605,175.6797,175.4595,262.6015,272.1085,265.9067,202.0924,252.3111,218.3912,349.935,139.9891,236.9399,452.0127,219.4152,150.4492
2026-01-30,267.006,254.6054,175.1838,176.9147,266.8068,276.322,269.6402,202.4541,254.4867,219.5372,352.9878,141.9245,236.2863,457.4124,218.3172,150.3898
2026-02-02,262.6006,252.532,175.8969,178.2509,270.7538,279.235,270.178,203.783,256.9614,221.3265,352.7135,142.2229,235.5325,452.6953,214.6237,150.4234
2026-02-03,265.1727,255.4576,175.2386,177.8332,272.6235,279.6419,270.9167,204.1034,257.4889,222.1761,353.6169,143.9296,238.02,455.653,214.1883,150.4916
2026-02-04,266.6957,256.6399,175.5149,178.0182,273.084,279.0507,270.2115,204.446,258.5791,222.2452,356.3902,144.2,239.9653,455.9734,215.61,150.4205
2026-02-05,270.7318,256.5568,175.4189,178.7859,276.1435,282.0814,272.2995,206.1379,262.3686,223.0973,357.9933,145.3575,241.5754,447.9529,215.5598,150.4118
2026-02-06,266.2369,253.7658,176.5394,179.2239,274.1651,280.9689,271.3718,205.0593,260.8199,223.3028,357.1638,145.511,239.525,446.022,215.684,150.3545
2026-02-09,267.3786,254.3806,177.0146,179.6953,276.5555,281.3892,271.9561,205.7397,262.4872,223.8642,358.9969,144.5692,235.4328,451.2132,215.7418,150.3048
2026-02-10,264.8677,251.5431,177.0805,180.2488,275.5874,280.4999,272.3318,206.3651,261.596,223.6045,361.7954,143.0183,233.7844,453.0265,217.3115,150.3445
2026-02-11,265.9753,251.4465,176.8802,179.2856,270.3166,278.551,271.0913,205.9935,260.2197,222.5324,365.693,143.7115,233.6475,455.2937,220.3282,150.3957
2026-02-12,266.7447,250.4412,177.0105,178.2539,267.6532,277.3098,270.414,205.8278,258.3982,222.5513,364.2337,143.2113,235.6512,452.752,220.9704,150.4127
2026-02-13,269.4578,253.2305,177.1992,179.0101,269.6728,279.1854,271.1675,206.077,260.5249,222.6964,364.4626,143.2319,236.4647,456.6004,221.4972,150.4307
2026-02-16,271.8759,254.0663,177.338,179.5662,272.2038,280.5301,272.3047,206.7625,261.9679,223.9247,362.8889,143.112,237.3277,457.7411,221.9918,150.4296
2026-02-17,277.4499,256.6205,176.8516,179.249,273.0757,281.9091,273.6682,207.2175,263.9965,224.625,363.3798,144.8289,239.2298,462.0295,221.0007,150.45
2026-02-18,272.8449,255.26,177.4068,179.9473,274.9613,284.405,275.4263,208.1087,263.7387,225.5031,361.497,143.4736,238.0963,451.6371,221.5517,150.4466
2026-02-19,275.7227,255.7019,176.8491,179.3545,276.7322,286.0935,275.6472,208.29,264.0193,226.8258,356.3883,144.1406,236.695,444.1929,222.7512,150.4673
2026-02-20,276.928,254.9824,176.7281,179.1876,276.745,287.0996,277.2674,209.4624,262.8017,227.1692,353.1881,142.8634,237.4417,448.7473,222.3699,150.5562
2026-02-23,278.5332,254.8762,176.7667,179.594,276.8666,288.1091,277.231,208.9097,262.8953,226.9706,355.0091,143.3483,235.368,452.563,223.8607,150.6685
2026-02-24,275.0726,250.3699,176.0769,178.8495,274.764,287.5063,276.2847,207.6103,260.1163,225.859,348.6733,141.1768,232.4729,441.2456,223.1276,150.6539
2026-02-25,272.2833,249.7848,175.7744,177.7631,270.885,286.7251,275.5502,207.3609,259.262,225.6467,348.1093,139.627,229.6149,437.2668,223.9703,150.6989
2026-02-26,270.4438,248.2786,175.4908,177.3464,269.724,285.3956,274.6999,207.2724,259.1156,224.1015,346.8586,140.109,228.2699,429.3059,222.5422,150.6804
2026-02-27,268.3345,248.3563,175.2796,177.5678,270.9482,286.8445,276.9056,207.5817,256.6173,223.4256,344.7417,138.4,226.6818,436.909,221.5098,150.6561
2026-03-02,270.7539,248.9966,175.1774,177.9933,273.5453,289.0053,279.0672,208.4307,257.1399,224.5528,346.0101,140.5309,225.19,439.5935,222.4082,150.7066
2026-03-03,272.0148,250.7762,174.7178,177.8227,273.1378,290.8211,280.9022,207.619,257.2169,223.4709,345.6825,140.5931,225.3246,436.2469,222.1313,150.8225
2026-03-04,276.3801,251.1409,174.4184,178.0609,272.9596,292.1247,282.8023,207.6204,257.9823,224.1128,347.5772,141.0094,226.9441,442.0666,222.7222,150.8182
2026-03-05,279.6405,253.1471,174.0435,177.8862,273.9164,293.1242,284.8318,207.1862,259.7724,224.8172,348.5405,141.9753,226.5054,442.9388,221.5214,150.8399
2026-03-06,278.1218,251.9466,174.4726,177.8537,276.4938,291.3955,284.0027,208.1284,259.1072,226.1675,348.3662,139.8927,227.3962,441.9231,221.8541,150.8066
2026-03-09,279.5054,252.1294,174.893,178.2703,277.3393,290.4268,283.7402,208.5824,258.2822,226.5573,347.8102,141.5915,231.1384,446.3125,222.4843,150.8139
2026-03-10,272.8272,247.8648,175.6664,179.618,279.8577,290.9892,284.2528,209.9394,258.8564,228.6938,345.7344,139.784,230.3344,438.7043,221.8631,150.7644
2026-03-11,275.5004,249.5124,175.5332,179.7464,279.3886,291.2458,283.1611,209.2625,257.6658,227.9156,343.9931,142.1524,232.2163,448.8937,222.1214,150.7517
2026-03-12,275.8102,248.3981,175.2842,178.9943,277.9809,289.5127,282.1109,209.4005,257.4821,228.4833,341.3996,143.5987,232.731,443.1478,222.0254,150.7246
2026-03-13,276.9717,250.2152,175.0075,178.9279,279.1451,290.3281,281.9669,208.8064,258.1098,229.3533,340.3312,143.9999,232.7027,446.2401,221.7502,150.6398
2026-03-16,272.5346,247.1362,174.2963,179.1373,282.5686,292.0091,281.3845,208.1132,259.464,229.7668,342.3521,142.5476,230.9141,426.4903,220.4654,150.6245
2026-03-17,274.2886,248.1266,173.9517,178.3487,278.8517,289.5271,279.6019,206.9198,258.1353,229.0745,343.9085,141.8767,232.5225,436.9922,221.3225,150.5982
2026-03-18,274.3189,249.3983,174.2037,178.3261,277.4143,288.9127,279.6163,206.9173,259.3826,228.9763,347.5647,140.8975,232.452,445.236,220.1072,150.6168
2026-03-19,276.583,249.7364,173.9624,178.519,279.5611,290.3941,279.178,206.5323,258.0128,229.1361,342.3879,142.0454,234.33,445.5728,220.7999,150.6913
2026-03-20,272.4044,246.1701,173.857,178.4437,278.764,289.9499,278.115,205.307,255.2967,229.1437,341.9115,140.7344,234.3722,440.8099,220.7576,150.6944
2026-03-23,272.3737,248.5553,174.4048,178.718,280.2621,289.1874,277.1478,206.1036,257.181,229.3998,343.9848,140.5428,236.6942,443.2024,220.2263,150.6266
2026-03-24,277.585,250.5794,173.6942,178.3714,283.9257,290.0658,277.3206,206.9063,258.5168,229.6431,343.222,140.5009,239.0939,441.9701,220.2426,150.6152
2026-03-25,278.5152,250.7725,174.428,178.6756,284.2488,288.7257,275.0641,206.5522,257.2884,228.2151,342.9675,141.7218,241.9159,442.2013,221.4734,150.6345
2026-03-26,282.5199,252.808,174.024,178.5447,286.4038,289.2194,274.4552,205.9191,258.9089,228.6768,343.539,144.1064,242.6516,443.0516,220.6939,150.6127
2026-03-27,286.9179,256.7309,174.4628,179.6434,289.8539,293.2112,276.6993,206.5212,262.3234,228.9319,346.9542,143.1042,245.4352,447.9699,220.5373,150.6853
2026-03-30,286.8769,255.305,174.4493,179.7972,289.0981,291.2162,276.0217,205.6568,262.4138,228.4426,347.1539,143.7362,243.5868,446.417,220.8063,150.7764
2026-03-31,293.2944,262.9263,173.2979,179.2158,292.5087,293.1505,279.5939,205.4612,264.0268,228.6579,347.5266,143.4916,247.3646,447.7548,221.4146,150.7022
2026-04-01,289.5025,261.7327,173.2639,178.1409,289.2079,290.9904,278.8823,205.9839,260.8401,227.6348,343.4771,143.8725,244.9819,446.3237,221.3437,150.7012
2026-04-02,290.8919,259.6997,172.7892,176.5737,283.3225,287.9627,276.5435,204.6996,258.4888,225.8827,344.1281,145.4076,243.1566,450.5668,220.5414,150.6853
2026-04-03,293.5759,262.5515,172.4422,176.4702,283.0642,288.0669,278.125,204.5775,258.514,225.4263,344.4905,147.6936,244.6458,452.9818,221.2037,150.7028
2026-04-06,290.6475,260.1691,172.526,176.3269,282.1644,288.0175,277.4163,204.67,258.3552,226.4785,342.9957,146.5275,244.8518,447.5326,220.9046,150.6343
2026-04-07,288.7557,259.5835,172.815,175.9283,281.2795,285.9263,277.7976,204.6201,257.3817,226.3028,342.5104,145.8824,244.0222,440.6927,221.7598,150.6832
2026-04-08,279.2796,253.8863,172.8118,175.9371,278.9941,283.813,275.9141,204.169,255.3544,226.3917,337.3155,146.5476,241.0249,425.8757,220.7883,150.6514
2026-04-09,282.3702,254.1508,173.2704,175.4959,278.305,282.2498,274.197,205.0809,255.3106,226.1467,337.9955,148.0792,242.1115,431.2603,220.8889,150.7282
2026-04-10,282.514,254.5778,172.9832,175.6019,280.839,282.8126,275.4077,206.1214,257.4249,226.9295,337.4712,149.9029,240.683,422.3189,220.3914,150.7182
2026-04-13,284.0397,255.0778,173.3616,175.9944,280.6418,282.1155,275.4684,206.7904,258.9128,226.4573,340.6981,150.334,240.5517,424.9236,221.0453,150.7706
2026-04-14,289.1301,256.1882,173.4306,177.3069,284.8406,285.9556,277.8376,207.1206,262.0963,227.9723,340.4957,149.2674,242.3422,428.116,220.8683,150.8435
2026-04-15,292.9556,256.5572,173.1144,176.824,285.9331,285.6978,277.3603,207.2731,261.8987,227.4275,341.4678,147.7824,243.7078,430.4537,221.0196,150.8685
2026-04-16,291.1339,256.8684,173.0997,176.0413,285.3585,285.8208,276.5472,207.6584,261.2074,227.2712,340.1791,146.0457,243.9517,425.5096,221.0038,150.7824
2026-04-17,290.8203,253.3357,172.5263,175.2293,284.0362,285.6371,276.1457,207.1715,261.1422,227.3826,340.3285,145.9685,239.8317,414.4114,221.1921,150.7167
2026-04-20,290.8561,250.8725,172.6784,174.8607,283.8482,286.9523,275.5752,208.4522,259.1591,227.3727,339.2749,145.9109,239.9949,418.0741,220.4317,150.6954
2026-04-21,294.0576,253.1123,173.0356,174.9828,284.4378,287.5928,274.7757,208.9216,261.7293,227.4883,343.567,145.0854,241.8496,424.9097,219.7797,150.6277
2026-04-22,292.7702,250.6421,173.162,174.5322,281.2335,285.6846,273.6682,208.0781,259.1645,226.8281,340.2094,144.8094,240.1845,429.2632,219.0974,150.7382
2026-04-23,297.7924,253.6004,173.0095,174.4145,283.671,288.6073,274.5334,208.4655,258.6582,227.222,340.5154,145.6477,243.663,436.3731,219.5911,150.7243
2026-04-24,298.5406,250.1944,173.6686,174.56,285.0546,287.8779,273.8386,209.6783,258.5624,227.6372,338.2545,145.3684,243.6568,428.9991,220.0753,150.7575
2026-04-27,297.6087,249.1322,173.5146,174.6772,286.9643,287.3926,272.2369,209.082,258.2991,227.4693,335.4568,144.2149,240.9945,425.9285,220.2924,150.7795
2026-04-28,302.6359,253.6832,173.2043,175.0001,291.1681,288.7545,274.2282,209.2175,260.2139,227.3133,338.845,145.1494,241.5004,434.2257,219.4029,150.7588
2026-04-29,297.362,252.1296,173.7282,175.8925,291.5825,287.8962,274.3981,209.6678,259.2254,228.1808,339.2979,145.1217,243.9807,432.8377,220.1458,150.7976
2026-04-30,288.4196,247.7701,173.7922,175.5904,287.2278,285.6779,271.5621,208.7736,256.2205,226.966,336.2105,147.8477,242.7127,420.3099,219.651,150.8695
2026-05-01,296.234,253.3455,174.2284,176.0235,292.4713,288.3857,272.8941,209.9546,258.236,227.226,337.1307,149.3665,246.2827,429.5754,219.4355,151.0294
2026-05-04,292.8713,251.2073,174.3875,175.3346,288.1092,288.2173,271.4223,209.8957,256.13,226.1459,335.6195,150.8024,244.9746,427.2764,218.9326,151.0074
2026-05-05,290.176,252.4804,173.786,174.7084,288.3599,287.0547,271.0021,209.8428,256.0709,226.3865,334.0115,148.8098,244.7754,420.3514,219.6651,151.0417
2026-05-06,288.7763,250.0894,173.3405,174.1948,289.2081,287.0848,271.5891,209.7573,255.3699,226.8245,333.312,147.1897,242.317,409.9723,220.2504,150.995
2026-05-07,292.5464,252.0009,173.6393,174.3848,289.3023,289.6819,274.0238,210.5424,255.4811,227.1091,333.2219,146.3853,243.9111,413.8181,222.2901,150.8659
2026-05-08,296.8214,255.1578,173.3455,174.8054,288.7511,291.2327,276.5001,211.0197,257.3987,227.1005,332.0308,147.8763,244.3378,419.3812,223.0528,150.8945
2026-05-11,298.6884,257.3031,173.0212,173.9402,289.321,289.4972,275.3874,210.8183,256.5756,226.7283,331.5932,150.2253,246.9993,419.1286,222.405,150.9636
2026-05-12,300.7162,257.978,173.4599,173.9143,289.4746,289.2733,275.96,212.1133,258.9719,227.9217,335.1016,148.0036,248.6243,421.6673,222.2114,151.0403
2026-05-13,304.4687,260.7824,173.1789,173.4757,291.4212,291.4182,277.6829,213.2622,261.5351,228.805,338.3967,147.1084,247.4551,420.9839,222.4484,151.14
2026-05-14,309.9804,265.0662,172.9729,173.5454,294.2186,294.5871,279.9497,214.161,263.2503,229.965,335.9796,147.8291,250.3028,420.6512,223.6644,151.1986
2026-05-15,309.288,262.7926,174.4057,175.526,295.87,298.0699,282.1083,215.458,263.7607,231.2963,338.1099,151.193,249.6912,425.0482,224.6946,151.3257
2026-05-18,307.0721,261.0582,175.2256,176.2949,294.1124,296.1251,282.0126,216.2231,264.495,231.3469,339.2915,152.9232,249.7496,428.4855,223.9925,151.2795
2026-05-19,305.1853,259.005,175.7331,176.7076,293.469,295.0053,281.6204,215.5775,264.8402,231.5827,339.4034,152.0625,247.667,428.8587,223.3463,151.1969
2026-05-20,302.0108,254.6494,176.1888,176.7774,292.5771,293.0677,280.1901,216.1137,263.558,230.5944,336.441,151.2453,247.7775,417.8549,223.6303,151.0898
2026-05-21,300.1227,253.6053,175.5643,175.9733,289.6115,290.4573,277.9527,214.9972,261.2795,229.4311,335.9383,153.8124,249.285,417.8399,222.6367,151.0542
2026-05-22,296.4656,253.3268,175.633,175.5451,287.2705,288.5632,277.3286,213.7462,260.5654,229.353,334.9934,152.2109,249.3746,410.1967,223.4117,151.0784
2026-05-25,294.9465,250.7555,175.4643,175.7801,288.0044,288.4569,277.5476,214.3314,260.4768,229.451,332.8182,152.4901,247.2992,403.7873,223.6155,151.086
2026-05-26,293.6244,249.1069,175.4359,175.8964,290.4563,287.5722,275.8299,213.092,258.3935,229.675,330.3212,151.5265,247.5564,402.958,223.5864,151.1789
2026-05-27,293.8808,249.2884,175.5744,175.8452,287.7333,285.8439,276.2198,213.2462,258.9062,229.2426,332.3695,150.9695,249.3061,405.0307,224.0072,151.1115
2026-05-28,291.8496,249.2266,175.7684,176.0078,289.1577,286.6882,276.8659,214.1224,259.8348,229.9698,333.8084,147.4387,249.1531,402.4714,224.3026,151.0792
2026-05-29,297.746,251.9919,175.6893,175.7655,290.4491,287.8177,276.8801,214.8657,262.4193,230.5142,338.4233,150.5227,250.5491,404.3245,224.8392,151.1136
2026-06-01,297.7619,250.0701,175.7771,175.6714,289.0526,287.007,275.3288,213.5536,261.0729,230.2474,337.6814,151.9496,249.6371,403.0121,225.6204,151.1915
2026-06-02,296.3386,248.3151,175.3247,175.2769,291.6459,287.164,274.5442,213.6021,260.04,229.9868,334.8788,153.4964,247.1526,394.4992,224.3783,151.2244
2026-06-03,309.3875,256.1047,174.4642,174.5521,293.3403,287.5165,274.7705,213.7659,263.1762,229.9289,337.5841,154.5421,249.1805,411.2847,225.5402,151.2046
2026-06-04,311.3031,259.2878,173.6994,174.04,294.1217,287.3545,276.2341,213.5869,263.3145,228.6853,340.0263,156.1534,248.6267,413.4804,224.5052,151.2341
2026-06-05,310.0336,260.7047,172.9938,173.7807,293.2798,287.9143,278.4033,213.4594,263.3235,229.2187,337.2761,155.9586,245.9698,412.8002,224.6537,151.2627
2026-06-08,306.3734,258.8865,172.8784,173.7676,289.784,287.9667,277.4932,212.1895,261.6272,226.8141,336.0846,155.7564,243.2256,411.899,223.7554,151.2779
2026-06-09,302.9209,258.1933,173.183,174.2652,289.3777,287.6101,275.9313,211.2467,262.3059,227.3576,336.9256,157.0483,244.7928,408.9873,222.9092,151.1955
2026-06-10,306.7638,264.0379,173.2873,175.1315,293.6085,289.705,278.3727,212.3345,265.5097,227.3667,339.7013,157.3153,245.7123,414.8566,223.4425,151.1337
2026-06-11,301.7331,260.0981,173.9926,175.5938,292.899,290.3816,277.8146,212.0891,264.6498,227.8393,339.4563,157.6393,245.3724,406.0225,223.1821,151.2305
2026-06-12,296.775,260.5056,174.3525,175.7998,293.8438,290.5424,277.2335,211.9899,263.3736,228.2019,338.0085,158.5927,244.1848,403.8022,223.3429,151.2603
2026-06-15,305.4659,264.3544,175.1917,177.3435,300.1368,294.5396,280.1562,214.6211,267.3186,230.1079,339.5381,161.066,242.6754,419.3477,224.081,151.2729
2026-06-16,308.7574,266.4121,176.8908,178.2873,300.8559,295.4109,280.5673,216.1129,268.7542,231.3993,343.1042,161.8636,246.4543,431.1158,225.2976,151.1802
2026-06-17,310.5886,269.553,177.4169,179.0795,302.3148,296.9923,281.7545,216.2501,271.3103,231.1635,346.9393,162.681,248.4924,431.3593,225.5384,151.1614
2026-06-18,302.163,263.4988,177.3657,178.9328,299.4852,295.7706,280.5223,216.4123,269.0145,231.0532,346.7279,160.662,246.0812,423.4996,224.9015,151.1699
2026-06-19,300.5521,260.3017,176.8446,177.3771,294.373,292.9223,277.6177,215.539,267.1801,229.1807,347.0226,159.4027,243.5618,422.9593,222.9151,151.1896
2026-06-22,297.211,260.1627,176.7735,177.2196,292.2431,292.7046,277.1964,215.4817,267.0033,229.1772,346.1296,161.8846,245.713,415.7257,222.4719,151.2015
2026-06-23,295.9583,257.3017,176.3641,176.6143,286.6823,292.5703,277.5278,215.2742,264.4876,228.3125,342.8476,163.6208,246.3915,412.6498,222.8458,151.2563
2026-06-24,292.0287,254.998,177.3588,177.8607,287.7425,293.0826,276.7825,216.3722,264.9594,229.6138,342.7054,163.0131,248.6241,410.8428,223.544,151.2803
2026-06-25,292.6986,255.6814,177.3938,177.5625,287.732,294.7348,276.8171,216.8501,265.0474,230.344,340.0433,160.8866,248.3623,409.5554,224.7663,151.3192
2026-06-26,287.7797,253.6019,177.3891,178.3345,287.3521,295.7202,278.0546,216.1724,263.0293,230.3508,336.2111,162.2173,250.1475,404.3108,223.9944,151.3545
2026-06-29,279.912,250.4034,176.6897,177.796,286.5019,296.2696,277.618,215.3903,260.8829,229.9366,330.5203,160.6473,244.4422,390.6645,223.1335,151.4086
2026-06-30,282.6748,249.4251,176.7377,177.4264,284.8952,294.1957,276.2405,215.0876,261.1092,229.6396,329.6927,159.1485,245.176,391.416,223.8717,151.4017
2026-07-01,285.0155,251.722,176.9769,177.3647,285.6724,292.4061,276.8497,215.1326,260.7411,229.6172,331.3528,159.5844,246.4223,401.3516,223.4626,151.4526
2026-07-02,280.5173,250.383,176.3255,177.0357,286.8886,291.1217,276.7066,215.1668,259.9807,229.0579,329.2844,159.1225,242.4842,396.2812,221.3243,151.4094
2026-07-03,281.0187,250.7298,177.2778,178.36,290.4673,293.985,278.7259,215.5809,260.777,230.444,332.977,160.9118,244.7056,396.8021,222.0028,151.4027
2026-07-06,289.5413,253.8299,176.2695,177.7884,292.0548,294.9373,278.1214,214.914,263.4847,228.6051,336.327,161.8859,243.0348,399.0365,221.9009,151.4549
2026-07-07,292.5207,255.6892,176.4479,177.9648,291.7256,295.3629,278.8254,214.0113,264.8695,228.6622,341.3123,162.4545,245.628,402.42,221.8724,151.4979
2026-07-08,284.3776,251.693,177.1182,178.5227,291.2847,294.571,277.9554,213.6388,263.0322,228.1933,337.79,163.0288,240.9557,392.6856,221.4518,151.4764
2026-07-09,284.7082,249.6318,177.5652,178.7674,288.3116,294.3094,278.7603,214.4775,264.2673,228.5817,340.6158,162.4396,242.246,394.3773,221.1182,151.4209
2026-07-10,284.2877,251.1418,177.3783,178.6868,288.2709,292.882,277.5876,213.877,265.1624,228.9707,341.2222,163.7223,242.5858,395.5588,220.8812,151.4165
2026-07-13,279.8456,246.4506,177.0824,179.0992,288.2842,291.897,277.2467,213.5654,263.4228,229.3979,339.4088,165.5891,241.0301,389.2634,220.5058,151.4228
2026-07-14,281.1664,248.3969,177.2984,179.8027,289.7392,292.1488,275.8252,212.9264,264.9217,230.3178,340.7912,165.0175,244.77,392.2091,222.0237,151.4237
2026-07-15,278.6521,248.3285,177.8163,180.4329,291.6452,292.641,277.2657,214.7762,265.7279,230.9785,343.1906,166.3426,244.051,388.7717,222.7416,151.4306
2026-07-16,281.8417,252.3562,177.5647,179.8171,293.2141,293.4004,278.3854,215.4715,265.2332,231.2898,344.3187,167.1399,243.4197,398.9904,222.959,151.4351
2026-07-17,283.3887,251.9202,177.1951,179.0141,291.0824,290.9265,277.645,214.5678,263.3909,230.236,343.1512,166.2179,246.2983,396.1688,224.0473,151.5078
2026-07-20,281.3893,250.1988,177.0437,179.3253,290.296,290.5391,276.8309,214.6064,264.3301,229.5619,342.3856,166.6119,246.2775,397.401,220.7293,151.4379
2026-07-21,285.1028,253.287,177.9358,179.4398,290.3482,290.5637,277.4172,215.5602,264.1354,230.166,345.7155,168.1938,249.2873,412.9066,221.0878,151.5004
2026-07-22,287.5844,253.3135,178.586,179.2316,289.2566,290.0101,276.3033,216.0357,263.3325,230.3487,346.4835,171.8257,250.9574,419.9849,220.8263,151.5184
2026-07-23,289.6319,255.6062,178.2125,177.711,287.9184,287.8404,273.9316,214.8762,262.4414,230.2127,347.4782,172.8904,249.7879,425.8214,220.3093,151.4093
2026-07-24,286.1221,253.2452,178.7776,177.9992,289.3795,287.2909,275.1375,216.1012,261.4459,230.5703,345.4573,170.4665,249.0994,422.6778,219.132,151.4452
2026-07-27,289.627,255.4283,178.0979,176.2233,289.1757,285.9047,272.2354,215.8163,261.4733,229.7714,345.4966,168.1596,251.3579,422.8653,218.0489,151.421
2026-07-28,292.5962,258.1177,178.2237,176.483,290.8895,287.4743,274.0713,216.3324,263.1116,231.2632,349.3372,167.1716,254.8045,426.8843,218.8456,151.4863
2026-07-29,293.4903,259.234,177.9497,176.7095,290.9958,287.6578,274.4717,216.8323,265.9939,231.0153,353.2112,167.7873,254.9967,421.5587,219.3003,151.575
2026-07-30,297.8597,261.8931,177.8798,176.8621,293.3033,286.4609,274.1747,215.8184,265.9651,230.6479,355.1648,167.9163,259.2585,429.9667,218.8785,151.6074
2026-07-31,290.8156,257.6347,178.0964,176.8685,290.6669,285.7865,273.2786,214.5587,263.3351,230.4137,351.6742,166.4274,257.0523,420.8717,218.9474,151.6848
2026-08-03,283.1349,253.0253,177.7896,175.6525,285.2171,281.1518,270.0251,212.8687,259.9465,228.4699,351.8017,165.7385,256.5451,407.3529,218.6202,151.7487
2026-08-04,278.357,251.5746,178.4139,175.4992,283.1477,277.1915,266.9569,212.2967,258.3643,226.507,351.0813,166.6058,256.2778,401.8298,218.3902,151.7616
2026-08-05,275.991,249.9002,177.0836,173.9663,279.2414,273.7406,265.3873,210.3707,256.1277,225.7929,349.4465,169.0766,254.8092,393.7747,217.9721,151.8316
2026-08-06,278.3051,251.6868,176.6383,173.1502,276.5503,272.3213,264.295,209.4835,256.1165,225.0996,350.8822,170.3253,256.8324,395.4878,218.3212,151.8392
2026-08-07,272.904,248.5927,176.6316,173.0316,273.4594,270.7674,263.6411,208.6227,255.6115,224.786,349.9358,168.9928,254.1679,387.0829,218.2117,151.8177
2026-08-10,270.0971,251.1283,176.466,172.5488,273.9738,270.6407,263.9536,209.376,256.1853,225.8103,349.1404,166.2927,254.2988,387.7981,217.6048,151.7869
2026-08-11,267.8231,248.2638,176.5119,172.5565,271.2033,269.135,263.5009,209.0008,255.5546,225.171,348.2621,165.1451,250.2601,386.2504,218.2311,151.8228
2026-08-12,270.5122,249.9923,175.8602,172.183,273.4591,268.8523,264.3079,208.8528,256.1456,225.2408,348.5129,165.9132,250.5419,386.8671,217.1519,151.8513
2026-08-13,264.1763,246.9404,176.6913,172.8552,273.2161,269.837,264.3639,209.1174,256.5465,226.4778,349.663,163.2916,246.9966,381.5615,217.0381,151.8375
2026-08-14,268.1286,249.8911,176.0216,172.5738,274.4698,271.7335,264.155,208.7495,257.1652,226.0062,345.9198,163.9335,248.1711,385.1648,216.1406,151.87
2026-08-17,260.5235,245.4387,177.0128,172.2997,273.3145,270.0222,262.2909,209.4017,252.7172,225.9796,340.9393,164.1538,247.8537,381.1453,214.8477,151.9502
2026-08-18,261.6721,245.8313,177.001,171.5849,272.255,269.2351,260.0327,209.1617,251.2382,225.8205,343.2209,166.9569,246.0522,386.7714,216.0274,152.0148
2026-08-19,259.5103,245.8996,176.8936,170.9808,271.8537,270.1963,258.9897,209.1132,250.5118,224.7864,343.2772,164.948,243.2116,382.1002,216.5771,151.9543
2026-08-20,260.1255,246.7238,177.1851,170.7415,272.9697,268.4284,257.4274,208.4567,252.0573,225.1503,343.3497,164.1509,241.1559,378.4199,217.0015,151.8183
2026-08-21,265.4859,249.7571,177.8778,171.5992,274.6092,269.6297,259.4625,209.0694,254.6311,225.5954,349.9945,166.271,242.0344,388.8472,217.5575,151.8683
2026-08-24,261.8536,247.7629,177.6905,170.7935,270.7509,267.6902,258.8951,208.2492,252.2766,224.8924,349.0416,164.693,240.5841,385.3268,218.0281,151.8969
2026-08-25,266.4601,248.4511,177.1632,170.8381,272.2038,268.4811,260.3643,208.1571,252.9092,224.1939,348.5557,161.6627,238.4964,392.2095,217.829,151.9168
2026-08-26,264.8773,247.4138,177.4942,170.6018,268.525,265.781,258.5742,207.871,253.2171,222.4158,348.2466,162.1349,238.0104,389.2722,217.3476,151.9671
2026-08-27,259.2738,241.9812,177.3581,170.7213,266.6306,264.1852,258.2043,207.3068,251.1353,221.7164,345.5567,157.7583,239.1576,381.468,215.9833,152.0421
2026-08-28,259.5579,241.5972,177.7574,171.5207,268.4254,265.7494,257.5674,207.1438,252.1121,222.0363,344.7148,158.5115,237.4523,380.6779,216.6916,152.0532
2026-08-31,254.4356,237.9778,177.7808,172.1164,268.4201,266.7655,257.9102,207.5053,253.5546,221.689,345.1826,156.3594,233.6097,369.2866,215.3835,152.0564
2026-09-01,251.3667,237.9461,177.6153,171.2613,267.2973,264.9942,256.2253,206.4578,251.8043,220.8964,345.4059,156.9916,231.5666,372.7695,212.3245,152.0786
2026-09-02,253.5897,238.6271,178.0528,171.8935,271.088,266.5105,257.8542,207.5699,251.0286,222.5057,342.0193,158.4774,234.7998,375.0366,213.2038,152.063
2026-09-03,253.3025,237.1904,177.5245,171.8218,270.233,265.5845,256.7346,206.9003,250.6497,222.6554,341.1896,158.6633,236.5784,373.9425,213.1767,151.9927
2026-09-04,257.4466,240.5462,176.7067,171.4481,271.9269,266.6437,257.3286,207.4395,253.7995,222.3868,343.4844,159.1985,238.4601,369.3118,213.2859,151.9077
2026-09-07,258.3948,241.3187,177.248,172.5829,272.6081,266.6081,258.4021,208.277,257.1885,223.1557,347.7921,160.7262,239.6178,370.9892,213.2564,152.0129
2026-09-08,258.9612,242.9558,176.1372,171.3886,270.6697,264.9242,257.5628,207.368,257.6714,221.9185,350.7282,160.8377,237.8615,368.966,212.8159,152.1593
2026-09-09,262.1219,246.5466,175.2584,169.5132,269.4139,263.9607,256.519,207.4114,256.5175,221.1543,350.7309,158.0099,238.5557,371.8166,214.0331,152.1813
2026-09-10,266.4704,251.3437,174.1872,168.8205,268.1034,264.7706,257.6377,206.5028,256.4786,220.6868,353.7997,159.3581,239.138,379.7589,215.836,152.155
2026-09-11,269.0187,253.5035,174.283,169.139,269.0102,265.1816,260.094,206.3186,256.9227,221.4585,355.9239,158.8663,241.5282,385.7603,216.0772,152.1499
2026-09-14,271.2447,256.1191,172.8561,168.1099,270.2313,265.5707,260.4714,205.3595,255.9977,221.2608,352.1195,159.6134,242.2355,380.5136,216.5808,152.1595
2026-09-15,264.3819,252.026,173.0951,167.9048,265.8536,263.8389,258.417,204.882,253.9446,220.3609,351.168,160.1414,242.1064,370.4213,217.2461,152.1354
2026-09-16,263.2549,249.3774,172.6896,167.4374,264.8165,261.7571,255.853,203.4218,251.3554,218.9217,351.6555,162.6786,243.2818,371.3959,215.0454,152.1741
2026-09-17,256.303,244.7127,172.773,167.8014,264.5354,260.0036,254.2688,203.1316,249.9256,218.6708,350.6892,162.5147,241.3061,361.9525,214.7753,152.1263
2026-09-18,257.4308,245.3186,172.5103,167.3543,264.8253,260.6742,254.3315,203.1937,250.6665,219.0932,350.3968,160.5234,241.8058,361.0878,214.0286,152.1848
2026-09-21,259.1875,244.8769,172.2201,166.573,262.9417,260.0259,254.6154,202.7797,249.8929,219.3006,347.9214,160.4516,241.1324,360.8602,214.0701,152.2221
2026-09-22,259.838,244.8623,172.0465,165.9795,262.2804,258.6599,251.7482,202.421,250.3397,218.0758,347.6495,160.6288,239.5433,361.9993,212.7056,152.1685
2026-09-23,264.7665,247.2507,172.2032,166.2494,265.2911,261.6473,253.9761,203.3531,253.5493,219.6854,349.1374,159.6557,238.6779,363.7169,212.8143,152.206
2026-09-24,259.7194,245.4056,171.1823,166.3041,267.248,261.4971,253.9238,202.6571,251.6962,218.577,345.3817,156.4263,236.1296,357.1119,211.9518,152.1776
2026-09-25,258.5104,245.0527,171.7848,167.4665,268.9641,263.8741,254.5486,203.2591,251.9577,218.3342,345.704,156.7139,234.6646,360.2771,212.0416,152.2359
2026-09-28,259.1898,249.7629,171.4768,167.172,268.5033,264.1906,255.8861,203.3178,254.0524,218.1664,348.4543,158.5797,236.6015,358.7203,211.6744,152.1506
2026-09-29,260.8954,249.4569,171.2389,166.5233,267.2378,263.7319,255.1315,203.0794,251.4102,216.9821,346.5603,157.4931,240.0246,360.7457,212.1999,152.2196
2026-09-30,260.9086,251.9348,170.7448,165.5329,265.382,260.9086,252.8813,202.1824,250.929,215.9226,345.216,157.6173,242.0563,361.1055,211.9118,152.1414
