date,EME,DME,Gov,Infl,EMD_L,EMD_H,EMD_C,IG,HYD,SIG,PD,Com,RE,PE,HF,Cash
2007-06-07,99.5612,100.4641,100.4544,100.4652,100.5879,100.1328,99.9136,100.0228,99.8289,100.3742,100.0659,100.5203,100.3185,100.8967,100.7171,100.0209
2007-06-08,100.3896,101.0102,100.3028,100.3041,100.0178,100.4756,99.8521,99.8708,100.7799,99.7635,100.3493,99.6391,100.0154,98.975,101.1669,100.0374
2007-06-11,100.6525,99.7715,100.5267,100.9426,100.6473,100.757,99.9772,99.4291,100.9407,100.4075,100.5605,97.1094,99.9399,100.0595,101.3913,100.0919
2007-06-12,98.392,97.9871,100.7873,101.3607,100.397,101.043,100.2554,99.3524,100.896,100.5594,99.4533,96.7686,99.728,96.8456,100.5253,100.0792
2007-06-13,95.2696,96.4669,100.925,100.6799,98.3301,99.2745,99.1075,98.9523,99.5139,100.1674,98.2694,94.7188,99.0951,95.1435,100.3451,100.0811
2007-06-14,94.6766,96.433,101.0102,100.573,97.1485,97.9118,97.9819,98.3,99.6363,99.6984,99.2362,95.9427,100.6813,94.8707,100.0814,100.0621
2007-06-15,93.1714,94.2282,101.1705,100.9047,97.9139,97.825,97.8741,98.4763,98.3701,99.8634,97.6183,94.6231,101.2802,93.1857,99.8735,100.0592
2007-06-18,92.3257,93.6263,101.4584,100.95,96.7267,97.975,98.0576,98.3695,97.8949,99.4607,97.6848,95.3211,99.7837,93.767,99.7476,100.0482
2007-06-19,92.4842,93.5595,101.3271,100.3635,96.8439,97.3595,97.4159,98.2788,97.5018,99.5264,96.9997,95.3722,99.2607,92.8018,99.9976,100.0635
2007-06-20,91.4172,92.7457,101.0499,99.7948,95.5032,96.7723,96.4861,97.4263,96.6603,98.8918,97.3078,94.4064,98.2858,92.1895,99.9718,100.1407
2007-06-21,92.2951,93.8424,100.9733,99.9351,96.073,97.1676,96.6829,97.4028,96.8394,99.0276,97.1767,93.9995,99.0867,93.5401,100.2853,100.1636
2007-06-22,91.6155,93.6466,101.1666,100.2838,96.1492,97.0359,96.3241,97.2938,96.8721,99.0764,97.6819,95.8291,98.6382,94.0386,100.1143,100.2486
2007-06-25,90.1783,92.6815,100.8699,100.3794,96.3358,97.4547,96.5424,97.2433,96.3469,98.8685,97.4137,93.9628,98.0226,93.5924,99.4078,100.2615
2007-06-26,90.2282,93.4773,100.7812,100.2919,95.719,97.4431,96.5987,97.0416,95.6887,98.2522,97.3034,93.5934,99.2886,96.0952,98.9457,100.2929
2007-06-27,89.7125,92.8974,100.3436,100.0253,94.8348,96.9575,96.196,96.18,94.9761,97.7459,97.3219,93.6537,99.7465,95.8264,98.6152,100.3169
2007-06-28,89.2456,93.0418,100.3637,100.0201,95.5865,96.7647,95.6983,96.1016,94.9557,97.7034,97.6037,93.6359,99.5727,94.6681,98.9721,100.2956
2007-06-29,88.1223,93.0185,100.3638,99.7656,94.5795,96.1968,95.1279,95.5394,94.3454,97.3239,97.3108,94.4371,100.2306,94.5143,98.363,100.2965
2007-07-02,86.2761,91.6477,100.1078,99.5016,93.6931,95.8579,94.764,95.2561,93.8885,96.5238,96.341,93.921,98.7665,91.4471,97.6714,100.3372
2007-07-03,85.7074,91.1167,99.9167,99.4751,93.9326,95.8747,94.8218,94.7392,93.733,96.1649,95.8599,91.4473,97.5457,89.9883,97.7391,100.2648
2007-07-04,82.6787,89.1536,99.8871,99.6025,93.5608,94.9319,94.0485,94.1996,92.952,95.8762,94.8668,91.0096,95.1621,87.0559,97.6552,100.2832
2007-07-05,82.8883,89.5927,100.2007,100.2589,94.3025,95.3256,94.8707,94.4869,93.2226,96.3303,94.9108,91.2886,95.8204,88.3605,97.7223,100.2975
2007-07-06,81.3943,87.8747,99.9114,99.7875,93.792,94.5477,93.9809,94.5368,92.7486,95.9651,94.4573,90.713,95.4691,85.9861,96.6538,100.3621
2007-07-09,80.3375,88.3119,100.1666,99.4885,94.3825,94.099,92.8517,95.0342,92.4073,95.9033,94.2782,90.7971,95.9255,84.8081,97.1188,100.3447
2007-07-10,80.6295,88.9943,100.2778,99.8753,95.458,95.0432,93.7248,95.4895,93.045,96.2857,94.7881,89.6648,95.2034,85.8379,96.9795,100.4045
2007-07-11,81.464,88.3744,100.3374,100.4003,95.7506,96.0891,94.1976,95.1711,92.902,96.1882,95.0357,89.6083,94.8657,86.5772,97.4876,100.3379
2007-07-12,79.8093,86.8962,100.3365,100.4787,95.7108,95.619,93.9011,94.78,93.0999,96.3496,94.1277,89.5039,93.3158,83.6527,96.5587,100.2598
2007-07-13,80.5326,87.1546,100.1479,100.3387,95.7423,95.7411,94.2842,94.8283,93.3053,96.7337,94.0718,89.9351,93.536,84.4021,96.2221,100.2982
2007-07-16,81.7765,88.1956,100.346,100.5713,96.6873,96.233,94.9454,95.2936,93.7463,97.1155,94.3142,92.4415,94.4356,85.0285,96.3085,100.3422
2007-07-17,81.4276,87.8402,100.2302,100.3946,96.3041,95.6885,94.7006,94.8655,93.5477,97.2994,93.9374,91.9968,94.8874,84.192,96.3695,100.3461
2007-07-18,81.3193,87.4062,100.4721,100.649,96.1775,95.639,94.4156,94.9943,93.9042,97.705,93.8184,93.5466,95.0555,84.3834,95.9125,100.4022
2007-07-19,82.0437,87.1152,100.6278,101.0974,96.2664,96.3452,95.1313,95.4843,94.3864,97.6492,93.802,93.8037,94.0605,85.1405,96.0145,100.4164
2007-07-20,79.0054,84.5871,100.6364,100.8451,94.9802,95.1022,93.8572,95.123,93.4694,97.209,92.6315,91.5177,92.9379,81.9902,95.5421,100.3683
2007-07-23,79.0237,84.2712,100.7403,101.651,95.7006,95.5502,94.568,95.2908,93.5885,97.577,91.863,92.663,93.5445,81.7655,95.8307,100.36
2007-07-24,77.6362,83.0749,100.7648,101.2894,94.6921,94.431,93.826,94.9811,92.6122,96.7345,91.5331,90.6204,92.5689,80.5608,96.0876,100.3356
2007-07-25,77.7769,83.4329,100.61,101.316,94.2955,94.7512,94.3222,94.9126,92.1176,96.1114,90.832,90.5511,93.3006,80.6762,96.2366,100.3576
2007-07-26,77.0227,82.5368,100.5251,101.4134,94.1315,94.7986,94.7044,94.5748,91.3244,96.1984,90.2281,90.0314,92.0805,80.6938,96.2933,100.3984
2007-07-27,76.2777,82.1205,100.1006,100.5072,93.9117,93.9722,94.0433,94.458,90.5213,96.2144,90.2743,89.2657,91.3683,79.5677,96.3711,100.4204
2007-07-30,75.8161,81.6592,99.9287,100.288,94.068,93.7841,93.7477,94.1639,90.2409,96.2661,89.7708,90.1757,89.8853,79.057,95.8499,100.3818
2007-07-31,76.4,82.8386,100.2637,100.7378,95.4721,94.0774,94.1237,94.3083,90.6081,96.6798,90.1828,90.5514,90.3541,80.3154,96.1913,100.4247
2007-08-01,76.5636,83.7073,100.017,100.7318,96.223,94.5444,95.1115,94.5048,90.9982,96.7543,89.93,90.0926,90.9291,79.3704,95.8442,100.4563
2007-08-02,78.4096,84.7769,100.0739,100.7678,96.7093,95.2275,95.3894,94.8222,91.7161,96.8679,90.3242,90.8694,91.2034,80.1963,96.6266,100.4412
2007-08-03,76.9476,83.5084,99.9909,100.6213,95.8106,95.009,95.2822,95.0568,90.6468,96.4361,89.2552,88.8478,90.7127,80.6055,95.9145,100.4832
2007-08-06,77.0545,82.6322,99.7131,100.5666,96.2292,95.7243,95.3658,95.2045,90.3516,96.3305,87.7234,88.8029,91.1322,78.8759,95.3753,100.5075
2007-08-07,77.6106,82.3667,99.9932,100.7187,97.1546,96.2686,95.5612,95.75,89.6193,96.5098,87.1866,89.0122,91.1993,80.4258,95.4299,100.5078
2007-08-08,77.6762,81.6371,100.2984,100.9094,96.0506,96.0752,95.5428,96.0668,89.7744,96.1259,86.9967,90.0861,91.2801,79.7857,95.6836,100.562
2007-08-09,78.6622,82.2438,100.5177,100.9232,95.8642,96.1118,95.3662,96.6007,90.6764,95.7156,87.7507,89.0705,92.1304,80.0858,95.9251,100.5934
2007-08-10,78.3354,82.0723,100.9155,101.4619,96.9213,96.812,95.5479,97.3672,90.7866,95.7949,86.7735,88.1009,92.8809,79.3673,96.001,100.5597
2007-08-13,78.6968,82.909,101.2991,101.7992,97.8782,97.9556,96.1146,98.1423,91.4336,96.2383,86.9426,87.7678,93.2702,80.0048,95.9269,100.5856
2007-08-14,79.1444,83.534,100.67,101.1119,97.5295,97.656,96.1048,97.995,91.6358,96.119,86.7754,86.839,92.7523,80.4142,95.3555,100.5886
2007-08-15,80.7772,84.7675,100.3721,100.9344,97.6306,97.3311,96.3433,98.2671,92.841,95.8749,87.1533,87.9195,93.4956,80.5211,95.1205,100.5642
2007-08-16,83.1148,85.9881,100.9059,101.6243,98.6468,98.29,96.7235,98.5092,93.9322,96.1433,88.5553,89.6541,94.9566,82.4346,95.7683,100.5632
2007-08-17,82.7341,85.677,100.7802,101.1086,96.9156,96.7019,95.7323,97.2984,93.3313,95.5332,88.7082,90.0601,95.5539,81.8421,95.8796,100.5921
2007-08-20,81.7222,85.2903,100.4497,100.7425,96.2598,96.0528,95.0203,96.5405,92.7222,95.0387,88.8295,88.4452,95.4346,81.6568,95.5569,100.5676
2007-08-21,82.7788,85.9592,100.3529,101.0545,97.3232,96.5828,95.1728,96.771,93.8031,94.8787,89.3328,89.6082,95.2641,81.9655,94.9069,100.5313
2007-08-22,82.0634,86.0424,100.5214,101.5725,97.5487,96.8627,96.0803,97.0194,93.5618,95.0275,88.9256,87.4887,96.0021,82.9156,95.0159,100.4983
2007-08-23,82.8577,85.392,100.79,101.7405,96.7681,96.6521,96.1291,96.6322,93.6708,95.5373,89.395,88.7807,96.0253,83.4441,95.6665,100.5766
2007-08-24,83.1997,85.1625,100.571,101.6292,96.6999,96.3041,96.1939,96.3673,93.8249,95.0807,89.6167,87.7557,95.6381,83.2695,95.3202,100.5607
2007-08-27,83.1026,84.9576,100.397,101.7896,97.3756,95.8122,95.9051,96.2028,93.9376,94.8509,89.087,86.7907,94.9343,83.3185,95.052,100.5654
2007-08-28,83.6788,85.3064,100.3638,101.4972,97.3463,95.366,95.476,96.0385,94.149,94.8061,89.3807,85.7875,94.4134,83.467,95.6212,100.5936
2007-08-29,83.9736,85.1444,100.0109,101.4411,97.3769,95.0551,95.3266,95.6365,94.1056,94.5111,88.6935,86.5255,92.6886,83.8459,95.335,100.6327
2007-08-30,82.961,83.845,99.2402,100.5874,95.5775,94.1031,94.564,94.6399,92.1576,93.3266,87.7369,86.3418,92.3193,82.9022,95.2447,100.6444
2007-08-31,84.6865,85.0241,99.4403,100.581,95.6747,94.1908,94.6248,94.801,92.3797,93.1112,88.5301,87.273,92.9507,85.0194,95.9105,100.6062
2007-09-03,85.6634,84.7365,99.9305,100.7645,95.6776,94.2726,94.7437,95.2152,92.5406,93.5075,89.0414,86.9996,93.5733,86.0751,96.4976,100.5624
2007-09-04,85.6469,84.7046,99.8264,100.1331,95.5571,93.4707,93.5995,94.8637,91.7271,93.4343,88.6,88.0731,93.3691,86.7455,96.2172,100.5746
2007-09-05,85.2605,83.6999,100.5658,100.3557,94.9881,93.7017,93.7247,95.2206,91.4017,94.0699,88.3967,88.2931,93.8004,86.4396,96.7427,100.5878
2007-09-06,84.5946,83.0611,100.4485,100.4271,95.1824,93.5572,93.4384,95.2027,90.5422,93.4567,87.415,87.9658,93.9964,86.3191,96.3511,100.5922
2007-09-07,85.674,83.9877,100.8598,101.3651,96.6924,94.5563,94.679,95.8437,91.5914,93.4966,87.7332,87.1301,94.6471,86.9989,96.566,100.6226
2007-09-10,86.1377,85.2326,101.0077,101.1687,96.6821,94.5917,94.8328,96.1047,91.7694,93.6351,87.4133,86.3281,95.1438,88.5748,96.5322,100.6266
2007-09-11,86.8432,86.3928,100.7091,100.7748,96.5445,94.7533,94.8213,95.8408,91.7679,93.248,87.8802,87.7406,95.2999,88.8784,96.571,100.6473
2007-09-12,84.1463,83.8066,101.334,101.7569,96.0987,94.6538,94.9078,95.6229,90.8968,93.1966,87.2483,87.1291,95.0564,87.7042,96.0769,100.6831
2007-09-13,83.2231,83.0584,101.2264,101.1608,95.9072,94.2869,94.0411,95.6653,89.8422,92.9648,86.5515,85.2257,94.4696,87.437,96.0635,100.6301
2007-09-14,84.5865,84.6754,101.2772,101.2329,96.4297,94.9383,94.3927,95.2813,89.7773,93.1437,86.1723,86.6849,95.4981,88.5274,96.8046,100.7045
2007-09-17,84.8108,84.3188,102.0952,102.2934,96.8736,95.1097,94.4612,95.4132,90.2933,93.5251,86.7171,86.8363,95.7631,89.8104,97.5727,100.7057
2007-09-18,87.0536,85.5829,101.6243,101.6843,97.1347,94.9677,94.0603,95.5739,91.2245,93.3197,86.3803,88.1394,95.0352,89.5333,97.9584,100.7273
2007-09-19,86.5721,84.4038,101.9886,101.7365,96.2335,94.8906,93.4426,95.396,90.8642,92.7404,86.9927,87.2856,94.4944,89.7554,97.8906,100.7092
2007-09-20,87.6374,84.2672,102.1865,102.0429,96.9543,95.6748,93.7682,95.8708,91.2878,92.9558,87.4653,86.2551,94.4705,91.2244,97.7938,100.69
2007-09-21,88.1026,84.3651,102.4131,101.8934,96.6908,95.54,93.3731,96.1015,91.4885,93.1861,87.4748,86.0284,94.662,91.2872,98.4195,100.7298
2007-09-24,88.0631,83.7489,102.4125,101.4738,95.4018,94.3847,92.8471,95.81,90.6256,93.1408,87.9846,86.7411,95.5006,92.1595,98.8364,100.7469
2007-09-25,87.2215,83.2567,102.6451,101.5015,95.0952,94.7639,92.4332,96.1508,90.4441,93.0785,88.1074,86.2144,95.5324,91.8917,98.8562,100.7712
2007-09-26,86.6451,83.1701,102.5828,101.3317,94.6844,94.6371,92.149,95.9849,90.1702,93.1457,88.0081,85.8504,95.5265,91.7318,99.0744,100.7795
2007-09-27,86.402,82.6426,102.3112,101.1799,94.5247,94.6435,91.7342,95.5643,89.5766,93.2899,87.7554,86.1803,95.991,91.4919,99.2262,100.7917
2007-09-28,85.8694,82.1842,101.8429,100.8068,95.2073,94.7619,91.3946,95.7469,89.5981,93.043,86.5578,85.1574,93.1167,90.1007,98.7057,100.8562
2007-10-01,86.895,82.8725,102.017,101.247,95.1311,94.6158,91.6537,95.5933,89.5421,92.9067,86.9424,86.778,94.4766,92.3139,99.201,100.8679
2007-10-02,85.2832,82.3877,102.0572,100.768,93.8064,94.2182,91.3424,95.5405,88.8779,92.7571,86.7459,85.6149,94.3718,90.9914,99.4382,100.8882
2007-10-03,85.1171,82.5862,102.7829,101.177,93.6993,94.7425,91.6156,96.1587,89.3242,93.1548,87.1377,85.0756,94.0426,92.3445,99.6079,100.9372
2007-10-04,84.6397,82.3673,102.7422,101.5019,94.5838,95.2274,91.884,95.8594,89.0088,93.2562,86.087,84.482,94.1632,91.1332,99.6109,100.9791
2007-10-05,83.7297,81.1944,103.0161,101.6971,94.7129,95.2573,91.9952,95.8899,88.4807,93.2999,85.9107,82.6493,94.6252,89.8074,99.7065,100.9828
2007-10-08,84.4174,82.5349,103.5379,102.3028,95.8871,96.0836,92.5574,96.758,89.7256,93.8527,86.9765,82.3454,95.4378,90.4531,100.3925,101.0661
2007-10-09,84.8836,82.5775,103.8134,102.501,96.8053,96.1461,92.687,97.0202,89.9799,93.8907,87.6799,83.104,94.9096,90.127,100.6967,101.0178
2007-10-10,84.7419,81.7175,103.5014,101.9163,95.7967,95.7379,91.6323,96.3345,89.2347,93.2716,87.1401,81.1049,94.658,90.8494,100.0792,101.0037
2007-10-11,85.6052,82.0955,103.3172,101.9545,96.4474,95.8088,91.8634,96.2179,89.3359,93.3149,87.1513,80.7969,94.7113,92.1849,99.8039,100.976
2007-10-12,85.789,82.4678,103.8662,102.8253,97.3775,96.2587,92.167,96.5991,90.4571,93.7433,87.3344,78.7653,95.6317,93.0032,99.883,100.9664
2007-10-15,85.6262,82.127,104.0377,102.5276,97.575,95.6956,91.3189,96.1854,89.6088,94.236,87.1566,80.4889,94.6147,93.5702,100.4291,100.9721
2007-10-16,86.0157,82.5482,103.6798,101.8139,96.8859,94.7849,90.7091,95.9046,89.02,93.6091,87.0065,78.9188,95.0397,95.4336,100.0497,100.9531
2007-10-17,86.8333,83.1982,104.1831,102.1291,97.0427,94.8938,91.0765,96.5726,89.3877,93.914,87.7292,79.833,95.9965,97.2465,100.4331,101.0114
2007-10-18,87.7267,83.6622,104.2151,102.6883,97.3449,95.1945,91.2519,96.4481,90.228,93.7236,87.8572,80.2952,96.257,97.1018,100.9928,101.0364
2007-10-19,88.185,84.4954,104.4183,102.6265,97.2772,94.8112,90.7559,96.4005,90.2733,93.4975,88.0625,80.0824,95.9198,98.6597,101.7109,101.0527
2007-10-22,86.6516,83.5386,105.0083,103.039,96.3256,94.753,90.8941,96.7998,89.7978,93.4825,87.9626,81.3868,96.7581,98.0293,101.5567,101.1242
2007-10-23,88.2449,83.3567,105.0248,103.2915,97.0113,95.5664,91.2913,97.3582,90.4314,93.411,87.853,81.3062,97.2893,98.1324,101.2707,101.1142
2007-10-24,88.6367,83.1788,105.1454,103.4613,96.7439,96.0442,91.2958,98.0026,91.1063,93.3687,88.2711,81.6323,96.5863,97.7528,101.8183,101.1361
2007-10-25,89.1692,83.4682,105.3311,103.7564,96.4259,96.5676,91.5243,97.8927,91.7585,93.4063,88.7964,81.876,96.6138,99.043,101.3612,101.1602
2007-10-26,87.5926,82.6052,105.0199,102.9611,95.3999,95.5041,90.6547,97.2371,90.1784,92.6093,87.1259,80.229,95.9315,97.9807,100.9279,101.1589
2007-10-29,85.9674,81.4855,104.879,102.9527,94.9943,95.3217,90.4958,96.8884,89.5201,92.4098,86.2348,79.6661,95.5057,96.6876,100.154,101.1514
2007-10-30,85.3431,81.32,104.9182,102.9214,95.6373,95.8156,90.5096,97.1109,89.1967,92.3543,85.6477,78.6944,94.6304,96.3802,99.7957,101.1214
2007-10-31,85.7764,82.1998,105.121,103.1112,95.7572,96.3816,90.8492,97.0131,89.482,92.5039,85.7379,77.8404,93.9729,98.6161,99.8992,101.1622
2007-11-01,84.4589,81.1357,105.5495,103.5583,95.4985,96.1254,90.969,97.2874,89.6408,92.9035,86.0848,76.8095,94.0057,97.7008,99.9623,101.1902
2007-11-02,85.383,81.9446,104.9337,103.0434,96.2782,96.2948,91.0529,97.6886,89.9578,92.5935,86.2641,75.9903,93.6379,98.5669,99.2121,101.1915
2007-11-05,84.4147,81.3459,105.5584,103.5616,96.3542,96.9294,91.5464,98.0174,89.4107,92.8994,85.6357,76.2443,94.0396,98.1423,99.4452,101.1841
2007-11-06,84.0238,81.9293,105.3966,103.2813,96.288,96.8271,91.3618,98.1123,89.9007,92.7575,85.9456,74.6551,93.8688,97.7318,99.167,101.2015
2007-11-07,81.5818,80.2086,105.88,103.6032,94.5897,95.9715,90.9244,97.8458,88.8723,92.3638,85.0975,74.7217,93.9785,96.9115,98.7958,101.2144
2007-11-08,80.059,79.9265,106.041,103.1254,92.9269,94.8407,90.6479,97.5044,88.5832,92.3646,85.4513,74.7263,93.5568,96.1088,98.5059,101.2451
2007-11-09,79.0035,78.4617,105.9267,103.2499,92.6552,94.608,90.2836,97.0919,88.4555,92.3561,85.0162,73.6349,93.4396,94.4863,97.6761,101.2863
2007-11-12,79.4606,78.2527,106.4758,103.8657,92.6938,95.3524,91.1337,97.8323,88.3679,92.6329,85.5683,73.926,94.9155,96.4958,97.6849,101.3916
2007-11-13,78.2167,77.532,106.4147,103.6184,91.9258,94.9468,90.5766,97.1508,87.5873,92.5367,85.8279,73.58,94.3092,97.2321,96.9682,101.4069
2007-11-14,77.5011,77.5216,106.3558,103.7688,92.2099,94.9877,90.3883,97.3365,88.3407,92.6834,85.3967,73.5223,93.8265,94.6069,96.9772,101.3996
2007-11-15,77.1517,77.1602,106.4357,103.8454,92.0879,95.4537,90.7477,97.5439,88.0824,92.3717,85.0656,74.226,91.9013,92.9494,97.8674,101.3842
2007-11-16,76.13,76.6392,106.507,103.8028,91.9391,95.2813,90.738,97.8575,88.5564,92.4281,85.4527,73.7953,90.6776,91.3954,97.2918,101.3728
2007-11-19,75.3943,76.2782,106.1491,102.9747,91.2636,94.6424,90.2749,97.4986,87.0623,91.9719,84.2291,72.4565,90.3502,91.8023,96.8709,101.3509
2007-11-20,75.2521,76.2577,105.0142,101.7525,90.2578,94.3248,89.9825,96.754,86.7083,91.1934,83.2097,72.0246,90.0158,88.9756,95.846,101.4635
2007-11-21,74.7684,75.4453,105.2622,102.2853,90.7712,94.7427,89.9525,96.9167,86.8181,91.3183,82.9598,72.3779,89.8787,88.0527,95.5344,101.4869
2007-11-22,74.6666,75.6766,105.3468,102.1807,90.7333,95.2752,90.267,97.6849,87.2866,91.4174,82.0699,73.0134,89.1588,86.2773,95.6573,101.5231
2007-11-23,74.0497,75.3474,105.1434,101.8065,89.9274,94.7823,89.7828,97.3234,87.2127,91.3211,82.0543,71.4578,88.7059,85.5873,95.801,101.567
2007-11-26,74.4715,76.0506,105.1013,101.6466,90.7603,94.6485,89.7289,97.3288,87.4708,91.4197,82.0782,70.8029,88.9096,85.1717,96.0634,101.5151
2007-11-27,74.4262,76.1736,105.2963,101.7941,90.9529,94.5993,90.2323,97.9414,87.5848,91.7656,82.4358,70.2545,88.581,86.3534,96.3017,101.5174
2007-11-28,74.1456,76.0977,106.0713,102.4145,91.2933,95.5256,90.7485,98.851,87.7624,91.7906,83.0787,69.8866,88.4712,87.7814,96.1239,101.555
2007-11-29,74.863,75.6314,106.0558,102.4263,91.4,96.1246,90.8648,99.3113,88.2123,91.7631,83.2629,68.7645,88.3842,88.0932,95.8062,101.5566
2007-11-30,72.3456,74.2621,106.1221,101.9394,89.8983,94.9022,90.4564,99.4242,86.6407,91.1677,81.8652,68.0343,88.1781,86.422,95.215,101.5259
2007-12-03,72.7586,74.9111,105.9315,101.8174,89.586,94.8684,90.4147,98.8317,86.9045,91.2273,82.5736,68.1263,88.8458,86.6132,95.5895,101.5105
2007-12-04,73.688,75.3327,106.2574,101.9384,89.4278,94.5501,90.7697,99.3155,87.3806,91.3666,83.4484,67.1438,89.1741,88.637,96.1132,101.52
2007-12-05,72.9632,74.7429,106.6916,102.3973,89.3823,94.4274,90.4789,98.7896,86.5027,91.0365,83.333,67.5263,89.8162,89.153,96.0784,101.4897
2007-12-06,72.8605,74.7058,106.4771,102.2873,88.8744,94.3654,90.8154,98.3445,86.033,91.2758,83.502,68.1483,90.1439,90.5935,95.5782,101.4701
2007-12-07,72.1407,74.0982,106.1038,101.73,88.1598,93.7875,90.2561,97.7557,85.1375,91.0528,82.7233,68.1598,89.3571,89.6694,95.5235,101.497
2007-12-10,72.5575,74.9418,105.4685,101.7651,89.2955,94.6845,91.0445,97.664,85.1043,91.3613,82.1268,68.3466,89.9092,90.1756,95.0048,101.5266
2007-12-11,72.3741,75.0906,105.2535,101.5614,89.2424,94.8291,91.128,97.5828,84.3016,91.2846,81.8982,68.5253,88.7631,91.6323,95.4047,101.531
2007-12-12,71.5865,74.4027,105.1574,101.4239,87.8788,94.286,90.5364,97.2032,84.5649,90.7743,82.4584,67.8257,88.5474,90.6378,94.9882,101.5453
2007-12-13,70.5024,73.1603,105.1996,101.2299,87.6907,93.83,89.6149,96.7168,83.163,90.3215,81.5672,68.1643,88.4539,89.271,94.9292,101.5929
2007-12-14,70.7256,72.867,105.2735,101.3058,88.1373,93.7854,89.5689,96.9659,83.2984,90.4169,82.0932,67.9791,87.9656,90.5279,94.2951,101.6243
2007-12-17,70.5263,72.5632,105.3987,101.4858,88.0602,93.7898,89.2975,96.9489,83.1865,90.3291,81.7294,67.9974,88.946,89.9624,94.2392,101.6688
2007-12-18,70.3922,72.2043,105.5276,101.4419,88.026,93.3067,89.2231,96.9713,82.9779,90.3836,81.7498,68.2523,88.8192,90.4286,93.7854,101.7116
2007-12-19,70.7833,72.2074,105.7927,101.8728,88.5015,93.8019,89.8164,97.4805,83.8156,90.9249,82.3216,67.4746,88.5948,90.8778,93.8836,101.763
2007-12-20,70.2615,71.7353,106.0712,101.877,88.6094,93.5863,90.2213,97.8848,83.2904,91.286,81.6659,67.1024,88.5722,91.0015,93.6529,101.7973
2007-12-21,70.9331,71.5874,106.0673,102.0903,88.5931,93.368,90.6167,97.8169,83.6565,91.5413,81.9022,66.5057,88.8522,91.6498,93.866,101.8128
2007-12-24,70.2617,71.4878,106.218,102.0799,87.8029,93.7293,90.799,97.8662,83.7203,91.5385,82.2429,66.6005,88.1275,91.4064,93.8246,101.869
2007-12-25,71.5008,72.0394,105.7138,101.3959,87.7874,94.3487,91.0962,97.613,83.1866,91.3963,82.2135,66.8377,88.553,92.5283,93.6511,101.8613
2007-12-26,72.2076,71.9214,105.6192,101.8413,88.7259,95.9197,92.047,98.2926,83.8563,92.005,81.5393,66.9162,88.7139,91.8494,93.4179,101.898
2007-12-27,71.9949,71.1485,105.3082,101.6358,88.352,95.5438,91.7404,97.6192,82.9142,91.5999,81.1778,68.6108,88.6829,91.4467,92.877,101.9087
2007-12-28,71.0975,70.0149,105.6694,102.1995,88.545,95.6818,91.5712,97.4064,83.0182,91.974,81.6297,67.1722,88.3703,90.7722,92.9623,101.8937
2007-12-31,72.2776,70.5562,105.6535,102.41,89.241,95.5911,91.4447,97.2841,83.9722,92.1908,82.1563,67.0391,89.0524,91.6468,92.7197,101.8646
2008-01-01,73.7413,71.6278,105.633,102.3985,89.6287,95.8044,91.6917,97.1977,84.1804,92.3743,82.5481,68.0251,90.2683,93.9193,92.709,101.8874
2008-01-02,74.6151,71.9162,105.4808,102.108,90.2569,95.8861,91.2788,97.5315,84.0143,92.0492,82.027,66.8622,90.7248,94.8596,92.628,101.895
2008-01-03,75.0912,72.1052,105.5002,101.79,90.6023,95.7933,90.8053,97.4886,84.1001,91.812,81.5334,66.3202,90.1186,94.1233,92.7303,101.9018
2008-01-04,74.9533,71.9394,105.6718,101.65,89.7854,95.2014,90.7944,97.225,83.6122,91.7938,81.0511,66.5541,90.3805,94.4874,92.8761,101.926
2008-01-07,75.4174,71.9363,106.2239,101.8512,89.8272,95.4584,90.2426,97.4858,83.8801,91.8336,81.6373,66.7922,91.5492,94.2161,93.5323,101.8929
2008-01-08,75.9884,72.6995,106.5908,102.388,91.5047,95.7937,90.0416,97.9958,85.3823,92.409,82.4557,66.521,91.5177,94.2188,93.4691,101.9315
2008-01-09,75.0872,72.035,106.316,101.6342,90.1179,95.0435,89.0786,97.6544,85.2314,92.2644,81.7402,65.9124,89.9214,93.5266,92.8011,101.8995
2008-01-10,75.9608,72.0684,106.7832,102.3395,91.1723,95.9425,89.5079,98.2198,86.0982,93.2769,81.9061,65.1463,91.4497,94.1767,93.1403,101.8585
2008-01-11,78.6568,73.5556,106.6537,101.9483,91.3171,96.6522,90.1247,98.8454,87.0228,93.435,82.6608,64.8256,91.8327,96.7357,93.6081,101.8698
2008-01-14,79.2756,73.8369,106.9557,101.881,91.4888,96.3177,89.7277,99.1724,87.4571,93.1863,82.5686,65.8628,92.187,95.8884,93.5279,101.8893
2008-01-15,77.4707,72.7053,106.7793,101.6452,91.4014,96.0225,88.8387,99.0124,86.3272,92.8731,81.6797,66.5441,90.4136,93.7704,93.6498,101.9456
2008-01-16,76.4499,72.0084,106.4613,101.4547,90.1073,95.5492,88.9249,98.4565,86.0732,92.5553,81.319,66.2252,88.8608,93.2929,93.1846,101.9962
2008-01-17,75.4385,71.2086,106.9527,101.657,90.1323,94.9629,88.791,98.6756,85.6086,92.7357,80.5984,66.2144,88.1905,92.804,93.1012,102.0536
2008-01-18,76.7892,71.8175,106.7739,101.5858,90.6657,94.7718,88.9469,98.2536,85.4708,92.2628,80.2908,65.6625,88.7401,93.8,93.1939,102.109
2008-01-21,77.7013,71.8373,106.7494,101.589,90.5029,95.0959,88.92,98.4225,86.0342,91.94,80.9635,65.9822,88.7766,93.6236,93.2384,102.0978
2008-01-22,77.7151,72.3608,106.9612,101.4355,90.015,94.5259,88.7079,98.2273,85.5406,91.719,81.5814,65.8675,90.0868,96.2448,92.8712,102.1226
2008-01-23,77.3505,70.8692,106.9291,101.2445,89.2278,93.9908,88.4917,97.7751,84.6034,91.4577,80.9813,64.6748,90.8535,95.5023,92.4917,102.1282
2008-01-24,78.705,70.7274,106.6475,100.5682,88.1083,93.9719,88.1574,97.5349,84.7309,91.1282,81.5018,64.4165,90.5752,96.3273,92.2974,102.1736
2008-01-25,78.5166,70.5468,106.7717,100.6325,87.8308,94.3274,88.5516,97.3917,84.8031,90.9789,81.4007,63.9853,89.4469,96.036,92.1348,102.1487
2008-01-28,76.1141,68.7506,107.0443,100.7451,86.369,93.8349,87.8343,97.2979,84.688,91.0021,80.8277,63.5459,88.5298,93.1121,91.7419,102.1522
2008-01-29,75.852,69.0293,106.7582,99.731,85.2149,93.3115,87.3141,96.8858,83.7563,90.8783,80.9195,63.2305,88.0815,94.4568,91.7588,102.1387
2008-01-30,74.2169,67.9261,107.068,99.7813,84.3021,92.5162,86.4263,96.3931,83.1835,90.4219,80.1781,62.7969,88.0078,92.8598,91.3725,102.1206
2008-01-31,75.1103,67.7928,107.423,100.1565,84.9818,92.8608,86.4299,96.3095,83.0686,90.3988,80.3349,61.7308,87.7251,94.378,92.0523,102.1824
2008-02-01,74.6074,67.4044,108.0786,100.913,84.7117,93.1987,86.621,96.3918,83.364,90.5335,81.2314,62.7662,87.4403,95.0064,92.2003,102.1759
2008-02-04,73.3196,66.6525,108.0893,100.3928,83.9693,92.1787,85.5326,95.9429,82.7261,90.5956,81.3087,62.4224,86.0194,94.8448,92.0849,102.2186
2008-02-05,71.2727,65.3034,108.172,100.3842,84.264,91.7352,84.6793,95.7389,82.0986,90.6599,79.9745,62.2424,85.2779,91.3972,91.4474,102.2205
2008-02-06,70.5825,64.4107,108.0794,100.2569,83.7277,91.6222,84.5541,95.3821,81.1783,90.3272,78.7958,62.4248,85.073,89.3776,91.6926,102.2325
2008-02-07,72.718,65.4204,108.3022,100.4508,85.0533,91.9945,84.9543,95.9407,81.9475,90.7056,79.9059,62.1903,85.3671,92.4448,92.0785,102.2169
2008-02-08,72.3588,64.5822,108.5423,100.7699,84.4749,91.7335,84.8052,95.847,81.9938,90.8487,79.6675,61.3983,85.6066,91.7731,92.5542,102.1871
2008-02-11,71.8526,63.5164,108.7671,100.9262,84.1113,91.9285,84.6915,96.4955,82.5858,91.1764,79.3958,61.7171,84.4293,89.4284,92.5571,102.1967
2008-02-12,72.87,64.5645,108.2426,100.3351,83.8076,91.4883,84.6096,95.9327,82.3328,90.6199,79.2052,61.6485,85.6317,90.3597,92.5686,102.173
2008-02-13,72.5084,64.6322,108.3634,100.6762,83.7372,91.6675,85.2605,96.0413,82.9003,90.8475,79.8376,62.2385,86.9112,88.6162,92.4026,102.1449
2008-02-14,71.992,64.5615,108.4868,100.576,83.9948,91.2272,85.1486,96.3016,83.419,90.9189,80.0473,61.0882,86.5247,87.3323,92.021,102.1437
2008-02-15,71.1905,63.5179,108.8976,101.0941,83.7352,91.4493,85.2013,96.573,82.754,90.624,79.413,61.3143,86.1741,87.2842,92.0512,102.1878
2008-02-18,71.0974,62.9561,108.8239,101.4512,84.0857,91.67,85.5597,96.4885,83.0815,91.1038,78.4982,61.9346,86.0114,85.298,91.9887,102.2083
2008-02-19,70.3877,63.3845,109.3406,102.0076,83.6258,91.7042,85.8897,96.6829,83.6528,91.2514,79.3348,62.8692,86.1387,86.5176,91.618,102.2382
2008-02-20,71.2914,63.9931,109.4222,101.7954,84.7662,91.4946,85.5693,97.0299,83.7243,91.7489,79.591,62.4306,87.1217,87.4131,92.0898,102.204
2008-02-21,71.5856,64.1092,109.1265,101.7651,85.4686,91.6309,85.8137,96.6473,83.3852,92.0306,79.1432,62.6689,87.2361,87.8656,91.8336,102.174
2008-02-22,72.1616,64.5845,109.0238,101.4906,85.278,91.9664,86.1427,96.942,83.4811,91.8875,79.0652,61.9364,87.6359,87.895,92.1527,102.1849
2008-02-25,71.8824,64.5191,108.8051,101.2173,84.9569,91.9883,86.1526,96.7045,83.5355,92.049,79.2678,61.762,86.7421,87.9139,91.7815,102.2426
2008-02-26,69.9198,63.9277,109.1003,101.452,84.1441,91.3203,85.7857,96.2501,83.526,91.9186,80.1227,61.7195,85.8295,86.8227,91.4875,102.2363
2008-02-27,69.8052,63.1507,109.3596,101.9849,83.9673,91.6101,85.5282,96.1298,84.1103,92.3009,80.3196,62.6637,84.5756,86.5929,91.4664,102.2711
2008-02-28,69.35,62.8545,109.5037,101.667,83.5565,91.0074,85.1875,96.0816,83.5386,92.3278,80.2922,62.4993,84.7683,86.9289,91.2021,102.2813
2008-02-29,70.2005,63.2087,109.4341,101.9633,84.2012,91.7914,86.1113,96.5808,84.043,92.6034,80.1394,62.6065,85.4387,87.1366,91.0813,102.3009
2008-03-03,68.6298,61.8656,109.3651,101.3942,82.7408,90.4696,84.8615,96.004,83.2584,92.1643,80.1414,63.2337,85.2697,84.5341,90.7025,102.3843
2008-03-04,68.7988,61.6719,109.2404,101.5751,82.9681,90.736,84.9896,96.0191,83.2376,92.4822,79.8936,64.0016,85.2273,84.7808,90.692,102.3714
2008-03-05,67.6988,60.6891,109.6128,102.1584,82.7386,90.9209,85.3095,95.9807,83.0195,92.8015,79.1964,62.3868,85.4273,85.0074,89.9905,102.4627
2008-03-06,68.0395,60.5963,109.3671,101.9591,82.1162,90.3144,84.5154,95.2584,83.203,92.4658,80.3521,62.8418,85.2351,86.7645,89.3119,102.443
2008-03-07,68.3802,60.8274,109.6284,102.1005,81.8599,90.2315,84.8753,95.5495,83.4896,93.1472,80.8253,63.733,86.6361,86.7367,89.9378,102.5075
2008-03-10,68.581,61.0702,109.8654,102.1447,82.2709,89.9767,84.4147,95.4279,83.6358,92.9766,81.2819,63.7985,86.7518,87.0614,89.9617,102.4066
2008-03-11,67.9544,60.5455,109.7398,101.8087,81.6409,89.7655,84.0734,95.6194,83.2846,92.2359,80.6524,64.0361,86.0659,85.8519,89.2715,102.4046
2008-03-12,67.4636,59.8935,109.9262,102.2363,81.37,89.6272,83.9338,95.6681,83.5444,92.1777,80.8029,64.1874,84.7168,86.0629,89.1544,102.4538
2008-03-13,67.5672,59.9714,109.7479,102.3872,82.4654,90.1873,84.5371,95.8115,83.5468,92.4039,80.0353,62.9125,84.1555,86.1431,88.8022,102.4272
2008-03-14,66.899,59.6356,110.2,102.7377,82.2254,90.2021,84.7784,95.9816,83.4475,92.7615,79.8426,62.8442,83.6686,86.0181,89.1371,102.5649
2008-03-17,67.9284,59.8381,110.5722,102.8881,82.956,90.3335,84.7087,96.3739,83.6535,92.8109,80.2407,62.9875,84.6624,87.1197,89.0436,102.5858
2008-03-18,67.5504,60.267,110.7655,103.0106,83.386,90.3116,84.4827,96.4074,83.7919,92.9595,81.1377,63.9238,84.801,87.036,89.3074,102.5608
2008-03-19,66.9332,59.8162,111.057,102.9465,82.071,89.128,83.8479,95.9389,83.808,93.0044,81.7091,64.0258,84.5316,88.5055,88.7738,102.5275
2008-03-20,66.8122,58.9686,111.2204,102.9071,81.3928,88.4879,83.5803,95.9867,83.0883,92.6439,80.5757,64.8541,84.813,88.1607,88.5093,102.6028
2008-03-21,67.4176,58.9673,111.3517,103.2731,82.3742,89.2609,84.6221,96.9245,83.5859,93.3026,80.01,65.5727,84.1531,87.67,88.6577,102.5898
2008-03-24,68.0871,59.2426,111.379,103.6142,83.1936,89.5603,84.9183,96.934,83.7526,93.4105,80.1692,65.8024,85.033,88.5356,88.4752,102.5711
2008-03-25,68.771,59.7311,111.5936,103.3012,83.2074,89.2064,84.7371,96.954,83.9088,93.388,80.6747,65.7696,85.7586,89.185,88.4076,102.6387
2008-03-26,67.8073,59.0369,111.4204,102.7181,82.1011,88.0452,83.9412,96.6607,83.0621,93.1258,79.8232,65.9709,84.5276,88.4914,88.5111,102.64
2008-03-27,66.3973,58.3015,111.6791,103.0374,81.4414,87.8566,83.9657,96.4662,82.3891,93.102,79.0039,65.7478,84.7815,88.1252,88.1,102.6219
2008-03-28,68.7774,59.2056,112.243,103.8075,82.4475,88.4514,84.5463,96.6408,83.7865,93.8937,79.7571,66.4613,86.077,90.8253,88.4178,102.634
2008-03-31,69.0285,58.8536,112.1248,103.5329,82.0514,88.0075,84.1962,96.803,83.3466,93.6614,79.0529,66.8751,86.3617,92.1812,87.5897,102.743
2008-04-01,68.4909,58.2055,112.5372,103.7346,82.1858,87.8047,83.9605,96.9621,82.9029,93.6091,78.7233,66.5746,85.9198,91.2811,88.061,102.7319
2008-04-02,68.8018,58.2269,112.6031,103.5458,81.9013,87.643,84.0689,96.7453,82.3598,93.4029,78.6181,66.9704,85.1324,92.9139,88.0255,102.7013
2008-04-03,69.323,58.9551,112.65,104.0059,81.9566,88.6811,85.0186,97.1033,82.6721,93.6174,78.1075,67.4361,85.4651,94.5859,88.2249,102.7139
2008-04-04,69.0752,58.9744,113.0186,104.3943,82.8219,88.7115,85.3109,97.5514,82.6915,93.9432,78.273,68.7568,84.9341,94.6309,88.2346,102.7246
2008-04-07,69.2244,58.6749,113.7921,105.5298,83.6386,89.5864,86.0411,98.1501,83.6376,95.0082,78.5544,68.7654,85.1798,94.0891,89.009,102.7272
2008-04-08,69.7572,58.707,113.8473,105.3365,83.4994,89.0247,85.4019,97.7067,83.2043,94.7845,78.265,69.5113,85.8295,95.4243,88.7218,102.7807
2008-04-09,70.5362,58.5438,113.7102,105.1008,83.054,88.6774,85.7633,97.9311,83.3771,94.517,78.3709,69.8728,84.3119,96.8342,88.3282,102.8048
2008-04-10,71.1335,58.6068,113.6247,104.6449,82.6058,88.7681,85.8208,97.9937,82.9327,94.6189,77.8937,70.278,85.2454,97.6851,88.0474,102.8331
2008-04-11,72.5355,59.4752,113.967,105.4457,82.9644,89.7563,86.8734,98.5357,83.9062,95.0935,78.741,71.2462,86.2307,100.7788,88.3343,102.8898
2008-04-14,72.1092,58.9064,113.3534,104.8086,82.743,89.0862,86.2916,98.1943,83.6091,94.8716,77.9393,70.3489,85.5544,98.7315,87.8847,102.9674
2008-04-15,70.8485,58.0785,112.5976,103.8882,81.4148,88.055,85.6832,97.0262,82.4422,94.231,77.094,70.3144,84.0611,96.2014,87.6676,102.9507
2008-04-16,70.4189,57.5426,112.6897,104.036,80.5834,88.1841,85.6675,97.0306,82.32,93.7791,76.8324,70.0915,84.1847,95.2273,87.7348,102.9666
2008-04-17,69.7332,57.2141,112.5807,103.9784,79.6531,88.1231,85.2902,96.5548,81.8838,92.9155,77.115,70.5834,83.7191,95.5746,87.1794,102.9947
2008-04-18,68.4168,56.4683,112.5534,103.8464,79.0962,87.6477,85.0324,96.327,81.6617,92.8293,76.9008,70.5302,83.0294,93.9292,86.4084,103.0041
2008-04-21,68.2559,56.3064,112.6573,103.2116,79.2018,86.4573,84.1799,96.3259,80.8177,92.8875,76.1562,70.9074,82.5585,94.814,86.1005,103.0407
2008-04-22,67.6539,56.0159,112.8841,103.5034,78.8336,85.6565,84.0856,95.8783,80.5024,92.6851,75.7859,70.5009,82.863,95.1051,85.9919,103.003
2008-04-23,67.3459,56.2141,112.7878,103.1824,77.9655,85.8023,84.4169,96.1934,80.2355,92.547,76.076,69.2927,83.1602,95.7858,86.3148,103.1137
2008-04-24,68.3454,56.9984,112.906,103.2628,78.833,86.2894,84.8152,96.865,80.3434,92.5692,76.5675,70.1091,83.3575,97.1294,86.8692,103.1951
2008-04-25,69.1383,57.7727,113.4743,103.6874,79.4296,86.2938,84.909,97.0643,80.6308,92.8198,77.1016,70.5249,84.5192,99.8189,87.0946,103.181
2008-04-28,69.2468,58.0774,112.8154,103.0333,78.9991,86.1012,84.5656,97.0374,80.5269,92.2203,76.9031,72.3595,85.2016,97.7348,86.7474,103.2254
2008-04-29,69.9941,58.4167,112.8335,103.4932,79.2653,86.8465,85.0242,97.1779,81.6213,92.4985,77.7467,73.2373,85.7937,96.2642,87.4273,103.1489
2008-04-30,68.3977,58.1478,112.8094,103.2636,78.8391,86.8899,85.3811,97.454,81.4164,92.4248,77.3086,72.5181,85.005,93.8016,87.0352,103.1831
2008-05-01,68.6161,58.046,112.6329,103.5304,79.7184,87.7194,85.7196,97.9214,81.8448,92.7357,77.4378,72.6108,83.8733,94.0653,86.7401,103.2181
2008-05-02,68.1181,57.555,112.884,103.9406,79.5654,87.559,86.4141,98.0445,82.4617,93.5224,77.8601,72.7201,83.106,93.2307,86.6788,103.1594
2008-05-05,66.8897,57.2241,112.8648,103.5682,79.6648,87.5405,86.2211,98.031,82.0197,93.7249,77.849,72.9822,81.0881,92.1276,86.3549,103.1686
2008-05-06,68.6849,58.3001,113.016,103.9441,81.233,88.0277,86.768,98.3572,83.0225,94.2515,78.574,73.1384,81.5291,94.2159,86.5225,103.2025
2008-05-07,68.6208,58.4729,112.7491,103.4141,80.7362,87.0411,85.9719,97.8243,82.1246,94.0249,77.8562,74.4454,81.6144,94.5849,86.9973,103.211
2008-05-08,68.2835,58.381,112.8733,103.8466,81.5637,87.5238,86.297,98.0104,82.3472,93.9922,77.4405,74.3591,81.3752,94.0244,86.2744,103.2002
2008-05-09,68.0904,58.154,113.0674,104.3926,81.9561,88.7033,86.8152,98.2598,83.2038,94.2991,77.9429,73.6331,80.448,92.4859,86.5355,103.1715
2008-05-12,67.01,57.4318,112.9933,104.3038,81.396,88.343,86.7724,98.4589,83.8814,94.7486,77.5022,72.7163,79.3196,88.7859,86.728,103.2343
2008-05-13,66.4536,57.2767,113.1086,104.4698,81.7111,88.9817,86.7261,98.7024,84.4519,94.7564,77.6784,71.9136,78.8706,86.9498,86.5611,103.2368
2008-05-14,65.7056,56.3101,113.3811,104.7034,81.9021,88.6971,86.3046,98.6568,84.4826,94.9398,77.2492,71.2025,77.8107,86.0963,85.9592,103.259
2008-05-15,65.4571,55.7918,113.777,105.2957,81.8896,88.9354,86.5985,99.2402,85.2051,95.1337,77.4426,71.0538,77.6915,85.7389,85.4963,103.3221
2008-05-16,64.9621,55.468,113.6983,105.0957,82.0183,88.9096,86.2708,98.8322,84.1217,94.7723,76.652,70.5788,77.1297,86.7323,84.8699,103.3099
2008-05-19,64.5187,55.4031,114.3624,105.4158,82.216,88.7038,85.8833,98.5938,83.8321,95.0642,76.581,71.3908,77.5307,86.2695,85.3744,103.3816
2008-05-20,64.5728,55.4143,115.2796,106.6552,83.3053,89.1941,86.4655,99.5999,84.8634,95.8404,76.6812,70.8739,78.4288,87.0097,85.4495,103.3932
2008-05-21,64.524,54.9773,115.1084,106.2674,81.7092,88.5035,85.945,98.8291,83.7723,95.0881,76.0576,70.9693,78.5732,87.9741,85.6576,103.4306
2008-05-22,65.2254,55.4951,114.7507,105.9532,82.2336,88.8337,85.7577,99.2026,84.3428,94.5699,76.6506,71.2381,78.3831,87.7395,85.2913,103.429
2008-05-23,65.9816,55.9078,114.9925,106.546,82.2959,89.0826,86.1983,99.0932,84.7721,94.2982,77.5517,72.7545,79.3303,89.0036,85.3011,103.4215
2008-05-26,66.4157,55.8758,115.1787,106.4896,82.0142,89.0325,85.9694,99.3288,84.5025,94.4414,77.6291,72.5211,79.9552,90.6811,85.6218,103.4192
2008-05-27,67.7713,56.1489,115.3192,106.3372,82.1303,88.6706,85.6188,99.1699,84.4713,94.1854,78.0409,72.2368,79.8453,92.3851,86.3418,103.529
2008-05-28,69.134,56.85,115.9436,107.0203,82.9816,89.2022,85.7771,99.5552,85.0429,94.3949,77.916,72.3329,81.6631,94.1269,86.7918,103.5301
2008-05-29,69.8759,57.5133,116.1389,107.1416,83.5196,89.3761,85.6641,99.7667,85.9749,94.6128,78.3051,72.403,82.1699,94.2233,86.8461,103.5603
2008-05-30,67.8471,56.5698,116.3633,106.9469,83.305,89.0458,84.692,99.2721,85.1441,94.4099,77.5902,71.6697,80.5884,92.6517,86.0606,103.5738
2008-06-02,67.8464,55.9534,116.4222,106.4688,82.7864,88.3685,84.0021,99.159,84.7428,93.9513,77.5665,70.7269,80.0189,92.1856,86.0177,103.6377
2008-06-03,67.978,56.0979,115.9447,106.4457,83.9002,88.488,83.6842,98.7353,84.8018,94.3914,77.1733,70.1273,80.244,91.8303,85.964,103.5688
2008-06-04,69.632,56.9098,116.1587,106.5329,84.7093,88.875,83.9391,99.1048,84.9194,94.7634,77.2587,70.6407,80.5938,94.8945,86.4691,103.6148
2008-06-05,69.1342,57.0019,116.5505,106.9386,85.4542,88.9052,83.902,99.159,84.9323,95.1496,77.6446,71.6635,80.913,95.2518,86.1286,103.6511
2008-06-06,67.9033,56.3039,116.3334,106.3168,83.7209,88.3312,83.4254,98.7004,84.1603,95.0415,77.5892,72.0498,79.5333,94.9357,86.0946,103.6365
2008-06-09,68.932,56.4739,116.2081,106.1532,83.8879,88.4556,83.7396,98.8646,84.5259,94.7977,78.3974,72.7213,78.614,95.2183,86.2651,103.7402
2008-06-10,68.1157,55.4972,116.7557,106.8499,84.3263,88.2123,83.7698,99.2233,84.9638,94.8045,78.324,72.4606,78.4253,92.7816,85.898,103.6728
2008-06-11,68.9734,55.8292,116.3548,106.7341,85.3554,88.7911,83.8683,99.2559,85.4216,94.8082,78.5819,71.2891,77.8252,93.1117,85.7983,103.7378
2008-06-12,67.335,55.7801,117.2353,107.2656,85.1763,88.7156,83.6744,99.2405,84.6088,94.6746,78.6029,71.0181,78.4459,93.7898,85.9502,103.7671
2008-06-13,67.8717,55.5336,117.6032,107.6948,85.1897,89.1438,84.023,99.699,84.7582,94.8336,78.4536,70.3908,79.191,95.1533,85.8799,103.7782
2008-06-16,66.9659,55.4551,117.2774,107.6196,85.1917,89.1238,84.4179,99.5587,84.7302,95.0299,78.3056,70.9173,79.1933,92.5151,85.7811,103.787
2008-06-17,67.0696,55.3773,117.3658,107.8896,85.1849,89.0165,84.1181,99.4828,84.795,95.0093,77.6576,71.1119,79.4169,92.8471,85.8381,103.7926
2008-06-18,67.8008,56.1229,117.5563,108.0924,86.1062,89.4695,84.265,99.7513,84.8691,94.9118,77.2639,70.8247,79.5626,95.1975,85.6406,103.753
2008-06-19,65.7734,54.8463,117.4544,107.7329,85.1538,89.2908,83.4475,99.6472,84.1412,94.29,76.1622,68.73,78.3399,92.2883,85.0215,103.8134
2008-06-20,65.3105,54.6849,117.3212,107.5307,85.386,89.547,83.4824,99.7921,84.2317,94.7088,75.6834,67.9223,78.2217,90.8334,84.7657,103.7519
2008-06-23,66.1734,55.2474,117.2933,107.5253,85.419,89.7804,83.6389,99.9478,84.6815,94.5321,75.5961,67.354,78.6722,91.1444,85.276,103.7815
2008-06-24,66.5182,55.1646,117.1235,107.6429,84.7793,89.9595,84.3061,99.8278,84.999,94.2031,76.0192,67.8527,78.2572,91.3779,84.981,103.7731
2008-06-25,67.1642,55.7012,117.6813,108.0468,85.6104,90.1997,84.185,100.21,85.1978,94.51,76.2797,69.0423,79.5854,92.3747,85.357,103.7508
2008-06-26,67.0658,55.0184,118.5758,108.7547,85.3154,90.3639,84.2899,100.3532,85.6196,95.2954,76.4176,69.2759,79.5694,92.8184,85.5131,103.743
2008-06-27,66.3827,54.6767,118.5915,108.6393,84.9628,89.9236,83.868,99.7646,85.0228,94.9582,76.0999,68.8767,79.026,92.181,85.6281,103.7117
2008-06-30,66.6116,54.8247,118.7398,108.4455,85.9431,89.8654,83.6066,100.2794,84.9998,94.8736,75.0943,67.9135,78.5393,90.7304,86.1754,103.6888
2008-07-01,65.2411,53.5751,119.124,108.6032,84.6042,89.4562,83.0717,100.3725,85.1006,94.5303,75.0244,67.132,77.3535,89.2589,85.6983,103.7198
2008-07-02,65.654,53.189,119.451,108.4435,84.2009,89.0277,82.7255,100.6354,84.6011,94.2954,74.032,67.1708,77.3123,90.1429,85.5957,103.8245
2008-07-03,65.7688,53.2527,119.967,109.0983,84.4665,89.3315,82.8341,100.9226,84.5343,94.0616,74.9854,67.8666,77.8968,91.8383,85.8413,103.861
2008-07-04,65.3136,53.1816,119.8071,109.1586,84.722,90.3083,83.152,101.4776,85.1531,93.8441,74.7245,67.5373,77.4463,88.3373,85.9583,103.8977
2008-07-07,64.4778,52.309,119.6666,109.1428,83.922,89.9724,82.8662,101.2299,84.7212,93.6046,74.1308,67.379,77.117,86.8401,85.8716,103.9112
2008-07-08,64.1341,51.9699,119.8609,109.1672,83.8771,89.0428,82.0985,101.4399,84.9908,93.6596,74.3972,66.5648,77.8051,86.4894,85.776,103.8854
2008-07-09,64.2293,52.2814,119.3763,108.7177,84.0432,88.8948,82.3593,101.2912,84.3869,93.547,74.0471,66.6101,77.5363,86.7415,85.9482,103.8459
2008-07-10,63.3318,51.9422,120.0734,109.1199,83.5648,88.5255,82.209,101.3008,84.2097,93.8615,74.0178,65.3754,77.6768,88.2555,85.6679,103.8906
2008-07-11,63.3371,52.4517,119.7766,109.1967,83.1079,88.7046,82.6441,101.0802,84.7745,93.4871,74.5161,65.6775,77.2412,86.9382,86.4876,103.843
2008-07-14,63.2006,52.0715,120.0894,109.8696,83.5266,88.9489,82.8757,101.1233,85.0152,93.4742,74.3515,66.8905,77.0454,86.3073,86.0708,103.9108
2008-07-15,63.8492,52.2907,119.6637,109.6657,83.8016,88.876,83.0742,101.2062,85.2821,93.4855,74.2608,66.8544,77.2878,85.8151,86.3062,103.8646
2008-07-16,62.2825,51.745,119.888,109.8919,83.4165,88.6916,82.7511,101.0707,84.9915,93.2455,73.1489,67.0718,76.8568,83.6744,85.7626,103.8322
2008-07-17,63.2709,52.4284,120.4949,110.519,84.1425,89.1937,83.2628,101.5395,85.2964,93.3373,73.9973,67.0056,77.8242,86.5267,86.1766,103.8776
2008-07-18,62.9832,52.4101,120.723,111.1483,84.804,90.0436,83.8142,101.4189,85.2732,93.3119,73.715,67.2093,78.8464,85.1409,86.0489,103.882
2008-07-21,61.7433,51.6254,121.0675,110.9433,83.9724,88.6475,82.7224,100.9979,84.5927,93.144,73.4485,66.7109,79.333,84.514,85.556,103.9296
2008-07-22,61.0791,51.652,121.4412,111.7066,84.2632,89.4218,83.2152,101.1096,84.8122,93.3515,73.3509,66.67,79.7266,84.1721,85.5215,103.956
2008-07-23,61.9825,52.5913,120.6918,110.7374,84.7319,89.2012,82.9861,101.1935,85.1863,93.5438,73.5042,66.2176,80.2694,84.0298,85.6525,103.9783
2008-07-24,61.8534,52.7213,121.5533,111.7263,84.5608,89.2611,82.9539,101.6881,85.6059,93.6311,73.6447,66.0535,81.1939,86.0686,85.98,103.9636
2008-07-25,61.368,52.6895,121.0479,111.5256,84.1976,89.0283,82.9886,101.0107,85.581,93.2988,73.2972,65.5318,81.0471,83.7255,86.2463,103.926
2008-07-28,62.4327,53.4817,121.0569,111.4228,85.3132,89.4788,82.9233,101.5682,86.0594,93.4792,73.1618,65.1525,81.9939,84.7118,86.2464,103.9026
2008-07-29,62.296,53.6475,120.7148,110.8026,84.7055,89.6092,83.1217,101.4475,85.96,93.4589,72.9801,64.893,81.1342,84.0978,86.162,103.9269
2008-07-30,62.7285,53.9147,120.3449,110.7226,85.0961,90.0963,83.3205,101.2944,86.0104,93.4027,73.2978,65.1412,81.443,83.9538,86.2299,103.9667
2008-07-31,62.2741,53.4342,120.3964,110.3171,84.6322,89.9851,83.2221,101.1544,84.9712,93.3485,73.1531,64.6592,81.2611,84.3179,86.1315,103.9138
2008-08-01,61.2961,53.2217,121.0152,110.3346,83.2826,89.454,82.6253,100.8878,84.4344,93.1412,73.2824,65.9394,82.3682,83.896,86.2212,103.9742
2008-08-04,62.0114,53.877,121.0646,110.5053,83.7225,89.7263,82.8111,101.0245,84.2807,93.2674,72.9934,67.2687,83.4822,84.7075,86.9365,104.0091
2008-08-05,60.9715,53.1378,121.1371,110.6644,83.8653,89.7777,82.7386,101.2199,84.2242,93.4065,72.6588,66.482,82.0059,84.1929,86.1526,103.9893
2008-08-06,59.6916,52.4781,120.6836,109.5329,83.0143,88.201,81.9149,100.9501,83.602,93.0776,72.787,66.5259,80.398,82.2751,85.45,103.9227
2008-08-07,60.1708,52.3775,120.7348,109.5148,82.9655,88.6032,82.1716,101.6728,84.4393,93.3495,73.3025,65.2788,79.7012,82.5375,85.5537,103.9002
2008-08-08,60.6559,52.387,120.4311,109.1623,82.6314,88.5165,82.5057,101.0768,84.0066,92.8941,73.0433,65.7182,79.5448,82.7694,85.0307,103.9171
2008-08-11,59.5065,51.8647,120.271,109.1417,82.2401,88.2477,82.5218,100.9962,83.8091,92.9394,72.8594,65.3261,78.5982,81.547,84.8041,103.9273
2008-08-12,60.1225,52.4553,119.9191,108.8782,82.1962,88.1313,82.2335,100.2267,84.0855,92.4836,73.5084,65.4324,79.222,81.1507,85.0774,103.9641
2008-08-13,59.7571,52.133,119.6147,108.2705,81.8731,87.985,81.7984,99.6321,83.1344,92.3183,72.5039,64.6622,79.2308,80.1817,84.9949,104.0039
2008-08-14,61.7817,52.942,119.5817,108.317,82.6085,88.5747,82.5674,100.3098,84.0573,92.4268,72.3446,64.2818,79.9504,80.5951,85.7933,103.991
2008-08-15,61.8572,52.6379,119.1797,107.6602,82.3137,87.8868,82.6266,100.4788,83.8282,92.4194,71.8625,64.8625,80.4309,78.8672,85.3667,103.9497
2008-08-18,61.546,52.8037,118.9305,107.0005,81.9732,87.5672,81.88,99.546,83.1273,91.9025,72.2823,65.5449,79.8423,78.8851,85.0499,104.0061
2008-08-19,61.5982,52.4719,118.7473,106.4038,81.3504,87.2768,81.3755,99.2912,82.5775,91.652,71.7297,65.7744,79.4889,79.078,84.5019,103.9982
2008-08-20,61.3544,52.3501,118.8177,106.7266,81.7807,88.2867,81.8035,99.3843,82.0471,91.7168,71.6246,65.8866,79.7673,79.4891,84.4068,104.0339
2008-08-21,61.3888,52.8453,119.0145,106.8649,82.2211,88.6697,82.2324,99.7233,81.9475,91.9577,71.2409,66.3252,79.8694,79.8309,84.7021,104.0855
2008-08-22,61.2005,52.2717,119.7002,107.5731,82.5577,89.6398,82.722,100.3185,82.4762,92.4971,71.5556,65.9291,79.7832,79.1126,84.7981,104.0722
2008-08-25,60.441,52.4776,120.442,108.1933,83.0692,89.5464,82.6282,100.424,82.2748,92.3521,72.0491,66.0115,79.3104,79.6514,85.4437,104.0981
2008-08-26,60.5518,52.2384,119.5992,107.5928,82.8502,89.7063,82.388,100.0362,81.8822,91.9271,71.0732,64.5926,78.3962,78.9071,85.4208,104.1102
2008-08-27,60.4828,52.0249,119.6332,107.0526,82.3007,88.9619,81.7358,99.8612,81.4497,91.5232,70.8603,64.329,77.3623,79.5567,85.1693,104.0662
2008-08-28,60.9268,52.1763,119.5405,107.016,83.0039,89.2429,81.7037,99.5547,81.73,91.5487,70.6351,64.0023,77.0041,79.9679,84.3905,104.0253
2008-08-29,60.5751,52.1084,119.3879,106.9483,82.4251,88.2107,81.1773,98.6337,81.8384,91.6013,70.5454,65.0792,77.2398,78.9092,84.4145,103.94
2008-09-01,60.9327,52.6166,119.4269,106.9903,82.8443,88.1257,81.4192,99.1898,82.1359,91.5056,70.9025,65.1817,77.4174,80.2439,84.0637,103.9982
2008-09-02,60.9347,52.1162,119.4506,107.0172,82.4551,87.8215,81.2269,99.081,81.6626,90.9457,70.707,65.3128,77.9516,80.1544,83.7648,104.0255
2008-09-03,61.0372,52.1775,119.0503,106.8491,82.5071,87.8756,81.0959,98.6027,81.3655,90.8127,70.147,65.3139,77.4812,80.0522,83.9781,104.052
2008-09-04,61.413,52.4707,118.5852,106.338,82.806,87.6911,80.7216,98.4137,81.5974,90.9196,70.412,65.2217,77.6097,80.1586,83.4965,104.1101
2008-09-05,61.0762,51.9277,119.6863,107.2187,82.8959,87.6049,81.113,98.8504,81.7372,90.9629,70.7479,64.9749,77.4525,80.1004,83.8798,104.1292
2008-09-08,61.9137,51.9615,119.6448,107.6336,83.3532,87.4105,81.0239,98.7342,81.9741,90.6326,70.3703,63.8532,78.8767,80.2797,84.2769,104.1342
2008-09-09,62.3595,52.5044,120.1186,108.3422,84.0396,87.9213,81.11,99.3201,82.9904,90.7955,70.9225,64.491,79.3906,81.0539,84.3303,104.2538
2008-09-10,61.8184,52.4394,119.9898,107.9051,83.5202,87.4942,80.8127,98.9389,82.5797,90.7901,70.5365,64.7692,79.1757,79.7477,84.5323,104.2916
2008-09-11,62.3714,52.6452,120.2747,108.0599,83.3369,87.1897,80.6101,98.7451,82.7339,90.8412,71.1376,65.1573,80.2177,81.4114,84.4351,104.3259
2008-09-12,61.5104,51.4212,120.7151,108.2563,82.3387,86.3379,79.7767,98.5227,82.5289,90.8009,71.3494,63.7206,80.4646,81.5116,84.0944,104.3694
2008-09-15,60.8413,50.8936,120.4876,108.1644,81.9844,86.6484,79.8936,98.0057,82.2036,90.6885,70.6828,63.6897,79.8484,79.816,83.598,104.3939
2008-09-16,61.1194,51.2586,120.4024,108.4102,82.2483,87.3459,80.2851,98.018,82.6648,90.3338,70.9085,63.6932,80.6373,78.9045,83.5303,104.4675
2008-09-17,61.6653,51.0034,120.463,108.7317,82.731,87.7522,80.1336,98.1002,82.8944,90.1709,70.9825,64.523,81.1757,78.6885,83.1866,104.4671
2008-09-18,60.2734,50.4267,121.0331,109.407,82.3543,87.6716,79.9349,98.0534,82.3028,89.7804,70.7005,64.2942,82.0888,78.6652,82.644,104.5036
2008-09-19,60.1703,50.0995,121.6717,110.0858,82.3748,87.517,79.6199,97.7778,82.1782,90.066,71.0091,64.8501,82.6425,79.7304,82.9567,104.5205
2008-09-22,59.7686,49.7153,122.4346,110.3892,81.7176,87.3178,79.654,97.8813,82.5461,90.084,71.4541,64.6706,82.4891,79.6875,82.5256,104.4616
2008-09-23,59.0125,49.3468,122.8455,110.5189,81.4219,87.2345,79.4075,97.9613,82.2552,90.1537,71.2778,64.6525,81.5476,79.7802,82.5609,104.4116
2008-09-24,59.5448,50.0044,122.7591,110.863,82.9006,87.9798,79.7484,98.0037,82.8668,90.4985,71.8467,64.4965,82.1715,79.3748,83.0039,104.369
2008-09-25,57.9377,49.3783,122.8797,111.1303,83.091,88.0813,79.4647,98.0609,82.9793,90.6821,71.6087,63.5111,80.7329,77.1979,82.857,104.4329
2008-09-26,58.6196,49.6075,122.3932,110.9278,82.753,88.2087,79.894,98.0593,83.6225,90.5204,71.4713,64.0139,81.0357,76.6037,82.4027,104.4772
2008-09-29,58.4965,49.2024,123.1754,111.8443,83.1452,88.5737,79.9709,98.6492,84.5911,91.135,71.5932,63.1523,81.7263,76.3929,82.2875,104.5009
2008-09-30,58.245,49.0252,122.7745,112.1314,83.3277,89.1277,80.5413,98.1729,84.8026,91.3658,70.5761,63.7364,81.5763,74.8807,81.6611,104.4398
2008-10-01,58.6057,49.1592,123.215,112.8381,83.807,89.5293,81.1237,98.4068,85.8709,92.0461,71.2075,64.5219,81.3492,74.7987,81.8909,104.4161
2008-10-02,57.5806,48.5356,123.0252,112.1612,82.4612,88.7045,80.0725,97.8499,85.0119,91.6329,71.1435,64.3028,79.8721,75.3468,81.3864,104.3667
2008-10-03,57.6833,48.8625,122.8715,112.0628,82.517,88.803,80.1918,97.9483,84.5491,91.2954,70.63,65.0976,79.9538,75.7685,81.5273,104.3731
2008-10-06,56.8625,48.5076,123.5565,112.4119,81.8251,88.5023,80.1917,98.3132,84.1684,91.2852,70.4268,64.1568,80.6972,77.1364,80.978,104.4113
2008-10-07,56.3093,48.5254,123.29,111.9765,81.1858,88.1449,79.9966,97.6906,83.8688,91.2017,70.4239,63.9772,80.6431,76.6034,80.7114,104.4123
2008-10-08,57.406,48.8502,123.4352,112.0626,81.1614,87.8929,80.0579,97.8368,84.6257,90.8813,71.4347,64.7827,80.7284,78.3004,80.2883,104.4403
2008-10-09,57.3871,49.1467,123.6661,112.5979,81.1906,88.6084,80.6287,98.1566,85.1838,90.8841,71.7331,64.8067,81.5566,77.2984,80.913,104.4761
2008-10-10,58.1189,49.892,123.9036,112.4444,81.9581,88.8931,80.5543,98.4083,85.3712,91.1051,71.7033,64.8183,81.1055,79.4159,80.7981,104.4758
2008-10-13,58.7903,49.8666,124.0893,113.1982,83.0838,89.5879,81.4279,99.0154,86.529,91.5825,72.0876,64.2052,81.6236,78.4274,80.996,104.4644
2008-10-14,58.959,49.6419,124.4007,113.5624,83.0119,89.2029,81.311,99.1369,87.0024,91.6146,72.9145,64.1179,81.843,79.1996,80.8563,104.5395
2008-10-15,59.7768,50.188,124.5403,113.4764,83.2436,89.4793,81.3323,99.1824,87.1503,91.962,73.0116,64.5821,82.1535,80.4803,81.2744,104.5855
2008-10-16,61.2201,50.9834,125.005,114.0087,83.7234,89.7015,81.4978,99.3754,88.1526,92.4229,73.994,64.6408,83.5906,83.6511,81.4465,104.6184
2008-10-17,61.9421,51.4692,125.3686,114.0998,84.1116,90.155,81.6891,99.5559,88.5434,92.5157,74.2621,64.172,84.3642,84.3,81.5552,104.7215
2008-10-20,61.9365,51.5736,125.7203,114.5595,83.8479,90.682,81.6668,99.3831,88.5645,92.388,74.8021,64.0594,85.3789,85.8942,81.3318,104.758
2008-10-21,61.4669,51.3997,125.2622,114.4304,84.0381,90.4841,81.6579,99.0831,88.2925,91.7805,74.1928,64.2223,84.7555,83.4613,81.3822,104.7117
2008-10-22,61.8722,51.8806,124.8032,114.3019,84.4721,90.581,82.0935,98.8577,88.3228,91.699,74.1143,63.512,84.5981,84.3035,81.2451,104.6993
2008-10-23,62.0751,52.1125,125.1408,114.9944,85.6212,90.7769,82.4889,99.0428,88.9757,91.6589,75.0577,63.2085,84.6341,85.1765,80.8562,104.6951
2008-10-24,62.0143,52.3231,125.1241,114.456,85.4623,90.5749,82.5398,99.3153,88.6184,91.5757,75.218,62.8385,84.6221,85.5937,80.7189,104.7449
2008-10-27,62.1638,51.9649,125.3396,115.0623,85.7788,91.1471,82.5442,99.6468,89.189,92.0054,75.3772,63.2183,84.2666,86.1232,80.6682,104.7491
2008-10-28,61.0477,51.1987,125.4955,115.5273,85.7872,91.9627,82.9169,100.115,89.7056,92.2848,75.2426,63.0348,83.7276,83.1247,80.3247,104.7109
2008-10-29,60.1574,50.8557,125.229,115.0555,85.0078,91.3438,82.3338,99.9277,88.8791,92.4478,74.811,62.7382,83.2547,83.0502,80.7044,104.6707
2008-10-30,59.4297,50.9446,125.2474,114.6611,83.813,90.8486,81.8887,100.1236,88.7873,91.8901,75.2625,63.0985,84.0654,82.3883,80.563,104.6344
2008-10-31,58.1684,49.9245,125.3246,114.4861,82.147,90.1246,81.2664,99.5917,87.6299,91.3367,75.0483,61.8741,83.545,83.5734,79.9423,104.7016
2008-11-03,58.0414,49.811,124.3256,113.7121,81.6853,89.6826,81.3626,98.9033,87.432,90.9055,74.6453,61.7651,82.8006,80.6925,80.1044,104.7166
2008-11-04,57.7365,49.4917,124.57,113.9968,82.0025,89.9074,81.7537,99.3354,87.4177,90.9633,74.0086,61.1673,82.7802,79.0912,80.3701,104.7186
2008-11-05,56.7896,49.3952,124.1252,113.7202,81.8476,89.6217,81.4768,98.8581,87.0328,90.863,73.5628,61.814,81.927,77.4783,80.2728,104.7259
2008-11-06,57.1416,49.9707,123.7604,113.1202,81.5481,89.5515,81.2119,98.7658,87.5288,90.6791,74.1077,61.9482,81.8219,77.272,80.254,104.743
2008-11-07,57.7547,50.0506,123.2911,113.1066,82.2591,90.0083,81.9334,98.6704,87.7031,90.9702,73.867,61.4126,81.5334,77.2951,80.1094,104.7658
2008-11-10,58.4461,50.2853,123.9393,113.8574,83.7901,90.574,82.2731,99.4489,87.5794,91.4779,73.2623,61.8086,81.9631,78.5068,80.9218,104.794
2008-11-11,58.7634,51.0616,123.2549,112.9777,82.5705,89.6862,82.3129,98.6572,87.1613,91.2055,73.522,61.7649,81.9608,79.5133,81.6261,104.855
2008-11-12,57.6762,51.0217,123.2881,113.4758,83.2247,90.4654,83.2718,98.9196,87.1988,91.7984,72.7371,60.9447,81.3594,78.2616,81.5347,104.846
2008-11-13,56.1433,49.7439,123.5105,113.7829,82.8722,89.6434,82.7117,98.5622,86.1271,91.7201,71.9719,60.5191,80.7839,78.0139,80.7261,104.9363
2008-11-14,55.0449,49.177,123.5187,113.7344,82.9385,89.7683,82.8448,98.7297,85.897,91.8689,71.2398,59.2419,79.6136,76.5763,80.1769,105.0333
2008-11-17,54.4626,48.5671,123.6029,113.9729,82.3014,89.9564,83.3863,98.9057,85.6329,91.6218,70.4972,59.0715,80.0131,74.9934,79.8964,105.0478
2008-11-18,54.3014,48.7633,123.9291,114.4871,82.3908,90.472,83.8072,99.2022,86.3361,91.6124,71.3465,59.3824,79.4584,75.879,79.3488,105.1414
2008-11-19,52.5354,47.524,124.1354,114.0649,81.6226,89.7479,82.6293,98.6387,84.8976,91.1822,70.0941,58.5508,78.2796,73.6156,79.0069,105.1453
2008-11-20,50.6861,46.3665,124.8207,114.7119,80.6395,89.2799,82.2067,98.3839,84.2562,91.1314,69.3826,58.5926,77.6967,72.3465,78.5679,105.2126
2008-11-21,50.9502,46.5179,125.1999,115.2215,81.4648,90.0495,82.8216,98.9743,84.7933,91.5549,69.8379,58.1975,77.7059,72.9216,78.5621,105.215
2008-11-24,49.5624,45.5217,125.7202,115.5132,81.1371,89.7731,82.3725,98.9825,83.8457,91.3491,69.196,57.4084,77.8251,72.8256,77.3664,105.2985
2008-11-25,49.9266,45.6932,125.8664,115.4904,80.6571,89.249,82.1791,98.9187,83.5479,91.1706,68.7018,57.1624,79.0386,74.2244,77.4782,105.3411
2008-11-26,49.6107,45.767,126.1043,115.5428,81.0396,89.6974,81.7134,98.5466,83.2489,91.0474,68.6325,56.9348,78.9061,74.5834,77.1754,105.2823
2008-11-27,50.9407,46.5145,125.6546,115.4521,81.1742,89.9845,81.9496,98.4424,84.2517,91.227,68.5286,57.3363,78.9165,75.4593,77.5695,105.3054
2008-11-28,51.4673,46.8882,126.0777,115.7629,81.116,90.0412,82.1462,98.306,84.5116,91.4391,68.8352,58.3947,79.4776,76.8344,77.5953,105.3306
2008-12-01,51.4288,46.7595,126.4558,116.4377,82.0171,90.8455,82.4796,98.6175,84.1422,91.7682,68.0913,58.3093,80.3365,77.7104,77.2828,105.3174
2008-12-02,51.1252,46.4233,125.7871,115.7951,81.4161,90.921,82.8798,98.2559,83.1624,91.4002,67.3811,58.3683,80.04,76.2576,77.1724,105.3089
2008-12-03,51.2795,46.4542,126.389,115.7314,81.2048,90.5768,82.4744,98.4783,82.7628,91.2386,67.9,58.0412,80.0151,78.8486,77.018,105.3203
2008-12-04,52.1235,46.7913,126.8524,115.7679,81.2815,90.1941,82.1658,98.2901,82.225,91.1194,68.082,58.7674,80.6467,81.1587,77.7529,105.3319
2008-12-05,52.34,46.8391,126.5625,115.6941,81.634,90.1161,82.0066,98.5616,82.7294,91.1781,67.7818,58.6329,80.8811,80.3196,77.6082,105.3414
2008-12-08,52.1972,46.5265,126.7004,115.6757,81.8052,89.7759,81.7192,98.4498,82.7904,91.4765,67.1478,57.7988,81.1753,78.8796,77.8212,105.2487
2008-12-09,52.7708,46.7934,126.3858,115.5643,82.1406,90.3025,81.7645,98.1627,83.3605,91.362,67.8575,57.7907,80.5091,79.1541,77.6023,105.2587
2008-12-10,52.1125,46.2356,126.5955,115.8608,82.4949,90.4343,81.6521,98.0491,82.8408,91.1825,67.5736,57.3367,79.9071,79.7112,76.5943,105.3094
2008-12-11,51.6754,45.7324,126.3019,115.5146,82.6763,90.23,81.2298,98.0596,82.0422,90.8121,66.7703,56.8044,79.0617,79.2705,76.1737,105.3949
2008-12-12,50.414,44.976,126.9298,115.7731,82.2606,89.0004,80.3196,97.7888,80.9658,90.9524,66.3868,56.349,79.285,80.3681,75.8854,105.3355
2008-12-15,50.0535,44.4815,127.322,116.8639,82.1794,90.1976,81.3695,97.8556,80.8107,91.1786,66.0165,56.1976,79.4541,80.3207,75.9901,105.3477
2008-12-16,50.5722,44.827,127.7702,116.3764,82.4481,89.9206,81.0261,98.0769,80.7117,91.2567,66.4095,55.558,79.3822,81.9375,76.0193,105.3634
2008-12-17,49.7231,43.8535,128.1525,116.2761,81.543,89.1646,80.4061,98.0145,80.2737,90.9002,66.0027,54.9958,79.5669,80.2837,75.4998,105.3343
2008-12-18,49.3436,43.9493,127.9318,116.1393,81.5355,89.1971,80.359,97.8568,80.8667,90.6729,65.8875,55.0923,78.804,78.3081,75.052,105.3263
2008-12-19,48.8446,43.8476,129.0142,117.4736,82.5253,90.3446,81.2454,98.4245,81.1528,91.1665,65.6619,54.9202,78.4287,78.4619,75.0862,105.3683
2008-12-22,48.5338,43.5932,128.9508,117.0535,82.5025,89.9293,80.4937,98.2426,80.6153,90.9187,65.515,54.8467,77.6048,78.156,75.1476,105.3927
2008-12-23,49.9197,44.3415,128.761,117.7316,84.0442,90.8167,81.1448,98.2923,82.2992,91.288,66.8145,54.9244,77.2546,79.7981,75.0554,105.4032
2008-12-24,50.8402,44.6364,128.0943,117.4215,84.7643,91.2115,81.4782,98.5444,82.5322,91.0451,66.5562,54.9542,77.2074,80.2414,74.6487,105.3723
2008-12-25,50.4574,44.7688,127.8041,117.4154,84.7206,90.9586,81.3392,98.2088,82.8958,90.5826,67.2723,55.5487,77.1238,78.5478,74.5617,105.4272
2008-12-26,51.3432,44.636,127.7154,117.1808,85.4061,91.4681,81.5272,98.9078,83.166,90.4634,67.1199,55.3219,77.1822,77.646,74.6007,105.4684
2008-12-29,50.5293,44.1439,128.6617,117.8883,84.65,91.4755,81.5144,99.1129,83.1149,90.7951,67.1846,55.251,77.7951,77.5296,74.7348,105.5205
2008-12-30,50.0761,43.6779,129.1996,118.31,84.5257,91.5901,81.4036,99.0973,83.2346,90.8414,67.2871,55.2266,77.0538,76.5517,74.9248,105.4727
2008-12-31,48.0598,42.9104,129.3465,118.0574,83.2911,90.5194,80.7646,98.4371,81.7691,90.262,66.8126,55.8756,76.7304,74.8337,74.2302,105.4945
2009-01-01,46.8354,42.0834,128.9659,117.5718,82.2997,89.3171,80.2673,98.1994,81.5661,90.0645,66.5106,54.7083,75.4837,73.0747,73.5485,105.4996
2009-01-02,46.0256,41.5293,128.8989,117.4652,82.1337,88.762,79.3777,97.9136,81.2362,89.7477,66.69,54.8892,74.7054,71.8307,73.3129,105.6018
2009-01-05,45.7907,41.6488,128.4855,116.9752,81.0894,88.6359,79.4258,97.5652,81.403,89.8522,66.6067,54.5776,74.4426,70.8375,73.6919,105.6448
2009-01-06,45.2991,41.2093,129.1668,117.5409,80.986,88.1757,79.1801,97.7115,81.0765,89.7455,66.9773,54.9657,73.3606,71.6673,73.9101,105.6507
2009-01-07,45.7302,41.5676,129.1223,117.5853,81.7922,88.7454,79.8198,97.6403,81.6268,90.1258,67.2332,54.868,73.1522,71.861,73.4448,105.6945
2009-01-08,45.338,41.3214,128.9266,117.3068,81.6044,88.4724,79.2839,97.6306,81.3495,89.849,66.5248,54.387,73.1131,70.2119,73.7121,105.6905
2009-01-09,44.7757,40.7677,128.5988,117.0508,81.1038,88.4679,79.1365,97.4829,81.4125,89.7604,66.2168,54.8226,71.9985,67.394,73.815,105.6502
2009-01-12,43.9334,40.3181,128.2126,117.1265,81.0088,88.6148,79.5376,97.3519,82.0621,89.8258,66.3372,54.4777,70.9274,64.7725,73.0923,105.6965
2009-01-13,42.9201,39.8408,129.2108,118.0249,80.9931,89.139,79.5534,97.8964,82.0479,90.2291,66.2878,54.0731,70.2318,64.4789,73.2883,105.7632
2009-01-14,42.8631,40.0335,128.9668,117.3576,80.1541,88.8522,79.3704,97.6775,82.0593,89.9369,66.8629,53.9052,70.3134,64.1333,73.31,105.7746
2009-01-15,42.8367,40.268,128.1217,116.3763,79.9538,88.7372,79.0859,97.57,82.051,89.6399,66.8793,54.6817,69.217,62.8007,73.3373,105.8024
2009-01-16,42.8786,40.5528,128.0339,116.2829,79.8845,88.5799,79.014,97.1597,82.5127,89.6933,67.4863,54.3252,68.5162,62.8889,73.599,105.8315
2009-01-19,42.2038,39.9845,128.0739,116.3174,79.0151,88.2361,79.1548,96.6884,82.2717,89.9243,67.2392,54.0161,67.1798,61.9463,73.9048,105.8044
2009-01-20,41.8597,39.4512,127.8967,115.8119,78.5748,87.9252,78.7524,96.716,81.8127,89.9908,67.1977,54.6699,66.2651,61.2258,73.7055,105.7994
2009-01-21,41.2919,39.2201,127.9054,115.4292,78.1545,87.7494,78.496,96.811,80.9174,89.8587,66.3436,54.9372,66.0631,60.6752,73.678,105.8064
2009-01-22,40.9695,38.8753,127.7525,115.2639,77.8242,87.786,78.9056,97.0535,81.1257,90.0802,66.04,55.7022,65.087,59.0625,73.4714,105.8075
2009-01-23,40.1225,38.5792,127.3004,114.7434,77.2843,87.7342,79.1936,96.9703,80.3251,89.6391,65.1944,55.1597,64.0444,57.9687,72.9672,105.839
2009-01-26,40.134,38.2541,127.4868,114.8303,76.7288,87.8939,79.1259,97.0963,80.5879,89.6365,65.7207,55.0194,63.1926,57.769,73.4679,105.8066
2009-01-27,40.6587,39.1252,128.2666,115.7504,77.6597,88.34,79.8507,97.6287,81.3284,89.8842,66.6346,55.5991,63.5771,59.2871,74.3411,105.7681
2009-01-28,41.203,39.4991,128.4461,115.9676,78.6499,89.1386,80.2396,98.2254,82.1198,90.2638,66.8752,54.6109,63.7353,59.6384,74.4457,105.8112
2009-01-29,40.7713,39.0975,128.5815,115.9326,78.8727,88.6359,79.3511,97.9594,81.0453,90.3318,66.3218,54.192,63.8218,60.422,74.4269,105.8026
2009-01-30,40.6391,38.9668,128.2393,115.993,79.2545,89.3532,79.9383,98.0475,80.9648,90.5799,65.5452,53.8999,62.9251,60.0266,74.1695,105.885
2009-02-02,40.2177,38.6028,128.4045,115.9766,79.2276,89.3957,80.0618,98.3012,80.6993,90.5053,64.9038,53.103,62.5439,59.0759,73.9963,105.9532
2009-02-03,41.2613,38.5789,127.6793,115.9868,80.9763,89.9314,80.4346,98.5781,81.4323,90.6937,64.4054,52.8512,62.4335,58.256,73.7348,105.8942
2009-02-04,41.0449,39.0889,127.5363,115.6113,81.2951,89.8272,80.9006,98.8014,81.5495,90.7346,64.6895,53.0358,62.1483,58.2937,73.2328,105.8558
2009-02-05,40.7207,38.634,127.5697,115.8434,80.9233,89.5768,81.2615,98.589,81.1305,90.6503,64.0769,52.7789,62.2283,57.8284,73.0098,105.7764
2009-02-06,40.0369,38.272,127.7673,115.8604,80.0505,89.0731,80.8884,98.4933,80.2475,90.1376,64.0488,53.2521,62.3965,58.0517,72.7638,105.8144
2009-02-09,39.6854,38.1821,127.9572,115.5874,80.1047,88.6916,80.4593,98.3816,79.4874,90.1121,63.5912,53.354,61.9782,57.6062,73.2656,105.8446
2009-02-10,39.1509,37.9363,129.1311,116.1872,80.0615,89.002,80.4236,98.769,79.3096,90.5055,63.7612,52.7896,62.4623,57.97,73.3032,105.8376
2009-02-11,38.5695,37.0508,129.7098,116.4778,79.1791,88.6979,80.1141,99.0858,79.1313,90.0999,63.5329,52.0877,62.4029,56.9671,73.0492,105.8139
2009-02-12,39.1629,37.2903,129.7364,116.5651,79.4022,89.0793,80.7334,99.1124,79.3973,90.9065,63.8491,52.0906,63.5899,58.1927,72.8233,105.7926
2009-02-13,39.8778,37.639,129.5657,116.5117,79.3823,89.347,80.3779,98.9788,79.4322,90.6313,64.2052,53.4848,63.9827,59.526,72.9713,105.7767
2009-02-16,39.9837,37.8133,130.1605,116.723,79.7062,89.4489,80.6944,99.2189,79.42,91.1286,64.2595,53.3916,64.085,60.6204,72.9447,105.822
2009-02-17,38.9634,37.4701,130.0741,116.9742,79.4543,88.9516,80.1792,98.7566,79.1326,91.0741,64.205,52.6747,63.9013,59.7215,73.0163,105.8057
2009-02-18,38.344,36.916,130.1543,117.3896,79.3668,88.8633,79.8523,98.5468,78.8872,91.0263,63.7888,52.7924,64.0988,59.3541,72.1472,105.8559
2009-02-19,38.7524,37.1878,130.5453,117.5597,78.8377,88.3635,79.9574,98.1831,78.0906,90.5718,63.4097,53.345,65.2038,61.4774,72.2635,105.9018
2009-02-20,39.0502,37.2318,130.857,117.9907,79.2062,88.3722,79.8585,98.1992,78.1241,90.6924,63.3681,53.2634,65.4885,62.4019,72.6018,105.8856
2009-02-23,39.3428,37.5805,130.4475,117.4574,79.2517,88.3586,79.8651,98.2167,78.1577,90.7153,63.2554,53.4843,65.5795,62.5849,72.4996,105.8731
2009-02-24,39.8039,38.1002,130.5681,117.731,80.0408,88.9829,80.2866,98.4506,78.7963,90.7538,63.3239,52.8586,66.2561,62.8414,72.4967,105.8568
2009-02-25,40.6683,38.6724,130.5552,117.7484,81.1189,89.5915,80.7571,98.8562,79.1368,90.9524,63.4607,52.9306,66.5594,64.2127,72.4373,105.8292
2009-02-26,40.8519,38.7579,130.6057,117.4087,81.1477,89.8119,81.0596,99.0023,78.9069,91.8456,63.5592,53.3603,67.3786,65.2493,71.9934,105.8397
2009-02-27,41.5374,39.2559,130.7113,117.6932,81.4043,89.4876,80.8237,98.9972,79.3948,91.8962,64.1068,53.0545,69.1501,66.7357,72.3214,105.9137
2009-03-02,41.3502,39.2378,130.0198,116.8522,81.3811,89.7397,80.7953,98.9607,78.7644,91.4154,63.6742,52.3841,68.6625,65.5024,72.2998,105.9628
2009-03-03,39.9903,38.398,130.3508,116.7235,80.6783,88.734,80.2969,98.5497,77.9159,91.138,62.8835,52.356,68.2754,62.6077,72.0938,105.9997
2009-03-04,40.3595,38.2575,130.8311,117.2384,81.167,89.1305,80.6182,98.5575,77.6915,91.1646,63.2693,52.1817,68.0993,63.1143,72.8992,106.0423
2009-03-05,40.4686,38.5421,131.3036,117.6862,81.7093,89.3763,80.824,98.7194,77.6225,91.3852,63.14,52.6418,68.6834,63.4089,73.4483,106.0694
2009-03-06,40.3826,38.9156,131.4959,117.5691,81.7579,88.8199,80.7767,98.9415,77.5978,91.7045,63.066,53.3997,69.0375,64.4064,73.1345,106.1124
2009-03-09,39.4654,38.1022,131.7159,117.8014,81.466,88.107,80.5499,98.8788,76.7277,92.0696,61.9145,53.8038,69.1037,63.7728,72.5888,106.1088
2009-03-10,38.9744,37.6583,131.7853,117.824,80.7817,87.8054,80.2468,98.5419,76.3963,91.9012,61.762,53.5097,68.5568,63.5112,72.4728,106.0926
2009-03-11,38.884,37.8161,133.029,118.6495,81.121,88.1534,80.2668,99.2209,76.7493,92.0961,62.6833,53.9305,68.9758,65.2824,72.2383,106.1629
2009-03-12,39.2936,38.0037,133.4467,119.0601,82.1405,88.2798,79.9197,99.4916,77.2154,92.4588,63.2989,54.932,69.1877,66.001,72.3615,106.1588
2009-03-13,39.5821,38.2018,133.6169,118.9464,82.1796,88.009,80.022,99.7425,77.6727,92.5078,63.363,54.3918,69.5016,65.862,72.4848,106.1054
2009-03-16,38.5694,37.3822,134.402,119.319,81.3394,87.499,79.868,99.7599,77.2061,92.8282,63.3635,54.3182,68.9266,65.6827,72.0883,106.0651
2009-03-17,37.844,36.903,134.2506,119.4803,80.4032,87.5705,80.1928,99.6236,76.8117,92.8084,62.8662,55.2349,69.0212,63.4532,72.3958,106.0838
2009-03-18,38.1338,36.8159,134.3862,119.4536,80.176,87.5383,80.8623,100.2509,77.1905,92.6298,63.2541,54.912,68.8495,63.8491,71.9298,106.134
2009-03-19,38.4108,36.9934,134.4147,119.6503,79.9164,87.7759,81.038,100.4964,77.2969,92.3848,63.0219,55.4639,68.882,64.2799,72.3206,106.148
2009-03-20,38.1008,36.6133,134.4655,119.6434,79.4604,87.9285,81.5175,100.2827,76.8933,92.8282,62.6292,55.5962,68.1704,63.5203,72.5847,106.2282
2009-03-23,39.1711,37.2195,135.1289,119.8252,80.083,88.1332,82.0376,101.1639,77.2081,93.1814,63.3793,56.1202,69.234,66.1155,72.9443,106.2376
2009-03-24,39.4786,37.6813,135.8954,120.4712,80.2349,88.3931,82.1508,101.5932,77.7236,93.2229,64.233,56.1919,70.2263,67.6853,73.3214,106.3454
2009-03-25,39.1131,37.7989,135.7508,120.8128,80.24,88.8034,82.8482,101.6651,78.3273,93.5046,64.439,56.1333,70.345,66.3233,73.3131,106.3618
2009-03-26,39.5663,37.9732,135.478,120.5089,79.9554,88.7691,83.1332,101.8002,78.4893,93.379,64.1761,56.8356,70.0699,66.4836,73.3372,106.3446
2009-03-27,38.6956,37.2957,135.1289,120.1465,79.3709,88.0162,82.3753,101.2056,77.9852,93.2448,63.313,57.1025,69.1958,64.0331,73.2077,106.3031
2009-03-30,38.2454,37.2323,135.6979,120.167,78.3971,87.8398,82.0293,101.6731,78.4071,93.2379,63.4811,56.9225,69.1016,63.6999,73.28,106.2701
2009-03-31,38.096,37.3027,136.2252,120.5587,78.0679,88.2639,82.2631,102.2632,79.4237,93.6005,63.7905,56.7736,68.7523,63.6631,73.0771,106.2544
2009-04-01,37.4899,36.884,135.5601,120.167,77.1714,87.4497,81.7741,101.5511,79.4991,93.6618,63.9922,56.3424,67.8403,62.3404,73.1582,106.2145
2009-04-02,38.1329,37.112,135.1221,119.6779,77.2212,87.9014,82.1996,101.7679,79.7198,93.8517,64.5274,56.7061,67.6798,62.5126,73.4976,106.2411
2009-04-03,38.7094,37.5094,136.0849,121.0986,78.6053,89.5271,83.4107,102.9005,81.0018,94.5,65.0691,56.0096,68.3722,63.3388,73.9125,106.2419
2009-04-06,38.5097,37.5601,135.7855,120.9379,78.756,89.8518,83.9697,103.5401,81.1693,94.6629,64.8967,56.0386,68.3807,61.8388,74.146,106.2949
2009-04-07,38.6513,37.5549,136.4664,121.0479,78.1104,89.4331,83.9349,103.4519,81.4534,95.0982,64.5005,56.6976,69.0402,61.5914,74.3694,106.2806
2009-04-08,37.8756,37.4295,136.5881,121.506,78.3451,89.7133,84.3977,103.2068,80.7705,95.2463,63.673,57.2001,68.5898,61.3498,74.0011,106.3086
2009-04-09,37.5281,37.0508,136.9888,122.1841,78.6397,89.2502,84.3074,103.0345,81.176,95.4885,64.0321,57.2564,68.1347,61.1968,73.6483,106.2616
2009-04-10,37.8946,37.5747,136.775,121.9239,78.8056,89.5319,84.4161,102.8906,81.2304,95.7252,64.8229,57.3037,68.5286,62.8026,73.6959,106.2895
2009-04-13,37.6816,37.721,136.2605,121.3415,78.3421,89.0151,83.8586,102.2312,80.9647,95.3748,65.2751,57.9085,68.0015,62.9081,73.5395,106.2902
2009-04-14,38.2124,38.5329,136.0339,121.5508,78.8337,89.5334,83.651,102.0738,81.6368,95.0526,66.0736,58.3711,68.311,64.3353,73.7416,106.3238
2009-04-15,38.9429,39.0217,135.7766,120.9899,79.3437,89.5075,83.3086,101.868,81.8614,95.3211,66.5914,59.4952,68.2429,65.5863,73.5355,106.3105
2009-04-16,39.4229,39.081,135.4835,121.1118,79.8998,89.7599,83.3616,101.9317,82.717,95.7498,66.8523,59.7715,68.1213,65.4181,73.3857,106.3815
2009-04-17,39.7946,39.2012,135.3911,120.9523,80.0131,90.163,83.6448,102.1724,82.1577,96.1533,66.5043,60.5202,69.2226,66.57,73.2937,106.398
2009-04-20,39.8874,39.5163,135.3714,120.8347,80.4282,90.2724,83.6644,102.6657,82.2402,96.2905,66.883,60.3234,70.1958,66.8859,73.3096,106.3588
2009-04-21,40.4646,39.8689,134.6067,120.4993,79.9974,90.3509,84.293,102.209,82.934,96.2681,66.8992,60.9507,69.8059,66.3063,73.3679,106.436
2009-04-22,41.4656,40.387,135.2673,121.435,80.3461,91.1619,85.3906,102.4411,83.6683,96.5248,67.6429,61.9532,70.4767,68.2561,73.8639,106.4748
2009-04-23,40.8957,40.2046,135.7528,122.4741,80.755,91.8422,85.9019,102.4992,84.3543,96.8489,67.4532,61.9327,69.881,66.8246,73.9804,106.5306
2009-04-24,40.4906,40.2548,136.3306,123.4759,81.5868,92.4781,86.388,102.8616,84.1674,96.7985,67.7752,61.3238,70.8474,67.4003,73.9627,106.6237
2009-04-27,40.6416,39.9299,136.2463,123.6205,81.0234,92.9154,87.1877,103.1526,84.241,97.211,67.7589,61.8018,70.9737,67.1207,74.1466,106.6254
2009-04-28,40.6588,39.9433,135.954,123.8284,82.3493,93.6255,88.1248,103.3231,84.5116,97.2556,67.6222,61.8901,70.2958,65.8525,73.5725,106.606
2009-04-29,40.0758,39.2319,136.4474,124.5396,82.5417,93.7385,88.3203,103.4172,84.1832,97.8029,67.7589,62.0486,69.84,65.9847,73.3389,106.5822
2009-04-30,40.9403,39.8285,136.5853,124.4922,83.0935,94.2663,88.6599,103.6744,84.893,98.1654,67.9507,61.9038,71.5151,66.1675,73.4529,106.6254
2009-05-01,41.444,40.0497,136.3683,124.6856,83.9594,95.0638,89.1203,104.1779,85.6235,98.2487,67.8654,61.1985,72.0321,65.6371,73.4634,106.6231
2009-05-04,41.2553,39.9712,136.4461,125.1491,83.6367,95.007,88.822,103.8953,85.8866,98.5505,68.6815,61.518,72.2539,66.4598,73.593,106.6615
2009-05-05,40.8227,39.6459,136.2362,124.9972,83.3769,94.6511,88.6057,103.7249,85.9008,98.1924,68.2538,61.9384,71.7594,64.5841,73.2738,106.7046
2009-05-06,40.981,39.8952,136.2295,125.0228,84.0129,94.7686,88.618,103.5643,86.3953,98.8018,68.0759,62.2593,71.6457,64.1465,73.3468,106.7007
2009-05-07,41.183,40.46,136.3154,125.2849,84.7578,94.9879,88.8958,103.3988,86.3158,98.667,68.0608,62.6494,71.5743,64.8982,73.6891,106.7434
2009-05-08,41.227,40.922,136.6154,125.4114,84.4297,95.2469,88.823,103.1226,86.4688,98.5452,68.6911,62.7994,71.5263,65.6318,74.236,106.8257
2009-05-11,39.5442,39.7443,136.5601,125.2044,83.3715,94.752,88.0838,102.3381,85.1777,98.3579,67.8582,62.2611,70.6272,63.0691,73.8654,106.8063
2009-05-12,41.0309,40.9725,135.6925,124.9097,84.6697,95.517,88.9487,102.7071,86.2573,98.6285,68.0033,61.826,71.7705,64.4562,74.0212,106.7922
2009-05-13,40.5316,41.1035,136.0835,125.7244,85.5706,95.8523,89.397,103.2557,87.1356,99.1764,68.4198,61.1601,71.7079,63.7457,74.1162,106.8053
2009-05-14,41.0223,41.8371,136.75,126.5654,86.6095,97.0125,90.0766,103.8102,87.8959,99.8903,68.8852,60.5429,72.5741,64.8859,75.0698,106.8169
2009-05-15,40.9043,41.9664,136.6344,126.5422,86.2715,97.0231,89.8194,103.6955,87.7255,99.4002,68.6364,60.7839,72.8558,65.4385,74.678,106.8774
2009-05-18,40.4649,41.894,136.2086,126.3986,86.1847,97.2474,89.7758,103.2072,87.8913,99.625,69.1227,61.5547,72.276,64.6836,74.1192,106.9483
2009-05-19,40.4758,42.2566,135.6828,125.9101,86.2106,97.2015,89.6665,103.0563,87.5708,99.647,68.9114,61.8806,72.6056,64.6343,74.3272,106.9391
2009-05-20,40.5083,42.1315,135.4612,125.3756,85.7489,96.8606,89.4388,103.0648,87.1277,99.537,68.646,61.6843,72.4028,64.7434,74.3999,106.93
2009-05-21,41.5994,42.8813,136.0168,126.2363,87.3435,97.6399,90.3839,103.7501,88.4516,100.2719,69.4978,62.0261,72.8461,66.1571,74.9228,106.8726
2009-05-22,41.4618,43.1183,136.2458,126.1806,87.1607,98.0586,90.7079,104.2288,88.7802,100.7818,69.1402,60.8788,73.2357,65.8974,75.2387,106.8354
2009-05-25,42.5653,44.0978,136.3066,125.9931,87.7776,98.2877,90.6681,104.62,89.1488,101.0742,69.838,61.5049,74.1746,68.798,75.4531,106.9031
2009-05-26,42.124,43.7106,136.3697,125.3003,86.8942,97.1525,89.8624,104.8092,88.5002,101.0294,69.2713,62.0917,73.7272,68.6345,75.159,106.9503
2009-05-27,42.9975,44.562,136.0398,125.5423,88.8621,98.3143,90.5347,105.1492,89.2663,101.2827,69.6485,61.8639,73.856,69.1372,75.4597,106.954
2009-05-28,43.4103,44.0473,136.3813,126.0911,89.6864,99.5602,91.2102,105.764,89.9177,101.4136,69.7997,61.4186,73.0785,67.9184,75.6206,106.9385
2009-05-29,43.721,44.2982,136.3049,125.2682,88.5858,99.2041,90.9239,105.6513,88.8607,101.168,69.3271,61.765,73.8277,69.2544,75.9736,106.9139
2009-06-01,43.388,44.4024,136.608,125.2747,88.5713,99.0907,90.5055,106.1712,89.1557,100.6444,69.7533,62.4172,73.3914,69.1026,75.5244,106.9688
2009-06-02,43.2411,44.1697,135.9544,124.8565,88.8504,99.363,90.6321,106.1559,88.7198,100.6436,69.3698,62.5449,73.196,67.4336,75.6552,107.046
2009-06-03,43.7604,44.5881,136.4869,125.4138,89.4359,99.3734,90.8463,106.6433,89.2035,100.8662,69.5694,62.8118,73.83,68.5364,76.1843,107.0762
2009-06-04,42.8204,43.2562,136.789,125.3102,88.3253,98.6256,90.1814,106.8917,88.3467,100.4749,68.737,62.5343,72.8402,66.5905,76.1928,107.1574
2009-06-05,43.1268,43.5113,137.4259,125.9594,88.9783,99.8051,91.6667,107.8274,89.1359,101.2773,69.2671,62.3526,72.7969,66.6225,76.6776,107.2188
2009-06-08,42.5546,43.1146,137.6624,126.4282,89.1471,100.1403,91.8358,108.0692,89.1358,101.6899,69.4277,62.2687,71.9442,66.6621,76.4997,107.2937
2009-06-09,41.3217,42.5861,137.3624,126.4269,88.1629,99.9034,92.1345,107.8016,88.3372,101.1977,68.7169,62.1717,71.1619,64.7809,76.492,107.2828
2009-06-10,40.8686,42.3656,136.8827,126.5111,87.7537,99.6467,91.884,107.4601,88.4599,100.9694,68.6364,61.9229,70.5691,64.7546,75.9914,107.3153
2009-06-11,41.2598,42.6222,136.3944,126.7126,88.2482,100.5332,93.0276,107.6762,89.3469,101.3779,68.5816,62.3702,70.6641,63.2516,76.3045,107.3607
2009-06-12,41.3007,42.6213,136.5819,126.8087,88.0464,100.7805,93.3944,108.3853,89.2375,101.0484,68.5298,62.2439,70.8285,63.0487,76.7788,107.4036
2009-06-15,41.1617,42.815,136.162,126.6175,88.1618,101.1081,93.9329,107.8373,89.1232,101.1739,68.6908,61.6515,70.8584,62.3402,76.9931,107.3584
2009-06-16,40.3022,42.5225,136.2844,127.2811,88.6839,101.283,93.6914,107.7396,89.3798,101.8377,68.1664,61.2341,71.2749,61.1014,76.7409,107.4048
2009-06-17,39.9996,42.3335,136.0772,127.0294,88.0977,101.1484,93.6234,107.3848,89.4294,101.8795,68.2515,61.4645,70.9052,60.0275,76.7416,107.4451
2009-06-18,39.3865,41.7259,136.2736,127.1203,88.0324,101.4951,93.8406,107.7617,88.9423,101.7184,68.1626,60.7819,70.2943,59.2647,76.389,107.5291
2009-06-19,39.7409,41.8178,136.369,126.9525,87.903,100.5205,92.8379,107.5673,88.7767,101.3847,68.6522,61.3676,70.9632,59.9815,76.8003,107.525
2009-06-22,39.5959,41.9589,136.153,127.0429,88.471,101.1632,93.3594,107.9664,89.8111,101.9016,68.6447,61.2636,70.0949,58.4548,76.8754,107.4912
2009-06-23,40.1708,42.3486,136.0993,126.9056,88.4141,101.3142,93.2313,107.8259,89.6507,101.7138,68.7353,61.9084,71.3966,59.5977,76.7506,107.4909
2009-06-24,40.0207,42.2043,136.1467,127.0,88.5424,101.7325,93.6875,107.744,89.3132,101.8158,68.7249,62.2897,71.5953,58.8677,76.8365,107.5104
2009-06-25,40.3703,42.1817,135.9603,126.8739,88.8197,102.3587,93.5531,107.7616,89.3029,101.6905,68.4241,62.303,71.4789,59.1121,76.6474,107.508
2009-06-26,39.5978,41.6877,135.2245,126.3993,88.7838,102.6147,93.6377,107.7234,88.1341,101.0582,67.6804,63.0662,70.5423,57.441,76.2139,107.5672
2009-06-29,39.3213,41.6561,135.7563,126.3895,88.4073,102.0678,93.3998,107.7146,87.2988,101.1721,67.3508,62.9028,71.309,58.1778,76.4571,107.507
2009-06-30,39.3415,41.2457,135.7532,126.474,88.9421,102.6491,94.1999,107.6891,86.687,101.9183,66.8157,62.794,70.6207,58.2857,76.4242,107.5072
2009-07-01,39.3588,40.8902,135.6193,126.1412,89.1305,103.4603,94.2314,108.2319,86.7625,102.0407,66.4066,62.0977,69.9951,57.116,76.4458,107.5767
2009-07-02,38.8735,40.7617,135.0946,125.4945,87.9508,102.9208,93.7059,107.7772,86.1978,100.9921,66.5763,62.6178,69.326,56.9195,75.9114,107.5681
2009-07-03,38.559,40.4553,135.0347,125.5412,87.1115,102.6559,93.9354,107.8164,85.7245,100.8699,66.5931,62.8444,70.0591,57.0157,75.6333,107.5989
2009-07-06,39.7553,40.6635,136.1505,126.4196,87.8074,102.7081,94.1353,108.8349,86.293,100.8209,68.1292,63.9278,70.9292,59.712,76.0371,107.6602
2009-07-07,39.4626,40.5178,136.7619,126.2412,87.4377,101.8724,93.2051,108.4824,85.8043,100.7875,67.8959,64.695,70.6387,59.7885,76.0483,107.6323
2009-07-08,38.9705,40.0439,137.024,126.1863,86.6678,101.3949,92.8639,108.313,85.6091,100.7221,67.8965,64.1134,70.7012,58.8009,76.1041,107.6355
2009-07-09,37.5442,39.1021,136.7149,125.7395,85.068,100.2106,91.8796,107.4559,84.7562,100.5867,67.2581,64.1175,69.4654,56.9683,75.7583,107.6485
2009-07-10,37.7522,39.3429,136.3487,125.6738,85.5102,100.7132,92.2471,107.0941,84.8677,100.3548,67.5258,63.4491,69.4076,57.0901,75.6193,107.544
2009-07-13,37.2956,38.9529,136.3059,125.0709,85.2081,100.2229,91.5705,106.8804,84.1657,100.2134,67.6418,62.9222,68.8919,56.9523,75.1299,107.5527
2009-07-14,37.432,39.1046,136.4087,125.6386,86.113,101.0929,92.3445,107.1389,84.4908,100.5094,67.805,62.5809,69.1852,56.6124,75.549,107.4684
2009-07-15,37.7411,39.2674,136.5035,125.4706,85.5992,101.4504,92.6564,107.4,84.5201,100.5408,68.2206,63.0199,69.3416,57.2953,75.7725,107.4763
2009-07-16,38.3407,39.8588,136.1772,125.4414,86.9095,101.6289,93.0718,108.0648,85.1265,101.0243,67.7655,63.0451,69.4475,57.4985,76.0586,107.5235
2009-07-17,37.9172,39.4959,135.5645,124.8229,87.0392,101.7404,92.9628,108.2439,84.5095,101.2418,67.111,63.1568,68.7936,56.628,75.6028,107.5526
2009-07-20,37.8437,39.1621,136.473,125.9533,87.1725,102.0469,93.1202,108.7262,84.4223,101.442,67.3846,64.1571,69.263,57.1873,76.1463,107.5502
2009-07-21,37.9494,39.1338,136.3313,126.54,87.2668,103.4096,93.9024,108.6705,84.756,101.3508,66.7696,64.7518,69.6593,56.2699,76.0534,107.5625
2009-07-22,37.2877,38.9343,137.0746,127.0657,88.1493,103.7784,93.9661,109.5114,84.7824,101.8151,66.8062,63.8765,69.1269,56.0579,75.8905,107.6171
2009-07-23,37.7796,39.3761,137.4715,127.1438,89.424,104.3224,94.0502,110.1557,84.6027,101.9522,67.0152,64.9605,69.4974,56.7506,76.3039,107.6403
2009-07-24,37.7094,39.0419,138.0654,127.255,88.5002,104.1635,93.531,110.1747,84.697,102.162,67.1398,64.5076,70.586,56.4883,76.4828,107.698
2009-07-27,37.8388,38.7917,138.3567,127.5639,87.9196,103.8872,93.7358,110.1455,84.2749,102.1183,66.8969,65.1242,71.1689,57.0802,76.6852,107.7048
2009-07-28,38.2177,39.1599,137.8328,127.2629,88.5336,104.7625,93.9668,110.5854,84.4477,102.279,66.9319,64.8462,71.3577,57.3753,76.8621,107.6501
2009-07-29,38.6581,39.7261,137.6818,126.681,89.1992,105.0818,94.069,111.0663,84.8017,102.3177,67.6058,65.1622,70.9916,57.7021,76.9114,107.6131
2009-07-30,38.6043,39.8433,138.3172,127.0992,89.5928,105.7163,94.2856,111.5025,84.8943,103.005,67.9364,65.6142,71.8419,57.4943,77.541,107.6909
2009-07-31,38.6601,39.7951,138.4216,126.7289,89.0918,105.3799,93.9672,111.5124,85.0547,102.9348,68.0494,65.8616,72.0716,56.9572,77.5013,107.6344
2009-08-03,38.4643,39.9325,138.7639,127.3109,89.0676,105.5579,94.2421,111.4464,85.3554,102.8569,67.922,65.2862,72.4027,56.9845,77.611,107.6437
2009-08-04,38.3294,39.796,140.029,128.2884,89.5761,106.5988,94.7626,112.5186,85.754,103.9941,68.3771,64.8149,72.7716,57.7629,77.9515,107.729
2009-08-05,38.6234,40.0295,140.1346,128.6079,90.2184,106.902,95.1148,112.742,86.2147,103.7515,68.9705,65.0349,72.9593,57.3992,78.3478,107.71
2009-08-06,38.3791,39.2276,139.7154,128.1698,88.6124,106.2554,94.2967,112.1295,85.7113,103.1794,68.8174,65.4301,72.0596,57.2495,77.9084,107.7326
2009-08-07,38.5214,39.1761,140.3423,128.8579,88.5519,106.2963,94.6682,112.3516,86.3624,103.387,69.524,64.746,72.2761,57.6822,78.282,107.675
2009-08-10,38.7597,39.2977,140.5485,129.1722,89.319,107.5025,95.516,113.2902,86.4129,103.6231,69.5844,64.6359,72.2753,57.6284,78.8886,107.6712
2009-08-11,40.2586,40.1252,140.6634,128.8678,89.9757,108.3774,96.1755,113.5401,86.8766,104.2092,69.8816,65.2164,74.5103,59.18,78.9447,107.7019
2009-08-12,40.2158,39.9374,140.4219,128.54,90.3259,108.8256,95.954,113.9509,86.9607,104.4267,69.5638,65.4789,74.6549,58.2209,78.4732,107.7266
2009-08-13,40.1783,40.0369,140.5228,128.0796,89.9289,108.6728,95.8411,114.5269,86.9099,104.5704,69.9636,65.0805,74.8505,57.9989,79.0608,107.6796
2009-08-14,40.2524,40.232,140.7734,128.5367,90.2143,109.3693,96.0561,114.8607,87.3893,104.4214,70.1074,65.3644,75.3844,57.7505,79.1217,107.7423
2009-08-17,41.4397,40.6676,140.4493,128.2448,90.5813,109.3593,96.3907,115.2614,88.0019,104.4353,70.3052,65.9489,75.7475,58.5407,79.38,107.7249
2009-08-18,41.8181,41.0646,140.0631,127.554,90.5087,108.9094,96.242,115.3952,88.6317,104.5775,71.0989,66.3619,75.2001,58.4266,79.636,107.6959
2009-08-19,42.3595,40.7925,139.6889,127.5955,91.3158,109.5792,96.0207,115.217,88.7515,104.5128,70.6609,66.953,73.9621,58.2685,79.5968,107.6612
2009-08-20,42.6052,40.9546,139.7624,128.1474,91.3998,110.1186,96.3169,115.0616,89.2331,104.9538,71.6254,66.5819,74.1971,59.2398,80.2069,107.679
2009-08-21,42.5518,40.6364,139.8119,128.1173,90.9287,110.8272,95.8428,115.18,89.0121,104.7441,71.3251,65.7614,74.5468,59.3725,80.0552,107.7153
2009-08-24,42.9533,41.0251,140.3497,128.4518,92.369,111.5866,95.9145,116.154,89.3179,105.0873,71.2142,65.8095,75.2471,59.7256,80.3185,107.7242
2009-08-25,44.0139,42.2052,140.9812,128.7076,92.8466,111.4976,96.0432,116.664,90.0731,105.0083,72.333,67.2927,76.8591,62.2456,80.4956,107.7265
2009-08-26,44.0197,41.8148,141.253,129.0899,92.481,111.1735,95.8241,116.5865,90.2133,104.9765,73.0018,66.8283,77.3141,62.1632,80.9547,107.6827
2009-08-27,44.3035,42.0663,140.8902,129.1147,93.7157,111.7887,96.7453,116.9419,90.9749,105.4106,73.2249,66.2953,76.5618,62.1771,80.2717,107.7351
2009-08-28,43.9517,41.7867,140.8258,129.5283,94.9029,112.4156,97.2062,117.5059,91.4439,106.2315,72.9094,66.2862,76.228,60.7697,80.1107,107.7459
2009-08-31,43.474,41.4646,141.1495,129.8192,93.9334,112.4734,97.3957,117.6191,91.5946,106.4052,73.5224,66.1719,75.7214,61.2605,79.8982,107.7248
2009-09-01,43.7911,41.9348,141.5827,130.1034,94.1768,112.7512,97.6776,118.3425,92.401,107.1316,73.7941,66.7355,76.9325,61.6656,80.1244,107.7036
2009-09-02,43.5772,42.2074,141.1736,129.482,93.9848,112.278,97.2224,118.2442,92.39,106.6373,74.2309,66.6024,76.3266,61.7137,79.7987,107.7972
2009-09-03,44.101,42.467,141.9379,130.4928,94.9695,112.9747,97.5253,118.8383,93.0871,107.1179,74.4949,66.7188,77.4231,62.8535,80.0677,107.8094
2009-09-04,43.1283,42.1994,141.7328,130.0718,93.8058,111.6181,96.813,118.0202,92.0115,106.5843,73.974,67.1177,77.3205,62.2274,79.9126,107.8602
2009-09-07,43.1993,41.9956,141.5015,130.1718,94.1635,111.3738,96.7868,118.1654,92.5197,106.3991,74.5304,66.2948,76.3706,62.3577,79.682,107.8087
2009-09-08,44.6001,43.2049,141.82,130.9834,95.7936,113.5886,98.6252,119.2507,93.9802,107.2139,75.3183,66.7404,77.4351,63.6542,80.5469,107.8129
2009-09-09,44.452,43.0164,141.7201,130.8482,95.9165,113.7921,98.7737,119.2361,93.7111,107.5991,75.0629,66.159,76.6311,64.4785,79.9664,107.8252
2009-09-10,44.8403,43.1131,141.0971,130.5564,96.138,113.7579,98.5943,118.9856,93.7904,107.2865,74.6335,66.3925,77.2288,63.6761,79.9986,107.8689
2009-09-11,44.3051,42.7999,140.2088,128.8547,95.118,112.3387,96.9461,118.6122,92.9157,106.738,74.2819,65.3956,76.505,62.4583,79.9266,107.8859
2009-09-14,44.9848,43.7979,140.2263,129.3581,96.78,113.1708,98.0604,118.9432,94.3575,107.5061,75.0086,65.7243,76.7858,62.7619,80.1055,107.8814
2009-09-15,45.5099,44.4767,140.0971,129.2882,97.4604,113.7968,98.3032,119.0547,94.5791,107.7333,75.2643,66.5392,76.8668,63.6516,80.3785,107.9464
2009-09-16,45.7829,44.6712,140.2079,128.8797,96.7721,113.2159,97.8874,119.0151,94.5821,107.417,75.3022,66.4044,77.6381,64.1853,80.2186,107.9464
2009-09-17,46.1721,44.9341,140.2108,128.9084,96.9388,113.0366,97.6814,118.7074,94.8245,107.5491,75.9473,66.542,78.3351,65.4895,79.9039,107.9117
2009-09-18,47.4219,45.7571,140.6191,129.5709,97.9871,113.4655,98.6614,119.2826,95.3123,107.8086,75.9678,66.9546,79.7676,66.9485,80.9211,107.9059
2009-09-21,46.7039,45.217,140.5901,129.4356,97.4091,113.4763,98.0056,118.5901,94.1837,107.0007,75.654,66.8915,79.1951,66.6635,80.5153,107.9171
2009-09-22,46.9031,45.4273,140.3089,129.1815,97.7973,113.1333,98.4414,118.1284,94.0955,107.3892,75.8457,67.4702,79.0944,66.8734,80.3354,107.8772
2009-09-23,45.7308,44.745,140.6475,129.674,97.0915,113.0696,98.0782,117.9922,94.2519,107.3889,75.9249,68.3348,78.5711,65.0324,80.0229,107.8725
2009-09-24,46.4099,44.9774,141.4765,130.0019,97.3057,113.2697,98.2299,118.509,94.1388,107.4014,76.4514,67.9772,79.3861,67.2264,80.3948,107.8474
2009-09-25,45.6582,44.9179,141.9184,130.5563,97.0052,113.3904,98.0595,118.7014,94.8477,107.4539,76.8325,66.7252,79.7417,66.8541,80.0403,107.9323
2009-09-28,45.5796,44.7645,141.9426,130.1928,96.3662,113.1924,97.4647,118.5281,94.7039,107.1964,76.8683,66.5034,79.0699,66.2818,80.5582,107.8704
2009-09-29,45.782,44.864,141.9532,130.3881,96.5295,113.2069,97.6182,118.4645,94.5521,107.7989,76.0705,66.994,80.6481,66.6821,80.477,107.8568
2009-09-30,45.5098,44.9443,142.2723,131.2108,96.3766,113.226,98.4424,118.5174,94.7708,108.2122,76.1778,67.4155,81.7138,67.0519,80.5119,107.8858
2009-10-01,44.7394,44.7647,141.646,131.0213,96.4724,112.9115,97.9909,118.0022,94.7869,108.0507,75.3846,66.653,82.2202,64.7198,80.0997,107.937
2009-10-02,45.3088,44.949,141.5289,130.5513,96.2289,113.0063,97.5995,118.2345,95.2391,107.6878,76.2762,67.484,82.7312,64.4766,80.0932,108.0083
2009-10-05,45.4245,45.2467,141.4175,130.3206,95.5359,112.6862,98.1887,118.7016,95.1276,107.5317,76.6091,67.5738,83.7139,64.9669,80.2813,107.9986
2009-10-06,45.3,44.9633,140.7178,129.179,94.2039,111.8823,97.2539,118.2988,93.8967,106.4043,75.8301,68.1535,82.7912,64.5052,80.4173,107.954
2009-10-07,45.6887,45.1737,139.9919,128.4013,93.672,111.9823,97.3884,117.6907,92.927,106.0717,75.2788,68.8471,82.3951,65.321,80.5202,107.8964
2009-10-08,45.6301,45.0585,139.236,127.7455,93.39,112.3021,97.4893,117.5826,92.9535,105.4185,75.448,69.1057,82.174,63.4443,80.1953,107.8716
2009-10-09,45.1062,45.0248,139.645,127.7349,92.9539,110.8589,96.6015,117.5666,92.869,105.1131,75.4506,69.23,81.7984,63.5496,80.2992,107.9102
2009-10-12,44.8793,44.6507,139.4523,127.1624,92.462,110.9338,96.0198,117.884,92.7567,104.9039,75.9168,68.6511,80.9714,62.9501,80.3287,107.9832
2009-10-13,43.9899,44.1423,139.5139,127.0716,91.9415,110.8331,95.6211,117.567,92.5504,104.8401,74.9169,68.6265,80.5507,60.6835,80.1628,107.8876
2009-10-14,43.1109,43.5951,139.4107,127.424,90.8216,110.2544,95.547,117.2778,92.473,104.1189,74.5213,69.4635,78.997,59.1196,80.4293,107.9061
2009-10-15,42.6661,43.5189,139.0327,126.9018,90.7342,110.111,95.3142,117.2412,92.1601,104.0976,74.4529,68.7899,78.8096,58.3669,80.2659,107.9518
2009-10-16,43.1204,43.958,139.0354,126.414,90.6924,109.7794,95.2325,117.1176,92.0686,104.3055,74.3859,69.198,78.3232,58.7535,81.0507,107.9669
2009-10-19,43.1922,44.2911,138.3997,125.9924,90.4207,109.0468,95.0302,116.8631,91.7511,104.5574,74.3189,70.5135,78.8662,59.6154,81.0091,107.8837
2009-10-20,43.2674,44.5928,139.3336,126.1872,90.1632,108.6132,94.7667,117.4104,91.6939,104.637,74.7706,70.9431,79.2946,60.9111,81.4901,107.9044
2009-10-21,43.2794,44.725,140.1524,126.5168,90.4986,108.8161,94.9478,118.0575,91.3369,104.8692,74.9408,70.0526,79.8976,62.7739,81.3558,107.9728
2009-10-22,43.8374,45.1887,139.7693,126.7603,91.2347,108.9857,94.7463,117.8756,92.3842,105.0452,74.9378,70.4445,80.0027,63.1887,81.1283,108.0263
2009-10-23,44.9807,46.1903,139.1204,126.4858,92.1305,110.1125,95.3836,117.645,92.7248,104.9471,75.0768,70.8919,80.8909,63.8215,81.3985,108.023
2009-10-26,45.2006,46.2344,138.8593,125.6189,91.0546,109.388,94.6719,117.3758,92.3033,104.5086,75.8112,73.0728,82.1634,63.5892,81.1467,108.0565
2009-10-27,45.146,45.6034,139.1083,126.109,90.0985,109.4685,95.0453,117.8064,93.128,104.4877,76.4122,72.2426,81.8641,62.8304,81.5371,107.998
2009-10-28,45.0832,45.6914,140.4989,127.5174,91.5912,110.6414,95.8986,119.2612,94.0273,105.4412,77.0823,71.3734,82.2837,63.9134,81.6232,108.0245
2009-10-29,44.5462,45.2523,140.5616,127.6294,91.2047,110.7516,95.9826,119.2009,93.9938,105.5777,76.4879,71.3902,81.5489,62.3882,81.7706,108.1058
2009-10-30,44.573,45.5353,140.2071,127.6204,90.9934,110.776,96.3296,118.8184,93.825,105.6695,76.8509,71.8569,82.5743,62.8275,81.8391,108.0577
2009-11-02,45.3241,45.704,140.2932,127.743,91.5936,110.9232,96.2489,119.3656,94.839,105.9428,77.3987,70.882,82.7693,63.3238,82.0773,108.0895
2009-11-03,46.1351,46.0811,140.1594,127.7922,91.7381,111.0156,96.1833,119.3658,95.5502,105.5137,78.8657,71.2147,82.9856,64.9125,81.7931,108.0419
2009-11-04,45.9579,45.9751,139.1274,127.1915,92.9268,110.6428,95.6939,119.1077,95.5694,105.4889,78.7175,71.394,81.3342,63.7683,81.2621,108.0414
2009-11-05,47.2293,46.7441,139.056,127.2569,94.0009,111.9803,96.3313,119.2906,96.6854,105.8803,80.3439,71.2052,81.3216,65.7092,81.1497,108.0362
2009-11-06,46.4551,46.8024,138.1728,127.5628,95.1383,112.5259,96.7584,118.8588,96.4211,105.4412,80.0918,70.4616,80.9578,64.8599,80.4896,108.0687
2009-11-09,46.7718,46.5367,137.243,126.9507,95.4203,112.5872,96.5415,118.2604,95.7006,105.3709,79.6793,70.5761,80.759,64.4628,80.4615,108.1188
2009-11-10,47.5402,46.897,136.4738,126.3048,95.5795,112.2195,95.8625,117.6452,95.9529,105.1777,79.7082,71.3997,81.5869,64.1125,80.4544,108.0773
2009-11-11,47.8372,47.1481,136.5408,126.6023,96.2452,113.0153,96.4586,117.8619,96.2761,105.6222,79.618,69.8181,81.8646,64.7779,80.6498,108.0846
2009-11-12,49.0682,48.4618,136.8054,126.2242,96.3355,112.0532,96.0678,117.971,96.8876,105.915,80.5161,71.6962,83.0811,66.6938,81.537,108.1123
2009-11-13,49.7654,48.8315,136.9722,126.7559,97.7026,112.872,96.5559,118.2493,97.2397,106.3329,80.6344,72.032,82.8009,67.4853,82.1348,108.1369
2009-11-16,49.3237,48.5376,136.9421,126.5181,96.8716,112.4553,96.4124,118.2656,96.985,106.8902,80.0569,72.4931,82.8286,67.4368,81.8582,108.1705
2009-11-17,51.0913,50.6795,136.6901,126.4312,98.7248,113.8647,97.7011,118.7686,97.6056,107.4198,80.9002,73.3315,84.7426,69.9424,82.6708,108.1193
2009-11-18,50.8562,50.3563,136.8816,126.4612,99.5346,113.901,96.893,118.9569,97.7629,107.3304,81.0544,73.6499,83.5901,68.6398,82.9386,108.1555
2009-11-19,50.6455,50.0319,136.9596,126.6107,100.0699,113.7795,96.8497,118.6106,97.0245,107.5041,80.6838,73.2852,82.8414,68.103,83.83,108.1658
2009-11-20,50.312,49.8503,136.5139,126.3729,99.7005,113.2304,96.348,118.5052,97.2736,107.1749,79.9565,73.618,82.6561,67.0931,83.2126,108.0991
2009-11-23,50.0195,49.5856,136.6167,126.1159,98.5615,112.2274,95.9231,118.2961,96.4941,106.9466,80.4567,74.5709,82.9243,67.5821,83.5152,108.074
2009-11-24,49.7617,49.2596,136.507,125.8439,97.0703,111.145,95.6737,118.0254,96.4816,106.6924,80.2958,73.93,82.825,67.2692,83.6673,108.0666
2009-11-25,49.8373,48.9527,136.6115,125.7802,95.57,110.5651,95.1806,117.3693,96.0655,106.3999,80.5904,74.7622,82.7033,67.6474,84.4717,108.0238
2009-11-26,50.7149,50.0336,135.8127,124.7954,95.5333,109.9432,94.8453,117.1441,96.7324,106.5288,80.75,74.9823,83.3395,67.6555,84.9806,108.0091
2009-11-27,50.4538,50.0421,135.9281,124.7009,95.0957,109.6064,94.8418,117.332,97.1183,106.509,81.4045,75.5113,83.1149,67.3459,84.7972,107.9444
2009-11-30,51.4189,50.4836,135.4934,124.1229,95.575,109.3624,94.7075,117.1986,96.9967,106.2633,81.6221,76.542,82.8961,67.4989,85.3998,107.9557
2009-12-01,51.4735,50.7062,135.5671,124.4929,95.8527,109.8704,95.0118,117.1866,97.0484,106.8341,81.6359,76.9436,83.7129,68.769,85.0657,108.0223
2009-12-02,51.0652,50.0083,135.5236,123.8921,95.3375,109.3947,94.4201,117.1387,96.5053,107.0847,81.5176,76.0316,81.883,68.2826,85.4161,107.9948
2009-12-03,50.4082,50.1563,136.1142,123.9362,94.4038,109.8479,94.1234,117.3048,96.8561,107.0452,82.4392,75.5552,81.5629,68.2634,85.6128,108.0462
2009-12-04,50.2695,49.9044,136.3229,124.8308,94.9455,110.1021,95.0147,117.6362,97.2561,107.1546,82.9412,75.1887,81.1222,68.6467,85.5836,108.0616
2009-12-07,49.6813,49.4767,136.2839,125.3425,96.1562,110.3115,95.4016,118.1435,98.0095,107.7468,82.9691,74.998,81.1865,66.5328,85.1118,108.0082
2009-12-08,50.2987,50.2803,136.7309,125.7911,96.6034,110.2724,95.7094,118.3107,98.9001,108.341,83.7606,75.2438,81.4695,67.7089,86.0837,108.0424
2009-12-09,50.0189,49.8072,138.2071,127.6262,97.1031,111.4381,96.2253,118.8803,98.9924,109.2532,83.5231,75.5377,82.4739,69.458,86.166,108.041
2009-12-10,49.5319,49.4309,138.0196,127.3513,96.1465,110.8888,96.5228,118.5842,98.3028,109.3313,83.149,74.7338,82.3237,69.2879,86.2173,108.018
2009-12-11,49.5829,49.2472,138.0333,127.154,95.8378,110.8991,96.7038,118.7615,98.0324,109.3567,82.7415,74.6036,82.0036,69.4901,86.0755,108.1257
2009-12-14,49.5837,48.804,137.3921,126.8943,96.129,110.98,96.4895,118.9976,97.8673,108.6112,82.6589,74.4363,81.4606,68.5632,85.6246,108.0742
2009-12-15,48.3016,47.4961,137.16,127.2684,95.5616,110.6111,96.4,118.7378,97.39,109.007,81.2054,75.0777,81.652,66.0511,84.7556,108.1568
2009-12-16,48.232,47.3396,137.3914,127.2753,94.9681,110.9367,97.0023,118.8232,97.6093,109.1601,81.6759,75.2458,80.909,65.645,84.9323,108.1702
2009-12-17,49.3064,48.01,137.1848,127.5984,96.1908,111.9861,97.6356,119.2196,97.7511,109.1368,81.6553,75.6487,81.2999,67.3039,85.3253,108.2164
2009-12-18,49.7451,48.3645,137.3308,128.0675,96.5437,112.3329,98.0471,119.3459,98.0303,109.317,81.9703,76.8861,82.0075,67.9534,85.7531,108.1808
2009-12-21,51.0496,49.3307,137.2069,128.0234,97.2735,113.3692,98.3908,120.1924,99.5587,109.8326,82.4885,77.3189,81.4882,68.7867,86.5922,108.1999
2009-12-22,50.2384,48.7602,137.3646,127.7693,96.5645,112.553,97.754,120.0727,98.7526,109.3745,81.8455,76.7264,81.5111,68.0065,86.2751,108.1423
2009-12-23,50.6081,49.6385,137.2065,128.0702,97.4183,112.8338,97.9616,120.0352,98.6447,109.4951,81.9146,77.8894,82.4187,69.4821,86.6902,108.206
2009-12-24,50.7005,49.7422,137.0666,127.8138,98.3209,112.6842,97.5888,120.6604,98.6641,109.0449,81.5326,79.2539,81.3477,68.9713,86.3838,108.2219
2009-12-25,50.4119,49.6692,138.128,128.5268,98.1645,113.0663,97.7334,121.4642,99.0385,109.23,81.3649,78.8676,81.6332,69.5745,86.306,108.3003
2009-12-28,51.2426,50.4483,138.5389,128.8674,98.6802,113.5378,98.5024,122.4328,100.1487,109.3927,82.3782,79.7134,81.8488,71.253,86.2245,108.3271
2009-12-29,52.5489,50.7206,138.6751,129.3345,98.4508,114.057,99.0378,122.4865,100.9367,109.3925,82.8667,79.6059,83.448,72.4363,86.6982,108.3629
2009-12-30,53.4325,51.2387,139.7355,130.4734,100.1539,114.8089,99.3523,123.4752,102.238,110.5316,83.073,79.2559,84.317,74.3882,87.0221,108.4364
2009-12-31,52.7328,51.1426,139.8222,130.5239,99.8218,114.1634,99.2012,123.2746,101.9196,110.4212,83.3696,79.5401,84.7644,74.7162,86.3107,108.4273
2010-01-01,52.9592,51.0901,139.9233,130.5259,100.5926,114.3003,98.6895,123.3126,101.6668,110.5821,82.9052,79.0945,84.9415,75.1173,86.3512,108.4538
2010-01-04,52.8714,51.2353,140.1378,129.6334,99.3516,113.0466,98.0394,123.4065,101.2536,110.2569,83.9645,80.2125,84.3572,76.4731,86.0838,108.4496
2010-01-05,52.8446,50.8043,140.7018,129.9615,98.9287,112.5523,97.2947,123.0723,100.8767,109.9568,84.6314,80.1947,85.3392,77.4425,86.0259,108.4311
2010-01-06,51.994,50.4041,140.2953,129.9839,98.1987,112.1284,97.2663,122.1285,101.2082,109.7006,83.7605,79.2885,85.0962,74.7305,85.5122,108.5483
2010-01-07,51.9756,50.3765,140.0126,129.5403,97.7806,111.8206,97.4282,122.069,100.9726,109.5937,83.1699,79.8727,84.0725,73.0177,86.4667,108.5283
2010-01-08,51.7084,50.343,140.2095,130.2446,98.4771,112.5857,98.7069,122.7043,101.6954,109.9319,83.525,78.0644,85.2426,71.4911,86.6135,108.5579
2010-01-11,52.415,50.8326,140.1102,130.2399,98.7252,112.7629,98.8574,122.9649,102.1962,110.0846,84.054,77.5975,85.2109,72.8747,87.1232,108.54
2010-01-12,51.8426,50.3606,140.0424,130.0632,98.0628,112.9394,98.8111,122.5621,102.18,109.8293,83.2394,77.0074,83.756,71.1579,86.9082,108.5386
2010-01-13,52.2283,50.7472,140.0871,130.4583,99.8173,113.5037,99.8961,122.8426,102.417,110.6039,83.2184,76.8939,84.2125,71.8706,86.434,108.4746
2010-01-14,52.0194,50.4832,139.9817,129.7968,99.0813,112.9788,99.4474,123.37,102.5157,110.3069,82.7505,75.5631,84.2623,70.8673,86.139,108.4729
2010-01-15,51.4604,50.2263,140.181,130.3551,98.9853,113.0622,99.4795,123.1986,102.6327,110.1287,83.0635,74.0473,85.2571,70.2532,86.1721,108.5337
2010-01-18,52.2468,50.2653,139.6333,130.1521,99.6543,113.5463,99.706,123.4067,102.8248,110.2361,83.7946,73.0733,85.4683,71.0799,86.2407,108.532
2010-01-19,52.5313,50.0935,139.364,129.582,99.436,113.5459,99.3392,123.4498,102.6902,110.2647,83.8098,73.1903,84.9586,70.9071,86.207,108.6298
2010-01-20,52.1426,49.6384,139.295,128.8144,98.3066,112.6745,98.7014,123.3275,101.7657,110.3706,83.6947,72.904,84.8323,71.8054,85.6354,108.6283
2010-01-21,52.37,49.8814,139.7972,129.6466,98.6665,113.5059,99.6644,123.8912,102.5342,111.0229,84.343,72.596,85.0321,73.0526,85.8941,108.6291
2010-01-22,53.3401,50.4294,139.3751,129.6075,99.1499,114.463,100.6116,124.5655,103.424,110.9166,84.9826,71.6394,85.0262,74.2328,85.7213,108.6664
2010-01-25,53.9113,50.5184,139.3701,129.7025,99.459,114.9552,100.6712,124.5425,103.5215,111.5036,85.0421,72.8848,86.1697,73.9911,86.1925,108.6716
2010-01-26,54.9069,50.5955,139.1566,129.1185,99.1439,115.3825,100.4746,124.3335,103.4337,110.4686,85.958,73.8914,85.8479,75.167,85.3322,108.6763
2010-01-27,54.4094,50.2273,139.4145,129.4328,98.7932,115.4694,100.7025,124.3816,103.9054,110.2868,86.8933,74.1154,85.5755,74.2906,84.8656,108.6844
2010-01-28,54.1213,50.0967,139.1902,129.1464,98.673,114.9221,100.1179,124.0448,103.8211,110.0627,87.2412,74.2898,85.3329,73.7411,84.6889,108.7011
2010-01-29,54.7561,50.3868,139.4582,129.9099,99.8947,116.8191,101.3159,124.9145,104.7848,110.5827,87.9755,74.962,84.7056,74.0528,85.054,108.7324
2010-02-01,55.0144,51.0404,139.4562,129.901,100.7697,117.366,101.7934,124.9148,105.3386,111.0391,88.3359,74.2572,85.2882,74.1574,84.9744,108.7159
2010-02-02,54.9057,51.3641,139.0466,129.6108,100.588,116.9818,101.6089,124.971,106.0815,110.9261,88.5952,74.4485,84.5595,73.041,85.2967,108.8086
2010-02-03,53.0456,50.4456,140.0345,130.187,100.321,116.9759,101.8343,125.2644,105.1578,111.2394,87.8056,74.4995,83.3834,71.9177,84.7859,108.8647
2010-02-04,52.1775,50.3617,140.2531,130.7488,99.6765,117.3992,102.2108,125.652,105.7327,111.4779,88.7585,74.2658,83.9912,71.302,84.8019,108.949
2010-02-05,51.386,49.6036,140.338,130.5029,99.019,116.8408,102.2645,125.7645,105.2063,111.5487,88.0674,74.6718,83.1158,70.5928,83.7996,108.9053
2010-02-08,49.9421,49.3465,141.1156,130.6835,98.1829,115.9402,102.0057,125.854,104.9032,111.6241,87.3959,74.8259,82.8095,69.0588,83.8034,108.953
2010-02-09,50.0631,49.7347,141.3783,131.4037,99.1766,116.9522,102.3825,126.2473,105.9574,111.991,87.3289,75.211,82.3051,69.2156,83.7528,108.9549
2010-02-10,49.3198,48.9868,141.2485,131.0595,98.7907,116.355,102.3398,125.8415,104.893,111.9798,87.4365,74.6074,81.5687,68.6207,83.5068,108.8808
2010-02-11,48.3891,48.4202,142.1411,132.3199,99.0268,116.357,102.652,126.4962,105.3671,111.9535,87.9476,74.0231,81.2906,67.8941,83.6705,108.8522
2010-02-12,47.7769,47.9091,141.5708,131.8796,98.4909,116.2327,102.0977,126.1518,104.8905,111.5537,87.9905,73.0453,80.0042,67.2755,83.5016,108.9387
2010-02-15,48.439,48.1995,141.7018,132.0198,97.6125,116.3708,102.9497,126.2244,105.2999,111.5377,88.3672,73.0123,80.7405,67.7172,84.3268,108.9268
2010-02-16,48.1521,48.1547,141.5719,132.1662,98.1626,116.7853,103.4151,126.7797,105.9944,112.2203,88.6752,72.7983,80.6114,66.593,84.3575,108.8677
2010-02-17,48.299,48.0684,141.2326,131.9912,98.4269,117.3229,103.4578,127.3909,105.8439,111.7191,87.9392,73.3137,80.2163,65.8817,84.343,108.8824
2010-02-18,48.0361,48.3443,141.3238,132.088,98.0932,117.3242,103.1211,127.1608,106.2323,112.1123,88.6334,73.8851,80.8986,66.2413,84.2201,108.9788
2010-02-19,48.1628,48.142,141.3384,132.1989,97.5023,117.3251,102.6442,127.1009,107.2584,112.0676,89.0409,74.2448,80.3425,65.2493,84.6046,109.023
2010-02-22,48.2141,48.2325,141.8652,132.2532,96.986,117.4121,102.4494,127.4674,107.5255,112.2118,88.9935,75.3498,80.288,65.1972,84.9872,109.0002
2010-02-23,49.5513,49.4617,141.7961,132.3898,97.7461,118.2796,103.2051,127.6048,108.917,112.43,90.1664,75.4849,81.3154,66.3417,85.5046,109.1109
2010-02-24,50.3601,49.8876,140.6514,131.5663,97.5489,118.1639,103.0052,126.9993,109.5661,112.0508,90.7133,73.9565,81.4075,66.4221,85.5335,109.1406
2010-02-25,51.104,50.5482,139.7663,130.6724,97.9781,117.7871,102.1683,126.0795,109.123,111.4781,90.2403,74.796,81.0552,66.4511,86.0055,109.1514
2010-02-26,50.8367,50.4733,138.7789,130.0921,97.8733,117.2154,101.7533,125.1538,108.8068,111.3274,88.9102,75.1763,80.4841,65.4922,85.3555,109.1528
2010-03-01,50.0909,49.989,138.7603,129.7001,97.0113,115.8548,100.908,124.855,107.8775,110.6911,88.8063,74.3452,80.7863,65.3524,84.9376,109.1505
2010-03-02,50.3661,49.7805,138.3365,129.7617,97.0795,116.1164,101.1999,124.8127,108.025,110.76,88.6637,73.9539,80.0035,65.6416,85.0059,109.1629
2010-03-03,49.9565,49.5611,138.3294,129.493,97.2291,116.4318,101.1847,125.2072,107.4519,110.3776,88.1387,73.6709,79.7778,64.8571,84.5699,109.2064
2010-03-04,50.7934,50.3446,138.6603,130.3402,97.7635,116.5595,101.7046,125.0588,108.2055,110.9937,89.0334,74.8711,80.912,67.1068,85.1334,109.1997
2010-03-05,50.9873,50.015,138.9125,130.6684,97.355,116.668,101.4863,125.4961,109.408,111.1798,89.7863,75.2047,81.6224,66.5306,84.9026,109.166
2010-03-08,51.3369,50.2181,138.7338,130.4711,97.6652,116.5317,101.5057,125.7267,109.9924,111.1287,89.8588,75.1002,81.4974,65.6678,85.341,109.1225
2010-03-09,51.7226,50.4082,138.6748,130.3564,98.3019,117.3263,101.9974,126.5465,110.8776,111.8459,90.8402,75.0714,80.4319,66.4395,85.1187,109.0423
2010-03-10,50.4873,49.7828,138.2655,130.1879,97.6722,117.2884,101.6934,125.9373,110.057,112.1431,89.6942,74.657,79.8715,64.5348,85.3035,109.0903
2010-03-11,50.3235,50.1422,138.6348,130.3071,98.2411,116.3991,101.3184,125.9643,110.4558,112.0383,90.8357,74.1217,80.2825,64.4624,85.5664,109.1123
2010-03-12,50.8824,50.2441,138.8401,130.123,98.2428,116.6361,101.2207,126.3375,110.7233,112.292,91.8734,74.9763,81.2856,65.5517,85.0033,109.1128
2010-03-15,50.4019,49.9261,138.5611,129.5948,97.4306,115.1976,100.359,125.922,110.3144,111.4662,92.1912,74.9259,80.4639,64.6725,85.1406,109.136
2010-03-16,51.2251,50.3412,137.6144,129.0921,97.206,115.1151,100.0862,125.3168,110.3622,110.9658,91.7952,75.3855,81.5657,65.3619,84.6838,109.1573
2010-03-17,51.0559,50.6769,137.6323,129.1828,97.4869,115.2149,100.2546,125.396,111.3465,111.8179,92.163,75.2302,81.219,64.7636,85.1301,109.0765
2010-03-18,50.7316,50.7833,137.5387,128.2871,96.6083,114.3433,99.5672,125.2957,110.8617,111.399,91.7588,75.5114,80.4688,64.5759,84.8849,109.1292
2010-03-19,51.4728,51.5893,136.7515,127.5671,96.9558,114.4241,99.0992,124.8277,110.9152,110.7979,91.8733,74.7532,80.7076,65.2131,84.9682,109.2238
2010-03-22,51.4539,51.4523,136.3561,127.4611,96.525,114.8209,99.9828,125.0269,110.7268,110.9618,91.4813,74.7321,80.9013,65.0031,84.8127,109.2146
2010-03-23,52.1511,52.1857,136.4244,127.6874,96.8965,115.6867,101.041,125.3629,111.1731,111.1375,92.1755,76.2212,80.6532,65.792,85.3965,109.1099
2010-03-24,52.2499,52.2746,136.3862,127.5678,96.8453,115.9751,100.9764,125.7427,111.1824,110.9969,91.8546,75.9947,80.57,66.2616,85.1602,109.14
2010-03-25,52.0266,51.9096,136.5028,127.6899,96.3232,115.6911,100.8819,125.7701,110.9111,110.4541,91.9447,75.4294,80.9534,66.1725,85.0106,109.1023
2010-03-26,52.4226,52.1933,136.3018,127.622,97.3044,116.5604,101.402,125.6438,110.8117,110.9005,90.7921,74.8441,81.1544,65.5775,85.2742,109.0917
2010-03-29,52.4912,52.4565,136.098,127.488,98.0118,116.6373,101.5153,125.7477,110.9837,110.4465,91.0837,74.992,80.7841,65.8612,84.3673,109.0791
2010-03-30,51.7573,51.8196,135.9969,127.3602,98.1431,115.8082,100.8641,125.6321,110.7662,110.7391,90.1058,74.225,80.0442,64.5568,84.3255,108.9763
2010-03-31,51.3324,51.212,135.7792,126.9957,98.1388,115.9008,100.2771,125.4436,110.0584,110.4787,89.5463,74.1093,79.7709,63.2605,84.0765,109.0498
2010-04-01,51.5913,51.1577,134.7481,126.2599,97.6976,115.8661,100.5516,124.5657,109.7393,110.4309,89.1753,73.428,79.4482,63.3214,83.519,109.043
2010-04-02,51.5475,51.5771,134.866,126.2718,98.7978,115.6691,100.2563,124.7815,109.7912,110.7431,89.5596,74.0477,79.852,63.9341,83.1526,109.0328
2010-04-05,51.136,51.7308,135.5594,126.9608,99.3752,114.9505,100.4374,124.6593,109.4084,111.7196,89.2295,74.173,80.7783,64.6746,83.7126,109.0269
2010-04-06,50.5698,51.5027,135.938,127.2151,98.3719,114.8427,100.7364,124.6456,108.6825,111.5156,88.7855,74.0193,81.1395,65.0176,83.8146,109.0156
2010-04-07,50.4332,51.4563,135.5817,126.8344,98.203,115.0763,100.2204,123.9303,107.9653,111.1684,88.6284,73.3141,81.5049,65.1964,83.4913,109.0477
2010-04-08,49.631,50.9319,135.9972,126.6758,97.5102,114.2723,99.5475,123.6246,107.6193,111.099,88.3769,73.1236,80.7154,64.354,83.2933,109.0595
2010-04-09,50.9951,51.5686,135.747,127.178,98.3149,115.5267,100.8611,124.0717,109.1566,111.6221,88.548,73.5014,80.7678,64.7348,83.9217,109.0746
2010-04-12,51.6049,51.8654,135.6905,127.4726,99.7452,116.6441,101.7065,123.9109,108.9166,111.9158,88.7491,74.9875,80.2841,65.0817,84.1328,109.1325
2010-04-13,51.6931,52.0725,135.4769,126.8978,99.2222,115.7291,101.1976,123.3007,108.1606,111.7477,89.293,75.3209,80.6289,65.8246,84.3886,109.1195
2010-04-14,51.6275,52.3816,135.5457,126.7757,98.594,115.4249,101.1658,123.2207,107.391,111.4791,89.911,75.3004,80.8306,67.3517,84.9013,109.2052
2010-04-15,52.0958,52.7939,135.0826,126.5115,97.2753,115.5081,102.0149,122.3744,106.6399,111.2146,91.07,76.6454,81.0257,69.1124,85.3898,109.2122
2010-04-16,52.1333,52.7051,135.7981,127.3118,97.9241,116.3622,102.5227,123.2108,107.2068,111.5563,91.389,74.9359,80.8954,68.9622,86.4509,109.178
2010-04-19,51.1145,51.9535,136.0163,127.1789,96.7027,115.3439,102.2973,123.124,106.8263,111.3621,91.4902,75.8193,80.2052,67.9177,85.9332,109.1085
2010-04-20,51.4811,52.1921,135.956,126.8665,95.8215,114.7093,102.2751,123.2201,107.4681,110.7859,92.9004,74.7692,80.8116,68.1158,86.1045,109.1407
2010-04-21,50.0943,51.5967,136.1275,126.8115,94.7253,113.8506,101.8462,123.1961,106.9281,110.4928,92.515,75.6546,80.5713,66.5754,85.6308,109.1899
2010-04-22,50.6577,51.7589,136.3277,126.5273,94.7468,113.6965,101.7482,123.5486,106.8353,110.4282,91.9387,75.1928,80.8184,67.2414,85.693,109.2467
2010-04-23,51.7801,52.597,136.005,125.9589,95.7369,114.9703,101.9757,123.859,106.3054,110.8423,91.4653,75.1689,81.1361,68.7488,86.3196,109.3267
2010-04-26,52.0706,53.1738,135.5196,125.5813,95.2462,114.646,101.8877,123.1033,106.1776,110.8003,91.0105,75.2194,81.4358,68.6724,87.1542,109.3308
2010-04-27,51.3883,53.012,135.0465,124.9949,94.6349,114.0603,100.8203,122.1728,105.7274,110.4532,90.6315,74.9385,80.9278,67.5538,87.0335,109.3315
2010-04-28,52.0407,53.4923,134.8927,124.9285,95.0351,113.8354,100.5222,122.0725,106.2032,110.8538,91.46,74.8102,81.1538,68.9439,87.4141,109.2312
2010-04-29,51.224,52.8341,135.1303,125.2787,95.6535,113.8444,100.2597,122.2251,105.9871,111.0627,91.0295,73.1804,82.0241,67.5443,87.0824,109.2375
2010-04-30,51.9789,53.4077,134.8574,125.2862,96.1253,114.6596,100.9359,122.629,107.0767,111.4062,91.8151,73.3437,82.2472,67.6392,87.2847,109.2656
2010-05-03,52.4722,53.4101,134.9095,124.9876,96.345,114.3095,101.2761,123.1947,106.6703,111.6795,91.6532,73.9285,82.0457,67.6769,88.0403,109.313
2010-05-04,52.1765,53.1115,134.9996,125.4881,96.9897,114.7577,101.7585,123.3887,106.9313,112.2957,91.2346,73.4302,81.8695,66.3627,88.6083,109.3879
2010-05-05,52.6493,53.2086,134.8246,125.5051,97.1235,114.4968,101.906,123.2952,107.1187,112.4236,91.2908,74.1789,82.3059,66.2865,88.8423,109.4995
2010-05-06,53.3538,53.144,134.2611,125.5841,96.6972,114.4076,101.8815,123.1486,107.6703,112.1178,91.1649,74.419,82.3532,66.9033,88.7894,109.4927
2010-05-07,53.0565,53.3882,134.2775,125.3457,95.4497,113.856,101.9404,122.2843,107.7521,111.7711,91.9219,76.2107,81.6374,66.7234,88.6777,109.4608
2010-05-10,54.0051,53.5922,133.9649,124.5845,94.6039,113.3634,101.8673,121.9035,107.3313,111.2117,92.2138,76.7569,82.7249,66.362,89.3595,109.495
2010-05-11,53.756,53.4143,133.3794,124.1913,94.1347,113.0415,101.7143,121.5992,106.8721,110.6876,92.1411,77.7036,82.7842,65.7292,88.8689,109.5533
2010-05-12,54.0494,53.3856,133.0673,124.626,95.0648,113.1938,101.8044,121.7627,107.4036,110.2698,92.1829,78.2925,82.3097,64.9491,89.1731,109.5594
2010-05-13,53.6858,52.8522,132.8248,124.7655,95.675,113.5036,101.5599,121.8012,107.8046,110.087,91.7308,76.8636,81.686,62.8585,89.2983,109.6442
2010-05-14,52.898,52.6757,132.9403,124.4747,95.2479,112.8457,100.7929,121.7711,107.0286,110.0637,91.5774,76.9258,82.0275,62.725,89.2204,109.6604
2010-05-17,52.2629,52.4293,133.0654,124.7696,95.7607,112.936,100.2815,121.6154,107.5225,110.4053,91.6331,77.0646,80.7366,62.534,88.6066,109.626
2010-05-18,50.9522,51.7155,132.6654,124.0006,94.9349,112.3029,99.9017,121.9575,107.0191,110.4101,90.3875,76.4063,80.0587,60.1952,88.0813,109.6035
2010-05-19,50.5691,51.4003,132.4681,123.9983,95.1049,112.386,99.5774,122.2847,107.6604,110.3486,90.1834,76.5768,79.9898,58.7426,87.5316,109.5436
2010-05-20,51.1495,51.6858,132.923,124.1719,95.1693,112.7037,99.9798,122.7864,108.1111,111.2793,90.0657,76.646,81.0223,59.1848,88.2454,109.524
2010-05-21,50.5356,51.4501,133.034,123.7714,94.093,111.9563,99.1885,121.9443,107.3842,110.6513,90.5221,77.0425,80.0181,58.8251,88.4693,109.564
2010-05-24,50.771,51.0879,132.5606,123.5955,95.3438,112.346,99.2325,121.8718,107.2029,111.0204,89.3672,76.8087,78.5499,57.644,88.761,109.6248
2010-05-25,49.0291,50.4702,133.2508,124.055,94.8927,111.771,98.847,121.7282,105.7309,111.363,88.6514,76.6698,79.2541,57.9706,88.0314,109.6841
2010-05-26,48.6594,50.2588,133.479,124.0044,94.6572,111.5222,98.6579,121.5145,105.0464,111.4311,89.4996,76.3599,79.0807,58.0988,88.6602,109.7108
2010-05-27,48.3791,49.7302,133.0035,123.3565,93.6757,111.0529,98.8052,121.521,104.343,110.9019,89.0057,75.1592,78.0652,57.4201,88.7563,109.8218
2010-05-28,48.7592,49.4742,132.9006,123.1192,92.8523,110.7042,99.0611,122.0284,103.9737,110.263,88.5983,74.638,78.4677,57.4719,89.0402,109.8913
2010-05-31,49.2737,49.6483,132.8729,123.1804,93.0738,111.1351,99.4911,122.2378,104.5335,110.0112,89.8185,74.8489,78.5507,57.4539,89.1692,109.9727
2010-06-01,48.7493,49.4294,132.5801,122.6358,91.6915,110.597,99.2719,121.9045,104.6324,109.7014,89.1788,74.4812,77.0502,56.3217,89.3563,109.9925
2010-06-02,47.8908,49.3776,132.2314,121.5427,90.5797,109.2226,98.2889,121.4222,103.283,109.2586,89.1475,74.6176,76.8952,56.0506,89.2376,110.0696
2010-06-03,47.4608,49.1664,132.3835,122.007,90.9599,109.2659,98.4684,121.4927,103.1944,109.4189,88.2193,75.4794,75.9813,56.1916,88.6969,110.0767
2010-06-04,47.0207,49.2179,132.6771,121.8468,90.8915,108.6548,97.6301,121.4776,103.3861,109.2993,87.97,75.9736,75.89,55.2593,88.6895,110.0836
2010-06-07,46.9166,48.7226,132.5083,122.0767,90.9576,109.0515,98.1388,121.7485,103.0902,109.3987,87.4934,75.8305,75.4465,55.2974,88.4772,110.0928
2010-06-08,46.9906,48.8147,133.2039,122.627,90.8423,109.4189,98.7287,122.1988,102.696,109.7984,87.5279,75.3821,76.9616,57.0546,88.261,110.1327
2010-06-09,47.2108,49.0749,133.2704,122.8386,91.0726,110.1415,99.3538,122.2747,103.2556,110.1727,88.337,75.6306,77.592,56.9221,88.3766,110.104
2010-06-10,46.8108,49.1635,133.7981,123.1236,91.4226,110.7284,99.3104,122.4872,103.1841,110.2147,87.7294,76.4346,78.2264,55.8075,88.4819,110.1186
2010-06-11,47.9949,49.1875,134.4434,123.8431,92.7246,111.476,99.8425,123.4582,103.4111,110.9474,88.1245,76.9118,78.5685,57.781,89.0034,110.1306
2010-06-14,48.3884,49.441,134.4311,123.7136,92.6394,110.9519,99.3335,123.0706,103.3229,110.3927,87.903,77.2282,78.9653,58.0502,89.1954,110.1604
2010-06-15,48.8032,49.5106,134.2657,123.2535,92.4054,110.9206,98.9273,123.0595,103.4505,109.7494,88.1089,76.9224,78.147,58.4785,88.8526,110.178
2010-06-16,49.6332,49.4497,134.8256,123.5408,92.772,111.0361,99.0389,122.914,103.3398,110.1535,88.4802,76.2148,77.9249,60.1112,89.4486,110.1964
2010-06-17,50.0397,49.7095,134.7576,123.564,93.3643,110.7885,98.851,122.3613,103.8875,110.5232,88.522,75.7833,77.7842,60.4477,89.3841,110.185
2010-06-18,50.5936,50.3068,134.9699,123.4433,93.9903,111.1848,99.1815,122.9185,103.8651,110.4809,88.4333,77.6489,78.105,60.267,89.8815,110.2146
2010-06-21,50.8847,50.0459,134.5611,123.2416,94.0281,111.4487,99.175,123.0897,104.0925,110.4513,88.5637,78.4479,78.3973,59.7808,89.2813,110.2449
2010-06-22,50.0065,49.4361,134.1963,122.834,92.9639,110.1457,98.493,122.0595,102.6874,110.0499,88.4149,78.6709,78.3865,59.7376,88.9174,110.2468
2010-06-23,50.6241,49.4529,135.3185,124.0992,94.2572,111.1313,99.2988,123.1986,103.7929,110.4802,89.6399,78.8654,79.8614,60.29,88.8868,110.266
2010-06-24,51.204,49.361,135.9753,125.0094,95.2966,112.0486,100.2276,124.1026,104.6354,111.0706,90.0239,77.7269,80.0216,60.6493,89.4973,110.2078
2010-06-25,50.5531,48.6979,136.3559,124.9188,94.9465,112.0681,100.5727,124.4041,103.2405,111.4525,88.695,77.5889,79.8245,59.8173,90.0653,110.1815
2010-06-28,50.3806,48.7372,136.2569,124.8399,94.728,112.0193,100.7509,124.3174,103.1686,111.8906,89.1276,78.4375,79.8606,60.755,89.2788,110.1824
2010-06-29,50.9044,48.7741,135.6539,124.5447,94.1194,111.9205,100.4705,123.4565,102.8925,111.226,89.3969,78.3183,80.1461,61.5348,89.1264,110.204
2010-06-30,51.1868,49.4062,136.6145,125.5725,95.9466,113.0759,101.2564,124.9516,103.8137,112.3565,89.3175,79.0675,80.3037,62.1066,89.944,110.2222
2010-07-01,49.365,48.7304,136.6645,126.0478,94.7599,113.1096,101.4599,124.841,103.9064,111.9571,89.294,79.3359,80.2927,59.7841,89.2006,110.2964
2010-07-02,49.4008,48.9588,136.7013,125.8707,94.0226,112.3685,101.661,124.8812,103.8691,111.5572,89.6162,80.1669,80.5546,60.4914,88.8157,110.2997
2010-07-05,49.7781,49.1682,136.5476,125.8267,94.1224,111.718,101.6067,124.7246,104.3429,111.1326,89.9663,79.9624,80.6686,60.0753,89.1631,110.251
2010-07-06,49.1153,48.6475,136.8009,126.4095,94.4337,111.8423,101.5304,125.0132,104.4979,110.9099,89.5325,79.0473,79.9447,59.3982,88.9008,110.2235
2010-07-07,48.8209,48.2536,137.1772,126.5549,93.9674,111.4567,100.7184,124.6946,103.8933,111.0092,90.0997,80.0271,80.5951,59.8304,88.9879,110.2669
2010-07-08,49.5081,48.6472,136.7914,126.4771,94.2312,111.5098,101.3016,124.8732,104.151,111.366,89.2031,80.6664,81.1879,59.8999,89.3294,110.3768
2010-07-09,50.0061,49.1658,136.6991,126.9036,95.8516,112.7632,102.4547,125.3051,104.9,111.8164,89.0679,80.0983,81.0953,59.8551,89.3088,110.3582
2010-07-12,49.5923,48.7452,136.567,126.8041,94.9473,112.2387,102.2452,124.5705,104.7071,111.5911,89.6104,79.6262,80.0173,60.038,89.0957,110.4407
2010-07-13,49.7015,49.0012,135.847,126.2283,94.6887,111.9056,102.6616,124.5716,104.449,111.6369,89.495,78.9953,80.1885,60.1929,89.2285,110.4472
2010-07-14,49.043,48.8323,136.8079,126.5976,94.0538,111.5511,102.4373,124.8658,104.4726,112.7018,89.9473,79.0778,80.2278,60.4951,90.049,110.4187
2010-07-15,48.8445,48.9131,136.1835,126.4027,93.8818,112.268,102.8718,124.5569,104.6805,113.6494,90.466,79.3724,79.9065,60.4703,90.1223,110.4678
2010-07-16,49.0567,49.1694,136.0128,126.043,93.7866,112.5481,102.6274,124.2008,104.5374,113.6852,90.5541,80.8424,79.3529,60.4887,90.3328,110.5555
2010-07-19,50.2822,50.3746,136.3622,126.7915,94.1374,113.7176,103.8041,124.1413,105.9024,114.2109,91.3548,80.767,81.3085,61.7131,91.3022,110.5605
2010-07-20,50.2663,51.122,135.9478,126.7406,93.2378,113.5289,104.1475,123.0709,106.6517,114.0338,92.3492,81.2804,81.2388,62.2018,91.2111,110.5384
2010-07-21,49.7824,50.4448,135.8736,126.6359,93.1293,112.4069,103.6197,122.198,105.7551,113.8037,92.196,81.3922,80.1754,62.2952,90.7105,110.5111
2010-07-22,50.0995,50.5579,136.1716,126.7201,92.8709,113.3067,103.8268,122.0442,105.4075,114.0003,93.077,81.9106,79.6239,63.217,91.7104,110.5318
2010-07-23,50.759,51.0921,136.1639,127.1352,93.8459,114.862,104.8886,122.1596,105.822,114.5908,93.2167,82.4754,79.503,63.9962,91.9894,110.5757
2010-07-26,50.0222,50.9901,136.4264,127.0123,92.9966,114.9902,104.8329,122.0676,105.3,114.2177,94.0356,83.1694,78.6614,64.1499,91.838,110.6503
2010-07-27,49.4809,49.9886,136.1709,126.7423,92.2283,113.9966,104.1943,121.8745,104.2742,113.8487,94.2534,82.7072,77.4804,64.8338,91.3959,110.6343
2010-07-28,50.314,50.0991,135.8196,126.8406,92.7009,115.0215,105.1258,122.0324,104.5587,114.1621,93.7996,82.0926,77.1814,65.2865,91.7893,110.5842
2010-07-29,50.76,49.8456,135.8866,126.8721,92.973,114.8832,105.0759,122.222,104.8227,114.1592,94.3389,82.6636,77.3189,65.0085,91.7937,110.6409
2010-07-30,50.0909,49.2818,135.7177,126.8846,92.9054,114.5301,104.7609,121.9098,104.7661,114.216,93.6328,82.6141,77.1032,63.2063,91.5204,110.632
2010-08-02,50.7927,49.2173,134.9541,126.1383,93.1366,114.3985,104.4996,121.7555,104.6308,113.749,93.5117,83.217,77.173,62.0312,91.7088,110.6529
2010-08-03,51.3965,49.1801,134.897,126.3798,92.8491,114.4904,104.8493,121.831,105.5024,114.0475,93.4074,83.0404,77.6636,61.9284,91.9771,110.66
2010-08-04,51.1445,48.8872,134.6405,126.3238,93.0506,115.3164,105.1296,122.05,105.1922,114.1145,93.2015,83.4649,76.5673,61.5276,91.9467,110.6403
2010-08-05,50.8058,48.938,135.1497,127.1612,93.7094,116.0258,105.7217,122.056,105.6403,114.626,94.2546,83.246,76.4037,62.6768,91.2834,110.6024
2010-08-06,49.7818,48.465,135.2797,126.957,93.3912,116.2393,105.7006,122.4315,104.2026,114.0163,93.8216,84.035,75.3498,62.1761,91.1647,110.5696
2010-08-09,50.2355,48.7356,134.7875,126.9661,94.1084,117.1566,106.765,122.9668,104.8934,114.534,93.6656,84.5873,74.4353,62.0536,91.1807,110.6192
2010-08-10,50.7677,49.0672,135.4152,127.7208,94.6549,117.3273,107.0687,123.2542,105.9579,114.6238,94.2792,84.3058,75.5635,62.4826,91.2932,110.511
2010-08-11,51.9782,50.1312,135.6007,128.2106,95.4458,118.3348,107.8888,123.2235,107.2799,114.8741,95.6057,85.074,76.6671,62.6223,92.525,110.5308
2010-08-12,52.2063,50.343,135.3342,128.3668,95.8202,119.1243,108.3293,123.4579,107.7113,114.8821,95.6771,85.1418,76.665,62.1353,93.0055,110.4793
2010-08-13,52.3847,50.6395,134.5494,127.573,94.9506,118.4833,107.9313,122.8177,107.4859,114.4447,94.8514,86.1022,76.6193,61.3306,93.3351,110.4835
2010-08-16,53.1558,51.0723,134.4451,127.7034,95.8028,119.0162,107.8044,123.1058,108.0134,114.7737,95.6677,86.5815,78.0942,60.8861,94.4529,110.5184
2010-08-17,52.4348,50.6048,134.0244,127.4262,95.6281,118.6443,108.0763,122.5173,107.4131,114.8105,95.188,86.3439,77.7695,59.2938,94.2699,110.4804
2010-08-18,53.1386,51.3511,133.3416,126.7009,95.2795,118.5565,108.2054,121.9843,107.5821,114.6216,95.5571,84.632,77.723,60.6586,94.2143,110.4955
2010-08-19,51.5955,50.6119,133.69,126.4927,93.7025,116.6317,107.3954,121.4197,106.9161,114.2104,95.0966,83.7302,76.5433,59.9974,93.8001,110.4546
2010-08-20,51.5297,50.8317,133.9184,127.1466,95.1314,117.2931,107.6619,121.8399,107.3911,114.2747,95.4786,83.7531,77.3107,59.5326,93.6726,110.4888
2010-08-23,52.3496,51.2904,134.3731,127.5801,96.2863,118.051,108.4916,123.1453,108.4291,115.0168,96.7883,84.7337,77.1691,61.1104,93.5122,110.5178
2010-08-24,51.7637,51.0885,134.067,127.504,96.6614,118.0429,108.472,122.836,108.9211,115.1816,97.1541,83.954,76.2337,59.8314,93.1386,110.5307
2010-08-25,51.8318,51.6462,134.4711,128.4788,97.363,119.1836,109.3309,123.3477,110.3983,115.7657,98.5007,84.3099,76.9704,60.2033,93.1472,110.6002
2010-08-26,51.8719,52.1964,134.0582,128.1131,97.4849,119.587,109.5325,123.2241,110.1368,115.9563,98.9999,84.2514,76.67,60.9708,93.4778,110.5984
2010-08-27,51.2223,51.4395,133.9741,128.4835,98.8648,120.4226,109.8248,123.585,109.4351,116.2295,98.3604,83.4254,75.8042,60.4037,92.9221,110.5817
2010-08-30,51.4004,51.6669,133.6572,127.683,98.0629,120.1307,109.7937,124.031,109.0688,116.2658,98.3524,83.8532,76.0415,61.1,92.6882,110.5749
2010-08-31,51.4218,51.6849,133.7701,127.8114,97.8875,119.7835,109.7502,124.4547,108.9977,115.9199,99.3286,84.1782,75.8861,61.8893,92.9607,110.6384
2010-09-01,52.0774,52.0304,133.1619,126.9025,98.4164,119.7879,109.5163,124.6008,109.5799,116.0255,99.18,83.172,75.548,61.0272,92.997,110.6218
2010-09-02,51.4856,51.5663,133.315,126.6454,97.3233,118.3242,108.493,124.6464,108.8681,115.3143,98.4908,83.9766,74.9529,61.0159,92.8384,110.6404
2010-09-03,51.8604,51.8297,133.1633,126.1405,97.1952,118.4453,108.4829,124.8965,108.1831,115.0769,97.9024,84.4673,74.7741,61.8569,92.9219,110.5991
2010-09-06,51.4772,51.9421,132.8408,125.9963,96.9004,118.7389,108.6839,124.612,108.452,115.5959,97.7343,84.2145,74.4272,62.1923,92.2169,110.585
2010-09-07,51.3874,51.4758,133.0772,126.1567,96.8227,119.4404,108.7504,125.2876,108.4823,115.6729,97.4411,83.8858,74.5523,61.3813,92.4152,110.6352
2010-09-08,52.1112,52.5205,132.1736,125.6136,97.2736,119.6791,109.1397,125.0451,108.2952,115.6493,96.405,83.9373,75.8751,61.1292,93.2518,110.6644
2010-09-09,52.1575,52.3736,132.1639,125.4383,96.9942,119.7606,109.156,125.3712,108.3302,116.1151,96.07,83.9245,75.8298,60.7583,93.6822,110.6655
2010-09-10,52.0907,51.7666,131.8144,124.8124,96.2074,118.9084,108.5988,124.939,107.8344,116.0427,96.1055,82.6178,75.5973,60.4832,93.6408,110.6911
2010-09-13,51.5121,51.6645,131.4929,124.5258,95.6995,118.9012,108.6493,124.1594,107.0031,115.8097,95.4632,82.477,75.2674,60.0651,93.4169,110.7963
2010-09-14,51.8022,51.8215,131.5286,123.6797,94.896,118.2561,108.8474,124.3563,106.7299,115.7868,95.123,82.0912,75.7974,59.3668,93.7485,110.7475
2010-09-15,52.8747,52.2464,132.2844,124.3204,95.6549,118.2159,108.7029,124.9859,107.5881,116.1796,95.1777,84.3936,76.9373,60.2042,94.1685,110.7356
2010-09-16,53.2511,52.3332,131.7288,123.4924,94.624,117.4554,107.7952,124.3983,107.2233,115.7438,94.0888,84.6559,77.9506,59.7181,94.1746,110.7942
2010-09-17,53.609,52.709,131.6787,124.12,95.3584,117.9709,108.8321,125.0799,108.8519,116.0853,93.9903,84.3246,78.4317,59.342,93.8004,110.7619
2010-09-20,52.5393,52.1313,131.4491,123.4031,94.4249,117.5227,108.5005,125.0777,107.9813,115.8225,92.7395,83.2756,77.745,57.456,93.7676,110.7907
2010-09-21,52.9759,52.2421,131.4006,123.2761,95.4506,117.9585,109.1728,125.3837,108.1767,116.3172,92.5384,83.932,76.4016,57.1574,93.895,110.8684
2010-09-22,51.4413,51.2065,131.7464,124.1539,96.1952,118.0848,109.7426,125.6137,107.5535,116.4981,91.7009,84.4394,74.9217,55.8762,93.3193,110.8462
2010-09-23,51.3705,51.4323,132.1607,124.6623,95.874,118.5352,109.9544,125.4341,107.2855,116.4838,91.7892,85.8316,74.7751,56.6975,93.9438,110.8747
2010-09-24,52.1711,51.9217,132.4719,125.121,96.7499,119.6624,111.2687,125.9626,107.3847,117.1961,92.2387,86.7651,75.7281,57.5968,94.5104,110.8859
2010-09-27,52.3745,52.0004,132.9299,125.362,97.435,119.5514,111.1512,126.5013,107.8327,117.4833,93.2412,85.5625,75.9136,58.2805,94.6307,110.9357
2010-09-28,52.6765,52.5131,133.3219,126.0111,98.92,120.4776,112.3779,127.6918,108.2661,117.8008,93.2054,86.3505,76.0301,57.8933,95.5121,111.0189
2010-09-29,53.0678,52.5744,133.4813,126.503,99.4176,121.1741,112.1913,127.8896,109.1441,117.8851,93.5486,86.7225,77.4458,57.6887,95.1307,111.0176
2010-09-30,53.4452,52.8637,134.0068,126.8775,99.6776,121.4221,111.6066,128.1008,109.3586,117.9404,94.403,86.6024,77.9478,59.3726,95.2652,111.085
2010-10-01,52.9645,52.3816,134.2705,127.4181,99.8633,121.0244,111.678,128.596,109.9986,118.4782,94.637,85.5479,77.4589,59.1696,95.2941,111.0977
2010-10-04,52.1821,52.1155,133.4714,126.5037,99.3444,120.2635,111.1615,128.6669,109.2674,118.0595,93.3577,84.8182,76.9126,58.0088,94.7748,111.076
2010-10-05,51.4836,52.1,133.2628,126.2099,98.9947,119.6733,110.7619,128.0529,108.7354,118.3239,93.3876,85.0911,77.4284,57.4474,94.6563,111.1355
2010-10-06,51.5226,52.3862,133.6112,126.5476,98.654,119.5684,111.0636,128.106,108.6298,117.9419,92.6171,85.19,78.0675,57.8053,94.816,111.2044
2010-10-07,52.083,53.0744,133.1668,126.496,99.6631,119.5352,111.4751,128.0896,109.3758,118.1276,92.8722,84.9512,78.1826,57.2886,95.5423,111.2572
2010-10-08,52.1595,53.2982,132.8539,126.55,99.5568,119.8186,111.8803,127.8589,108.9859,117.9112,91.868,85.7372,78.8532,56.9565,95.7975,111.2437
2010-10-11,52.287,53.0805,132.6587,126.8537,100.9028,120.9003,112.8228,128.4258,109.3943,118.3612,91.6771,85.0196,78.2829,56.3241,95.5531,111.2348
2010-10-12,51.8035,52.7503,133.1287,127.2164,100.9158,121.3091,113.2912,128.9961,109.3425,119.1661,91.5938,83.5659,79.4519,56.181,95.4349,111.2907
2010-10-13,51.5456,52.4862,133.0899,127.1214,101.2132,121.8914,113.8437,129.2582,109.4793,119.6923,91.0336,82.3253,79.3368,55.0647,95.3201,111.3178
2010-10-14,51.9822,52.3737,133.0766,127.2256,101.4874,122.3494,113.6832,129.2912,109.9785,119.8296,91.6288,84.2746,78.3055,55.0448,95.5004,111.2955
2010-10-15,52.2566,52.561,133.0116,126.9287,101.6603,122.9618,114.1515,129.6404,109.8149,120.2835,91.9994,84.6265,78.3785,55.4816,95.4364,111.3282
2010-10-18,52.1522,52.5287,132.5883,126.6894,101.7861,123.3093,114.8616,129.9433,110.1244,120.8169,92.0094,85.0399,77.7336,55.0011,95.1033,111.3425
2010-10-19,51.6417,52.0638,132.5324,126.5946,101.0512,122.9855,114.885,129.5186,109.1714,120.4194,91.335,84.3771,77.4762,54.3568,95.6185,111.2755
2010-10-20,53.0078,53.1709,132.2186,126.4692,101.6351,123.905,115.4303,129.8878,110.5296,120.2581,92.6174,85.067,79.0256,55.0407,95.385,111.2609
2010-10-21,54.3658,53.3889,132.2166,127.1004,102.9343,125.2291,116.3942,130.3343,111.5387,120.5624,92.5201,85.1841,79.3332,55.9462,95.1404,111.3304
2010-10-22,53.3506,51.946,131.7498,126.2377,101.383,124.0634,114.9383,129.8059,109.5425,120.2504,91.5526,84.9387,79.2906,55.1621,94.7155,111.3356
2010-10-25,54.371,52.3818,132.4437,126.6106,101.4616,124.38,115.3543,130.1043,110.7257,121.1042,92.1,84.4948,80.4559,56.3947,94.7384,111.3746
2010-10-26,54.3722,52.4223,132.3748,126.8285,101.5097,124.5274,115.6764,130.0546,111.5407,121.1041,91.7444,83.9236,80.2194,55.8749,94.4194,111.3901
2010-10-27,53.1943,51.4968,132.4212,126.472,100.1863,123.0123,114.8346,129.4926,109.7473,120.1275,90.5494,84.2469,80.7273,54.3364,94.437,111.3811
2010-10-28,53.9372,52.2666,132.6944,126.8481,100.341,123.5749,115.1639,129.7664,110.5372,120.8009,91.317,84.4612,82.3822,55.4533,95.1743,111.3712
2010-10-29,54.0551,52.1978,132.1142,126.0493,99.8585,123.4855,114.4423,129.5825,110.3366,120.4198,91.4537,83.9141,82.0995,54.9464,95.3726,111.3202
2010-11-01,54.7678,52.82,131.6923,125.7318,101.0889,123.5699,114.6283,129.5603,110.7454,120.9566,91.6135,84.0299,82.0225,55.0734,95.6336,111.3569
2010-11-02,54.9136,53.2049,131.5907,125.4485,100.6907,122.8289,114.533,129.6124,110.7156,120.9095,91.8241,84.0893,82.6479,55.7482,95.6301,111.4355
2010-11-03,55.4457,54.0304,131.6606,126.082,101.1257,123.9106,115.4898,129.9948,111.0679,120.3612,91.6938,84.1551,83.777,56.7389,95.6989,111.5294
2010-11-04,55.261,53.8537,130.8752,125.333,101.6187,124.4407,115.5287,130.1179,110.2151,120.0004,90.5071,83.82,82.3075,55.7009,95.6401,111.5104
2010-11-05,54.5455,53.9101,131.231,125.2478,100.8183,124.3631,115.6617,130.0597,110.0053,120.142,91.1463,84.2104,82.2255,55.1607,96.0724,111.5285
2010-11-08,54.5527,53.6188,131.2344,125.5595,100.437,124.9852,116.3746,129.7795,109.3928,119.4778,90.4118,83.4208,82.4489,55.2087,95.9888,111.5523
2010-11-09,54.8059,53.5582,131.0846,125.5532,99.5226,125.3131,117.0466,129.7756,109.6219,119.2647,90.8658,83.5874,82.1381,55.203,96.4085,111.4811
2010-11-10,54.4767,53.3877,131.7624,126.0754,99.3396,124.2671,116.6367,129.9297,108.9949,118.7733,91.1459,83.4939,83.0971,55.8886,96.7883,111.5075
2010-11-11,54.7786,53.9052,132.3805,126.373,99.9827,124.8661,117.2418,130.3,108.229,119.2796,91.2975,84.5485,84.4505,56.9711,97.4688,111.5197
2010-11-12,54.4855,53.557,132.5973,126.1029,99.9749,124.5067,116.3709,130.3914,107.9351,119.1026,90.6622,84.8198,83.6209,56.4375,97.1736,111.5595
2010-11-15,54.8812,53.8186,133.15,127.0595,100.5844,125.0899,116.831,130.7618,108.2563,118.8709,90.7461,85.9971,84.2237,56.9564,97.7527,111.6146
2010-11-16,55.6979,54.4555,133.2149,127.2231,101.1737,125.6455,117.0629,130.9641,108.9841,118.6674,90.8895,86.5652,84.6625,57.3706,97.7492,111.6577
2010-11-17,55.7762,54.6101,132.9733,127.2538,102.4373,126.0156,117.5187,131.2327,108.9481,119.0163,91.0949,85.8028,84.7691,57.7348,97.2655,111.6466
2010-11-18,55.7922,54.5523,132.7086,127.5989,102.884,126.9743,118.3911,131.5643,109.5702,119.6734,90.4907,86.6348,84.0678,57.1978,97.1998,111.6333
2010-11-19,55.3282,54.8063,133.0669,127.7762,102.8557,126.8305,118.0026,131.5518,108.6613,119.5516,90.146,86.852,85.5604,57.2619,97.8981,111.7166
2010-11-22,55.738,55.2819,132.6942,127.0617,102.3507,125.8241,118.1454,131.0871,108.0901,119.19,90.3411,87.4094,85.5717,57.3376,98.6154,111.7656
2010-11-23,55.4426,55.6364,133.0019,127.6005,102.6408,125.8772,118.1247,130.8683,108.3902,119.3578,90.5357,88.1746,85.0166,57.0801,99.72,111.8133
2010-11-24,55.1452,55.4001,133.6354,128.4406,102.6334,125.7512,118.5696,131.9963,108.1246,119.3627,89.8702,88.7099,86.292,57.3221,100.1908,111.8506
2010-11-25,54.2316,54.6531,133.5045,128.3678,102.839,125.448,118.9371,131.8666,107.5901,119.5853,89.3433,87.6013,85.2762,55.8354,100.1422,111.9053
2010-11-26,53.3058,54.5666,132.9303,128.1072,102.439,126.1116,119.8868,131.9919,107.5459,119.7161,89.1257,85.96,85.1133,54.6289,99.7732,111.9495
2010-11-29,52.4152,54.1844,132.2731,127.2791,100.8122,124.8249,119.3899,131.0986,107.1236,118.9894,89.5985,84.8476,84.3209,53.8131,99.2748,111.9857
2010-11-30,52.5803,54.5976,131.9962,126.6568,100.5061,125.0592,119.7381,131.4407,107.2775,118.8848,89.4202,84.0402,83.2748,53.8458,99.4049,112.0551
2010-12-01,52.3966,54.4229,132.3757,127.2369,100.8326,125.6909,120.2467,131.7602,107.5588,119.1107,89.4431,83.5176,83.9698,53.486,99.4005,112.0665
2010-12-02,51.8928,54.1183,131.8025,126.7653,100.0284,125.3898,120.0206,131.5519,106.8512,118.9062,88.5973,83.6828,84.0941,53.2659,98.7846,112.0471
2010-12-03,51.8037,54.2515,131.6044,126.1752,99.4554,124.8891,119.3928,131.3366,106.0258,119.1492,88.7001,82.0291,83.4625,54.8879,99.1816,112.032
2010-12-06,50.8987,52.8272,132.1107,126.433,98.3119,124.6298,119.4387,132.3588,105.4278,119.3848,88.0367,81.9141,82.4807,54.7378,98.7044,112.0189
2010-12-07,50.752,52.9383,132.5518,126.9598,99.4238,124.5049,118.9711,132.6939,105.7475,119.9067,87.8866,81.1817,82.9811,54.88,99.067,111.9255
2010-12-08,50.7865,53.11,132.8645,127.36,100.2663,124.4864,119.1984,133.1261,105.6231,120.317,88.5057,81.2249,83.3545,55.5219,99.6784,111.9844
2010-12-09,50.2268,52.7481,132.4896,127.0105,100.1416,124.6049,119.5054,133.5167,105.7206,120.4786,88.3294,80.9958,82.8368,53.836,99.6063,112.013
2010-12-10,50.0523,52.0796,132.791,127.5556,100.271,124.3348,118.752,133.7171,106.4369,120.7992,87.7175,82.8017,82.7368,52.3081,99.8162,112.024
2010-12-13,49.2643,51.3023,132.8305,127.5395,99.4524,123.5072,118.142,133.13,105.765,120.5635,87.8438,82.9562,82.3207,51.6244,99.8287,112.0057
2010-12-14,49.8556,51.5437,133.3664,128.0248,99.8219,124.5525,118.3656,133.5884,106.2642,120.6711,87.7429,82.8785,83.3491,51.9417,100.2153,112.026
2010-12-15,50.4867,52.1231,133.0079,127.749,100.336,125.2617,118.9084,133.8918,106.7595,120.6754,88.4699,83.8343,82.9362,52.3029,100.1979,111.9486
2010-12-16,51.0822,52.3472,132.7902,127.3018,100.0776,125.533,119.2899,133.6432,106.5127,121.2265,88.9641,85.0641,82.3077,53.1288,100.6144,111.9502
2010-12-17,50.7568,52.5368,132.1864,126.9631,100.8777,125.6009,119.8178,134.4094,106.7849,120.8933,88.0563,83.437,81.0713,51.743,100.8945,111.9275
2010-12-20,49.5468,51.9347,132.1649,127.0956,100.9715,125.8702,119.767,134.1896,106.655,121.0743,87.6868,83.8427,78.9265,50.688,100.185,111.9608
2010-12-21,49.7222,51.4903,132.2695,126.6562,100.2709,125.5971,119.7564,134.5039,106.0241,121.3622,87.2837,83.6021,78.9489,50.9697,100.2983,111.9521
2010-12-22,48.4127,50.3938,131.5314,125.9694,98.7816,125.1625,118.9697,133.3598,104.4488,120.5948,86.0825,83.1502,78.2423,49.0677,100.0164,111.9692
2010-12-23,47.8605,49.7616,131.5201,126.6111,98.08,125.6965,120.0078,133.395,105.0342,120.3401,85.9444,83.946,77.6197,48.139,99.1366,111.9526
2010-12-24,47.7209,49.6487,131.4701,126.1763,96.5248,125.2348,119.6749,132.955,104.3326,119.8428,86.0809,83.7654,77.3921,48.5099,99.6715,111.9722
2010-12-27,48.498,50.2349,130.5965,125.2235,96.0721,125.3108,120.044,132.3808,104.6686,119.3007,86.8389,83.674,77.6849,48.5566,99.217,112.0323
2010-12-28,48.531,49.6883,130.7869,125.9503,96.4605,126.0181,121.2299,132.9466,105.0075,119.5186,86.4211,83.7477,76.916,48.1747,99.2055,112.0883
2010-12-29,48.5668,49.5001,130.8897,125.4819,95.4899,126.2376,121.1627,132.6597,104.4033,119.3217,86.5188,83.1679,76.2618,48.3248,99.6468,112.1632
2010-12-30,48.6172,49.717,131.0667,125.3551,95.9991,125.5432,121.0286,132.7296,104.3058,119.363,86.9506,83.5732,76.3631,48.3214,99.814,112.1563
2010-12-31,49.2725,50.2033,130.5314,125.0104,96.0025,125.6858,121.1512,132.8584,105.1934,119.3018,86.8475,84.1866,76.2487,48.1797,99.7134,112.2024
2011-01-03,49.7238,49.6622,130.1954,124.5347,96.1404,124.4465,120.1794,132.4564,104.4458,119.4131,86.5453,83.8654,76.2165,48.7089,99.6339,112.2273
2011-01-04,49.3098,49.0567,129.8403,124.6663,96.2006,124.4437,120.6321,132.1104,104.1702,119.7953,85.8795,85.7208,75.3161,47.5457,99.6055,112.1763
2011-01-05,49.8609,49.8676,129.03,123.3589,95.3211,123.8387,119.8666,131.1933,103.8372,119.079,86.3864,85.393,76.1839,47.5307,100.0193,112.2186
2011-01-06,50.1294,50.2364,129.5193,123.926,95.8558,124.7447,120.299,132.055,104.3853,119.1153,87.2715,85.8257,76.4934,48.3116,100.2203,112.2097
2011-01-07,50.2644,50.9154,129.6458,123.6792,95.1694,124.3119,120.0819,131.551,105.2126,118.7402,88.4286,85.6679,76.7191,48.3685,100.2794,112.2037
2011-01-10,50.0996,50.611,129.9127,123.8472,94.8061,124.9985,119.3447,131.213,105.1673,117.9089,88.4346,84.753,76.4049,48.2819,100.0612,112.1646
2011-01-11,51.1652,51.8976,130.8987,124.6941,96.0913,125.7125,119.5143,132.219,106.6659,118.5858,89.6914,84.0381,78.5129,50.2767,100.4124,112.2448
2011-01-12,50.6689,51.7415,131.0303,124.6012,96.9426,125.5465,118.873,131.9598,106.4444,119.1595,89.0396,83.7186,77.8618,49.9064,99.982,112.2878
2011-01-13,51.8175,53.0513,130.6712,124.4858,99.0143,126.6928,119.1525,132.2799,106.9066,119.2157,89.7314,82.8964,78.6523,50.9126,100.5118,112.2511
2011-01-14,51.8172,53.6812,129.9278,123.4218,97.1144,125.7302,118.708,131.0175,106.7187,118.397,89.9335,83.7549,77.9367,50.8952,100.6331,112.3037
2011-01-17,51.2974,52.8234,129.9364,123.5435,96.7576,125.3516,117.8127,130.7374,105.9421,118.4602,88.938,83.4563,77.6513,50.5277,100.9315,112.3084
2011-01-18,52.1121,53.2896,129.6169,123.6212,96.0666,125.5867,118.1275,129.971,106.4106,118.3789,89.3067,83.205,78.0397,51.2179,101.8663,112.4021
2011-01-19,52.0192,52.8449,129.3511,122.9448,95.0728,124.4769,117.3427,129.5361,106.0864,118.4875,90.1473,82.74,77.3951,51.1962,102.2836,112.4176
2011-01-20,52.1127,52.7664,129.4626,122.8791,95.1901,124.8452,117.8957,129.9251,105.4898,118.5832,90.2088,82.0047,77.5702,51.7677,102.3921,112.4325
2011-01-21,51.162,52.17,129.239,122.4496,94.0243,124.2896,117.56,129.7731,104.6523,117.5944,90.2294,81.6187,77.1459,50.3619,102.5794,112.5023
2011-01-24,51.1731,52.1162,129.233,122.462,93.656,124.6637,117.7407,130.0216,105.0447,117.2425,90.6724,81.0589,78.202,49.6586,102.4835,112.5255
2011-01-25,49.9922,51.9468,129.5159,122.0529,92.6222,123.7006,117.1516,129.9369,103.7892,116.7793,90.0279,82.2056,77.6057,49.3634,102.2645,112.5266
2011-01-26,49.6479,52.1252,129.385,121.4942,92.3792,122.6826,116.0611,129.6867,103.8962,116.558,90.0097,81.8115,77.2731,48.7266,102.3762,112.5471
2011-01-27,49.8098,52.6887,129.4416,122.035,94.1086,123.6188,116.8735,129.9523,104.3079,116.8264,89.7449,82.0064,77.8628,48.5649,102.0946,112.5354
2011-01-28,48.9073,52.0262,129.8669,121.8528,93.6559,122.6522,116.1142,130.3216,102.9739,116.1376,88.8523,83.0874,76.1325,48.3473,102.1193,112.6015
2011-01-31,49.2686,52.0502,130.1842,122.286,93.2023,123.3304,116.8051,130.9996,103.0088,116.0951,89.867,84.0664,76.7914,49.3713,102.4381,112.5907
2011-02-01,50.1015,52.6459,130.8446,123.3285,93.8211,124.0193,117.7499,131.0925,103.4381,116.897,91.1012,84.1157,78.3894,51.71,102.9586,112.585
2011-02-02,49.022,51.9447,130.2928,122.7944,92.5123,123.6876,117.5251,130.872,102.7685,116.6025,91.3872,84.3273,77.6668,50.8558,102.3165,112.6465
2011-02-03,48.5456,51.5559,130.7865,122.7904,91.9324,123.4536,117.1564,131.5211,102.2592,116.4749,91.457,84.2843,77.8349,50.748,102.6285,112.6697
2011-02-04,49.1061,51.3916,131.0513,123.2666,91.9609,124.9605,118.1388,131.4261,102.3707,116.7638,91.5976,82.5779,78.0497,51.3151,103.1775,112.7612
2011-02-07,48.4348,50.9615,130.9997,123.5231,92.1442,125.0582,117.714,131.1897,102.5592,116.9967,91.5297,82.4449,77.4313,50.4202,103.1058,112.6864
2011-02-08,47.8614,50.1007,131.0222,122.9791,91.6775,124.1131,116.5167,131.4294,101.0582,116.5619,90.5798,81.7421,77.4866,50.515,102.4271,112.7098
2011-02-09,48.6015,50.1972,130.4934,122.6993,92.2165,124.6059,117.0573,131.3124,101.3829,117.0692,90.9767,82.4398,78.286,50.1105,102.3156,112.7769
2011-02-10,47.7498,50.0899,130.4934,123.2012,92.3986,125.0155,117.6883,131.5613,101.659,117.2369,90.0953,81.2249,78.0456,49.1508,102.338,112.7443
2011-02-11,48.5117,49.8235,129.9651,123.0792,91.8955,124.7374,118.2862,130.9649,101.2458,117.2295,89.5935,81.4705,78.4664,49.5262,102.6927,112.8277
2011-02-14,48.8523,50.0894,129.8889,123.3538,92.9371,126.2172,119.6078,131.4896,101.6849,117.4504,89.4554,81.2573,77.7459,49.1858,102.9583,112.8455
2011-02-15,49.0038,50.7582,130.4361,123.7749,93.1991,126.0739,119.6329,131.9951,102.0522,117.7602,89.9014,80.9338,79.1423,50.3299,103.3042,112.8742
2011-02-16,47.356,49.6293,130.3645,123.453,91.9434,125.0078,118.8172,131.3881,100.9139,117.8017,89.0151,81.0765,77.6348,48.8815,103.1143,112.8635
2011-02-17,47.8753,49.8032,129.6454,122.8374,91.806,125.253,118.8584,130.978,100.6346,117.5687,88.9506,80.951,77.1657,49.4402,102.9158,112.9033
2011-02-18,47.9707,49.4531,129.5754,123.1408,92.1616,124.6778,118.9782,131.3096,100.9708,117.6054,87.7812,80.8153,77.7095,48.8427,102.4712,112.8651
2011-02-21,48.7479,50.3516,129.3391,123.0773,92.4563,124.5578,118.8998,130.9382,101.7735,117.4168,88.9524,80.2069,78.2563,49.6662,103.1191,112.833
2011-02-22,49.5017,50.7743,129.5097,123.2156,93.098,124.9033,118.6416,131.2344,102.311,117.7124,88.8985,79.6095,78.942,50.0656,103.9884,112.8322
2011-02-23,48.7933,50.255,130.0095,123.6569,93.115,124.2299,118.1295,131.2042,102.0868,117.7615,88.5546,78.5169,79.3016,49.0419,104.78,112.883
2011-02-24,49.0891,50.4461,129.6538,122.7695,93.0271,124.084,117.8029,131.2321,101.4205,118.0065,88.0339,78.657,77.9419,49.6726,105.0944,112.9449
2011-02-25,49.1624,50.5761,129.7689,122.7834,93.2813,123.882,117.7136,131.6265,101.0102,117.9233,87.9468,78.403,78.4867,50.1493,105.4676,112.9957
2011-02-28,49.3378,50.5855,130.0157,122.9788,93.7601,123.8574,117.6795,131.7036,101.0325,117.7904,88.0224,77.4283,79.2653,49.7353,106.0473,113.0829
2011-03-01,48.9996,50.6207,130.0497,123.3384,94.1635,124.3669,118.1429,131.8952,101.0796,118.4232,87.733,76.942,79.0724,50.169,105.8308,113.1515
2011-03-02,49.7468,51.3948,130.2488,123.4227,95.2328,125.0431,118.6627,132.6091,100.7291,118.5586,88.1503,77.9017,79.7783,51.9637,105.9035,113.125
2011-03-03,50.2885,51.6452,130.2715,122.9252,95.5779,125.14,118.0965,133.1642,100.0012,118.5869,88.2907,78.4736,80.8254,53.3472,105.4978,113.1271
2011-03-04,49.3794,51.3813,130.2774,122.9048,94.39,124.4269,117.7753,132.5948,99.5922,118.0907,88.3949,77.6044,80.607,53.1355,105.4775,113.147
2011-03-07,49.7435,51.7809,129.6518,122.0521,94.075,124.3127,117.5272,131.9947,98.5733,117.8037,87.7564,77.6499,80.3861,53.7936,105.9164,113.1341
2011-03-08,49.2181,51.6356,130.201,122.8144,94.9721,124.7636,118.5275,132.4584,98.618,118.3593,88.0159,77.8089,79.2405,54.3718,105.4387,113.1303
2011-03-09,48.7441,50.4806,130.5722,123.3714,93.7756,125.0791,118.6501,132.5144,98.4483,118.1187,87.8273,77.4633,78.5788,54.2592,105.1359,113.1326
2011-03-10,48.0273,50.498,130.4157,122.9359,93.2227,123.9795,118.214,132.497,98.2214,117.5493,88.0415,77.0057,78.1886,53.6699,104.9304,113.1728
2011-03-11,47.0596,49.6447,130.0887,122.369,92.7716,123.237,117.6786,132.2282,96.2226,117.6851,86.8865,77.8516,77.9505,52.8916,104.9743,113.3013
2011-03-14,47.3046,49.8213,129.795,122.1202,92.5991,122.7871,117.4562,131.9044,95.6873,117.298,86.8989,77.8352,78.9019,53.5973,104.8954,113.3283
2011-03-15,47.2277,49.8757,129.67,121.2212,91.9558,122.0086,116.3581,131.2611,94.838,117.0636,86.957,78.2645,77.7246,54.258,104.9377,113.3892
2011-03-16,46.4382,49.4982,130.1575,121.3516,92.1276,121.9023,116.0972,131.1167,93.9565,117.4222,86.8537,78.4644,77.6406,54.3225,104.6062,113.4378
2011-03-17,47.1538,49.2153,129.7818,120.5195,90.5052,121.4017,115.4264,130.3599,92.9469,116.9556,87.1988,79.7254,78.2768,55.3567,104.971,113.4186
2011-03-18,46.7707,48.9257,129.4775,120.24,90.1093,120.445,114.3706,129.7709,92.8784,116.7159,87.1325,78.783,78.1066,55.2246,104.4929,113.4429
2011-03-21,47.1071,49.4089,129.4407,120.4432,89.8528,121.1814,114.9639,129.7467,92.9789,116.8826,87.1006,78.434,78.9942,56.4897,104.6378,113.4053
2011-03-22,46.5029,48.9736,129.0666,119.418,88.9525,120.018,114.0328,129.2782,91.8011,116.5933,86.6938,78.0445,78.8501,55.7967,104.3142,113.5369
2011-03-23,46.5028,48.9812,128.6084,119.3474,89.3324,120.5625,114.4978,129.3108,91.2986,116.1142,85.5366,78.7517,78.3671,55.5601,103.8851,113.5571
2011-03-24,45.8627,48.3677,129.088,119.9034,89.4386,120.7229,114.2021,129.9533,91.3444,116.2982,85.0337,79.0259,78.2986,54.4631,104.12,113.6302
2011-03-25,46.0696,48.0778,129.4206,120.8059,90.162,121.568,114.8922,130.5145,92.3508,116.4329,86.1342,79.5001,76.9178,54.241,104.6671,113.5882
2011-03-28,46.4054,48.0178,129.9588,121.5316,90.5545,122.1335,115.2432,131.0891,92.8657,116.4646,86.0208,80.3189,77.4532,54.346,104.6144,113.5871
2011-03-29,45.8828,47.9058,130.7123,122.2114,90.4858,122.0001,115.1662,131.9317,93.225,116.5837,86.4035,79.8838,76.7391,55.211,104.5912,113.6102
2011-03-30,45.8623,47.6405,130.2798,122.3435,90.2047,122.4366,115.5053,131.9835,93.4407,116.7327,85.7228,79.6151,77.0526,54.6217,104.5587,113.611
2011-03-31,46.1361,48.321,129.9718,122.5078,90.6173,123.2431,116.352,131.7407,93.9267,117.3416,85.6111,80.0318,78.1805,54.3821,104.9388,113.6264
2011-04-01,47.0136,49.0092,129.6964,122.4473,91.3506,124.3903,116.9092,131.7388,94.2078,117.363,85.7012,79.1798,78.9445,55.0237,105.3292,113.7251
2011-04-04,46.0289,47.6453,129.1872,122.0229,90.1203,122.4687,115.9256,131.045,93.3651,116.5153,84.8641,77.7321,77.8902,53.9076,104.35,113.6719
2011-04-05,45.7446,47.5195,128.5105,121.0641,88.0884,121.9063,115.2388,130.0157,92.4662,116.206,85.2442,78.3398,78.1659,54.2925,104.3455,113.6901
2011-04-06,45.5066,47.1615,129.5348,121.6186,87.7894,122.1692,115.5286,130.9575,92.6479,116.1712,85.9047,78.0753,77.8264,54.5847,104.5562,113.6995
2011-04-07,44.9219,46.4256,129.0777,120.8207,86.4325,121.5334,114.8829,130.7232,92.1538,115.5935,85.7315,77.3746,76.2572,54.1111,103.7419,113.7273
2011-04-08,44.6409,45.8182,129.4038,121.7599,86.5886,121.6796,114.9262,130.5654,92.6312,115.2824,86.3641,76.5203,75.861,53.617,103.8923,113.7741
2011-04-11,44.1274,45.4094,129.2912,122.377,86.0542,122.3657,115.3444,130.0795,92.9805,115.2191,86.7263,76.1327,75.6088,52.6564,104.3186,113.757
2011-04-12,44.2684,45.4492,129.2709,122.0706,85.3073,121.7178,114.7031,129.9442,93.3768,115.1654,86.6422,74.8909,75.9617,52.679,104.4513,113.8226
2011-04-13,43.8237,45.1853,128.8652,122.1712,85.0805,121.7652,115.0242,129.7841,93.5484,115.3679,86.7799,75.0782,76.3327,51.8063,104.0871,113.7894
2011-04-14,43.8543,45.3977,129.1688,122.6994,85.5782,122.2122,115.5527,130.1741,93.8214,115.5536,86.4179,74.5001,76.5143,52.2437,104.0887,113.8742
2011-04-15,43.0519,45.1474,128.6782,121.8715,84.8524,120.5487,113.3137,129.1316,92.8423,114.8992,86.1616,75.096,76.6728,51.0934,104.3228,113.9011
2011-04-18,43.6073,45.3296,128.4998,122.6901,85.3777,121.4057,115.214,129.481,93.4257,114.7981,85.9005,75.806,77.5856,51.4973,103.5731,113.8694
2011-04-19,44.049,45.6534,128.3832,122.7836,85.1012,121.123,115.3546,129.1369,93.5335,114.6156,85.3417,75.2205,77.6467,52.5782,103.8557,113.8327
2011-04-20,44.3468,45.8864,128.2929,122.6803,85.3348,121.4688,115.5891,129.1499,93.745,114.6852,86.0467,75.9092,77.7103,52.7024,103.8429,113.8282
2011-04-21,44.909,46.1052,128.5691,123.0758,85.3042,122.57,115.9732,129.1689,94.3338,114.4258,86.535,76.5842,77.8495,53.3239,103.6455,113.8048
2011-04-22,46.5102,47.3235,128.2484,123.0192,85.6383,122.9471,115.9156,128.8208,95.5812,114.5236,87.7836,77.7256,79.0345,54.8981,104.3156,113.8486
2011-04-25,45.8678,46.7945,128.6333,123.5303,85.0779,123.1249,116.1881,128.9659,95.6405,114.5265,87.4065,78.4227,78.3099,54.5291,103.7073,113.8637
2011-04-26,45.7906,46.3758,127.6291,122.9761,84.9908,123.2796,115.8439,128.066,95.3189,114.0948,86.1579,78.1447,77.657,53.2786,102.917,113.878
2011-04-27,45.7275,46.1375,127.5978,123.0342,84.7937,123.2276,116.2628,128.3122,94.7781,113.8625,86.2079,77.5944,78.2499,53.6924,102.7123,113.9674
2011-04-28,46.8005,46.9578,127.432,123.0621,85.9659,123.8862,117.3406,128.9744,95.3073,114.4545,86.1626,77.7586,79.9951,54.5374,102.5258,114.0395
2011-04-29,46.0102,46.521,127.4741,123.0168,85.2527,123.0435,117.1044,128.49,95.0993,114.2648,85.4461,77.2956,78.7786,53.6847,102.3663,114.0476
2011-05-02,46.4779,46.2496,127.113,123.1021,84.9046,122.7166,117.0905,128.3497,95.2995,113.5934,85.1204,76.7895,79.2821,54.055,101.7245,114.0409
2011-05-03,46.5371,46.2743,127.0654,122.7773,84.7483,122.6609,116.5187,128.6285,95.8501,113.788,85.221,75.8018,79.2707,53.8863,101.5192,114.0657
2011-05-04,45.874,45.5495,127.4425,123.0734,84.561,122.4025,116.3134,128.8341,94.9123,113.8286,84.2873,75.4344,79.5015,53.7722,101.3292,114.035
2011-05-05,45.7966,45.3382,127.2542,122.8759,83.406,122.9735,117.0255,128.5927,94.9978,113.556,84.5285,75.6268,79.4415,53.1041,101.1428,114.076
2011-05-06,45.977,45.6876,127.2137,123.0011,84.1678,123.6115,117.2784,128.8752,95.449,113.8643,84.6183,75.1792,79.7613,53.3601,100.7589,114.1599
2011-05-09,45.6597,45.6127,127.5213,123.047,83.919,123.7005,117.6085,129.4016,94.9242,113.8161,85.1004,74.4563,80.3207,54.4103,100.2334,114.1438
2011-05-10,46.5999,45.971,128.1786,123.7644,85.1457,125.2123,118.8024,130.4161,95.8355,114.2085,86.2502,74.8967,80.7936,54.7578,100.8357,114.1675
2011-05-11,46.5109,46.1928,128.4868,123.6195,84.1592,125.0241,118.7331,129.9276,95.7628,114.3708,86.6097,74.409,80.8511,54.9943,101.7857,114.2183
2011-05-12,47.0921,47.0373,128.3118,123.2934,84.1447,125.0744,119.0206,129.6928,95.871,114.1528,87.715,74.15,81.5563,56.2244,102.1191,114.2596
2011-05-13,46.2205,46.5187,128.1271,123.2591,84.0661,125.1163,119.0617,129.3772,95.8681,114.343,87.7248,73.4648,80.0693,55.2114,101.5292,114.3038
2011-05-16,45.4246,45.8147,128.89,123.7893,83.7193,125.0621,118.7461,129.8198,96.1026,114.815,88.3425,72.897,79.9973,54.909,101.1554,114.2416
2011-05-17,46.2643,45.6234,128.9789,124.5096,83.8931,125.067,119.353,130.282,96.887,114.8831,88.4474,72.7213,80.7799,55.2056,101.7504,114.2476
2011-05-18,46.1003,45.6306,129.7,124.5229,83.3816,124.1857,118.7015,130.655,96.4302,114.5815,88.0143,72.1835,81.5597,55.2706,102.6752,114.2279
2011-05-19,46.4041,45.8887,129.3645,124.6566,83.8618,124.6377,119.0645,130.5057,96.9579,115.3345,87.4628,73.3517,81.5398,54.4624,103.4067,114.3369
2011-05-20,46.6583,46.4301,129.7758,125.3882,85.6566,125.8684,120.0106,131.152,97.7338,116.3707,87.4307,73.6435,81.9196,54.4998,103.4965,114.3875
2011-05-23,46.4009,46.2152,129.5926,125.5737,85.5135,125.165,119.7433,130.2519,96.929,116.0493,87.4411,74.2505,82.314,54.3025,104.1727,114.3775
2011-05-24,46.0386,45.8621,129.2337,125.454,85.938,125.453,119.8946,130.2674,97.4449,115.7894,87.4233,74.1761,80.9632,52.1854,103.892,114.3619
2011-05-25,45.5992,45.5595,129.38,126.1046,86.6043,126.0882,120.6843,130.26,97.9684,116.0288,87.7119,72.9371,80.3819,51.3284,103.6808,114.3915
2011-05-26,45.0876,45.8641,128.6292,125.819,87.0605,127.1709,121.3902,130.2924,98.4302,116.7254,87.7242,72.388,80.1063,50.0398,103.5864,114.4572
2011-05-27,45.9319,46.6815,128.493,126.1219,87.2821,127.7274,122.3276,130.1528,99.5543,117.334,88.218,72.7881,80.5937,50.511,104.6245,114.4598
2011-05-30,45.3473,46.1342,129.5012,127.3897,87.7889,128.0564,122.772,130.8371,100.0961,117.7534,88.3971,72.7202,80.5722,50.0237,104.5781,114.4205
2011-05-31,46.4032,46.7991,130.0463,127.7672,88.6174,129.1493,123.6431,131.8105,100.501,118.0066,89.4582,73.0684,81.4128,51.6988,105.0846,114.4291
2011-06-01,47.2173,47.5076,130.6488,129.2624,90.3385,131.333,125.473,132.6871,101.6247,118.8762,90.2069,74.1412,81.4159,53.4771,105.296,114.4956
2011-06-02,46.6706,47.99,130.2618,128.9156,90.3266,130.9691,125.2577,131.9747,101.2753,118.7572,90.2591,74.5253,81.1321,53.1118,105.4864,114.4742
2011-06-03,47.4325,48.3417,130.568,129.3995,91.8564,132.303,126.8008,133.4004,101.7692,119.7167,90.1493,75.5953,81.6232,53.5366,105.6547,114.5253
2011-06-06,47.2518,48.3349,130.112,128.7022,90.5446,132.2438,126.5371,132.9493,101.284,118.8089,90.3563,74.9975,81.1618,53.674,105.4318,114.4903
2011-06-07,47.8062,49.033,129.6245,128.1957,90.3691,132.2435,127.2754,133.1266,101.7971,119.2342,89.9326,75.2077,82.2809,53.2079,105.9883,114.4722
2011-06-08,47.988,48.9273,128.8458,127.8975,90.8595,131.8893,127.0786,132.5312,101.3676,119.178,88.9407,74.8476,82.4665,52.5578,106.2265,114.4837
2011-06-09,48.0991,48.8721,128.8725,128.3992,90.9359,132.5892,127.5618,132.6064,101.9173,119.1267,88.8134,74.8292,82.8425,51.7954,106.7276,114.4927
2011-06-10,48.2049,48.909,128.9944,128.9944,91.6159,132.9611,127.8079,132.6031,101.8767,119.0937,89.9333,73.78,82.7013,52.4663,107.8381,114.4856
2011-06-13,48.5311,49.4659,128.6818,128.858,91.6284,132.8107,128.4191,131.7774,101.3385,118.7169,89.1005,74.5897,82.4854,52.8013,108.2635,114.521
2011-06-14,48.2494,49.1213,128.6454,128.8835,91.9908,133.4271,128.4889,131.4801,100.6606,119.2692,89.2786,74.3667,82.2847,53.4911,107.5463,114.5387
2011-06-15,47.5048,48.0611,128.3239,127.9244,90.6103,132.1002,126.9822,130.728,99.8532,118.6468,88.6613,74.3815,80.6691,51.7084,107.3975,114.5735
2011-06-16,48.2413,48.3311,128.0408,127.4834,90.4277,132.0523,126.9291,130.6421,100.3971,118.69,89.3017,74.8026,79.9867,52.1828,107.5173,114.6694
2011-06-17,48.0583,48.1809,127.3051,127.1528,90.0917,131.7142,127.0397,130.2816,99.8438,118.2471,88.6056,75.53,79.5038,51.3934,107.8705,114.7048
2011-06-20,47.6296,48.5262,127.2036,127.3154,90.3549,131.8895,127.7246,130.046,99.8104,118.2614,88.8907,75.3661,79.5371,51.0599,108.1404,114.6663
2011-06-21,48.6166,48.931,127.4262,127.7444,91.5279,132.6771,127.9209,130.507,100.8297,118.5314,89.1252,74.8163,80.5976,51.4161,108.2766,114.6393
2011-06-22,49.083,49.5765,127.3282,127.6305,91.6266,132.5353,127.3907,129.8424,101.3468,118.438,89.3315,74.2861,80.5844,51.9496,108.7519,114.6976
2011-06-23,48.9943,49.6375,127.5158,127.9513,91.7546,132.8011,128.1998,129.7808,101.1703,118.6657,89.7517,74.0532,80.3787,52.6834,108.7568,114.6803
2011-06-24,49.2266,50.3149,127.2025,127.2359,92.0643,131.8522,127.1605,129.3571,101.4614,118.4515,90.785,75.0795,79.9755,52.6454,108.8726,114.6629
2011-06-27,49.1664,49.7815,126.6581,126.7046,91.763,131.3263,126.3331,128.7474,101.1815,118.1259,90.6781,74.386,79.4827,51.7253,108.8576,114.7072
2011-06-28,49.3239,50.0654,126.9718,126.4946,91.6812,130.8882,125.7941,128.9436,101.6825,118.1445,91.3346,75.1693,79.2644,51.7777,108.8504,114.7188
2011-06-29,49.4016,50.1494,126.8092,126.3213,91.4,130.6679,126.2173,128.9431,101.7496,117.6097,91.8166,74.3919,79.8811,51.3689,108.8546,114.7227
2011-06-30,49.4152,50.5297,126.8397,126.0768,91.1733,129.9613,126.2319,129.0062,101.4308,117.4093,91.866,74.3576,80.3208,52.1439,108.7111,114.7627
2011-07-01,48.9479,50.3929,126.8268,126.3681,91.4733,129.8928,126.6897,129.3335,101.6291,117.6614,91.6901,74.2381,79.7964,51.6254,108.7418,114.7916
2011-07-04,48.7694,50.1198,126.9084,126.0779,90.843,129.7746,126.1229,129.0816,101.819,117.3689,92.0146,73.2354,78.8766,51.3256,108.6804,114.769
2011-07-05,48.6386,49.8718,126.8114,126.7418,91.2373,130.0517,126.6347,128.9548,101.875,117.0148,92.2768,73.5047,78.696,51.3343,108.4636,114.7755
2011-07-06,48.4975,49.564,127.0384,127.3216,90.7172,130.6371,126.9828,129.1755,102.3086,116.666,92.6075,73.3963,78.8201,50.7719,108.9693,114.8304
2011-07-07,48.0328,49.3672,126.6837,127.026,90.0846,131.5025,127.155,128.9629,101.5424,116.4457,92.0559,72.6193,78.2321,50.8855,108.7695,114.8632
2011-07-08,48.7425,50.0529,126.5921,126.7928,89.6397,131.7705,127.4069,129.4937,102.0111,116.2534,93.2394,73.3718,77.8547,52.0093,109.7629,114.8514
2011-07-11,48.2931,50.0376,126.552,126.4208,89.0472,131.9477,127.2562,129.2662,102.0574,116.2123,94.2931,72.2573,77.7454,51.8373,109.4361,114.8358
2011-07-12,47.5668,49.6326,126.6872,126.5113,88.361,131.2662,126.194,129.13,101.6703,115.5047,93.8882,71.8823,77.779,51.0581,109.8195,114.8629
2011-07-13,48.7867,50.4397,126.7077,126.1644,88.3874,131.4505,126.8852,129.6603,102.3981,115.2613,94.8505,71.3912,78.319,51.8946,110.4556,114.8968
2011-07-14,49.1162,51.0729,126.9819,126.6672,89.4502,132.142,127.5195,129.7039,102.7933,115.7765,94.8649,71.3889,79.562,52.2788,110.5562,114.8505
2011-07-15,50.0256,51.6254,126.1444,125.7758,89.6338,132.9074,127.7995,129.5621,102.5611,115.4504,94.9043,71.3667,79.7048,52.7547,110.3641,114.8387
2011-07-18,48.9041,50.9375,126.2922,125.5975,88.5047,132.3755,127.6427,128.8225,101.9475,115.4737,94.5361,71.3545,79.1433,51.7539,109.7628,114.8084
2011-07-19,48.4931,50.4445,126.4874,125.3973,87.5323,132.074,126.6821,128.4584,101.3097,115.0286,94.0478,72.5782,79.1396,51.1639,109.6011,114.8561
2011-07-20,48.7896,50.5373,126.3103,125.3328,87.664,132.7413,126.7192,128.3616,101.2602,114.6752,94.2217,72.3054,79.7607,50.9387,109.8111,114.8657
2011-07-21,49.5934,51.3093,126.1221,124.7952,87.8221,132.199,125.6811,128.4005,101.8926,114.7137,94.1372,72.2238,80.5473,51.5049,110.0886,114.8285
2011-07-22,49.6505,51.5865,125.8301,124.5669,87.1775,132.66,125.9361,128.5332,101.9664,114.0129,94.4615,72.6833,80.1185,51.221,110.6969,114.8389
2011-07-25,49.1796,51.0038,126.7723,125.4602,87.0193,133.0161,125.9463,128.3604,101.3579,114.158,94.846,72.9165,79.6322,51.9896,111.1763,114.8684
2011-07-26,49.003,50.9309,126.9891,125.2764,86.1717,132.5408,125.6407,128.3411,100.4582,113.603,94.3076,74.2193,79.776,52.2473,111.3738,114.8884
2011-07-27,49.2746,51.0693,126.7973,124.886,85.8468,132.2017,125.344,128.3108,100.2255,113.4878,93.779,73.552,80.3727,52.2254,111.8913,114.9158
2011-07-28,49.7881,51.5438,127.1276,125.4635,86.6176,133.1361,125.5438,129.0539,100.8179,113.5215,93.9483,73.3686,81.3894,53.0175,111.9835,114.9645
2011-07-29,50.9139,52.3935,127.2895,125.2035,86.2676,133.3459,125.6759,129.0003,100.3784,112.9587,94.2135,74.2437,81.7206,55.1891,112.6024,115.0444
2011-08-01,50.969,52.6363,127.7508,125.5972,86.115,132.5548,125.194,128.7289,100.9124,112.8511,94.0574,74.7714,81.8319,55.8326,112.2114,115.0039
2011-08-02,50.2211,52.1519,127.8808,124.9409,84.7555,130.857,123.7963,128.3384,100.6557,112.2644,94.0617,74.3117,81.0215,55.2775,111.7071,115.07
2011-08-03,51.1274,52.4772,128.5964,125.6605,85.137,132.3312,124.6412,129.1653,101.2919,112.7844,94.945,72.8131,81.9981,56.8563,112.7875,115.0835
2011-08-04,51.1158,51.8423,128.7798,125.6487,84.9114,132.3181,124.5677,129.0943,99.9443,112.6466,94.3819,72.9224,81.9039,57.7786,112.8013,115.0998
2011-08-05,51.2514,52.3925,128.9397,125.8645,85.2193,133.0153,125.6975,130.0127,100.297,112.5156,94.7656,73.0997,81.9954,58.1738,112.8014,115.1496
2011-08-08,51.3038,52.0879,128.8175,125.8203,85.7488,133.5892,126.0777,130.7657,101.0676,112.8769,95.1192,72.533,81.086,58.3899,111.1279,115.2051
2011-08-09,51.6437,52.3043,128.8033,126.0664,86.2978,134.6301,126.7384,131.0208,101.5307,112.8154,95.0368,73.0203,81.2086,57.3204,111.8133,115.1645
2011-08-10,49.8826,51.3109,128.9704,125.86,86.0309,134.0251,126.3755,130.695,100.2046,112.946,93.9855,72.3296,79.8931,55.4722,111.5981,115.2163
2011-08-11,49.472,50.5306,129.0199,125.6947,84.9271,134.3456,126.038,130.9805,99.5087,112.7478,93.5348,72.4134,79.4016,55.3548,111.6935,115.2588
2011-08-12,50.5138,50.9304,127.7449,124.6746,84.9779,134.5123,126.1005,130.4065,99.8967,112.3538,93.6459,72.3415,79.4238,54.6721,111.5884,115.3139
2011-08-15,51.1532,51.1471,127.3185,124.093,85.2029,135.1283,126.7185,130.9502,100.2235,112.4929,94.0605,71.8511,78.341,54.7212,111.9433,115.3102
2011-08-16,51.0446,50.9769,127.2713,123.8455,84.8577,135.6276,127.4131,131.5356,99.969,112.8111,92.8021,71.5611,78.5815,54.4587,111.4468,115.3273
2011-08-17,50.5497,50.4532,127.9427,124.1132,85.3183,135.192,126.1523,131.5758,99.6199,112.6303,92.5596,70.7317,78.3385,54.1888,111.3176,115.3334
2011-08-18,50.8159,50.5302,127.589,124.0493,85.9282,135.695,126.8012,131.7418,99.8346,112.7851,91.6726,70.5264,78.8759,53.4101,110.8709,115.4018
2011-08-19,51.2409,50.5507,127.8183,124.2886,85.9267,135.4403,126.6984,132.0423,100.4138,113.2017,91.7331,70.023,80.0145,53.7752,110.9645,115.4458
2011-08-22,50.9251,49.761,128.2876,124.6233,85.6163,135.9744,126.3498,132.1376,100.2681,113.2083,91.742,69.8637,79.4895,53.3211,111.04,115.5192
2011-08-23,50.7569,48.9862,128.8853,124.5071,84.6955,134.8884,125.2684,132.3043,99.602,113.0049,92.1531,69.9055,79.233,53.9606,111.1014,115.4856
2011-08-24,51.3134,48.9844,129.3632,124.8941,85.074,135.2789,125.2765,133.0738,100.0319,113.5311,92.6732,70.0897,80.2826,54.883,111.0756,115.4718
2011-08-25,51.6609,49.101,129.7931,125.3652,84.9951,135.9331,126.0502,133.0534,100.7764,114.0029,93.8607,68.7223,81.8716,54.9241,111.6068,115.4731
2011-08-26,50.1233,48.5422,130.1202,125.4692,83.9296,135.6193,126.0544,133.0933,99.823,113.6463,92.887,68.9748,80.6974,53.6679,112.1262,115.495
2011-08-29,50.2809,48.3246,129.9939,124.9205,83.7334,134.871,125.2051,133.3786,99.472,113.2397,93.2351,69.5833,79.7293,54.2715,111.6644,115.5005
2011-08-30,50.3291,48.361,130.0991,124.8528,83.0544,134.9495,125.5883,133.0569,99.6767,113.4376,93.3791,68.4278,80.3568,54.1888,112.0128,115.4892
2011-08-31,50.794,48.585,130.6266,125.2457,83.1154,135.4521,125.5991,133.1179,99.2642,113.5485,93.8026,69.5723,81.7421,55.3159,112.6136,115.5792
2011-09-01,50.4829,48.1942,131.1541,125.1519,82.1409,133.8961,124.3948,133.2223,99.1817,113.6433,93.6817,68.8994,81.3166,56.175,112.6883,115.6047
2011-09-02,49.9028,47.9242,131.2735,125.0846,81.1913,133.2496,124.2257,132.5966,98.4892,112.7751,94.1926,69.3963,80.323,56.3249,112.6144,115.6051
2011-09-05,50.8998,48.9549,132.0217,125.7232,82.8437,134.82,125.4045,134.5431,99.9524,113.694,95.695,68.7999,80.296,58.4372,112.8339,115.6109
2011-09-06,52.5035,49.1622,130.9117,124.6585,82.4449,134.6056,125.2171,133.9098,100.2003,113.6456,95.139,69.15,80.7155,58.8761,112.4635,115.6908
2011-09-07,52.2721,49.0393,130.0622,123.9162,82.0024,134.1967,125.4102,133.5585,99.3538,112.8122,94.0013,69.4555,80.0792,57.9689,112.0347,115.6995
2011-09-08,52.4406,48.5036,130.3638,124.8988,83.0509,134.9613,125.5794,133.8681,99.5161,113.1,93.6654,68.8948,79.9072,58.0456,112.4241,115.7723
2011-09-09,53.0542,48.5147,129.9227,124.4066,82.909,134.7536,126.1682,134.0497,99.3528,113.0479,93.5971,68.6208,80.1517,58.0042,112.7139,115.7084
2011-09-12,52.6883,47.8928,130.1309,125.0584,82.5909,134.838,126.2791,134.005,98.7541,112.9682,92.6183,68.4394,80.1772,58.2899,112.9676,115.7486
2011-09-13,52.5653,47.9848,130.2163,125.0577,83.2768,135.4033,126.7834,134.8277,99.0705,113.4992,91.9587,68.5076,79.0142,57.7771,112.9778,115.7429
2011-09-14,53.0676,48.7081,130.3149,124.9258,83.3725,135.9309,127.5935,135.141,98.8827,113.4666,91.4911,69.303,79.626,58.0892,113.7813,115.7203
2011-09-15,53.2374,48.6746,130.5887,125.1082,82.7599,136.346,128.2289,135.3295,98.2997,113.4952,91.3191,70.0367,79.6867,59.1396,114.3928,115.7679
2011-09-16,53.5693,48.4649,130.6067,125.1139,82.4549,135.936,128.6428,135.5302,98.078,113.4572,91.0024,69.5908,80.1952,59.4777,114.6328,115.6785
2011-09-19,53.0938,48.29,131.0861,125.7413,82.755,135.8616,129.0222,135.6755,98.2225,113.5854,91.7032,69.9093,80.1344,59.9948,113.7136,115.7112
2011-09-20,52.6943,48.2401,131.2225,125.6585,82.6613,135.452,128.4418,135.5998,97.7871,113.5737,92.0359,69.4964,80.2517,60.2153,114.0313,115.7503
2011-09-21,53.4239,48.6405,131.561,125.9842,82.5472,134.3516,128.0931,135.09,99.1408,113.8706,93.3608,68.6303,80.9246,61.3039,114.181,115.754
2011-09-22,52.7217,48.274,131.8555,125.7687,81.2505,133.8657,127.7841,135.7036,98.9251,113.8237,93.6497,68.8271,81.3979,61.2102,113.8431,115.7774
2011-09-23,52.6533,48.4336,132.3185,125.7076,81.7221,133.8525,127.4076,136.3402,98.4441,113.5529,94.0817,69.5975,82.1946,61.1222,113.9956,115.8079
2011-09-26,52.0668,47.9432,132.1701,125.6722,81.7664,134.2333,127.356,136.9937,98.2763,113.6624,92.4838,68.9602,82.1109,59.57,113.8302,115.8173
2011-09-27,51.8271,47.8008,131.9966,125.137,81.7071,133.4547,126.3847,136.4184,97.4178,113.2284,91.0974,68.5714,82.0669,59.1497,113.4715,115.8395
2011-09-28,52.2793,48.2451,131.3203,124.4677,81.3211,133.3684,126.8654,136.0389,97.5825,113.5535,91.0669,69.1349,81.7446,59.3523,113.5589,115.8345
2011-09-29,52.1451,48.17,131.3649,124.2254,80.9431,132.4372,125.524,135.5514,97.2538,112.9614,90.7042,70.2134,81.7955,59.2728,113.1327,115.8629
2011-09-30,51.9659,48.0626,131.0777,123.6404,80.2749,131.8219,124.8936,135.1643,96.1953,112.208,90.5158,71.0392,81.4042,59.4664,113.1891,115.8906
2011-10-03,51.5102,47.2837,131.6428,124.374,79.4204,131.8168,124.9584,134.904,96.6514,112.3394,90.7143,70.8602,81.1906,58.5504,113.6591,115.905
2011-10-04,52.1854,47.6815,131.795,124.8637,79.8926,132.4808,125.2919,134.5789,97.217,112.3286,91.6587,70.5749,81.2138,59.9429,113.7621,115.8669
2011-10-05,52.4575,48.0033,131.6777,125.1062,79.8069,132.8555,126.0436,134.7206,97.7854,112.2741,91.8443,70.6534,81.5032,60.1315,113.9482,115.8512
2011-10-06,53.3629,48.3741,132.121,125.3224,79.36,132.2121,125.8918,134.6898,98.6208,112.4015,93.6668,69.3011,83.1281,61.8339,114.6789,115.842
2011-10-07,52.7859,48.0059,131.9882,125.4775,79.6884,132.3893,125.4897,134.5807,98.583,112.4715,93.232,68.8074,82.8871,60.7142,114.6023,115.8523
2011-10-10,52.9274,48.2721,132.3386,126.4399,81.3313,133.1475,125.8292,134.8938,99.5466,112.7116,93.5422,68.1451,82.4861,60.9875,114.3408,115.829
2011-10-11,52.604,48.036,131.0421,125.2755,80.2754,132.8782,125.1757,133.7855,98.8863,111.778,92.5547,68.2597,81.8261,59.6503,113.422,115.8952
2011-10-12,52.5075,47.9702,132.1519,126.3124,79.8927,132.8019,126.0377,134.5141,99.3851,111.8984,93.7769,68.4129,82.7524,60.0344,114.4332,115.9392
2011-10-13,54.1699,48.7936,132.0695,125.7699,80.0023,133.613,126.7053,135.3409,100.3703,112.0334,95.3426,69.1537,83.8574,61.0807,114.3842,116.0357
2011-10-14,53.1933,48.5824,131.5736,125.3863,79.2358,132.6294,126.3129,134.6791,99.3576,111.3953,95.6686,69.7913,83.4467,60.8995,114.1126,115.9958
2011-10-17,52.5677,48.0598,131.6349,125.5066,78.8328,132.7118,125.9133,134.8744,98.8672,110.8219,95.3169,68.5995,82.9807,60.7597,114.0544,116.0604
2011-10-18,52.9385,48.2662,130.9974,124.7272,78.2439,132.4417,125.1705,133.6207,98.432,110.165,94.9731,68.5954,83.1679,60.1498,114.4914,116.0643
2011-10-19,52.7958,48.0603,130.9665,124.7049,78.1467,133.3724,125.5177,133.82,98.3098,110.4376,95.5362,68.8681,82.9899,60.0067,114.5005,116.0233
2011-10-20,52.7919,48.4194,131.3765,124.7193,78.2254,132.6345,125.5521,134.7052,98.2912,110.4264,96.2229,69.2726,83.8885,60.7262,114.6983,116.0748
2011-10-21,53.8364,48.8791,131.7214,124.4891,78.5312,132.4733,125.0035,134.8938,98.1066,110.7762,96.388,68.5973,85.2476,62.7455,115.1693,116.1058
2011-10-24,54.4651,49.053,132.08,124.2717,78.0391,131.8448,124.7059,135.0115,97.6092,110.5694,96.5644,68.5467,86.6734,63.5489,116.2677,116.08
2011-10-25,52.5779,48.0252,132.3458,124.4245,77.8694,131.3702,124.5355,135.3944,96.4592,110.4648,94.5021,68.2178,86.5144,60.9779,115.7249,116.134
2011-10-26,53.2995,48.1874,132.4854,124.6121,77.3648,130.7727,124.5519,135.0429,96.2557,110.2802,94.3113,69.8093,87.8814,61.6099,116.4895,116.2851
2011-10-27,52.7759,47.9045,133.5657,125.551,77.4236,130.9527,124.4367,135.6778,96.6837,110.5827,93.9654,70.039,88.6773,60.9609,116.7932,116.3267
2011-10-28,53.0275,47.7843,133.4007,126.0235,77.6716,131.5504,125.1776,135.4675,96.4865,110.7443,93.7752,70.2013,89.5416,60.9584,117.3503,116.3118
2011-10-31,52.6149,47.3979,133.0111,125.9006,78.2551,130.7832,125.1014,135.6185,96.1642,110.9381,92.6461,71.7189,88.7641,59.9673,116.3507,116.3027
2011-11-01,51.8137,46.961,133.2538,125.5614,77.8903,130.1876,124.1527,136.1894,95.8759,110.3618,92.8384,72.076,88.3955,59.0803,115.4332,116.3412
2011-11-02,52.5534,46.8164,132.6051,125.4332,78.1241,130.6227,124.5239,135.9359,96.2967,110.0976,93.1341,72.4533,88.3263,58.9249,114.618,116.3128
2011-11-03,51.2835,46.0171,131.7028,124.5387,76.8846,129.4521,123.7027,135.0325,94.8773,109.0446,91.2436,71.9344,87.1008,56.981,114.1978,116.374
2011-11-04,52.2074,46.4911,131.7999,124.7597,77.2229,130.3248,123.238,135.2363,95.5057,108.4373,91.9752,72.2875,89.1014,57.235,114.309,116.3595
2011-11-07,52.6542,46.5695,131.664,124.4992,76.7132,129.652,123.2357,135.5958,95.7558,108.1422,92.6953,72.5775,89.4577,57.3326,114.859,116.2893
2011-11-08,52.3982,46.4416,131.7663,124.796,76.9766,129.5464,123.2006,135.7356,95.6167,108.1775,92.2135,72.4033,90.055,56.6534,115.4426,116.2739
2011-11-09,53.2165,46.6308,131.4828,124.7056,77.235,129.6202,123.2886,135.5442,96.3782,108.0635,93.1267,71.6969,89.9118,56.7218,115.83,116.206
2011-11-10,52.8577,46.4151,131.8594,125.7388,77.9756,130.9046,124.3788,135.9409,97.3341,108.8469,93.1824,71.5712,88.7647,55.4704,116.6893,116.2371
2011-11-11,52.8349,45.9217,132.1634,125.5967,77.3477,130.7011,124.2264,135.6366,97.2114,108.6022,92.5889,71.4807,87.5877,54.8438,116.7589,116.2048
2011-11-14,51.8503,45.3115,132.3382,125.7751,77.048,130.2129,123.4346,135.6152,96.3728,108.0597,91.7738,71.024,86.9027,54.6917,116.2665,116.2604
2011-11-15,52.1385,45.6531,132.4843,125.8129,77.3048,130.4286,123.6282,136.0573,96.8093,108.1189,91.9673,69.8122,87.4655,54.9621,116.5356,116.2891
2011-11-16,52.751,46.1796,132.4858,126.1293,77.8249,131.5282,124.6846,136.4593,97.1597,108.1838,91.9427,70.0449,88.2187,54.9642,117.2689,116.3723
2011-11-17,52.3063,45.6441,132.6325,126.8469,78.7947,132.7069,125.0155,137.0653,97.7624,108.6317,92.5721,70.2026,87.6855,54.0839,116.4945,116.4171
2011-11-18,53.1381,46.243,132.8437,126.7586,79.0916,133.4101,125.7285,137.4941,97.38,108.6111,92.4808,70.266,88.7488,55.5853,116.7298,116.4152
2011-11-21,52.4884,45.8612,132.9143,126.6538,78.9817,132.6928,124.808,137.4013,96.8531,108.1712,91.5493,70.8738,88.2772,54.7735,116.3156,116.3974
2011-11-22,52.0463,45.9846,133.0433,126.4654,79.3701,132.342,124.5117,137.3891,96.5343,108.244,90.3295,71.1831,88.1202,54.0727,115.9403,116.4121
2011-11-23,52.5977,46.3388,132.9897,126.4994,79.3892,131.9665,124.5245,137.2849,96.8923,108.3292,91.2515,70.7595,88.8749,55.2425,116.0704,116.4442
2011-11-24,53.0191,46.3741,132.495,125.9197,79.8043,132.1092,124.4969,136.7439,96.5563,108.4532,91.15,71.0282,87.4234,54.659,116.9314,116.4687
2011-11-25,53.1994,46.6209,131.9382,125.4053,79.7247,132.5219,124.8898,136.2564,95.9791,108.1896,90.3375,71.1448,87.1864,54.8915,116.349,116.5633
2011-11-28,53.6925,47.0271,131.4511,124.9853,79.796,133.0644,125.2254,136.4659,96.7378,108.4354,90.905,69.9707,86.5643,55.0769,116.6334,116.5662
2011-11-29,53.8564,46.9661,131.6036,124.0265,79.1501,131.87,123.9307,136.259,95.3624,108.2554,89.9752,70.8388,86.9832,55.4103,117.2276,116.5808
2011-11-30,54.0366,47.3849,131.2088,123.7413,80.1114,132.3379,124.3204,136.8461,95.4217,108.2692,89.9741,71.5362,85.9294,55.0212,117.5128,116.5871
2011-12-01,54.9299,47.9096,131.2333,123.6732,81.0432,132.5331,124.1297,137.0013,96.0277,108.7241,90.1917,72.8191,87.1375,54.7048,117.7831,116.5323
2011-12-02,54.3151,47.6606,131.3193,123.8258,81.2456,132.9044,124.15,136.8943,96.0031,109.1302,90.2547,72.9772,86.5818,54.0172,117.6828,116.5697
2011-12-05,53.0931,47.0189,131.4291,123.9351,80.5962,133.1845,124.2619,136.7322,95.1531,108.8324,89.895,72.1419,85.2864,53.7831,117.3577,116.6002
2011-12-06,53.0794,47.1896,130.7169,123.5824,81.2998,133.0775,124.236,136.8921,95.3571,108.751,89.7739,71.7883,84.5842,53.6052,116.5625,116.5344
2011-12-07,53.8342,48.3518,131.1092,124.2807,82.5498,135.4898,125.972,137.6932,96.3837,109.7776,90.0304,71.6832,85.4015,54.7907,116.893,116.5815
2011-12-08,53.3993,48.2166,130.9423,124.2884,82.5221,135.4533,125.9344,137.9743,96.735,109.6585,89.7643,71.7078,85.802,53.792,116.1805,116.5269
2011-12-09,53.7849,48.6052,131.4483,124.6181,82.3291,134.8907,126.2623,138.9904,97.1571,109.5666,90.0473,71.4763,87.3223,54.8847,116.2696,116.6042
2011-12-12,54.4886,48.9981,131.651,124.8599,82.5301,135.32,126.721,139.3566,98.1453,109.6778,90.7502,70.9526,87.6037,55.7743,115.9313,116.6656
2011-12-13,54.9297,49.6038,131.5048,125.1555,82.6406,135.9627,127.612,139.2081,98.1569,109.5517,90.7462,71.4296,89.4482,56.3556,116.0379,116.6351
2011-12-14,55.1976,49.8546,131.8557,125.6227,82.8452,136.634,128.3229,140.1963,98.7346,109.9021,90.8387,71.3076,89.7842,57.1289,116.2293,116.5609
2011-12-15,53.3543,49.0703,131.6346,125.0087,81.9938,135.7317,127.2742,139.243,97.1412,109.4725,89.7999,70.7407,88.329,55.6819,115.9279,116.623
2011-12-16,52.4423,48.4404,131.6598,125.2725,82.029,135.0403,126.3419,138.9216,97.0772,109.2244,89.2987,71.5997,87.9802,53.8545,115.846,116.6256
2011-12-19,54.3416,49.9728,132.2803,125.9918,83.3641,136.0485,126.9592,139.3597,98.2204,109.7056,90.7041,71.9751,89.4323,56.9102,116.6907,116.5621
2011-12-20,53.237,49.2532,132.4976,126.083,82.581,135.8854,126.9784,139.7327,98.6938,109.5234,90.314,71.8812,89.067,54.3041,116.3924,116.58
2011-12-21,52.754,49.4889,133.192,126.4032,82.0809,135.8839,127.2036,140.5233,98.8257,109.3286,90.485,71.9542,89.6179,54.4595,116.6203,116.5787
2011-12-22,53.8886,50.4033,133.0522,126.2463,83.0728,136.5559,127.1224,140.8835,99.6805,109.8077,91.495,71.901,90.5982,55.1769,117.2684,116.659
2011-12-23,53.1301,49.2828,132.7062,125.8127,82.6082,135.818,126.0288,140.8095,99.4505,109.551,90.7897,71.6105,88.8468,53.8196,116.2801,116.636
2011-12-26,53.2136,49.6062,132.6248,125.777,82.1702,135.4347,125.9894,140.594,99.5342,109.1453,91.1351,71.4644,89.476,54.5945,115.8527,116.6989
2011-12-27,53.2178,49.8893,133.0681,126.4266,81.8706,135.6188,126.0752,140.661,100.4313,109.1173,91.7346,71.6476,89.7503,55.0018,116.1211,116.6336
2011-12-28,52.6186,49.4479,133.3214,126.8229,81.4888,135.443,126.0485,140.3805,100.1408,108.9618,91.8406,72.0693,90.2766,54.9148,115.3822,116.6775
2011-12-29,53.153,49.9366,132.8271,126.3682,81.9887,135.002,125.6637,140.4657,100.7977,108.9447,92.7362,71.0909,90.8269,55.2586,115.084,116.5834
2011-12-30,53.123,49.743,131.8102,125.8142,82.3072,134.4778,125.3236,139.6146,100.1774,108.4309,92.3182,70.3408,90.3885,54.7965,114.636,116.5701
2012-01-02,53.8469,50.0421,132.478,126.7008,83.6296,135.3932,126.3674,140.1611,100.5925,109.2759,93.2024,71.3524,91.0513,56.3115,114.4881,116.5836
2012-01-03,53.7041,50.5813,132.4251,126.9596,83.8755,136.3968,126.9515,139.9253,100.8137,108.9951,93.3943,71.5847,90.3187,56.3482,114.7585,116.6007
2012-01-04,52.4365,50.1886,132.2686,127.0091,83.6693,136.2747,126.9008,139.5194,100.5387,109.0893,92.6745,70.9037,89.3679,55.3868,114.0438,116.6114
2012-01-05,52.3381,50.2737,132.3911,126.5421,84.2621,136.0545,126.5332,139.828,99.5864,109.4626,92.3163,70.4217,87.9249,56.5693,114.2365,116.6347
2012-01-06,52.7536,50.2491,132.362,127.1096,85.3346,136.4014,126.9903,139.1821,100.3576,110.0868,93.1734,70.9152,86.5346,56.8953,114.109,116.6374
2012-01-09,52.1403,50.5141,132.2871,126.5728,84.1442,135.0922,126.5143,138.5459,100.0247,109.3941,93.1895,71.0431,86.5441,56.8129,113.6771,116.7209
2012-01-10,52.5449,50.6312,132.3341,126.476,84.2551,135.7297,126.5154,138.6173,99.9307,109.4801,92.6162,72.2102,86.6067,56.2894,114.4177,116.7169
2012-01-11,52.3266,50.3753,132.6101,126.8383,84.5401,136.5077,126.8818,138.8651,99.2539,110.1343,91.5855,71.318,87.2597,56.4368,115.1568,116.7849
2012-01-12,52.4312,50.7125,132.2643,126.8839,84.7737,136.4209,127.1233,138.1174,98.7968,109.9201,91.5863,72.3394,87.7375,56.6333,115.3416,116.8064
2012-01-13,52.3012,50.6792,132.7313,127.4102,85.4339,136.7678,126.9237,138.7818,99.3163,109.8239,91.0951,72.7168,87.4415,55.9021,115.4274,116.8324
2012-01-16,52.1385,50.803,132.922,127.4756,85.8347,136.9332,127.2622,139.0797,99.3954,110.3498,90.9538,72.6447,87.6864,55.1748,116.096,116.8881
2012-01-17,51.9188,50.8686,133.1941,127.4187,85.694,136.3417,126.284,138.4826,98.6935,109.8397,90.9134,72.5238,87.2286,55.7172,116.6603,116.9222
2012-01-18,51.7274,50.3383,133.5644,126.8382,85.3654,135.9736,125.2597,138.7423,97.1654,109.9107,90.3541,72.9081,87.383,56.525,116.455,116.9666
2012-01-19,52.7284,51.1409,133.2048,126.6587,85.4104,136.7333,125.6336,138.715,98.1288,109.7389,91.6411,73.5585,87.7773,56.8391,116.942,116.9627
2012-01-20,52.4058,51.5171,132.8181,126.6551,85.9143,137.6414,125.301,138.14,98.4784,109.4794,92.1833,73.5759,86.8623,56.5032,116.5388,117.0868
2012-01-23,52.6399,51.4285,132.37,126.3438,86.0022,137.7176,125.3455,137.8229,97.9687,109.4123,91.4745,74.4077,86.358,56.1319,116.8579,117.0565
2012-01-24,52.7473,51.3342,133.0949,126.3032,85.7824,136.9599,124.0034,138.2261,97.6572,109.5817,91.5225,74.6188,87.4399,56.6789,117.5401,117.0301
2012-01-25,53.2607,51.59,133.6412,126.9081,85.7615,137.3303,124.489,138.2304,98.1854,109.7431,92.5152,75.0657,88.844,57.4599,117.7221,117.0942
2012-01-26,53.922,51.9252,133.8567,127.0117,85.9688,136.8736,124.5776,138.6689,98.7461,109.5307,92.3943,75.4339,89.9778,57.1999,118.0088,117.07
2012-01-27,54.0541,52.0987,133.4374,126.6447,86.065,136.6646,124.3038,138.3657,99.0803,109.4457,92.2617,74.8842,89.3921,56.8836,117.8182,117.074
2012-01-30,53.429,51.8199,133.7631,126.444,85.7161,135.4417,123.4278,138.0432,98.4032,109.7057,91.9496,75.0641,88.9087,57.5424,117.3657,117.0711
2012-01-31,52.7027,51.6355,134.507,127.8011,86.5976,136.2273,124.2062,138.4474,98.9334,110.5199,91.6991,76.1634,88.2796,57.3881,117.3619,117.0201
2012-02-01,52.8587,51.5124,135.2614,128.8364,87.2022,136.5218,124.4097,138.6851,100.4193,111.324,93.4021,76.3382,88.23,57.5906,117.4452,117.0121
2012-02-02,53.7833,51.9319,134.7475,128.3964,86.8727,136.6033,124.5581,137.787,100.1067,110.8725,93.1268,76.7257,87.955,58.6074,117.6443,116.9417
2012-02-03,53.5388,51.7587,134.6221,128.28,86.2731,136.2572,124.0978,137.1349,99.9725,110.5273,93.3925,77.3035,88.171,57.8985,117.7605,116.9467
2012-02-06,54.254,51.9762,134.6456,127.8411,85.9202,135.9807,123.446,136.8964,99.7704,110.2195,94.4678,78.4997,88.6745,58.4938,118.3284,116.9254
2012-02-07,53.9237,51.9216,134.0215,127.0076,85.6416,135.1826,122.9188,136.6174,98.8335,109.8947,93.5075,78.4715,88.0665,57.7973,118.6714,116.9902
2012-02-08,54.23,51.9557,133.768,126.8338,85.1107,135.2808,122.8302,136.0019,98.5747,109.4428,94.1922,78.8019,86.9371,58.3846,119.4475,117.0747
2012-02-09,54.3046,52.2878,133.7244,126.4148,84.9604,134.9637,122.7692,136.3022,98.6047,109.5979,95.2237,78.994,87.1717,59.1088,119.237,117.0682
2012-02-10,54.5508,52.3263,133.5359,126.0834,85.0201,134.7261,122.3029,136.2895,98.6686,109.0291,95.7623,79.1267,86.1911,59.1543,119.1021,117.1012
2012-02-13,55.2941,52.8834,133.085,126.1665,85.7248,135.4377,122.9067,136.0516,99.0836,108.9395,95.9337,78.7843,86.284,59.1626,119.7607,117.1346
2012-02-14,54.9942,53.3129,133.6268,126.6194,86.3657,136.4493,123.4166,136.5558,99.5361,109.6636,96.6478,78.7878,86.8391,59.6968,119.3496,117.1206
2012-02-15,53.7356,52.6338,134.3279,127.2221,85.8657,136.2958,123.4287,137.0446,99.8368,109.7445,96.6503,77.1886,86.6446,57.9766,120.1171,117.1402
2012-02-16,54.3014,53.0987,134.3885,127.3999,85.7859,136.8039,123.1508,137.1553,100.0808,109.3411,96.8646,77.2757,87.5976,58.3074,121.2151,117.1352
2012-02-17,55.3466,53.2647,134.353,127.3102,85.7422,136.9021,123.6788,137.4137,99.8017,109.3616,96.7127,76.7372,88.7441,59.4727,121.8264,117.1663
2012-02-20,55.223,53.0657,134.31,127.7694,85.259,136.9989,124.2492,137.2479,100.0575,109.3829,96.8619,77.21,88.3321,59.7364,121.8524,117.1638
2012-02-21,55.245,53.0934,134.5273,128.519,85.7152,138.2256,125.418,137.6115,100.5845,110.2464,96.9394,77.6741,88.3888,59.9672,121.902,117.3067
2012-02-22,56.1003,53.5599,134.2588,127.8391,85.2994,137.3295,125.1485,137.3733,100.133,109.7725,96.501,78.196,89.1146,60.793,122.0507,117.314
2012-02-23,56.8508,53.9758,134.2763,128.1359,85.4679,137.4405,125.044,136.6415,100.1058,109.3682,96.7126,78.2659,89.4209,62.4508,122.0941,117.3386
2012-02-24,56.7276,53.8527,133.207,127.0075,84.6051,137.0099,124.6416,135.8906,99.8987,108.8027,97.3398,77.587,89.1764,61.3844,121.5651,117.4038
2012-02-27,57.1773,53.8702,132.6439,126.9157,84.4174,137.682,124.6849,135.1329,100.6846,108.4258,97.9863,77.7834,88.8759,61.0461,120.5323,117.4104
2012-02-28,56.8507,53.4739,132.6569,127.2438,85.2921,138.1719,125.0403,135.8619,100.4475,108.4292,97.2764,78.3779,88.4069,60.5598,119.829,117.4057
2012-02-29,56.7615,53.2751,132.5814,127.0625,84.6006,137.058,124.2543,135.1567,99.8778,107.7624,97.5204,78.5689,88.3524,61.7614,118.9873,117.3862
2012-03-01,56.5101,53.7021,132.8023,127.5471,85.9701,137.3337,124.7072,135.8094,100.3769,108.3114,97.1708,77.9128,88.239,61.166,119.5932,117.3874
2012-03-02,56.1464,53.7216,132.1985,126.8279,85.838,137.1357,124.4143,136.1129,99.8246,107.5164,95.9954,77.9608,88.0298,59.7301,119.3949,117.3317
2012-03-05,56.1502,53.8713,131.9426,127.0038,85.9345,136.7367,124.4864,135.7889,99.4495,107.3267,96.2083,79.4203,89.1617,59.4339,119.9902,117.362
2012-03-06,56.7108,54.0009,131.9898,126.8211,86.6896,136.4894,124.8663,136.7827,99.5842,107.4127,97.1294,79.6109,88.2632,59.7478,120.611,117.3455
2012-03-07,55.7387,53.6564,132.1144,126.7297,86.4291,135.3868,123.4682,136.1503,98.8572,107.0198,97.8616,78.7244,88.2689,60.2,120.1496,117.3526
2012-03-08,55.2564,53.6054,132.8343,127.0728,85.7039,135.5981,123.5191,136.6722,98.9326,107.2644,97.8856,78.3056,89.0405,60.4638,120.5012,117.3751
2012-03-09,54.8973,53.2817,132.3358,126.6885,85.1502,135.7865,123.3063,136.218,98.5822,106.7718,98.1769,78.6738,87.8468,60.2107,119.8871,117.3581
2012-03-12,55.5267,52.9709,131.8232,126.6117,84.5501,135.9107,123.1526,135.729,98.3324,106.7574,98.1632,78.9483,89.0608,60.7952,119.9363,117.3855
2012-03-13,54.1908,51.8494,132.1486,126.8651,83.6975,135.2328,122.7504,135.1963,97.1618,106.823,97.4872,78.59,89.9155,59.8592,119.6442,117.431
2012-03-14,54.8054,52.5772,132.1703,127.4995,84.8994,136.7957,124.031,135.704,98.0256,107.845,97.0393,77.7196,91.6559,59.8433,120.5205,117.3204
2012-03-15,54.5367,52.3491,131.7154,127.3462,84.8585,136.6201,124.4149,135.2855,97.7532,107.724,96.708,77.2372,91.2677,58.6419,121.0224,117.2995
2012-03-16,53.7996,51.584,132.2856,127.4454,83.632,135.6463,123.8211,134.8558,96.5431,107.2741,95.8415,76.7142,92.6118,58.2252,121.4322,117.3045
2012-03-19,55.7675,52.5803,131.9933,127.4736,84.2179,136.7885,124.5398,135.044,97.5041,107.8177,97.4693,77.3135,94.8029,60.1873,121.7958,117.386
2012-03-20,54.2311,51.8175,132.971,128.2954,84.1479,137.1427,124.028,135.233,96.8698,107.647,97.5617,77.5923,93.7361,59.8436,121.6384,117.4034
2012-03-21,54.925,52.2901,132.1303,127.6698,84.2048,137.2582,123.8237,134.9354,97.3362,107.2632,98.6002,76.9758,93.8863,60.139,121.3929,117.3594
2012-03-22,56.2033,53.3168,131.9968,127.7753,84.6432,137.7785,124.8398,135.2943,98.4177,108.0909,98.8163,77.3428,94.8068,61.3973,121.9535,117.325
2012-03-23,56.8163,53.4503,131.7368,127.6218,84.7895,138.8409,124.9305,135.1427,98.7011,108.0418,98.649,77.3096,95.7467,61.2106,121.4384,117.3878
2012-03-26,56.2886,53.0111,132.1221,128.0605,84.5988,139.7121,125.3617,135.4843,98.5843,108.2235,99.0125,77.2937,95.473,61.092,121.4804,117.3594
2012-03-27,56.074,52.6394,132.4679,127.5903,84.6603,138.8779,124.2574,135.4337,98.5225,108.3071,98.5343,77.3359,94.9751,59.9504,121.105,117.3734
2012-03-28,55.1814,52.0107,132.7842,127.6454,84.0654,139.2851,124.1225,135.5376,97.3474,108.2874,98.1576,76.4855,95.2091,60.5455,120.713,117.3566
2012-03-29,54.5297,51.1776,132.8724,127.7709,84.1136,138.6894,123.8554,135.2825,97.2177,108.3831,97.4091,75.3143,93.7834,59.7603,120.0956,117.3858
2012-03-30,53.7947,50.7283,133.3595,128.6997,84.4326,139.7944,124.5566,135.2549,96.9341,108.8323,96.5224,75.8742,93.4466,58.6803,120.9557,117.3741
2012-04-02,53.8002,50.9621,132.9033,127.7214,83.5448,139.0554,123.5905,135.247,96.705,108.02,96.9072,75.8832,93.3844,58.7033,120.7995,117.3784
2012-04-03,53.7179,50.6627,133.068,128.2309,83.5398,139.8881,124.2167,135.8882,96.6518,107.9117,96.2607,75.8193,93.8311,58.5062,120.8791,117.3578
2012-04-04,54.1854,50.8938,132.9185,128.643,83.7602,140.4113,124.3039,136.0065,96.984,107.4521,96.5533,76.2494,94.7112,58.7722,121.124,117.3586
2012-04-05,54.1152,51.258,132.6789,128.408,83.6319,140.4713,124.1757,135.6595,97.5387,107.6712,96.5851,76.2312,94.1764,58.1156,121.4598,117.3828
2012-04-06,53.2426,51.0604,132.2407,128.7041,83.945,140.1727,124.5679,135.2594,97.6983,107.4608,96.4405,75.1256,93.1848,57.3361,120.8135,117.3655
2012-04-09,53.3207,51.1295,132.2587,128.6389,83.9956,140.6235,125.1174,135.581,98.3272,108.0149,96.1737,74.5349,92.1388,57.3357,120.5362,117.3408
2012-04-10,53.4153,51.2186,132.8516,129.2893,84.2906,141.3231,125.7818,136.5175,98.9965,108.6206,96.064,73.9528,93.358,57.7016,120.3018,117.475
2012-04-11,52.6104,51.1296,132.4026,128.3555,83.7596,139.712,124.2345,135.7171,97.9162,107.6964,96.1831,74.0903,93.7047,56.9478,119.7237,117.4092
2012-04-12,52.6943,51.6747,131.9559,127.7393,83.2269,139.8952,124.5932,135.1502,97.6795,108.0463,96.178,73.745,93.3131,57.3352,120.4312,117.4844
2012-04-13,52.6321,51.7429,131.3433,126.9072,83.3132,138.858,123.9488,134.566,97.7726,108.4761,95.9619,73.6884,92.948,56.2904,120.2992,117.4919
2012-04-16,53.231,52.5676,131.3288,126.8095,83.5078,138.2705,123.7582,134.3071,98.1987,108.1769,95.9671,73.0407,93.9484,57.0206,120.4582,117.5179
2012-04-17,54.158,52.6675,131.8537,127.5226,84.2956,138.6014,124.2952,134.4812,98.7694,108.25,96.4807,73.6259,95.4359,57.2681,120.5611,117.5058
2012-04-18,53.826,52.5855,131.3613,127.2895,84.3958,137.2967,124.1513,134.23,98.8367,107.7355,96.5442,73.9519,94.6038,56.5085,120.0012,117.4842
2012-04-19,53.7782,52.1581,131.4835,126.8098,83.2271,136.0545,123.3601,133.789,98.0454,107.7316,96.0655,74.34,94.6752,56.4171,120.922,117.5402
2012-04-20,54.8371,53.0062,131.2804,126.8414,84.4332,137.4889,124.1891,133.9857,98.4085,108.3022,96.3493,74.8047,94.6469,57.1796,121.6375,117.5746
2012-04-23,55.822,53.178,131.1928,126.9651,83.9582,137.4115,124.3598,133.8702,99.0874,107.6017,97.105,75.6809,96.1497,57.0621,121.7703,117.5103
2012-04-24,56.3168,53.112,131.7047,127.2704,84.4314,137.5099,124.9957,134.5934,99.3282,107.8749,96.8487,75.4904,96.6467,56.9657,122.1749,117.5093
2012-04-25,57.2543,53.6305,132.1093,128.2077,85.8512,138.8725,126.0909,135.3963,100.8779,108.6771,97.4762,76.3643,97.2639,56.4539,123.1202,117.566
2012-04-26,57.2119,53.3498,132.3889,129.1936,86.6196,139.4431,127.355,135.7719,101.0879,108.8827,97.2111,77.028,97.2255,56.4728,122.7074,117.6267
2012-04-27,57.0624,53.1739,131.8521,128.2808,86.3663,138.2984,126.1524,135.2422,100.7002,108.3906,97.7951,76.6294,96.5778,55.8468,122.6191,117.6777
2012-04-30,56.4248,53.0084,131.9998,128.8996,86.5584,138.5538,126.5471,135.0833,100.8412,108.9406,98.2383,76.5712,97.6948,55.6014,122.4809,117.6802
2012-05-01,58.3791,53.7033,131.6753,129.1025,87.7768,140.1597,127.868,135.5645,101.1082,109.2239,98.1551,76.5356,99.3945,57.3208,122.527,117.6459
2012-05-02,59.3678,54.2176,132.0763,129.5,88.6187,140.62,128.744,136.0073,102.0061,109.9338,98.8053,75.7338,99.7502,57.8694,123.6098,117.6079
2012-05-03,57.9326,53.1001,132.3218,128.9937,86.7317,138.9653,126.8267,135.3012,100.8807,109.0724,97.6811,75.8581,98.8348,57.1986,122.5293,117.6401
2012-05-04,58.4001,53.5506,132.7732,129.2165,87.5315,139.1111,126.4501,135.5204,101.0851,109.8656,97.1799,75.9945,100.2379,57.7499,123.099,117.6162
2012-05-07,59.2622,53.1451,132.8175,129.1532,87.3431,138.8466,126.5569,135.0963,100.6103,110.0383,96.6936,76.0057,101.3112,58.4502,122.9296,117.6478
2012-05-08,58.8313,52.5261,132.415,128.704,87.3465,138.9246,126.0095,135.4144,100.0639,109.6117,95.9384,74.542,100.338,58.0575,122.0641,117.7131
2012-05-09,57.7327,52.1456,132.2777,128.5938,86.6811,138.1118,125.7652,134.8052,99.0742,109.0181,95.4074,74.4782,99.4236,57.7097,121.8641,117.7236
2012-05-10,59.086,53.4757,132.1772,128.6554,87.176,138.5639,126.3102,134.7431,99.7441,108.8858,96.3053,74.9927,100.6528,59.2755,122.4919,117.7795
2012-05-11,59.4775,52.9593,131.6152,128.2697,86.7313,138.6609,126.6338,135.1262,99.9908,108.6287,95.6905,73.2719,100.4441,58.5871,122.2838,117.773
2012-05-14,57.9922,52.304,131.7316,128.6914,88.1156,138.7842,126.5075,135.3763,99.4828,109.2546,93.9418,73.1901,100.2895,57.2351,120.5985,117.8008
2012-05-15,57.9738,51.8595,131.9554,128.67,88.016,138.2297,125.7777,135.43,99.8985,109.3837,94.4619,72.3922,99.3811,56.7558,121.0312,117.8585
2012-05-16,59.3035,52.4017,132.219,128.3111,87.9329,137.8519,124.8094,136.12,100.2692,109.1547,94.3833,72.7324,100.9305,58.186,120.9536,117.9153
2012-05-17,60.9304,53.726,132.4012,128.8433,89.3403,139.9064,126.346,136.9845,101.6606,109.5662,94.8522,73.4198,100.7023,59.3837,121.7072,117.8642
2012-05-18,61.4864,54.0103,132.1039,128.8411,89.9393,140.3559,126.7452,137.3375,102.8557,109.5352,96.3103,73.7615,98.6676,59.209,121.8726,117.8323
2012-05-21,62.2031,54.1272,131.8103,128.3063,90.2861,140.5695,125.9426,136.8749,102.8756,109.1913,96.2565,73.9569,97.9849,59.4699,121.2122,117.7787
2012-05-22,62.2722,53.8301,131.8291,128.5458,90.5707,141.3106,126.6402,137.1484,102.5316,109.7685,95.7394,74.0208,98.0834,59.4933,121.6556,117.7894
2012-05-23,62.2921,54.3262,131.4827,128.2926,91.2454,141.1063,126.2389,136.6118,101.8805,109.8981,94.5887,74.0098,98.8559,59.4254,122.18,117.7928
2012-05-24,62.6556,54.296,132.0873,129.6738,92.3153,141.3931,126.3071,137.0161,103.7628,110.5071,95.5007,73.9415,98.7364,59.4826,122.5351,117.8518
2012-05-25,62.2145,54.2936,132.0531,129.2515,91.5364,140.7812,125.5406,136.561,104.0995,110.3851,96.9812,72.975,97.7553,59.5355,122.6538,117.8227
2012-05-28,62.0537,54.0667,131.9309,128.8789,90.8791,140.6836,125.6929,136.4859,103.9738,110.2458,96.2855,72.8032,98.0634,57.8255,123.3903,117.7495
2012-05-29,60.502,53.4116,132.5321,129.0343,90.3079,140.1373,124.9309,136.367,103.8638,110.4549,96.0474,71.7682,97.1534,57.2837,122.5493,117.7891
2012-05-30,59.5382,52.7762,131.9977,128.5237,89.9648,139.494,124.6533,136.062,102.6124,110.271,95.6848,71.8569,96.4354,56.9327,121.8006,117.8267
2012-05-31,60.1082,53.2837,132.2573,128.4861,90.6415,139.1104,124.177,136.4701,103.1787,110.506,96.6582,71.2699,96.5809,57.8088,122.2963,117.8423
2012-06-01,59.8059,53.4002,131.7776,128.077,90.5852,139.3395,123.8055,136.2092,102.6382,110.0839,96.9742,71.448,96.6577,57.2983,122.6093,117.8626
2012-06-04,59.6756,53.0109,132.1036,127.79,90.325,139.4669,123.8401,137.0366,102.4523,109.7981,96.9536,71.6036,97.2961,56.4075,121.9458,117.9469
2012-06-05,60.7212,53.4695,132.0304,127.7135,90.9715,140.3718,124.6167,137.2114,102.2738,110.0648,96.4613,72.5554,97.8806,56.4744,122.9689,117.9366
2012-06-06,61.4689,54.1433,131.9394,127.155,91.7145,139.6265,123.6743,136.9329,102.0654,110.1199,96.491,72.0334,98.6795,57.2998,123.2717,117.9754
2012-06-07,62.0732,55.0583,132.4866,127.6747,93.1571,140.5198,124.4663,137.7485,102.9269,110.6868,96.9406,73.1672,99.0821,57.8572,123.2169,118.0485
2012-06-08,60.4576,53.8818,132.5042,127.387,91.8928,139.243,123.0524,137.2081,101.6942,110.0219,96.2758,73.1612,98.8573,56.3269,123.0292,118.0917
2012-06-11,61.7693,54.7533,132.3113,127.5554,93.0554,139.8261,123.1737,137.0879,102.416,109.8755,96.605,73.6241,98.9927,56.3959,124.4087,118.0712
2012-06-12,61.2206,54.6538,132.5425,127.9773,93.5329,140.2225,123.5043,137.0982,101.1696,109.7718,95.998,73.9606,99.1172,57.5614,124.0163,118.112
2012-06-13,60.5793,54.3146,132.692,128.4659,93.4744,140.9847,124.5128,137.3707,101.3679,109.8283,95.4151,74.8775,98.7795,56.7057,122.9995,118.1709
2012-06-14,61.7067,55.1615,132.9436,128.349,93.675,140.3366,124.6628,137.2001,101.192,109.8053,95.8305,75.6387,99.2355,58.5309,123.8476,118.1108
2012-06-15,62.2986,55.3995,132.7199,128.2735,93.914,141.2778,125.2024,137.6036,101.1999,109.663,95.6731,75.837,99.8863,58.5889,123.934,118.152
2012-06-18,62.9593,56.2925,133.1639,128.4525,94.3543,141.8799,124.7937,137.5845,101.7002,109.694,97.0165,75.5652,100.3672,60.1712,124.5294,118.129
2012-06-19,63.6039,57.0188,132.9605,127.7671,93.7853,141.2557,125.1646,137.7129,102.2919,109.8205,97.796,75.2571,100.2662,60.5833,124.8132,118.124
2012-06-20,65.1496,58.2248,133.2284,128.0518,94.0695,141.975,126.4915,138.2454,103.5797,110.0574,98.4546,76.3369,100.4122,61.6332,125.5767,118.1946
2012-06-21,66.2143,59.0171,133.3075,128.2401,93.6036,143.0604,127.2511,138.3029,104.3644,110.062,99.4089,76.3199,100.9747,62.73,126.5215,118.2243
2012-06-22,66.4165,59.3387,133.1234,127.9015,93.3381,143.3653,127.0322,137.8076,104.6764,110.2121,100.4824,75.2889,101.7564,62.4827,127.1363,118.2814
2012-06-25,66.3582,59.2051,133.5832,127.8156,91.8594,142.8607,126.818,137.9422,104.0135,109.6199,100.3057,75.7489,101.9271,63.2628,127.8942,118.2613
2012-06-26,66.192,58.8248,133.7806,128.1557,91.2708,142.5044,126.6745,137.7676,103.3837,109.3545,99.6101,76.8626,102.013,63.2708,128.7733,118.3147
2012-06-27,65.9276,58.5734,134.324,128.9706,91.3128,142.8373,126.9915,137.7909,103.9814,109.4281,99.2213,76.9485,101.5183,63.2242,128.5255,118.2514
2012-06-28,64.8885,57.7788,134.8583,129.1267,90.0469,142.4296,127.0231,137.0708,103.3125,108.9967,99.2757,78.0009,99.7068,63.0282,127.9065,118.2604
2012-06-29,65.9496,58.3379,134.1277,129.1762,90.0385,142.9495,127.2716,136.8991,104.5763,108.6555,100.5389,78.5556,99.5468,63.8557,127.3859,118.3024
2012-07-02,66.6002,58.1377,134.3836,129.9224,90.6922,143.0903,128.0429,136.864,104.8737,108.8113,100.1496,78.2643,99.0398,64.2065,128.0599,118.3192
2012-07-03,66.6869,58.6401,134.0597,129.4285,90.2545,143.9162,128.4961,137.0451,104.7607,108.7034,99.9793,77.8104,99.3976,64.0496,128.459,118.2672
2012-07-04,65.7122,58.0085,134.0733,130.0647,90.1486,144.567,129.8272,137.0075,104.4097,108.8595,99.4325,77.6003,98.1056,63.3728,128.7096,118.1656
2012-07-05,64.5966,58.2297,133.7794,129.7024,89.6378,145.0896,129.8712,136.3265,104.3721,109.3937,100.4106,77.6864,97.0539,62.814,128.9569,118.225
2012-07-06,64.4948,58.0774,134.0184,129.9012,89.2518,144.3754,130.4244,136.876,105.0318,109.6567,100.6672,76.6853,97.5733,62.4744,129.1133,118.2449
2012-07-09,64.3639,57.3506,134.349,130.6965,89.5079,144.901,131.4835,137.4582,105.4201,109.8011,100.6349,77.3181,97.6024,61.7138,128.571,118.2781
2012-07-10,64.5527,57.4644,134.7689,130.879,89.1323,143.8707,130.3833,136.9305,105.7411,109.9744,100.535,77.7176,98.5853,62.2168,128.7602,118.3206
2012-07-11,63.3668,56.9972,134.8284,130.7507,88.3732,143.2571,129.896,136.1098,104.3754,109.2607,99.9745,77.8547,98.3284,61.3583,129.1398,118.3786
2012-07-12,62.9621,56.9824,134.9967,130.5363,88.1204,142.5227,129.2453,136.3532,104.6456,109.3314,100.6769,77.5965,97.1304,61.83,128.8291,118.3552
2012-07-13,64.6301,57.8546,134.8598,130.7173,88.936,143.3243,130.5022,136.487,105.4368,109.7328,101.9804,78.9212,97.3938,62.4469,130.2518,118.376
2012-07-16,64.8356,58.3418,135.2059,130.5797,89.1657,143.1126,130.309,136.9059,105.5099,109.9012,104.2422,78.7806,97.1681,63.7157,131.1501,118.4337
2012-07-17,65.0213,59.0373,134.8863,130.6359,89.6461,142.827,130.904,136.0798,105.8354,110.338,104.26,78.4131,97.305,64.1492,131.0487,118.51
2012-07-18,66.2314,59.7471,134.2891,129.739,88.9694,143.0081,131.1335,135.6078,105.8619,110.0781,103.9528,78.2419,97.008,64.7083,131.6165,118.6228
2012-07-19,66.6362,60.2112,134.5995,130.3037,88.8201,142.0796,131.5042,135.1722,105.9008,110.0936,105.0505,79.3868,98.7749,66.5511,131.5242,118.5994
2012-07-20,67.2105,60.8034,134.0974,130.1723,89.2136,142.6089,132.1716,135.2737,106.6771,110.1253,105.208,79.661,98.2277,66.0735,131.7964,118.5807
2012-07-23,66.0301,59.991,133.8179,129.931,88.7546,142.8021,132.2667,135.5266,106.3237,109.9639,104.6567,78.7394,96.4355,64.4349,131.8416,118.6049
2012-07-24,67.3123,60.7408,133.6911,129.8991,88.6092,142.5314,132.1622,135.015,107.3246,110.305,105.7488,78.6912,96.1874,66.2238,132.3258,118.6795
2012-07-25,66.8547,60.8001,133.7101,129.6943,88.4261,141.6725,131.3336,134.8064,108.269,110.0424,106.3152,77.89,95.0544,64.6599,132.6592,118.7976
2012-07-26,67.7427,61.3428,133.4715,129.505,88.7502,141.8557,131.7408,135.11,108.5763,109.8371,106.857,78.2321,96.4296,64.6221,132.79,118.7925
2012-07-27,66.6951,60.8633,133.1095,129.6027,89.4671,142.2812,132.3319,134.6699,108.3998,110.1781,106.0239,77.1904,94.6335,63.4615,131.9586,118.7901
2012-07-30,67.8996,61.6715,133.6534,129.4477,89.2617,141.218,131.871,134.4169,107.7689,110.1296,107.2269,78.2407,96.2913,65.9655,133.063,118.825
2012-07-31,68.1642,62.1428,133.8765,129.9539,90.097,142.1278,131.6858,134.5228,108.0108,110.3338,108.0629,79.2691,96.1186,67.0031,133.5456,118.8761
2012-08-01,67.6154,62.4199,133.552,129.6128,90.0463,141.8259,131.3645,134.0106,107.9244,110.1411,107.3312,79.8726,95.8982,65.4732,133.6717,118.8979
2012-08-02,67.2879,62.5597,133.3703,129.503,89.6772,141.0967,131.2146,134.0475,107.785,109.7043,107.1307,78.9565,95.6552,66.0202,133.4671,118.9326
2012-08-03,68.5525,63.3801,133.4249,129.1978,90.3952,141.6608,131.0439,134.8849,108.5085,109.7853,108.1375,79.3481,96.1249,66.9028,133.5709,118.9
2012-08-06,68.5635,63.5355,133.6748,129.3812,90.455,141.547,131.4569,135.6856,108.9639,110.1963,108.0056,80.0802,95.5995,66.8584,134.1461,119.0025
2012-08-07,68.0143,63.4709,133.3546,129.1356,90.3589,141.3023,130.9343,135.4367,108.5884,109.9272,107.6501,79.1557,95.3193,66.8043,133.7725,119.0002
2012-08-08,66.8115,62.8438,133.8791,129.1154,89.7249,140.1543,130.1403,135.5611,108.1205,109.7492,106.7072,80.1294,94.3759,66.2249,132.9707,119.0313
2012-08-09,66.5815,62.0634,134.3414,129.4138,89.5344,139.5925,129.9499,135.6201,108.0236,109.9846,106.3346,80.2607,94.1654,65.4834,133.458,119.0818
2012-08-10,65.9664,61.7622,134.0415,128.5646,88.6409,138.7725,129.5208,135.5657,107.2078,109.8138,106.5251,79.6852,91.9477,66.0949,133.4554,119.0949
2012-08-13,65.7539,62.4808,133.9273,128.217,88.7207,138.6328,129.888,135.9322,107.4062,110.095,106.7471,79.8142,93.036,65.0078,134.3369,119.0347
2012-08-14,66.4481,63.1672,133.7615,128.2196,88.7402,138.6782,130.3683,135.6434,108.2805,110.4366,107.0064,79.5663,92.4221,65.2673,135.3469,119.0714
2012-08-15,65.7195,62.5959,133.1643,127.2518,87.5373,137.0946,128.5383,134.0026,107.6002,109.6349,106.6359,79.6278,91.1478,64.2998,134.4789,119.0945
2012-08-16,65.8877,62.802,133.1286,126.9885,87.0564,136.7819,128.0006,133.205,107.4726,109.234,106.5529,81.4319,90.8433,64.3908,133.8814,119.1219
2012-08-17,66.035,63.2891,132.811,126.6781,87.1357,136.8293,127.8776,133.1899,107.7033,108.9836,106.6955,81.2045,91.2942,64.0858,133.7923,119.1333
2012-08-20,65.4356,63.2457,132.9623,126.6834,86.6457,136.0212,127.4691,132.9578,107.4491,108.9397,106.8931,81.4855,90.3071,64.3762,134.4666,119.1488
2012-08-21,64.4497,63.1464,133.5983,126.9136,85.98,135.537,127.0579,132.633,106.9678,109.0711,106.8477,82.4531,91.0102,64.3955,134.3204,119.1357
2012-08-22,65.391,64.2004,133.7624,127.511,87.5095,136.6269,128.4621,133.0025,107.6604,110.0354,106.8884,83.6883,91.542,65.182,134.7994,119.1459
2012-08-23,64.8206,64.2552,133.6963,127.5519,87.1342,136.5534,128.4228,132.6302,107.4433,109.2378,107.5572,84.4692,91.9034,63.7752,135.3729,119.1281
2012-08-24,65.1166,64.5278,133.7112,127.8122,88.0774,136.9853,128.9171,132.9037,107.8215,109.3128,106.3488,84.8023,91.9892,62.7158,135.5596,119.1422
2012-08-27,65.8492,65.6231,133.8735,128.1497,88.9714,137.7184,129.6748,132.9749,109.2064,109.6751,107.7314,84.6041,92.2724,63.3743,135.2499,119.1204
2012-08-28,66.4703,65.9787,133.3385,128.1316,89.1849,139.3826,130.5367,133.3014,109.2738,109.6854,107.4146,85.5261,93.1767,63.0212,135.5203,119.1461
2012-08-29,66.7068,65.5756,133.7796,127.5731,87.966,138.8864,130.218,134.0285,108.8091,109.96,107.2065,85.4295,93.6109,63.1974,136.5571,119.161
2012-08-30,66.8741,65.1131,132.7186,126.7286,87.767,139.1111,129.9256,133.1776,107.8326,109.5067,105.8977,84.8829,92.5886,62.3853,136.3663,119.1432
2012-08-31,67.2895,65.105,133.1041,127.2201,87.3729,139.0793,130.2549,133.3539,107.6638,109.5721,106.1454,85.2893,93.6358,64.0247,136.6071,119.1658
2012-09-03,66.578,64.776,133.7872,127.5478,87.3676,138.9016,129.6809,133.3276,107.824,109.1403,106.5773,85.7677,93.0753,62.4057,137.3902,119.2187
2012-09-04,66.8761,64.6733,133.9389,127.4395,86.663,138.3583,129.0338,132.4312,107.5376,108.6751,106.2278,85.6206,93.1338,62.5288,137.7943,119.2143
2012-09-05,66.2901,64.4785,133.874,126.8611,86.0457,136.9501,128.2248,131.9722,106.5007,108.2108,105.8426,84.9677,92.5972,62.8727,137.7393,119.1796
2012-09-06,67.4518,65.1212,133.7768,126.5793,86.8405,137.0114,128.2441,131.9569,106.2382,108.2569,105.7934,85.1487,92.2435,64.4747,137.8546,119.1892
2012-09-07,66.7557,65.0118,133.9222,126.5748,86.6306,136.0414,127.6941,131.6356,105.8295,107.5502,106.2226,85.3413,92.5143,64.0746,137.3786,119.2408
2012-09-10,68.558,66.2673,133.3379,126.2424,87.7976,136.4822,128.4719,131.5348,107.0472,108.0324,107.7248,86.4359,91.8553,64.6702,137.7881,119.2761
2012-09-11,68.0516,66.0325,132.5925,125.7225,86.5645,135.9894,128.7477,130.1644,106.1387,107.484,107.9482,87.4975,91.6681,64.3878,137.2749,119.2614
2012-09-12,68.8075,66.8052,132.5339,125.2639,86.9357,136.1229,129.6166,130.3908,105.6731,107.4713,108.1889,87.5685,91.8795,64.9316,137.972,119.2439
2012-09-13,67.6096,65.7799,133.3735,125.9567,86.5553,135.7587,128.9551,130.4242,105.6112,107.4548,107.7213,86.764,91.9028,64.5773,137.3698,119.2346
2012-09-14,67.0838,65.7094,133.1436,125.8949,86.4946,136.714,129.1143,130.4194,105.7431,107.4466,107.1653,87.8387,91.0266,63.2219,137.3238,119.2982
2012-09-17,67.73,66.1257,132.9809,126.1679,86.3735,136.8192,129.4563,129.6869,106.5176,107.799,107.9217,89.1948,91.8434,62.7661,138.3002,119.2855
2012-09-18,68.6954,66.6297,132.9135,126.4227,88.0658,138.6866,129.8978,130.2376,107.4037,108.2974,108.889,88.8001,92.1152,62.7154,138.3631,119.2508
2012-09-19,70.7021,67.5737,132.6995,126.4792,89.2894,138.9632,130.4629,130.5143,108.5591,109.0585,108.8296,88.0557,93.8698,63.8166,138.2022,119.139
2012-09-20,72.2578,68.5212,133.0439,127.1567,90.5535,140.4962,130.9638,131.1682,109.3882,108.9252,109.3201,88.6454,95.3226,65.3689,137.8266,119.1435
2012-09-21,71.883,68.3334,132.8094,126.6803,90.6496,139.6396,129.9962,131.2526,108.7509,108.8954,108.3623,87.7505,96.6275,65.0121,137.3304,119.1505
2012-09-24,72.7911,69.4613,132.0792,126.5331,91.7181,140.4752,131.133,131.3796,110.0692,109.5432,109.551,86.9166,96.1662,64.9402,137.8301,119.1309
2012-09-25,71.2406,68.6315,132.4393,126.8676,91.4628,140.3741,131.1553,131.3723,108.8222,109.3505,107.271,87.1164,95.5862,64.1378,137.6299,119.1369
2012-09-26,71.9321,68.836,131.9577,126.2369,91.2543,140.5123,131.0516,131.3136,109.3901,109.35,107.3327,87.6958,95.9687,63.0538,137.3425,119.1783
2012-09-27,70.8699,68.0297,132.1389,125.8728,90.1968,140.2053,130.4107,130.9483,108.905,109.3834,107.5239,87.4453,95.2194,61.5004,138.2021,119.2451
2012-09-28,71.2686,68.122,132.4092,126.7541,91.136,140.8694,130.9558,131.2205,109.5181,109.881,107.9214,86.8003,95.7646,61.5344,139.6706,119.362
2012-10-01,72.8106,68.9276,132.465,127.4087,92.254,142.9559,132.5269,131.4217,110.3641,110.1917,109.3626,87.5437,96.3652,62.4103,140.2147,119.3997
2012-10-02,73.2812,69.616,132.4222,127.4205,91.8849,142.9002,132.2903,131.0233,110.9154,109.9349,109.8938,88.7727,96.7607,62.8487,140.2132,119.4306
2012-10-03,71.2894,68.7676,132.4383,127.7021,92.0345,142.5414,131.5929,130.3926,110.3263,109.9544,110.0338,87.5743,96.6152,62.193,138.9827,119.4043
2012-10-04,71.8397,68.8295,133.1962,129.0569,93.9571,144.5557,132.5057,131.1586,110.5156,110.9037,109.6658,88.3041,96.9379,63.4756,139.4455,119.4462
2012-10-05,71.7191,68.8072,133.2617,129.3388,94.9009,145.2727,132.6572,131.9111,111.0287,111.1498,109.4678,87.2134,96.5992,62.8158,139.8641,119.4487
2012-10-08,73.4231,70.0907,133.1496,128.9345,95.5894,145.9841,133.0814,132.431,111.81,111.3086,109.7896,88.1677,96.6246,63.3683,140.5079,119.484
2012-10-09,73.6794,70.8438,133.3237,129.5885,97.0951,146.6049,134.2138,132.9007,112.6395,112.2772,110.1374,88.5398,97.0921,63.1293,141.5166,119.5228
2012-10-10,72.7155,70.1181,133.2553,129.0835,96.5577,146.2251,133.859,132.5336,111.3274,111.7898,109.8222,88.4825,96.9566,61.732,141.7207,119.5477
2012-10-11,72.4717,68.979,133.1735,128.8361,96.9575,146.2807,133.9279,132.7987,110.4322,111.5594,109.2353,88.519,96.4197,61.2963,140.1494,119.5105
2012-10-12,73.2447,69.3922,133.4284,128.5928,97.1075,146.2219,133.7503,132.5725,109.9121,111.1979,110.3034,89.1992,97.3293,62.3235,139.9832,119.5409
2012-10-15,74.8649,70.5819,133.5054,129.1183,98.1969,147.4849,133.9771,132.0842,110.6593,111.3538,111.0303,90.0453,98.4714,63.8287,140.2098,119.6157
2012-10-16,74.8767,70.8982,133.0717,129.5203,98.3086,148.9008,135.1378,131.5652,111.2186,111.8424,110.9873,89.697,98.2338,64.103,139.928,119.6856
2012-10-17,75.1405,70.3467,133.0698,129.3941,97.8058,148.0506,133.6036,130.9318,110.4268,111.0701,111.0589,89.6129,98.1155,65.1896,139.779,119.6828
2012-10-18,75.6343,70.2355,133.4074,129.4749,98.7575,147.9618,132.5463,131.6075,110.738,111.0922,110.7474,90.2242,98.8543,65.1912,139.1798,119.5839
2012-10-19,77.1308,70.7611,133.8209,129.6969,100.1091,148.4764,133.6886,132.3914,112.1111,111.7693,112.5589,89.7901,98.9429,65.5798,139.1594,119.6517
2012-10-22,78.1329,71.2296,133.5731,129.6251,100.6837,148.8874,134.3935,132.387,112.5011,111.6246,112.1021,90.3136,99.2373,64.9291,139.3443,119.7009
2012-10-23,77.9391,70.8746,133.1487,129.0708,101.2073,150.2379,134.205,132.3161,111.7188,111.9259,111.9544,90.1619,98.6759,64.5855,138.8216,119.7742
2012-10-24,79.7369,71.4409,133.6921,130.5613,103.3624,151.779,136.3093,133.2263,113.7649,112.7214,112.9829,87.9045,99.173,65.8725,139.3064,119.7737
2012-10-25,79.234,71.2146,133.2578,129.7265,102.9577,150.2909,135.0356,133.2456,113.6033,112.6295,112.1741,87.9164,100.0667,64.286,138.941,119.7638
2012-10-26,78.4053,71.1638,132.606,128.9591,102.5668,149.6412,134.6901,132.946,113.4032,112.3815,111.8336,87.087,99.3571,63.478,137.896,119.7344
2012-10-29,77.0789,71.0578,132.5554,128.9658,103.3645,150.1548,134.7214,133.5447,113.5966,112.741,110.9602,86.7981,98.6101,61.9594,137.2671,119.8142
2012-10-30,78.6798,72.0975,132.3221,128.4432,103.3562,149.5862,134.1708,133.3505,114.2509,112.5565,112.1091,86.6786,98.2162,62.6222,138.9266,119.7974
2012-10-31,80.3756,72.8448,132.8467,128.7251,103.7739,150.4327,134.9976,134.1338,114.1114,112.9149,112.6148,86.7762,100.125,65.1849,139.3096,119.8204
2012-11-01,80.4076,72.3164,133.205,129.1383,103.8233,150.8288,136.3952,134.1854,113.5683,113.0509,113.091,87.8561,100.538,65.665,138.5754,119.737
2012-11-02,80.9272,72.1898,132.8053,129.1702,103.83,151.3338,136.9186,133.8677,114.3884,113.6466,112.8299,88.955,99.0315,64.6566,139.3457,119.7974
2012-11-05,79.8786,71.3658,132.5779,128.9604,103.9207,150.9616,136.9183,133.9329,113.9926,113.461,112.5343,87.6278,98.2543,63.527,138.5584,119.823
2012-11-06,79.7563,71.7924,132.9894,129.2466,103.8172,150.5003,136.9886,133.4526,113.9228,113.7418,112.9671,87.646,98.4685,64.6552,138.8394,119.8614
2012-11-07,79.4442,71.9914,133.8512,129.5793,103.877,150.3426,136.9573,134.0608,114.3812,114.1244,113.3566,87.7698,98.4434,64.7014,139.3579,119.8554
2012-11-08,80.7007,72.471,133.7134,129.8507,104.5241,151.4024,137.9997,134.3763,115.4137,114.6675,114.2898,87.6537,99.1672,65.3492,139.2509,119.8408
2012-11-09,77.1961,71.15,133.3928,129.098,102.4588,149.2096,136.3592,133.4544,113.4259,113.3893,113.7114,86.3725,98.2057,63.6883,138.2127,119.8455
2012-11-12,76.8914,70.6691,133.8676,129.1305,101.2281,149.3675,136.1355,133.7908,114.6214,113.6361,115.0127,86.9871,98.0209,62.8608,137.7573,119.7997
2012-11-13,75.6966,70.3189,133.6622,128.776,101.6257,149.0153,135.7538,134.083,115.0531,114.1104,113.5906,85.479,96.741,60.8411,137.4127,119.7802
2012-11-14,75.475,69.968,133.6259,128.692,101.0073,148.1009,135.3578,133.5325,114.661,113.9857,113.5825,85.7016,96.43,60.3312,138.4221,119.9188
2012-11-15,74.2971,69.1461,133.4759,128.258,100.6336,147.1693,134.5815,132.8067,114.0759,113.9608,112.862,86.5018,96.2842,58.1041,138.0067,119.9476
2012-11-16,73.3362,67.8704,132.7631,127.0798,99.1387,145.7162,133.3261,131.5474,112.8268,113.757,111.8334,85.2976,95.2321,57.5743,136.324,119.9486
2012-11-19,74.1589,68.3952,132.0575,126.7251,99.0277,146.7591,134.609,131.4513,113.7839,113.8091,112.182,85.4031,94.173,57.1988,135.9992,120.0394
2012-11-20,75.0226,68.9108,131.6509,126.2082,99.2363,146.0915,134.1983,130.9338,112.752,113.6926,111.0676,86.3909,94.9147,58.1711,136.0569,120.0772
2012-11-21,75.5525,69.3289,131.065,125.6178,98.8059,145.4838,134.1419,130.2802,112.7134,113.0896,111.2013,84.2959,95.4698,58.3714,135.8694,120.1109
2012-11-22,75.9514,69.2331,131.4188,125.6648,99.3011,144.9104,133.6376,130.7754,112.665,112.8671,112.8285,83.5549,95.6133,59.4095,135.8888,120.1749
2012-11-23,76.2878,69.6838,130.7894,125.0436,98.912,144.7233,133.1051,130.5656,112.8261,112.4095,113.5571,83.9808,94.5016,59.4774,136.2218,120.2242
2012-11-26,78.3974,70.9336,130.4214,124.6063,98.4091,144.6173,133.5722,131.0886,113.574,112.1204,113.802,84.1309,95.6544,60.7502,136.9491,120.3075
2012-11-27,79.4701,71.7398,130.8117,125.2357,99.399,146.8168,134.9989,132.0036,114.4325,112.4397,114.6818,85.722,96.012,60.8453,137.8793,120.3231
2012-11-28,80.6568,72.6616,130.9738,125.6283,99.7694,148.4054,136.1778,132.4934,115.5043,112.7489,115.0647,85.9225,96.8754,60.639,139.2875,120.3812
2012-11-29,80.8037,72.5468,131.3518,126.1223,99.8388,147.5086,135.8916,132.2113,116.1205,112.6703,116.0971,85.3048,97.3541,60.9983,139.3886,120.3611
2012-11-30,82.4977,73.209,130.7735,125.8754,100.2167,148.9834,136.6398,132.1169,116.2929,112.5437,115.9899,85.9745,96.2715,62.1383,139.4598,120.3622
2012-12-03,82.9032,73.682,130.8635,126.0799,101.2259,148.9514,136.4598,132.1319,116.3829,112.9041,115.7507,86.5926,97.1802,62.2826,139.7212,120.3933
2012-12-04,82.4569,72.984,131.3383,126.4568,101.1121,149.4616,136.164,132.5986,117.0295,112.9387,116.0925,85.3648,97.5346,61.6182,139.2969,120.4163
2012-12-05,82.9695,72.9077,131.3739,125.949,100.9721,148.7195,135.2482,133.3887,117.561,113.1713,117.5829,85.9256,98.1019,61.9598,138.7188,120.4506
2012-12-06,82.1723,72.7637,131.8421,126.4097,101.0619,148.5093,135.0278,132.864,116.6482,113.2584,117.9325,85.8577,98.8432,63.0481,138.5619,120.5683
2012-12-07,84.1643,73.7055,131.9521,127.0105,101.6009,149.7515,136.3157,133.1012,117.4557,113.3943,118.516,86.1735,101.0362,64.1082,139.4193,120.5086
2012-12-10,83.1951,73.1022,131.802,126.915,100.6886,148.8917,135.2444,132.5034,116.8741,112.8176,117.703,85.515,101.3043,63.3274,139.7228,120.4445
2012-12-11,83.1194,72.8281,131.3995,126.3021,99.9609,148.0748,134.1046,131.5906,115.4715,112.6595,117.2356,85.4487,102.5307,63.1311,140.8634,120.3964
2012-12-12,83.5061,72.9001,131.1412,125.7598,98.8401,148.0136,133.3635,132.1518,116.2264,112.0736,118.2923,85.3051,102.4745,62.651,141.1705,120.3538
2012-12-13,82.9878,72.7887,131.3814,125.6142,98.6107,146.9985,132.3346,131.978,115.6626,111.9122,118.682,85.2711,103.3418,62.4894,141.6824,120.4409
2012-12-14,84.5049,73.4683,131.6887,125.8729,99.0102,147.9167,133.3719,132.6179,116.9735,112.4502,120.5006,85.0751,103.916,63.1899,142.429,120.421
2012-12-17,85.6293,73.3268,131.5544,125.7249,99.3443,148.1284,134.207,132.991,117.0924,112.7607,120.8178,84.6668,104.0349,63.6609,142.36,120.3744
2012-12-18,84.6822,72.8703,131.1883,125.2098,98.9793,148.1533,133.7293,132.8727,116.9458,112.5036,120.2375,83.1659,102.8191,61.9395,142.7377,120.3626
2012-12-19,84.0561,73.1466,131.3521,125.1661,99.4105,148.4034,133.6964,133.0717,117.1614,112.6903,120.9863,82.3136,102.9073,61.8276,142.4117,120.3284
2012-12-20,85.4204,73.7426,131.413,124.9904,99.8138,148.3039,134.2512,133.4681,116.8774,112.715,121.0578,83.4472,103.4673,63.3435,142.0394,120.3362
2012-12-21,82.0452,71.3594,131.8278,125.1731,98.9133,148.3332,133.9213,133.4594,114.9486,112.4433,120.3406,82.5952,101.8047,61.5518,141.5813,120.2823
2012-12-24,82.8803,71.4028,131.6127,125.3665,99.557,149.6412,133.9328,133.8077,115.4904,112.6334,120.6721,81.7516,102.3882,61.6917,141.9646,120.3776
2012-12-25,81.7189,70.5896,130.8658,124.2737,97.7504,148.1418,133.0664,133.2053,114.6638,112.274,120.225,82.128,101.3461,60.3125,141.7541,120.4371
2012-12-26,81.1278,69.8248,130.6406,123.4495,97.2097,147.2695,132.2031,133.0028,114.3432,112.0719,120.2362,81.6626,100.4995,58.6577,141.4814,120.4675
2012-12-27,82.0656,69.8745,129.593,122.6331,97.2389,147.0536,131.6316,132.8847,113.8779,111.6365,120.1343,81.2503,100.1489,58.9998,141.6142,120.4766
2012-12-28,83.2358,70.1317,129.3053,121.8483,95.8123,146.6414,131.0965,132.3622,113.6934,111.1334,121.4823,82.8233,100.1782,59.7613,141.8886,120.3565
2012-12-31,83.1884,70.8193,129.5472,121.7744,94.4808,146.2606,131.175,132.47,113.4727,110.9187,122.2147,82.7688,101.7777,61.7823,141.3914,120.4415
2013-01-01,82.024,69.8099,130.0864,121.9829,93.8676,145.5912,130.1458,132.0878,112.979,110.9798,121.3938,82.3182,102.9465,60.8075,141.2583,120.3974
2013-01-02,81.4929,69.6844,130.2618,121.6054,92.5691,144.5015,129.45,131.9798,112.996,110.3732,122.0525,82.3959,102.3492,60.537,141.4284,120.4011
2013-01-03,81.8992,70.1006,129.9169,120.992,92.8758,143.9401,128.8819,131.5521,113.1563,110.1367,121.9831,82.7466,102.1186,59.4335,141.5937,120.3779
2013-01-04,81.9633,69.5295,130.1746,121.5966,92.8704,143.6497,129.2982,131.7595,113.5812,109.9952,121.5053,82.1184,102.492,58.9775,141.7424,120.436
2013-01-07,82.8336,70.1782,130.6792,122.2826,93.3966,144.1741,130.0205,132.6154,114.6838,109.7901,122.2553,81.8718,103.0844,59.6348,142.1924,120.4391
2013-01-08,84.529,71.1111,130.4107,122.467,94.3716,145.6793,130.6405,132.7248,115.8908,110.249,123.1739,81.8347,103.1746,59.9302,143.3277,120.5351
2013-01-09,85.4857,71.2719,130.5896,122.621,95.0313,145.7321,129.8091,132.252,116.0973,110.5765,122.1258,81.052,103.097,61.1788,142.9374,120.5221
2013-01-10,86.881,72.2676,130.2317,122.5391,94.4956,146.3323,129.7573,132.0211,116.8345,110.3473,121.5336,80.1521,105.4929,62.2227,142.6862,120.5151
2013-01-11,87.8247,72.1906,130.7162,122.3583,93.8546,144.895,128.9638,131.9656,116.4126,110.5646,121.0316,81.0615,105.7572,63.9011,142.9114,120.5307
2013-01-14,87.9363,72.6391,129.9181,121.653,93.6475,144.6546,128.8674,131.045,116.1963,110.119,120.5657,81.2768,105.4382,62.973,142.5029,120.6408
2013-01-15,87.69,73.142,130.5237,121.7837,93.8316,145.2694,128.9744,131.2563,116.495,110.8036,120.9328,80.9538,106.0675,63.653,142.2312,120.6956
2013-01-16,86.429,72.9214,130.2893,121.5948,93.5111,143.6705,128.495,130.9918,115.7127,110.8581,120.8906,81.564,107.8194,63.43,141.3412,120.744
2013-01-17,86.901,73.1775,130.3617,121.7652,94.1692,144.1209,128.7749,131.3704,116.4055,111.1194,121.1148,82.3627,106.4503,63.4361,141.4719,120.8282
2013-01-18,85.4186,72.1143,130.9246,121.9725,93.5638,143.0742,128.7215,131.193,115.0966,111.2133,120.8703,81.9619,105.7082,63.6563,141.8147,120.8978
2013-01-21,86.027,72.0929,129.8717,121.0524,93.2767,141.5402,128.0995,130.0301,114.8027,110.622,120.9781,82.0211,105.2233,63.2691,140.9957,120.862
2013-01-22,86.7804,72.3271,130.0734,121.4531,94.8941,141.6248,127.7333,129.9257,114.9756,110.91,120.67,82.2143,105.4446,63.3474,141.5422,120.7692
2013-01-23,85.3346,71.1001,130.7611,121.9883,94.7638,141.1414,128.0116,130.6131,115.472,111.1265,120.8142,81.1975,104.2532,61.5756,141.9917,120.7592
2013-01-24,86.9317,72.3323,130.7035,122.3898,95.3432,142.7697,129.3699,131.1385,117.2351,110.995,121.4817,82.3393,104.4994,60.5347,143.4399,120.7992
2013-01-25,85.5288,71.1717,131.0964,122.9107,95.6264,142.5727,128.1654,130.9048,117.4226,110.7408,121.7517,82.1377,104.3489,59.0145,142.8924,120.8352
2013-01-28,86.7731,71.7229,131.3269,123.1649,96.0358,141.7848,127.9197,130.8253,117.0586,110.2835,122.2428,81.7502,106.0266,60.4954,143.807,120.885
2013-01-29,87.5162,72.2746,130.9702,122.8282,96.1014,141.5917,128.0796,130.7096,116.4847,110.0953,121.6207,83.6707,106.7691,60.8124,143.7599,120.8438
2013-01-30,88.2434,71.9907,130.6459,122.7997,96.76,142.0744,128.1297,130.6859,117.0072,110.8532,121.766,83.8846,106.2962,60.7815,143.5482,120.883
2013-01-31,89.6706,73.1357,130.8789,122.6568,97.0445,142.2867,127.7201,130.9933,117.9709,110.9267,122.3172,83.0301,107.4401,61.6954,143.9864,120.8581
2013-02-01,90.1134,72.9516,130.1413,122.2312,97.693,141.7079,127.3045,130.6885,118.1536,110.8608,121.9604,81.1007,106.8761,61.148,143.9001,120.7841
2013-02-04,89.5478,73.0368,131.7467,123.828,98.376,143.2047,128.4824,132.4645,119.544,111.7841,122.4018,80.5531,107.5931,62.0089,144.3201,120.7228
2013-02-05,89.0983,72.6155,131.6683,123.6835,97.37,142.4177,127.7944,132.1508,119.5597,111.5529,123.3274,79.6954,107.7436,62.2704,144.3426,120.7384
2013-02-06,89.2047,72.7329,132.2106,124.3424,97.065,143.7265,129.1224,132.5627,119.4677,111.9051,123.3143,79.0977,108.9285,63.4032,144.7387,120.7632
2013-02-07,90.2339,73.6778,132.2082,124.2335,97.1723,143.9516,129.4744,132.6758,119.6133,112.0898,124.6355,79.3295,109.9321,64.5372,145.6298,120.7469
2013-02-08,90.7848,73.6235,132.3781,124.4964,97.5059,142.8405,129.6605,132.6098,119.2777,112.1993,124.3576,79.286,110.1587,64.8849,147.0762,120.7673
2013-02-11,89.0655,73.0995,132.3563,124.2127,96.4882,141.0679,128.2542,132.1477,119.7988,112.101,125.1218,78.8472,109.2995,63.9026,146.3998,120.7269
2013-02-12,90.4029,73.0944,133.0724,124.8552,96.9454,141.3724,128.1524,132.4447,120.4781,111.8815,126.8075,78.1457,110.1876,65.5775,146.2001,120.7899
2013-02-13,88.722,72.0311,133.2387,125.0102,96.4311,141.1651,127.593,132.2916,119.4357,111.971,126.2582,77.7872,110.0337,65.323,145.9942,120.8137
2013-02-14,88.4968,71.7941,133.3239,124.7128,96.2487,140.8601,127.2918,132.4909,119.1813,111.4447,125.9182,76.4316,109.3668,65.0498,145.8624,120.7985
2013-02-15,87.3122,71.4383,133.6823,124.8216,95.6521,140.241,126.8805,132.4659,119.9672,111.8011,127.7913,75.8665,108.763,64.3131,146.1768,120.8029
2013-02-18,86.4701,70.7005,133.6402,124.9848,95.47,139.9454,127.317,132.9347,119.8406,112.2631,126.7612,75.6462,108.9885,63.1025,146.5494,120.7795
2013-02-19,87.0861,71.1812,134.0411,125.8056,96.2976,140.7192,128.2313,134.0985,120.9794,112.4298,126.3417,75.9824,110.0079,63.2622,146.5787,120.804
2013-02-20,88.395,71.7458,133.7328,125.5739,96.7643,140.7915,128.3997,134.4973,120.8094,112.2697,127.0589,76.0752,110.451,64.3366,147.4685,120.7646
2013-02-21,89.5083,72.6326,134.0318,125.8331,97.2158,140.3338,127.7041,134.9248,121.8519,112.6034,128.5033,78.0011,111.9261,65.7397,147.3287,120.7929
2013-02-22,91.2888,74.287,133.8147,125.3781,97.7651,141.0196,128.4197,135.1241,122.5385,112.7837,129.217,77.9366,111.1442,67.0054,148.1441,120.9081
2013-02-25,91.8593,74.6449,134.0442,125.6753,98.9923,141.7038,128.7214,135.7094,123.8334,113.6041,130.8969,79.0536,110.9156,67.1114,147.5527,120.9261
2013-02-26,92.1327,75.0477,133.6255,124.8582,98.7583,141.2746,128.6198,135.537,123.7115,113.6552,131.2268,78.5485,110.5858,66.4652,148.2191,120.9418
2013-02-27,93.012,76.0272,133.7533,123.858,97.773,140.5413,127.3207,135.3562,123.0425,113.3789,132.1879,78.9807,111.5783,67.9802,148.9334,120.9083
2013-02-28,94.088,77.298,133.9147,123.7739,97.4944,141.7526,128.0331,135.9748,123.8122,113.4492,132.5465,78.9874,112.4303,68.7876,149.4924,120.9276
2013-03-01,94.8414,76.6982,134.2343,123.5334,95.8305,140.7696,126.8782,135.6467,123.7252,113.0959,133.8228,79.2782,111.8238,69.4882,151.1713,120.981
2013-03-04,94.1826,76.9759,133.876,122.8828,96.2075,139.8122,125.5498,135.1015,123.3574,113.124,133.0865,79.4567,111.915,68.3583,151.0232,120.94
2013-03-05,93.0489,75.8976,133.6453,122.0692,95.7585,139.0115,124.5042,135.1839,122.3694,112.6612,132.294,80.026,110.5201,66.8227,150.0009,120.8874
2013-03-06,93.3617,75.5255,133.2643,121.7539,95.4877,138.3188,123.83,135.0618,122.0643,112.0548,131.2211,79.8238,111.0075,65.8214,150.3923,120.9148
2013-03-07,93.431,75.5839,132.463,120.446,93.9592,136.7263,122.9463,134.0603,120.6988,111.3949,131.1475,81.5036,110.7284,66.3398,149.4649,120.9125
2013-03-08,93.2785,75.7476,132.3842,120.3019,94.3821,136.6213,122.4588,133.5899,119.8577,111.3025,130.5536,81.6063,112.2599,66.5647,148.743,121.0051
2013-03-11,92.9801,75.3564,131.9046,119.3526,93.6392,135.3475,121.4475,132.6037,118.089,110.6002,129.8123,81.8326,112.4672,66.0679,148.7383,121.1015
2013-03-12,94.0045,75.3588,131.9516,119.6403,94.2538,136.3255,122.8656,133.5245,119.298,111.0533,130.4341,80.2586,112.9757,65.7084,148.5888,121.1748
2013-03-13,91.4713,74.2635,131.6489,119.3426,93.7401,135.7534,122.4373,132.9599,118.3413,110.6591,128.3014,78.9486,111.172,63.5171,147.9828,121.1791
2013-03-14,90.6448,74.0365,131.8548,119.4395,93.0078,134.8267,121.7607,132.7097,117.9969,109.9208,129.6843,77.6757,111.1431,64.2341,148.2388,121.1579
2013-03-15,93.1892,75.3489,131.9367,119.5382,94.3175,135.1419,121.6503,133.7764,119.4712,109.7217,129.6877,77.0107,112.3381,64.9718,148.9485,121.1443
2013-03-18,92.8893,75.8282,131.9537,119.9635,95.2188,135.982,122.4819,134.3367,120.3946,110.6459,129.1219,77.0735,112.9228,64.3174,148.9086,121.1874
2013-03-19,92.509,76.37,131.7077,119.6918,95.3682,135.4135,121.6434,134.0879,120.638,110.0347,129.1871,76.7394,112.5914,63.6119,149.0968,121.2261
2013-03-20,91.7883,76.2505,131.5105,119.9688,95.0266,136.175,122.5487,134.0784,120.7819,110.0248,129.5732,77.0001,113.24,62.918,148.8033,121.2765
2013-03-21,91.8732,76.7696,131.678,120.5352,95.8378,137.0278,123.6399,134.0748,121.3803,110.6061,130.4308,76.7813,113.2733,63.2421,149.1456,121.3844
2013-03-22,89.984,75.8968,131.6975,120.4646,95.304,136.609,123.0537,133.7449,121.6776,110.2502,131.6634,75.5389,111.3196,62.2022,148.051,121.4246
2013-03-25,88.5779,75.1128,131.5543,120.1918,94.6134,135.7768,122.8258,133.5883,121.3585,110.0097,131.3741,76.026,109.7676,60.8651,147.5982,121.4604
2013-03-26,87.9106,75.4117,131.0483,119.6658,94.5179,135.9223,123.3403,133.2266,120.7992,109.6022,130.6138,75.1199,109.7049,60.1372,146.6716,121.4896
2013-03-27,89.3015,75.4267,130.4991,119.2198,95.0579,134.7098,122.5433,132.8992,120.7453,109.0997,129.8421,75.014,109.8719,59.9435,146.7496,121.4354
2013-03-28,88.8055,74.9394,129.9103,118.3806,93.6198,133.5882,122.1491,132.2292,119.7831,108.4961,128.9385,75.4429,109.1804,59.1679,146.5896,121.4221
2013-03-29,86.8286,73.2898,129.7538,118.0125,92.1596,131.4447,121.0703,131.7504,118.5144,107.2808,128.0242,74.8266,108.1876,58.0741,145.511,121.4178
2013-04-01,87.8531,73.1468,129.194,117.5162,91.5498,131.9037,121.0559,131.4493,118.0723,106.8151,128.0369,74.6441,108.9606,58.0427,145.678,121.4582
2013-04-02,87.7464,73.4197,128.8368,117.5472,91.9756,131.7631,121.7819,131.578,118.4769,107.0766,128.1409,73.6831,109.4928,57.9897,145.1029,121.4512
2013-04-03,87.9056,73.2911,128.8986,117.686,92.3823,131.5866,122.1936,131.5119,118.6343,107.3605,128.6513,72.8968,109.5207,58.7393,144.1361,121.4572
2013-04-04,86.5846,72.2238,129.448,118.0841,92.5336,131.4583,121.9995,131.7836,118.204,107.4781,128.6284,72.847,110.3267,58.2783,142.8071,121.4294
2013-04-05,89.107,73.4378,129.7251,118.4593,93.5459,132.7216,122.3645,132.5588,119.6327,107.7912,129.7964,73.8794,112.1005,59.837,142.6233,121.5434
2013-04-08,89.3655,73.9988,129.4679,118.1875,93.5765,132.5929,122.8125,132.6028,120.3609,107.854,130.5996,73.7444,111.6225,60.0246,141.785,121.5236
2013-04-09,87.6305,73.5081,129.8686,118.1136,92.457,130.7934,121.3927,132.2784,120.0226,107.8048,130.4671,74.4581,112.1204,59.935,140.9931,121.5086
2013-04-10,87.716,73.0598,129.9252,118.0505,91.8597,131.2468,122.1345,132.8446,119.8972,107.6556,129.1881,73.2907,111.3888,59.1586,142.0544,121.5515
2013-04-11,87.6513,73.1813,129.9433,118.3649,93.1769,132.1817,122.4321,132.4906,119.7431,107.7879,129.7423,72.5491,110.1102,59.3137,142.2983,121.5899
2013-04-12,88.2452,73.5769,129.8246,117.6705,93.1172,131.768,121.2691,132.4469,119.5084,107.5189,129.7048,71.6895,111.0172,59.7686,142.0942,121.5132
2013-04-15,88.2899,73.8294,129.6643,117.7208,93.8926,132.0486,121.3629,132.2954,119.314,107.6228,129.8016,71.2625,111.0833,60.0062,142.0513,121.6142
2013-04-16,88.8333,74.1169,129.233,117.5688,94.0127,132.1033,121.3822,132.3442,119.0179,107.3384,129.6016,71.7282,110.7907,60.9189,141.7485,121.5967
2013-04-17,89.6406,73.8871,130.2379,118.5628,94.9102,133.0504,122.4913,133.543,119.748,107.8235,128.6026,71.3865,112.968,60.7051,141.8788,121.587
2013-04-18,89.6261,72.7299,129.9067,118.519,95.4303,133.1661,122.3405,133.2273,119.0516,108.251,127.3963,72.151,112.8113,59.7275,141.4864,121.593
2013-04-19,89.4518,72.8032,130.0565,118.369,95.8578,132.5452,122.4593,133.4265,118.6979,108.4171,126.7695,71.9473,113.521,59.1184,141.6083,121.7189
2013-04-22,89.0346,72.674,130.5028,118.8201,94.8492,131.832,121.5839,132.68,118.2146,107.9595,126.0929,72.38,114.5222,60.6083,141.0692,121.8179
2013-04-23,89.4065,73.735,130.496,118.3729,94.9459,131.597,121.1524,132.2858,117.8631,108.0568,126.7164,73.2821,114.2305,61.046,142.3403,121.8549
2013-04-24,88.1312,72.8364,130.2245,117.9229,94.3661,129.8876,119.8285,131.6327,117.4163,107.9021,126.4364,73.895,115.3828,59.3909,141.332,121.8721
2013-04-25,89.8261,73.3977,130.4329,118.4433,94.8174,130.1481,120.3825,132.1048,119.0235,107.8806,127.7869,73.359,117.0006,59.3429,142.4967,121.774
2013-04-26,89.1099,72.8795,129.7229,118.1456,94.6205,129.7968,119.8926,131.2309,118.6245,107.2528,126.5389,72.3347,116.483,57.5969,142.7519,121.7793
2013-04-29,86.7808,71.1132,129.5802,117.8191,93.6351,129.3315,118.9373,131.2024,118.0175,106.7428,126.3938,71.0527,115.3313,55.8954,141.4901,121.7065
2013-04-30,86.3004,71.0325,129.496,118.0561,93.331,129.4619,119.3285,130.9981,118.9152,107.1442,126.9218,71.0757,115.8215,55.5734,140.5579,121.6665
2013-05-01,86.9597,71.1296,129.6814,117.7082,92.2305,128.0206,118.9096,130.8553,118.8977,107.2353,127.3326,71.4603,116.4585,56.4691,140.879,121.7243
2013-05-02,87.3527,70.725,128.6751,116.5303,90.8842,127.1245,117.8114,130.1066,117.9707,106.6456,126.182,70.4947,116.8,56.0014,141.2007,121.6425
2013-05-03,87.7205,70.8872,128.7357,116.4018,91.0162,127.3798,118.0221,130.3997,118.2237,106.7623,127.7799,70.6733,116.9419,55.9349,141.5777,121.6363
2013-05-06,86.7981,70.2675,128.5323,116.1887,90.9466,126.429,117.058,129.6783,117.8607,106.7359,127.4858,70.5502,115.3978,55.441,141.2844,121.5726
2013-05-07,86.4842,69.0467,128.2364,116.16,91.2016,127.5366,117.627,130.1949,116.741,106.5833,125.9083,70.8434,114.248,54.8571,140.5326,121.58
2013-05-08,86.8345,68.6072,128.3973,115.8559,90.5405,127.5078,117.6927,130.2815,116.4873,106.269,126.8972,70.3883,115.3616,55.0038,139.6992,121.5779
2013-05-09,87.7266,69.4783,128.8814,116.9233,92.4139,128.4236,118.7503,131.5608,118.2117,106.5,128.0252,70.9247,116.8087,55.5147,138.9931,121.598
2013-05-10,87.0774,68.9571,128.8035,117.0546,91.859,128.2453,119.0669,130.6144,117.521,106.0425,127.8576,70.5242,116.2792,55.4841,138.5056,121.5649
2013-05-13,87.6396,69.3048,128.1715,117.0234,92.2846,128.7417,119.3968,130.4778,117.7472,105.7165,127.8127,70.0139,116.3757,55.6378,138.2457,121.5324
2013-05-14,89.2095,69.5916,128.1973,117.507,92.9932,129.4778,119.8861,130.5813,119.3123,106.3698,128.0369,70.6709,115.5791,55.3459,139.5022,121.5801
2013-05-15,87.6218,69.0104,128.3588,117.4473,92.8825,129.1257,119.6905,130.6321,118.8224,106.1061,127.4854,70.5062,114.6323,54.1585,139.0488,121.634
2013-05-16,88.4526,69.8147,128.7209,117.7463,93.6439,129.9492,120.1056,131.3236,119.2762,105.8902,127.3096,69.9744,116.8053,54.8342,138.342,121.6452
2013-05-17,88.1696,70.0187,128.7212,117.1368,92.8506,128.8309,118.6223,131.145,118.5525,105.1512,128.4434,70.2401,115.0916,55.8604,138.9019,121.5655
2013-05-20,87.1352,69.3178,128.4931,116.9346,92.1669,127.5513,117.5804,130.9332,118.7695,105.3641,128.3909,70.8666,115.2915,55.4593,137.5709,121.5762
2013-05-21,88.2299,70.3303,128.2937,116.9319,93.0312,128.4717,118.7773,131.4342,119.6859,105.4986,129.0125,69.782,114.8833,55.7355,137.9376,121.5412
2013-05-22,90.1216,70.6776,128.0293,116.3601,93.2446,128.4245,118.1818,131.6809,120.5092,105.9214,128.6256,70.3547,115.2861,56.1467,137.3267,121.5519
2013-05-23,88.2201,69.6203,128.1666,116.6724,92.5504,128.3462,118.6617,132.1816,120.8039,106.0063,128.4673,69.8613,114.3301,54.6224,137.1331,121.5739
2013-05-24,87.3671,69.0719,127.9809,116.8655,92.8493,128.346,119.1622,131.9796,120.9101,106.1553,127.3686,69.6793,112.6674,52.7472,138.094,121.6282
2013-05-27,88.1987,68.8987,128.1882,116.9572,91.9463,128.6544,119.8692,132.5294,121.177,106.4868,127.7449,68.9952,114.1907,53.6473,138.2768,121.6115
2013-05-28,89.956,69.1165,127.58,117.0066,92.4278,129.319,119.7321,131.5669,121.2164,106.4584,127.2538,69.1754,114.9313,54.2324,138.443,121.6434
2013-05-29,89.7812,68.9992,127.1514,116.1915,91.9598,129.17,118.4071,130.6909,120.6005,106.4783,127.6718,69.1151,114.0381,54.573,137.8394,121.7083
2013-05-30,90.4973,69.2141,127.3314,116.1606,91.972,129.4425,118.9056,131.2437,120.3928,106.7963,128.327,68.6791,115.1183,55.7764,137.9257,121.7872
2013-05-31,90.4228,69.224,127.5384,115.8322,90.791,128.7649,118.638,130.959,120.0592,107.1745,128.2951,68.9925,117.5861,55.5688,138.4104,121.8344
2013-06-03,90.7063,69.0843,128.0534,115.6479,90.439,127.4841,117.3914,130.6629,119.1342,106.6102,129.0184,68.7912,120.0307,56.2817,138.4337,121.8944
2013-06-04,89.3739,68.3221,128.4265,116.2729,91.1757,128.0403,118.5325,131.6037,118.8616,107.2571,127.6019,68.1334,119.1977,56.0515,137.7389,121.8778
2013-06-05,89.3318,68.4054,128.6369,116.0204,91.1502,127.9807,118.2514,132.2657,118.8654,107.5524,128.0284,67.8019,118.8672,56.1947,138.3007,121.9143
2013-06-06,87.6315,67.5248,128.9893,116.2319,91.276,128.1756,118.4044,132.4817,117.5025,108.2377,128.112,67.5162,118.746,56.7074,137.8868,121.9362
2013-06-07,88.5323,67.5019,129.1899,115.8777,90.7445,127.8486,117.8839,132.2991,116.8924,107.9068,129.3602,68.2313,118.8572,57.396,138.7074,121.9697
2013-06-10,89.7852,68.0621,129.0017,115.8605,90.7333,128.419,118.4191,131.7821,117.1356,107.8732,130.1222,67.8594,119.2814,57.9408,139.5335,121.9474
2013-06-11,87.8702,66.7487,129.3801,116.4574,90.6082,128.3821,118.3853,132.2682,117.4942,107.8573,129.4024,68.933,117.3082,56.3244,138.4492,121.9166
2013-06-12,87.4993,66.9652,129.5306,116.7387,90.7693,128.2302,117.9236,132.0179,117.9306,107.72,131.0064,69.3429,117.0506,56.2416,139.0411,121.915
2013-06-13,86.0581,66.1496,129.5047,116.3588,89.2433,126.2831,116.7184,131.4955,117.342,107.6312,129.9588,68.9722,116.8659,56.2412,138.2164,121.9647
2013-06-14,87.8273,66.9709,129.3785,116.587,89.7317,126.8117,117.5072,130.9106,117.3775,107.9982,130.9238,69.3182,118.5369,57.805,138.839,122.0019
2013-06-17,87.539,67.3122,129.3979,117.3277,90.547,128.1737,118.9732,131.235,118.4141,107.9908,131.5022,68.8698,118.1756,57.5479,138.0658,121.9857
2013-06-18,87.9681,67.3301,129.1625,116.4969,89.8517,127.6946,118.6106,131.2051,117.7289,108.3052,131.8776,69.2966,117.4823,59.1211,137.0543,122.0623
2013-06-19,88.8424,68.1474,129.4569,116.6824,89.8431,127.8761,119.3977,131.9535,118.1011,108.6771,132.2317,68.5967,119.0929,60.7061,137.5864,122.1119
2013-06-20,88.2396,67.6756,130.1007,117.0028,90.2357,127.328,119.5461,132.453,117.9487,109.3508,132.5475,68.2735,119.1577,60.8939,137.707,122.1915
2013-06-21,89.9755,68.6206,129.8975,116.689,91.3697,127.2262,118.9424,131.9354,118.7875,109.5492,133.9162,66.704,118.2595,62.1213,138.193,122.1338
2013-06-24,91.7159,69.4287,129.6643,116.9302,92.0549,127.4331,119.0496,131.1985,119.2837,109.4106,134.4301,66.3073,118.3721,63.2978,139.0518,122.1336
2013-06-25,89.2626,67.6026,130.3291,117.0202,90.9642,126.6319,118.2963,131.4809,118.598,109.4079,135.0753,65.3639,117.4354,61.8132,139.3081,122.173
2013-06-26,90.0566,68.3211,130.001,116.4615,90.48,126.7893,118.7989,131.2215,118.0384,109.3972,135.663,65.4551,119.0733,63.1614,138.6987,122.1443
2013-06-27,90.751,69.0397,130.1292,116.6226,91.3227,127.6542,118.9406,131.4648,118.1943,109.5561,136.024,65.7266,119.246,63.3864,139.848,122.1804
2013-06-28,90.8056,68.362,130.1583,116.4989,89.7583,128.045,119.3327,131.3227,118.0682,109.449,135.8099,65.5119,118.3712,63.6795,139.739,122.2998
2013-07-01,90.6133,67.7255,130.0228,116.5459,89.8898,128.3182,119.0538,131.1918,117.5425,109.1138,134.9217,65.5427,118.1306,62.5947,140.1303,122.3906
2013-07-02,89.652,67.4601,129.9111,116.5975,89.3275,127.924,118.8312,130.9815,117.6878,109.4439,133.3921,65.9695,118.0753,61.6693,140.1344,122.4267
2013-07-03,90.9153,68.1403,129.4233,116.3176,88.8247,128.3503,119.5836,130.7913,118.1002,109.2908,132.4766,67.2143,118.2809,61.1043,140.8618,122.4609
2013-07-04,90.8657,67.6738,128.6016,115.2927,87.5068,127.0506,118.5045,129.2371,116.5819,108.5287,131.0034,67.5048,118.2083,60.1372,141.3641,122.4477
2013-07-05,91.661,68.6044,128.4877,115.2315,87.9469,126.7795,118.9445,129.5025,116.7709,108.9484,129.6908,67.8372,119.6617,61.1258,140.8385,122.4282
2013-07-08,93.6167,68.9691,128.1164,114.9143,87.6486,127.6145,119.3606,129.6537,117.836,109.1176,131.9326,67.4129,119.541,61.7752,141.4662,122.4264
2013-07-09,95.7438,70.2639,128.1339,114.6674,87.7931,127.3058,119.191,129.9134,117.2083,108.8922,132.0057,68.0962,120.1005,64.9125,142.4245,122.4634
2013-07-10,97.2843,71.1137,127.7702,114.4095,87.9577,126.6382,118.5051,129.1029,117.6955,108.6693,132.5568,67.7845,120.6396,66.3604,142.0943,122.5523
2013-07-11,96.0396,71.0411,127.4836,113.9116,87.7626,125.6106,117.6978,128.3991,116.2992,108.247,132.504,67.4649,120.1719,66.216,142.4386,122.5796
2013-07-12,95.5804,71.1469,127.6137,114.0835,87.439,124.9631,117.8078,127.8794,115.836,108.2776,132.8569,67.0543,120.058,66.7306,143.7093,122.6243
2013-07-15,95.13,71.5979,127.2789,113.895,87.3974,124.3107,117.0223,127.1462,116.2257,108.3766,134.4252,66.7453,119.927,67.0477,143.7398,122.6086
2013-07-16,94.1988,71.6569,126.1427,112.9079,86.962,123.6058,115.9117,126.2249,115.419,108.1712,131.7468,66.4464,119.0225,65.4073,143.9283,122.5904
2013-07-17,94.2868,71.9764,125.8947,112.5453,86.7426,123.063,115.3322,125.8248,115.4199,108.2064,132.4578,67.2528,119.317,65.3119,144.0708,122.6519
2013-07-18,94.0801,72.7887,125.5312,111.8965,85.4772,121.8971,115.5087,125.2071,114.6695,108.2826,131.9349,67.6138,120.5831,65.5845,145.0875,122.7106
2013-07-19,92.6816,71.6962,125.692,112.2442,84.8437,121.7619,115.9679,125.0462,114.244,108.2696,130.6379,67.7773,120.4867,63.6934,145.6383,122.7302
2013-07-22,90.3656,71.1472,125.7732,111.6962,84.5562,121.4082,115.3798,125.3117,112.6183,108.7157,129.6817,66.6865,120.0546,63.3993,145.7084,122.7205
2013-07-23,91.7133,72.4578,125.1211,111.4595,85.2007,121.7656,115.9737,125.1232,113.6214,109.1078,130.6866,66.9562,119.8806,64.0944,145.5732,122.7839
2013-07-24,90.6389,71.6731,124.9369,111.3553,85.7082,121.1283,115.7046,124.6742,112.5703,109.1406,129.3582,65.8471,119.4388,63.1395,145.5423,122.7744
2013-07-25,88.9328,71.4759,124.475,110.8557,84.3819,119.8836,114.9068,123.1817,111.8406,108.6565,129.3589,66.9433,117.443,62.7722,144.7971,122.7648
2013-07-26,88.6139,71.631,124.4427,110.6477,84.4735,120.2515,114.8427,123.1896,111.5726,109.1687,128.9438,67.2996,116.8788,62.6993,145.084,122.7186
2013-07-29,89.2501,72.1508,123.8433,110.1818,84.1143,119.9302,114.7467,123.1775,111.6839,108.9652,129.5175,67.6404,116.7547,63.4415,144.8475,122.768
2013-07-30,89.373,72.4687,123.5406,109.9092,84.2223,119.379,114.7392,122.8013,111.6091,108.8763,128.6742,67.2042,116.4658,63.4459,144.4317,122.8383
2013-07-31,88.3766,71.7726,123.9149,109.9171,83.8793,118.7069,114.5461,123.1353,111.4708,108.9219,129.5454,67.105,116.6813,62.4487,144.7143,122.8865
2013-08-01,88.3761,71.8488,125.4244,111.0823,84.4852,119.5212,115.3372,124.027,111.4751,109.3196,130.5152,67.0136,117.4678,65.1893,144.0771,122.9608
2013-08-02,88.8215,71.9466,125.2702,111.2254,85.2745,120.1213,115.5278,123.4932,111.4065,109.6099,130.299,66.303,116.9377,65.2668,144.6166,122.9728
2013-08-05,88.1114,71.691,126.0092,111.9586,84.7576,119.8315,116.1825,123.958,111.2749,109.5295,130.8908,66.7913,117.8651,66.075,144.7906,123.0126
2013-08-06,88.8556,71.6193,125.9819,112.0499,84.8099,119.9679,116.0437,124.1347,111.302,109.4431,131.1702,66.8759,116.9863,67.8059,144.4411,123.0008
2013-08-07,89.9721,72.6355,127.263,113.2675,84.8762,121.1369,117.3606,125.3198,113.0409,110.2759,132.7077,68.3607,119.2706,69.1444,145.4811,123.0761
2013-08-08,88.6799,71.7102,127.165,113.2403,83.7803,120.833,116.6704,124.5883,112.9864,110.1255,133.1758,67.9469,117.9268,68.481,145.3129,123.1488
2013-08-09,88.1922,72.0754,127.9401,113.4051,84.0906,120.7311,116.6065,124.9381,113.0282,110.3739,133.7236,67.135,116.7463,69.4415,145.6299,123.1922
2013-08-12,90.5336,73.4212,127.9701,113.32,83.7725,121.2492,117.1874,125.2977,113.5112,110.1052,135.8673,67.4303,119.063,71.6549,146.8162,123.1831
2013-08-13,89.9573,74.3176,128.2174,113.2973,84.7236,120.7054,116.7836,125.7787,114.5769,110.6358,136.1981,67.4536,119.2007,70.534,146.8301,123.1859
2013-08-14,87.239,72.5945,128.4285,113.5822,84.8179,120.5572,116.2821,125.7644,113.7521,110.9573,134.7084,66.6643,115.9328,68.8778,146.9033,123.1554
2013-08-15,88.1563,73.4535,127.826,113.1485,84.0574,120.8632,116.6561,125.4005,114.0591,110.5079,134.8352,66.1633,116.0132,69.6157,147.0783,123.2215
2013-08-16,88.2332,73.8259,127.9737,113.3178,83.8895,121.7835,117.4927,125.6561,113.5294,110.7062,135.4063,66.8058,115.8066,70.8051,147.9974,123.2933
2013-08-19,86.9214,73.0778,128.5819,113.6675,83.5373,121.4548,117.387,125.6566,113.1581,110.3205,135.9013,65.7493,114.8345,70.3037,148.6543,123.2047
2013-08-20,87.2956,73.0683,128.9814,113.7242,83.1211,121.1522,117.0315,125.6124,112.5971,109.889,137.0397,65.2839,114.7992,72.747,148.646,123.2347
2013-08-21,87.1031,72.6183,129.1458,113.4517,83.3009,120.9215,115.7433,125.1553,111.2451,109.72,136.4349,64.9388,114.7439,73.6185,148.7301,123.2256
2013-08-22,87.6404,72.7815,128.6463,113.184,83.6454,120.8831,115.5357,124.8957,111.1886,109.1492,135.8393,64.4182,114.5198,73.0103,148.7244,123.2249
2013-08-23,87.1501,72.963,128.7678,113.4675,84.1814,120.9272,115.1116,124.7517,111.0845,109.7171,136.1117,65.1393,114.7798,72.6342,150.0308,123.359
2013-08-26,88.7475,73.5452,128.0371,112.8688,84.4091,120.748,114.7489,124.254,110.9185,109.5308,135.1985,64.6602,114.7045,74.1567,149.4916,123.3496
2013-08-27,88.1649,73.5748,128.5836,113.6125,84.8364,121.1478,115.0505,124.0825,110.3042,109.5827,135.2342,65.107,114.9735,75.3208,149.8441,123.3586
2013-08-28,87.3006,74.0098,129.331,113.9679,85.0447,121.1945,115.6374,124.6671,109.8911,110.0414,135.9355,66.296,115.9724,76.288,149.51,123.3912
2013-08-29,88.0709,74.7688,129.6161,114.5946,86.0505,121.6092,115.9343,125.4174,111.4011,110.269,138.5186,65.8651,116.3386,77.2767,149.9123,123.3805
2013-08-30,91.1528,77.2789,129.3634,115.0497,87.346,122.7387,116.8515,125.6214,113.2493,110.4119,141.799,66.3214,117.3206,80.5448,151.0507,123.4108
2013-09-02,89.0123,76.9494,129.1106,114.767,86.3868,121.5934,116.7562,125.3027,112.909,110.2145,141.4124,66.7918,116.1598,78.9372,150.613,123.4042
2013-09-03,88.7589,77.1466,129.3155,114.7512,86.2771,121.3721,116.7492,125.5666,113.4675,110.475,141.3346,66.3371,115.4438,78.6423,151.0159,123.3361
2013-09-04,87.9425,76.5071,128.9227,114.3108,86.4456,121.6867,116.4649,125.9444,113.024,110.4518,141.7388,65.6841,114.1184,78.2575,150.0944,123.3532
2013-09-05,86.6911,76.2856,129.2685,114.0961,85.6408,121.3426,116.1624,125.7883,112.4579,110.1822,142.0344,65.4235,112.5465,78.1527,150.4464,123.3696
2013-09-06,85.7314,75.9049,128.5915,113.5092,85.1448,120.6336,115.5239,125.1886,112.5568,109.4603,141.8661,65.9727,111.0215,75.5767,149.4492,123.4629
2013-09-09,83.4557,75.7046,128.7204,113.5552,85.625,120.3674,114.9958,125.0636,112.1541,109.8633,140.3272,65.9784,109.8059,73.5496,149.4688,123.4907
2013-09-10,82.8631,75.6326,128.6393,113.8905,86.0999,120.4741,115.2371,124.5284,111.9345,109.8254,140.8442,66.5174,108.9511,74.1371,148.4253,123.4932
2013-09-11,81.7453,74.6945,128.8458,113.4859,85.2203,119.83,114.1312,124.7241,111.0864,109.4844,140.2413,66.8123,108.8316,74.0392,147.2034,123.4478
2013-09-12,81.491,74.4288,128.6928,113.6746,85.5093,120.133,114.6977,125.1232,110.885,109.622,140.5673,67.8687,107.848,73.5812,147.8558,123.4854
2013-09-13,80.2823,74.0215,128.8717,113.9863,85.7706,120.803,115.2637,125.8121,110.6304,109.7225,140.5351,67.4095,107.5606,73.3018,147.1547,123.5432
2013-09-16,80.2153,74.3457,129.533,114.7107,86.0782,121.446,115.6868,126.2607,111.6144,109.8602,141.8063,66.64,108.0497,73.1217,148.1686,123.4797
2013-09-17,80.9847,75.0162,129.8215,115.3363,86.6135,123.0189,117.2717,126.2844,111.6232,110.4983,142.0188,67.5996,110.0071,74.626,147.5989,123.5636
2013-09-18,79.9811,73.9591,129.9592,115.379,86.7205,123.3992,116.9622,125.9951,111.1313,110.5915,140.8457,67.2237,109.5092,72.8945,147.0623,123.6162
2013-09-19,81.4184,75.9836,129.7284,115.0433,86.7574,124.3073,117.2633,126.074,111.557,110.0665,142.1901,67.9003,110.3474,74.3785,147.8514,123.592
2013-09-20,80.5441,75.3629,129.5379,114.7483,85.9021,124.0984,117.1404,126.3297,111.1774,109.9758,141.2115,68.6297,110.2026,72.8182,147.9011,123.6786
2013-09-23,79.6602,74.8723,129.1148,114.8969,86.4067,125.1433,117.3623,126.2142,110.7471,109.6417,140.6745,68.2521,109.4109,72.1529,146.8155,123.673
2013-09-24,78.3909,74.3899,129.0228,114.4993,86.351,124.6515,117.0603,126.4876,109.5606,109.336,138.8855,68.1929,108.7983,70.954,146.6525,123.7463
2013-09-25,78.2061,74.8326,128.7511,114.4843,87.3537,124.7101,116.8851,126.3515,109.3539,109.6862,138.2606,67.2352,109.7665,71.2018,146.4081,123.7873
2013-09-26,79.3603,75.6945,128.8958,114.4263,87.076,124.7063,116.9519,126.326,109.1471,109.85,139.3439,67.6166,111.9347,73.0069,147.6115,123.7554
2013-09-27,80.4998,76.0997,129.2675,114.7002,87.1064,124.9113,117.4952,126.8446,109.2852,110.2202,139.3866,68.3634,113.1786,74.6651,148.0932,123.7337
2013-09-30,81.1846,77.3142,129.1567,115.1728,87.4115,125.3768,118.5477,127.4138,110.9512,110.0434,140.1345,68.6252,113.5931,74.8543,147.7762,123.8698
2013-10-01,80.421,75.7589,129.1882,115.3374,87.345,125.7909,118.7454,127.4916,110.3339,110.2839,139.1432,67.8212,114.2349,73.5427,147.0493,123.954
2013-10-02,79.7689,75.0816,129.5735,115.8931,88.1203,126.1063,118.601,128.0049,109.9596,110.3503,139.0208,68.7343,113.7101,73.4808,146.6958,124.0057
2013-10-03,80.3031,74.6287,129.1986,115.2483,86.9568,125.1219,117.5829,126.6215,109.0543,110.2838,138.8091,68.634,113.6191,74.1795,147.464,124.0384
2013-10-04,80.5455,75.5089,129.7744,115.1643,86.8004,125.3196,117.2382,126.9269,108.755,109.9032,139.6783,68.4512,114.5095,75.6206,148.1064,124.0244
2013-10-07,80.468,75.8389,129.9573,115.2323,86.6731,125.5883,117.6171,127.2393,108.9611,109.8575,139.8975,69.4829,115.4146,75.4658,147.3823,124.0601
2013-10-08,80.4132,76.0787,129.6203,114.4686,86.2794,124.408,116.1461,126.677,108.1302,109.4828,139.5198,69.8901,115.341,76.3795,147.0628,124.0392
2013-10-09,80.9336,76.053,129.5955,114.6634,85.9167,124.0829,116.4452,126.8396,107.8818,109.5066,139.6623,70.3362,116.4117,77.8483,147.3822,124.1139
2013-10-10,81.051,76.3119,129.7304,114.5701,86.2502,124.0549,116.2154,127.0913,108.1223,109.7774,139.5574,71.3396,115.2786,78.3506,146.8235,124.1264
2013-10-11,82.5442,78.002,130.0119,114.9909,87.0577,124.4115,116.6062,127.1758,109.0971,109.9515,140.0057,72.5485,117.5538,79.4374,147.2589,124.0994
2013-10-14,84.1963,79.6514,129.7887,114.8239,87.4673,125.1782,117.3614,127.9567,110.5018,110.0127,140.5273,73.6807,117.4654,79.4202,147.953,124.1219
2013-10-15,85.1582,80.4098,129.3446,114.3602,86.3129,125.105,117.5219,127.3763,110.4753,109.5294,140.6994,73.1866,118.3099,81.1711,147.6185,124.1506
2013-10-16,84.5072,79.5522,129.2845,114.2277,85.2512,123.7243,116.3401,126.6257,110.6713,109.1494,140.9435,72.9687,118.1034,80.2685,147.3083,124.2089
2013-10-17,83.0448,78.1141,129.7956,114.6293,84.2471,123.7886,116.3659,127.1645,110.7593,108.8967,141.3385,72.0252,117.4447,79.5733,146.8665,124.2507
2013-10-18,81.9771,77.7081,130.3086,115.1665,84.2228,123.6188,116.4674,127.2096,110.996,108.9689,141.377,71.2351,117.9652,79.2272,146.2785,124.2564
2013-10-21,82.4479,77.6554,130.3268,114.867,83.9811,123.8818,116.6237,127.7223,110.9393,109.1004,140.8675,70.9158,118.0153,79.9705,145.6078,124.2955
2013-10-22,80.8805,76.6094,130.1113,114.0477,83.0571,122.4651,116.439,127.6821,109.5945,108.8925,139.8709,69.4262,116.8194,79.4272,144.5955,124.311
2013-10-23,81.2002,76.8294,129.7028,113.5072,82.3165,121.6068,116.0295,127.161,109.5974,108.3409,140.1357,69.3243,116.412,79.2816,144.8708,124.2768
2013-10-24,81.5547,77.4302,129.2829,113.6039,83.0002,122.9356,117.3533,127.4967,110.3771,108.9639,139.9042,67.8707,117.0844,79.2619,144.133,124.2794
2013-10-25,82.8205,78.1336,129.0,113.4908,83.7387,123.8701,117.5368,128.0677,110.7274,108.7469,139.9636,68.4095,119.0602,79.4777,143.3031,124.3476
2013-10-28,85.1881,78.4542,128.9627,113.534,84.2774,124.885,118.7344,128.6703,110.9447,109.2689,139.3711,68.2998,120.1315,81.3462,143.3947,124.3493
2013-10-29,83.7119,77.7776,129.6175,113.6162,83.9546,123.3316,117.7263,128.938,109.5416,108.7741,137.8453,68.8461,121.6734,80.3026,144.019,124.4771
2013-10-30,83.0156,77.2333,129.9862,113.9709,84.2357,123.0553,117.3682,129.1765,109.2876,109.211,137.3744,69.984,122.4188,79.9835,143.7178,124.4665
2013-10-31,85.0413,78.1648,130.0513,113.9628,84.9285,123.8149,117.5914,130.1038,110.767,109.9584,138.4894,70.0987,123.1529,81.5313,143.6996,124.424
2013-11-01,85.7562,78.5204,129.9116,114.0372,85.0171,124.2651,118.925,130.114,111.0018,110.9261,140.2658,70.5861,123.1851,83.291,143.679,124.4564
2013-11-04,87.9851,79.8816,129.6862,114.5494,86.1223,125.1478,119.9814,130.6455,112.5232,111.464,141.7863,71.4281,125.7268,84.2646,144.377,124.4419
2013-11-05,89.0575,81.2878,129.9457,114.9445,87.3015,126.5071,120.5368,131.1975,113.3233,111.9975,142.8418,71.5442,124.7835,86.8333,144.7718,124.4279
2013-11-06,89.6764,81.4662,130.6666,115.4064,87.0958,126.742,121.5571,132.172,113.2977,112.2502,143.6257,71.2665,126.1453,88.4791,146.0446,124.4623
2013-11-07,90.8243,81.7674,130.0619,114.8606,87.6579,126.3858,121.3859,131.9641,112.9677,111.8402,144.705,71.5566,124.8672,89.8959,145.3731,124.4345
2013-11-08,91.3997,82.1742,129.5358,114.5793,87.9864,127.1335,122.0664,131.9323,112.6785,112.0217,143.8028,71.6646,123.9905,90.1672,145.5264,124.4859
2013-11-11,92.379,83.5808,129.6444,114.325,88.0692,126.6728,122.6893,131.6245,111.8725,112.3402,144.465,71.6949,126.029,92.5411,146.8095,124.4836
2013-11-12,95.53,85.8002,129.2323,113.8855,89.1267,127.1711,123.4548,132.3537,113.0632,112.8134,146.1816,71.1479,128.0612,95.4788,146.8198,124.4867
2013-11-13,94.2377,84.4311,129.8908,114.3614,88.3894,126.9981,123.433,132.9678,112.4583,112.6839,146.6134,72.102,127.5848,95.341,147.1402,124.5477
2013-11-14,94.0502,85.4819,129.7261,114.1179,88.5738,127.0294,123.3411,132.7568,112.1461,112.6076,146.9674,72.5555,127.399,96.0067,147.5939,124.5987
2013-11-15,92.773,84.5462,129.3102,113.3043,86.9904,127.0679,122.9824,132.3855,110.93,111.7429,144.6137,72.2768,125.3982,94.213,147.168,124.6019
2013-11-18,92.3765,84.3786,129.976,113.9049,87.6414,127.6906,123.2983,133.0789,110.9438,112.0422,144.499,72.7608,126.218,94.3575,146.9192,124.6665
2013-11-19,94.1403,84.7141,130.6796,113.7228,87.6566,127.6677,122.9672,133.6299,111.119,112.0255,145.814,72.7752,127.4516,95.8061,147.4884,124.7416
2013-11-20,94.6514,85.118,131.2684,114.4866,87.8676,128.4423,124.0592,133.3549,111.5346,112.1675,147.1662,73.6915,126.8069,97.1652,148.0729,124.7637
2013-11-21,93.7526,83.9664,131.5283,114.1469,86.8615,126.8104,122.5177,132.8281,110.1636,111.5399,145.0826,72.6545,128.3866,96.4658,148.1777,124.8288
2013-11-22,92.908,84.2459,131.8104,114.0896,86.1089,125.8874,121.3263,132.4984,109.6107,111.5444,145.0185,73.0824,130.3772,96.9587,149.1794,124.8403
2013-11-25,93.1499,83.6496,131.7372,114.7087,86.2797,127.4008,122.419,132.3608,109.7513,111.7009,145.2397,72.7783,129.3059,97.7987,149.0442,124.8557
2013-11-26,94.0808,82.8926,131.5792,114.4957,86.0755,127.1617,121.948,132.3524,109.7049,111.9259,145.6925,72.2093,130.1618,98.5224,148.8385,124.9
2013-11-27,94.4769,82.8714,131.61,114.4048,85.5817,127.0752,121.4318,132.039,109.3572,112.0769,145.8451,71.7764,130.0206,99.8544,150.2044,124.9834
2013-11-28,92.2233,81.5372,131.9965,114.6951,85.1139,126.5044,121.7921,132.2645,109.2493,111.9584,145.7667,69.0497,128.3759,97.9787,150.32,124.9628
2013-11-29,91.9047,81.3174,132.0324,114.7754,85.2531,126.7486,121.877,132.2001,109.1166,111.823,145.4984,67.7608,128.0603,98.7262,149.4609,125.0311
2013-12-02,93.7369,82.1798,132.0735,115.1538,85.5327,127.3199,121.8828,131.7997,109.8031,111.9261,145.9593,67.941,129.2904,100.616,150.4471,125.0805
2013-12-03,95.3127,82.7206,131.5541,115.1047,86.7361,128.679,122.4231,131.7308,109.6041,112.0159,146.3905,67.073,130.5258,101.5081,150.849,125.0905
2013-12-04,95.3897,83.1361,132.128,115.4307,87.0324,128.5131,122.5843,131.856,109.403,112.0259,147.4917,67.0241,129.9479,104.9957,150.3413,125.0592
2013-12-05,92.7414,82.5518,132.1787,115.0964,86.4103,127.7586,121.5191,131.1276,108.3724,112.3367,147.1633,66.2814,129.5486,105.0194,149.204,125.1392
2013-12-06,93.253,82.859,132.4271,115.74,87.6187,128.5888,121.4592,131.3883,108.8247,112.2666,148.647,65.6657,129.0539,106.7727,149.5473,125.2032
2013-12-09,93.7187,83.295,131.8551,115.308,87.6345,128.0472,121.7205,131.0563,108.537,112.2607,147.0456,64.5394,128.9318,106.8188,150.028,125.231
2013-12-10,93.7669,83.7011,131.3595,115.2154,87.7103,127.6108,122.6896,130.9195,108.4803,112.2863,147.0087,65.3694,128.9929,105.3457,150.7471,125.2948
2013-12-11,94.0705,83.6683,130.9316,114.7623,87.8477,127.466,122.0718,130.2134,107.3955,111.61,147.2988,65.409,128.0048,106.3388,150.8435,125.2935
2013-12-12,95.2398,83.3532,131.3367,115.3835,88.5573,127.8748,122.8488,131.1168,108.1276,111.8974,147.5929,66.6406,129.0627,106.5421,150.1809,125.3324
2013-12-13,94.1195,83.3226,130.7347,115.3711,88.5987,127.1948,122.7058,130.5155,108.2513,111.4312,147.8071,67.1614,127.3978,104.9957,149.7177,125.4188
2013-12-16,94.3885,83.9492,130.6442,115.4202,88.9758,127.8955,123.437,130.4258,108.0916,110.9886,148.0037,67.3089,126.2891,105.8339,149.4446,125.4085
2013-12-17,92.5627,84.1387,130.8257,114.9527,88.7416,127.0787,122.2929,130.7011,107.6198,110.5965,147.387,68.0163,125.7326,103.9777,149.0013,125.4958
2013-12-18,93.513,84.3598,130.3722,114.8776,88.9845,127.4514,122.663,131.4261,108.3875,111.0197,146.5491,68.4776,125.9193,103.3296,149.2955,125.5233
2013-12-19,94.7793,85.4415,130.6273,115.5969,89.857,129.2754,124.3755,132.64,110.1307,111.7389,148.0017,68.0214,125.6946,103.2617,151.1435,125.5687
2013-12-20,94.8618,85.5279,130.967,115.7695,90.4695,129.7178,124.8414,132.8408,110.3129,112.0426,149.0886,67.5834,125.5203,103.1562,151.3377,125.6624
2013-12-23,95.7188,85.8534,130.6757,115.2595,89.8225,130.4631,125.3204,133.0186,110.8289,112.3658,149.5495,67.555,125.1328,102.0782,152.3425,125.5889
2013-12-24,94.0091,84.5527,130.9061,115.492,88.7766,129.53,125.2405,132.368,110.7286,112.5963,150.9617,68.0759,123.3211,101.0182,152.598,125.5279
2013-12-25,95.6177,86.1488,131.4031,115.6341,89.5987,130.1773,125.0154,133.512,111.7181,112.6558,152.5065,68.4856,124.6122,102.9381,153.2989,125.567
2013-12-26,94.1844,85.9029,131.5885,115.3001,88.7843,128.1776,124.1584,132.6131,110.3696,112.1795,151.7914,68.9806,125.3561,102.4516,153.4582,125.547
2013-12-27,95.5617,86.9456,130.5849,114.7034,88.4697,128.5678,124.9486,132.1592,110.6447,111.9434,152.4782,67.6163,125.6657,103.8216,153.3383,125.6252
2013-12-30,93.5669,86.8033,131.1002,114.406,87.6033,127.4224,125.0241,132.178,109.6296,112.0669,152.4878,68.2032,125.1774,103.3351,153.3822,125.7412
2013-12-31,94.1069,87.4198,131.4245,114.3728,87.721,127.3953,125.3045,132.8936,109.7632,112.062,151.6641,68.252,125.8185,104.1109,153.3424,125.68
2014-01-01,94.6145,86.8972,131.7303,114.5218,87.3101,126.9749,125.5273,133.0926,110.0742,111.9145,152.5132,68.1876,127.2748,104.7135,152.3192,125.6012
2014-01-02,97.0154,88.3752,131.2122,114.1798,88.2848,127.7824,126.3585,133.8295,110.7276,112.4769,152.2085,68.6909,127.6177,104.598,154.1486,125.6472
2014-01-03,95.4206,87.9759,131.024,114.3279,86.9081,127.2547,126.6063,133.3127,110.3322,112.0812,151.9327,68.6184,127.4814,106.0204,152.8602,125.6009
2014-01-06,96.5628,88.9169,131.1232,114.5968,87.4024,128.1145,127.1613,133.1711,110.8896,112.1959,151.7048,68.3709,129.0484,106.8588,152.5949,125.651
2014-01-07,97.7444,89.7143,130.872,114.8076,87.6536,128.6969,128.0274,133.3018,111.6397,112.4935,150.6065,68.0718,129.6247,108.7554,151.9152,125.6204
2014-01-08,98.008,90.3953,130.8262,115.0655,88.0959,129.6242,128.893,134.1277,112.5252,112.7249,150.2599,68.1987,129.7059,108.1778,151.9242,125.6566
2014-01-09,100.8199,92.4442,131.2902,115.7612,89.5307,131.3464,130.1305,134.6736,113.7658,113.3615,151.264,67.5969,132.7235,111.3445,152.8283,125.6191
2014-01-10,100.408,92.2431,131.2913,115.2102,88.573,129.9685,128.5996,133.8846,112.701,112.8529,150.5124,67.7286,133.377,111.8222,153.0527,125.6769
2014-01-13,101.3167,93.0376,130.6969,114.7726,89.673,130.1524,128.1713,134.1345,112.8215,112.7868,149.5937,67.7144,133.7688,111.2307,152.7322,125.5744
2014-01-14,101.1771,93.2452,130.5921,115.2536,90.4908,130.9471,128.9788,134.1722,113.4434,113.0636,150.5922,67.5564,133.1786,110.3111,153.2781,125.5568
2014-01-15,101.7196,93.3172,131.1995,115.9111,90.9365,130.7347,128.76,133.6774,113.1731,112.8045,150.677,68.1828,134.5093,111.9505,153.4537,125.5884
2014-01-16,103.034,94.5081,131.5531,116.3894,92.327,131.5733,129.6943,134.3481,114.385,113.5162,151.4737,69.0433,133.8925,112.1056,154.421,125.5493
2014-01-17,103.2019,93.826,131.6959,116.468,91.4284,131.6245,129.9618,134.3055,114.4503,113.4723,151.3247,68.8306,134.045,111.8544,154.6793,125.5843
2014-01-20,102.0876,93.5262,132.2352,116.878,91.3977,132.1871,131.015,134.8018,114.0939,113.6876,151.733,67.4141,133.9153,112.3194,155.1286,125.6442
2014-01-21,103.0797,94.7515,132.7398,117.4567,92.009,131.6663,131.1571,134.7167,114.4774,114.2558,152.0385,67.8736,135.7563,114.4366,156.8024,125.6017
2014-01-22,101.7265,92.9032,132.7374,117.572,91.7373,131.6407,130.9756,134.4327,113.9942,114.1914,150.1343,67.7926,133.1079,112.5965,155.8891,125.5672
2014-01-23,101.4413,91.8201,132.6484,117.9644,92.8485,131.8492,130.6762,134.3226,114.5783,114.6925,149.6218,67.3319,131.8548,110.5082,155.5749,125.5743
2014-01-24,99.9227,90.0319,132.7655,118.0547,92.4494,132.0712,130.057,134.1629,113.7815,114.4253,148.5001,66.6687,130.0286,109.5809,154.8633,125.5485
2014-01-27,101.1356,90.4932,132.8352,118.7462,93.6828,133.2532,130.3951,134.1614,114.6847,114.962,149.3966,66.1785,130.7581,110.4438,155.6385,125.6184
2014-01-28,101.105,89.5139,132.3824,117.9652,92.9972,132.1124,129.6743,133.9746,113.1355,114.3927,148.1113,66.986,130.8387,110.8146,154.4352,125.655
2014-01-29,98.159,88.2636,132.9654,118.5285,92.402,132.3951,129.5098,134.1738,113.1252,114.077,146.657,68.281,128.8048,106.6775,154.0446,125.7523
2014-01-30,100.9867,89.4534,133.0406,118.3018,92.634,132.2269,130.5946,135.753,114.1037,114.2845,147.431,68.1401,130.6179,109.1086,154.4899,125.7761
2014-01-31,101.866,90.1928,132.1189,116.9786,92.296,131.0479,129.0852,134.5309,113.1269,113.3924,145.8665,68.5801,130.6661,108.1532,154.3587,125.7603
2014-02-03,100.2678,89.5176,132.1328,117.09,92.4962,131.1275,129.087,134.1235,112.5479,113.5746,145.9001,68.9628,129.6498,107.108,153.7773,125.7078
2014-02-04,101.057,88.9013,132.086,116.8596,92.3428,131.0778,129.0211,133.6347,112.1642,113.44,146.5894,68.755,129.8396,106.8434,153.9781,125.7116
2014-02-05,102.999,90.0737,132.1278,116.9351,92.4775,130.6586,129.3347,133.9069,113.1058,113.3394,147.5385,69.4652,130.4309,108.3141,154.7034,125.7513
2014-02-06,102.2245,89.5002,132.29,117.05,92.3163,130.3614,129.542,133.8492,113.8567,113.6031,147.9699,68.1248,130.4624,105.5867,154.9751,125.7248
2014-02-07,101.5519,89.0834,132.7692,117.2217,92.8295,130.4088,129.1214,134.3454,113.7272,114.0161,147.6888,69.518,130.8917,104.1273,154.8745,125.8073
2014-02-10,101.2976,88.6623,132.3491,116.863,92.9927,130.1745,128.6658,134.3178,113.2711,113.5593,147.0519,68.8507,130.0266,103.7407,154.3098,125.6995
2014-02-11,98.2592,86.9868,132.1742,116.7526,92.2834,130.168,128.1166,134.0814,112.2835,113.8743,144.7764,69.0484,127.6692,101.0881,153.7275,125.7847
2014-02-12,99.166,87.5859,132.1691,116.4071,91.7057,130.8253,128.3403,134.2417,112.4491,114.0133,145.2428,69.8735,127.679,101.1501,154.6495,125.8542
2014-02-13,97.9671,86.833,131.743,115.8461,91.0053,131.1277,128.5619,134.2639,111.8109,113.8812,144.263,69.8198,124.5203,100.2414,153.9761,125.8792
2014-02-14,98.3327,86.5014,131.7549,115.8585,91.0531,131.2985,129.0126,134.2653,111.1554,114.1016,143.2249,69.5863,124.4213,100.8861,154.566,125.783
2014-02-17,100.9458,87.7514,131.3228,115.769,91.2477,131.57,129.7202,134.5841,112.1996,113.7195,145.1543,70.0922,126.7728,101.7985,154.7789,125.8536
2014-02-18,102.8468,88.6371,131.1326,115.6455,92.0444,132.0741,130.0759,135.0765,113.364,113.895,144.5494,69.4841,127.125,101.7551,154.5982,125.8543
2014-02-19,103.1736,90.0195,131.3548,116.0442,92.8518,133.5021,130.9262,135.2696,113.5812,113.9566,145.3028,69.2103,127.3446,103.2101,155.3303,125.8081
2014-02-20,104.1087,90.0227,131.1198,116.1281,92.8994,134.3575,130.9885,135.4441,114.0884,113.9758,145.3876,69.6499,127.1977,101.9205,156.9158,125.7751
2014-02-21,105.8848,90.2316,131.7246,116.3233,92.2719,134.6883,131.2936,135.341,114.1679,114.1764,146.2779,69.2193,127.3821,104.9856,158.3221,125.7903
2014-02-24,102.3119,87.7368,131.866,116.8962,91.7268,133.9521,130.608,134.9784,113.7713,114.5105,145.3533,68.9709,126.8191,100.7997,158.3761,125.7941
2014-02-25,101.4081,87.7633,131.6438,116.912,91.887,133.4567,129.5173,133.8014,112.9989,113.8443,145.444,70.0129,126.8515,100.5,157.845,125.8964
2014-02-26,104.0796,89.7624,131.7846,117.1522,93.3758,133.8618,130.5035,134.0269,113.6856,114.1692,146.5016,69.7471,128.9019,103.1397,158.5409,125.9637
2014-02-27,105.3942,89.3453,131.7321,117.599,94.5055,134.7572,131.7813,134.5781,114.4582,114.4169,146.4372,70.5002,126.5581,101.8196,159.3125,125.9274
2014-02-28,106.9196,90.7027,131.7439,117.5576,95.1873,135.1794,132.218,135.1588,115.2344,114.5083,149.2105,70.995,126.4223,103.2289,160.3935,125.9746
2014-03-03,107.8308,91.5066,131.7187,117.2061,95.5906,135.9883,133.3223,135.8583,114.5727,115.1102,148.7244,70.7441,127.5209,103.9874,161.5861,125.9818
2014-03-04,107.5342,91.3398,132.5935,118.2128,96.5887,137.3327,134.2717,136.1874,114.1533,115.4387,149.1464,70.3989,127.708,104.8209,163.189,125.9825
2014-03-05,106.5956,91.8786,131.4928,117.3971,96.5158,137.4292,134.4802,135.909,113.5532,115.105,148.8461,70.5803,126.8963,103.4164,162.5973,126.0139
2014-03-06,108.0103,91.9746,131.0946,117.4011,97.1621,137.4626,135.0659,135.6901,113.8657,115.2864,148.6543,69.6651,126.3956,104.2779,162.5583,126.0929
2014-03-07,104.4808,91.3843,131.178,117.2365,96.7218,136.7263,134.1513,134.7427,112.95,114.915,147.9944,68.9835,125.6182,101.0514,162.3077,126.1152
2014-03-10,104.2415,91.1541,131.6724,117.4696,95.5789,136.1965,133.6795,134.4531,112.8398,114.5402,149.0664,68.6242,125.7641,102.4186,163.3919,126.0829
2014-03-11,105.5465,91.6993,131.4847,117.6908,95.9234,135.9217,134.2431,134.5879,113.083,114.6539,150.6441,69.3015,125.9016,105.261,163.5963,126.0666
2014-03-12,104.009,91.105,131.4234,117.9501,95.9913,136.2741,134.4611,133.9224,112.826,114.8508,149.7851,69.6218,123.7857,104.4992,162.7488,126.0942
2014-03-13,103.1893,90.1626,132.027,118.2767,95.782,136.0972,133.9257,134.1805,112.9912,114.8594,150.5746,69.1674,124.0138,104.4253,161.9893,126.1399
2014-03-14,104.5204,90.3225,131.3847,117.6946,95.0848,136.284,134.6691,134.1207,113.4527,114.6603,152.0094,68.6855,122.7306,105.2745,161.7317,126.0991
2014-03-17,106.6221,90.6106,131.8387,118.4352,95.4944,136.852,135.9718,134.9168,114.774,115.2476,153.0449,69.045,125.0136,106.3281,162.1341,126.1875
2014-03-18,109.789,92.2296,131.7188,118.4067,96.7168,138.097,137.0873,135.8105,114.9508,115.5809,154.0129,69.7438,125.7021,109.8248,163.2704,126.2079
2014-03-19,109.0582,92.018,131.2215,117.7152,96.166,138.1117,136.8162,135.2475,113.4732,115.3297,153.0395,69.4198,125.2297,109.9203,163.4672,126.1976
2014-03-20,110.3742,92.101,131.2198,117.601,96.2256,138.5027,137.6462,135.2301,112.9726,115.0317,153.8687,69.585,126.4134,109.8781,164.2565,126.2024
2014-03-21,107.8912,90.3289,131.6785,117.5903,95.0896,138.2741,136.0695,134.8436,111.7874,114.6012,151.9193,69.2287,125.0859,109.3152,163.4196,126.1658
2014-03-24,111.5891,91.9059,131.7885,118.0797,96.6178,139.0191,137.0596,134.9606,112.3312,114.9618,152.618,69.7698,128.3035,112.5542,164.137,126.1606
2014-03-25,112.6978,91.7193,131.6878,118.6234,97.5549,140.3649,137.678,136.2313,113.6629,115.4446,152.361,69.6058,130.0667,111.2678,163.9136,126.1395
2014-03-26,113.0709,92.4734,131.6138,118.0362,96.8341,139.4715,137.1227,135.9409,113.3245,114.9877,152.1635,69.3964,131.1715,111.4985,164.36,126.1859
2014-03-27,113.7314,93.0917,131.9292,118.2607,97.5163,141.0692,138.159,137.0496,114.2583,115.8409,152.1722,68.017,132.3257,112.2346,163.931,126.227
2014-03-28,111.9303,93.0448,132.1147,118.2226,97.4077,141.1214,137.7647,137.2686,114.462,115.803,151.9992,68.2525,132.895,109.1613,163.6381,126.2567
2014-03-31,111.831,93.5191,132.004,118.2108,97.2518,140.965,138.3519,137.5877,115.1431,115.7955,152.9844,67.9905,133.1212,107.3621,164.8465,126.2336
2014-04-01,112.8497,93.1665,132.3391,118.6848,98.3815,142.2533,138.6983,137.793,115.2792,116.3564,153.8881,68.2451,134.0027,108.7729,163.9878,126.1993
2014-04-02,113.4,93.0585,132.2753,119.1207,98.2695,142.2832,138.8055,137.4725,116.1591,116.3262,154.4763,68.4562,134.9983,108.754,163.4597,126.2684
2014-04-03,115.2819,94.7709,132.3285,119.6138,100.1571,143.9922,140.2872,137.7156,116.9728,117.0123,153.9647,69.0704,135.3164,109.1889,164.3822,126.2705
2014-04-04,116.0387,94.7258,132.0098,119.265,99.7975,143.5879,140.5188,138.2343,117.8039,117.0469,155.4352,68.1486,135.3784,107.3623,165.7617,126.3302
2014-04-07,116.6089,95.2568,132.0562,119.4384,100.0152,144.4607,141.0368,138.4006,118.0108,117.4233,155.288,68.6136,134.847,108.7308,165.931,126.3906
2014-04-08,116.5704,95.0587,132.0425,119.5964,100.3175,144.6179,142.1524,138.6512,117.6641,117.4247,155.0552,67.4371,134.0999,110.4753,165.2713,126.4375
2014-04-09,118.0815,96.2368,132.847,120.5749,101.8396,147.2568,144.5547,140.2955,118.4383,118.0058,154.9057,67.7401,135.2921,112.3671,165.3955,126.4743
2014-04-10,119.2302,97.0867,132.41,120.2531,101.7959,147.6273,144.5477,140.0849,118.3064,117.745,155.4228,67.9531,134.0563,114.4118,165.9451,126.5202
2014-04-11,117.7885,96.4406,131.957,119.6723,101.4244,147.508,143.854,139.8013,117.6888,117.4193,154.8587,66.9749,132.7538,112.9747,165.3121,126.5125
2014-04-14,114.7983,94.8946,132.4413,119.7895,100.4226,146.7399,142.9346,139.1998,116.6574,117.5397,153.1756,67.4745,131.2208,110.8401,165.4659,126.4968
2014-04-15,114.029,94.5719,132.3828,119.7751,100.5322,146.9432,143.538,139.6689,116.7612,117.5581,151.2459,67.7321,129.2917,109.9766,164.1336,126.5446
2014-04-16,114.8739,94.8241,132.0044,119.2115,100.1296,146.2134,142.9212,139.3775,116.1176,117.377,150.6937,67.9493,130.7808,111.8545,163.1033,126.5385
2014-04-17,113.1269,93.5881,132.0875,119.2566,99.7814,145.4921,141.8691,138.9425,115.782,116.859,150.9132,67.3483,130.7756,110.5928,161.7698,126.5162
2014-04-18,114.7078,94.9211,132.4119,119.4631,100.4016,146.9162,142.5497,138.9676,116.1165,117.3584,152.2112,68.1521,132.6431,112.6942,161.846,126.5885
2014-04-21,115.6784,95.2828,132.0492,118.6911,99.924,146.3712,141.8699,138.7924,115.8263,117.2786,150.996,69.6363,132.3834,112.0189,161.9086,126.5278
2014-04-22,116.2036,95.5401,132.0342,118.8143,100.2823,146.6867,141.9715,138.8625,115.7189,117.0415,151.7693,69.1976,132.3567,113.5345,162.0973,126.5546
2014-04-23,118.3764,96.7553,132.1733,118.6886,100.5171,147.1508,142.236,138.6485,116.1015,117.1608,151.9448,70.3497,134.2739,113.922,162.4417,126.5172
2014-04-24,118.6884,97.1631,131.7377,118.6742,101.3424,148.0966,143.396,138.1352,116.2383,117.6044,151.649,70.528,131.8319,113.0415,162.8583,126.5702
2014-04-25,118.655,96.4841,132.3831,119.1987,101.8405,147.959,143.4595,138.9392,114.9713,117.6187,150.5784,70.0568,134.4667,115.4199,163.1382,126.5923
2014-04-28,119.5937,97.8432,132.2847,119.1201,102.5717,148.7229,143.6935,138.9603,115.8936,117.8922,149.5358,70.596,134.4302,114.1708,163.2836,126.5842
2014-04-29,118.2938,96.3384,132.6229,119.1085,102.6294,147.7847,142.9904,139.7159,114.8045,117.6414,149.1702,70.8005,134.9818,114.0792,162.3186,126.6236
2014-04-30,119.293,97.252,132.6931,119.7888,103.4274,147.9317,143.7148,139.6805,115.4171,117.7367,149.0282,70.587,137.1623,115.5762,162.3268,126.667
2014-05-01,118.6376,97.107,132.7324,119.9252,103.4764,148.9198,143.9921,139.7232,115.5767,117.8114,149.9789,70.6437,134.6046,116.2054,162.2433,126.6835
2014-05-02,119.8002,98.1025,132.5815,120.0551,104.5052,149.0608,144.1329,139.1543,116.1374,118.4798,150.5167,70.6061,134.8827,117.8266,162.1527,126.6596
2014-05-05,119.5847,97.8493,132.2553,120.0776,104.4286,149.3049,143.9988,139.0745,116.3986,118.3693,149.7231,71.5946,133.6171,117.2333,161.3029,126.7373
2014-05-06,122.7797,99.2694,132.1931,120.5066,105.2896,149.5384,144.8297,139.4948,117.1543,118.0128,151.1536,72.221,136.5191,120.41,161.3516,126.8053
2014-05-07,122.9847,100.4373,131.4603,119.9838,105.6164,149.2691,144.8739,139.8015,117.0524,117.7361,152.0475,73.0857,136.7322,121.0322,160.9701,126.8218
2014-05-08,123.2301,101.2559,131.5092,119.7802,106.0829,148.9148,144.313,140.0152,116.7645,117.2517,152.1191,73.792,137.6301,122.3325,159.961,126.8624
2014-05-09,125.5849,102.1144,131.2317,119.6046,107.3727,148.6384,143.3924,139.7456,116.8154,117.1993,151.9667,73.8968,137.4202,123.7489,161.0693,126.9224
2014-05-12,124.4427,101.7608,131.6601,119.9288,107.1604,149.8378,143.7429,139.8467,117.238,117.3925,153.02,72.3576,136.4696,121.8657,162.5627,126.9207
2014-05-13,127.8961,103.1652,131.5462,120.2522,108.9808,151.7371,145.326,140.5387,118.0405,118.2,152.9286,72.069,137.8795,122.9626,164.1477,126.9743
2014-05-14,131.5554,105.0672,130.6541,119.3967,109.6586,152.3713,145.2803,140.538,119.3553,118.0979,154.4557,71.3888,138.5554,123.2119,164.2284,127.0818
2014-05-15,129.2089,105.0018,130.4127,119.6711,109.2309,152.2285,145.9696,140.3849,119.8319,117.9323,154.5412,72.5227,137.9862,119.6339,164.0766,127.0382
2014-05-16,127.9941,105.3648,130.0598,119.7252,109.9227,153.2273,146.3625,140.1529,118.9206,117.8158,153.7441,72.2566,138.0159,119.8341,163.7879,127.0982
2014-05-19,130.9591,107.9203,130.2096,119.8664,110.5161,152.2804,145.3563,139.8286,119.3783,117.3781,154.1648,73.7436,140.4739,125.0014,163.6946,127.1711
2014-05-20,128.8405,105.9431,129.3504,119.0737,109.6714,150.5072,144.3499,138.6813,117.5557,116.6357,151.8925,73.112,139.0381,122.9432,162.181,127.1175
2014-05-21,127.4155,105.8847,129.0329,118.899,109.9401,150.3748,144.5923,138.5752,117.2002,116.7242,151.1955,73.203,137.4976,121.3135,162.2688,127.0452
2014-05-22,127.2521,106.0923,129.5813,118.6708,109.1281,149.2195,143.9897,138.6628,116.7902,116.7072,151.3783,73.0324,138.4285,121.6867,163.4301,127.0179
2014-05-23,128.0506,105.9889,129.8614,118.8817,108.6199,149.1205,143.9355,138.8487,117.0465,116.5646,152.1742,73.1981,138.6049,123.1998,163.9305,126.9977
2014-05-26,128.6918,105.3726,129.8959,118.9752,108.8515,150.0123,144.7295,139.4783,118.2324,117.0944,153.2112,72.9776,137.837,121.8205,163.1958,126.949
2014-05-27,127.542,105.6085,129.573,118.2416,108.5092,148.4931,143.2695,138.8382,117.4298,116.7165,152.0136,72.4407,137.3622,122.0201,162.2882,126.9553
2014-05-28,128.628,105.3639,129.8041,118.3527,109.0571,148.7227,143.9134,139.94,117.784,117.0528,152.0836,73.4093,136.9179,121.2241,163.1564,126.9149
2014-05-29,129.8827,106.3951,129.3098,118.3173,109.9183,148.7062,143.627,139.169,118.0761,117.1472,153.112,72.9645,136.8205,123.6719,163.013,126.9431
2014-05-30,128.6567,106.7292,128.731,117.3547,109.5981,147.21,142.9896,138.16,116.5181,117.3674,151.9259,71.9153,137.7537,122.6448,163.7275,126.9845
2014-06-02,128.0236,106.1742,128.6245,117.3645,110.8279,147.6266,142.7804,138.5989,116.9013,117.7667,151.2605,71.5661,136.5637,121.3206,162.2569,127.0093
2014-06-03,127.9267,107.2677,128.5286,116.8526,110.9648,147.6115,142.3196,139.0098,117.126,117.8423,150.4974,70.5058,135.3718,121.7327,162.4087,126.998
2014-06-04,129.5824,108.3927,127.9613,116.0852,109.9599,146.8882,142.1729,138.806,116.4246,117.2797,149.3215,71.2132,137.001,121.7421,163.8739,126.9949
2014-06-05,129.6816,109.1591,127.4826,115.4342,109.914,147.2503,142.2444,138.5404,115.6863,116.9293,149.5784,70.5716,134.616,123.4805,163.9937,127.0528
2014-06-06,128.3667,108.282,127.0263,115.037,109.2854,146.7118,141.7174,137.58,114.8761,116.6836,148.5239,71.2193,132.9931,121.3879,163.7211,127.1519
2014-06-09,125.1899,106.0095,127.6984,115.9208,109.6418,147.3097,142.5751,138.2396,114.6335,117.2528,147.185,70.2369,132.1644,119.009,163.0367,127.1272
2014-06-10,126.6632,106.7771,127.2668,116.014,110.2553,148.4574,143.133,138.0871,114.6269,117.324,147.5311,71.6572,133.1749,121.5006,161.7247,127.2263
2014-06-11,126.5344,107.4351,127.236,115.9405,110.0114,148.9701,144.5122,138.7553,115.2886,117.5924,147.9514,71.2771,133.3486,119.8853,162.362,127.2407
2014-06-12,127.7264,108.1628,126.8534,116.0524,111.6079,150.3102,144.9525,139.0596,117.194,118.3743,148.2013,70.6655,132.8939,117.8151,161.7766,127.2468
2014-06-13,129.7438,108.241,126.3904,115.4257,110.828,148.5215,142.8636,137.9074,116.5619,117.3246,148.8043,71.0747,133.4748,119.9252,162.1905,127.1849
2014-06-16,129.1609,108.0474,125.9074,114.6048,110.0587,148.1614,142.8277,137.0303,115.2841,117.3272,148.04,71.7412,131.9178,120.063,161.6208,127.1925
2014-06-17,129.2725,108.7816,126.2641,115.1759,110.7726,149.0626,143.4683,137.9354,115.8285,117.7785,147.7201,71.5498,131.9781,122.0088,161.9838,127.2062
2014-06-18,127.9602,107.9534,126.7754,115.4717,110.0337,147.5735,142.5706,138.1682,116.1053,117.5365,148.7299,70.8698,131.867,122.9116,161.7105,127.2676
2014-06-19,129.1765,108.7429,126.6346,115.9561,111.2397,148.1052,143.6887,138.3729,117.3634,117.7291,148.6846,71.1073,132.6668,121.3261,161.7375,127.284
2014-06-20,132.04,110.5017,125.9764,115.0197,111.4204,147.4374,144.4835,138.4837,117.2315,117.2537,149.8601,70.9843,133.7262,121.3604,162.8584,127.3248
2014-06-23,135.1076,113.3747,125.7322,114.3751,111.4906,146.1682,143.9324,138.4148,117.9681,117.3975,151.0747,71.2642,134.6227,125.2961,163.5293,127.369
2014-06-24,133.1266,111.0407,125.8079,114.582,111.0926,144.7454,143.086,137.7536,117.9622,117.2679,150.7555,71.2442,133.3039,122.3123,162.7132,127.2668
2014-06-25,131.0499,109.6252,125.8257,114.2193,109.5736,143.5223,142.1454,137.7959,117.2338,116.7298,150.7566,70.6065,132.3534,122.1361,161.9531,127.3204
2014-06-26,132.0097,110.2145,125.9318,114.4134,108.9536,143.4083,142.5463,137.2961,118.1749,116.2277,152.1677,70.544,132.0044,122.5944,161.9551,127.2513
2014-06-27,131.7822,109.9646,125.9619,114.8163,109.4527,144.1198,142.8295,136.9131,118.7589,116.4988,151.2513,70.0962,131.682,121.2662,161.6962,127.2798
2014-06-30,135.7271,112.343,125.3513,114.603,111.4859,146.2493,144.7627,137.7572,120.4603,116.8848,151.901,69.9848,131.5246,120.3169,162.3146,127.3224
2014-07-01,137.1068,112.3026,125.1808,114.7627,111.85,147.3685,144.8524,137.601,121.2122,116.9785,153.0427,69.5574,132.4033,119.7026,162.6657,127.3528
2014-07-02,137.0264,113.2277,125.5596,115.1866,111.5331,147.3765,145.5433,137.7491,121.2961,116.8464,153.3016,70.516,133.4724,121.4915,162.4878,127.44
2014-07-03,135.5293,112.5411,126.5026,115.3723,110.6391,146.2514,145.0914,138.2553,120.4967,116.9613,154.0562,69.768,134.7117,123.9864,162.5744,127.4398
2014-07-04,135.8341,112.3096,126.5304,115.586,110.9022,146.5248,145.3969,138.4164,121.0328,117.4365,154.1582,70.9526,134.7566,122.9825,162.4697,127.4239
2014-07-07,133.9106,111.8232,126.7815,115.5026,110.5563,146.0191,144.6272,138.2027,120.5095,117.0806,153.4027,70.9606,132.7768,122.6954,161.8213,127.4801
2014-07-08,134.651,112.071,126.3294,115.1884,110.0671,145.9321,144.5759,138.1578,121.3511,116.4957,155.3121,70.0082,132.286,121.1354,162.5913,127.4552
2014-07-09,129.9969,109.2604,126.684,115.4558,108.1567,144.2761,143.9325,137.3549,120.4086,116.4105,153.6615,70.492,130.839,118.1014,161.6376,127.5088
2014-07-10,125.905,107.9358,126.6943,115.4854,108.3425,144.3749,143.6382,137.959,120.1922,116.1035,153.2505,71.4217,129.4709,113.3848,159.8539,127.5357
2014-07-11,123.9698,105.9291,126.8434,115.5734,108.5276,144.3085,142.5368,137.5518,118.3816,116.1453,150.5579,71.571,129.1561,112.924,159.062,127.6312
2014-07-14,124.7432,106.121,126.0846,114.9564,109.0269,144.4486,142.5829,137.694,118.1244,116.1256,148.9644,71.9469,128.5173,112.4878,157.9552,127.6756
2014-07-15,125.018,107.1635,126.4508,115.1395,110.0319,145.2109,142.6362,137.7891,118.1059,116.6458,149.4091,71.4689,130.3799,113.2744,158.4658,127.6901
2014-07-16,126.4793,108.075,126.8036,115.2361,109.6363,145.0528,142.744,138.07,118.5148,116.9094,150.3746,71.4666,132.6986,115.0177,159.4285,127.7617
2014-07-17,125.9551,106.8218,126.7191,114.8544,109.4797,144.4938,141.7717,138.3185,117.8848,116.9737,149.0614,72.2188,131.2411,114.5414,158.6641,127.8027
2014-07-18,127.5193,106.7892,126.2825,115.0194,110.0346,144.9812,142.7174,138.4322,118.5349,116.9195,148.8305,72.3523,131.0618,113.2792,159.12,127.8189
2014-07-21,129.1325,107.2591,126.1495,114.8734,111.317,145.5962,142.6619,138.1673,118.5192,117.1959,148.1593,71.1061,130.5823,114.6825,158.9107,127.7793
2014-07-22,129.1769,106.7601,126.2406,115.4993,112.068,146.727,144.2384,138.4516,119.3227,117.5704,148.2145,69.554,130.5907,114.1351,158.3664,127.7496
2014-07-23,131.0282,107.1216,125.2587,114.8306,113.0075,147.0118,143.9567,137.8597,118.9373,117.4398,147.225,70.1143,130.4041,114.1696,157.222,127.7841
2014-07-24,134.2173,108.0448,124.8094,114.8282,113.4936,148.1949,145.4038,138.5042,119.5902,117.4366,147.8333,70.3123,131.0714,115.697,157.633,127.9377
2014-07-25,134.6194,107.8596,125.3161,115.2716,114.3202,148.4808,145.7021,139.2176,119.3198,117.5593,147.7348,72.183,130.8451,117.1168,157.1605,128.0359
2014-07-28,132.8525,106.3749,125.2088,114.8811,113.9256,147.2011,144.9969,139.0275,118.4069,117.2964,147.9336,72.3626,130.5396,115.7197,155.8717,128.0734
2014-07-29,135.6893,107.8227,125.5298,115.3142,114.8844,147.8359,145.8641,139.3515,119.8807,117.8343,149.3217,72.3032,131.847,116.8573,156.99,128.1052
2014-07-30,137.6751,108.3152,126.2962,116.2808,116.2598,149.5769,147.3197,140.3571,121.2467,118.9111,150.1599,72.9646,132.6947,118.3958,157.3721,128.1009
2014-07-31,137.4461,107.4445,126.5301,116.6086,115.6004,149.9607,147.764,140.5189,121.1952,118.5896,151.1868,72.7602,132.2345,117.9389,158.3907,128.151
2014-08-01,135.8901,107.7674,126.2948,115.9104,114.9319,148.7421,146.2914,139.863,120.3482,118.1152,151.9602,72.7588,131.1255,118.189,158.3972,128.1643
2014-08-04,131.8463,104.4419,126.8841,116.6742,113.717,148.4767,146.5632,139.9779,120.0767,118.2625,150.4704,73.5388,129.424,114.6907,157.0797,128.0907
2014-08-05,133.2826,104.487,126.727,116.4653,113.2856,148.9346,146.9738,140.8123,121.4397,118.2251,151.6053,73.9935,129.9739,113.06,156.7815,128.0801
2014-08-06,136.1454,105.2629,126.8386,116.7828,114.9076,151.0817,148.5782,141.5778,121.6538,118.7417,152.8942,74.1915,130.9652,113.3621,158.9027,128.1098
2014-08-07,132.8233,103.6544,127.0089,117.5578,115.9987,151.3794,149.063,141.9206,122.0944,118.8109,151.7093,76.1086,128.4963,108.9038,157.3808,128.078
2014-08-08,132.2478,103.5152,127.6288,118.1972,115.8671,152.2175,149.4003,142.159,122.1192,119.2098,152.6203,76.3745,129.4413,109.4884,158.3965,128.1384
2014-08-11,131.6465,104.0544,127.5926,118.6047,114.5431,150.994,149.2402,141.3909,122.6899,118.9679,154.1959,75.5597,131.9813,111.4061,158.3238,128.024
2014-08-12,132.8156,103.7209,127.7632,119.0127,115.8824,151.9916,149.7186,141.8852,123.3172,119.5214,154.5409,74.8649,130.2143,111.634,159.3113,128.0285
2014-08-13,131.2219,103.1632,128.0588,119.5832,116.2568,153.1719,150.4251,142.1693,123.1621,120.1113,152.213,73.894,130.3392,110.7242,159.3853,127.9948
2014-08-14,132.5079,103.8289,127.5308,119.4034,116.3518,153.211,151.554,142.3261,123.9295,119.6157,153.0645,74.0414,130.8111,110.3922,158.267,128.0761
2014-08-15,130.5648,103.7324,127.865,119.872,116.28,153.5527,152.2864,142.6642,124.0706,119.935,152.9555,74.6005,130.4424,111.0368,156.8058,128.1847
2014-08-18,129.0467,102.4267,127.702,119.6364,116.2808,153.2239,151.3663,142.825,122.774,119.6355,152.1562,73.8628,130.6527,110.0559,156.8378,128.1505
2014-08-19,126.6566,101.3068,128.6435,120.1833,116.0291,152.6435,150.9995,143.3705,123.2319,119.9032,152.8783,73.643,130.3569,108.7559,156.1746,128.2506
2014-08-20,127.094,101.863,128.1269,119.743,116.9944,153.4462,151.4909,144.3015,123.737,120.1389,151.9495,72.6826,129.9933,107.5444,155.8298,128.1386
2014-08-21,126.6697,101.5896,128.0778,119.5004,116.5688,152.7062,150.7439,144.3881,123.9383,119.8653,152.6533,72.043,130.7167,106.7163,155.5804,128.1656
2014-08-22,126.7953,101.1116,128.2632,119.8657,117.0818,153.3424,150.7133,144.5018,124.4342,120.0131,153.5735,71.2069,131.8214,105.6561,155.9334,128.1716
2014-08-25,123.2405,98.8834,127.7518,119.3035,115.4103,152.6631,149.6866,143.2756,122.9708,119.6494,152.5359,70.385,127.6414,103.4387,155.6508,128.22
2014-08-26,120.5353,97.555,128.0819,119.6847,114.3841,152.3143,149.3934,142.6753,122.6176,119.9353,152.9002,71.2363,127.6954,102.2306,154.7728,128.2724
2014-08-27,121.2685,98.2877,128.6654,120.2335,115.9837,153.2322,149.9916,143.5167,123.603,120.493,154.1045,71.0962,126.6615,103.7564,154.792,128.3797
2014-08-28,120.2377,97.1764,129.0063,120.2539,115.0504,152.4785,148.9887,143.9184,123.0978,120.6355,152.908,70.9315,127.4455,103.6954,154.8297,128.4587
2014-08-29,121.2957,97.3565,128.7606,120.4166,115.8261,152.8801,149.5406,144.0594,123.0432,120.2631,152.1468,71.9545,128.4638,103.0867,154.5201,128.5048
2014-09-01,124.2667,99.2154,128.3754,120.3018,117.4063,153.2273,150.0975,144.8124,124.0089,120.3488,152.5631,71.5077,129.7067,104.9413,154.9227,128.4835
2014-09-02,127.2492,99.7726,128.3839,119.8197,117.5744,153.6302,150.4847,145.4552,123.8964,120.5984,153.0501,71.639,130.7751,107.2955,155.0913,128.5141
2014-09-03,128.1223,100.0599,128.556,119.9895,117.9217,155.3719,151.2748,145.7789,124.2308,121.0915,153.4038,71.8574,131.057,107.7395,155.2248,128.4617
2014-09-04,126.8429,98.5405,128.693,120.4216,118.2267,155.1318,151.2256,146.0206,124.35,121.4196,152.0102,71.425,131.844,104.7608,155.0709,128.5198
2014-09-05,126.795,97.173,128.5272,120.9288,119.5251,156.7686,151.4732,146.1915,124.37,121.7509,151.3022,72.0446,128.918,103.6313,155.3061,128.5594
2014-09-08,126.3021,97.3057,128.2328,120.7094,118.4669,156.8905,152.5081,145.7923,123.265,122.0135,150.5916,72.7019,130.4332,104.9352,154.7072,128.5482
2014-09-09,123.8304,95.2851,128.7842,120.9982,118.2676,155.6998,151.5312,145.9244,122.9235,122.1799,149.3081,71.9493,130.2285,102.3798,154.2021,128.5883
2014-09-10,123.1181,95.2679,128.6527,120.8558,118.2103,155.2155,150.8653,145.3968,123.1404,121.9129,148.6484,72.9247,130.4876,99.8342,153.6701,128.7329
2014-09-11,124.7176,95.615,128.0256,120.401,118.7614,155.6197,150.4429,144.99,123.1831,121.5849,147.8952,72.7464,130.3518,99.3562,153.6615,128.71
2014-09-12,122.268,95.6932,128.5475,120.8771,119.1659,156.4176,151.1803,145.6294,123.5697,121.5642,147.8752,73.0973,129.2243,96.9999,153.6458,128.65
2014-09-15,121.2816,94.7936,128.7045,121.224,118.9517,156.4686,150.9646,145.9533,123.9423,120.9952,148.0121,72.8482,128.8999,95.5615,153.1144,128.6774
2014-09-16,120.2383,93.8702,129.0016,120.7581,117.4373,154.5578,149.9281,146.0111,123.4857,120.6544,149.3144,72.8925,129.9967,95.0164,152.4783,128.7143
2014-09-17,122.0371,93.8732,129.6066,121.6351,118.2746,155.4014,150.532,146.5944,124.2166,121.1591,148.6307,73.7414,130.6853,96.5728,152.6523,128.8768
2014-09-18,122.9498,93.8858,128.7694,120.6046,117.481,153.6307,149.4126,145.6943,123.4756,120.7658,148.0419,74.3429,130.6831,97.0383,151.8046,128.9139
2014-09-19,121.7729,93.1701,128.9652,120.5815,116.2423,153.7475,149.8371,146.2088,123.4927,120.7319,147.4982,74.5506,130.8764,96.0939,151.0285,128.9319
2014-09-22,122.7423,92.5589,129.3285,120.8949,116.3262,153.6157,149.0389,146.7331,124.25,121.1551,148.1823,74.0429,131.8857,96.8331,151.3175,128.9129
2014-09-23,122.8009,92.6281,129.7103,120.9884,116.2582,153.4715,148.4367,147.5007,124.7021,121.3685,148.5096,75.4007,131.7363,96.8374,151.6512,128.896
2014-09-24,126.3865,93.9906,129.8619,121.452,117.2559,153.1858,149.4613,148.1425,126.5142,121.7546,149.915,76.5556,133.7564,98.6281,151.9325,128.9054
2014-09-25,126.3926,94.2324,130.1672,121.7057,116.7876,153.5652,149.9687,148.1955,125.9438,121.3791,150.7149,75.1361,133.6336,100.9649,152.8636,128.9451
2014-09-26,127.2267,94.1262,129.9869,121.5926,116.2254,153.7826,149.7001,147.9063,126.7602,121.5414,152.3042,73.6221,135.0309,101.0384,152.9992,128.9473
2014-09-29,129.5025,94.3351,130.4692,121.7373,115.4711,154.1756,150.5684,148.5039,126.9474,121.7651,153.6333,74.2142,136.3472,104.2125,153.0232,128.9903
2014-09-30,130.882,94.9058,129.8683,120.7426,114.2178,153.59,150.8466,148.7718,127.5248,121.4776,154.5646,75.1132,136.0552,103.0915,152.9864,129.0352
2014-10-01,128.9535,93.4819,129.6879,120.4642,113.2907,153.5091,149.9472,148.7274,125.8642,121.1155,153.0082,74.0915,136.3751,103.3347,152.2609,129.0766
2014-10-02,128.4565,93.8148,129.7528,119.9949,113.2058,151.4401,148.0674,148.3876,126.0872,121.6447,153.6369,74.0276,137.2642,103.85,151.8899,129.0459
2014-10-03,128.0066,93.758,129.1102,119.5681,112.898,151.2825,148.1342,148.0352,125.9793,121.812,154.679,74.708,135.2129,103.8494,151.7348,129.0297
2014-10-06,130.8476,94.4888,128.6348,118.6888,112.6307,151.0716,148.2934,148.0529,126.2868,121.9207,155.4879,73.9805,134.0299,105.6009,152.0583,129.028
2014-10-07,134.0529,95.145,127.7762,117.9801,112.8866,151.8794,148.5351,147.7507,126.5721,122.0171,154.6789,74.4208,133.0618,105.0598,153.1691,129.0057
2014-10-08,134.9186,95.296,127.6433,118.325,113.8949,151.9744,148.4223,147.6294,127.4235,122.2425,154.5249,73.4192,134.0333,104.6395,153.3867,128.9974
2014-10-09,136.1568,95.0225,127.0609,117.5773,113.1458,151.6733,148.6271,147.9225,127.3851,122.4738,153.209,72.3882,132.8657,104.158,154.1544,129.01
2014-10-10,137.856,95.914,127.4242,117.8552,112.9802,152.1819,148.7841,147.9128,128.9381,122.9559,154.5799,71.9577,133.4252,105.8686,154.3094,129.0946
2014-10-13,138.0629,96.7856,127.352,117.835,113.7328,152.0074,149.102,147.3114,128.2455,123.2501,154.4071,72.1152,134.9141,107.2883,154.1045,129.118
2014-10-14,139.0276,97.9281,127.5041,118.1642,114.6727,152.3205,149.5286,147.7197,129.6674,123.5302,155.0137,70.6888,134.2768,108.2868,154.6777,129.1471
2014-10-15,138.545,96.846,127.7285,117.9216,113.5269,151.118,148.4093,147.2661,128.8405,122.9963,153.239,70.4209,133.4697,107.6888,154.8883,129.2058
2014-10-16,133.6919,94.0621,127.7308,118.3217,112.4455,151.3975,148.8188,147.0684,127.0541,123.0179,150.1294,70.1224,131.1836,104.6696,154.6343,129.2324
2014-10-17,132.7612,93.3574,127.3432,117.8418,112.3277,151.0907,147.748,146.8436,127.3655,122.9503,149.0911,69.5244,128.2926,102.6559,154.2391,129.2216
2014-10-20,133.4261,93.4431,128.0147,118.3399,112.4894,150.9538,147.9346,147.9345,127.6057,123.3941,149.316,69.2124,130.3313,104.3795,155.0458,129.2604
2014-10-21,132.1496,93.5035,127.9121,118.1871,111.7812,150.1596,146.9828,146.9736,126.6911,122.7621,149.8418,69.0079,130.8883,105.3123,154.7901,129.2732
2014-10-22,132.7343,93.569,127.6925,118.4534,112.2942,150.8755,148.5337,147.8192,127.8077,122.9295,149.876,69.303,130.2938,103.5998,154.8567,129.3191
2014-10-23,131.3036,93.5777,127.9345,118.5589,112.9655,150.4805,147.46,147.7433,127.9831,123.3484,151.3517,69.4229,129.3075,103.4972,155.2112,129.2139
2014-10-24,131.7929,93.0683,128.0025,118.9911,113.5969,150.3069,146.8847,147.5086,128.2871,123.7447,151.9251,69.3464,130.3994,104.3862,154.8891,129.2369
2014-10-27,132.9654,92.8617,127.99,119.3095,112.9968,151.1324,148.2583,147.4245,128.4656,123.4729,151.4591,69.9125,130.2665,104.4324,155.1302,129.2764
2014-10-28,131.8806,92.2733,127.933,119.4218,112.5026,152.1314,148.7538,147.6689,128.1959,123.2589,151.3645,70.1576,129.9501,103.1979,155.1242,129.2599
2014-10-29,131.8904,91.2352,128.5757,119.6781,112.6379,152.4314,148.7256,147.961,127.747,123.5478,151.6733,70.9479,129.483,104.013,154.4054,129.2859
2014-10-30,129.5659,90.297,128.8537,119.7466,111.691,151.8658,148.3643,147.8092,126.8692,122.9562,151.2034,71.6783,128.7043,102.6279,154.1107,129.2587
2014-10-31,128.2303,89.6519,129.0473,120.2463,112.0859,153.3636,149.7466,148.9784,127.5829,123.2385,150.626,71.7204,128.8167,99.959,153.3703,129.3094
2014-11-03,128.506,90.3757,129.491,120.74,113.6472,154.1692,150.3636,149.4469,127.6623,124.3858,150.8153,71.2549,130.9284,100.0794,154.93,129.3156
2014-11-04,129.3061,90.3754,129.3711,120.5404,114.0557,152.8106,149.1821,149.2095,127.7867,124.0785,150.7246,71.1659,130.4406,99.9421,155.4755,129.2979
2014-11-05,128.2764,89.7057,129.384,120.4036,112.917,152.2743,148.6664,148.4377,126.8966,124.0034,151.3723,71.2816,130.0073,100.3792,155.8824,129.3297
2014-11-06,127.8324,89.3295,129.1227,120.4326,112.9137,151.0457,148.4613,147.3225,126.8833,123.7242,150.7266,70.7907,129.7767,99.5243,155.1667,129.3431
2014-11-07,126.502,88.7538,128.4467,119.6809,112.9894,149.8646,146.8482,146.5242,125.7648,123.0862,149.7539,71.7019,127.9559,97.4519,154.7724,129.3609
2014-11-10,129.1898,89.8493,128.1294,119.6267,113.3907,150.1495,148.0368,146.2573,126.5209,123.6371,150.5224,72.0024,129.0831,98.2777,155.6811,129.3995
2014-11-11,131.8423,91.4357,128.0368,119.5738,114.5395,150.6581,148.0163,146.5595,127.2972,124.0181,152.667,72.7211,130.0928,100.3998,156.6789,129.3121
2014-11-12,133.2825,92.3543,128.2643,119.28,114.8546,150.6529,148.1856,146.5028,126.4436,124.0742,153.4747,73.0533,130.6514,103.84,156.4308,129.3111
2014-11-13,132.204,92.3806,128.611,119.3068,114.5297,150.1728,148.6953,146.7717,125.6593,123.9599,153.481,74.002,131.2731,103.7678,156.3442,129.333
2014-11-14,134.4387,93.1808,127.7831,119.0461,114.5744,151.7033,149.7055,146.5275,125.891,123.3328,154.0477,73.998,131.7278,104.9797,155.5531,129.3364
2014-11-17,136.0866,94.2905,127.4669,118.1718,114.1959,150.797,149.3907,146.4912,125.1279,123.009,154.6247,74.0028,133.1398,106.9158,155.8142,129.3063
2014-11-18,135.7737,95.2776,127.5868,118.0775,114.5978,150.4992,148.9721,146.2486,125.3799,122.9188,155.0322,73.8904,131.9978,106.9527,156.4021,129.3578
2014-11-19,135.0987,95.3266,127.3124,118.0046,114.6721,149.7936,149.262,146.2454,126.1067,123.005,155.6175,73.131,131.1833,105.6076,156.4387,129.3426
2014-11-20,135.05,95.9564,127.2983,117.3742,113.7748,149.0572,149.0916,145.974,125.255,122.8323,154.7441,73.4658,130.2648,106.789,156.5614,129.4113
2014-11-21,135.1955,95.5881,126.6877,116.7127,112.4071,147.564,147.4886,145.2623,125.1581,121.7105,155.6158,74.3005,130.0139,106.1675,155.9153,129.4138
2014-11-24,137.4927,96.2123,126.8545,117.1634,112.7854,148.6971,148.9921,145.5486,126.2968,122.3719,156.8001,74.2239,129.1194,107.2992,157.7149,129.3195
2014-11-25,140.8426,97.8391,127.2544,117.2545,112.5861,148.6257,149.693,145.9788,127.2941,122.6815,159.9026,75.1861,130.2006,112.1961,157.976,129.3295
2014-11-26,141.3252,99.5585,127.8758,118.3992,114.5795,150.3852,151.0831,146.5675,128.7007,123.5673,161.6366,75.7247,130.9171,113.6418,158.8622,129.3927
2014-11-27,140.4057,99.679,127.8962,118.0253,114.1174,150.7216,150.4996,146.6763,129.5019,123.5087,162.8046,74.5147,128.7909,112.3059,159.0873,129.437
2014-11-28,139.4068,98.8102,127.933,118.2073,113.2739,150.6846,150.3317,146.6315,130.4885,123.2577,163.2589,74.4716,127.6104,111.0341,157.9637,129.4093
2014-12-01,137.6628,97.3747,127.8356,117.3927,111.6114,149.6595,148.347,145.3953,129.249,122.6767,163.6268,75.1027,125.9847,109.6375,157.2898,129.4021
2014-12-02,137.7175,97.3398,127.7244,117.5428,112.2309,150.4883,148.6793,144.8635,129.3973,122.7645,163.8613,74.9301,124.8871,109.1004,157.2706,129.3272
2014-12-03,137.0927,97.034,127.8679,117.9609,112.0994,150.3411,148.742,144.6749,128.8151,122.3601,163.6999,75.1829,125.8067,109.5791,157.4217,129.3647
2014-12-04,137.3977,97.989,128.2624,118.309,111.5476,150.8691,149.4709,145.2006,129.2651,122.3714,165.7011,75.0858,126.972,112.5335,157.5661,129.4199
2014-12-05,137.1918,98.9789,127.4021,117.7533,111.9779,150.1677,149.3149,144.5088,129.3795,122.0869,164.5653,75.3941,127.7282,109.6478,157.3871,129.4413
2014-12-08,137.6684,98.2592,127.164,117.7627,112.8332,150.0722,149.0177,144.6591,129.4843,121.6785,165.4827,74.9899,127.4593,109.5882,156.1809,129.3845
2014-12-09,135.9572,98.4919,127.0451,117.2717,112.456,149.6023,148.4139,144.5206,128.9334,121.4128,164.7028,75.3134,126.3354,108.216,156.0841,129.4387
2014-12-10,134.2986,96.8041,127.2209,117.4252,112.2038,150.3467,148.766,145.1406,127.8356,121.3342,162.6317,74.4461,124.7301,108.549,155.0308,129.4321
2014-12-11,132.9739,95.7069,127.2112,117.484,111.2909,150.4273,148.9443,145.1147,126.5931,121.1985,161.5424,74.4937,124.5493,108.5558,155.4438,129.4965
2014-12-12,132.0773,95.0758,126.3757,117.3746,110.7483,149.7016,148.0985,143.6971,126.7832,120.7108,160.4844,74.2826,123.6842,106.7571,154.6903,129.5278
2014-12-15,131.1562,93.7423,126.1169,117.0185,110.5892,148.6776,146.7707,143.1253,126.5652,120.749,159.9019,74.0529,121.6631,105.8971,153.5546,129.5379
2014-12-16,131.4727,93.7079,126.1172,117.2218,110.9746,148.0779,146.5627,143.0489,126.8193,120.7325,160.9022,74.3038,121.2063,106.2193,154.1441,129.4943
2014-12-17,130.4504,93.0895,126.3514,117.5193,110.8453,147.9171,146.8678,142.5705,126.2776,120.4839,160.334,74.5614,119.8003,106.3577,153.7813,129.4377
2014-12-18,128.3916,91.8073,125.3006,116.3884,109.8203,146.2488,145.9506,141.1798,124.1777,119.7068,157.3928,74.3995,117.6518,103.5225,153.1728,129.4618
2014-12-19,128.7325,91.2761,125.0124,116.0579,109.9471,145.5124,145.2697,141.1303,124.2582,119.9948,157.032,74.0582,117.7656,102.3406,153.3498,129.4968
2014-12-22,126.9826,90.3517,124.4037,115.6662,109.5899,145.1078,144.647,140.4933,123.9415,119.4211,157.2246,73.5553,117.0581,100.031,152.1023,129.446
2014-12-23,128.3708,90.6582,124.2062,115.7688,109.2912,145.2245,144.7044,140.0706,124.296,119.6721,159.2154,74.9321,118.1606,101.7687,152.028,129.3995
2014-12-24,130.0837,91.5962,124.6261,115.8397,109.3317,145.9435,145.2265,140.7329,125.0012,120.1695,159.9815,75.0504,118.6222,103.8431,152.4744,129.4413
2014-12-25,129.4995,91.5543,125.2309,116.6808,109.7861,146.8283,146.3962,141.4195,126.1417,120.5601,162.2269,74.387,118.169,103.5114,153.3055,129.5038
2014-12-26,126.5431,90.846,125.5438,116.6608,109.1814,145.3899,145.45,140.5913,125.299,120.976,162.157,73.2959,118.7159,103.1311,152.9771,129.464
2014-12-29,129.2247,92.0704,125.7506,117.3264,110.4776,146.895,146.4065,140.9184,125.8647,121.3933,164.043,74.7273,120.8132,106.1304,153.4636,129.4599
2014-12-30,130.1793,92.0204,126.0977,117.4843,111.1211,147.4256,147.263,141.8272,125.6503,121.5782,165.4579,74.0746,120.67,108.7675,153.2314,129.496
2014-12-31,131.5728,92.0012,125.899,117.5316,111.0806,147.559,147.7025,142.0594,126.4891,121.3945,166.9717,74.0857,121.4266,109.1917,152.4747,129.5697
2015-01-01,131.8565,91.2893,126.1839,118.2384,111.1444,148.3895,147.9785,142.2978,126.8278,121.4235,167.6102,75.3779,121.6647,109.6013,152.3319,129.6325
2015-01-02,132.0937,92.7159,126.1133,118.9775,112.3719,150.4297,149.6962,143.3056,128.6141,122.1859,169.0982,76.1157,122.3749,109.2014,152.808,129.7188
2015-01-05,129.6198,91.4048,126.4861,119.3796,111.4392,149.9405,149.4169,143.2016,128.7612,122.9437,168.9593,76.1774,121.3163,108.1699,152.9492,129.7464
2015-01-06,127.1415,90.9253,126.4306,119.5109,111.3399,150.3465,149.7285,142.9301,128.4171,122.622,168.1433,75.3724,120.1147,106.0357,152.4724,129.7928
2015-01-07,126.0335,90.0969,125.9965,119.259,110.6813,149.3898,148.9768,142.3397,128.8105,122.0199,168.0668,74.7126,118.9978,103.5924,151.7567,129.7632
2015-01-08,123.638,89.0166,126.6314,119.9314,110.0179,149.1208,148.959,142.6874,128.6008,122.2107,166.9573,74.399,119.112,104.7956,150.0381,129.7246
2015-01-09,119.2668,87.886,126.9737,119.3009,108.5072,147.4145,146.7719,142.5576,127.2402,121.5989,166.6683,74.3357,117.4374,102.4845,149.6941,129.6742
2015-01-12,120.3968,87.9803,126.8459,119.7701,108.8518,148.8036,148.3271,142.9206,127.7495,121.552,165.8149,73.6308,117.7248,102.7162,149.8587,129.7693
2015-01-13,119.3667,86.9999,127.7737,120.6516,108.9023,148.7953,148.718,143.9248,128.1947,122.0983,166.9696,74.1511,117.6592,103.6685,149.3327,129.8123
2015-01-14,119.5759,87.1594,127.9876,121.3625,110.351,149.631,149.4752,144.2981,128.9195,122.3589,166.7218,75.3671,118.1821,101.687,149.8118,129.788
2015-01-15,121.1048,87.872,128.3234,121.6521,111.083,150.5721,150.304,144.9295,129.8586,122.7622,168.4363,74.9654,119.0568,103.2459,149.7748,129.7608
2015-01-16,118.8339,86.453,129.1535,122.1523,110.4928,150.0153,149.7837,145.6541,129.6856,122.8507,167.998,75.232,118.9424,101.6307,149.7065,129.8073
2015-01-19,119.5892,86.5046,128.9202,122.3772,110.5444,150.1864,150.8171,145.3983,130.1696,123.2282,167.3097,75.6644,120.0641,101.005,149.5727,129.7581
2015-01-20,117.61,85.5191,129.8212,123.2645,110.5051,149.9891,150.5448,145.7951,130.8016,123.9458,167.6869,76.109,119.8477,100.5938,149.0392,129.8299
2015-01-21,118.4679,86.7312,128.933,122.6821,110.5677,149.5164,151.2642,145.1499,130.6814,123.1111,168.2824,76.2407,118.2899,100.3658,149.9394,129.7521
2015-01-22,117.4937,85.8979,128.5537,122.3775,109.8073,149.7741,150.8961,144.8744,129.9662,122.8297,166.9914,76.1426,117.6819,98.8895,149.8213,129.8691
2015-01-23,119.5945,86.5921,128.486,121.8991,109.4965,150.7292,151.0289,145.2022,130.6844,123.3311,168.5746,76.9307,117.0667,101.1104,149.5384,129.8702
2015-01-26,120.3712,86.3331,128.6066,121.9881,109.3614,150.3009,150.4128,145.2772,131.6249,123.2229,169.6603,78.1342,117.3554,100.1087,149.4716,129.8354
2015-01-27,116.8515,84.5004,129.1581,123.0546,109.1046,149.2252,149.8832,145.8101,131.3246,123.4227,168.1328,76.9568,117.5089,98.8866,149.5909,129.862
2015-01-28,117.9082,83.9016,129.2718,123.1331,109.2348,148.5168,149.2693,145.4414,131.2357,123.5964,167.7905,76.3475,117.8883,100.5719,148.9138,129.8298
2015-01-29,119.7964,84.6074,128.9139,122.788,109.7846,148.9475,149.5797,144.7397,131.5192,123.9993,168.0029,75.9657,117.5306,100.8594,149.6936,129.8966
2015-01-30,118.9921,83.7058,128.5167,122.208,109.4231,148.2705,149.3856,144.2814,130.2146,123.7053,166.41,75.9569,116.5353,99.4339,149.238,129.8897
2015-02-02,120.3816,84.8022,128.267,122.4578,109.855,149.5614,150.5634,143.8568,130.8781,124.3299,166.5849,75.8438,116.8001,101.0763,149.6425,129.9881
2015-02-03,120.5385,85.2603,128.32,122.1107,110.1122,149.7102,149.7252,143.8535,130.5869,123.7757,166.2503,76.1616,115.2496,100.4509,150.6498,130.0333
2015-02-04,119.0179,85.2528,128.6774,122.0715,109.5212,149.0362,148.7278,143.8575,129.9159,123.7134,165.6019,76.6529,115.9481,100.7044,150.493,130.0695
2015-02-05,120.5466,85.408,128.6524,122.5299,110.1453,149.6736,148.5089,143.7744,131.8104,124.343,167.6257,77.49,116.6893,100.7917,150.1155,130.0874
2015-02-06,122.3091,86.4736,127.9583,121.837,110.5185,150.0468,149.0959,143.318,132.0822,124.322,167.4861,78.6041,116.0868,100.1848,149.9271,130.1384
2015-02-09,123.1906,86.5482,128.5186,122.5723,111.4731,151.6019,151.238,144.2306,132.0201,125.0794,167.2002,79.612,117.1812,100.6563,150.4725,130.1095
2015-02-10,123.8923,86.4358,128.404,121.939,112.0794,151.2259,150.6839,144.4595,131.8655,124.9913,166.9463,78.7928,116.9437,99.848,149.9908,130.0553
2015-02-11,127.5155,87.87,128.3215,122.0313,113.1193,152.1363,151.6567,144.9512,132.7094,125.1124,168.6586,78.9735,117.6733,103.2111,150.343,130.0964
2015-02-12,125.8272,86.9852,128.1948,121.7506,112.7924,150.8708,150.6216,144.8181,132.3538,125.1731,169.0464,78.2415,116.0128,103.1595,149.817,130.0951
2015-02-13,126.4497,86.195,128.9098,122.3262,113.0899,150.41,150.1794,145.3436,131.9525,125.4489,169.9883,79.1877,117.3573,105.0839,149.9674,130.1173
2015-02-16,128.1581,86.8974,128.5885,121.8082,112.8876,150.4638,150.3545,145.8284,131.1792,124.9593,169.6054,80.2362,116.9743,106.8817,150.7858,130.1398
2015-02-17,128.0103,86.6538,128.6731,122.0275,113.293,150.1372,149.7679,145.9247,131.7354,124.8654,170.0964,80.4766,115.9234,105.7322,151.5365,130.1815
2015-02-18,129.9196,87.7179,128.677,121.4414,112.9006,148.4214,148.4392,146.0218,131.5586,124.9183,169.3211,80.5271,118.2303,108.6417,151.578,130.1741
2015-02-19,129.8043,88.3057,128.6005,121.3605,113.2701,148.7413,149.0264,146.1172,131.9018,125.469,169.7942,79.396,117.8468,109.1373,151.9487,130.1136
2015-02-20,129.1731,88.6819,128.0107,121.1575,113.9384,149.1769,149.0901,146.6437,132.2521,124.6842,169.8702,78.5645,117.4723,108.2155,150.7542,130.1447
2015-02-23,130.6842,89.0324,128.2271,121.6305,114.9538,150.3322,149.8926,147.5332,133.1444,125.1726,170.6651,78.2697,118.1191,108.1068,152.2035,130.0782
2015-02-24,130.6701,89.7932,129.0306,122.3783,115.94,150.4824,149.3091,147.747,133.886,124.9556,170.3814,78.0487,119.3686,108.159,152.7024,130.1143
2015-02-25,129.9861,89.5229,128.8046,122.0202,115.414,150.0517,148.4915,147.4743,132.7093,124.9103,169.3899,78.7269,119.5648,109.4186,152.1162,130.1461
2015-02-26,132.2834,90.0326,128.908,122.2543,115.0575,150.6082,149.2763,147.7243,133.2508,125.1041,169.8291,78.9936,120.5397,111.3468,153.1341,130.1529
2015-02-27,132.4216,90.6045,128.6183,121.8586,114.2314,150.1902,149.1508,147.1747,132.4008,124.7887,169.0604,80.336,121.2746,113.2514,152.1988,130.0984
2015-03-02,134.2277,91.2947,128.7582,122.0946,114.1477,150.1553,149.1582,146.7037,133.8143,124.9446,170.6631,81.3128,121.5472,113.842,152.4303,130.0779
2015-03-03,137.3558,92.4301,127.9219,121.3376,115.0393,150.7964,149.5563,146.69,133.4257,124.7129,170.2502,81.192,122.4155,114.935,152.4887,130.1359
2015-03-04,135.6277,92.0249,127.7402,121.201,114.9835,150.958,149.3542,146.2676,133.3774,124.9599,170.1553,79.8077,121.5609,114.0456,151.8068,130.1262
2015-03-05,134.4115,91.2174,128.0458,121.4826,114.8241,149.8466,148.5875,146.6056,132.8111,125.1793,169.9826,80.3124,122.4503,114.4815,151.8996,130.1623
2015-03-06,135.0028,92.0356,127.94,121.6123,114.687,150.2075,148.9971,147.1294,132.9007,124.3936,169.5901,81.5317,124.0714,114.4099,151.9965,130.0795
2015-03-09,132.9799,91.544,127.8111,122.1409,114.2934,149.8234,149.8296,146.6479,132.8378,124.5955,168.7631,82.3616,124.9569,112.5764,151.7319,130.0152
2015-03-10,129.9979,90.1991,127.6398,122.0165,113.3159,148.6731,149.3869,146.0095,132.3035,124.0884,167.7171,82.197,122.3657,109.7435,151.2865,129.9853
2015-03-11,130.0674,91.0525,127.5575,122.1298,114.3206,149.5264,149.1754,145.7504,132.1599,124.8455,166.9413,82.8578,124.1453,110.4488,151.0001,130.0512
2015-03-12,127.5603,89.714,128.4432,122.1123,112.6263,148.3663,147.85,145.9419,131.5321,124.928,166.6091,81.6913,124.1759,110.4903,150.7671,130.0371
2015-03-13,129.688,90.3469,128.5194,122.547,113.3106,148.5832,148.5321,146.219,131.4154,124.839,166.8095,82.2534,125.1982,113.7266,151.1939,130.0465
2015-03-16,132.2991,91.6303,128.16,122.486,113.9609,148.6722,148.7061,146.5079,133.1667,124.9477,168.8755,84.1919,124.9103,113.3363,152.2084,130.0713
2015-03-17,133.1967,92.6038,127.4166,122.5104,114.6159,149.8838,149.2852,146.0628,133.9211,124.5477,169.331,83.9697,125.1838,112.8003,151.821,130.1653
2015-03-18,135.4128,92.2137,128.2707,122.8392,114.7156,149.4847,148.4658,147.0019,134.8751,125.2768,171.2678,84.9073,126.4496,114.6915,152.4928,130.1797
2015-03-19,137.465,92.3508,128.4579,122.9694,114.6989,149.35,148.798,147.0233,135.1455,125.4403,171.1356,85.3042,129.4773,114.7176,152.751,130.1756
2015-03-20,139.791,93.7959,128.6594,123.2374,115.634,150.5194,149.5089,147.6172,136.5475,125.8665,171.7354,86.2254,130.5969,115.448,153.1579,130.1705
2015-03-23,141.0468,94.0118,128.2241,123.1034,117.1659,150.4365,149.3737,147.9839,137.0337,126.2404,171.6221,87.5387,131.0408,113.7479,153.3039,130.1756
2015-03-24,141.8355,94.3316,128.0081,122.8019,117.231,149.3743,149.138,147.6661,137.3094,126.3675,172.0594,87.1078,132.579,114.1491,152.5757,130.147
2015-03-25,142.3657,94.2908,127.542,122.4303,117.243,150.0356,148.708,147.0138,137.2752,126.5505,173.0158,87.3496,131.8039,115.0785,151.6808,130.2018
2015-03-26,140.9271,93.4142,128.105,122.4524,117.4218,149.5725,147.8595,147.3507,136.3916,126.6387,171.842,87.9988,132.0906,113.6985,151.5871,130.1826
2015-03-27,141.8182,93.071,127.8573,122.338,118.4197,149.9202,147.8777,147.8376,136.7569,126.8735,172.03,87.0544,131.6802,113.3838,151.1357,130.238
2015-03-30,138.7612,91.6874,127.2267,121.7098,118.012,148.7766,146.7919,146.7742,135.1839,125.944,171.2391,86.5757,130.4002,110.769,149.488,130.2191
2015-03-31,137.6331,90.6545,126.5195,121.0705,117.9202,148.285,146.6187,146.5653,134.1635,125.2425,170.8824,85.4323,129.2539,108.8981,148.4267,130.3249
2015-04-01,138.383,91.7735,126.442,120.5589,118.0699,147.492,145.7715,147.2978,135.2426,125.5147,173.5077,85.0842,127.4231,110.5504,149.2655,130.3578
2015-04-02,135.949,91.0495,126.7476,120.9161,118.0756,148.0869,145.7027,147.0731,135.5548,125.934,175.7529,84.0688,126.2034,110.1466,148.6861,130.3847
2015-04-03,135.7523,90.846,126.8347,120.6917,117.0178,148.1943,145.3578,147.1166,135.5311,125.8736,176.5017,83.0553,126.37,110.727,148.8234,130.4443
2015-04-06,135.0845,90.9421,126.6736,120.3083,116.1963,148.1485,145.0624,147.5031,135.179,125.7889,177.4114,84.0335,125.9542,110.5952,149.3242,130.4793
2015-04-07,134.2879,91.2265,126.6848,120.2627,116.2311,149.1977,145.208,147.3721,135.092,125.6173,177.1475,82.3315,123.8524,112.2192,148.7518,130.4275
2015-04-08,136.4511,92.5642,126.6177,120.3882,117.6136,150.8608,146.1936,147.7455,135.6548,125.5031,176.9482,82.9604,124.7232,112.7363,148.507,130.4532
2015-04-09,134.4895,91.2111,126.4089,120.3423,117.0814,151.0176,145.6584,147.62,134.6623,125.0572,174.5465,82.91,124.333,111.3114,147.2072,130.4859
2015-04-10,132.2722,91.3963,126.6805,120.2943,116.4259,150.3962,145.5886,146.9796,133.7167,124.6129,174.0499,82.1188,123.6887,111.6183,147.012,130.4306
2015-04-13,131.7048,91.672,126.8649,120.5696,117.1573,150.5091,145.2921,146.9558,134.2944,124.3248,174.7505,81.6976,122.1506,111.4998,147.044,130.4129
2015-04-14,133.2624,94.2649,127.2569,121.1696,118.6535,151.676,146.246,147.3756,135.4711,124.7768,177.7593,82.4275,123.8119,114.6605,148.0813,130.3677
2015-04-15,136.4627,95.7802,126.7253,120.825,119.7779,151.4539,145.8957,146.9045,135.8892,124.7002,178.4651,81.9948,125.6097,117.524,147.6584,130.4107
2015-04-16,134.7046,94.4473,126.3468,119.9315,118.0927,149.6819,144.1818,145.8715,134.5776,123.8198,177.3816,82.2197,123.6086,115.7166,147.0285,130.361
2015-04-17,134.9298,94.6402,126.1995,119.7618,118.595,149.1631,143.9598,146.1282,135.3111,123.8892,178.3725,82.3118,122.9848,114.1632,147.4287,130.355
2015-04-20,136.1398,97.107,126.6162,119.5419,119.3839,149.5689,144.3509,146.8781,134.9529,123.8713,181.5852,81.9882,123.7069,118.306,149.0225,130.382
2015-04-21,137.1786,98.4971,126.8592,119.7795,120.6041,150.3609,145.4642,147.0026,135.3521,124.3959,182.4191,82.1817,123.6637,120.6717,148.7789,130.3985
2015-04-22,135.5275,97.4098,127.0323,120.2571,120.1707,150.0767,145.516,146.8598,134.8913,124.5167,181.6849,81.543,124.0572,121.0101,148.281,130.4489
2015-04-23,133.7737,95.4556,127.0559,120.2728,118.9064,149.9651,144.8027,146.5247,133.3688,123.9425,181.8294,81.4198,123.2734,120.6793,148.3324,130.5491
2015-04-24,133.4466,95.8281,127.7865,120.7141,119.1438,150.6415,145.5181,147.7101,133.5975,124.026,183.785,81.8315,123.6717,122.3915,148.3341,130.5958
2015-04-27,132.5427,95.1806,127.293,120.4691,119.1719,151.958,146.0304,146.9645,132.1363,123.6934,180.599,81.901,122.7165,120.7189,147.5965,130.6488
2015-04-28,132.2276,95.4389,127.6957,120.9344,120.2777,152.1592,146.159,146.9372,132.4765,124.3831,181.2054,81.178,122.7384,121.2301,148.1119,130.7392
2015-04-29,134.5624,95.686,127.2492,120.4875,120.3756,152.3143,145.7979,146.8076,132.1235,124.2929,179.9384,82.1434,122.869,122.6804,148.0579,130.6538
2015-04-30,134.1148,95.796,127.1678,120.0029,120.1576,151.422,145.1324,146.8612,132.1951,124.298,179.265,81.8732,121.6017,121.6011,148.2774,130.6993
2015-05-01,136.447,97.7973,127.2525,119.617,120.1892,151.5265,144.9316,146.9252,132.9851,124.017,180.654,83.1687,121.8754,123.9131,148.1965,130.7495
2015-05-04,138.0361,98.477,127.0924,119.3251,120.6779,151.7875,145.0434,147.4004,132.8737,123.8638,180.1972,84.3111,122.8574,124.612,147.765,130.7271
2015-05-05,139.0243,98.6806,126.8925,118.5274,119.8965,151.3397,144.6135,147.7882,133.3463,123.5054,179.2388,83.8418,123.0462,122.5946,147.5007,130.6866
2015-05-06,137.5155,97.715,126.9929,118.6981,120.0842,150.458,144.2077,147.3084,132.1391,123.3548,179.3556,83.3403,123.6454,122.3515,147.4974,130.8263
2015-05-07,139.9569,97.7226,126.5916,118.6606,120.6658,150.9638,144.3252,146.5355,132.8799,123.54,180.0617,82.6154,122.7475,123.5812,147.2347,130.8174
2015-05-08,140.0786,97.688,126.311,118.5282,120.5445,151.0051,144.7059,146.4097,133.3881,123.8613,180.9887,82.7396,122.4605,122.1435,147.6541,130.823
2015-05-11,141.3175,98.0846,125.8315,117.6704,119.8089,149.2232,142.896,145.3744,132.9238,123.2665,180.6296,82.3779,123.3568,122.937,147.5328,130.7695
2015-05-12,143.4452,99.1406,125.0624,117.5431,120.7569,149.3751,142.8397,144.4384,133.6693,123.7272,179.9866,82.8724,123.2686,123.551,147.617,130.9001
2015-05-13,139.7713,97.145,124.9713,117.441,120.1782,147.9303,142.0139,143.6255,132.1695,123.9727,178.6483,82.5674,122.2876,121.3378,147.1064,130.9038
2015-05-14,138.2916,95.9544,125.5569,117.709,118.9425,147.8398,142.5224,143.9539,131.3045,124.2124,178.814,83.4973,122.3545,121.8,147.0909,130.942
2015-05-15,138.5105,95.6863,125.4786,117.5659,118.5753,148.5955,141.9305,143.8018,130.7984,123.7478,178.2238,82.148,123.594,122.496,146.5825,131.0454
2015-05-18,141.0657,97.2021,125.2339,117.2994,119.6942,149.2671,142.5315,143.7155,131.3992,123.915,179.5229,81.4508,123.8533,124.1005,146.8815,131.0181
2015-05-19,139.8314,97.3606,124.5652,116.1776,118.6726,148.773,141.9111,142.8822,130.1955,123.3662,178.4042,81.6495,123.0789,121.5164,146.7413,131.0842
2015-05-20,140.1984,97.6629,124.9117,116.7502,119.4094,149.2384,142.3921,142.6675,130.7605,123.822,179.0669,81.4636,122.9914,122.2747,147.2339,131.1337
2015-05-21,141.6943,97.8438,124.8278,116.8352,120.2223,149.4565,142.7729,142.4197,131.0095,124.0655,179.1355,82.0063,122.883,122.9282,147.0583,131.1008
2015-05-22,143.1943,98.9535,124.9688,117.468,121.5293,150.8045,143.8236,143.2765,132.263,124.1999,180.5053,81.4925,124.9439,123.1884,147.6104,131.1992
2015-05-25,142.9781,99.5547,124.7323,117.5616,123.0715,151.3468,144.8424,143.2325,132.7182,124.2013,181.783,82.1513,123.5241,122.2999,146.7326,131.2116
2015-05-26,145.3145,101.6093,124.2469,117.6012,124.5112,153.043,146.3936,143.3265,134.0442,124.6592,182.0372,82.7098,123.333,121.7128,147.6046,131.2886
2015-05-27,141.7495,99.7097,124.1973,117.3717,122.488,150.8141,145.3702,142.3826,132.8883,124.4317,181.217,84.0495,121.3192,119.4737,147.4332,131.253
2015-05-28,142.9449,100.7723,124.0296,117.1137,122.7994,150.8008,145.5551,142.943,132.7229,124.3681,182.1198,85.0488,121.0625,121.2172,148.1344,131.3392
2015-05-29,141.6602,100.138,124.4749,117.5894,123.9176,150.2356,145.7013,142.9658,132.1365,124.9968,180.1824,84.1867,120.9746,120.7857,148.36,131.4439
2015-06-01,139.9661,100.1667,124.802,117.4822,123.6446,149.3167,144.8286,143.8187,131.9982,124.8215,180.5035,86.4353,121.5159,119.2216,148.1856,131.4471
2015-06-02,139.076,99.6107,124.724,117.4076,122.9388,149.5188,144.4056,143.6539,131.4429,124.6539,179.8443,87.1856,120.402,119.2538,148.3302,131.4517
2015-06-03,136.7527,97.6852,123.9461,116.546,121.2957,148.7998,143.1731,142.781,129.6186,124.4023,177.7084,87.0309,118.7903,118.648,146.7403,131.4708
2015-06-04,136.4532,96.6808,124.2482,116.8125,121.9114,148.5235,143.0401,142.4637,128.5116,124.8516,176.5463,86.0978,119.489,119.4354,146.9395,131.4912
2015-06-05,136.5995,96.1061,124.0234,116.8708,122.8405,149.1118,142.5015,142.2579,128.5867,125.584,176.095,86.1551,118.1385,119.3888,147.097,131.5407
2015-06-08,134.8867,95.915,125.0087,117.5699,122.7279,148.5343,141.6998,142.8013,128.8745,126.0944,176.9659,86.0238,119.0286,121.5773,146.8546,131.5309
2015-06-09,136.4138,96.4987,125.1381,117.5676,123.4426,147.9449,141.4799,143.042,129.5525,125.7953,177.9394,86.1801,119.9538,121.8516,146.6241,131.5695
2015-06-10,137.3598,96.6887,125.0076,117.9448,124.5243,150.2828,142.424,143.2953,130.2215,125.9262,177.254,86.7514,119.905,120.3797,146.497,131.5562
2015-06-11,137.8115,96.5687,124.4218,117.7149,125.3305,150.2245,141.9029,143.1547,130.4735,125.5592,175.8054,85.8767,119.3263,119.1634,145.9852,131.5257
2015-06-12,136.8864,95.2404,124.6115,118.0597,125.0488,149.8231,140.815,143.06,130.3619,125.6821,175.56,85.218,118.0282,120.5253,145.7437,131.5311
2015-06-15,136.0052,94.5356,124.7393,117.9391,124.8002,149.6265,140.3171,142.9469,129.9515,125.7546,175.9662,85.634,116.8715,120.5263,145.3407,131.5708
2015-06-16,137.8133,95.7755,124.2723,117.9247,126.4392,150.0002,140.734,143.1884,130.8878,125.9974,176.2966,85.5868,117.8137,120.9723,144.9479,131.598
2015-06-17,135.4705,93.8905,124.8931,118.7104,125.8815,149.9293,141.2349,143.4762,130.8914,126.3958,174.7965,85.1289,116.8094,119.2148,144.8789,131.6011
2015-06-18,135.2469,93.358,124.8827,118.8191,125.3992,150.0227,141.5788,143.2176,130.7402,126.1124,173.3424,84.5756,118.1456,117.4087,144.5631,131.632
2015-06-19,137.3547,94.9065,125.4609,119.2219,125.2717,151.5868,142.537,143.5376,132.1605,126.5251,176.0559,84.5557,120.0629,120.5908,144.452,131.6996
2015-06-22,137.2363,94.2185,125.2543,118.9537,124.2485,149.5352,140.7287,142.3433,132.0301,125.6535,177.0846,84.1559,118.9382,121.5989,144.0317,131.7413
2015-06-23,140.1193,95.3912,125.7994,119.7151,126.1714,149.8866,141.7689,142.8623,132.8507,125.8791,178.0883,84.6039,120.0716,124.5829,144.427,131.776
2015-06-24,138.7973,95.006,126.2984,120.781,126.4216,150.8944,143.2314,142.9214,132.8579,126.5442,177.5227,84.407,121.6155,124.7271,144.5438,131.7226
2015-06-25,138.9641,94.6391,126.1158,121.222,126.7757,150.6589,143.0615,142.5926,132.9457,126.5442,176.3549,85.3238,122.7075,124.2113,144.3811,131.7359
2015-06-26,142.5522,96.3326,126.6539,121.4798,127.5043,150.4258,143.5057,143.1528,134.1415,126.6638,178.9272,87.0906,125.6514,126.2115,145.1529,131.7945
2015-06-29,140.3461,96.2013,126.4825,121.3632,127.2009,150.9031,143.9604,142.9861,133.3267,126.0673,177.7649,86.9365,125.6187,123.7687,144.7179,131.7688
2015-06-30,136.8494,93.9375,126.4678,120.9327,125.0817,149.479,142.6,143.1202,131.9276,125.9692,175.5248,86.9703,124.1855,121.5133,144.4215,131.7805
2015-07-01,134.878,93.3597,127.1553,120.8295,122.8153,148.8703,142.0757,143.2157,131.1484,125.9063,175.9475,87.2372,124.1366,122.2394,144.8109,131.7884
2015-07-02,134.5825,92.8575,127.3488,120.5199,122.153,149.4013,142.2987,143.4211,130.3709,125.7783,174.9022,87.557,124.186,120.7116,144.9014,131.8225
2015-07-03,135.8242,93.7639,127.7772,120.4332,122.6736,150.3471,142.3341,144.6074,130.8855,125.7505,176.3217,89.2689,124.7701,120.6399,145.4092,131.8938
2015-07-06,133.9948,93.8893,128.3849,120.6895,122.2483,149.8932,141.4682,144.7644,130.2687,125.5076,176.9669,89.7998,124.8841,121.6817,145.9579,131.8775
2015-07-07,134.3451,94.551,128.4446,120.9421,123.7141,150.9154,141.7061,145.31,131.0632,125.7612,176.8819,89.4844,125.1874,120.9756,145.8739,131.8652
2015-07-08,132.6468,93.5098,128.5219,120.6967,122.8442,149.8021,140.6739,145.1047,130.1554,125.8425,176.0425,88.8985,123.9832,121.2965,145.8351,131.8923
2015-07-09,137.1577,95.2632,127.8342,120.223,124.3803,151.1005,141.4099,145.5555,130.9857,125.7629,175.7863,89.6918,124.0754,122.5378,146.2242,131.9543
2015-07-10,138.0151,95.3304,127.5631,119.6538,123.7366,149.6987,140.7199,145.1274,131.3528,125.5141,177.8934,90.3677,124.9737,121.3951,146.2184,131.9447
2015-07-13,136.9058,95.7428,127.1064,119.1614,124.0656,149.1997,140.5349,145.4614,131.0134,125.5412,179.0332,89.9574,124.6264,121.6875,145.7734,132.0203
2015-07-14,135.094,94.7542,127.6567,120.0061,124.6132,149.7667,141.0223,145.8881,131.1345,126.3598,178.1174,90.2713,122.767,121.9274,145.7041,131.9918
2015-07-15,138.0221,95.6022,127.5002,120.0019,125.7063,150.3807,140.7993,146.4962,131.1955,126.3154,178.2481,89.8092,123.7006,124.9499,146.7318,132.0356
2015-07-16,135.06,94.2409,128.4332,120.795,125.1941,149.695,141.3165,147.1388,130.6106,126.7091,177.9931,89.9076,123.4266,125.0425,146.5968,132.0878
2015-07-17,133.942,93.7677,128.0254,120.3307,124.4542,149.0291,141.1629,146.8871,130.1777,126.0292,177.6776,89.5585,122.2371,123.918,145.6944,132.0335
2015-07-20,132.7413,92.7822,128.1665,120.6808,124.6817,148.736,140.4154,146.9526,129.9305,125.6439,175.0212,90.5462,122.1886,121.0126,145.6725,132.0671
2015-07-21,134.4477,93.8538,128.3854,121.1278,126.2499,150.0122,141.1455,147.5504,129.8161,126.1569,175.2745,92.5324,123.8242,122.8087,146.5866,131.9378
2015-07-22,134.9125,93.9529,128.5153,121.4181,127.9599,150.7321,141.0379,148.1276,130.9306,126.8724,175.605,92.489,123.2909,120.7991,147.3465,131.9565
2015-07-23,135.0465,94.2218,128.8093,121.7115,127.5829,151.0283,141.6404,148.3346,131.6322,127.4499,176.8095,92.8845,125.6138,120.3696,147.4175,132.0844
2015-07-24,133.158,94.1046,129.6017,122.0045,127.1362,150.7279,141.3292,148.7861,131.8908,127.5082,177.0341,92.798,127.0843,118.5243,147.3436,132.0711
2015-07-27,134.8371,95.0171,130.1899,122.12,127.8102,150.4679,141.6864,149.8677,133.1417,128.0998,178.7975,92.3818,128.1606,120.0942,147.5905,132.0873
2015-07-28,136.2343,95.3231,129.7839,121.5949,128.449,150.3464,141.4568,149.8188,133.295,127.8142,178.497,92.1733,127.3293,119.4061,147.4263,132.1298
2015-07-29,134.1899,93.9033,129.6608,121.3301,126.7138,149.997,140.8288,149.5604,133.2282,127.8786,178.1514,91.365,125.725,118.3885,146.4608,132.2015
2015-07-30,133.8271,94.1185,130.0704,121.7491,126.1977,149.7755,140.9937,149.2986,133.3377,128.2099,178.0941,92.3296,126.3661,118.7074,147.2318,132.2972
2015-07-31,131.7236,92.2544,130.7071,122.3033,125.2317,148.9922,141.2356,149.8175,132.7666,127.9309,176.4191,92.0364,125.2466,117.5647,147.0138,132.3969
2015-08-03,130.6666,91.4683,131.0745,122.8506,124.7712,149.1228,141.2886,149.4383,131.9447,128.0768,175.5284,93.0188,126.3376,119.1497,146.0066,132.4291
2015-08-04,132.7107,92.3905,131.1142,122.8932,125.1562,149.8338,141.8111,150.0603,131.9661,127.6076,175.2736,94.0552,127.0681,120.9299,146.2928,132.4106
2015-08-05,131.566,92.6991,131.979,123.6453,125.792,150.4323,142.5168,150.6176,132.8439,127.5086,175.5428,93.5709,126.3799,120.935,145.5487,132.4826
2015-08-06,130.9076,91.4825,132.2566,123.6294,125.8049,149.6467,142.0797,150.5604,131.0895,127.2396,172.7337,93.6002,127.7046,120.5639,145.0151,132.5115
2015-08-07,130.888,91.7023,132.1972,123.5236,126.034,149.2633,141.2066,150.2067,131.8871,127.0479,173.8854,93.3763,127.7858,119.6463,144.5834,132.5921
2015-08-10,129.2428,91.6754,131.9855,123.2001,126.6249,147.4683,140.1526,148.9072,130.2683,126.7486,172.2002,93.4306,127.6807,118.6367,144.7283,132.61
2015-08-11,130.4819,92.4277,132.1906,123.1963,127.0823,147.023,140.2609,148.7957,130.0899,126.837,174.1214,93.062,128.7972,120.5278,145.824,132.575
2015-08-12,128.6339,90.8752,132.284,123.1363,125.1461,146.1749,139.8685,148.3988,129.7705,126.9775,174.1374,92.8451,127.3168,118.9657,146.3056,132.6048
2015-08-13,128.5602,91.0902,132.4784,123.0121,124.0899,146.1565,139.8209,148.5885,129.8122,126.8943,174.2919,94.9222,127.8282,119.3771,145.8371,132.4956
2015-08-14,129.1988,91.0472,131.8813,122.5844,124.5326,146.7387,139.3527,147.79,129.2374,126.6176,173.6121,94.9262,126.1821,118.8127,146.1783,132.4987
2015-08-17,127.4462,90.7696,130.7529,121.8586,123.5227,146.469,139.5985,146.5721,128.1859,126.2087,171.9051,94.9116,125.3876,115.9279,145.7816,132.5197
2015-08-18,129.0124,90.5489,131.4024,123.0591,125.3232,147.5484,140.715,147.0783,128.9598,126.8941,173.5722,94.2877,125.0604,118.1122,146.8247,132.6317
2015-08-19,131.0601,92.6488,132.2102,123.6195,126.8098,147.6701,141.2994,147.3896,129.3541,126.9383,175.2655,94.9637,126.72,122.9557,147.0374,132.6312
2015-08-20,129.7775,91.7311,131.0749,122.8761,125.9747,147.6643,141.1183,146.175,129.0956,126.7527,173.0573,94.6301,124.8112,119.2268,145.7864,132.6554
2015-08-21,130.3848,91.8848,131.5903,123.1684,126.3638,147.9679,142.1364,147.1173,128.9922,127.1374,173.0679,94.0865,126.8564,119.905,146.1623,132.6981
2015-08-24,128.9646,91.005,131.9398,123.5289,125.6865,147.1344,141.8151,146.8774,129.3796,127.449,173.1544,94.2218,126.3539,117.867,146.8099,132.703
2015-08-25,128.0151,90.5738,131.8626,123.5298,127.0327,147.5408,141.1344,147.1508,129.152,127.2538,171.8544,94.7129,125.635,115.9689,145.9093,132.6467
2015-08-26,130.397,92.7249,131.254,123.3747,128.2084,149.331,143.6064,147.7081,130.173,127.6899,172.2766,94.9397,125.1433,116.6781,146.6257,132.6261
2015-08-27,130.1611,92.9328,130.964,123.8798,129.3701,150.5226,144.6913,147.54,130.329,127.8433,172.5937,93.3975,126.3787,116.4553,146.5122,132.6359
2015-08-28,130.3862,93.1164,130.9006,124.941,129.8969,151.6754,146.7586,147.3967,130.9207,127.9819,173.1552,93.9357,127.547,117.1766,146.2417,132.6782
2015-08-31,129.1104,91.694,130.591,124.7624,128.409,151.9064,147.6693,147.4196,130.3171,128.1444,172.1614,93.1707,127.1252,115.642,145.8725,132.7059
2015-09-01,128.8214,91.9605,131.0657,124.9225,128.0768,152.8496,147.9036,147.2258,129.4952,128.8032,173.4455,92.4508,127.9735,118.3726,146.817,132.7414
2015-09-02,126.9295,91.0966,130.8447,124.6369,127.7491,152.1567,148.0413,147.0295,129.5445,129.1032,172.308,93.0715,128.5349,113.8109,145.7775,132.7627
2015-09-03,128.4679,91.011,130.5172,124.1225,127.6877,151.3188,146.974,146.5054,129.5226,129.4477,172.8722,93.1803,128.5598,115.2885,145.701,132.7577
2015-09-04,129.1669,91.605,132.0638,125.2956,128.6825,152.1807,148.1785,147.9704,130.336,130.244,174.5198,92.6496,129.763,118.7122,146.3385,132.8283
2015-09-07,129.1678,91.3949,132.1758,125.4961,127.3651,151.4258,147.8078,147.5384,130.2501,130.2561,175.1452,92.6634,130.7753,120.3875,146.9274,132.8436
2015-09-08,128.505,90.1387,133.1766,126.0838,126.9842,151.8364,147.9408,149.1197,130.4128,130.8372,174.5868,90.9688,131.625,120.7456,147.3504,132.81
2015-09-09,128.3244,89.8169,133.5226,126.2287,126.4687,152.6344,148.6101,150.0714,130.8067,130.7649,175.6612,91.3326,132.261,119.5469,147.3395,132.8847
2015-09-10,129.4925,90.6049,133.7428,126.4726,127.7577,153.6363,148.9286,150.5503,131.3026,131.3077,176.3135,91.2529,131.7062,121.1332,148.0735,132.947
2015-09-11,125.6676,88.8676,133.5029,126.5717,126.6745,153.2012,148.4582,150.3279,131.0073,131.0601,174.4061,91.2543,130.3646,117.8529,145.9862,132.9843
2015-09-14,125.7746,88.8833,133.7606,126.5296,127.5268,153.1235,148.7307,150.5789,130.8466,131.442,173.5821,92.0975,129.764,117.1145,145.8964,132.9918
2015-09-15,125.8772,89.5747,134.0511,126.5869,126.6011,153.2085,149.246,150.7781,131.4809,131.5876,173.9614,91.6721,129.9251,117.956,146.3635,132.979
2015-09-16,123.2567,89.1776,133.5695,126.7118,126.2067,153.9773,149.5107,149.8439,131.0281,132.1746,172.5599,91.7259,129.7328,115.9865,145.7792,133.0956
2015-09-17,124.458,90.4374,132.8704,125.5418,124.118,153.5119,148.9401,149.0436,131.3439,131.479,175.4906,91.0053,129.779,116.8226,146.6555,133.1401
2015-09-18,126.1679,91.9895,132.8028,125.5398,124.3446,153.729,149.2133,149.0604,131.7321,130.828,175.9518,90.6374,130.2443,118.6125,147.6774,133.2085
2015-09-21,123.3595,90.8926,134.0344,126.9874,124.8045,153.088,148.6537,149.8175,131.7248,131.7445,176.85,91.8928,130.8376,119.6501,148.0803,133.2994
2015-09-22,122.8616,90.7677,134.1449,127.2443,125.359,153.8656,148.695,149.6353,131.5968,131.9351,176.995,91.8447,131.0556,119.0385,148.1582,133.3469
2015-09-23,126.4828,92.4004,134.0388,127.6019,128.0081,155.6899,150.0062,150.5713,133.0834,133.2206,178.2522,92.9672,131.0881,122.6011,148.2204,133.3723
2015-09-24,128.8576,93.5984,133.9282,127.4093,128.5261,156.9367,150.6882,150.723,132.9923,133.4854,178.7635,92.405,132.9887,123.9151,149.7885,133.3758
2015-09-25,127.0521,93.5389,133.8582,127.4965,128.1657,156.2577,150.4182,150.1721,132.8734,133.2452,178.5579,92.4627,132.7568,122.7586,149.3813,133.4833
2015-09-28,127.8805,93.9714,133.8585,127.785,128.9305,156.6607,149.5142,150.0871,133.0603,133.6972,180.1524,93.9524,134.6943,123.6854,150.3073,133.5227
2015-09-29,127.7011,94.4957,133.881,127.826,129.3003,155.7704,149.6699,149.5823,133.4114,134.2108,180.0237,93.9216,134.7639,124.0516,149.9697,133.613
2015-09-30,128.7485,94.7231,134.1906,128.2453,130.4637,156.4786,149.7679,150.077,134.3688,134.4235,181.313,93.5511,135.4874,124.3623,149.9309,133.5672
2015-10-01,130.1852,94.8232,134.5844,127.9839,130.2661,156.9992,150.2039,151.3454,135.0198,134.2311,182.4513,92.7883,135.8956,124.0476,150.1288,133.5759
2015-10-02,127.9809,93.5523,134.8916,127.7393,129.4771,155.0668,149.2398,151.4557,133.6997,134.1476,181.6717,92.5856,136.375,123.3069,149.6392,133.5725
2015-10-05,129.4028,94.0969,134.8374,127.7074,130.9061,155.5811,149.5932,151.4815,133.4614,134.4237,183.3824,91.9167,138.4208,124.3441,149.9525,133.6147
2015-10-06,127.5749,93.694,134.3136,126.8369,129.3827,154.2846,149.1919,150.7137,131.9899,134.4111,182.0404,92.9517,137.9843,123.1046,149.4933,133.7052
2015-10-07,128.2928,94.5677,134.0927,126.5388,130.5874,153.863,149.1682,150.3539,132.054,134.3008,180.3944,92.69,137.9103,122.1098,149.2684,133.7237
2015-10-08,127.5341,94.2919,133.6505,126.1143,130.3224,153.5104,149.0528,149.8625,131.7995,134.6996,179.6702,93.1454,136.9865,120.4807,149.1599,133.6254
2015-10-09,127.861,94.4507,134.1135,126.4758,129.9678,153.1324,149.2587,150.5286,132.5283,134.6469,180.8968,94.001,137.1077,122.2385,148.6783,133.5945
2015-10-12,129.5323,94.8155,134.4196,127.0213,131.3236,153.8941,149.5142,150.6738,133.5919,135.6411,181.1543,95.3104,137.7102,122.8702,148.9041,133.5743
2015-10-13,127.313,94.3361,134.8273,127.2067,130.0978,154.271,149.8869,151.1657,133.3197,135.1699,182.3648,95.6678,138.3454,121.182,148.7788,133.664
2015-10-14,126.284,94.0085,135.7197,127.7363,129.67,154.2252,149.8259,151.8253,133.7808,135.518,182.5135,96.3151,138.3865,119.8335,149.9066,133.6354
2015-10-15,126.3055,93.7465,135.2276,127.4333,128.8719,155.0179,150.4799,151.7073,133.5584,135.1291,181.32,96.3413,138.5082,119.0772,148.8703,133.7138
2015-10-16,125.0441,92.8718,136.5624,128.3655,129.1393,154.0302,149.6742,152.6065,133.502,135.9575,181.6293,96.3522,140.6961,119.598,149.7454,133.7629
2015-10-19,124.0662,92.3358,135.9981,127.7298,127.6473,153.3816,148.7504,151.8293,133.19,135.8091,181.0421,96.4563,139.5948,118.1931,149.6385,133.7986
2015-10-20,119.5988,90.2018,135.6688,127.9475,127.008,153.672,149.4171,151.9337,133.105,136.0316,178.5792,96.6663,138.2701,110.483,148.7881,133.8533
2015-10-21,122.9593,91.9868,135.4834,128.5894,129.7327,155.1751,150.932,152.2941,134.8683,136.4729,180.5141,96.471,137.9905,112.8632,149.6124,133.9329
2015-10-22,122.9781,92.2821,134.9404,128.0767,127.9929,154.2373,150.4292,151.927,135.3444,136.166,182.0385,97.241,137.7496,112.4468,150.2468,133.9496
2015-10-23,121.8735,91.9382,134.9235,128.1008,128.7644,155.2028,150.9563,152.9281,135.0805,136.2501,182.0423,96.5792,136.2883,111.8778,149.906,134.026
2015-10-26,120.5256,90.5161,134.16,127.3805,127.6062,154.3681,149.745,151.9438,134.1944,136.0265,179.9118,96.1872,134.3355,109.6184,149.3743,134.1134
2015-10-27,120.1653,89.9538,133.8701,127.4162,127.8236,154.2643,149.912,151.7963,133.851,136.213,180.1749,96.5375,133.5167,109.9114,148.9061,134.068
2015-10-28,116.516,88.6293,133.5378,126.9899,127.0963,153.7909,149.0605,150.4565,132.8411,136.1577,179.4403,94.4833,129.9831,107.4669,148.2,133.936
2015-10-29,115.3511,88.2601,134.2234,127.751,126.3909,153.9487,149.5978,150.7727,133.9914,136.6305,179.8693,92.979,130.0683,106.6925,148.727,133.9762
2015-10-30,113.5216,87.8613,133.8995,127.5995,125.2944,153.5341,149.0847,149.7633,133.6115,136.1761,180.2477,91.6291,130.2242,104.6758,149.0629,133.9922
2015-11-02,115.2863,88.5584,133.8887,128.1185,126.6894,155.1769,149.5232,150.0907,134.9746,136.0502,180.1008,92.1843,130.5572,104.8766,148.7017,133.9535
2015-11-03,115.7229,89.1459,134.8927,128.9353,126.9561,155.7027,149.599,150.6434,135.281,136.1619,180.7713,91.7897,132.0587,106.5866,150.0704,134.0345
2015-11-04,112.9,88.4494,134.8819,128.5003,125.9714,154.2784,148.1199,150.0943,133.8539,136.1776,179.2779,92.0509,132.3424,104.8006,149.9236,134.0761
2015-11-05,112.2678,87.6713,134.3346,127.2586,125.5024,153.246,147.1154,149.8961,132.1428,135.4122,177.4575,93.6741,130.5892,102.3268,149.339,134.1314
2015-11-06,109.4746,87.1818,135.221,127.6036,124.6999,153.3542,147.3474,150.6058,131.3391,135.7061,176.3953,93.8824,130.6607,101.1677,149.7186,134.1277
2015-11-09,109.8009,87.209,134.9557,127.5078,125.4395,152.7717,146.6269,150.5026,132.3292,136.031,176.8238,93.2688,130.2789,99.7667,150.0797,134.1438
2015-11-10,110.4478,87.4698,135.1314,128.1323,126.1115,153.8676,147.3037,151.2047,133.1429,136.9226,176.8995,92.2797,132.6363,101.1235,149.9132,134.1869
2015-11-11,110.7617,85.738,135.0354,128.2118,126.5725,154.0835,147.0908,151.0019,133.357,137.7546,176.348,93.2015,132.278,99.606,148.6152,134.1826
2015-11-12,109.9322,84.9917,135.4078,127.9119,125.7249,153.5018,145.6528,151.3692,132.6949,136.8791,176.72,93.8948,131.7605,98.8827,148.5717,134.2009
2015-11-13,108.2198,83.7213,135.0505,127.3319,124.6573,151.6841,143.8657,150.8932,131.8232,136.122,175.5608,91.8203,130.8115,97.6197,148.0985,134.2064
2015-11-16,108.3041,82.4859,135.3942,127.7406,123.6322,151.5724,144.2347,151.1266,131.5313,136.3282,174.7942,92.0591,131.5112,98.7882,147.3562,134.1728
2015-11-17,109.5235,82.9104,135.1107,127.0441,123.031,150.4501,143.1736,149.8948,131.2612,136.109,175.4104,92.8378,131.3001,98.7054,148.4029,134.2067
2015-11-18,110.7692,83.2638,135.9229,127.367,122.8415,151.0204,144.2772,150.8913,131.4318,136.4774,177.9198,91.9464,132.9676,102.2997,148.3107,134.1615
2015-11-19,107.7383,82.4381,136.122,127.6166,122.9648,151.1245,144.945,151.3227,130.4706,136.0631,176.5981,91.4474,132.5448,100.8265,146.3381,134.1908
2015-11-20,106.4091,82.1216,136.4758,128.0351,123.3159,152.0947,146.2512,152.0604,130.4041,136.3247,176.1034,91.2296,131.5958,99.1509,146.7053,134.2048
2015-11-23,105.6147,81.4865,136.7758,128.6488,122.8925,152.0335,146.5899,151.7118,130.116,135.9765,177.0385,91.6094,131.3213,98.2518,147.849,134.2255
2015-11-24,104.8779,81.2647,136.3473,128.5499,122.6635,151.7894,146.7314,151.2678,129.6198,135.7353,175.895,91.8199,128.9973,97.8161,148.0626,134.2669
2015-11-25,104.1423,80.4178,135.5511,127.9588,121.8773,150.8708,146.3981,150.9912,128.621,135.2642,173.89,90.3904,128.5391,96.9065,147.7094,134.299
2015-11-26,102.8804,80.2901,136.0041,128.2388,121.4147,149.9403,145.8106,150.9547,128.9595,134.843,174.7863,90.9913,129.1935,95.3429,147.7704,134.3052
2015-11-27,105.1778,80.5899,135.9921,128.345,122.8842,150.7738,146.7702,151.559,129.6677,135.286,174.563,89.9647,130.548,94.9325,148.6927,134.2197
2015-11-30,104.3894,80.3742,135.6232,128.3363,122.4394,150.0794,146.6328,150.2759,129.2475,135.0097,173.2446,90.6892,130.3737,94.2346,147.9019,134.175
2015-12-01,103.4445,80.5941,135.5147,128.1732,122.0789,149.6957,146.0457,149.5627,129.1088,134.3123,174.5328,90.5977,128.5188,93.7549,148.4008,134.1275
2015-12-02,104.4796,81.0743,135.6905,128.3659,122.1505,149.8291,145.8338,149.7308,129.2219,134.1106,174.8034,91.2513,128.8036,95.9578,148.5659,134.1019
2015-12-03,102.1411,79.8246,135.6299,127.8518,121.4088,148.2424,144.3993,149.178,127.7689,133.6396,173.3529,91.1182,127.4133,94.0087,147.9967,134.1386
2015-12-04,103.7594,80.3544,135.6042,128.0735,122.4159,149.2154,144.9432,149.6049,128.38,134.0885,173.0758,91.1464,128.7899,94.8916,148.0705,134.0766
2015-12-07,103.4598,80.0022,136.0837,128.2979,122.4475,149.8988,145.6505,150.3446,128.7268,134.5551,173.7969,91.2899,127.7817,95.3133,147.5411,133.9585
2015-12-08,101.9824,79.3478,137.0851,128.646,122.1044,149.8131,145.1494,151.1308,128.2564,134.4494,172.8402,90.5611,129.5094,94.0006,147.5643,134.1005
2015-12-09,101.6304,78.6483,137.6269,128.9313,121.7834,149.8524,145.0991,151.9305,128.7482,134.8515,172.8787,90.433,129.7669,94.076,146.8063,134.1309
2015-12-10,100.3506,78.8153,137.4759,128.1958,119.7984,148.1761,144.3424,151.2337,128.3229,134.3775,173.1965,91.5901,130.1074,93.1621,146.3226,134.1256
2015-12-11,99.2418,78.589,137.6282,128.0613,120.3713,148.4315,144.047,151.4964,127.1761,134.2262,171.2123,89.7478,129.2752,93.9622,145.5486,134.1465
2015-12-14,99.1277,78.5385,137.4996,127.5363,119.7085,148.953,144.4266,151.6766,126.9865,134.3314,171.1268,89.1176,127.4081,94.097,145.4737,134.1785
2015-12-15,97.5541,78.1953,137.3018,127.4787,118.8638,148.7208,144.0667,151.3009,126.8941,134.1055,171.311,88.7138,125.8657,92.6886,146.0364,134.2263
2015-12-16,98.6005,79.4437,137.1096,127.3516,119.9568,149.1459,144.6731,151.7327,127.5517,134.7829,171.8259,88.5532,127.1042,93.0365,146.7354,134.206
2015-12-17,99.7627,79.8706,136.8956,127.4011,120.7222,150.2188,146.1001,152.1871,128.4473,135.0286,172.0357,88.8062,126.2029,92.5969,146.6528,134.3326
2015-12-18,98.7961,80.3547,137.3691,127.9517,122.5113,152.5929,147.269,153.026,128.3496,135.7323,171.7209,88.8726,126.9235,93.0255,145.059,134.4081
2015-12-21,98.0399,79.6072,138.1772,128.3315,122.314,152.578,147.1111,153.5461,127.357,135.4673,170.1904,89.3006,127.6065,93.2178,144.7851,134.3866
2015-12-22,100.0036,80.5989,138.6768,128.4711,122.5465,153.3777,147.0246,154.052,128.0249,136.2032,171.4974,88.9726,128.0066,95.9557,146.7128,134.4368
2015-12-23,100.913,80.5271,137.8129,128.008,123.1943,153.8385,146.8273,153.4038,127.882,135.7572,171.1327,86.8061,127.4591,95.8308,146.4548,134.4813
2015-12-24,102.4261,81.8358,137.6231,127.3163,122.6459,153.7599,147.1932,154.0776,128.8586,135.4574,172.0835,87.4748,127.6355,96.4675,146.2654,134.4204
2015-12-25,103.1023,82.3409,137.7038,127.1694,123.319,153.4391,147.0897,154.5401,129.7347,135.7591,174.1089,87.7532,126.9865,96.8906,146.3667,134.3509
2015-12-28,102.6556,82.2762,137.9662,127.4081,123.1028,154.4073,146.9722,154.4734,130.1016,135.7792,174.723,86.493,126.8666,98.4973,144.9215,134.4145
2015-12-29,103.0701,82.5733,138.8849,128.152,124.1566,155.8914,147.7802,155.6418,130.7839,136.6336,175.3305,85.3835,128.0563,99.8243,145.3395,134.418
2015-12-30,105.0556,83.0607,139.019,128.1051,125.4444,156.3552,147.5675,156.5455,131.379,137.0731,174.2261,85.7187,129.876,99.9789,145.5386,134.4253
2015-12-31,104.7569,82.0901,138.8694,128.0519,124.7256,155.5736,146.0036,155.8703,131.4479,136.22,174.3458,85.9449,128.9094,99.0353,145.1293,134.4832
2016-01-01,103.0639,81.3074,138.341,127.3933,123.4923,153.4194,144.1048,155.0007,130.7831,135.8886,174.0071,85.2957,128.4599,97.874,144.8302,134.5047
2016-01-04,104.0814,81.3173,139.0673,127.8729,123.3853,153.4067,143.9745,155.7963,130.8858,135.9195,173.5265,85.8585,130.7321,99.2551,145.19,134.5137
2016-01-05,103.178,80.7035,139.1113,127.9556,123.5032,153.5402,143.5368,155.9916,131.306,135.7381,175.3819,84.9393,129.9548,97.3527,145.6477,134.5258
2016-01-06,103.6151,80.6449,138.8826,127.9931,123.0613,153.7544,144.8962,156.3949,131.733,136.0173,174.629,86.067,130.7158,96.673,145.029,134.468
2016-01-07,101.9637,79.5424,139.2436,128.7548,123.9731,154.4336,144.8144,156.5642,131.8709,136.3908,172.7492,85.7895,128.4106,94.5693,145.2223,134.4275
2016-01-08,102.0857,79.6517,139.3646,128.9686,124.5208,155.1682,144.8781,157.0056,132.2321,136.6553,172.075,86.6522,128.7118,93.7667,145.4308,134.4146
2016-01-11,104.7392,80.9347,138.7819,129.3653,126.3109,156.9151,146.2547,157.4488,133.643,137.0104,171.1574,87.5395,129.7,94.0207,145.9535,134.5902
2016-01-12,104.8757,80.0589,138.4622,129.6185,126.0527,156.6802,146.5793,156.6743,134.4561,137.0465,171.3974,87.0692,128.2199,92.329,146.1927,134.5572
2016-01-13,106.3571,80.082,138.5817,130.1318,125.7703,157.7588,147.6343,156.8899,135.1463,137.3446,172.638,87.3372,128.4738,95.1232,145.5632,134.6131
2016-01-14,105.7766,79.6844,138.9543,130.6732,126.8431,158.0928,147.7607,157.3166,135.0207,137.6518,173.2521,87.3631,128.7839,94.9388,145.6873,134.5701
2016-01-15,105.1288,79.5322,138.8824,130.6907,128.3267,158.3231,147.0784,157.004,135.4379,137.3032,171.6595,88.4694,125.9429,92.3413,145.0027,134.5193
2016-01-18,103.1152,78.9723,139.4888,131.0378,127.5168,158.51,147.0104,157.7827,134.3389,136.5588,171.8498,87.6451,123.5306,93.3039,145.7609,134.5558
2016-01-19,102.1206,78.3783,139.8953,131.1661,127.2076,157.7847,145.3484,157.5522,133.9994,137.0238,171.6675,87.8682,124.4515,93.1651,146.0444,134.607
2016-01-20,101.6353,79.0545,139.8344,130.7623,128.07,157.2183,145.6315,157.6886,134.0554,137.7773,170.5911,87.8403,124.636,90.4766,147.5189,134.5635
2016-01-21,100.4532,78.4334,140.0213,130.8746,127.6808,157.1724,145.8766,157.7761,133.9297,137.3751,170.1076,86.5811,123.9078,89.0768,147.2743,134.6642
2016-01-22,100.1305,78.1656,140.3437,130.9441,127.5942,155.7734,144.6686,157.5076,133.6233,137.0585,171.1669,85.8876,125.7026,90.0234,146.5581,134.7111
2016-01-25,98.2619,77.329,140.2701,130.5337,126.8792,154.4643,143.7258,156.9946,132.5982,136.8011,168.5713,86.2533,126.084,86.4924,146.6135,134.7851
2016-01-26,99.6307,77.5312,140.9235,131.3592,128.3355,154.6384,143.2982,158.4166,134.6999,137.4826,170.8069,87.7213,127.6814,87.1635,146.3741,134.8173
2016-01-27,98.5223,77.2869,141.1672,131.1055,128.3479,154.24,142.7473,158.0483,133.8842,137.6176,169.3355,87.6988,126.8164,86.2173,146.4644,134.7465
2016-01-28,99.3235,77.6239,140.6082,130.8774,129.0368,155.1199,143.6894,157.9045,133.7671,137.7697,170.1554,88.4528,125.9169,86.9065,145.9284,134.8603
2016-01-29,100.277,78.839,140.5631,130.9564,129.823,155.7553,144.6938,157.8956,133.6251,137.4275,171.1675,87.6241,127.8592,88.4008,146.0853,134.9464
2016-02-01,101.5703,80.3961,140.1681,130.7084,130.3484,157.2055,145.597,158.0576,134.5031,137.2481,173.0342,89.6118,127.3621,89.1365,145.8914,134.9743
2016-02-02,101.5252,80.3994,140.2866,130.7913,130.087,157.7012,146.1964,158.0662,134.9082,137.6649,173.4683,88.9986,127.8032,89.2471,145.5018,134.9606
2016-02-03,101.7074,80.4927,140.2909,130.3532,129.8446,157.567,146.5954,158.3776,134.6714,137.9079,173.6516,89.0644,127.2733,89.5746,145.2738,134.941
2016-02-04,101.8629,80.4629,140.1451,130.5931,130.0386,158.0115,147.5379,158.3053,134.6906,137.537,171.9954,88.8833,127.1235,88.8951,145.0393,135.0142
2016-02-05,101.6495,80.2216,140.3746,130.4052,128.9392,157.127,147.1482,158.025,133.462,137.0061,170.8906,91.1129,127.3238,88.9738,145.3089,135.0258
2016-02-08,102.9738,80.5228,140.7592,130.1273,127.8977,155.4651,146.6957,158.2258,134.1618,136.6976,171.835,91.1971,126.7701,90.6133,145.486,135.0703
2016-02-09,102.0048,80.6896,139.9486,129.2589,127.3159,154.3298,145.6646,157.343,133.528,136.2302,172.3125,90.4254,126.3669,89.9545,145.1502,135.0944
2016-02-10,101.1704,80.0931,141.0967,130.1711,127.3533,153.7993,145.5133,157.8562,133.4152,136.2234,172.0867,90.707,126.7607,90.2521,145.6983,135.0334
2016-02-11,102.9167,80.8492,141.3839,130.4698,127.3924,154.7061,146.5754,158.2975,134.6256,136.653,172.6522,91.6387,128.9815,90.0144,146.3959,135.1545
2016-02-12,103.3915,81.8505,141.7495,131.2273,128.6343,156.0014,147.5041,158.4263,136.1591,137.0836,173.3658,93.3404,128.5978,88.617,147.6292,135.2171
2016-02-15,102.7717,81.3767,142.2483,131.1592,126.9649,155.0599,147.243,158.8502,136.2171,136.7345,174.363,93.468,128.4469,88.9643,147.3532,135.2523
2016-02-16,104.4524,82.9838,141.853,130.769,128.4048,155.2146,148.2361,159.1379,136.3065,136.9738,173.8252,93.8545,129.2744,90.2155,147.1544,135.3243
2016-02-17,104.0244,82.3971,142.5799,131.6793,128.7507,155.8392,149.5932,160.1728,136.848,137.8233,173.3877,93.3704,129.8579,89.3643,148.0006,135.3958
2016-02-18,105.9455,82.8267,143.288,132.743,130.7811,158.3949,151.7954,162.0122,138.5293,138.1712,174.1412,95.4386,130.0378,89.5123,147.6014,135.4958
2016-02-19,102.8399,81.1888,143.057,132.2345,130.1912,157.2204,150.4034,162.0691,137.0603,138.1055,173.5716,95.73,129.11,87.0574,146.6207,135.5093
2016-02-22,103.8611,81.3431,142.4486,131.6711,128.9337,156.716,150.1965,161.8224,136.9395,137.5728,175.5223,96.336,129.6019,88.732,146.1169,135.4448
2016-02-23,102.0482,81.1077,142.7001,131.1458,128.0561,156.4173,149.5256,161.7497,136.2412,137.9212,175.2491,95.7715,128.5033,87.9607,146.0971,135.4522
2016-02-24,103.1491,81.5036,143.4425,131.4884,128.0808,156.7069,150.0718,162.7871,136.0032,137.2587,175.186,96.2834,129.6614,90.7716,145.1438,135.5259
2016-02-25,103.6575,82.2877,143.5229,131.595,128.5724,156.981,150.1987,162.0819,135.0968,137.2711,175.5707,97.6848,131.0128,92.5492,145.2912,135.5437
2016-02-26,102.9473,82.8071,144.0147,131.5074,128.0005,156.6634,149.3691,161.4381,134.485,137.3812,174.6685,98.2609,132.6836,93.3487,144.7969,135.4857
2016-02-29,103.1979,83.1654,144.5348,131.5017,129.099,155.6631,149.0569,162.6536,134.3566,137.373,175.0607,98.903,132.673,94.1734,145.0493,135.4463
2016-03-01,100.4976,81.427,144.6384,131.6221,128.4074,155.2138,148.4368,162.5091,132.6849,136.841,172.3091,98.8617,132.1596,91.2636,144.9771,135.4768
2016-03-02,101.9477,82.1578,144.6224,132.0068,129.1208,155.8369,149.7007,163.0827,133.5659,136.8229,171.3672,97.9151,134.5096,91.3535,145.1372,135.5164
2016-03-03,103.8117,83.1285,144.0278,131.3997,128.9576,155.8173,149.5098,162.5947,133.7062,136.5917,171.6302,97.5219,136.2666,92.3107,145.3549,135.5253
2016-03-04,104.4915,83.3442,143.9408,131.1417,129.0756,154.6454,149.2018,162.2465,133.1732,136.3819,171.7106,98.7609,136.7703,92.488,145.9363,135.5224
2016-03-07,102.1821,82.6019,143.319,130.7717,129.0039,154.5333,149.023,161.9814,132.5802,136.3257,170.0108,98.3081,134.2129,90.2037,145.0838,135.4953
2016-03-08,102.1902,82.6647,143.0649,130.4519,129.553,154.0873,148.517,161.5054,132.4175,136.2616,170.6401,99.0451,132.6296,89.4952,145.4614,135.5955
2016-03-09,101.8342,83.3718,142.6578,130.3161,130.8902,154.3841,148.2362,160.8915,132.3449,136.2513,170.584,99.0897,131.4127,89.3555,145.275,135.6568
2016-03-10,103.1001,83.5981,142.4662,130.4782,131.1742,154.5651,148.7464,161.2045,132.8637,136.0722,172.4454,99.0908,131.1654,91.3367,144.9882,135.6464
2016-03-11,103.1995,84.5101,142.6015,130.1715,130.6234,154.4132,148.8662,161.1486,132.4748,136.0822,173.3779,99.6725,131.55,92.8134,145.3408,135.7117
2016-03-14,100.7813,83.6942,142.4551,130.0276,130.5929,155.067,149.3337,160.7685,131.8166,136.566,172.5207,98.8233,130.3119,90.3706,144.5408,135.7092
2016-03-15,98.9563,83.5156,142.267,130.1349,129.8935,154.629,149.0247,160.0618,131.5817,136.3686,170.2074,98.8869,130.916,88.3339,144.1761,135.696
2016-03-16,100.661,84.1709,142.2722,130.5076,130.0318,155.9168,150.0642,160.523,132.1418,136.3692,170.6935,100.3395,131.9042,89.7718,144.5392,135.7866
2016-03-17,99.0527,83.01,141.7184,129.5325,127.4301,154.6528,149.1601,160.0549,131.0137,135.8241,168.9344,99.4427,132.183,87.2442,144.5629,135.6685
2016-03-18,99.8401,82.0677,141.6873,129.7105,126.5813,155.6893,149.4906,160.0045,131.152,135.255,168.9219,98.7855,132.2538,86.8925,144.5188,135.6629
2016-03-21,98.8368,81.9873,141.3415,129.0074,125.9828,154.3434,148.7319,159.5155,130.539,135.8963,168.8714,98.2156,132.3347,86.8747,144.2313,135.6628
2016-03-22,100.3795,82.5676,141.0741,128.6852,126.0542,153.3075,148.5785,159.4941,130.8806,135.5287,169.5776,99.1693,132.7011,87.6016,144.3975,135.6548
2016-03-23,98.7551,82.0213,141.0211,128.5577,125.8873,152.8127,148.1009,159.1283,130.6978,135.0731,169.6205,99.3301,130.2381,85.4909,144.4984,135.5899
2016-03-24,99.8396,83.1258,140.9657,128.2793,125.8358,152.7519,147.9012,158.2061,130.9305,135.2491,169.9621,99.1331,130.3181,86.8546,144.9914,135.5488
2016-03-25,99.4998,84.6212,141.0506,128.283,127.5652,152.9322,147.6487,158.9091,131.4803,135.8276,170.2747,99.4969,130.9974,86.872,145.3422,135.5726
2016-03-28,98.174,84.3997,141.1089,129.0461,129.1324,153.2773,147.8118,158.5862,131.1432,135.6917,168.9772,98.9026,131.4005,86.0334,144.9212,135.5521
2016-03-29,100.99,85.8421,140.9771,129.7671,131.3679,155.5083,149.0937,158.3691,132.2298,136.1911,168.6555,98.8562,131.5256,88.7364,145.3064,135.5026
2016-03-30,98.5817,84.9868,140.8472,129.4608,131.1567,155.709,148.1541,158.1564,131.2199,135.9116,167.7489,98.2064,131.4925,86.5709,144.3331,135.5451
2016-03-31,97.462,84.1195,141.0897,129.5078,131.227,154.9359,147.8231,158.74,130.0013,134.9729,167.2659,97.4175,129.2847,87.5501,143.7273,135.546
2016-04-01,96.6101,83.9196,141.2455,129.9214,131.7389,155.573,148.2613,158.6394,130.8102,135.9565,168.8168,98.1128,128.4225,87.295,142.9963,135.6425
2016-04-04,97.5022,85.6016,140.2501,129.256,133.6078,156.5552,148.4053,158.502,131.8272,135.8747,168.2361,97.2525,127.4081,86.1879,142.7106,135.6787
2016-04-05,97.3273,85.023,139.5524,128.8679,133.6991,157.3745,149.3251,158.6887,131.0142,135.8181,164.3659,97.5985,127.0898,84.153,142.1167,135.6948
2016-04-06,98.9933,85.8497,140.127,129.2364,135.0958,157.1697,149.0676,158.9059,131.8929,136.163,165.5836,98.2264,128.4999,85.1409,142.6714,135.7615
2016-04-07,100.2446,85.7891,139.3862,128.2674,134.515,156.3327,148.0704,158.4687,131.6741,135.9119,166.2659,97.1024,129.0697,85.8473,142.2255,135.8033
2016-04-08,100.323,86.1889,139.338,128.7152,135.7052,157.3589,148.6063,158.519,132.3508,136.1754,165.7895,97.5096,130.3107,84.2611,142.6098,135.7704
2016-04-11,101.6086,86.2665,139.1076,127.8164,134.8316,157.3945,148.5153,158.7939,131.939,135.8608,165.5166,96.9849,130.6698,84.3898,142.7124,135.7382
2016-04-12,100.3347,85.2176,139.1087,127.6984,133.9844,156.488,147.034,157.9871,131.4766,136.0621,164.7476,97.6902,130.8234,83.2223,142.308,135.6493
2016-04-13,99.45,85.7125,139.2612,127.9726,133.1749,155.9023,147.4418,157.805,132.3935,136.2561,165.1825,98.0951,130.484,83.1465,142.0917,135.6701
2016-04-14,100.1646,85.9622,139.5247,127.9246,132.2598,155.3594,146.937,157.6685,131.9434,135.9727,166.3627,99.2513,131.2926,84.9812,142.6318,135.7845
2016-04-15,100.2178,86.1463,139.7233,127.966,133.0062,155.3629,147.4043,158.9054,131.324,136.3184,165.4254,98.5314,131.2292,85.907,143.6591,135.7637
2016-04-18,101.8709,87.8183,139.0635,127.9309,135.1254,157.267,149.4034,159.6602,132.6892,136.3612,166.2125,97.7817,131.0335,86.2842,142.9944,135.7741
2016-04-19,101.7231,88.5867,138.2065,127.3008,135.2878,156.7904,149.1129,159.1946,132.0545,136.0329,166.5523,97.0515,131.7949,86.4836,143.0717,135.7981
2016-04-20,101.4259,88.2658,138.0384,127.2185,134.105,156.1353,149.61,158.2704,130.7787,135.6138,165.6441,96.8921,133.3981,86.4684,143.3594,135.7804
2016-04-21,100.0408,87.977,137.1883,126.827,133.5663,156.422,150.0347,157.0853,129.6407,135.1703,164.6973,96.5826,132.7723,85.4309,142.5664,135.7599
2016-04-22,98.9394,87.4566,138.2847,127.6355,134.4266,157.3382,150.6793,157.4519,129.3814,135.8994,165.186,96.0045,133.2421,85.413,142.722,135.7438
2016-04-25,99.016,87.3404,137.7344,127.0785,134.5683,157.0322,151.3206,157.7005,129.2352,135.7426,164.735,95.7366,133.0292,84.0824,142.2113,135.7112
2016-04-26,98.8573,86.7316,138.0517,127.7545,136.1905,157.9479,151.1725,157.7536,130.0907,136.3056,164.7368,95.2671,132.3596,82.724,142.4003,135.7078
2016-04-27,98.0287,87.409,137.714,127.6124,136.744,157.3341,150.7109,157.2591,130.1346,136.1813,165.7992,95.9171,132.3771,81.8111,142.8213,135.6535
2016-04-28,99.062,87.1851,137.9559,127.4072,136.0257,157.6715,151.4354,157.7618,130.729,136.5289,166.0535,95.3596,132.8623,81.6197,142.8059,135.6484
2016-04-29,99.4759,87.9865,137.2192,127.21,137.7703,158.7334,152.2299,157.6379,130.816,136.5203,167.0067,96.4492,131.9572,81.4006,142.299,135.6864
2016-05-02,101.1741,88.4848,137.1223,127.185,138.011,159.6003,153.0344,158.2186,131.1451,136.6339,167.7016,96.5131,133.0015,83.4978,141.5304,135.6224
2016-05-03,100.2636,88.163,137.3187,127.3982,137.3594,158.9488,152.4282,158.0288,131.3889,136.5828,167.8167,98.2271,133.5808,82.2165,141.5372,135.6095
2016-05-04,101.2352,88.9483,137.308,127.4147,137.8511,159.4105,152.093,158.1412,132.1139,136.9686,169.0607,98.1613,134.1237,83.0591,142.2399,135.57
2016-05-05,99.3323,88.1497,137.1582,127.2859,136.4164,159.4033,152.034,157.4872,131.6174,136.3021,165.5509,97.7882,134.7003,80.1325,141.1333,135.5473
2016-05-06,99.3861,88.0372,136.7998,126.3447,135.0712,158.0264,150.0596,156.1899,130.7034,135.6995,164.6395,97.429,134.7815,80.4531,140.5526,135.6051
2016-05-09,98.9266,87.4206,135.87,126.0183,135.7105,157.3128,150.2451,155.477,130.7891,135.821,162.9866,97.6244,134.5857,78.256,139.1897,135.5118
2016-05-10,99.5436,86.9027,135.4651,125.9846,135.9535,158.0522,150.823,155.4612,130.5474,135.6413,162.34,96.6407,134.3054,78.3049,138.86,135.557
2016-05-11,98.2273,87.7187,135.361,125.7201,135.9909,158.3778,150.9579,155.1008,130.4013,135.7085,161.9084,97.0024,134.7456,77.4647,138.1368,135.4828
2016-05-12,98.8885,88.8087,135.0083,125.5834,135.6937,158.4669,152.3981,155.3276,130.7555,135.6927,161.6764,97.7116,136.2573,77.2297,138.3896,135.5811
2016-05-13,100.1778,89.807,134.779,125.3542,135.5072,157.5624,152.1418,155.0384,131.4279,135.7581,161.8913,99.114,136.5588,77.7135,139.0238,135.5922
2016-05-16,99.9626,89.485,135.4205,125.1515,132.8561,156.4697,150.9085,154.7876,131.0531,135.1949,162.6907,100.8071,137.3417,78.1571,139.5126,135.6657
2016-05-17,97.8131,88.785,135.6806,125.4019,130.5408,154.9713,150.2329,153.9317,130.5095,134.4689,164.0986,100.6239,136.324,78.8126,139.4691,135.6571
2016-05-18,97.323,87.8727,135.2117,124.798,131.5645,154.2008,149.6237,152.9712,129.4273,134.6896,162.2268,100.5674,133.7933,77.5951,138.7012,135.6332
2016-05-19,98.5513,87.8645,135.6782,125.5957,132.4695,155.2955,150.5199,153.2871,130.7793,135.036,164.0622,101.6325,134.3462,77.3,139.139,135.7539
2016-05-20,97.5736,87.829,136.0197,125.4945,131.8761,154.975,150.8184,153.8291,130.4585,135.0495,163.962,101.8728,134.2782,76.7656,139.2783,135.7781
2016-05-23,98.187,87.9594,135.7456,125.6117,132.1773,154.7329,150.8066,153.663,131.2121,135.3481,164.8109,103.0327,132.9249,77.3758,139.2521,135.7379
2016-05-24,99.4994,89.6511,136.3476,125.8781,131.7217,155.617,151.8726,153.6541,131.8466,135.4712,167.9842,103.6514,134.3577,79.8143,140.1072,135.7233
2016-05-25,97.9307,88.5592,136.5418,125.5097,130.8077,154.9477,150.7952,153.5049,130.652,134.9181,166.6798,102.6086,132.393,78.6888,140.3947,135.7405
2016-05-26,98.1323,88.2832,136.0456,124.9722,130.5029,153.9755,150.458,153.257,130.3689,134.2613,166.3677,101.8546,131.4523,78.6314,139.6733,135.7798
2016-05-27,98.7969,88.253,135.799,125.0442,130.1855,152.6509,150.2628,153.0265,130.6626,133.8764,166.9586,100.8148,133.4652,79.1626,139.5918,135.7448
2016-05-30,100.4899,89.3926,135.7617,124.8772,131.5113,153.2408,150.6361,153.3946,131.1778,134.2566,167.2904,101.0801,133.5679,80.1193,139.9429,135.7146
2016-05-31,101.7145,90.1886,135.8498,125.0302,132.3685,153.7725,151.3224,154.0902,131.6192,134.1583,168.2487,102.9449,133.9662,80.2731,140.684,135.7223
2016-06-01,102.0705,90.1514,135.4302,124.883,131.3022,153.0833,151.2342,153.4225,131.5299,134.0597,169.5513,102.1213,134.8125,81.6396,140.6566,135.7528
2016-06-02,102.0744,90.6926,136.0526,125.3998,131.8937,152.7071,151.3414,154.0227,131.5921,134.5482,170.6186,102.2763,137.1181,84.0482,140.0253,135.766
2016-06-03,102.714,91.2359,135.6793,125.3419,132.3375,153.9594,151.8227,154.107,130.9764,134.7237,169.4628,104.663,138.1002,83.4589,141.276,135.7236
2016-06-06,105.0075,91.8998,135.2462,125.5382,133.4517,154.7021,151.8205,154.4116,132.1343,134.2967,169.6825,105.248,139.3176,83.0132,142.0445,135.7244
2016-06-07,104.9943,92.2703,135.5197,125.2579,133.0522,154.6198,151.9149,154.4909,131.2588,134.4008,169.6197,105.8889,138.9578,84.2937,142.2508,135.743
2016-06-08,105.5502,93.4386,135.1109,125.1147,134.0485,154.691,151.8854,154.6015,132.0396,134.1676,170.4982,107.7301,139.4942,84.279,141.2341,135.8201
2016-06-09,106.6947,94.2667,134.8416,125.0418,133.958,154.6774,152.6838,154.8566,132.3652,133.7658,171.2504,107.7406,138.5982,85.7397,141.5238,135.8677
2016-06-10,105.9181,93.6715,134.2778,124.918,134.0067,154.0734,152.8143,154.9883,131.8167,133.5777,169.5962,107.6334,137.4284,84.8554,141.5446,135.9372
2016-06-13,106.2103,94.4783,134.1738,124.9124,134.649,154.9812,153.3087,154.9778,131.6726,133.9769,169.1046,106.501,137.0586,85.6362,142.3015,135.9433
2016-06-14,107.413,95.8958,134.265,125.606,136.3951,156.0956,154.4087,154.4529,132.3937,134.3239,170.2926,107.2247,137.9369,85.9959,143.6668,135.9207
2016-06-15,109.2178,97.4503,134.5163,125.6605,136.6558,157.7382,156.1265,155.7197,132.896,134.3671,170.4206,109.4486,138.2788,87.7476,143.5401,136.045
2016-06-16,107.9903,96.7917,134.1788,125.0508,135.3652,156.4891,154.8249,154.9385,132.3218,134.4874,170.4497,110.921,138.1881,85.8568,143.8814,136.0867
2016-06-17,108.0279,96.6991,134.0706,124.8757,135.1865,155.6866,154.4659,155.0706,131.9327,134.8577,169.8932,110.0006,138.7211,86.7618,144.1711,136.1307
2016-06-20,109.2838,97.5895,134.4325,125.2215,136.3972,156.811,154.835,155.247,132.6983,134.9986,171.6044,109.8707,138.0712,88.0016,144.7141,136.0303
2016-06-21,109.425,97.8686,133.7952,124.3955,135.7687,155.4144,153.9141,154.3316,133.1828,134.4736,172.3306,108.496,136.682,87.6235,143.7265,136.0881
2016-06-22,108.4344,98.0895,133.7833,124.5498,135.555,154.7431,152.867,153.1619,133.2086,134.0975,171.5345,107.804,135.2082,88.6297,142.8455,136.1087
2016-06-23,107.5431,98.0321,133.8815,125.0285,136.9733,156.1507,153.1859,153.2682,133.1786,134.3307,170.8427,106.8382,135.6168,87.1831,143.2791,136.0988
2016-06-24,106.5323,97.0676,133.8904,124.8714,135.3515,153.8228,152.1428,152.4902,132.9874,134.4328,170.9034,105.5522,135.689,86.564,143.9616,136.096
2016-06-27,106.5556,96.7636,134.0981,124.6807,135.1922,153.2912,151.3121,152.5578,132.2158,134.0724,170.2274,105.3293,136.3554,86.4525,144.4552,136.09
2016-06-28,104.5164,94.6778,134.2441,124.3779,132.3559,152.1747,150.5854,151.6855,132.3023,134.0509,171.3942,104.8121,134.5485,84.0711,144.2054,136.0208
2016-06-29,103.2634,94.3705,134.5633,124.3668,132.2491,152.0713,149.8688,151.7043,131.7551,134.3022,170.3288,104.585,135.1683,82.9462,144.6853,136.0168
2016-06-30,104.3333,96.8984,134.7305,124.934,133.0731,153.9041,152.0785,152.139,132.7272,134.7663,171.4364,104.9924,136.7366,84.6372,145.6468,136.0739
2016-07-01,104.5756,96.8844,133.9077,125.0109,134.1873,154.5829,153.3124,152.1505,133.0805,134.8127,168.0534,105.6058,136.563,82.4591,144.9873,136.098
2016-07-04,103.8761,96.2447,134.467,125.2727,132.6947,153.8476,152.9654,151.6472,132.4813,134.6056,168.1848,105.1368,137.4119,83.5258,144.7781,136.1911
2016-07-05,102.6745,96.2266,134.8877,125.4205,130.9832,153.4745,152.9304,151.7362,132.4056,134.6249,168.2116,104.7239,137.3709,83.974,145.3788,136.2326
2016-07-06,104.6698,97.0091,134.494,124.8581,132.1397,153.7071,152.5683,151.4732,131.4448,133.7822,166.9097,104.2807,138.7057,84.9794,144.9674,136.3365
2016-07-07,105.49,97.5661,134.1004,123.9184,131.0419,153.3841,152.4645,150.8971,130.411,133.437,166.0362,104.2587,138.6514,86.7733,143.9478,136.3049
2016-07-08,107.1786,98.3327,133.6318,123.6841,131.5771,154.0841,153.2057,150.7371,131.2425,133.4283,165.9653,103.834,139.2477,86.7226,143.3653,136.2875
2016-07-11,103.5853,95.8557,133.4926,123.3988,129.2271,152.9578,150.9671,149.3692,129.605,132.7333,166.3767,103.8701,137.8487,85.4195,142.2339,136.2735
2016-07-12,104.4304,96.8753,133.9347,123.9219,129.9188,152.7647,151.8052,149.4465,129.5142,132.3941,167.5837,106.1373,140.1644,86.9061,142.0169,136.4228
2016-07-13,108.2283,98.7327,133.9718,124.0465,131.7843,153.9056,151.5642,148.9861,130.1237,132.0792,169.0642,106.2854,141.6951,90.3039,142.2268,136.4593
2016-07-14,108.9907,99.602,132.9496,123.0243,131.7296,154.9203,152.0179,148.7965,130.9964,131.5172,170.1939,104.3217,139.7602,88.1381,142.3054,136.5332
2016-07-15,109.7677,99.0601,133.0497,123.0099,132.7276,154.3487,151.6943,149.5093,132.3627,131.9478,170.5653,103.5755,139.1321,86.186,142.7153,136.4749
2016-07-18,110.764,99.28,132.3887,122.1519,132.2749,154.1742,151.5678,148.9259,131.8223,131.7305,169.9968,102.8961,138.9203,86.42,142.3165,136.4617
2016-07-19,110.5148,98.8992,132.1956,122.1059,133.2066,154.516,152.0825,149.2138,132.1197,132.3915,168.4788,101.0598,139.0814,85.0629,141.8566,136.5366
2016-07-20,110.971,98.4248,132.1424,121.9531,133.1302,153.8817,151.579,149.5751,131.747,132.2583,169.2177,101.9284,140.1159,84.9704,142.2661,136.5376
2016-07-21,112.2893,99.9585,132.1708,122.0615,133.1036,154.7108,152.1781,149.3615,132.7081,132.4696,171.9394,101.7617,139.5299,87.3656,142.7532,136.5635
2016-07-22,112.0618,100.3141,132.6472,122.4649,134.1025,154.2941,152.214,149.4997,133.0906,133.1152,173.0075,103.1143,140.5383,86.8072,143.4559,136.5729
2016-07-25,112.8465,100.9756,132.4496,122.4455,134.7315,155.496,153.7132,149.6068,133.1257,133.3258,173.2926,102.0186,140.7944,87.1948,143.6023,136.5568
2016-07-26,115.3594,101.7762,131.9882,122.1994,134.717,156.1358,154.9693,149.2239,134.0038,132.9565,172.6008,102.5996,140.4311,86.0037,144.329,136.6124
2016-07-27,117.7254,103.2228,131.1258,121.5452,135.0051,156.9151,155.7909,148.6731,133.719,132.527,172.122,103.021,140.6038,86.9223,144.3826,136.6223
2016-07-28,118.9992,103.565,130.5878,120.4929,134.1107,156.6898,155.7089,148.6583,133.2603,131.826,173.8159,103.317,140.5572,87.2513,143.8208,136.631
2016-07-29,118.5662,103.5291,130.1663,119.7242,133.1435,156.013,155.6203,148.1511,132.33,131.6154,173.1317,103.3836,142.0492,85.8622,143.5672,136.5725
2016-08-01,120.2494,104.5327,129.7647,119.9618,135.1176,157.9858,156.8463,149.1188,133.6451,132.0295,172.8114,103.2855,143.0031,84.802,143.9807,136.6624
2016-08-02,120.6406,105.3999,129.3542,119.4462,134.242,158.2755,157.4842,149.0745,133.8754,132.0216,173.7501,102.5543,141.6026,86.0658,143.6861,136.6833
2016-08-03,121.2919,105.9286,129.0187,118.7719,132.8499,157.6554,157.0505,148.7236,133.5253,131.9824,172.7042,103.6943,143.4823,86.2568,143.2648,136.6764
2016-08-04,119.5547,105.0248,128.8461,118.5355,132.4565,156.9522,156.8577,148.8789,133.1296,132.132,170.9239,105.2546,143.0956,83.3314,143.2154,136.7278
2016-08-05,118.821,105.697,128.5594,118.4746,132.7675,156.8979,156.9542,148.3614,133.0526,131.8475,171.1192,104.9887,142.5358,83.2315,142.8429,136.8072
2016-08-08,120.744,106.3381,129.2933,119.197,134.4332,158.0613,157.5047,149.1387,133.9417,132.6085,173.1933,104.0998,143.5387,85.3345,143.8009,136.8365
2016-08-09,118.4158,105.583,129.8112,119.5115,134.306,158.1976,156.9433,148.6498,132.9425,132.331,172.3493,104.4675,143.7251,84.3174,143.3592,136.9107
2016-08-10,117.446,105.8608,130.0019,119.5023,134.7536,158.6234,157.2255,148.7059,132.9626,132.8647,171.0402,103.5647,143.9788,84.0059,142.5215,136.8813
2016-08-11,115.0686,103.4826,129.9754,119.6681,134.3794,158.7278,156.7717,148.3677,132.6812,133.0947,170.5837,103.1025,140.8164,82.1244,141.7945,136.9436
2016-08-12,113.0939,101.9445,129.7476,119.1622,133.1773,156.8127,154.4814,147.6517,131.6959,132.7718,169.5662,100.4555,139.728,81.8561,141.3423,136.9553
2016-08-15,112.2824,101.2094,129.4323,118.5622,131.7144,156.1432,153.7484,147.9616,131.4164,132.5095,170.2286,100.265,139.7683,80.5828,141.6641,136.9012
2016-08-16,111.0786,100.1337,129.9778,118.9856,130.8834,156.0107,153.8904,147.8864,130.552,132.3713,168.8869,100.5677,139.672,81.2355,140.9495,136.9233
2016-08-17,111.9689,100.6171,129.1837,118.114,130.6894,155.4254,153.1611,147.641,129.905,131.9253,167.0642,99.3775,139.4638,81.4583,141.0734,136.9994
2016-08-18,109.6824,98.3795,129.2662,118.6025,131.2214,155.3399,153.1985,147.8397,129.407,132.2091,165.0344,99.1604,139.0994,79.014,140.1872,136.9487
2016-08-19,110.2415,97.8879,129.4249,118.4325,130.7517,155.332,153.609,147.6681,128.2371,132.5031,163.4849,99.4131,138.7896,80.273,140.1647,136.9637
2016-08-22,107.5908,95.3153,129.9337,118.8165,129.0207,154.615,152.8019,147.7581,127.9437,132.6044,163.9823,99.7604,137.0382,79.1337,139.6941,137.039
2016-08-23,107.9771,94.7034,130.2227,119.4182,130.5974,155.8853,153.6817,148.2884,128.9417,133.6389,163.5903,100.0221,136.4975,77.8861,139.6881,137.0734
2016-08-24,110.3683,96.0105,130.0396,118.9233,130.2379,155.439,154.4172,148.2804,129.5781,133.8207,164.9443,99.4044,138.0496,79.23,140.1337,136.9736
2016-08-25,109.0951,95.8858,130.6869,119.566,130.5493,156.1305,155.671,148.7821,129.5443,134.414,166.4118,99.1395,137.4038,79.5245,140.8842,136.9232
2016-08-26,109.0334,96.1804,130.4696,119.127,129.788,156.137,155.8653,149.5139,129.4685,134.0111,165.9891,98.6128,136.8613,79.8277,140.5836,136.8911
2016-08-29,108.568,95.605,131.424,119.9275,130.4273,157.2045,156.2611,150.067,129.4955,134.8033,165.501,98.2126,137.7296,79.7236,141.3001,136.8821
2016-08-30,108.7746,95.4795,131.6532,120.0178,130.2122,157.5001,156.2896,150.6257,130.0676,134.9791,167.3815,97.8534,139.4564,79.8644,140.918,136.9485
2016-08-31,109.6142,95.5906,131.1966,119.6021,130.5116,156.7572,156.3714,150.4642,130.7682,135.1278,167.8195,97.9216,139.4921,78.5626,140.8205,136.9888
2016-09-01,110.7293,96.245,130.3737,118.5914,130.4471,157.0189,156.3378,150.3917,130.543,134.9458,168.0542,96.6785,138.382,78.7335,140.8973,136.8985
2016-09-02,109.4952,95.0816,130.8488,119.6815,131.6513,158.0873,157.6224,150.8868,131.028,136.0641,167.6408,94.8772,138.3943,78.1335,141.2118,136.8306
2016-09-05,108.8218,95.2618,130.5483,119.4082,131.6688,158.3125,158.3407,151.2964,131.468,136.6356,167.8096,95.5383,136.8711,77.4487,140.6346,136.9658
2016-09-06,109.6743,95.5752,130.4893,119.1143,130.8475,157.9914,158.0722,151.2789,131.1322,135.5556,169.3685,96.5269,138.3158,78.4281,139.9544,136.9011
2016-09-07,110.3053,96.9405,130.5929,118.9018,131.4638,156.9987,157.1774,151.0223,131.4492,136.2701,170.2454,96.9494,139.3387,79.154,141.1112,136.9021
2016-09-08,109.0871,96.9673,130.9095,118.8046,131.677,155.4269,155.9452,151.1692,131.2603,136.3621,170.0016,97.6264,141.26,78.2747,140.5725,136.8953
2016-09-09,108.9287,95.997,131.089,119.1245,131.9509,155.0097,155.8628,151.2455,131.3837,136.2332,169.8613,97.2873,139.015,78.4882,140.361,136.9641
2016-09-12,108.1412,95.4605,130.9351,118.6689,131.435,154.5352,155.3945,150.9895,131.3869,135.9569,169.7286,96.4531,138.8282,76.0538,140.4914,136.9836
2016-09-13,108.2978,95.2407,131.0463,118.6129,130.6419,154.9954,155.5799,151.368,132.3049,135.9366,170.541,96.4392,138.3049,75.6984,139.947,136.9638
2016-09-14,111.2496,96.8253,131.1235,118.7469,131.7075,156.3332,155.8608,151.8592,133.308,136.0065,171.7124,95.3274,139.5125,77.5285,141.426,136.9765
2016-09-15,110.3241,95.6849,130.9669,118.6511,131.5819,155.8718,155.033,151.2563,133.3262,136.2684,171.3734,94.8017,139.2601,76.1087,140.8872,136.9685
2016-09-16,108.1053,93.8056,131.3575,118.7695,132.2828,155.5904,153.4177,151.1744,132.1231,136.6172,170.1995,93.8372,138.1259,75.02,140.6562,136.9793
2016-09-19,107.7896,93.8984,131.7631,119.3486,133.5933,156.6634,153.6452,151.8392,132.9858,136.9069,171.1684,92.1773,139.2114,74.9683,140.3107,136.9359
2016-09-20,107.8679,92.9096,131.6955,119.2755,132.694,156.4665,152.8423,151.375,132.7641,136.714,172.7631,93.2221,140.2121,74.3418,140.5043,136.8974
2016-09-21,107.2921,92.8804,131.392,119.159,132.6381,156.3393,152.8677,151.0281,132.9651,136.6717,171.9557,92.9361,139.1015,73.461,140.358,136.8906
2016-09-22,106.9619,92.7864,132.2751,120.0416,133.8744,157.0382,153.6863,152.2388,134.0427,137.8443,172.5258,94.3564,138.7485,72.7804,141.3487,136.8487
2016-09-23,107.3936,93.0761,132.1697,120.2606,133.089,158.2913,154.7535,151.8708,134.1182,137.7063,172.8217,95.5268,137.7943,72.9616,142.2535,136.8081
2016-09-26,108.0742,93.5131,133.2124,121.1821,134.3963,158.7453,155.2929,152.3823,134.605,138.4018,173.0844,94.7685,139.7525,73.8611,143.2913,136.8677
2016-09-27,106.7141,93.0151,133.2623,121.6771,135.2478,160.2078,156.4846,153.2572,134.5362,139.0116,170.7374,94.0275,140.3705,72.517,143.0732,136.8885
2016-09-28,107.4827,93.7708,133.1832,121.8045,134.7578,160.5282,157.2332,153.1163,135.5643,139.3176,171.8637,94.3857,141.9101,72.5745,143.3528,136.9462
2016-09-29,110.4331,96.2563,132.983,121.9965,135.9997,162.1433,158.8236,152.671,137.5482,139.795,174.0129,93.1108,142.5551,74.3072,144.0246,136.908
2016-09-30,112.0522,96.2626,133.7288,122.7256,136.1107,162.0699,160.066,153.1418,138.8064,140.9743,175.9972,92.1715,143.2983,76.0355,145.0903,136.8726
2016-10-03,113.2912,96.5295,133.7669,122.5868,136.082,161.3625,160.1762,153.2792,139.1208,140.6529,176.6974,92.2269,143.5591,76.899,144.6627,136.8649
2016-10-04,113.7832,97.5039,134.0964,122.7248,137.2378,162.2326,160.5305,153.8453,139.3289,141.4456,176.4134,91.2705,144.6258,77.5408,145.5395,136.8597
2016-10-05,112.7619,97.1775,134.0606,123.0583,137.8343,163.1344,160.8877,153.4356,138.9274,141.8956,175.3193,90.4846,144.3442,76.7036,146.1417,136.8602
2016-10-06,110.7991,96.2833,133.9245,122.3773,137.8793,161.7985,159.2098,152.7371,136.8832,140.768,174.4027,91.1831,141.8353,75.5899,145.4306,136.8636
2016-10-07,111.317,95.8186,133.262,122.3662,139.3958,163.0929,159.8253,152.5748,137.8289,142.0758,174.7885,90.9384,142.4036,74.1522,144.7812,136.9303
2016-10-10,112.1497,97.5567,133.5927,122.4169,140.191,163.7206,160.0922,153.1077,138.5291,142.5637,177.3506,91.4552,143.6986,75.5613,145.3772,136.9812
2016-10-11,114.1255,98.4907,133.9059,122.4105,140.6262,162.9961,160.1007,153.6703,139.4352,142.7078,179.3316,91.8518,145.4175,77.2948,145.0481,137.0214
2016-10-12,117.2722,100.3674,133.8374,122.2024,141.8594,163.9553,160.562,153.8601,140.2609,143.0281,180.2282,90.7084,146.5585,79.0457,146.0574,137.1105
2016-10-13,115.7478,100.1614,134.3032,122.6351,142.9095,164.3755,160.9673,154.3759,139.0534,143.3228,178.2625,90.597,147.0737,79.4054,145.8475,137.2257
2016-10-14,116.8708,101.2531,134.0595,122.5296,142.7582,163.9392,161.6146,154.351,139.5916,143.5744,179.7567,91.6848,147.3638,81.3008,145.3048,137.2509
2016-10-17,117.0342,101.2529,134.1226,122.6947,143.5245,165.0109,162.1165,155.3486,140.34,143.659,181.045,91.1158,145.738,80.667,146.2329,137.2511
2016-10-18,119.2165,102.4796,134.1974,122.8842,144.8033,164.6409,162.8394,155.7866,141.4129,144.2645,181.2432,92.0343,147.8249,81.0905,146.8071,137.1814
2016-10-19,118.2833,101.6707,133.532,122.2666,144.1684,164.7147,162.7931,154.9703,140.7166,144.404,179.0918,91.0652,145.3225,79.2558,147.0879,137.1706
2016-10-20,119.7273,102.9219,133.664,123.0052,147.1791,167.4086,164.9055,156.1631,141.7675,145.383,179.2326,91.7241,144.9894,79.9656,147.4526,137.226
2016-10-21,115.987,101.187,134.1649,123.573,146.9597,167.377,164.645,156.6091,141.1543,145.2409,177.7866,90.6218,142.1912,77.8232,147.9622,137.3376
2016-10-24,112.4656,98.7635,134.3003,123.2907,146.081,165.458,164.2989,156.9291,139.7918,145.2761,174.5875,89.2104,139.878,75.4215,146.8929,137.3496
2016-10-25,111.1048,99.3223,134.1533,123.4338,146.2003,166.5977,164.5578,157.3215,140.3928,145.3011,173.6677,88.9722,139.2914,74.2045,147.1066,137.36
2016-10-26,112.0357,100.4031,133.6137,123.3894,146.8426,166.661,165.0473,156.9524,140.9614,145.0221,173.2681,90.5551,139.8259,73.8258,146.8843,137.3519
2016-10-27,110.3027,99.6016,134.3182,123.8502,145.3538,167.5919,165.226,156.9622,139.4625,144.6649,173.4892,91.4259,140.5121,74.5697,146.963,137.3437
2016-10-28,108.7026,98.3291,134.4393,123.49,142.6648,165.9121,164.1697,156.3873,138.1932,143.8806,173.2316,92.5312,138.2777,74.2543,147.4123,137.3524
2016-10-31,107.7518,97.2909,134.0746,123.0353,142.2959,165.4097,163.8369,155.8739,136.6703,143.4825,171.7912,90.3881,138.4591,73.1248,147.8195,137.3756
2016-11-01,107.1978,97.2539,134.7912,123.2553,141.7648,164.3846,163.2557,156.5212,136.8455,143.7601,175.0801,90.0265,138.7984,74.9488,147.884,137.4091
2016-11-02,110.0384,99.3586,134.9978,123.4768,142.1882,164.9272,165.1127,157.582,137.6588,144.0499,176.3757,90.3163,139.3214,78.0435,149.4429,137.3735
2016-11-03,111.2157,99.2053,134.9928,123.8734,143.4286,165.5077,165.6445,158.1433,138.0879,144.0555,175.9309,90.2058,139.8701,78.6718,148.8446,137.4312
2016-11-04,114.4535,100.6836,135.1844,124.1961,144.7003,167.0945,166.7414,159.4037,139.7039,144.4561,176.1191,91.5815,141.9766,79.5085,149.4355,137.5559
2016-11-07,112.6213,100.2209,136.0889,124.8136,145.0495,166.8602,166.8862,160.2928,139.6929,145.0451,174.3111,90.7212,142.079,79.3497,149.2049,137.5431
2016-11-08,109.6354,98.4093,137.2856,126.3335,144.9911,167.7563,167.437,160.4527,140.2836,145.8943,174.8611,90.2729,141.8843,78.4425,148.5646,137.5253
2016-11-09,111.5223,99.3016,137.2191,126.661,145.4541,170.0743,169.1062,161.6815,140.5737,145.9882,173.9202,90.8322,141.0127,81.2697,148.4238,137.5357
2016-11-10,110.3344,98.2371,137.4471,126.8936,144.0695,170.6816,169.2984,161.7072,140.1872,146.2744,174.7213,91.1762,139.2477,81.9745,148.3625,137.5383
2016-11-11,110.1933,98.3736,137.8921,126.8338,142.4903,169.6125,168.5247,161.8585,140.7666,146.7878,175.3799,92.4043,140.0123,82.3739,148.7052,137.5435
2016-11-14,111.8833,99.4908,138.1177,126.88,142.0898,169.3328,168.0381,161.9871,140.92,146.1902,175.5165,92.8652,142.1696,84.141,149.2207,137.6213
2016-11-15,113.7796,100.5713,138.2423,126.6184,142.2989,168.771,166.9037,161.9876,141.7655,146.4705,176.5501,92.6583,143.39,85.6747,149.6991,137.5416
2016-11-16,110.3492,99.3674,137.9,126.2897,141.9236,168.172,166.3485,161.2821,141.0224,146.724,174.8255,92.8217,140.4704,82.1898,149.4274,137.5521
2016-11-17,110.6802,99.3159,137.4555,125.9072,142.1773,167.6833,165.296,160.4377,141.0646,145.8225,175.252,91.4743,139.5827,81.7209,149.0903,137.6382
2016-11-18,110.4789,99.0333,137.3817,126.6331,143.3693,168.6967,166.9464,160.7541,141.3057,146.3097,174.0257,91.9599,139.9044,80.1971,149.9564,137.6515
2016-11-21,110.7603,99.5407,137.2075,126.583,144.5442,170.3134,168.1391,161.295,141.6871,147.0501,173.0348,91.4427,138.3182,80.1493,149.8491,137.6418
2016-11-22,111.6669,99.8398,137.893,127.4815,145.1189,171.4048,169.1489,161.5953,141.9659,146.9059,175.1216,90.6073,139.1042,82.5611,150.3043,137.5986
2016-11-23,110.0057,97.3057,138.0721,127.3137,143.0699,169.0424,167.287,161.1532,140.9026,146.2996,174.1491,89.5028,137.6556,82.4845,149.3481,137.6622
2016-11-24,111.8715,98.4346,137.369,126.761,144.3973,170.0764,167.903,161.3601,140.6669,146.3261,172.8293,89.292,137.314,83.6247,149.1303,137.5931
2016-11-25,111.4188,98.8582,137.7562,127.2088,143.8421,170.5205,168.4001,161.3447,140.7971,146.1981,173.7715,89.1708,135.2892,85.7488,149.2673,137.6365
2016-11-28,108.9679,96.987,137.4996,126.7452,141.6535,168.2339,167.1005,160.4163,139.8829,145.6912,172.188,89.4377,134.9737,82.491,149.0232,137.6346
2016-11-29,105.3583,95.3232,138.2682,127.3598,139.6676,166.3911,166.8618,160.0337,138.3714,145.1271,169.3186,91.3602,133.7275,80.3051,149.5142,137.6319
2016-11-30,104.2596,93.9025,138.3245,127.5565,138.7322,166.0672,166.8174,159.8816,137.8101,144.9977,168.7369,92.8104,131.9026,80.1959,148.5531,137.6111
2016-12-01,102.8919,93.6609,138.1479,127.7494,138.2744,165.8638,166.3792,159.9143,138.3327,144.5697,168.103,93.7614,130.1296,78.8979,148.3675,137.6043
2016-12-02,104.2082,94.5708,137.8907,127.5257,137.6845,167.1048,167.3798,160.1504,138.3037,143.7845,168.82,93.9614,129.153,80.9842,148.0614,137.6575
2016-12-05,104.2924,94.8265,137.4826,126.8441,137.4839,166.968,167.2718,160.5716,138.0051,143.6391,168.4384,93.3937,129.4203,80.6281,147.7129,137.6987
2016-12-06,104.091,94.3328,137.1229,126.7035,136.9443,167.6262,167.446,159.6213,137.9783,144.0773,167.2149,92.9173,128.5413,79.9765,147.4382,137.7122
2016-12-07,105.023,94.2377,137.7067,127.5021,137.5507,168.7939,168.3136,160.9602,138.8798,144.6123,166.4828,93.0695,129.643,80.7251,147.6418,137.7392
2016-12-08,106.6218,94.8925,138.2875,127.6678,139.2292,168.7224,167.6897,161.9106,139.4453,145.3514,166.4311,93.0758,128.9772,82.2572,148.6517,137.8286
2016-12-09,105.708,93.5056,137.6267,127.2814,138.0647,167.3546,166.7001,160.9537,139.1013,144.9824,166.2925,93.4407,127.5359,79.4246,149.9097,137.8191
2016-12-12,103.1705,91.959,137.4453,126.7745,135.8401,166.5989,166.2645,160.3759,138.1394,144.7815,165.4459,92.4877,126.1045,76.6906,150.4764,137.8117
2016-12-13,101.1981,91.9729,137.1688,126.4991,135.8171,166.9743,166.3388,160.3779,138.0353,144.8981,162.8821,90.7642,124.7992,74.4768,150.5283,137.8577
2016-12-14,101.5676,93.4709,137.1501,126.4252,136.2969,168.6394,167.0798,160.9959,139.5452,145.1125,163.9889,91.0257,123.8423,73.4409,151.6796,137.9399
2016-12-15,100.5751,93.6011,137.5353,126.2483,135.5391,168.5551,166.9749,161.4924,139.3132,144.849,163.315,91.6282,124.2402,72.7665,151.1378,138.0636
2016-12-16,100.3178,92.7455,137.8806,126.6367,135.7069,168.8505,167.5277,162.2107,139.8195,145.0512,163.7801,90.7399,125.1926,71.9275,150.8059,138.1005
2016-12-19,99.3837,91.8441,137.8338,126.3073,135.8077,167.6571,166.1116,161.3532,139.615,145.4647,164.5516,90.5628,124.3432,70.68,150.6662,138.13
2016-12-20,101.5887,92.4293,137.9584,126.498,137.6866,168.69,166.933,161.9524,140.8776,145.9861,164.9793,90.125,124.6261,71.3656,150.216,138.1858
2016-12-21,101.6966,92.9378,137.7583,126.078,137.7853,168.2781,166.2828,161.6703,141.3939,146.2252,165.8036,91.3134,124.1911,71.0676,149.6344,138.2688
2016-12-22,102.8723,92.0092,137.5778,126.146,137.6245,169.948,167.1202,162.0438,141.465,146.292,164.6304,90.5104,125.3337,70.8866,148.9202,138.2452
2016-12-23,102.4582,91.3702,137.6357,125.9354,137.8997,169.2485,165.9401,162.0173,140.9618,146.6632,164.0769,90.5247,125.5034,70.5019,148.7236,138.3015
2016-12-26,103.9546,91.4354,137.5456,126.029,139.3985,169.3134,166.242,162.5818,141.0314,146.9686,164.6205,89.9421,126.4234,71.5354,148.6553,138.4248
2016-12-27,105.2598,92.0625,137.942,125.9634,139.8605,169.4019,165.9476,163.2351,141.7276,146.868,165.6562,90.1052,126.3692,72.5469,148.4595,138.5073
2016-12-28,104.8971,92.1428,138.1291,126.3409,140.1184,169.4818,166.8791,162.924,141.0986,147.6394,165.6644,90.2744,127.3857,73.1175,149.1734,138.4625
2016-12-29,106.3031,92.8953,138.2237,126.0003,139.6814,168.542,165.9414,162.6476,141.2335,147.8418,166.8117,90.2472,128.1201,74.5107,150.3214,138.5295
2016-12-30,104.3566,93.0535,138.1266,125.7576,139.3838,167.2136,164.768,162.2373,140.4682,147.587,165.7604,91.2906,127.9537,73.8128,149.8226,138.5399
2017-01-02,106.4841,93.9561,138.2072,125.3406,139.639,167.1007,164.3247,163.095,140.9885,147.5447,167.0887,92.0571,127.9258,75.3052,150.3171,138.5325
2017-01-03,104.2914,93.8131,137.8386,124.5083,139.5912,166.6878,164.2596,163.3318,139.6508,147.7445,165.6932,91.573,125.8563,74.9443,148.8812,138.4509
2017-01-04,102.3137,91.9208,138.484,125.0566,139.4654,166.5075,163.7129,163.3522,138.5307,147.5062,164.3172,90.6181,125.653,74.2165,148.1833,138.5835
2017-01-05,101.8416,91.6212,138.5731,124.8811,139.7995,167.3487,163.3457,164.2095,137.3281,147.6903,162.9295,90.4206,126.5938,74.4629,148.1763,138.5464
2017-01-06,101.6622,90.4845,138.0033,124.4315,139.4731,166.8694,163.0039,163.7381,136.3166,147.5423,162.8086,90.736,125.4494,73.653,148.3718,138.5321
2017-01-09,102.0032,91.1975,138.41,125.0462,141.5304,167.0408,163.6613,164.2666,137.8131,148.1325,163.5467,89.0626,125.6435,73.6869,148.4356,138.517
2017-01-10,100.6152,90.1275,138.5894,125.1841,140.2062,166.7437,163.3131,163.8641,136.6825,147.833,161.8022,88.9739,125.1388,73.0065,149.0317,138.5315
2017-01-11,101.9054,90.3736,138.5212,125.2209,140.2762,168.3622,164.4041,164.2432,136.9171,148.0528,161.7162,88.5864,126.8057,73.731,148.5085,138.5515
2017-01-12,103.0409,91.3094,138.3287,124.9058,141.0958,168.9402,164.8634,164.7333,136.9515,148.0391,162.4834,88.2367,127.6552,73.9634,149.2281,138.6088
2017-01-13,103.982,90.622,138.4856,124.9691,140.4291,168.6461,164.776,164.6999,137.1315,148.1384,162.6693,88.2851,126.4855,74.6098,149.7507,138.5739
2017-01-16,104.1405,91.0393,138.233,124.7197,141.1841,169.5703,165.7095,165.3183,136.6647,148.0644,161.8117,89.4309,126.2057,74.0259,149.6709,138.5778
2017-01-17,104.4611,91.6246,138.3522,124.811,140.6431,168.9894,165.7175,165.8022,137.8169,148.4238,162.1891,90.1178,127.3522,73.9258,149.8525,138.6098
2017-01-18,103.7173,91.2477,137.8903,124.5083,141.1675,168.8269,165.8202,165.9859,136.9014,148.4991,159.6301,88.7783,128.2172,72.9365,149.482,138.5286
2017-01-19,105.3954,92.2481,137.932,124.6609,142.2676,169.3396,165.102,166.6366,137.3186,148.766,159.3305,89.1316,130.473,74.473,150.0067,138.5046
2017-01-20,103.4304,91.5406,138.3484,124.7196,141.4371,169.3693,164.9058,167.2754,137.2059,148.5513,159.1429,89.3081,129.8678,73.1567,149.3796,138.6159
2017-01-23,101.0108,89.8532,138.2997,124.7127,140.7156,168.6971,165.0833,166.8759,136.5166,149.0683,158.8748,88.5332,128.4406,70.92,149.6448,138.7022
2017-01-24,101.2177,90.6019,137.6869,123.8972,140.7272,168.0612,164.3471,166.3135,136.2172,149.2065,156.6011,88.8121,127.947,70.0532,149.933,138.702
2017-01-25,102.2067,90.5283,137.4313,124.1122,140.2617,169.04,165.062,166.2274,137.1382,149.599,157.3493,88.7749,129.1964,69.7397,150.4696,138.6896
2017-01-26,101.1639,89.3028,137.745,124.0493,139.6816,169.2394,165.0897,167.3724,136.5118,150.1492,157.6388,88.702,129.0514,69.1248,150.7977,138.778
2017-01-27,101.1388,89.2728,138.4333,124.3494,139.0825,169.3454,165.3286,167.7581,137.2609,150.243,158.4423,87.6726,128.948,69.2897,151.1687,138.7456
2017-01-30,99.9864,87.578,138.3535,124.515,136.5679,169.4893,166.2344,167.2212,137.1522,149.5827,158.9296,88.3884,128.8638,67.8935,149.9925,138.7615
2017-01-31,99.1983,87.7485,138.919,124.7756,137.7266,168.8175,165.6568,167.4309,136.7881,149.1696,159.2435,89.7899,127.3444,68.1184,149.6552,138.729
2017-02-01,99.8381,88.4345,139.107,124.9804,137.4994,168.1549,164.3753,167.3621,137.6584,148.782,160.3534,88.065,128.6733,69.4002,150.2779,138.7708
2017-02-02,102.1927,90.2573,138.3062,124.2856,138.1199,167.9589,164.3809,167.5303,138.3928,148.2693,161.6044,88.3467,128.5601,70.5857,150.8303,138.8175
2017-02-03,102.1542,89.8522,137.865,123.7561,136.7461,167.784,164.6505,167.222,138.3722,147.8486,161.5064,87.2159,126.7613,70.4449,150.3945,138.8376
2017-02-06,103.5242,90.9482,137.6349,123.9482,137.769,168.6909,164.4594,167.1769,138.3962,147.8065,161.1371,88.8572,127.8726,70.8821,151.8311,138.9259
2017-02-07,104.4027,91.6668,137.2734,124.1073,139.115,169.229,166.1519,167.8697,138.8129,147.7603,161.3609,89.3954,127.5688,70.3083,152.8291,138.8762
2017-02-08,104.7328,91.4443,136.9805,123.711,138.3661,168.7971,165.8486,167.5529,138.3503,147.2498,161.005,90.1252,129.2045,69.7387,152.2374,138.8298
2017-02-09,104.5621,91.7437,137.4918,123.8597,138.5451,168.8085,165.8791,168.4424,138.2032,146.885,161.3467,91.0391,129.0157,70.6755,151.5707,138.8883
2017-02-10,105.6508,92.3832,137.334,123.7446,138.1163,169.3728,166.7437,168.9041,138.7729,147.0159,161.2497,92.3344,129.8365,71.6081,150.5907,138.9025
2017-02-13,104.4238,92.0627,136.1892,123.1315,137.1672,169.0051,166.7259,167.8085,138.8445,146.3051,161.6218,90.2716,127.802,70.4569,149.8743,138.7858
2017-02-14,105.3246,93.0078,135.8164,122.6866,138.6708,169.337,167.0154,167.8484,138.6443,145.8697,162.2406,90.8907,127.5848,70.5946,149.1959,138.7331
2017-02-15,108.1784,95.2217,135.9955,123.1279,140.1282,171.2776,168.9902,169.412,139.7428,146.4532,162.4484,92.138,129.3216,72.6997,150.2029,138.8418
2017-02-16,108.4721,95.0676,136.3198,123.3888,140.3399,172.5409,169.8912,171.015,140.0151,147.564,162.1421,92.4307,130.363,73.0272,150.7569,138.7838
2017-02-17,109.7324,95.3355,135.8951,122.9709,139.8585,171.7627,169.2678,170.7021,140.4682,146.9338,164.2069,92.8271,132.6062,72.0267,151.5031,138.874
2017-02-20,110.3545,95.4667,135.2078,121.8773,138.3624,169.6847,167.5452,169.6277,139.692,146.1404,164.1307,93.8738,132.6977,72.1531,151.0819,138.9415
2017-02-21,113.4568,97.1156,135.1666,121.8289,140.0498,171.4697,168.7668,170.569,141.1231,146.3151,164.0682,94.7776,133.4315,72.0277,151.7911,138.8129
2017-02-22,113.8382,97.2789,135.0129,121.9071,139.5094,171.2711,169.374,170.1188,140.9722,146.5717,163.9011,95.3565,134.0632,72.0982,152.7241,138.8558
2017-02-23,113.108,97.0994,135.0053,122.2261,138.9625,171.4888,171.0055,170.4524,141.0343,146.7359,163.8722,93.8305,134.5285,73.2526,151.3427,138.793
2017-02-24,112.5579,96.5602,135.3902,122.6294,137.6223,171.206,170.4722,170.6873,141.9222,146.5217,164.7614,93.7599,134.8204,73.3395,151.2108,138.8797
2017-02-27,114.0075,97.423,135.3328,122.5706,138.3623,171.7905,170.738,171.2943,142.8431,146.7343,166.6911,92.8248,135.7306,74.3198,151.4416,138.8271
2017-02-28,113.2961,96.5489,134.7147,122.1502,138.55,170.6971,169.0092,170.123,141.6908,145.8061,165.056,92.5787,134.7514,73.7924,150.3324,138.8066
2017-03-01,111.5871,95.6132,134.569,122.3576,138.1242,172.2261,169.4143,169.9411,140.9565,145.7372,163.912,92.3667,132.9766,72.9769,150.2612,138.9052
2017-03-02,111.9519,96.0583,133.9541,121.8089,138.1983,171.7221,169.3036,170.2451,141.223,146.0837,162.5065,92.2528,133.2698,72.2149,150.3034,138.9792
2017-03-03,112.9877,97.0326,133.2752,121.4517,139.6215,171.3739,169.0841,170.0109,141.0036,146.2069,160.0333,92.7607,134.0601,72.1605,150.0995,139.0008
2017-03-06,113.6608,98.004,134.0146,122.562,139.0365,171.23,169.3995,170.2081,143.4837,146.4553,164.3783,92.8698,135.1119,73.5213,151.7006,139.0254
2017-03-07,114.4458,98.2117,134.2166,122.9013,140.7138,172.0442,169.2137,171.4223,144.8711,146.639,164.9007,92.7646,135.6223,73.2594,151.0915,139.1425
2017-03-08,113.6946,97.622,134.8764,123.2902,141.4043,171.8326,169.1493,171.9059,144.4743,147.4919,164.9103,91.3954,137.0613,73.6625,151.1983,139.105
2017-03-09,110.1248,95.3639,134.912,122.7785,139.6352,169.9781,167.0473,170.6936,142.6164,146.8053,163.9299,89.8223,135.0936,72.0738,150.1767,139.0184
2017-03-10,108.0555,94.3195,134.9221,122.5237,138.8138,168.6137,164.8648,170.3676,141.6653,146.2319,162.8937,89.5761,134.532,71.9394,148.8829,138.9328
2017-03-13,107.2062,94.3647,134.3914,122.8116,138.8005,168.3028,165.1858,169.7573,142.4012,146.2591,161.4057,89.45,134.1783,70.8485,148.6016,138.968
2017-03-14,105.6972,93.7568,134.3711,123.2998,138.6646,168.3899,165.2323,169.7925,143.092,146.3867,160.0413,89.4261,134.1481,69.8081,147.49,138.9997
2017-03-15,106.3309,93.9933,135.0189,123.6866,138.2848,168.8361,165.8482,170.3821,143.8526,146.5397,162.7188,90.8709,133.378,71.2752,147.5119,138.9657
2017-03-16,104.6605,92.9824,134.9187,123.2011,137.614,166.9273,164.4522,169.5372,142.6713,146.0473,162.1805,89.9752,132.4824,69.6337,147.9784,138.9115
2017-03-17,107.3125,94.3088,135.2408,123.5566,138.6884,167.3318,164.8292,170.3711,144.1752,146.1521,162.2991,90.8768,133.4809,71.1489,148.2129,138.8916
2017-03-20,107.637,95.1157,134.662,123.2383,138.1952,168.1061,165.9713,169.8753,144.9663,146.3142,163.2406,92.0215,132.5601,71.151,147.2506,138.968
2017-03-21,106.6616,93.7642,134.7455,123.3502,137.8646,167.5963,165.9359,170.1027,145.0071,146.1323,164.1969,90.6481,132.8107,69.2786,147.9441,138.9266
2017-03-22,106.7531,93.2027,134.9061,123.5958,137.4334,167.9565,165.7985,169.7654,144.0413,146.0299,163.666,91.0163,133.2262,70.2136,148.1036,138.9631
2017-03-23,105.2832,92.6161,134.9398,123.4025,136.4351,168.3173,166.4282,170.642,144.3075,146.0304,164.0107,91.5576,131.2362,68.3761,148.5385,138.8503
2017-03-24,104.8169,91.8923,135.4313,124.3334,138.2244,170.0572,167.5816,171.7421,145.6727,146.6861,164.1186,91.8719,130.7032,66.8032,148.1425,138.9241
2017-03-27,107.2131,93.9341,135.1892,124.6546,140.4451,171.3086,169.0044,171.3248,146.9408,147.4152,165.3203,93.846,131.7965,68.2938,147.6236,138.9149
2017-03-28,105.39,93.07,135.1675,124.7195,138.5168,172.1524,169.4594,171.2086,146.303,147.2716,165.3732,93.4593,131.0208,67.6368,147.9189,139.0795
2017-03-29,106.5472,93.9296,134.7939,124.4031,140.0803,173.754,169.9944,171.2413,146.1084,147.8513,164.0203,92.4209,133.0646,67.3006,147.9829,139.0524
2017-03-30,107.4917,94.1919,135.1499,124.6766,140.2669,172.9819,169.9272,170.411,146.3452,147.5437,165.7244,92.4841,133.7597,68.4599,147.6211,139.1022
2017-03-31,107.45,94.9004,136.0728,125.5524,142.797,175.1605,170.5872,171.3722,147.8594,148.8502,166.3734,91.7996,134.5225,68.4896,147.2893,139.1686
2017-04-03,110.3588,95.8461,135.5629,125.7262,144.767,176.767,172.6635,171.8221,149.1744,149.2705,167.2645,93.2442,133.1042,68.8408,148.0085,139.1719
2017-04-04,109.9139,95.104,135.1094,124.73,142.0589,175.14,171.313,170.6982,147.8379,148.5145,166.2111,94.2128,133.5509,67.8573,147.8998,139.2335
2017-04-05,108.6624,94.3123,135.4751,124.8606,141.6524,175.1177,170.4874,170.6836,147.8381,148.1569,165.1368,93.2978,132.3709,67.1123,147.4671,139.2474
2017-04-06,110.3826,94.6092,135.7006,125.2444,141.9929,175.7483,170.9545,171.4308,148.873,148.574,166.3701,94.1516,132.9561,68.1357,148.0042,139.2827
2017-04-07,108.9947,93.7462,136.0743,125.9663,142.2949,176.5237,171.7222,172.056,148.7265,148.9397,165.5609,94.2861,131.988,67.6735,148.3314,139.3015
2017-04-10,107.8024,92.3921,135.908,126.0127,141.6843,177.0014,171.8261,171.7611,148.6621,149.1185,166.0304,95.2678,129.3199,66.5589,148.1598,139.2226
2017-04-11,109.0106,92.8439,135.8773,125.8229,142.4227,177.169,171.5387,172.098,148.6611,149.5141,165.4603,95.775,129.7096,67.6179,147.6644,139.2792
2017-04-12,108.8968,92.9449,136.2698,126.1939,143.1819,176.7226,170.9297,172.4248,148.3836,149.716,165.944,96.0955,131.2974,68.2593,148.1242,139.228
2017-04-13,107.3641,91.7918,136.0757,125.8906,143.1579,178.5556,171.1852,173.1697,147.9068,149.9906,164.984,97.2672,128.853,66.303,147.549,139.224
2017-04-14,105.3947,90.7406,136.0546,124.9819,142.4942,176.3546,169.2254,173.0839,145.7538,149.156,163.3857,96.7375,127.5837,65.9373,146.1809,139.266
2017-04-17,106.3984,91.3473,136.3113,125.6616,145.1615,176.9723,169.3627,173.2404,146.1839,149.5011,163.4685,96.2308,129.0563,66.3028,146.7744,139.1848
2017-04-18,107.5249,92.798,136.0749,125.7417,144.706,178.0421,170.6721,173.3232,147.5015,149.5454,165.2994,96.2496,130.6488,67.0542,146.8503,139.1439
2017-04-19,107.5615,91.8686,136.4204,126.494,145.2959,178.588,170.2787,173.3415,148.463,149.5876,166.9399,96.4707,131.5286,66.3979,146.7453,139.1684
2017-04-20,109.3537,93.2052,135.8768,126.0721,146.0741,178.7711,171.2285,172.8484,148.1882,149.3947,166.0011,97.3425,131.767,66.6795,147.2861,139.1401
2017-04-21,107.5491,92.4267,135.668,126.2298,146.2046,178.7029,171.47,172.4106,147.8692,149.5299,164.6048,97.5616,130.9814,65.6935,145.8275,139.2387
2017-04-24,106.0963,91.3347,135.4217,126.2839,145.3705,177.9756,171.0848,171.6257,146.9314,148.8818,163.6279,98.0438,130.782,65.184,144.5556,139.3026
2017-04-25,105.2207,90.9455,136.2264,127.6545,146.5215,179.2274,171.6675,172.6112,148.4758,149.6641,163.9192,98.1089,130.6722,64.8652,144.8612,139.384
2017-04-26,105.7002,90.3049,136.7849,127.6441,148.0132,180.7902,172.4401,174.3092,148.7895,150.8682,163.0275,96.7648,130.1665,64.3703,144.7941,139.3067
2017-04-27,106.1487,90.3161,136.7319,127.2949,146.577,180.7001,172.5491,174.7501,149.8014,151.3272,164.6253,96.7838,129.9346,64.2585,145.317,139.2732
2017-04-28,106.441,89.9661,137.5582,127.5869,146.9942,180.9582,173.0504,175.6681,150.2278,151.9432,165.2709,96.1382,130.121,63.7264,146.4173,139.1805
2017-05-01,107.7323,90.9277,136.9796,127.0637,147.9347,182.2812,173.0315,175.5469,150.2985,151.8365,165.1287,96.8269,130.7295,63.5482,146.2791,139.2684
2017-05-02,106.9527,90.5271,137.4857,127.1166,147.9059,181.1541,171.6009,174.9726,150.0867,152.2883,164.6257,97.0521,129.9923,63.8464,145.7981,139.3061
2017-05-03,107.9215,90.6146,137.4563,126.8286,147.1864,180.2602,170.5035,174.5253,150.8919,152.2941,164.0066,96.5102,130.2284,63.5455,146.3128,139.2136
2017-05-04,107.3099,90.5299,137.2009,127.0904,148.6692,180.8866,169.9705,174.3233,151.0113,152.1483,163.486,94.8891,129.0081,63.7265,145.8788,139.1763
2017-05-05,105.4639,89.8859,137.4649,127.3401,147.1256,180.7758,170.4578,174.1279,151.0955,152.2665,162.7839,94.1025,127.1649,62.6297,146.7596,139.1629
2017-05-08,106.9702,90.4306,137.57,127.8282,147.762,180.422,171.6365,174.4137,151.7795,152.4549,162.6479,94.289,127.3784,63.8048,147.1349,139.2273
2017-05-09,106.3842,90.1562,137.8663,127.8717,147.2351,179.9438,171.2035,174.3297,151.1249,151.6991,163.4405,94.0758,126.8576,63.6904,147.8916,139.1971
2017-05-10,105.7197,89.5091,137.8808,127.7811,146.1568,178.4885,170.3034,173.7147,150.6997,151.5179,163.9654,93.3677,127.3762,64.1408,147.3296,139.1993
2017-05-11,104.058,88.2484,138.0471,127.4499,144.3209,177.8686,169.1508,173.8262,150.2807,150.9378,164.0873,93.2553,126.3468,62.826,147.0946,139.1817
2017-05-12,104.7826,88.5678,138.2489,128.2168,144.9857,179.0998,169.4867,174.0607,151.3283,151.2202,166.6839,92.7459,126.115,64.4522,147.6066,139.2658
2017-05-15,107.0641,90.1923,137.1363,127.3336,145.2514,179.45,169.7697,173.47,151.868,151.0808,167.3423,92.6564,126.5723,65.4661,147.3366,139.2814
2017-05-16,107.2234,90.5993,137.2068,127.4074,146.3845,179.1822,169.3116,173.267,151.0407,150.7435,166.891,92.8876,127.1513,65.7182,147.8529,139.3445
2017-05-17,105.6933,90.1738,138.0299,128.3327,146.3167,178.8606,168.7882,172.6585,150.9329,150.5207,168.0553,93.1633,128.2049,65.7254,147.8325,139.3971
2017-05-18,104.4004,89.035,138.1369,128.8761,145.6514,178.7884,168.9211,172.3652,150.2165,150.4548,166.4635,92.5172,127.3818,65.5394,148.1414,139.4164
2017-05-19,106.7138,90.6284,137.218,128.3062,146.4911,178.4844,168.2578,171.3051,151.091,149.9448,167.5923,93.6216,128.0564,66.3768,147.6158,139.3933
2017-05-22,105.8373,89.8563,137.8343,128.3764,145.0771,178.0349,167.5713,171.5282,151.4418,150.0004,169.0984,93.4083,127.2212,66.2802,147.7241,139.4122
2017-05-23,106.2811,89.3512,137.7494,127.792,144.1302,177.3709,166.7892,172.0935,150.496,149.4546,168.9366,93.1883,126.7189,67.2085,147.4314,139.4234
2017-05-24,104.4041,88.6775,138.6087,128.2602,143.7414,178.0513,167.7741,172.7274,150.1088,150.0322,169.8995,91.0633,126.8926,66.7934,148.0901,139.3793
2017-05-25,106.4077,89.9046,137.7417,127.1195,143.5028,178.5237,166.7828,172.3697,150.0816,149.2036,170.8044,90.8278,127.3687,67.543,147.9909,139.3866
2017-05-26,106.8816,89.9076,138.0067,127.5068,143.4745,180.3428,167.6608,173.0627,150.8655,149.1135,170.6889,91.1734,127.0367,67.5802,147.6677,139.4257
2017-05-29,107.02,89.2106,138.1233,127.4514,142.7102,180.5268,167.7389,173.8033,150.3338,148.8471,169.2677,91.6807,127.8497,67.2659,147.5126,139.3825
2017-05-30,105.7379,88.7882,138.5136,128.2463,143.4853,181.4387,169.4139,174.8148,151.1475,149.3387,168.768,91.7689,127.0516,66.0327,147.3797,139.3374
2017-05-31,102.5717,87.7157,138.7022,128.1663,142.032,180.3084,168.0534,174.3307,149.482,148.7184,168.0028,91.1905,127.9772,65.4904,145.9367,139.3764
2017-06-01,101.398,86.7443,139.4352,128.9726,143.3731,181.2551,168.2584,176.0739,149.6286,148.5581,167.4769,89.4322,128.2462,64.6348,145.9019,139.3852
2017-06-02,101.1065,86.924,139.2374,128.8997,143.8323,181.5778,169.8984,176.0096,149.7712,149.6913,167.8221,88.5746,128.7567,64.3734,145.619,139.4396
2017-06-05,100.3049,86.7739,138.5872,129.0845,145.1342,182.1782,170.9654,175.5868,151.7396,149.9911,167.4246,87.9121,127.2354,61.0762,145.5589,139.51
2017-06-06,100.4069,86.5886,138.3426,128.8246,146.1692,182.3507,169.8605,175.5444,151.3951,150.4071,166.6951,88.1086,127.8692,60.9279,145.0239,139.4961
2017-06-07,100.9177,86.6832,138.0269,128.6085,146.3322,182.3027,169.5305,175.4634,150.8711,150.253,165.9,87.8658,128.5027,61.6241,144.64,139.4168
2017-06-08,101.6834,86.8229,138.3282,128.6803,145.3712,181.5283,169.1469,175.7251,151.4863,150.712,165.969,87.3391,130.5622,62.8629,144.2668,139.4624
2017-06-09,99.2269,84.9892,138.4296,129.0032,144.5179,181.3957,168.8647,175.6332,150.9887,150.3987,165.9365,85.8649,127.6128,62.5706,142.9737,139.4246
2017-06-12,101.8356,87.1345,138.6498,129.1129,146.4725,182.3491,170.2639,177.1944,153.1083,151.3804,167.3262,86.7525,128.8731,63.7037,143.5985,139.4243
2017-06-13,102.9669,87.0669,139.3774,130.2165,147.7846,183.4333,171.6373,178.2908,154.6997,151.7293,167.1378,85.9406,129.8852,63.7233,144.0166,139.4959
2017-06-14,102.7961,87.598,139.4874,130.353,147.7794,182.4112,171.741,178.6527,155.1873,151.6415,168.3075,85.0793,131.7086,63.5781,144.7195,139.5435
2017-06-15,102.5701,86.9956,139.3512,129.8397,146.7636,182.1201,170.4935,177.6458,153.9586,151.0831,166.7359,85.4312,129.8788,63.3085,144.9559,139.4898
2017-06-16,102.4622,86.8628,139.1065,129.9373,146.5838,182.242,171.5134,177.4932,154.8107,151.1943,167.8344,86.4669,128.0666,62.1433,145.6328,139.4961
2017-06-19,100.9105,86.3661,139.1895,129.7242,146.2604,181.9756,171.9663,178.3297,155.0811,151.9513,166.7583,85.8391,126.754,60.6952,145.6453,139.4768
2017-06-20,99.4463,85.6443,139.3422,130.3287,146.0755,181.0277,171.5517,178.3442,155.1896,151.7093,166.1508,85.5199,127.3072,59.8879,145.667,139.5018
2017-06-21,100.5772,86.3168,138.8559,130.3289,146.5968,181.32,171.8174,177.7875,155.5655,151.7893,165.5703,85.1078,126.5459,60.6439,146.2025,139.5875
2017-06-22,101.5643,87.1418,139.473,130.6342,147.6415,182.3721,172.4705,178.8659,156.2426,153.3077,167.3727,85.7568,128.1472,61.6172,147.3211,139.5538
2017-06-23,100.5913,86.2683,139.2033,130.4679,146.7193,182.373,172.1131,177.7258,154.9546,152.9994,166.2991,85.9912,126.8076,61.6782,146.4896,139.5655
2017-06-26,101.638,87.0805,139.1378,130.2251,147.1015,182.2683,172.4772,177.5401,155.7638,153.3263,167.9537,87.3344,127.1998,61.795,146.2492,139.5192
2017-06-27,99.9887,86.9804,138.8212,129.716,146.9505,180.6258,171.359,176.9256,155.2,153.0718,166.8756,87.0181,127.0447,60.6506,145.3785,139.5702
2017-06-28,102.7691,88.7136,138.8832,130.0147,147.8973,181.0676,172.528,177.1504,155.9276,152.9367,166.6706,87.6724,130.9915,61.9005,145.8309,139.6217
2017-06-29,103.2526,89.2566,138.4749,129.6148,148.264,181.1633,172.6202,176.4437,154.5249,152.042,165.4183,86.8846,131.1644,62.4604,145.854,139.5854
2017-06-30,102.6505,88.8368,138.0713,129.2859,147.616,181.0522,171.9526,175.4711,153.8504,151.642,165.0099,85.8742,130.373,62.4359,145.3117,139.5969
2017-07-03,102.5461,88.5307,137.8906,129.3315,147.6725,181.3622,172.4945,175.603,153.4952,151.9624,163.6462,85.7647,131.6241,62.3872,144.5402,139.6444
2017-07-04,102.021,88.3813,137.5048,129.0693,148.2443,181.0002,172.5536,175.6684,153.0786,152.1618,161.4298,85.5887,130.2701,62.0953,143.8034,139.6354
2017-07-05,101.968,88.8817,136.9772,128.3218,148.0048,180.2707,172.1976,175.1637,151.9542,151.9014,160.9578,85.1698,129.7088,62.1352,144.4185,139.691
2017-07-06,101.8311,88.4086,137.2395,128.9354,148.8261,180.8591,173.6941,175.7682,153.874,152.4597,162.3664,85.1911,129.2509,60.5846,144.1956,139.7624
2017-07-07,100.8444,87.1268,137.3303,129.2281,148.6766,180.8946,173.8846,175.954,152.6661,152.4242,161.3667,86.143,129.0206,59.7768,144.5293,139.7987
2017-07-10,103.3314,88.32,137.6248,129.583,150.0653,181.089,174.1925,176.2288,153.87,152.5942,163.4967,86.6031,130.9378,61.2029,145.0275,139.7905
2017-07-11,103.5788,88.0524,137.9339,129.814,149.585,180.665,173.6265,176.8339,155.0985,152.0136,164.2772,85.6882,131.5,60.6508,145.2981,139.819
2017-07-12,106.5837,89.6836,137.791,129.7297,151.6098,182.3597,174.185,176.9817,155.927,152.5235,164.7534,85.6204,132.6022,62.2151,145.6119,139.8222
2017-07-13,106.3234,91.0073,137.4211,129.0196,150.8463,182.257,174.0561,176.589,154.5417,151.8197,165.5097,85.9143,133.2922,63.0447,146.0718,139.8168
2017-07-14,107.2678,91.6858,136.5767,128.4962,151.2494,181.6321,174.4225,176.5005,155.1978,151.1008,166.7881,86.4624,132.7648,62.2107,146.2678,139.8893
2017-07-17,106.4399,91.7704,136.1768,128.3613,152.2718,182.5719,174.3304,176.5261,155.8676,150.9309,165.7232,86.1134,130.3258,60.6305,146.1429,139.8749
2017-07-18,106.0197,91.4997,136.8571,129.1163,153.562,182.7371,174.3674,177.733,156.4612,151.7799,164.9132,87.1598,131.1805,60.4699,146.0399,139.9529
2017-07-19,102.959,89.5323,136.8923,129.5997,153.1004,182.759,174.5289,177.8952,156.1268,152.0041,163.9004,86.1735,129.9829,58.7788,145.1769,139.9392
2017-07-20,101.768,89.3401,137.2376,129.8247,152.3899,183.5587,174.7849,178.3383,156.2615,152.2959,163.574,84.8203,129.611,58.8563,145.0711,139.9616
2017-07-21,102.6027,89.777,137.6413,130.772,153.9185,185.0438,175.1529,178.4024,157.0675,153.1967,165.0569,84.6344,131.3202,59.8152,145.976,139.9802
2017-07-24,101.0011,88.7808,137.457,130.373,152.5853,184.191,174.9591,178.1664,155.6747,152.162,163.7975,86.2388,130.1157,58.1564,145.5314,139.9909
2017-07-25,100.5925,88.4958,138.2416,131.0237,152.5371,184.3058,174.4945,177.9278,154.9389,152.8003,163.1375,86.816,131.2019,58.666,146.6429,140.0368
2017-07-26,101.0764,89.2466,138.8313,131.7011,155.0067,184.6445,174.0235,179.0406,157.2452,153.5743,163.6561,86.8988,131.004,58.7153,146.3532,140.0503
2017-07-27,99.4151,89.2076,138.6578,130.9556,154.2793,183.7883,172.4944,178.657,155.646,153.4364,163.509,87.3455,130.4344,58.133,146.6835,140.1689
2017-07-28,101.3552,89.621,138.1713,131.1112,154.6398,185.0645,172.9495,178.2221,156.5981,153.4614,166.3474,87.6512,131.2932,58.9994,147.1026,140.2715
2017-07-31,99.3379,88.7051,139.0393,131.9008,154.1361,183.8832,173.0346,178.6918,156.5076,153.5466,166.1655,87.9271,131.8987,58.8202,146.1442,140.2996
2017-08-01,100.1178,88.5763,139.2605,132.0956,154.6057,184.2272,172.9889,178.8699,157.1776,153.3055,166.8435,87.7517,132.1142,59.0609,145.4301,140.3409
2017-08-02,102.0213,90.3815,138.5178,131.897,156.3447,185.5006,173.8737,178.1468,157.4433,153.735,167.1513,88.5979,132.509,60.1703,145.7888,140.3326
2017-08-03,104.5901,92.7421,138.8282,131.7303,158.3628,185.7365,174.0047,179.3212,159.5061,154.1484,169.4498,90.239,133.625,61.1394,146.2008,140.3423
2017-08-04,103.4546,91.7343,138.8263,131.7948,159.2389,185.8921,173.1578,179.4306,159.0613,154.2763,168.7912,91.1186,132.5017,59.8302,146.0939,140.4521
2017-08-07,103.0464,91.4348,139.5841,132.0896,159.4249,184.5717,172.6649,179.7788,158.744,154.9921,169.5143,91.6115,133.8304,59.9447,146.7842,140.4929
2017-08-08,104.234,91.7865,139.4409,132.4877,160.5933,185.7143,173.3642,179.6398,159.3917,155.325,170.6463,91.8692,133.7445,60.8504,146.8423,140.5159
2017-08-09,104.2314,91.9501,139.6086,132.7299,161.8571,186.4418,173.5962,180.4902,160.6476,155.4777,172.1097,91.3103,133.2309,60.2506,147.0592,140.4984
2017-08-10,103.5863,92.6561,139.9387,133.448,163.2747,187.6354,174.8116,180.885,160.9834,156.039,171.9913,92.8673,133.4738,60.6873,146.2021,140.5878
2017-08-11,105.4587,93.9033,140.0921,134.1366,165.7006,188.7876,177.078,181.6205,161.9334,157.093,172.7396,92.78,133.9686,61.7942,147.5312,140.6487
2017-08-14,105.5197,94.5049,139.8476,134.3321,167.3909,190.4159,178.4239,182.241,163.1049,157.8885,172.3843,92.9595,134.0092,61.4394,146.3861,140.6872
2017-08-15,106.2007,94.4934,140.0088,135.1087,168.6387,191.8247,179.5321,182.5108,164.4691,157.8469,172.2964,93.2762,133.4734,61.3066,145.8376,140.742
2017-08-16,107.7135,95.7932,140.3044,135.4345,169.2198,192.4904,181.0722,182.8103,164.8801,158.4789,173.2759,93.7445,136.2334,62.7464,146.0089,140.6949
2017-08-17,109.0086,96.7474,140.2184,134.9848,169.5417,192.2869,180.997,182.3938,164.0992,158.2708,173.2213,94.162,136.6301,63.5546,146.6415,140.6991
2017-08-18,107.4469,96.3415,140.6155,135.0904,168.1376,191.5357,180.3305,182.2625,163.9128,158.1314,172.7867,93.725,136.6964,63.3261,146.2969,140.6895
2017-08-21,108.5554,96.7452,141.1257,136.3099,169.4735,192.8643,181.6618,183.7001,166.0906,158.9126,173.7502,95.7004,137.8154,63.8321,146.4335,140.6579
2017-08-22,111.3898,97.7499,140.7165,135.4674,169.7979,193.3532,182.3947,183.6963,166.1612,158.9752,173.5019,97.4532,138.77,64.2798,145.9248,140.73
2017-08-23,112.0229,98.0732,140.342,135.2731,170.2141,193.8215,183.1797,183.6934,166.0299,158.4522,174.1991,98.7793,137.9057,64.0979,145.8379,140.8658
2017-08-24,113.0332,98.817,141.1891,136.2792,170.0295,194.0752,183.6165,184.1364,167.575,158.5556,175.7253,100.5738,137.7701,65.0973,147.2265,140.8179
2017-08-25,112.3904,98.2075,141.6168,136.9237,170.9921,194.9635,183.513,184.417,167.4094,159.0925,174.2489,100.463,138.1395,65.0661,146.9599,140.8474
2017-08-28,113.3423,97.7095,141.8136,137.5926,171.7036,195.7115,183.9898,185.0137,168.5655,159.1106,175.5898,100.0978,138.8117,65.0019,147.3485,140.9591
2017-08-29,111.9484,96.4792,140.9504,137.0726,171.1207,195.6649,182.3394,183.5123,167.6382,158.3852,173.7394,100.7972,136.2148,62.9272,147.2629,141.0214
2017-08-30,113.5744,97.3021,140.7012,136.8526,172.2661,194.777,180.778,183.4723,167.6742,157.9116,174.9777,100.3902,137.1178,64.5094,147.5267,141.0877
2017-08-31,113.8937,96.3564,140.904,136.7866,172.8073,196.2474,181.4314,184.5819,167.1367,158.095,175.1621,99.7586,136.838,63.9641,147.9074,141.051
2017-09-01,116.2993,96.4112,140.3073,137.1161,174.0261,197.2633,181.8391,184.465,167.5958,157.8355,174.4599,100.1772,137.3764,64.597,148.2471,141.129
2017-09-04,116.95,97.839,140.2591,136.8471,173.5929,196.8106,181.6496,184.5168,168.0631,157.9146,176.0017,100.9223,138.3887,65.5171,148.7922,141.1331
2017-09-05,116.7091,97.6286,139.8923,136.7305,173.6702,195.532,181.1848,183.7763,168.9995,158.2147,175.8752,101.2639,136.6587,65.0446,148.1823,141.1428
2017-09-06,116.9192,96.3957,140.8991,138.1901,175.0317,195.7167,181.7435,184.7446,170.7533,158.8857,178.194,100.8447,137.5216,65.1408,148.156,141.1374
2017-09-07,114.8051,95.3983,141.3802,138.7235,174.1846,195.157,180.9704,184.1539,170.2109,158.3537,176.3991,101.8149,136.809,64.1717,147.5263,141.1716
2017-09-08,116.8622,97.2622,141.6465,139.2248,178.7712,197.0106,182.1486,185.3262,171.4689,159.8051,175.4242,101.9391,137.4493,64.5398,148.7674,141.1466
2017-09-11,118.0694,97.473,141.5998,139.344,177.1634,197.8934,182.7908,184.8353,171.954,159.6047,177.0809,102.9752,137.3034,65.2781,149.4507,141.1553
2017-09-12,118.1969,97.5929,142.0621,140.0298,177.1351,199.0771,183.8973,185.1774,172.4758,160.139,177.457,103.9225,138.4982,65.3402,149.9855,141.2135
2017-09-13,114.9934,95.529,142.0677,139.8471,175.1144,198.0244,184.1728,185.3949,172.0652,160.2969,177.45,102.519,135.6164,64.2846,148.4122,141.2116
2017-09-14,116.0111,95.8969,142.0356,139.8417,176.2641,198.8204,182.9472,185.2018,172.9299,160.534,176.7556,102.3133,135.6663,64.2903,148.504,141.2095
2017-09-15,114.6435,95.0959,141.9938,140.2824,178.6221,198.7382,182.6911,185.7091,172.737,160.2722,176.2606,101.6825,134.5814,63.0982,148.3418,141.1823
2017-09-18,114.8971,94.9853,142.1079,140.537,179.8421,200.989,183.7702,187.0289,173.0045,160.7133,175.5942,102.0339,134.0932,62.6214,148.599,141.2524
2017-09-19,115.4507,95.0536,141.8577,140.3778,181.3418,200.7262,182.8764,187.1257,172.7092,161.1094,174.5104,102.4343,132.7923,62.807,149.3953,141.2639
2017-09-20,114.7867,94.6224,142.1768,140.5205,181.325,200.2302,181.8688,186.9329,172.873,160.8141,173.6094,101.7285,131.3572,62.5955,149.2034,141.2217
2017-09-21,114.3524,94.8957,141.9092,140.0791,180.5499,199.1491,181.6848,187.1407,172.3499,160.2106,172.15,100.9475,131.8048,61.8746,149.8524,141.1804
2017-09-22,115.2217,95.4465,142.2923,139.9447,181.8877,199.6037,181.6682,188.6235,172.5582,160.3494,171.5705,99.8487,131.6486,61.8501,151.1345,141.1865
2017-09-25,113.7053,94.6238,142.2994,139.5982,181.5808,198.059,179.6598,188.3716,172.0988,159.9323,170.6409,99.1923,128.9005,61.3993,150.8364,141.2161
2017-09-26,111.8021,94.4058,141.1617,137.9944,180.4583,196.7517,177.1906,186.6763,171.5305,159.6574,169.9196,98.6322,125.4927,59.4145,150.5915,141.2672
2017-09-27,112.3986,94.8634,141.1654,138.6628,181.1944,197.6841,177.4016,186.4636,173.2327,159.356,170.7469,99.187,126.1754,58.9348,150.7291,141.1992
2017-09-28,112.5317,95.2311,140.0831,137.6327,180.1342,196.0883,176.8158,185.0357,172.0185,158.6085,168.9993,97.5499,125.7951,58.8632,150.739,141.2292
2017-09-29,111.6421,95.1464,140.3816,137.5551,179.623,195.4575,176.5401,185.0336,170.7229,158.3658,166.9308,96.8429,126.7636,58.8164,150.7208,141.3164
2017-10-02,112.2371,94.7234,140.4309,137.7809,181.0993,196.1917,177.0518,186.016,171.0777,159.0441,166.7574,96.8898,126.7403,59.1782,150.0531,141.2433
2017-10-03,112.2689,94.1404,140.4223,137.6425,181.5108,195.7719,176.4724,185.2745,170.1041,159.1002,166.0393,95.8928,125.6248,59.0142,150.9636,141.3226
2017-10-04,111.4708,93.6399,140.0062,137.0086,179.8328,195.6945,176.2226,184.3245,169.5257,158.7849,166.034,95.325,124.6373,58.3787,150.394,141.3943
2017-10-05,112.8398,94.9126,140.5135,137.8462,182.3926,196.8736,177.4321,185.369,171.1053,159.5808,167.4712,92.9212,126.6845,59.8332,150.7922,141.3463
2017-10-06,112.7628,95.3944,140.8606,137.7387,182.014,196.1583,177.1203,185.7935,170.4599,159.0219,168.154,92.8429,127.1397,60.2455,151.6934,141.4071
2017-10-09,113.9962,96.3996,140.457,137.3613,182.4599,196.034,177.5009,185.6671,170.8372,158.7404,168.3336,93.2898,127.4207,60.5635,151.3819,141.3892
2017-10-10,113.3162,95.079,140.7578,137.9233,182.6427,195.878,177.1835,185.8098,171.6561,159.704,167.5219,92.5488,129.2855,59.5932,150.5996,141.3025
2017-10-11,114.5425,95.8778,140.4488,137.657,181.452,195.7668,178.123,185.6181,172.5139,159.6134,167.0471,92.2149,130.4027,59.3641,151.0259,141.3235
2017-10-12,116.7099,97.6378,140.6,137.4845,181.1348,195.9003,178.0278,185.4756,173.3779,159.1013,168.9632,91.7948,132.8704,59.9318,152.691,141.3717
2017-10-13,115.354,97.1506,141.2,138.1818,181.0295,197.0331,179.254,185.8863,174.151,159.5747,170.1647,90.6747,131.3407,60.3055,151.9682,141.4024
2017-10-16,115.8404,96.7075,140.5133,137.1993,179.5057,193.8532,176.3615,184.5759,175.1415,158.8917,172.7338,90.7161,129.6152,60.3229,151.2161,141.3833
2017-10-17,116.1014,96.7631,141.0405,137.8321,179.2626,194.8612,176.8292,185.3899,176.5925,159.1883,174.8851,91.7169,129.5548,60.6486,151.537,141.3664
2017-10-18,118.8557,98.3742,141.7732,138.548,181.5965,197.4441,178.4224,186.8412,179.14,160.7489,176.0255,90.661,131.2563,61.8207,152.6196,141.3844
2017-10-19,118.4627,98.8991,141.1206,137.6355,180.8407,197.2465,178.3036,186.0696,178.793,160.7398,176.3544,89.8995,131.8265,61.3153,151.9138,141.3712
2017-10-20,119.5062,99.8133,141.3543,137.4131,179.744,197.3173,179.4876,186.5053,179.0352,160.8917,176.3157,90.2603,131.1265,62.2934,152.4012,141.3813
2017-10-23,119.369,99.3553,140.7586,136.6853,180.0469,196.3053,179.6339,186.608,177.7677,160.9422,174.0208,90.6289,130.557,61.706,151.5723,141.3658
2017-10-24,118.9118,98.9236,140.5906,136.7734,179.2838,195.5726,180.0593,186.5179,178.9053,160.711,174.5305,91.7175,130.1782,60.6592,150.7702,141.2594
2017-10-25,119.1354,99.4221,140.6688,137.0373,179.6973,196.3431,180.8097,187.1666,179.2919,160.9325,174.2104,92.7271,131.1302,60.6816,150.6822,141.3011
2017-10-26,117.2567,99.641,141.0935,137.3589,178.102,196.5544,181.4146,186.1708,179.1678,160.8226,174.3247,92.22,129.7008,60.6815,150.8144,141.3499
2017-10-27,117.5134,99.0858,140.7714,137.262,178.3038,196.0874,181.8527,186.5153,179.8503,160.3086,174.6236,93.9996,127.3526,59.7362,150.377,141.3808
2017-10-30,117.8811,98.5868,140.9311,137.5732,178.4012,196.4079,181.9969,186.5569,179.6497,160.6682,174.3571,96.0388,128.9614,59.5194,150.0527,141.3378
2017-10-31,115.6072,96.5529,140.8095,136.8425,176.5423,195.0169,180.4652,186.2581,177.6425,160.5483,171.8972,95.1441,127.5269,58.4137,149.2926,141.3708
2017-11-01,114.691,96.7647,141.3822,136.8371,175.0314,195.3449,180.1068,186.2647,177.913,160.977,172.4065,94.4225,128.5639,58.218,149.7555,141.5556
2017-11-02,114.4592,96.9408,141.4525,137.1941,176.3317,194.6352,179.6413,185.244,177.7694,161.017,172.0628,94.7707,129.9027,57.2753,150.6274,141.5413
2017-11-03,115.2323,97.4916,141.1846,136.8192,177.0538,194.0246,178.0243,184.2348,177.6331,160.5871,172.3618,94.0,129.1433,58.4637,149.8973,141.5093
2017-11-06,115.4337,98.3828,141.0783,136.5977,175.7878,193.6541,178.0671,183.9697,177.0499,160.837,173.7109,94.681,131.9473,59.3006,150.4548,141.5499
2017-11-07,112.5606,96.0985,141.7921,137.2288,174.0665,192.0799,177.1437,182.5579,174.5166,160.0663,172.2441,94.0815,130.586,59.7339,149.4566,141.5499
2017-11-08,113.8111,97.292,142.284,137.6311,175.1729,191.8104,177.4966,183.8548,176.105,160.3828,172.8122,92.9383,131.5026,60.9964,149.8394,141.6273
2017-11-09,114.1629,97.3305,142.322,137.4526,174.4225,191.0995,176.7004,183.3059,174.6486,159.719,171.9767,93.6661,131.719,61.8519,150.1687,141.7394
2017-11-10,112.2088,97.0042,141.8637,137.0707,173.4181,189.7361,175.8516,181.9006,173.9473,159.7611,170.052,93.8337,131.569,60.733,149.2821,141.7318
2017-11-13,111.2431,96.3354,140.9179,135.8979,172.4981,188.767,174.4741,180.6557,172.483,159.0261,168.6126,91.3629,129.4691,60.2473,148.4928,141.7474
2017-11-14,111.1441,96.0908,141.2241,135.9418,171.9895,188.1234,173.7664,180.1732,172.9543,159.4202,169.5359,93.0128,129.3039,59.2745,149.6117,141.7401
2017-11-15,110.0992,95.2333,141.0043,135.8457,171.7422,188.3368,174.1081,179.8958,173.331,159.5181,168.9795,91.3974,128.5535,58.1023,148.6954,141.705
2017-11-16,111.0551,95.0842,140.6995,135.5319,169.7037,189.0124,175.3378,179.5451,173.1644,159.2401,167.1038,91.495,128.9087,57.741,148.7965,141.7341
2017-11-17,112.4432,95.7903,140.9467,135.2972,170.0597,189.4244,175.7531,180.5166,173.9852,159.8662,168.7059,92.1283,129.6866,58.0891,149.4088,141.6681
2017-11-20,113.4332,96.3004,141.9219,135.8402,171.1652,190.332,176.9147,181.7938,174.778,160.5719,170.6615,91.2209,129.9372,59.1778,150.2252,141.788
2017-11-21,115.1795,96.8937,141.3793,135.3025,171.3524,190.595,176.11,180.9574,175.3822,160.8427,171.8858,91.6458,128.6646,59.8385,150.7226,141.8159
2017-11-22,117.0412,97.5681,141.9583,136.2698,173.9906,193.2572,178.068,182.6883,176.6766,162.2073,171.502,91.8608,130.2064,60.3458,151.7467,141.7815
2017-11-23,117.0774,98.411,142.024,136.1043,173.7371,193.3056,178.5815,182.571,176.4267,162.6461,172.7139,92.2514,131.4427,60.9406,151.9509,141.8233
2017-11-24,117.2826,99.085,141.7111,135.4129,172.0552,191.8462,176.7313,181.8009,176.379,162.3541,174.3256,93.0989,131.9817,62.0989,151.3579,141.8861
2017-11-27,117.8741,99.31,142.0537,135.6555,171.9166,191.0731,176.4805,181.7315,176.7232,162.5545,175.1844,92.1464,132.6116,62.8987,152.2781,141.9052
2017-11-28,118.7253,100.0082,142.6543,136.1175,173.5726,192.5134,177.293,182.5044,177.3947,163.1827,175.1457,91.6502,133.5885,63.5146,152.1907,141.965
2017-11-29,117.8932,99.5773,142.5601,135.8915,173.3148,191.0868,176.4793,182.1394,176.0894,162.7409,174.4714,92.154,132.9892,63.473,152.2768,141.9818
2017-11-30,118.7647,100.3367,142.3795,135.7764,172.9832,191.3501,177.499,182.3737,176.3885,162.9825,175.1089,91.4337,133.7264,64.1199,152.8672,141.9448
2017-12-01,119.1263,100.3775,142.6064,135.6216,173.5599,191.0913,177.6404,182.9071,176.2348,163.0712,176.0438,92.2208,134.1013,64.1179,152.6218,141.8783
2017-12-04,119.1594,99.3955,142.7957,136.0701,174.1244,192.2976,178.0664,182.7263,176.2092,163.7129,175.3373,91.7714,134.0661,64.064,152.1353,141.9909
2017-12-05,122.2884,101.4548,142.1374,136.0904,176.545,194.7232,180.0579,182.7213,176.6927,163.108,174.2531,91.5413,133.711,65.431,152.0671,141.969
2017-12-06,122.6178,101.6631,142.7404,136.4028,175.9754,193.9364,179.9893,183.4157,176.5983,163.8704,175.1059,92.1551,136.0603,67.4549,151.6093,141.9781
2017-12-07,124.8414,102.4586,143.313,137.0001,175.8909,194.7269,180.9444,183.9797,177.6435,163.4153,176.4831,93.1615,136.5082,70.0554,150.6483,142.0846
2017-12-08,127.7773,103.7612,142.9208,136.8035,178.1547,195.8969,181.9041,184.5296,178.4106,163.6434,176.4059,94.4959,137.7896,70.5148,150.3053,142.1078
2017-12-11,127.5821,103.2569,142.7343,136.4729,176.9631,194.7191,181.1964,183.8444,177.3325,162.7909,174.9849,94.3265,138.9156,70.0963,149.9318,142.081
2017-12-12,128.1453,103.7571,143.0902,136.8747,178.0742,195.013,181.6945,184.1305,177.4657,163.1104,175.3689,94.1999,139.5007,71.1351,150.0971,142.082
2017-12-13,128.2141,103.4537,143.4417,136.7734,176.2802,192.6505,179.8212,183.5046,177.8943,162.8236,176.8641,95.0865,140.7701,71.7521,149.5315,142.0469
2017-12-14,128.2963,102.9738,144.3206,137.0124,175.5895,193.046,178.9607,183.8889,176.831,162.6638,177.5077,95.486,142.0849,73.6011,149.0033,142.0543
2017-12-15,129.3423,104.9141,144.4095,137.0091,176.028,193.2737,179.1248,183.4234,178.0585,163.8328,177.2843,95.3165,141.8344,74.9131,149.8609,142.0365
2017-12-18,127.7924,103.8088,144.4628,137.673,177.7303,193.8375,179.8451,183.6946,178.9105,163.9084,177.4696,95.1668,139.7263,73.4817,148.6499,142.1071
2017-12-19,126.9543,103.3526,143.7136,137.182,175.8139,193.8785,181.18,183.1001,178.5524,163.522,176.9871,94.6854,139.3961,72.4522,147.74,142.1505
2017-12-20,131.2844,106.1,143.9238,137.376,177.813,195.8732,183.3539,184.6465,180.3405,163.9736,179.2009,95.0225,141.393,74.9685,148.5944,142.1955
2017-12-21,132.2264,106.2542,144.6829,138.5635,180.7714,197.8731,184.627,185.7731,180.9233,164.5688,179.5015,95.0668,142.3964,76.051,148.6141,142.1987
2017-12-22,130.6446,106.1843,144.8931,138.7361,179.9059,197.1565,183.6762,184.9748,180.984,164.9683,180.2661,94.8537,142.1752,75.7442,149.4318,142.3198
2017-12-25,130.0735,104.8206,145.2311,139.0325,180.1137,198.2099,184.6288,185.1668,181.3053,165.6678,181.0748,94.1779,140.9342,74.9997,149.0025,142.3389
2017-12-26,128.6201,103.3065,144.6187,138.2801,176.7534,196.6877,183.0125,184.1634,180.8502,165.2423,180.6929,93.3645,141.3803,73.5311,148.5968,142.3802
2017-12-27,126.1116,102.7702,144.5643,137.637,174.9171,195.227,181.7542,183.6261,178.4304,164.2915,180.9489,93.172,141.2802,73.5391,148.1638,142.4023
2017-12-28,126.5009,103.0592,144.1884,136.9922,174.4769,194.5102,181.7019,183.2168,179.0462,163.315,182.2478,91.7423,138.5216,73.356,147.7679,142.4661
2017-12-29,124.2112,101.1497,144.21,136.6722,172.2154,193.6048,181.2145,183.0182,177.8348,162.9135,181.1061,91.2726,137.9976,72.2386,146.4567,142.5139
2018-01-01,125.1726,100.839,143.8408,136.4197,172.5858,194.9749,181.5655,183.2572,177.2723,163.0113,179.746,90.5626,138.1015,72.548,146.0709,142.6071
2018-01-02,126.4257,100.3583,143.9705,136.127,171.468,194.6482,180.7709,183.2014,177.3188,163.3114,179.256,91.6459,138.3386,73.3192,145.4793,142.6589
2018-01-03,127.3715,100.8686,143.8874,136.0729,172.5884,195.6977,181.6627,183.8805,178.2863,164.2855,179.3715,92.4788,138.2057,72.7406,145.9206,142.6446
2018-01-04,129.0695,101.9356,144.0404,135.9876,174.1131,195.0698,180.9855,184.1935,178.5379,164.8381,180.8973,93.3341,137.9688,74.6807,146.5974,142.6029
2018-01-05,130.1875,102.9029,143.8093,135.5876,174.0805,196.7107,182.5081,184.3049,178.6293,164.889,181.3024,93.2076,137.5397,75.2022,146.3892,142.5776
2018-01-08,127.3811,101.8332,144.1246,136.2424,175.0441,197.5959,183.2192,184.9734,178.9672,165.7015,180.848,92.9243,136.5313,73.2517,146.2428,142.5969
2018-01-09,126.1576,101.2637,144.1631,136.6265,174.8425,198.8128,183.146,184.9259,178.6162,166.1547,180.2371,93.8623,135.5876,72.8735,146.7366,142.6257
2018-01-10,130.4519,103.118,143.9184,136.5382,176.0696,200.6621,185.2011,185.9492,179.2783,166.6145,181.4006,94.717,138.2781,74.7006,147.79,142.6868
2018-01-11,132.5103,104.0321,143.3469,136.0746,179.2349,201.542,185.1045,186.0153,179.3721,167.2818,181.2741,92.7801,138.3868,74.6834,148.8338,142.5938
2018-01-12,129.6076,102.2505,143.3373,135.723,177.1265,198.7817,182.8132,185.5905,178.3137,166.6104,180.1164,92.7968,137.5209,72.6747,148.888,142.6575
2018-01-15,128.1596,102.2369,143.6109,135.7552,176.7259,198.4282,182.3364,185.9972,177.7322,166.779,179.778,92.6606,138.148,72.2603,149.638,142.7221
2018-01-16,128.6981,102.1035,143.5674,135.3877,177.2924,196.8953,180.9782,185.5275,177.212,166.8037,181.2279,93.1782,139.36,71.9485,150.2178,142.7464
2018-01-17,126.7358,100.8009,144.0566,135.8537,175.3873,194.7056,180.1685,185.1,177.2735,166.2577,181.4776,93.6521,139.4986,71.4229,149.5482,142.6971
2018-01-18,124.8402,99.2268,143.9537,136.0238,176.0972,195.0898,179.1664,185.0162,176.4874,165.8077,179.3387,92.6595,137.8326,69.2964,149.8228,142.6975
2018-01-19,124.8467,98.0975,144.5427,136.3999,175.6132,194.1781,178.776,185.4474,177.1438,166.0172,180.4541,92.6381,138.8068,68.6849,149.9833,142.7501
2018-01-22,127.412,99.0991,144.6527,136.4868,176.3534,195.493,179.7467,186.0897,177.0713,165.4952,180.7014,93.2043,139.5724,70.4499,150.1464,142.8221
2018-01-23,127.8232,98.7478,144.3197,136.6012,177.4642,196.402,180.3569,186.4225,178.0044,166.0453,181.902,91.7717,138.5185,70.5244,149.9114,142.8566
2018-01-24,129.9648,99.554,143.9223,136.4874,178.0003,196.2329,181.1099,186.1172,177.5899,166.0737,182.1401,93.8991,138.5845,71.9788,150.0899,143.0192
2018-01-25,130.7592,100.2415,144.0678,136.5757,179.0232,196.844,181.3598,186.9321,176.8026,166.4727,180.2894,93.7163,139.9099,73.2875,150.4783,143.007
2018-01-26,128.3252,98.1585,143.6086,136.5459,177.4684,197.3023,181.6632,185.9759,176.0628,166.6056,177.0121,92.1398,138.0268,70.8584,150.0486,143.0046
2018-01-29,127.5393,97.8556,143.7739,136.5964,175.2499,196.3834,180.8622,184.9933,175.5529,166.3178,179.0688,92.1831,137.7098,72.1541,150.3282,143.0333
2018-01-30,127.0195,97.7145,144.2901,137.447,175.7287,198.5268,182.156,185.8801,176.4514,166.9204,179.7996,92.4238,137.4019,72.526,150.15,142.9607
2018-01-31,128.0249,98.2814,144.0112,137.2232,175.8531,198.0432,182.3246,185.5052,176.1525,166.84,180.4743,93.4545,138.6252,73.1797,149.9793,142.9601
2018-02-01,128.6353,98.6047,144.2952,137.204,174.6183,197.1757,182.0522,185.1929,176.047,166.8714,181.9533,94.9776,139.3502,74.8001,149.717,142.9676
2018-02-02,132.0424,99.5436,144.4846,137.7293,176.5848,198.3138,182.5638,185.8437,177.487,167.314,183.0034,95.343,139.5268,76.9219,150.3847,143.0081
2018-02-05,130.4781,99.6826,144.6349,138.2786,176.434,197.7502,182.9356,185.1976,177.6719,167.7277,182.6622,94.8003,140.8564,76.6936,150.447,142.9494
2018-02-06,131.1446,99.0974,145.092,138.428,176.6499,198.9356,183.6034,186.7759,177.6502,167.4976,182.547,94.8678,140.8976,76.8551,150.1495,142.9541
2018-02-07,129.9438,97.7608,144.8373,138.6772,178.0279,199.6132,183.8141,186.9192,177.5054,167.7587,182.6864,94.5104,140.813,75.657,148.8266,143.0184
2018-02-08,132.8293,99.4688,144.0794,138.157,180.1454,201.2966,184.6854,187.0322,179.0915,169.0517,182.7302,95.4643,140.8876,75.6075,149.2234,142.99
2018-02-09,132.1596,99.4666,143.7179,137.9161,178.5228,200.665,183.7884,186.3427,178.3155,168.2929,181.6725,93.9827,142.2141,76.5659,148.4464,142.9617
2018-02-12,134.5724,100.5721,143.9792,137.5647,177.4502,198.969,182.7528,186.3168,178.5452,167.9333,183.1738,93.3838,143.1376,79.2965,149.2912,142.9824
2018-02-13,135.6729,100.571,143.3038,137.3008,178.9386,199.3973,182.2841,185.7659,179.3046,167.9446,184.6183,92.9151,141.3232,78.5331,149.8684,143.0251
2018-02-14,136.1044,100.9935,143.8129,137.7189,181.1992,199.9736,182.0603,186.3525,180.6329,168.6973,186.7828,92.9271,141.7764,78.8327,149.6799,143.0129
2018-02-15,139.8856,102.0182,144.2307,138.26,184.0631,201.8836,183.1384,188.1946,184.0547,169.9549,188.6059,93.6376,142.7684,80.0021,148.8986,143.0436
2018-02-16,140.4822,102.0261,144.7531,138.8724,184.2182,203.3815,183.3523,188.1713,184.1359,170.1142,191.286,93.3956,143.0501,80.5444,151.0417,142.9777
2018-02-19,140.7956,102.1706,143.5702,137.7974,182.799,201.4049,182.8653,187.1615,181.5384,168.983,190.3159,92.4809,143.6657,81.922,150.8366,142.9853
2018-02-20,140.2566,101.8538,144.022,138.2175,182.0779,202.3282,182.9772,187.5701,181.7264,169.1572,190.2024,92.3932,144.1633,82.4768,150.5642,142.9981
2018-02-21,140.8111,101.6485,144.447,137.8246,181.5876,202.2744,183.2015,188.035,181.6717,168.948,192.759,92.5475,143.1262,82.6793,150.4998,142.9929
2018-02-22,140.021,101.6513,144.4284,137.6178,181.8884,201.4307,183.0631,187.8003,180.6437,168.9706,191.5382,91.9536,142.8446,82.6974,150.545,143.0004
2018-02-23,141.7061,102.8664,144.4958,137.2488,180.8329,200.3577,183.9189,187.7502,180.2141,168.9355,192.1629,92.5748,145.0365,84.2102,150.9479,142.9635
2018-02-26,142.5357,103.5254,144.9516,138.1808,182.0992,200.9182,185.1723,189.1773,182.2542,168.8996,193.6836,93.9322,146.3447,84.8416,150.2265,142.8589
2018-02-27,140.4767,102.2819,144.1742,137.4115,180.78,200.0972,183.4494,188.0694,181.0451,167.5922,191.4156,93.2375,143.7733,82.7237,149.5035,142.8264
2018-02-28,143.7276,104.213,145.2069,138.5685,181.9809,200.7647,184.0963,189.0305,183.7768,167.9995,193.0174,93.5694,147.7248,84.359,150.9356,142.8431
2018-03-01,147.206,105.8076,145.0697,138.9674,183.4971,202.9136,186.1065,189.8159,185.9148,168.3665,194.0902,93.2755,148.3779,85.7379,151.3917,142.8639
2018-03-02,149.4039,107.2357,144.783,138.6908,184.613,203.6386,186.7786,190.4383,186.233,168.5581,195.4143,93.492,149.0426,86.5945,152.6053,142.7748
2018-03-05,150.6559,107.1575,144.5266,138.811,184.8484,203.968,185.5598,190.0375,186.9469,168.8854,194.2565,93.0528,149.8356,86.901,153.0077,142.7841
2018-03-06,150.3311,107.0341,144.5722,139.3362,185.2324,205.7115,186.9437,189.7259,186.8282,169.0711,193.2771,92.5548,150.4033,86.9064,152.5346,142.7999
2018-03-07,150.2275,106.9063,144.814,139.077,184.7926,205.3964,187.2296,190.36,186.6762,169.0486,193.6594,91.9252,148.8596,87.2707,152.6429,142.8717
2018-03-08,150.6713,105.6937,144.295,138.1652,183.4171,204.613,186.6773,189.5655,186.2084,168.2436,195.5658,92.017,147.3775,86.3604,151.4297,142.872
2018-03-09,146.1899,103.1419,144.3709,138.3112,181.7843,203.6582,185.788,188.7114,184.9588,168.3599,193.0979,91.9114,142.9555,84.0079,151.2869,142.9306
2018-03-12,140.1291,100.8645,145.432,139.3692,182.1333,202.3581,184.289,189.121,183.2413,168.1152,190.3282,91.3478,141.5159,82.4723,150.4329,142.93
2018-03-13,141.3458,102.2341,146.2222,139.9268,184.3896,202.7689,185.149,190.3768,184.6978,169.123,191.9148,91.4482,143.7045,83.5865,150.4707,142.9766
2018-03-14,140.6038,102.5222,146.291,140.0856,185.634,203.1978,185.5745,189.901,183.7995,169.3415,190.6979,90.9767,143.8339,83.3091,150.6636,143.0736
2018-03-15,138.1573,101.8332,146.3569,139.8138,183.6131,202.5965,185.7352,189.6597,182.6027,169.1232,188.9735,90.2821,143.1007,82.7981,149.8907,143.0827
2018-03-16,138.2742,101.8539,145.6697,139.7716,184.5404,203.6208,186.3493,190.1401,182.6439,168.7386,188.8699,90.3426,143.3295,82.6946,148.8141,143.2338
2018-03-19,138.166,101.5543,145.2084,139.3797,184.5323,203.3781,186.5244,190.5178,182.8528,168.3626,187.9838,91.24,142.9079,81.1584,147.9745,143.1874
2018-03-20,139.2921,100.7762,144.9631,139.3901,183.646,202.6855,186.1629,189.0395,183.409,168.8392,188.8565,91.249,143.9513,80.4261,148.413,143.2348
2018-03-21,139.0716,100.9919,144.7333,138.8465,183.1122,202.4195,187.2714,189.2477,182.8332,168.4818,189.7249,88.9101,142.906,80.9039,148.3853,143.2623
2018-03-22,138.0076,101.098,144.7578,138.6633,182.6626,201.9344,187.2127,188.7638,182.4502,168.1543,188.9861,88.3463,141.8703,80.354,148.3612,143.3306
2018-03-23,136.8336,99.6762,144.8197,139.4989,183.396,202.9608,188.0503,188.8842,182.9009,168.5496,188.0321,86.1576,139.1506,79.8332,148.9348,143.3327
2018-03-26,139.1587,101.472,144.977,139.4112,183.4011,203.0728,188.3529,189.8668,184.1809,168.8788,190.0268,87.1497,139.8088,82.1044,149.6799,143.3549
2018-03-27,140.0322,102.4474,144.7914,139.4359,185.5508,204.1158,187.9305,189.3122,183.9836,169.0717,189.6499,87.7145,140.6917,82.4951,149.5224,143.4547
2018-03-28,141.8092,103.4729,144.7083,139.4657,186.1334,205.233,188.5321,189.0627,183.9241,168.8839,190.6746,88.6543,142.4448,83.6044,149.4749,143.4621
2018-03-29,142.4223,103.0575,144.204,138.6915,185.1211,204.3086,187.299,188.3134,183.6502,168.2462,189.9923,88.9678,141.7325,82.5382,149.2727,143.4512
2018-03-30,145.6553,104.1901,144.2495,139.1687,188.5586,206.5127,188.5885,189.4424,185.1323,168.8784,190.2814,88.2053,141.4874,83.3733,150.6275,143.4868
2018-04-02,145.2887,103.8545,143.6958,138.5023,186.582,206.6443,188.745,188.2215,183.973,168.5556,188.1335,88.3627,141.1009,82.283,150.4993,143.4233
2018-04-03,145.4216,103.9621,143.9539,138.9999,186.816,207.8575,190.0581,187.9397,183.4783,169.6026,187.8527,87.8689,143.188,83.5459,150.4546,143.4827
2018-04-04,141.6045,103.1644,144.3754,138.9484,184.7271,206.8072,188.365,187.6641,182.7231,168.8407,188.3865,87.871,141.677,82.5685,150.3257,143.4531
2018-04-05,141.0776,104.1174,144.4097,138.7043,185.4354,206.387,188.7652,188.2443,182.6545,168.7355,189.0311,87.3832,141.1745,83.2263,149.9819,143.4279
2018-04-06,141.9054,105.9754,143.6012,138.1106,186.2699,206.561,189.3458,187.5384,183.0192,169.0567,189.0985,87.5347,140.2355,82.82,151.1818,143.5478
2018-04-09,139.8183,105.614,144.0919,138.5607,187.4549,207.9709,190.8132,188.6179,182.3514,170.0173,188.9908,87.3288,140.0623,82.7495,150.7195,143.526
2018-04-10,138.4824,104.5405,143.9257,138.0283,184.6835,206.5087,189.6227,188.513,182.1617,169.4951,189.9335,87.2017,139.8601,81.6546,150.6391,143.489
2018-04-11,142.995,106.9472,143.8309,138.4303,186.8973,208.9365,191.6092,188.7843,183.9511,170.232,191.7226,87.2071,141.4717,84.1845,151.7289,143.5454
2018-04-12,145.8585,107.898,144.3508,139.0812,190.3447,209.6481,192.0261,189.8955,185.9635,170.8546,193.937,88.1764,142.3553,84.3086,152.7253,143.6037
2018-04-13,143.2772,106.9469,144.441,138.6945,187.8011,206.9436,189.9893,188.8715,184.6298,170.3518,193.7618,88.8164,141.7604,83.6427,152.7931,143.6259
2018-04-16,145.4632,107.6723,144.2879,138.9877,188.7235,207.4016,190.0195,189.0178,186.4906,170.5053,195.4391,88.8565,141.2047,84.8239,153.0323,143.7332
2018-04-17,143.7236,105.7502,144.6976,139.5888,188.0814,207.057,189.2424,188.2045,185.1248,171.1084,195.4581,86.0958,142.9788,86.3926,152.3221,143.733
2018-04-18,144.2103,106.1951,143.7288,138.5572,186.4305,205.5896,187.7809,185.9059,183.7359,170.2547,194.1516,86.2502,143.3671,86.4372,152.0594,143.7742
2018-04-19,145.4695,106.7691,143.2892,138.2218,187.5479,204.737,186.4405,185.3847,183.8257,169.6651,193.3412,85.9962,142.5581,86.9885,151.9707,143.7762
2018-04-20,145.7142,106.6039,142.7948,138.2885,187.8682,205.1687,188.1173,185.6426,185.3766,170.4108,194.8237,85.6967,140.9909,86.3859,151.6237,143.7787
2018-04-23,145.6094,106.2188,143.268,138.2551,187.294,203.9088,187.1128,185.4773,185.2052,170.9125,195.0212,85.1928,140.7727,87.757,151.3853,143.7332
2018-04-24,145.967,105.9463,143.6165,137.8293,186.5757,202.6106,186.5767,186.2022,184.7073,170.8529,194.1862,84.6316,140.9169,88.5369,151.0459,143.698
2018-04-25,144.5862,105.1971,142.6404,136.9712,185.6206,200.6646,184.9371,185.0433,183.4488,169.937,192.9389,84.1382,140.4875,86.8501,150.6011,143.7824
2018-04-26,142.8689,104.2482,142.5179,136.3427,184.9553,199.4136,183.0275,185.3664,182.8131,170.2502,193.0587,83.9303,139.7806,85.6771,150.819,143.8112
2018-04-27,144.1411,105.645,142.7284,136.0511,184.8265,199.3997,183.4454,186.6509,183.531,170.7645,193.2141,84.8911,140.8165,86.1669,151.5931,143.8656
2018-04-30,142.9127,105.3711,142.557,135.8776,184.564,199.0451,182.7542,186.3756,182.6603,170.727,192.3313,85.3368,140.4,86.0339,151.2532,143.9088
2018-05-01,141.5479,105.1604,142.3367,135.6829,183.6886,199.3677,183.073,185.7679,181.6594,170.3,191.9489,85.1173,141.2033,85.1433,150.7801,144.0111
2018-05-02,139.7277,105.3724,141.7834,135.139,181.8062,198.8943,182.6339,185.2554,181.1115,169.9029,190.861,84.3034,140.353,84.2368,151.203,144.0969
2018-05-03,139.1565,105.3661,142.3311,135.7928,180.559,199.068,183.078,185.174,181.6311,170.5367,191.0673,84.3819,139.9291,84.5167,153.0108,144.0958
2018-05-04,137.1945,104.7722,142.476,135.8695,178.1622,197.0855,182.0251,184.312,182.3794,170.7002,192.425,83.4044,140.6763,83.6125,153.2849,144.182
2018-05-07,137.8375,104.5529,143.1661,136.6901,179.4651,197.2868,182.9325,184.3133,183.3113,170.9299,195.2112,82.8769,140.0029,84.1589,153.9619,144.13
2018-05-08,137.065,103.4374,143.3316,136.7785,178.9638,196.2919,182.7675,184.6726,183.1841,170.6997,195.5759,83.001,139.9552,83.8563,152.8929,144.1966
2018-05-09,136.647,103.0393,142.7138,136.0637,178.338,196.7007,183.2742,183.7639,182.3957,170.3493,194.5642,83.5135,139.2514,81.2221,152.9364,144.1444
2018-05-10,136.239,102.8471,142.854,136.0084,178.0699,196.1141,182.2434,183.9483,181.7146,170.3132,194.1246,83.922,141.0943,81.1354,153.0283,144.1956
2018-05-11,136.366,102.3398,142.8131,135.6983,178.2456,196.0914,182.7032,184.7666,180.669,170.0386,192.2705,82.6932,140.5431,80.0382,154.2422,144.2911
2018-05-14,135.9194,101.4431,143.1886,135.8825,176.2941,196.0846,182.2886,184.8881,180.0104,169.7712,192.2095,83.3293,141.6016,80.2476,154.4615,144.254
2018-05-15,134.6822,101.203,142.7743,135.9081,176.1393,196.4414,183.6881,184.1662,178.4304,169.5325,191.2984,83.4408,142.29,80.1497,153.4753,144.3742
2018-05-16,133.4727,100.8083,143.0037,136.5104,176.8282,196.8296,183.2684,183.5433,178.7038,169.5717,192.3164,83.6636,141.4401,79.7709,153.6099,144.3772
2018-05-17,133.3323,101.2676,143.2746,137.0846,178.5867,198.6175,184.5589,184.1668,179.6561,170.2503,190.4877,82.5959,140.4781,78.6074,154.8373,144.3701
2018-05-18,132.2392,100.3419,142.7211,136.224,177.3845,197.9678,182.8572,183.4994,178.3275,169.6578,189.2948,81.761,139.7512,77.4009,154.7534,144.4558
2018-05-21,134.4858,101.4531,143.136,136.0051,177.1831,199.134,183.6411,184.0282,178.5167,170.2638,190.2449,82.0579,140.4893,79.1491,155.4993,144.4507
2018-05-22,134.1783,101.5748,143.1325,136.2941,176.6163,199.2797,184.5937,184.0195,179.1882,170.0841,190.3965,81.9408,139.6852,78.6121,156.1567,144.4717
2018-05-23,132.8094,100.0554,142.6519,135.6449,174.8128,198.0932,182.7048,183.6213,178.513,169.4228,190.2899,79.999,138.8473,77.8913,155.6684,144.5118
2018-05-24,133.8627,100.2712,143.19,136.5571,175.9697,199.1529,183.0504,183.7249,178.6995,168.921,191.3688,81.2645,139.1208,79.0926,156.0491,144.4968
2018-05-25,133.2993,100.2606,142.3467,135.7412,175.2474,197.6939,182.4393,182.2419,177.6366,168.8488,188.8948,82.4967,138.1037,77.7294,155.855,144.5658
2018-05-28,133.4241,100.398,141.8766,135.3959,175.9762,198.1385,182.3761,182.2977,177.3862,169.5455,187.4717,82.469,136.6606,77.8162,156.006,144.6202
2018-05-29,134.3862,102.1309,141.5542,135.1738,177.4218,198.471,181.92,182.0979,178.2574,168.9481,187.8095,82.1341,136.8321,78.0211,155.9213,144.7194
2018-05-30,136.1122,103.2166,140.6956,134.6357,178.8022,198.942,182.3386,182.0525,178.2317,168.5055,188.6999,82.9033,135.3698,78.2811,156.543,144.7451
2018-05-31,140.2167,105.2738,140.5982,134.9074,179.9913,201.1986,184.5368,182.361,179.9586,168.757,191.8372,82.9055,137.5185,81.0297,156.2554,144.79
2018-06-01,140.2959,106.8426,140.8602,134.9811,181.8525,201.5319,184.601,181.865,179.516,169.5729,191.8346,83.592,138.1511,81.8572,156.8361,144.7026
2018-06-04,141.1294,108.0444,140.9899,135.1101,183.003,202.1447,185.1017,182.2016,180.0407,170.5063,192.7935,84.3758,139.2865,83.1539,156.8058,144.6595
2018-06-05,142.2671,107.542,141.0581,135.0293,181.9844,203.5016,185.6703,182.7548,179.658,170.395,192.7054,84.3477,138.4901,84.6751,156.5376,144.6449
2018-06-06,144.2715,109.0576,141.2745,135.47,184.5353,204.8065,186.6563,184.5231,180.7135,170.7592,193.8751,85.437,139.4451,86.3422,156.8299,144.7352
2018-06-07,144.0057,109.0658,140.8579,135.676,186.164,206.8088,187.6429,184.9537,181.4423,171.1421,193.3072,85.5584,137.7763,84.7294,157.2359,144.8241
2018-06-08,141.3913,106.2639,139.8097,134.8012,185.4991,205.7719,186.1566,183.7444,179.5057,169.9323,189.7691,84.4023,134.2092,81.3835,155.759,144.8558
2018-06-11,140.1944,106.2807,140.1741,134.5358,183.9394,204.7577,186.648,184.1653,179.6167,170.1105,189.8616,84.3578,134.6806,80.6801,155.3995,144.7436
2018-06-12,140.1564,106.2245,140.7552,135.4,185.1453,205.8724,187.6413,184.203,179.3469,170.8162,190.1869,85.4297,135.2796,82.0348,155.0552,144.7457
2018-06-13,139.8224,106.9812,140.9858,135.4034,184.2195,203.7426,186.8143,183.5616,179.0099,169.752,191.5087,85.8528,136.365,82.7311,155.4122,144.7431
2018-06-14,138.664,106.9955,140.8509,135.1377,183.01,202.5224,185.5997,183.123,178.7631,169.638,191.5667,85.1106,136.8865,82.4186,155.9873,144.7425
2018-06-15,140.3308,108.2769,140.8276,134.785,183.5351,202.005,185.1086,183.5438,179.0983,169.5699,190.8538,85.5604,139.1093,82.4711,156.5228,144.7491
2018-06-18,138.6608,108.2608,141.2111,134.1529,181.6486,198.8314,183.0765,183.0021,177.8389,168.7185,190.8512,85.6649,139.6592,82.4805,156.2207,144.7512
2018-06-19,140.2528,109.4916,140.9834,133.7167,181.8912,198.6115,182.402,182.6527,177.6918,168.9527,191.4758,86.3979,141.3719,83.3173,156.8392,144.7559
2018-06-20,138.3217,109.235,141.4964,133.9612,182.9885,198.9009,182.032,183.4685,178.534,169.5391,192.5989,85.0876,141.6926,81.8538,156.8465,144.7391
2018-06-21,139.3365,109.055,141.0384,134.1191,182.9639,200.0188,184.1289,183.2493,178.2757,169.0779,193.9664,86.5259,140.253,82.6464,156.2112,144.7635
2018-06-22,142.9031,109.9299,140.7446,133.6653,183.9355,199.3041,183.2952,183.0295,179.456,169.1309,196.1504,86.3937,140.9654,84.5628,155.6553,144.7496
2018-06-25,140.8977,107.9974,140.7916,133.9112,183.7213,200.4439,183.9098,183.9195,179.6058,169.7035,194.465,86.3924,138.889,82.8008,154.7642,144.7336
2018-06-26,142.7976,108.3766,140.7704,134.0377,182.2264,201.8435,184.9453,184.0368,180.7613,169.8341,196.4361,84.4715,140.6814,84.3243,155.115,144.8528
2018-06-27,143.672,108.8649,141.1054,134.3282,181.8269,202.848,186.4046,184.4889,180.1929,169.5708,197.9049,85.1862,142.6393,85.5276,155.4163,144.9003
2018-06-28,142.1741,108.0122,140.5868,133.3582,180.1331,202.3386,186.1343,184.3385,177.9485,168.5322,195.7821,83.9356,141.7758,84.7126,154.7772,144.8527
2018-06-29,140.9761,108.4283,140.8774,133.8535,183.0632,203.345,187.3993,184.9144,177.3762,169.1944,193.6448,83.6089,140.2817,84.4477,155.0446,144.9157
2018-07-02,138.9616,107.1053,140.8104,133.0925,179.887,201.3149,185.8728,184.4175,175.2988,168.2598,191.5448,83.0646,141.0793,83.6316,154.4175,144.9357
2018-07-03,140.5868,107.2844,140.9141,133.0185,179.7603,201.6557,185.1523,185.1053,177.1597,168.5372,193.7397,82.3692,142.5664,84.378,153.7124,144.9483
2018-07-04,142.1159,107.8584,140.7869,132.8211,181.7022,202.4726,184.6833,185.0683,177.1797,168.4649,194.1474,81.9129,143.1692,83.9021,154.5247,144.998
2018-07-05,141.3788,107.3917,139.8344,132.1552,183.073,201.5331,183.6322,184.3118,175.8481,168.0901,193.2934,82.1449,140.813,83.0618,154.0956,145.0546
2018-07-06,141.7809,107.1295,139.3823,131.7721,183.6674,200.5467,182.5926,183.4733,176.0627,167.8967,194.695,82.4619,140.3437,82.5311,153.428,145.0435
2018-07-09,143.2595,106.7461,139.524,131.6453,183.7318,201.2762,182.6615,184.2227,176.1786,168.2316,197.2184,82.065,140.3485,83.8936,153.5911,145.0256
2018-07-10,141.2058,106.1708,140.0072,131.5351,183.1864,199.7533,181.1343,184.0606,175.2077,168.1859,197.2392,82.8454,140.7218,83.6873,152.8454,145.1116
2018-07-11,141.3053,106.4496,139.9973,131.0012,181.909,198.1752,180.117,184.2838,174.686,167.3389,195.9315,82.6178,141.5709,84.384,152.0864,145.0327
2018-07-12,144.8147,107.3978,140.2774,130.7983,181.6195,199.1293,181.1718,184.8596,175.1822,167.7511,196.7625,83.3614,142.9005,86.1485,152.4902,145.1001
2018-07-13,143.592,107.4324,140.3707,130.751,181.6719,199.745,181.9995,185.5468,173.6571,168.0033,195.464,84.4228,143.34,86.4001,152.3308,145.0989
2018-07-16,145.6306,108.0918,140.2153,130.1755,182.1991,199.6258,181.3806,186.0368,174.2889,168.1509,194.398,84.3352,143.4177,86.4349,152.2572,145.0912
2018-07-17,146.7966,108.6195,140.293,130.1234,182.1883,199.3089,181.0081,185.465,173.6152,167.8356,192.1678,83.729,144.2975,87.7023,152.2714,145.1861
2018-07-18,146.3985,108.3459,140.4188,129.6304,181.8903,198.2612,180.2816,185.8691,172.4098,167.0256,192.9826,83.3306,142.5707,88.4434,152.2556,145.3266
2018-07-19,148.4762,109.5999,140.6567,129.8893,182.3911,197.9786,180.4506,186.0493,173.2252,167.8269,194.6799,85.1155,144.844,90.4594,152.4829,145.2991
2018-07-20,148.3997,109.8599,141.4196,130.6616,183.571,198.0751,180.8834,186.6154,173.649,168.6932,194.279,83.9908,146.1736,91.9613,152.65,145.3998
2018-07-23,148.8451,110.5091,141.8442,130.1677,182.7648,197.156,180.552,187.1647,173.1926,169.9863,195.7276,84.2075,146.8473,94.3922,152.8583,145.4607
2018-07-24,150.3161,111.2349,140.9237,129.4172,182.2953,196.5952,179.8285,186.6978,174.3764,170.0735,197.6226,85.4652,145.7104,95.004,151.7763,145.4799
2018-07-25,150.6133,110.922,140.9916,129.5213,184.08,197.6218,180.919,188.3205,174.3496,170.9607,198.0723,85.1767,144.6287,95.0659,152.4596,145.5278
2018-07-26,149.2248,109.3382,141.0115,129.2939,182.6263,197.0922,180.69,188.433,172.9022,170.6571,198.797,85.671,143.9955,95.2547,151.6634,145.5025
2018-07-27,149.7136,108.6628,141.5343,129.0498,182.0651,196.4898,180.0557,189.4634,174.0222,171.4182,198.9344,84.1171,142.3033,95.8229,151.4145,145.3989
2018-07-30,147.3802,107.9249,141.7463,129.2125,179.7839,195.6825,179.4308,189.189,173.9702,171.0549,199.6764,84.0053,141.3692,96.4751,150.6875,145.3916
2018-07-31,146.3688,107.4635,142.1565,129.2376,179.5625,195.4639,179.1059,190.1419,174.6867,170.5978,201.6767,83.8317,140.8522,95.0494,150.6963,145.3507
2018-08-01,147.0689,107.7954,141.8231,129.5779,181.4068,197.8629,180.4943,191.479,175.3166,171.0723,202.2002,83.4581,140.244,95.7692,150.834,145.363
2018-08-02,146.0856,107.8774,141.4468,129.4644,181.1022,197.677,180.6603,190.4326,174.2876,171.1181,201.5704,81.8615,140.7364,95.5857,151.5983,145.3903
2018-08-03,146.2188,108.2818,141.4705,129.6161,179.4022,196.4468,180.5191,188.9395,173.8629,170.9316,200.7716,82.282,141.3889,96.9774,152.0536,145.3668
2018-08-06,145.9252,108.2183,141.5323,129.8572,178.5218,197.0015,181.0564,189.7461,174.7046,170.8924,201.2233,80.8536,142.6043,97.2545,151.9038,145.3652
2018-08-07,142.1901,106.2006,141.6882,129.7287,174.5865,195.7691,179.712,188.558,172.9533,170.4602,199.6839,81.5342,141.0345,95.8996,152.0271,145.4014
2018-08-08,139.6857,105.4912,140.7339,129.1911,173.1862,195.4587,179.9907,186.9627,172.0133,169.7043,198.1109,81.0376,139.5361,93.5032,150.8145,145.499
2018-08-09,138.763,105.4492,140.5863,129.0418,173.0483,196.3827,179.6942,186.9936,172.4274,169.3562,198.3225,81.213,137.3722,91.43,151.5983,145.5455
2018-08-10,138.9522,105.4004,140.5531,129.7373,175.6527,198.6065,180.7097,187.0449,173.1296,169.7485,199.1409,80.3168,137.5672,91.5488,150.8158,145.5886
2018-08-13,137.5689,105.3276,140.1013,129.6596,176.9188,198.7475,180.9534,187.0653,173.9848,170.3799,199.6581,79.8562,135.8702,89.0794,151.2846,145.6423
2018-08-14,135.753,105.1871,139.6378,129.2072,176.0149,197.9997,179.6823,187.1485,174.9079,169.8097,197.7955,79.202,136.6957,85.4786,150.8137,145.7268
2018-08-15,133.7397,104.103,140.1579,130.1769,176.4511,197.6651,180.0697,187.0777,174.6244,170.4695,198.7294,78.3894,136.709,85.7402,151.4635,145.7349
2018-08-16,130.9078,103.7362,140.3599,130.004,173.7945,195.8741,179.3471,186.7471,174.0474,170.4465,199.3775,78.5807,136.7142,85.9186,150.8672,145.7182
2018-08-17,127.0542,102.2311,141.0543,130.3968,172.3435,194.4018,179.321,187.0842,172.9258,170.2828,198.2598,78.1997,136.3976,84.7712,150.0549,145.8545
2018-08-20,123.4733,99.4843,140.9606,129.8866,169.797,192.6587,178.0647,186.2693,170.9274,169.937,196.383,78.2868,136.6907,81.3442,148.9074,145.8091
2018-08-21,121.0189,97.3089,140.1822,128.8827,166.0122,189.3848,176.6543,184.2422,168.6358,169.7466,194.6646,77.9984,135.2558,80.2071,148.2091,145.8516
2018-08-22,121.0386,97.2037,139.9677,128.6156,164.8948,189.3228,176.623,185.1051,169.5669,169.6037,192.5629,77.657,136.4544,78.4039,148.1986,145.8721
2018-08-23,121.5552,96.9898,139.832,128.6187,165.3091,190.4526,177.5253,185.3017,170.1418,170.2694,192.8542,77.2601,135.9556,77.9535,148.2111,145.8957
2018-08-24,119.6375,95.766,139.9168,128.0981,163.6777,188.8652,175.9163,185.6274,168.3366,169.4477,191.1966,78.7465,136.3404,76.442,147.6863,145.9541
2018-08-27,119.3131,94.9019,139.9549,127.4642,162.3234,186.3761,174.0369,184.7573,167.9035,169.1517,190.4455,78.2096,135.9978,75.3035,147.8662,145.9881
2018-08-28,120.8104,96.6818,140.0174,127.5335,162.1726,186.7574,175.2745,184.7639,167.708,169.3865,193.1774,79.0247,137.3287,78.1149,148.8916,145.9678
2018-08-29,120.132,97.2087,140.0088,127.274,161.1139,185.0126,174.0016,184.2419,168.0471,168.7383,193.1026,78.1655,137.8217,77.4411,149.6025,146.0202
2018-08-30,118.2566,97.0845,140.5579,127.9407,162.1735,186.1595,174.4388,185.5118,168.6296,169.9545,193.6672,77.3872,136.8492,78.0906,149.3496,146.0909
2018-08-31,119.4355,97.7763,140.4055,127.5218,161.6221,186.6665,174.6949,185.8118,168.9387,169.8885,195.2436,77.2946,137.2857,78.952,149.3935,146.1228
2018-09-03,119.3688,97.4771,140.6948,128.0285,160.9275,187.228,175.6649,186.246,170.2401,169.8822,196.9795,77.0862,137.1371,78.7787,149.3796,146.1149
2018-09-04,118.8324,97.8889,140.1928,128.113,161.4531,186.9862,175.8829,185.6155,170.59,169.712,194.3035,77.2035,136.3507,77.0629,150.0703,146.1506
2018-09-05,119.9691,98.9069,140.269,128.4924,162.721,186.7172,175.8763,185.5281,172.0055,169.6193,194.7986,77.9739,135.5177,77.1542,150.9057,146.209
2018-09-06,121.5962,99.7038,140.0868,128.702,163.9234,186.8939,176.811,185.3544,172.6564,169.3505,197.1998,78.077,136.0546,77.8727,151.2171,146.294
2018-09-07,123.1689,101.1066,140.1941,128.7895,165.0992,187.0998,176.7547,185.2871,173.2359,169.0448,198.4847,77.1524,136.1954,79.6062,151.8324,146.3357
2018-09-10,122.871,100.3048,140.1266,128.3352,163.4943,185.8509,176.718,185.4002,172.3056,168.6177,198.5024,76.7588,136.1671,80.1875,150.9752,146.3856
2018-09-11,124.597,100.1686,140.0955,128.4461,163.928,184.7137,176.2439,184.65,172.4969,168.9767,197.6052,78.2947,136.5692,80.6335,151.0526,146.3811
2018-09-12,122.9691,99.6692,139.799,128.225,163.8796,183.8227,175.7343,183.8974,171.9314,168.2744,198.1288,79.2117,135.1739,79.157,150.319,146.3405
2018-09-13,121.2653,99.0117,139.5415,128.1922,163.2165,183.6606,175.6599,183.0277,171.465,167.6677,199.055,79.112,132.3985,78.6239,149.9937,146.3118
2018-09-14,122.7579,99.1212,140.2705,128.936,165.74,184.7518,176.5721,184.5306,173.2394,169.1025,198.4341,78.6021,132.5259,78.773,150.5245,146.2438
2018-09-17,124.4834,100.799,140.1944,128.4575,167.0759,186.1141,177.5244,186.0448,174.0588,169.531,199.0914,78.3152,131.4179,79.4351,151.4241,146.2689
2018-09-18,122.7276,99.5925,140.0466,127.6737,165.9076,184.2961,175.7975,185.9946,173.1451,169.5867,199.0875,77.8429,130.8542,77.8593,151.2649,146.2253
2018-09-19,121.7296,98.4625,139.1999,126.7921,164.9365,183.164,175.035,185.137,170.7433,169.4419,196.9882,76.9886,131.8289,76.8469,150.942,146.3217
2018-09-20,120.1176,97.3754,139.4125,126.7975,163.7246,182.7248,174.5706,184.8073,170.5664,169.067,197.7102,75.1778,131.9753,75.9565,150.5485,146.3428
2018-09-21,119.8264,98.3315,138.9297,126.3422,163.1287,181.4906,174.0924,184.5703,170.5507,168.6701,198.2998,75.8361,133.2788,76.2462,149.8222,146.397
2018-09-24,118.2261,97.6123,138.9589,125.9467,163.7431,181.754,172.9978,184.2628,169.4066,168.9061,196.6942,75.8269,132.9181,74.3462,149.4288,146.4551
2018-09-25,119.491,97.2603,139.3194,126.3003,164.0426,182.1882,172.4505,184.6769,169.5224,168.5933,197.3137,77.6088,134.6352,74.6312,149.2231,146.5262
2018-09-26,121.3532,98.3782,138.9787,125.4896,163.3029,181.6833,172.6244,184.4646,168.2421,168.5437,196.3278,78.0714,134.8462,77.055,149.205,146.4771
2018-09-27,121.6888,98.0305,138.2012,124.9391,163.8027,181.8968,172.261,183.3713,167.3795,168.15,194.763,79.2709,133.8994,75.0847,149.3455,146.4998
2018-09-28,124.0816,99.6304,138.2874,125.4842,165.0818,182.8878,173.0777,184.0716,168.3968,167.9959,195.2471,79.024,134.2271,77.8035,150.0779,146.5472
2018-10-01,125.5624,100.0464,137.93,125.4792,166.4128,184.049,173.1831,183.678,169.3678,168.2887,194.2304,79.4398,134.5401,77.2508,149.4636,146.5441
2018-10-02,127.0163,101.3029,138.4494,126.2238,166.5997,185.0212,174.1252,184.7438,171.0616,167.8431,195.2907,80.106,136.7744,77.9232,150.0236,146.5368
2018-10-03,124.8891,99.6739,138.0598,125.9536,166.4935,184.0633,172.9054,183.869,170.4655,167.2831,192.9417,81.1264,134.7807,74.9254,148.8914,146.4517
2018-10-04,126.1361,99.2368,137.0372,125.1471,164.9101,184.3828,172.7898,183.0832,170.8855,166.9811,193.3706,80.6103,134.5225,74.061,148.5936,146.4636
2018-10-05,127.2143,99.8455,136.9426,125.1569,164.6273,184.5885,172.9487,183.116,170.9468,166.7867,193.677,80.1025,135.231,75.5334,148.7147,146.5242
2018-10-08,126.4075,100.0896,137.2369,124.9866,164.4183,185.0071,173.5317,184.1522,170.9642,166.4332,192.3768,80.5218,134.7019,74.2767,148.5008,146.6046
2018-10-09,127.4567,100.2875,136.6189,125.0494,164.5434,186.4675,174.0414,184.1744,172.6232,166.5856,193.779,80.4059,133.7185,74.0094,148.7134,146.5779
2018-10-10,128.2951,100.9771,136.9785,125.6968,166.2829,188.3731,175.6233,185.4147,173.7604,166.9441,194.8469,81.0887,133.9859,74.7255,148.2367,146.6023
2018-10-11,128.747,101.6468,137.3476,126.229,167.9119,189.4262,176.5348,185.4766,174.6821,167.7163,196.8841,81.9071,134.2103,74.9352,148.5542,146.6459
2018-10-12,130.9344,102.1726,137.9646,127.2261,169.4334,191.4606,178.4067,186.8903,177.3605,168.7373,197.3564,81.8209,134.9255,75.2044,149.0986,146.7883
2018-10-15,131.2658,101.9962,138.1904,127.7546,169.9584,192.6788,179.7147,186.9512,178.1045,169.9427,199.1472,80.9396,135.8362,76.1968,148.7826,146.8323
2018-10-16,132.8727,103.2877,137.8926,127.038,168.8834,192.4148,179.9062,187.2577,179.2909,170.2149,202.0129,81.4874,136.2575,76.3282,149.5214,146.8684
2018-10-17,131.7996,102.3989,137.6155,127.1239,167.9711,192.0361,179.7803,186.7386,178.9618,169.467,201.9397,81.5117,134.7101,75.7588,149.4581,146.9059
2018-10-18,129.8239,101.4378,137.888,127.4008,167.7796,192.9478,179.6531,187.1453,180.4655,170.4937,202.9074,80.6544,133.4852,73.8842,149.4298,146.8724
2018-10-19,129.2544,102.0729,138.0315,127.498,166.1828,192.9461,180.0757,186.4296,179.9968,170.0404,203.5601,80.9314,134.4351,74.398,149.9204,146.8821
2018-10-22,133.5784,103.727,137.876,127.5596,167.5998,193.5442,180.6537,186.4355,181.0274,169.4814,205.3612,82.4981,136.1955,76.5845,149.57,146.9028
2018-10-23,133.3142,103.3987,138.2439,127.9268,168.4926,193.3206,180.7644,187.1227,180.7904,170.0181,203.6658,82.9045,137.0888,76.3977,149.6583,146.9421
2018-10-24,133.6505,103.293,138.3623,127.9395,167.2906,192.8962,180.6804,186.754,181.2078,170.0413,204.3861,82.0099,136.2633,77.0685,150.268,147.0267
2018-10-25,133.6634,102.1804,138.1305,127.5293,165.4251,190.9199,179.6592,185.4027,181.3991,170.6843,203.511,81.0119,136.2441,76.1626,150.6266,147.0412
2018-10-26,133.4198,101.9653,138.0881,126.9423,166.3824,190.0732,179.1381,186.0848,180.6704,170.546,201.8333,81.7531,135.2158,75.521,149.4099,147.0571
2018-10-29,134.0217,101.767,138.8156,127.1442,167.1825,189.6617,178.8199,187.1121,182.7033,170.8575,203.1115,81.9408,133.7686,74.1403,150.0532,147.0999
2018-10-30,136.355,103.1938,139.0063,126.922,168.735,190.1005,177.626,187.4286,182.6327,170.6451,203.0756,82.0148,135.525,74.7109,151.5095,147.2273
2018-10-31,136.1354,103.9309,139.0665,127.1414,167.5139,189.9507,179.0295,187.5606,182.8605,170.8078,202.0797,82.5128,136.9653,75.3139,151.2753,147.163
2018-11-01,133.265,102.1916,139.4725,127.5175,166.9354,190.7615,178.7926,187.953,181.9361,170.3488,201.2099,82.5911,134.8649,73.8149,151.1538,147.2889
2018-11-02,130.9059,100.8184,139.1901,127.2615,165.7877,189.2856,178.1792,187.3822,181.2039,170.0744,200.7394,81.8522,132.2264,73.2042,150.3593,147.2458
2018-11-05,130.2449,100.9706,138.9421,126.97,163.777,188.1279,176.9681,186.2249,180.746,169.2313,202.1202,83.0374,132.4972,73.9974,149.6203,147.2555
2018-11-06,130.7223,101.154,139.0324,126.9731,164.2473,187.4444,175.7793,186.0243,181.9307,168.9278,203.5297,83.2978,131.8352,73.5658,149.7748,147.2959
2018-11-07,131.6024,101.0968,139.5883,127.4804,163.0035,188.1589,175.9249,186.8619,182.6805,168.7226,205.5256,84.1147,134.0498,74.1837,150.4368,147.4573
2018-11-08,134.2048,102.9725,139.6582,128.0323,165.6529,189.792,176.9808,187.9991,185.365,169.2522,207.219,84.0198,133.2598,75.3419,151.3912,147.5171
2018-11-09,134.6199,102.3142,139.8814,128.1385,166.7519,189.7426,175.869,188.1252,184.7023,169.5806,206.3314,84.4636,131.7087,76.748,150.9228,147.4805
2018-11-12,133.408,102.5174,139.2252,127.7021,168.6907,190.9572,175.9627,188.7488,185.7521,169.204,205.2278,83.6011,129.6939,73.5879,150.3488,147.5538
2018-11-13,133.3989,101.8591,138.9736,127.0204,167.7115,189.1686,174.792,188.2274,184.3512,168.1202,205.9712,83.8479,128.3007,74.3241,149.4754,147.539
2018-11-14,133.6068,102.1769,139.3777,127.1611,167.9871,189.2215,175.5222,188.7157,184.6351,169.1317,205.7855,84.2655,128.2719,74.626,149.9608,147.5972
2018-11-15,129.6329,99.8865,139.5946,127.3801,166.7711,187.9136,175.0473,188.141,183.9597,169.1044,205.7678,82.661,125.5301,73.6219,148.6854,147.5903
2018-11-16,127.2992,98.1429,139.4546,127.3653,166.2196,186.901,174.1206,187.6314,181.8065,168.3845,203.7506,83.0036,124.8613,73.0107,147.5034,147.5733
2018-11-19,125.0391,97.5896,139.6179,127.8219,166.1166,185.998,173.064,186.7484,182.6733,168.1362,204.7019,81.8114,124.5194,72.067,146.9091,147.6121
2018-11-20,125.8414,97.9312,139.7838,128.3247,167.5265,188.3241,175.2332,187.2522,183.0215,168.778,204.8474,81.995,123.4248,72.3087,147.6059,147.644
2018-11-21,125.995,98.4469,139.6203,128.3437,167.626,187.9291,175.7857,186.5592,182.5752,169.3075,205.5918,82.576,124.8583,72.7778,147.7624,147.6957
2018-11-22,127.4629,99.2993,139.6401,128.496,168.6014,189.1603,176.2758,187.0737,182.6077,169.1109,205.2024,84.0812,125.9922,72.5598,148.7975,147.768
2018-11-23,126.121,97.8247,139.9784,128.6417,167.5294,188.5141,175.2736,187.0166,182.5657,169.0523,207.142,82.6979,125.1667,72.3738,148.8867,147.9203
2018-11-26,125.2964,98.0211,140.1002,128.4751,167.1382,188.6331,175.1983,186.4734,181.4715,169.9334,206.0169,83.3392,124.5067,72.4215,149.8128,147.9799
2018-11-27,124.2831,97.9876,140.1834,128.3761,165.6893,188.93,175.8111,186.7864,180.8883,169.8501,206.9008,82.7487,124.4707,73.2527,149.3637,148.1034
2018-11-28,120.4831,96.1975,140.8109,128.8367,164.2188,188.1323,175.5283,186.7439,180.4944,169.3998,207.4553,82.615,122.8089,71.8402,148.2388,148.1337
2018-11-29,124.4299,97.8053,140.8381,128.6308,166.3291,188.4661,175.0661,187.7007,180.9643,169.3417,208.9871,84.3199,124.7029,73.4961,149.2633,148.1474
2018-11-30,125.0904,98.694,140.5939,128.1397,163.7293,187.2464,174.08,187.4495,182.0219,168.604,209.6652,83.8721,126.1822,73.314,150.2317,148.1444
2018-12-03,124.6022,98.2143,140.8617,128.6165,164.2053,186.6122,174.4847,187.3176,183.2117,169.3255,209.4039,83.2909,126.3883,71.3226,151.5651,148.1357
2018-12-04,123.5073,98.5489,140.9541,128.5534,165.0734,186.6724,174.4377,187.5377,182.84,169.7999,208.5617,84.3641,125.3457,70.5717,151.8854,148.1994
2018-12-05,123.1624,98.3593,141.34,129.2063,165.5472,187.2707,174.8834,186.6117,182.806,170.0976,210.7599,83.9466,124.6912,71.8945,151.6789,148.2629
2018-12-06,120.037,96.7479,141.6159,129.5215,164.7117,187.3336,174.6339,186.9714,182.8383,170.4363,210.202,83.0876,122.7825,69.9483,151.8944,148.29
2018-12-07,119.2297,96.2077,141.9573,129.466,161.7328,186.3776,174.1963,186.6978,181.5596,169.4929,210.1003,83.3641,123.8746,70.2827,152.4398,148.2682
2018-12-10,117.3043,95.6577,141.8983,128.7874,159.7297,185.9666,174.8252,186.585,179.2556,169.2315,208.7372,83.8768,123.8114,68.9118,152.8128,148.2187
2018-12-11,117.0264,95.552,142.6263,129.4842,160.0955,186.7117,175.1022,186.4631,178.6187,169.0602,206.9908,84.8375,123.4838,69.8087,152.499,148.1675
2018-12-12,117.4789,96.1889,142.6185,129.9052,161.8669,187.3544,175.4712,186.7043,179.2572,169.5073,206.9726,85.1784,124.3598,70.4856,151.7225,148.2208
2018-12-13,115.8146,95.3476,142.9749,130.2235,160.6859,186.5012,175.1863,187.4215,178.6335,169.2302,207.0988,86.0062,124.6397,70.4135,151.5634,148.3454
2018-12-14,113.703,93.6761,143.8312,130.69,159.6038,185.7463,174.3507,187.6754,176.5188,169.2364,206.753,85.7051,125.4804,71.2684,151.0859,148.4564
2018-12-17,113.8382,93.4708,143.8289,130.6493,159.355,184.9322,173.6683,187.3582,176.3834,169.3454,207.3403,85.3736,125.7528,72.5994,150.1488,148.4792
2018-12-18,112.9389,93.7047,143.7375,129.7295,158.3844,182.5038,171.8217,187.7943,175.1716,168.1864,205.9008,84.6603,125.3927,72.6688,149.8752,148.4904
2018-12-19,114.1162,94.675,143.5146,129.7635,159.9431,181.7222,171.6402,187.9527,175.883,168.3167,205.4396,85.8065,126.3068,72.5793,150.2493,148.5498
2018-12-20,114.6932,94.6097,143.6097,129.4892,159.8784,181.3293,171.495,188.0009,174.6923,168.0242,205.0668,85.9054,126.7811,73.4594,150.0301,148.6158
2018-12-21,117.31,96.8179,143.4325,129.9116,162.0258,182.6078,172.6206,188.0752,176.2337,168.8025,205.7696,86.2808,128.0451,74.8951,151.4185,148.5899
2018-12-24,117.7943,96.5061,142.839,129.4664,160.8568,181.3459,171.3524,186.9664,176.1247,167.6266,206.5064,87.14,129.03,74.502,150.433,148.6467
2018-12-25,117.5456,96.6806,142.6132,129.3895,160.7464,180.9571,171.3476,186.9253,175.5809,167.8186,204.7243,86.5756,129.8217,74.2846,151.2624,148.7518
2018-12-26,119.8531,98.7621,142.7531,129.0818,161.2774,180.3377,170.3769,186.9802,176.165,167.9638,205.9784,88.3389,132.491,75.0654,152.8591,148.8171
2018-12-27,118.8823,99.24,142.6218,129.1271,161.3125,180.1479,171.7368,187.7461,176.3031,168.0321,205.6238,87.7585,133.0231,74.4332,152.8854,148.8191
2018-12-28,120.957,100.7115,141.9757,128.4129,162.7992,179.4566,170.7713,187.5525,177.6634,168.5211,205.6444,87.7896,134.1171,73.9158,153.1919,148.8154
2018-12-31,123.5792,102.8098,142.2519,128.1887,162.8873,180.0462,171.8019,187.7427,176.9979,168.0499,205.4483,87.7307,134.9318,76.9351,153.8789,148.7533
2019-01-01,123.3756,103.4809,142.7568,128.691,161.6774,180.1992,171.986,187.5409,178.2826,168.3189,208.2443,86.837,135.3009,78.9673,153.8354,148.7387
2019-01-02,123.9267,102.7752,143.3036,129.1381,162.7241,181.6021,171.7354,188.1884,180.2244,169.378,208.0733,86.5816,133.9634,77.7744,154.2259,148.7064
2019-01-03,123.0943,103.5925,144.0153,129.21,163.2216,181.0168,171.3925,188.5851,178.879,169.6075,208.9782,87.5476,134.4678,79.3175,154.5355,148.7737
2019-01-04,126.0825,105.5733,144.6819,129.9277,164.9771,182.3608,173.0828,190.3089,180.5385,170.4642,210.1403,87.425,136.6958,82.3065,155.2988,148.7461
2019-01-07,127.2303,105.9004,144.9054,130.4964,166.4761,183.0575,173.4924,191.7161,182.1514,170.4316,210.0625,86.4117,137.3137,82.0466,156.0908,148.842
2019-01-08,128.6936,106.0032,145.0969,130.8293,166.3497,183.1763,174.1839,192.0695,182.5217,170.5458,209.9762,87.3755,138.4258,83.4155,155.7233,148.9465
2019-01-09,129.8734,106.9657,144.9424,130.7661,169.3181,184.393,175.0606,193.1712,182.9654,171.0379,211.0987,86.0552,136.8657,84.3325,156.0972,148.8671
2019-01-10,126.936,105.3188,144.0915,129.6921,165.1334,182.6553,173.5495,191.3233,180.9642,169.3752,210.3889,86.4393,135.4885,82.0347,155.1894,148.9256
2019-01-11,127.5264,106.5524,143.263,128.9826,165.0162,182.8768,173.5227,189.9036,179.506,168.8759,209.6947,87.4605,135.5691,81.9778,155.9455,149.005
2019-01-14,129.2825,106.8457,143.8678,129.5827,165.7307,184.5091,175.9335,190.8381,179.4162,169.3771,210.6729,86.737,136.6264,84.0167,156.4177,148.9948
2019-01-15,126.381,105.5278,145.1497,130.2547,164.8332,183.5318,175.1862,191.3338,179.8111,170.0232,212.3982,87.4465,135.9798,82.9327,156.5678,148.9808
2019-01-16,125.1684,104.7865,144.7598,129.9306,164.7217,182.3627,173.6707,190.3137,178.3411,169.66,211.5166,87.4777,135.3975,82.2818,156.8055,148.9712
2019-01-17,127.0859,105.6599,144.8313,130.0259,165.7386,182.945,172.571,190.0438,178.6672,169.1213,214.7893,87.8548,134.8429,85.0245,157.0098,149.0615
2019-01-18,130.6976,107.7316,144.4065,129.5183,166.694,182.6909,172.6753,189.9586,179.4999,169.4515,217.2695,89.2224,136.5481,87.0517,157.5069,149.0646
2019-01-21,131.8207,108.1387,144.759,129.714,168.707,183.8364,172.8,190.6829,179.2353,170.2081,216.1936,89.6614,137.9263,87.6351,157.5828,149.1343
2019-01-22,135.9172,110.1515,144.1971,129.7087,170.9671,184.5068,173.0047,190.3762,181.8395,170.3822,218.7028,90.3892,137.5104,88.6395,158.3124,149.176
2019-01-23,136.0419,109.9946,144.3027,129.8536,170.5204,185.1772,173.6655,190.0774,181.2225,170.6611,218.1937,89.6432,137.4615,90.2433,157.989,149.2201
2019-01-24,133.9886,109.5063,144.2716,129.2668,169.0631,183.172,173.7151,189.9236,177.7471,170.2123,216.0915,89.7145,138.1231,91.2588,157.5968,149.2371
2019-01-25,134.1548,109.4047,144.8437,130.069,169.1643,183.2222,173.9531,190.3653,178.6411,169.9933,217.4448,89.0448,139.6307,92.9811,156.6394,149.2263
2019-01-28,130.1248,107.8626,144.6133,129.6266,167.9512,182.4974,173.6021,189.8364,177.2615,169.4273,216.2261,88.0798,137.7913,89.9401,155.5659,149.2054
2019-01-29,131.9193,108.4839,144.4362,129.7319,169.6394,184.0658,174.1206,190.5777,178.1344,170.5771,214.876,88.2592,139.1445,90.546,155.2869,149.1966
2019-01-30,129.8564,107.5234,143.8652,129.5632,169.6074,183.9927,173.6164,190.4681,177.6704,170.5539,213.6816,86.4335,139.8956,89.1399,154.1925,149.2381
2019-01-31,131.1912,108.4884,144.1401,129.8669,170.7338,185.5827,174.5333,190.8655,178.3889,171.4023,214.2376,87.0055,139.4366,91.0674,154.0705,149.2867
2019-02-01,131.4238,108.1069,144.2054,129.7099,169.9043,185.3671,174.6789,191.0421,178.6264,171.2702,214.9168,87.6265,138.2397,91.6263,153.1614,149.4273
2019-02-04,133.2602,109.0817,144.1801,130.2665,171.5395,188.0044,176.6888,191.0672,179.9695,171.5447,216.1889,85.9718,137.9069,92.4123,153.9651,149.4819
2019-02-05,133.1777,109.6179,143.8089,129.8415,171.4713,187.0351,176.3952,190.6452,180.2622,171.003,216.2512,84.3528,136.7525,92.015,154.3401,149.4814
2019-02-06,132.6486,109.0075,143.5289,129.3827,171.8106,186.9256,175.3816,191.0022,178.6446,170.3256,214.2558,84.7682,136.6736,92.1661,152.9892,149.6263
2019-02-07,133.178,109.0112,143.7555,130.2739,174.1915,188.9045,176.7472,191.6056,180.3129,171.2958,214.9478,84.3247,137.074,90.3781,154.1985,149.75
2019-02-08,130.4968,107.3137,143.926,130.7452,174.2459,188.4542,176.3895,190.6079,180.3869,171.961,215.5709,82.8433,136.647,88.7396,153.6022,149.8184
2019-02-11,131.2654,108.1559,143.9145,130.7417,175.7248,188.0749,176.1381,190.4354,180.574,172.4639,216.6043,83.4786,136.7491,90.0175,153.3691,149.8207
2019-02-12,128.9366,106.6741,144.0432,130.1294,174.6956,185.6396,173.572,190.1731,178.6621,171.4799,216.8872,83.1492,135.6171,89.727,152.4285,149.93
2019-02-13,130.2568,107.3578,144.0632,129.9629,175.1867,184.753,173.0421,190.4177,179.8008,171.4879,219.3941,83.4039,135.9659,90.1046,152.8054,149.8853
2019-02-14,131.3811,107.8937,144.1153,129.5503,174.9007,184.2274,173.0582,189.7854,178.4797,171.1308,220.0156,83.9552,136.7666,91.6323,152.6745,149.9268
2019-02-15,129.9105,108.4402,144.014,129.3821,175.7247,184.1406,172.7612,189.998,178.4125,170.6046,220.4165,83.922,136.3642,91.1056,151.5287,149.9881
2019-02-18,131.5971,110.3574,144.1058,129.7588,176.9901,185.4326,173.3466,189.2319,178.6922,170.7136,223.0156,85.235,137.904,92.8593,152.3759,150.0637
2019-02-19,129.65,110.9938,144.2136,130.1434,177.5184,186.2237,174.2169,189.4629,178.0551,170.3399,224.1274,84.7414,138.4369,92.8979,152.5481,150.1177
2019-02-20,128.4063,110.6361,144.7413,130.5976,176.1445,185.4302,174.1477,189.455,178.5099,170.1375,224.7996,84.8208,138.8487,92.0256,153.2501,150.2595
2019-02-21,128.0938,110.3747,145.4116,131.3562,178.4162,186.573,174.7951,190.4439,178.6675,170.9719,224.488,85.9606,138.8156,91.7657,153.2731,150.3154
2019-02-22,128.4051,110.2351,145.8859,131.5219,179.928,186.3615,175.1301,192.1515,178.2661,171.4465,224.0317,86.8826,139.5049,92.5168,152.8337,150.3886
2019-02-25,126.0563,109.3614,145.7491,131.7428,179.1726,186.4735,176.0797,191.3999,177.8702,172.1415,222.2076,87.4408,139.6124,90.5732,151.929,150.3902
2019-02-26,127.4168,110.3453,145.755,131.9839,179.6083,187.0336,177.1287,190.8985,178.3197,172.2174,223.0282,88.4684,140.2017,91.1207,152.5224,150.3697
2019-02-27,127.8342,110.1238,146.272,132.5443,180.7199,187.104,177.4944,191.526,179.4868,172.8127,223.6165,88.3431,141.0271,91.4097,151.9344,150.357
2019-02-28,126.677,110.6226,146.497,132.1089,179.4463,185.8274,175.721,190.8699,179.1796,172.7808,224.8352,89.6884,142.3907,90.7685,152.0446,150.2807
2019-03-01,126.2899,109.2428,146.914,132.18,178.9711,186.5824,175.4078,191.3296,178.2825,172.6489,225.2836,90.0076,141.3041,90.8485,152.073,150.1793
2019-03-04,129.4553,110.3226,147.4133,132.7642,181.9805,188.4621,176.1621,192.5594,179.9455,173.5988,225.917,90.9862,142.2258,92.2262,152.4944,150.2029
2019-03-05,130.3319,111.4119,147.8525,132.9116,183.1865,187.5334,176.2105,193.3012,181.6832,174.1999,224.8739,91.0463,141.9904,91.432,153.4177,150.2891
2019-03-06,129.3072,111.1848,147.6076,132.3567,184.4445,187.6847,175.7939,193.3238,179.3956,173.7732,223.0465,92.1284,140.2625,90.2165,153.7737,150.3103
2019-03-07,129.6306,110.6642,147.2591,132.1524,183.456,186.8651,175.7497,192.773,179.2635,173.2637,223.859,92.7566,138.5746,90.5123,153.6955,150.2572
2019-03-08,128.9132,111.2749,147.0839,131.7259,185.7415,187.432,174.6968,193.3733,178.8306,172.6813,225.4473,93.4025,137.9118,88.9783,153.8226,150.2333
2019-03-11,130.781,111.6247,147.1391,131.8763,185.8704,187.6964,174.8584,192.8784,178.5972,172.6611,226.4147,93.0215,138.5377,91.8855,153.6174,150.2222
2019-03-12,129.0903,110.6125,147.6509,131.9123,184.9203,187.4315,174.0256,193.0802,177.2066,172.5091,224.8539,93.1413,138.3348,92.3351,152.8842,150.232
2019-03-13,129.6205,111.9054,147.3362,131.7496,187.1927,187.9018,174.49,193.7431,178.6072,172.9846,224.3008,93.2684,138.1623,90.5695,153.1412,150.2032
2019-03-14,128.81,112.2046,147.2985,131.9195,186.9607,187.9123,174.6462,193.8224,179.2059,172.6927,224.1797,93.455,137.6616,89.7318,153.2212,150.2563
2019-03-15,126.5399,110.8961,147.2791,132.1196,187.1061,186.9631,174.3587,193.8193,179.5182,172.2278,222.248,93.2445,136.592,86.6015,152.4313,150.1956
2019-03-18,127.4435,111.891,147.8802,132.0395,185.316,185.9552,173.7821,193.6111,178.9261,171.5843,223.4567,93.1859,138.0301,89.3605,152.9532,150.2345
2019-03-19,126.9998,110.816,147.902,132.1587,182.9183,184.9676,172.5892,192.5732,179.1337,170.6682,224.2643,91.5983,138.9733,88.4315,153.8455,150.2174
2019-03-20,126.3756,110.9884,147.9185,132.0243,182.3821,184.4489,171.6545,191.8131,178.6938,170.9952,224.7751,89.6596,140.103,89.3422,154.1535,150.1888
2019-03-21,126.0222,111.4091,147.7106,132.0399,181.7318,184.9545,171.5178,192.2384,179.2586,170.0204,224.4394,89.61,142.3248,87.898,154.0,150.1935
2019-03-22,125.3006,110.6948,147.3736,131.6082,179.9964,184.5094,171.0127,191.8104,178.8384,170.1712,224.3947,90.5344,141.1206,87.4063,153.9739,150.1467
2019-03-25,125.364,109.892,146.4772,131.082,179.6523,184.3992,171.2482,191.8371,178.3943,169.7548,222.6962,90.5246,138.7248,86.6848,153.4979,150.179
2019-03-26,125.2315,109.5116,146.0576,130.3163,179.6877,182.3547,170.0749,190.7023,177.9103,169.3861,222.6448,90.5043,139.178,85.2453,152.5207,150.2363
2019-03-27,122.5026,107.5684,145.8683,130.3808,178.7814,182.0687,169.584,190.8992,177.5029,169.1074,222.3611,90.9559,138.5839,83.2709,150.9896,150.1979
2019-03-28,123.183,108.0435,145.9764,130.0837,179.2126,181.2884,169.1557,191.0862,177.2357,169.0957,221.2566,90.3594,139.2284,84.023,150.7218,150.1951
2019-03-29,124.7274,109.7318,146.118,130.3544,180.2509,182.5593,170.0294,191.9043,179.2248,169.0891,221.6083,89.2608,138.8472,84.4718,151.6844,150.2031
2019-04-01,127.1613,110.7705,145.4522,129.8829,178.3748,182.2933,170.4648,191.219,179.91,167.6191,223.3044,90.4668,139.3027,85.4914,151.3033,150.2743
2019-04-02,126.782,111.5812,145.2598,129.8551,178.0663,183.3335,171.523,191.446,180.318,167.8573,223.2887,90.8469,139.6346,85.573,150.7978,150.2296
2019-04-03,125.7172,111.4055,145.1391,129.6558,178.5961,182.5448,170.7126,191.2154,179.1543,167.5649,222.053,90.6307,139.7557,84.2323,151.6838,150.2367
2019-04-04,126.0317,110.9655,145.2017,129.8689,179.7044,182.8309,171.7873,191.4509,179.3396,168.957,221.6685,90.5552,139.3485,83.5348,152.6857,150.2476
2019-04-05,126.7338,111.4167,144.8927,129.6033,179.7738,182.9387,171.7406,191.3142,179.2657,169.1653,221.8238,90.461,140.2955,84.6494,151.8456,150.3092
2019-04-08,126.9988,112.1641,145.5175,129.9559,179.164,183.3117,171.5244,191.9241,179.9445,168.2849,224.2251,89.668,142.4488,85.0456,152.6647,150.3055
2019-04-09,130.8596,114.3141,146.04,130.5724,180.9536,184.7576,173.244,193.084,182.3206,168.7247,227.2068,90.2225,144.6428,86.1877,154.5363,150.306
2019-04-10,131.7782,115.2506,146.4304,130.7323,181.3022,185.4158,174.2655,192.95,182.4773,169.2222,226.6988,89.9176,143.7818,86.8395,155.8414,150.3531
2019-04-11,134.2173,117.2623,146.9945,131.3319,182.1938,186.3868,175.4146,193.575,183.5714,169.4693,229.0058,91.6861,146.5862,88.7828,156.7071,150.3067
2019-04-12,136.9364,118.137,146.9993,131.6762,183.066,187.1209,175.9638,193.4484,185.6759,170.5044,229.3953,92.4061,147.7988,89.2452,157.1949,150.2412
2019-04-15,140.2066,120.3996,147.2491,131.9833,184.9197,188.648,176.9313,193.9745,187.1919,170.3867,232.5524,93.8502,149.2374,91.0236,157.675,150.2091
2019-04-16,139.7472,120.8456,147.3079,131.7513,183.4615,187.4787,176.6123,193.2618,186.8995,169.9652,235.6956,93.6409,149.1038,92.3052,157.7167,150.2611
2019-04-17,139.2439,120.3158,147.3322,131.7051,182.6766,186.9241,175.8415,193.4912,186.2409,169.436,234.1496,93.424,149.6229,92.8702,157.1182,150.2399
2019-04-18,137.963,119.8698,147.9126,131.8232,180.713,187.3338,176.1844,194.906,186.7961,169.8103,234.8248,93.0356,148.1166,93.6724,157.1526,150.2708
2019-04-19,136.8944,120.0937,147.2114,131.8958,180.588,187.535,175.6278,193.0121,186.7235,169.4021,234.9178,92.6413,148.6056,92.8694,156.8454,150.3406
2019-04-22,138.5541,120.8211,147.2277,132.0663,181.5769,188.5436,175.6218,194.4011,187.2184,168.915,235.8389,92.852,149.6011,93.7297,157.6983,150.3311
2019-04-23,138.8329,120.6364,146.9288,131.5089,181.5208,188.8778,175.5872,194.0666,185.2411,169.1492,232.3055,93.084,150.387,94.184,156.9982,150.3418
2019-04-24,136.4867,120.6403,147.4322,132.2415,181.2662,190.6009,176.7014,194.2044,185.6228,169.0117,233.5148,93.2236,150.8439,92.9537,156.7707,150.4907
2019-04-25,137.3009,121.47,147.3467,132.9124,182.9184,192.6137,179.0594,194.9416,186.9938,168.9234,232.4012,92.9583,152.3017,91.2395,157.1375,150.5304
2019-04-26,137.3392,120.6621,147.7891,132.7014,181.9637,192.093,179.3504,195.9581,185.9319,169.2197,233.0636,91.0571,153.4958,93.1066,156.848,150.4073
2019-04-29,137.9915,121.2874,147.7114,132.8519,181.9021,192.836,179.6348,196.2397,189.4177,170.4554,234.6168,91.2546,151.7232,91.9232,157.1941,150.4018
2019-04-30,137.677,121.1095,147.1463,132.5406,181.6076,191.8372,179.1551,195.7144,189.2341,170.5442,234.5347,92.7486,152.2558,90.6796,157.0826,150.4465
2019-05-01,136.105,120.6324,147.1747,132.9378,181.7402,191.6729,179.8606,195.1166,188.9186,171.0522,235.7138,93.6229,152.4992,90.5728,156.3316,150.5312
2019-05-02,137.1779,121.2469,147.2782,133.1859,183.9215,193.2225,180.6404,195.5088,190.7989,172.1412,235.9275,93.0127,150.2515,90.322,156.5872,150.5534
2019-05-03,137.0044,120.8394,147.5164,133.8022,185.0642,194.2085,182.3901,196.0049,191.3275,172.788,235.1598,93.4868,149.8629,89.3973,156.696,150.5217
2019-05-06,137.6636,121.9992,147.218,133.3667,185.1722,195.6344,182.5842,196.4363,191.3206,172.9474,233.4355,93.5229,148.8789,89.421,157.3576,150.6181
2019-05-07,137.6149,122.1296,147.1562,133.6834,185.7963,196.9788,183.4795,196.074,191.954,172.0658,234.4662,94.0693,147.1127,88.3698,157.2084,150.6204
2019-05-08,134.0613,119.8675,147.5838,133.725,184.7967,196.2673,182.8383,196.6886,190.4456,172.2651,232.6241,93.4422,145.6429,87.4501,156.1245,150.6887
2019-05-09,134.5949,120.7095,147.2514,132.4321,183.8096,193.7655,180.2772,195.6353,189.711,172.0213,230.6671,92.0174,145.6285,87.348,156.6374,150.6779
2019-05-10,132.8566,119.118,147.9941,132.6328,183.2727,192.5968,178.5095,194.6897,186.9963,171.8842,230.1623,92.3651,146.1347,88.544,156.3067,150.6987
2019-05-13,133.5393,119.722,148.1512,132.9868,183.7749,194.1353,179.6592,195.0898,187.1244,172.5068,230.7616,92.958,147.2274,89.6739,156.4777,150.6694
2019-05-14,131.5557,118.5089,148.3302,132.9831,183.4755,193.648,178.6187,194.7186,185.907,172.2768,229.9988,92.5762,146.2134,89.0396,156.2268,150.7111
2019-05-15,131.1031,119.5781,148.2946,132.7819,183.4979,194.0943,179.6263,195.1973,185.6858,172.2314,230.2879,93.7058,146.7675,88.4757,156.2457,150.7357
2019-05-16,128.0587,118.6767,148.617,132.7068,181.1044,192.6153,179.3314,195.1883,184.1396,172.4573,228.8954,94.223,146.0912,88.9864,155.6234,150.7265
2019-05-17,125.9564,118.0214,148.7365,133.1296,180.6473,191.9516,179.7545,194.8585,183.3234,172.3402,227.7622,95.7584,145.9363,87.8379,155.4808,150.7765
2019-05-20,123.9193,115.5714,149.1512,133.2602,180.1478,192.2433,179.524,195.4217,181.6634,171.9356,224.4979,95.8441,143.8386,85.3982,155.8062,150.8516
2019-05-21,124.0117,116.041,149.4319,133.3599,180.0827,193.2381,180.202,195.8836,181.3539,172.2939,224.2757,96.5686,144.4213,86.6491,155.1879,150.9017
2019-05-22,124.4089,116.3745,149.022,132.6567,179.9721,192.9512,179.9645,195.967,181.5412,171.9774,224.1054,96.7444,142.8446,85.8976,154.9597,150.8776
2019-05-23,125.0873,117.8716,149.5533,133.0366,182.153,193.9754,180.1419,197.0229,181.5988,172.8092,224.028,95.3381,145.9216,87.8021,155.2304,150.8952
2019-05-24,123.5735,118.0977,148.9462,133.3624,183.5094,195.8159,181.3317,196.947,181.9148,173.2958,222.3387,96.2317,144.0449,86.4095,154.8846,150.8765
2019-05-27,125.3793,121.0624,149.1241,133.3978,185.3928,197.7457,183.085,198.0169,182.1931,174.543,223.4483,97.9527,145.1201,87.7427,157.0645,150.8571
2019-05-28,123.7759,119.4904,149.3815,133.1949,183.7513,195.4427,180.9611,196.9812,181.2188,174.3319,221.5927,96.9657,144.0418,87.7416,156.5758,150.8943
2019-05-29,122.9865,119.902,149.1623,133.3268,184.2459,196.2541,182.0763,197.2628,182.3865,174.1159,223.6338,95.259,143.4523,87.1613,155.9252,150.838
2019-05-30,121.4636,118.8096,149.474,133.5602,183.8549,197.0089,181.6608,196.7462,181.1721,174.38,222.33,95.8321,143.4207,86.0446,156.3602,150.8162
2019-05-31,120.5724,117.9381,149.0911,133.5013,185.7106,196.5894,180.5743,195.7914,180.0678,174.3801,222.818,94.6285,144.269,85.8566,155.1092,150.8428
2019-06-03,118.6162,116.5977,148.8912,133.1905,184.8745,194.2197,178.4311,195.1946,178.8867,173.4969,223.2286,93.6577,143.2535,86.2063,153.8402,150.8762
2019-06-04,118.3341,117.2802,148.5417,132.6761,185.3296,194.5094,178.4418,195.0466,177.9981,173.4927,223.4219,93.0423,142.5756,88.0405,152.248,150.9677
2019-06-05,116.3972,114.9184,148.3993,131.9855,182.9307,193.4058,176.8005,194.1444,175.8545,172.6237,221.1606,91.6411,141.022,86.2918,152.2013,150.902
2019-06-06,117.7684,115.3062,148.0777,131.7732,182.5864,193.8903,177.4855,194.7394,176.2247,172.0655,220.4109,92.3499,141.4827,87.1195,151.1089,150.8056
2019-06-07,116.3113,114.5675,149.0673,132.4137,182.2209,194.3188,176.5777,195.6623,175.4977,172.735,221.2453,92.6513,142.8803,88.2558,151.6089,150.861
2019-06-10,117.8659,116.5506,149.2864,132.7327,184.6582,195.5124,177.9111,196.7001,176.7647,173.2376,222.7476,92.622,144.0063,89.483,151.8079,150.9714
2019-06-11,117.3745,116.3963,149.5876,132.8972,185.5052,196.1072,177.4329,196.6744,175.2696,172.6222,221.6713,92.0618,144.2594,90.4759,151.5525,151.0025
2019-06-12,115.7394,115.2968,149.6322,132.8016,182.9895,194.1708,175.8177,195.9923,174.2635,171.2766,220.6087,90.6603,145.0556,90.2628,151.2926,151.0301
2019-06-13,118.0947,117.0334,149.4542,133.2921,186.1548,195.5918,176.4654,196.877,176.9098,171.705,220.0908,91.7678,145.3462,90.0629,151.3827,151.0503
2019-06-14,116.9592,117.2964,150.1584,133.5267,184.4499,195.0595,176.411,197.2112,176.8382,172.2657,221.3299,89.8035,147.0066,91.1791,152.482,151.0554
2019-06-17,119.9678,118.8169,150.0505,133.4953,184.355,196.0394,178.7199,198.2392,178.2368,173.2989,223.1278,89.9338,147.8245,93.156,153.6882,151.0477
2019-06-18,119.0406,118.2487,150.3092,133.3554,185.2153,196.4628,177.8043,199.0268,177.1563,173.2617,224.0269,88.8231,147.0067,93.5014,154.0294,151.1161
2019-06-19,116.7417,116.4289,151.2945,134.9054,186.6945,197.7415,178.6826,200.5255,178.2734,174.3363,225.1316,88.2409,146.7568,92.8817,153.4176,151.2058
2019-06-20,117.3189,117.2962,151.4676,134.7797,185.1073,197.2603,178.03,200.0422,178.245,173.0591,226.6973,89.3785,148.5649,93.5132,153.4532,151.2159
2019-06-21,118.0777,118.0914,151.0179,134.4056,185.5165,196.0364,177.7509,199.9649,178.9661,173.2594,227.2738,88.6021,149.7003,93.5531,153.5722,151.1421
2019-06-24,117.7385,117.5457,150.4759,134.3559,185.167,196.4778,177.5455,199.4496,178.8981,171.78,225.2917,88.1491,149.2453,92.6369,152.0257,151.1184
2019-06-25,118.4858,119.0473,149.687,132.7597,185.1935,195.7874,175.7823,199.2236,178.3338,170.7996,225.6487,87.0656,148.2996,92.4474,151.8905,151.1478
2019-06-26,120.3375,119.4509,149.7175,132.8377,187.0053,195.9514,175.7885,199.3905,178.413,171.6563,227.2115,86.4818,149.5861,94.4101,152.4095,151.1875
2019-06-27,117.3677,117.8593,149.518,132.0646,183.7026,193.8733,174.5005,198.3269,175.5928,170.3271,225.8957,88.385,148.549,92.6419,151.6311,151.225
2019-06-28,118.304,118.6816,149.4667,131.7156,182.8799,194.1039,174.8712,199.465,176.6752,170.245,227.3992,87.7913,149.4469,92.6513,151.8929,151.3711
2019-07-01,119.3912,119.465,149.6814,132.3564,184.599,196.471,176.9078,200.2203,176.8106,171.0709,226.2852,86.949,150.0793,94.2399,152.3292,151.4909
2019-07-02,119.3659,119.7634,149.796,132.6086,185.5574,195.7886,177.0468,200.2647,177.5484,171.8342,226.9656,86.3355,150.7525,94.2739,152.6444,151.5646
2019-07-03,118.9059,119.2649,149.9695,132.3698,183.6351,194.9716,176.3635,199.5892,177.0521,171.3379,228.4853,86.282,151.4797,93.7579,153.1198,151.6056
2019-07-04,122.5176,121.7371,150.4773,132.7495,185.5865,195.7439,178.3806,201.6137,179.4762,172.4093,231.3888,86.1655,152.5597,96.3668,154.7747,151.5372
2019-07-05,118.8158,119.4643,150.3963,132.0839,182.8107,192.7878,176.2179,200.305,176.9362,172.2436,230.953,85.6676,151.2361,95.4014,154.1459,151.6229
2019-07-08,119.0377,118.8678,150.3076,132.0332,181.7498,192.9718,176.5802,201.1075,177.5367,172.1183,233.2469,85.97,150.1505,95.4337,154.3661,151.773
2019-07-09,121.408,119.0753,150.3861,132.6277,183.8074,193.3268,177.3515,201.9328,179.515,172.7345,234.0599,86.3086,150.3746,95.6017,155.0238,151.883
2019-07-10,122.059,120.0625,150.1182,132.0738,183.4234,191.9699,176.4687,201.3399,179.1379,172.9103,232.553,87.1597,151.7607,95.7784,155.2525,151.8623
2019-07-11,122.5611,120.7398,150.6882,132.8463,184.7767,191.998,177.8912,202.1217,180.1948,173.2017,234.8608,87.8272,152.3905,96.9569,155.1233,151.8479
2019-07-12,122.6279,120.6576,150.4875,133.2349,185.6851,192.4635,178.3024,202.2666,181.5939,172.944,234.9738,87.5656,153.7594,95.798,153.9272,151.8052
2019-07-15,121.2517,119.6665,150.2242,133.6148,187.1323,192.734,178.6457,202.2731,181.8805,173.1405,233.4498,88.3337,151.6834,94.0815,152.8524,151.799
2019-07-16,123.1205,122.0353,149.9939,133.5836,188.264,193.4833,179.7019,202.3691,181.8588,173.2989,233.5984,88.2344,154.7541,96.4041,153.0135,151.9238
2019-07-17,123.5462,121.7703,148.953,132.0467,186.1918,191.6782,178.2809,201.1357,180.9809,171.9051,233.5407,88.3386,152.0127,94.7354,153.0775,151.9092
2019-07-18,125.5556,122.4023,148.7881,132.0618,187.171,191.7813,178.4931,201.2036,181.3831,171.7481,233.9307,89.1008,152.1419,96.0802,152.9463,151.9848
2019-07-19,124.6807,122.3572,149.2235,131.9623,187.1953,190.6974,178.2223,202.0634,181.6805,171.6859,234.6796,89.469,150.7017,94.845,153.6598,151.9965
2019-07-22,122.2864,120.4965,150.0735,131.8612,185.6056,188.5411,176.3873,202.2715,180.496,171.2162,235.1271,89.4,150.3915,93.9891,153.2094,151.9753
2019-07-23,123.8312,121.2164,150.2153,131.4413,184.6538,188.2455,176.5214,202.807,181.009,170.933,236.1067,89.3553,149.8111,94.9877,153.6439,152.0458
2019-07-24,122.8737,121.2153,150.3696,131.6836,182.9636,188.4996,176.449,201.5987,180.244,170.6337,236.9997,89.8962,148.6643,95.8658,154.4955,152.0862
2019-07-25,123.9411,122.5132,149.9706,131.447,183.9595,188.6875,177.166,201.45,181.5502,171.4356,237.6851,90.6848,146.7643,96.2093,154.4934,152.1726
2019-07-26,125.422,125.0104,150.49,132.356,186.9022,190.341,178.4697,202.3363,184.0776,172.3211,238.287,90.6275,147.3493,97.2372,155.2543,152.2682
2019-07-29,124.099,123.2803,149.8536,131.4312,184.9779,188.7123,177.4374,201.3208,182.5793,172.3725,235.2526,89.2442,145.2344,96.2364,154.6461,152.2844
2019-07-30,125.2389,122.4944,149.8103,131.2261,183.6926,189.1818,177.3435,201.8303,183.2297,172.2302,234.4464,88.1787,147.1299,94.6732,155.2196,152.2949
2019-07-31,125.7407,122.1566,149.79,131.6423,184.9468,188.9626,178.1704,201.9484,184.3485,173.1863,235.1134,87.6148,147.6872,94.3787,155.0349,152.4618
2019-08-01,125.3756,120.8641,149.9976,131.644,186.1017,188.356,177.5084,202.4892,184.9763,173.3998,234.8854,88.2458,145.2222,92.0683,155.2716,152.3603
2019-08-02,124.612,121.0053,150.5162,132.1362,184.9384,188.69,178.3271,202.8568,184.6422,173.0653,234.1871,88.7314,145.6238,92.8718,155.3214,152.4807
2019-08-05,123.8803,120.9724,150.0501,131.0284,184.0837,186.3379,177.0719,202.8032,182.6447,171.9516,232.3056,86.996,144.8299,93.5863,154.4941,152.6193
2019-08-06,123.2831,120.4556,149.767,130.8233,183.2676,186.6008,176.9223,200.7813,181.3375,171.7361,229.5631,86.1529,144.486,92.2999,154.8259,152.6645
2019-08-07,121.8259,120.2018,149.8732,131.193,184.3599,186.8938,176.8063,200.7219,181.5189,172.3048,228.9047,86.5604,142.7741,91.0672,155.4303,152.5925
2019-08-08,121.7659,120.5625,149.659,131.3302,184.3467,186.5908,176.9831,199.7387,182.0341,171.8974,229.8941,84.8388,142.9245,91.383,155.3107,152.5457
2019-08-09,122.4649,121.1379,149.7093,131.774,186.2361,188.5784,178.0562,199.8206,181.8796,172.2815,228.4691,85.5385,143.397,91.8084,155.1022,152.5776
2019-08-12,122.8512,120.9023,148.7053,131.06,185.0602,187.4697,177.6678,198.2752,181.3157,171.516,226.9403,86.1298,142.8294,90.567,154.7089,152.4937
2019-08-13,121.8881,120.3585,149.2412,131.4942,183.5856,187.1016,177.9158,198.3539,180.9639,170.795,225.5359,86.8908,142.8754,90.1357,154.8312,152.5738
2019-08-14,122.4031,121.255,149.5386,131.872,185.1029,187.8137,178.2179,199.0415,181.466,170.7586,227.2225,85.707,145.6684,90.7877,155.0209,152.5453
2019-08-15,122.7854,122.5278,150.4604,132.6442,187.5841,189.0586,178.7769,200.3633,181.655,171.4154,227.0415,85.5304,146.0619,92.6974,155.9559,152.596
2019-08-16,124.1337,124.6439,151.0419,132.4998,187.914,188.0569,178.2623,200.3727,181.816,171.5278,230.8642,85.5063,148.0065,95.9686,156.2992,152.6307
2019-08-19,124.1024,125.0117,151.1132,132.5696,187.1621,187.6206,178.0436,200.547,182.6005,171.2037,231.9916,87.5021,148.0779,95.7213,155.9347,152.647
2019-08-20,123.7776,125.5648,151.0948,132.628,186.1876,186.9565,177.6767,199.4372,182.1778,170.4583,233.1839,88.8524,147.8869,96.8869,155.5311,152.718
2019-08-21,127.2424,127.3529,151.4953,132.9218,186.7478,187.7732,178.6654,200.3159,184.3466,171.1783,235.505,89.2515,149.1354,99.5041,156.3132,152.6793
2019-08-22,124.7269,124.8444,151.157,133.2866,185.2517,187.1867,178.0391,199.4871,182.1165,170.7528,232.8219,90.0159,148.0886,98.933,156.1953,152.7668
2019-08-23,122.2273,122.5971,152.3736,134.429,185.9773,187.9934,178.3281,200.6675,181.8245,171.3185,232.5693,90.5368,145.4803,98.6042,155.9714,152.7407
2019-08-26,123.9994,124.0929,152.4481,134.4349,186.7177,189.3166,179.6742,201.9577,182.0095,171.7814,232.945,90.7276,148.108,99.942,156.673,152.7092
2019-08-27,123.3946,124.0343,152.1962,134.5233,188.2915,189.1952,179.8773,201.2465,182.8096,172.0268,231.6044,89.3332,148.048,96.8906,156.8596,152.7702
2019-08-28,120.8236,122.4261,152.9238,134.7607,186.4002,189.0765,179.7057,201.6154,181.8786,171.2111,233.4785,88.467,146.086,96.5286,156.8402,152.8278
2019-08-29,121.691,122.458,152.7249,134.3348,186.043,188.5384,179.6158,202.2916,181.4055,171.663,234.7125,89.2977,146.2314,97.6518,157.3974,152.7741
2019-08-30,122.4743,123.3331,152.8166,134.7111,186.7188,189.5293,180.0653,202.0054,181.5826,172.0221,235.1152,90.4752,147.4608,97.9601,158.4122,152.7538
2019-09-02,121.6016,123.7119,152.7437,134.4324,186.0005,189.6441,180.0896,201.9154,180.6048,172.0391,233.8164,91.7424,148.1148,98.9856,156.6712,152.7999
2019-09-03,120.7052,123.2627,153.7745,135.4381,187.1024,189.7767,180.6567,202.3397,180.2935,172.5602,231.6685,91.7009,150.3652,97.4183,158.1259,152.8816
2019-09-04,118.5642,122.0216,153.7515,135.3539,185.6268,188.2983,179.7186,202.1563,180.3887,171.9214,231.1651,91.5179,150.7211,96.1309,155.994,152.8308
2019-09-05,118.4282,122.539,154.0346,135.7028,185.7669,188.7548,179.9188,202.8046,181.8409,171.9244,233.2389,92.7217,149.7957,96.0052,155.9224,152.8861
2019-09-06,117.5232,122.288,153.6622,136.0596,187.0377,188.771,180.5863,203.3451,183.0994,172.2802,234.6913,92.986,148.1822,94.2156,156.1356,152.9995
2019-09-09,118.6572,123.042,153.6178,136.3821,187.9796,189.3133,181.4369,202.8733,183.3259,172.3075,234.0678,93.1192,148.9182,93.8735,157.4277,153.0383
2019-09-10,117.7969,124.8517,154.5299,137.0206,189.3059,189.1971,182.5482,203.9312,182.955,172.3271,233.9149,95.1202,148.5451,95.4792,157.6491,153.0621
2019-09-11,118.2385,124.7664,154.3986,137.4222,190.9183,190.3178,183.5855,204.6042,182.5361,172.7368,233.6291,95.4383,149.4342,96.3727,157.5191,153.0672
2019-09-12,119.1648,125.4302,154.5753,137.7809,191.0673,189.8651,182.4964,204.2932,183.2832,172.1125,234.0835,96.5967,151.2227,96.8971,157.6741,153.1467
2019-09-13,121.5695,128.2233,154.4347,137.4591,191.6123,189.6197,182.9579,204.3897,184.7287,172.2342,237.3911,97.0669,152.4944,98.6827,158.4798,153.1936
2019-09-16,120.9551,127.6714,154.1762,136.7413,190.0024,190.1728,182.0972,204.7076,184.6685,171.8612,239.3918,97.8133,149.8991,97.8564,158.5467,153.1289
2019-09-17,121.2952,127.7411,154.6822,137.0173,188.972,190.3306,181.9176,204.3182,183.1457,171.5024,237.3537,98.2424,150.4294,100.4598,158.7851,153.253
2019-09-18,123.4434,129.6713,154.1031,135.9934,188.8243,190.2371,182.3855,203.5206,182.9008,170.7945,237.2798,96.535,148.8602,101.47,159.7045,153.2581
2019-09-19,121.7773,128.0686,154.5757,136.6126,189.3469,190.7156,182.7661,204.2178,183.0737,171.2181,235.6489,96.6114,146.8933,99.483,160.026,153.1287
2019-09-20,121.7587,127.3429,154.0844,135.6983,186.3842,188.7972,181.3912,202.8694,181.342,170.1804,234.6025,96.3703,148.1094,99.5434,159.7272,153.0901
2019-09-23,121.1989,126.1801,153.9099,135.6077,184.6669,188.9273,181.1732,202.5825,181.6816,169.9936,234.9652,95.2535,148.916,98.9781,158.6699,153.0764
2019-09-24,122.5626,127.3424,154.1734,135.7254,185.5464,189.7625,182.2364,203.5049,181.6134,170.426,235.8887,96.6746,149.8335,99.6515,160.2024,153.1135
2019-09-25,124.0927,127.3843,153.6291,135.3786,185.2604,189.5795,181.5787,203.9132,183.538,170.5101,235.7151,97.9112,150.2049,98.09,159.9146,153.1807
2019-09-26,123.9981,126.1866,153.9466,135.3898,184.8864,189.7659,180.626,204.1342,182.8345,170.1467,233.5459,98.5741,149.6814,97.2099,160.1745,153.2722
2019-09-27,122.1949,125.2573,154.325,135.9009,184.4265,189.9113,181.0202,204.9553,183.2608,170.3128,234.1826,98.9913,149.8311,95.5587,160.3419,153.1678
2019-09-30,120.6345,124.4287,154.4048,136.0232,182.6317,188.2908,180.9709,204.8513,182.0895,168.7987,233.3656,97.7225,149.5369,96.3671,159.4929,153.1835
2019-10-01,119.5247,125.165,153.7461,135.2495,180.7096,187.4156,180.7343,203.2206,180.745,168.3718,232.9959,98.0549,149.1021,96.1572,159.5142,153.1975
2019-10-02,119.0487,125.5936,153.6591,135.4501,182.1003,187.9794,180.5735,202.642,180.8773,168.2859,232.9278,98.216,149.3733,94.7851,159.8128,153.3378
2019-10-03,118.1345,124.9377,154.0117,135.8126,183.2371,188.8117,180.7708,203.4658,180.7662,169.0654,231.4795,96.9396,149.2714,94.718,159.5546,153.253
2019-10-04,119.6648,125.2328,153.9186,136.0421,182.6943,189.8362,182.4336,204.1267,182.134,169.3017,233.4921,97.3212,148.3458,95.735,160.0223,153.2545
2019-10-07,119.8339,125.6635,153.4143,135.7511,182.4545,190.2689,182.0062,203.3748,181.6485,168.6271,232.9684,99.5439,149.3122,94.4607,159.9221,153.2542
2019-10-08,120.8651,127.2526,153.9739,136.3006,182.4665,190.4847,182.7756,203.4796,181.8933,169.323,234.7061,99.2968,151.5196,97.7709,160.8281,153.2943
2019-10-09,118.1117,124.6057,153.8028,135.8518,180.0579,190.3563,181.7302,203.3027,180.1295,168.5416,233.2316,99.0083,148.1769,96.2623,159.9973,153.377
2019-10-10,118.4112,124.4823,154.7386,136.7725,180.7493,190.6658,182.029,204.5792,180.7761,169.5202,234.1588,100.5378,150.7773,97.3613,160.3083,153.4727
2019-10-11,119.0979,125.3381,154.9733,136.7632,180.4772,189.6307,181.316,204.2309,181.9993,170.3128,234.7778,99.8683,151.4223,98.3225,160.8878,153.5026
2019-10-14,118.1848,124.7509,155.6551,137.2197,180.8375,189.9632,181.1482,204.5162,182.4347,170.0459,237.7284,99.4771,151.3021,98.3954,160.1518,153.4045
2019-10-15,117.3148,123.4318,155.0615,136.6201,179.012,188.8367,180.3187,203.2923,181.2178,169.6285,236.849,98.4902,150.3074,98.1202,159.4769,153.5018
2019-10-16,115.5327,122.3293,155.3492,137.1195,181.1633,188.8115,180.4943,203.8476,179.6235,170.1589,233.053,97.473,149.3176,97.614,159.6009,153.5827
2019-10-17,115.4684,121.4822,155.344,136.8159,180.9276,189.1596,180.883,204.4414,179.0951,170.6043,232.4613,96.0798,149.736,97.6505,158.9392,153.5757
2019-10-18,114.6054,121.7969,155.0728,136.1118,179.7567,188.1043,180.2405,205.0401,179.1733,170.3155,233.0234,95.6633,147.5936,98.0498,158.3665,153.6041
2019-10-21,112.398,120.4485,155.4124,136.2305,176.0912,186.8744,179.8449,203.6799,178.3097,170.8296,230.8847,96.1324,148.2843,96.9563,158.7482,153.6285
2019-10-22,112.8098,120.5195,156.2019,137.6503,177.9345,187.3358,180.6111,204.3337,180.1351,170.6027,233.1477,97.0305,149.7448,97.3883,158.2896,153.6165
2019-10-23,113.7586,122.0156,156.082,137.86,178.3656,189.9866,183.4026,205.3892,181.8621,170.7175,233.3628,96.8577,149.9783,96.6385,158.2684,153.6199
2019-10-24,113.6271,121.8334,156.8913,137.9005,176.5262,190.2244,183.2458,205.9922,181.7356,170.6627,235.8622,97.2889,149.8234,97.9239,158.8794,153.5243
2019-10-25,114.8908,123.8337,156.4116,137.6335,177.3298,191.3585,183.686,206.3615,181.9098,170.6066,235.7714,97.0054,151.4728,98.7365,159.7393,153.5279
2019-10-28,113.1011,122.9337,156.9091,137.8776,176.1692,190.7058,183.4734,206.906,182.0289,170.4439,235.7527,96.3032,152.239,97.1286,159.7232,153.4616
2019-10-29,113.4811,124.388,157.7994,138.6455,176.4539,190.819,183.9458,207.2591,182.7896,171.3178,237.2243,96.3061,153.4102,99.1307,161.6307,153.4495
2019-10-30,112.7817,125.3042,157.4332,138.1527,176.3838,189.9778,183.3353,207.3423,182.6165,170.4533,236.8508,96.2935,154.2743,99.6964,159.4923,153.4212
2019-10-31,113.5333,126.1083,156.6412,137.5864,177.3007,191.0926,183.9314,207.0777,182.363,170.9569,235.8688,96.2134,153.4341,100.0291,159.0454,153.5193
2019-11-01,113.3024,125.5532,157.3788,137.8208,178.6187,190.8304,182.8725,208.0656,182.4458,171.651,235.8926,96.0601,153.6167,100.4654,158.837,153.5335
2019-11-04,111.9982,123.2648,158.5545,138.7341,178.5772,191.3859,183.1223,209.4635,181.1213,172.4834,234.9548,96.1279,154.9784,101.88,158.0188,153.6761
2019-11-05,111.494,122.2555,157.838,137.5952,176.9993,190.6675,182.6414,208.5335,179.5311,171.581,235.5225,95.587,152.4978,101.0006,157.6242,153.6223
2019-11-06,110.5009,122.0797,156.9271,136.6427,174.7682,188.6647,181.0262,206.5866,177.945,170.524,234.9582,96.6895,150.3124,100.3533,157.9853,153.6047
2019-11-07,110.3551,122.5983,157.1245,136.5074,173.6027,188.6179,181.5683,206.2565,178.3356,170.3769,236.2945,97.0055,150.5459,99.7337,158.2059,153.6431
2019-11-08,111.2492,123.532,158.13,136.9998,174.1993,189.2142,181.5194,207.4022,179.5349,171.1782,236.8248,97.1346,152.3281,100.5986,159.0988,153.7345
2019-11-11,113.6474,124.5109,157.9263,136.6402,175.1392,189.4148,181.2814,208.1769,179.7431,171.7175,234.814,98.5333,154.1054,100.8206,160.1823,153.7881
2019-11-12,112.2576,124.7032,157.8725,136.1572,175.042,188.8188,181.0393,208.6488,179.2367,171.9287,234.8969,98.5389,153.3369,99.906,159.9574,153.7735
2019-11-13,115.1985,126.014,157.5935,136.4002,176.5008,191.3619,183.8848,208.7049,180.7133,173.02,235.9743,97.9124,154.7502,101.2974,159.7757,153.9128
2019-11-14,116.5153,125.4166,157.7691,136.8494,178.0423,193.1396,184.9041,209.6605,180.9106,173.7325,235.0297,97.379,153.9558,102.7068,159.8341,153.9159
2019-11-15,115.8105,125.5069,157.5938,135.9345,176.7166,190.4127,182.6906,208.9622,178.645,172.8046,233.0783,96.5297,154.7982,102.9646,160.6967,153.891
2019-11-18,116.7962,126.7288,158.0753,136.8182,179.9281,191.2392,183.5955,210.2461,181.0664,173.9655,231.7691,96.5988,155.0304,102.213,161.2942,153.9081
2019-11-19,117.12,126.2326,158.6104,137.9214,181.9425,192.2802,184.613,209.541,182.7099,174.6619,232.4784,95.9994,154.1781,101.7402,160.9693,154.0055
2019-11-20,116.586,124.5328,158.3057,137.3502,180.4111,191.69,183.0274,209.4076,182.04,174.3515,232.6837,95.6536,153.3922,100.8691,160.7195,154.049
2019-11-21,118.0043,125.3367,158.2889,137.3971,181.1535,191.6555,182.0805,208.956,182.9008,174.979,234.8241,97.1571,153.8916,102.6501,160.8576,153.994
2019-11-22,115.8998,123.4825,158.1714,137.3372,178.8591,191.8762,181.4027,208.1256,182.2659,174.0453,232.9561,97.6465,152.5296,99.7927,160.2963,154.0389
2019-11-25,115.5019,121.7006,158.2208,137.3971,177.8667,192.7417,181.5639,209.0836,183.137,174.5379,233.316,97.0985,151.0532,99.8618,158.6728,154.1021
2019-11-26,115.9723,121.8849,157.6888,136.9158,177.3519,191.2236,181.6032,209.1589,182.6459,174.1902,232.0905,97.807,151.2218,99.3612,159.1919,154.1285
2019-11-27,117.2581,121.1522,157.6077,137.3533,177.5239,191.6528,181.8658,209.2183,183.0906,173.9829,230.5513,99.4102,152.4696,98.1957,159.5639,154.2061
2019-11-28,114.999,120.5833,157.5527,137.4159,175.959,190.9319,181.6858,208.7071,183.3924,173.148,231.8397,98.5304,151.1154,96.8957,158.9227,154.2064
2019-11-29,113.0888,118.9427,157.8173,137.176,175.2742,190.4228,180.6258,209.3235,181.9477,173.5924,230.9109,97.9657,150.8655,97.0145,157.8128,154.2592
2019-12-02,114.7566,120.4496,156.984,137.213,176.1586,190.4297,181.4493,208.4704,182.9978,173.3547,230.5961,98.654,152.0856,97.8564,157.1668,154.2562
2019-12-03,118.5236,121.7113,156.7452,137.438,176.9803,191.8478,182.858,208.3471,184.1656,174.2839,232.1842,100.33,154.0756,100.5546,157.5773,154.348
2019-12-04,118.3341,121.2464,156.8545,137.4855,177.6783,192.8999,184.0391,209.0773,183.1455,174.0593,232.1292,100.7505,152.3019,101.3831,156.8131,154.4349
2019-12-05,118.1104,120.411,156.6762,137.5949,179.8469,193.6334,183.5467,209.6312,183.0576,174.8984,233.43,99.2577,151.4634,102.1077,156.4037,154.4821
2019-12-06,116.2932,118.9384,157.2384,138.4265,180.7505,194.0395,183.0875,210.6529,183.2705,175.2596,232.619,99.0696,151.7504,99.7852,157.072,154.4574
2019-12-09,118.2625,119.1374,157.0021,138.5973,180.6203,194.3432,183.5639,210.754,183.0868,175.1757,232.1265,99.7648,151.7422,101.8833,158.0387,154.5007
2019-12-10,117.2362,118.5334,157.4443,138.3734,180.7762,193.4037,183.3529,210.7345,181.5519,175.6673,231.8424,100.8993,149.994,102.5039,157.7542,154.475
2019-12-11,118.1781,120.317,157.4786,138.4149,182.4838,195.5657,183.8147,210.7515,182.0157,175.5746,233.9832,102.289,149.3748,104.2129,157.0964,154.5136
2019-12-12,119.2828,120.6158,156.8912,137.4572,181.6064,194.1493,182.1097,209.8199,181.4514,174.2455,233.7849,101.8657,148.8033,103.8369,157.5391,154.6441
2019-12-13,120.2025,121.181,157.4247,138.191,182.9801,195.6734,183.8081,210.8878,182.9503,175.2737,233.1767,101.0234,150.9,103.5313,157.9102,154.5413
2019-12-16,119.9916,120.5379,156.8367,137.9157,182.8831,195.1428,183.7255,210.5219,183.237,174.9385,234.5036,101.0002,150.3211,102.0459,157.4754,154.574
2019-12-17,120.2743,120.7508,156.6568,137.7835,183.8475,195.144,183.5782,210.1108,183.3602,174.6814,235.9202,101.1468,149.8771,103.0475,155.7916,154.6618
2019-12-18,122.0834,121.9219,156.2125,137.3911,184.5355,196.0524,184.2963,210.2341,183.52,174.951,235.7117,101.7789,150.2459,103.4734,156.4727,154.4871
2019-12-19,122.2625,121.7883,155.0645,136.5213,183.4637,195.4507,184.0028,209.6019,182.4051,173.5728,235.2263,101.297,149.8479,103.1458,155.9077,154.4971
2019-12-20,123.0242,122.2686,155.0223,136.3068,184.3149,195.4791,185.2774,211.1502,182.7093,174.5675,233.2687,101.2418,150.1116,104.0371,155.1926,154.5084
2019-12-23,122.4591,122.5823,155.4592,136.5253,184.5487,194.7968,184.6756,211.7317,182.401,175.2176,233.3605,102.6026,151.1398,103.9914,156.501,154.4547
2019-12-24,121.7137,121.7132,155.3304,136.0383,181.3354,192.5951,183.449,210.7982,181.6221,175.0539,232.9084,103.8607,151.1497,104.3524,156.2665,154.5699
2019-12-25,122.8296,121.726,155.5607,136.6322,181.491,193.4885,184.0844,210.6689,182.896,175.5331,234.3117,104.4421,152.7832,104.3571,156.6835,154.4845
2019-12-26,121.9489,120.4369,154.981,135.6873,179.4319,191.3552,181.943,208.856,181.5658,174.8007,234.792,103.9785,152.7634,103.3995,155.9747,154.4669
2019-12-27,122.3304,120.5514,154.8608,135.9906,180.7198,192.0564,182.6403,209.5381,181.9268,174.5522,232.5196,103.338,152.0585,103.3432,155.7418,154.4772
2019-12-30,120.5723,118.9723,154.9855,135.8952,178.9227,190.5961,182.053,209.0768,180.9519,174.6468,230.2571,103.6082,151.6578,101.6827,155.7262,154.4054
2019-12-31,120.7689,118.4199,154.5493,136.2172,181.6129,192.0605,183.1204,208.9938,180.8414,175.652,228.086,104.0021,150.5213,100.0377,155.9481,154.4693
2020-01-01,121.9963,119.1617,153.7004,135.1519,180.2095,192.2382,182.8971,207.9453,180.4631,174.9212,228.1672,103.1731,149.1291,100.1708,156.2498,154.4918
2020-01-02,122.5433,120.1387,152.9655,134.6192,181.4209,192.2058,183.2396,208.0278,180.573,174.5131,228.2008,102.5112,147.5007,100.4524,155.7297,154.625
2020-01-03,120.7008,118.7786,152.9041,134.4512,181.2346,191.1798,181.8739,208.0838,180.0238,174.6391,227.1214,102.8207,145.735,99.1248,155.276,154.5972
2020-01-06,118.9293,116.4911,152.7249,134.4616,180.3731,190.286,181.3575,207.4766,179.4863,175.1137,225.698,103.421,143.1505,97.5232,154.5851,154.654
2020-01-07,119.3463,117.3241,153.3032,134.3842,180.5762,190.831,182.5239,208.3761,178.9181,175.8924,225.3077,104.1162,144.5499,98.0448,155.0882,154.6719
2020-01-08,118.8331,117.1656,153.8831,134.6991,181.2866,191.2471,182.4525,208.6696,178.2699,176.0399,225.8457,103.9553,144.3737,99.4272,154.7761,154.7192
2020-01-09,119.7965,118.2882,153.9237,134.6196,182.0931,192.0135,182.2172,208.924,179.287,176.4914,228.5976,102.3686,145.5496,101.1781,154.6044,154.7276
2020-01-10,119.7486,118.2165,154.0412,134.9337,182.8505,193.2226,183.7347,208.9509,179.0562,177.586,226.963,100.4454,146.4098,102.2243,153.9677,154.7226
2020-01-13,119.2944,118.645,154.0988,134.5724,181.6597,191.9329,182.7509,208.6274,178.6438,176.5742,227.1647,100.7493,147.1118,102.3405,153.4735,154.7576
2020-01-14,117.2209,115.8529,154.6612,134.308,178.3702,189.257,181.0277,208.6417,176.0941,175.5619,226.9093,100.5925,148.7549,102.5977,152.4462,154.6443
2020-01-15,117.4367,115.3825,154.9392,134.9429,177.1565,188.9598,180.6499,208.5488,176.784,176.1631,228.1105,99.2822,148.9539,104.4625,154.0007,154.7161
2020-01-16,119.1112,116.8365,154.9574,134.7616,176.701,189.4639,181.2991,208.3978,177.4741,175.2574,229.8093,99.4134,148.9214,105.6024,154.3482,154.8143
2020-01-17,119.0088,117.6747,154.1961,133.9018,175.7875,188.8713,181.2355,207.665,177.0154,174.5306,229.6439,100.0376,148.1133,103.1193,155.6064,154.8094
2020-01-20,119.4513,117.1463,154.6808,134.9727,177.5702,190.4988,183.017,208.9467,178.9342,175.6752,230.753,100.1129,147.3591,102.5258,156.0493,154.8499
2020-01-21,121.4892,119.0757,154.3684,135.0697,178.1459,191.7812,183.7434,208.7551,180.5997,175.6117,233.6072,98.9511,148.7436,104.3826,156.3887,154.8699
2020-01-22,122.6024,120.0177,155.0855,135.9728,180.0922,192.8175,183.8002,210.4528,182.6483,175.9668,237.1387,98.7637,150.5516,107.0266,155.9067,154.8705
2020-01-23,120.0403,117.7411,155.6831,136.4858,180.1358,194.1844,185.171,211.7241,182.4484,177.687,234.8755,97.4781,150.7721,104.0041,155.4569,154.8651
2020-01-24,121.4564,120.0907,155.6734,136.7924,182.8526,196.4869,185.9935,212.0988,182.2274,177.2891,234.8558,97.578,151.0741,106.078,156.3843,154.907
2020-01-27,123.1049,121.6821,156.0211,137.2294,183.9194,197.6708,186.6697,211.8703,183.7113,177.6055,236.9196,98.1147,151.1095,107.9576,156.6783,154.9006
2020-01-28,121.8867,120.7608,156.8015,137.1594,182.7317,196.3513,185.177,212.2078,181.4092,177.1817,235.9454,99.2721,153.1152,107.8377,157.5167,154.8651
2020-01-29,122.6063,121.2365,157.3491,138.085,182.954,197.0339,186.6554,213.0562,184.3574,177.9394,237.1227,98.9872,151.7971,108.2302,157.917,154.8418
2020-01-30,123.2177,121.13,157.9592,138.0301,181.2096,196.7705,186.9389,213.0406,184.6194,178.1361,239.1411,99.1161,151.4052,109.2069,158.7425,154.8249
2020-01-31,122.3818,119.0019,157.474,138.2049,181.9123,197.7344,187.1486,212.2965,184.2396,178.0164,238.4989,98.4555,149.2404,107.063,157.9305,154.8595
2020-02-03,122.892,119.3424,157.416,137.7068,181.5958,197.6635,187.1079,212.113,184.3946,178.6518,238.949,98.2373,148.9867,107.1171,158.0075,154.8494
2020-02-04,122.2984,119.5481,157.851,137.8825,181.0613,197.5165,187.4056,212.0895,184.8536,179.6429,238.9179,96.8177,148.3144,107.2931,159.2943,154.8026
2020-02-05,123.2559,119.1775,157.9124,137.0821,180.4087,196.2262,185.9256,212.3735,184.5699,179.4046,239.5592,97.3175,148.8432,107.4148,158.6248,154.9069
2020-02-06,125.533,121.1289,157.8597,136.9066,182.6855,196.2522,185.9132,213.2009,185.59,179.2952,241.5883,98.4728,149.0381,107.7765,159.8721,154.8716
2020-02-07,125.6823,121.1966,158.7734,138.2077,182.7608,197.6403,187.8511,214.3776,186.9676,179.9877,242.3461,99.6745,150.2841,107.9479,160.8771,154.8858
2020-02-10,126.4117,121.4156,159.3084,139.1153,184.3688,199.007,188.8076,215.8799,188.5974,180.6896,244.1926,100.3512,150.2533,108.966,161.2077,154.8544
2020-02-11,128.7894,122.003,158.8423,139.4769,186.423,200.1543,189.5145,215.648,189.0796,180.978,242.568,101.2194,150.8991,110.296,161.1112,154.8226
2020-02-12,129.2872,121.7206,159.1279,139.0364,184.0216,198.4407,187.7705,214.3156,188.939,180.3514,244.4686,101.7498,151.2758,111.0881,161.0716,154.8216
2020-02-13,128.9357,121.7651,160.0704,139.6393,184.6385,198.8925,188.6217,214.7766,189.1394,181.565,244.9585,101.6355,150.5544,112.2226,161.8876,154.7202
2020-02-14,125.8288,120.3426,159.5561,139.4809,184.0481,196.5978,187.3186,213.1797,188.6114,181.504,243.6223,101.9538,147.4463,109.821,161.011,154.8221
2020-02-17,125.1591,120.5913,159.5497,139.7335,183.9985,196.6836,187.4832,213.2938,189.8584,181.7131,247.5374,102.1126,146.7425,110.016,160.9968,154.8664
2020-02-18,123.5795,119.8978,159.1518,139.7131,183.2027,196.3981,186.8208,212.7854,190.2547,181.6306,247.8198,103.0539,146.473,108.4557,159.7661,154.8909
2020-02-19,124.8041,120.0708,159.1517,139.0407,181.812,194.341,185.3035,212.6116,189.7943,181.0466,248.9841,104.9094,146.3773,110.1099,159.8091,154.7404
2020-02-20,123.8942,120.1647,160.1032,139.4901,179.5102,192.9977,185.6336,212.8859,189.9225,180.9146,251.2299,105.3075,147.1557,110.5557,161.4012,154.7286
2020-02-21,126.0172,120.9736,160.5561,140.0569,180.9624,194.7845,186.4822,213.6222,190.9188,181.6606,252.4732,106.0331,148.8857,112.354,161.7533,154.715
2020-02-24,125.9351,121.7005,160.7146,140.2867,180.9914,194.8942,187.3223,213.717,190.9011,182.1063,250.761,106.8746,149.1168,111.8876,162.9855,154.6698
2020-02-25,129.8875,124.6331,160.6266,140.8098,182.38,196.3568,189.6662,214.3572,192.2131,182.0762,252.9699,107.9423,152.2479,114.8051,164.7991,154.7878
2020-02-26,126.0678,123.3269,160.9061,141.2635,181.2191,196.2088,189.3848,213.9517,191.9729,181.4535,252.7383,108.0252,150.9779,110.8966,164.9772,154.7741
2020-02-27,126.2987,124.7194,161.0121,141.4127,182.2813,197.2336,189.8415,214.0645,192.5769,181.9918,251.7103,109.2438,152.0928,110.6681,164.8258,154.8006
2020-02-28,128.6319,127.4784,161.1386,142.0705,183.74,198.1394,191.1604,214.058,195.5557,182.3296,254.4168,110.0358,154.0265,112.1314,165.0923,154.7892
2020-03-02,126.1521,126.9078,161.3187,142.8155,185.8309,199.9856,192.3261,214.1516,196.0211,182.6271,253.888,109.9418,151.2937,109.498,164.3096,154.8699
2020-03-03,126.4384,128.64,161.1604,143.1939,186.0779,200.2454,192.8006,214.423,197.9667,182.0097,254.1525,110.1878,152.6445,108.9064,164.3384,154.8913
2020-03-04,128.1639,128.8148,161.523,143.3185,187.4072,200.4296,192.3838,215.1978,198.6765,183.177,253.5072,110.8355,154.4513,110.2554,163.942,154.9825
2020-03-05,130.0604,129.2102,161.8658,144.2418,189.0359,202.2643,193.3577,216.3078,200.5918,184.376,254.573,112.5796,156.6724,111.4676,163.8578,155.0831
2020-03-06,128.237,127.5444,162.4276,144.7231,187.3283,201.3314,192.5513,214.9761,198.5096,183.9685,254.062,113.2585,155.422,113.783,163.1013,154.9969
2020-03-09,126.3839,125.7864,162.3423,144.6061,187.141,200.0671,191.5097,214.7912,198.6712,182.9891,253.323,111.8942,153.3555,111.2424,161.3891,155.1159
2020-03-10,128.2496,126.8431,163.1526,144.8393,188.1134,199.8726,191.3612,215.5947,200.0144,184.1271,254.5807,112.3898,156.1009,111.953,162.2378,155.1818
2020-03-11,129.4241,126.2297,162.8828,144.5187,187.4193,199.4101,191.0774,215.2626,199.9641,183.7928,253.8411,113.3677,154.6934,113.3225,160.9505,155.1602
2020-03-12,128.8006,123.9754,162.9795,144.6877,188.4069,201.4851,192.1321,215.9452,199.3281,183.5235,252.2957,110.8472,152.4344,111.7806,159.7064,155.1281
2020-03-13,128.6989,124.1989,163.908,145.8099,189.3523,202.9717,194.3395,216.9522,202.3916,184.6896,254.3893,110.1605,151.8085,111.1993,159.4004,155.0981
2020-03-16,128.4828,123.3922,164.0239,145.9028,188.4544,202.637,194.0483,216.6719,203.4904,184.6014,254.0738,110.9511,149.5604,109.4805,159.5451,155.1007
2020-03-17,129.9386,124.0038,163.9251,145.952,188.3445,203.6041,194.539,215.7475,203.9975,184.4243,254.3989,110.9812,149.5263,109.4954,160.2003,155.1653
2020-03-18,129.724,122.4624,163.4379,145.4532,188.2663,202.4463,192.5174,214.4675,203.2869,183.8475,253.834,108.1488,148.1989,109.2496,159.4359,155.0788
2020-03-19,128.9224,121.4932,163.0977,144.6433,187.5508,201.1227,192.1093,214.5134,201.7591,183.0696,251.755,108.9818,146.9209,106.3355,159.5165,155.1895
2020-03-20,130.4818,122.9575,163.3393,144.1724,187.9681,201.2162,192.0698,215.2065,201.3422,182.8051,250.8611,107.7157,147.6413,107.7463,160.2854,155.256
2020-03-23,129.8024,121.9866,163.4324,144.4873,188.0696,201.4224,191.8533,215.4363,202.2556,183.3662,249.7772,106.8091,146.888,108.1777,158.5496,155.2862
2020-03-24,128.194,120.409,163.4996,144.4237,188.0119,201.541,192.3436,215.5608,201.5836,183.3779,246.6364,105.3257,144.7792,106.5831,157.2137,155.3135
2020-03-25,127.8084,121.4879,164.5882,144.9403,188.7437,201.8534,192.0462,216.5947,203.0457,184.208,246.4091,105.602,146.2784,106.6848,157.1445,155.3773
2020-03-26,122.8494,118.0107,164.1836,145.0072,188.3336,201.7509,190.5923,215.4223,200.9119,183.3409,243.0477,103.1562,143.5176,102.1642,155.741,155.4129
2020-03-27,120.383,115.5553,165.0043,145.5697,187.3884,200.8951,190.4273,214.9977,199.7839,182.5935,241.2483,101.8707,143.2083,100.0468,154.6069,155.3966
2020-03-30,117.9026,113.3397,166.0885,146.5031,186.9445,200.2289,190.1589,215.2676,198.2295,182.7063,240.4423,100.914,143.7996,100.8613,153.2829,155.4046
2020-03-31,114.027,110.2142,166.2275,147.277,186.4299,201.1078,191.6195,215.6052,197.4924,183.117,235.5923,99.1393,142.2341,96.6512,151.7246,155.4086
2020-04-01,113.2841,109.5218,166.501,147.0369,185.5056,200.3468,190.6508,215.3804,196.3451,182.0122,234.7734,98.4467,141.6465,96.3646,151.3921,155.4639
2020-04-02,114.1571,110.201,167.1629,147.1534,187.5446,200.1652,189.9154,215.7166,198.3692,182.6008,237.9952,97.7424,141.2888,96.8074,150.9407,155.4356
2020-04-03,112.9287,109.6203,167.9328,147.8457,188.3649,201.5712,190.96,216.588,197.235,182.4482,235.9191,97.6141,140.7226,97.1062,150.2487,155.4984
2020-04-06,113.3054,107.4126,168.1278,148.2253,187.5304,201.539,190.7563,216.1938,198.0548,182.5479,235.3826,96.8905,141.3693,95.1379,149.6943,155.566
2020-04-07,110.9615,105.1895,168.7956,148.6703,184.5849,200.9078,191.3239,215.7267,196.7607,182.4324,232.6358,96.8879,139.489,94.3839,148.8425,155.6709
2020-04-08,111.331,105.0386,168.433,148.1689,184.1909,199.692,191.0259,215.9309,196.3854,181.7085,231.9518,96.1301,139.744,93.5088,149.1997,155.6385
2020-04-09,110.6588,105.2311,168.2936,148.4443,184.5653,200.5819,192.096,215.3004,195.6114,180.965,230.8445,95.6719,140.6991,92.3411,149.0414,155.6757
2020-04-10,110.1801,104.9431,167.6759,148.3156,184.4571,200.2659,192.8044,212.949,194.45,180.8855,228.2628,94.6158,140.3468,91.5842,148.5778,155.5858
2020-04-13,108.9307,104.0199,167.496,148.3926,183.5721,200.1104,192.7427,211.7039,194.1052,180.365,227.7835,91.9407,138.1649,91.8376,147.6853,155.5828
2020-04-14,104.7107,100.936,168.3973,149.3693,182.9381,198.2505,191.3767,211.4832,192.8991,180.4068,225.0548,90.7768,137.5585,88.5057,147.1199,155.6347
2020-04-15,105.109,101.2696,167.455,148.6657,182.7931,197.4343,190.9842,210.1763,193.2066,180.8302,224.3212,90.5084,137.9465,88.225,146.1334,155.6866
2020-04-16,104.9757,100.5294,167.3828,148.535,182.3367,197.048,189.2717,209.078,191.9262,179.3474,224.0964,91.3751,138.9289,88.1039,144.8734,155.8094
2020-04-17,103.8605,99.6143,168.2414,149.3051,181.3467,197.1307,189.0787,207.9417,190.2181,177.9889,224.349,89.273,139.163,89.8177,144.2936,155.8151
2020-04-20,103.8089,99.0646,167.9753,149.4203,179.3905,196.7041,189.8046,207.8767,191.6566,177.2129,225.0183,90.6519,138.9864,88.4539,143.2423,155.775
2020-04-21,103.8573,98.7374,168.5997,150.2981,181.0076,197.4479,190.4799,209.8571,193.4761,177.6386,222.487,90.0017,139.6741,87.2893,142.7721,155.849
2020-04-22,104.4423,98.9046,169.1268,151.0374,182.2711,199.553,190.9104,210.3268,194.3134,178.0269,221.2267,89.723,139.6936,88.046,142.5323,155.783
2020-04-23,106.9402,99.7081,170.8368,152.9692,185.1358,202.6066,193.844,212.8019,197.0165,179.0443,221.2996,88.9797,140.792,90.4405,143.0587,155.8318
2020-04-24,107.5673,100.2249,171.4848,153.0859,185.797,203.3324,194.1531,213.7043,197.6775,179.017,221.269,88.8536,140.0991,91.2683,142.716,155.8449
2020-04-27,107.1082,98.9452,172.3285,153.9766,186.2239,203.5293,195.5973,214.8111,198.437,179.2263,221.907,89.7074,139.9641,89.7424,142.2185,155.8534
2020-04-28,106.8795,97.8616,172.5609,154.7598,185.942,203.942,196.9635,215.0951,198.3522,178.9063,222.0116,89.6373,139.5464,90.5308,141.122,155.9802
2020-04-29,106.0336,96.7884,172.4,154.7367,185.7409,202.6611,196.7556,214.1505,197.7591,178.9204,221.2319,88.5378,139.0987,89.4919,140.6718,155.9996
2020-04-30,105.842,95.8073,172.6395,154.3081,185.0063,201.9579,195.1492,213.5771,196.2674,178.1974,219.5785,87.737,139.379,89.129,140.2858,155.9079
2020-05-01,105.909,95.8013,173.4718,154.969,185.8613,201.1458,195.7972,214.3149,197.512,178.7533,220.074,88.2955,139.7544,89.0483,139.9385,155.8863
2020-05-04,106.2528,96.0787,173.7338,155.2943,189.2508,201.8878,196.3948,216.0805,198.0547,179.8203,217.7628,85.9552,139.7143,89.622,139.6645,155.871
2020-05-05,105.7031,94.8998,174.727,156.0794,189.7462,202.1055,195.6975,217.4037,199.0543,179.6753,217.714,85.6234,138.3392,88.9182,139.516,155.9381
2020-05-06,105.2607,93.1213,174.6874,156.112,187.4607,201.9165,195.8335,217.2588,199.0019,179.4199,218.3725,86.8575,136.2456,88.2736,138.7713,155.9956
2020-05-07,105.801,93.3354,173.7064,155.0203,185.2186,200.8616,194.701,215.6884,198.8402,178.1392,219.3065,86.0541,136.0384,87.9286,138.6847,155.9857
2020-05-08,107.5524,94.0309,173.5344,155.1656,186.1516,201.4245,195.7255,216.3396,200.7619,178.9479,222.1271,86.6188,136.8948,88.7937,138.8446,156.1128
2020-05-11,109.1262,96.2222,173.4422,154.2596,186.0867,200.6865,194.7391,215.4431,201.7331,179.3007,225.2619,87.1749,138.2076,89.5581,139.9889,156.1178
2020-05-12,113.1714,99.0099,173.5363,154.6398,190.7216,203.8879,198.092,217.9352,204.4084,180.1232,228.2268,86.5949,138.7081,92.1614,140.8698,156.1476
2020-05-13,113.8987,99.4912,173.1931,154.7083,191.0892,205.256,198.2888,218.1102,205.0496,179.8037,229.2275,86.2578,138.2482,92.7072,141.2891,156.2797
2020-05-14,116.0667,100.8712,172.8978,154.0558,191.5465,204.3434,197.4082,218.3471,206.7547,179.9114,231.0417,85.4645,139.3162,93.4998,141.9624,156.3148
2020-05-15,115.5326,100.7742,172.9904,154.0387,190.5746,204.0895,196.4296,217.461,205.7911,179.9976,230.2526,85.8397,140.6517,93.6148,142.2796,156.3314
2020-05-18,118.7256,102.5262,171.9222,152.9467,191.5566,204.6215,196.8749,216.6824,206.7515,180.5371,232.5286,84.2512,140.9173,95.216,143.0454,156.4069
2020-05-19,119.8312,103.1026,171.9769,152.4587,192.7061,204.5723,197.2162,217.1252,206.3133,180.751,233.4785,83.8366,142.7426,96.0078,142.4731,156.3957
2020-05-20,120.1495,103.6007,171.1163,151.9287,195.3718,205.4923,197.6756,216.9139,205.7308,180.8024,232.8663,83.7822,141.022,95.1084,142.3549,156.4204
2020-05-21,116.9345,102.0078,171.4317,152.813,195.9155,205.4496,196.0633,216.2549,206.8296,181.0877,236.2869,83.3697,140.042,92.9366,141.7396,156.3891
2020-05-22,115.4192,100.9298,171.8989,152.8877,194.1968,203.6011,194.7173,216.7756,206.7535,181.277,235.5339,83.0026,140.3243,93.0575,141.1009,156.4079
2020-05-25,113.9399,100.3463,172.3523,153.0184,192.4976,203.4911,194.9332,216.6239,205.2571,181.0482,234.6305,83.275,141.6364,92.7215,140.743,156.4901
2020-05-26,112.7186,100.5827,172.1456,152.5572,191.81,202.7347,194.2054,216.362,204.8555,180.5842,235.8131,83.1099,140.5525,92.3742,140.6901,156.5088
2020-05-27,114.6162,101.6794,171.588,152.078,192.8773,203.9835,194.3265,216.7756,206.6286,181.064,234.494,83.2083,140.316,91.2955,141.3594,156.5546
2020-05-28,114.0562,101.4225,171.7001,152.263,192.4973,202.9922,194.7842,217.4341,206.5566,180.1172,233.5687,82.3015,138.8667,91.5728,141.2213,156.5654
2020-05-29,112.1693,100.3527,171.6236,152.1988,191.6843,201.9737,193.48,217.3248,205.8591,179.2021,232.5984,81.9248,138.6342,89.9367,140.6573,156.4849
2020-06-01,113.8409,101.7505,171.5498,152.1132,192.5925,201.7261,192.8051,218.1198,207.9046,179.9616,232.6036,82.2217,141.4574,90.5632,140.8249,156.5449
2020-06-02,115.8884,103.1892,171.0058,151.9312,194.3115,204.2814,194.5363,219.0196,209.1425,180.6637,230.5103,83.9563,141.521,89.8797,141.2377,156.5132
2020-06-03,116.2999,103.6914,171.4702,152.0947,192.9307,203.8967,193.8944,218.2624,209.9704,179.9753,233.3101,83.3358,141.666,91.5204,141.2207,156.5657
2020-06-04,118.3179,105.0196,172.2374,153.2245,195.0639,204.4095,193.9145,218.2054,211.3305,180.6918,235.863,84.0436,146.084,93.8298,141.8191,156.5512
2020-06-05,119.1642,106.1646,171.1908,151.9683,195.7185,203.8098,193.5322,217.7755,210.2041,180.2458,234.8337,83.9412,145.4497,93.3151,142.5147,156.4997
2020-06-08,117.4162,105.5941,171.5906,152.6251,194.7321,204.2395,193.7964,218.1772,211.2373,181.3833,237.1971,85.5697,144.8407,92.9751,142.5064,156.4875
2020-06-09,115.8683,104.9412,171.529,153.0367,194.0878,203.3614,192.5928,216.6921,210.5183,180.9557,236.0024,86.551,145.3319,92.482,141.7852,156.587
2020-06-10,118.4318,106.6637,172.9752,153.8076,195.4269,203.9111,193.3738,218.4265,211.9945,181.9969,239.0306,87.3811,147.3513,95.9208,143.3151,156.6198
2020-06-11,117.8059,106.5275,173.185,154.2111,195.1716,205.1745,193.4201,218.7726,211.663,182.419,239.5644,87.2362,148.8344,97.0516,143.0356,156.5096
2020-06-12,117.9474,106.1573,172.6779,153.084,192.4741,202.5437,192.1096,218.9817,210.9146,181.3641,240.5741,86.3704,148.8918,98.2667,142.3491,156.493
2020-06-15,118.2222,106.8565,172.4295,153.186,192.4873,202.3874,192.2588,218.5514,212.6587,181.3328,244.4278,86.0699,148.9454,98.8299,142.0896,156.4754
2020-06-16,120.0664,107.8837,172.2043,153.2858,193.8437,203.4715,193.1109,218.6874,215.3245,182.1738,245.2392,85.6873,149.6096,98.6048,141.9891,156.5417
2020-06-17,122.6732,109.4751,171.5607,153.0048,194.6436,203.8518,193.5767,218.9275,215.4915,182.0743,246.2048,87.7449,149.0396,101.384,142.5655,156.5506
2020-06-18,122.0918,108.5761,171.5581,153.1769,193.9073,204.3228,193.9519,219.1035,214.5128,182.3617,244.1248,87.6615,149.874,100.6112,142.8739,156.6034
2020-06-19,119.2763,106.63,171.7938,153.4041,193.727,202.493,192.3122,218.4465,212.4142,183.0569,239.8943,87.8936,149.1176,98.939,142.9279,156.6875
2020-06-22,119.0527,105.9082,171.9164,153.1602,193.0628,201.0255,191.3903,217.647,212.5065,183.6303,240.2055,88.2026,147.8451,98.7638,142.6901,156.655
2020-06-23,117.3012,105.0172,172.0432,153.1073,192.8969,200.2616,191.1146,217.9734,211.4092,183.698,238.5686,87.5061,149.1173,97.1015,142.335,156.6584
2020-06-24,115.2932,104.2052,172.7479,152.6068,192.2307,198.9257,189.8421,218.2365,209.4615,182.845,238.1195,86.319,148.0174,95.8608,142.4249,156.6558
2020-06-25,115.8199,105.7925,172.0552,152.4751,194.7572,199.739,190.3839,218.0031,210.1874,183.4511,239.1257,85.7466,148.927,95.8697,142.7109,156.6385
2020-06-26,118.2256,106.2506,171.5557,152.2069,194.8698,199.5728,189.9755,216.9138,210.0288,183.1045,240.127,86.7804,150.9595,97.3933,142.5484,156.6314
2020-06-29,118.7616,107.0663,172.2169,153.089,196.8486,201.1558,190.6329,217.4794,210.1369,184.0521,240.6326,86.7077,153.1559,99.4083,142.9768,156.8016
2020-06-30,117.7368,107.2051,172.6798,152.9577,197.7827,200.1622,189.8807,218.2299,209.9327,184.5052,240.6376,86.8281,152.6006,99.6552,142.493,156.7613
2020-07-01,114.1905,105.6553,172.7727,152.2064,195.673,198.9041,189.1354,218.5219,209.0081,184.8829,238.8206,86.388,151.0968,95.2715,142.2955,156.7496
2020-07-02,114.0614,105.0887,171.7248,151.4558,195.1029,198.5202,188.6268,217.6486,207.3163,183.7414,235.8127,86.2846,150.5895,94.3087,141.6467,156.7487
2020-07-03,117.6635,106.6152,171.6347,151.2387,196.6465,198.7761,188.0549,217.9672,208.715,183.1461,238.5372,87.4963,152.7607,95.5242,142.3264,156.7591
2020-07-06,118.4311,106.8954,171.1548,150.9206,196.352,199.499,188.8661,219.0478,209.3413,182.9989,238.9601,86.3924,153.0682,95.7071,142.4619,156.7597
2020-07-07,116.6375,105.6623,171.4005,150.7598,195.3383,199.4994,189.299,219.4617,209.1683,183.9632,237.4341,86.403,151.4209,94.4081,141.4024,156.7189
2020-07-08,116.3893,106.0756,170.9983,150.9998,193.7012,201.0288,190.5327,219.1019,209.8642,184.2641,238.4378,87.1319,152.4377,94.011,141.9389,156.6925
2020-07-09,118.7571,107.7922,171.5404,150.9908,193.9219,201.3036,190.0938,220.223,211.0934,184.1954,240.8693,90.3187,155.0352,96.0863,141.9431,156.6728
2020-07-10,119.4195,108.5246,171.5541,150.5119,193.8236,200.875,190.3145,220.6401,210.3278,184.8567,239.9358,90.1595,155.6286,97.6182,142.2168,156.7345
2020-07-13,117.6363,107.7209,171.6597,150.0424,191.7514,198.9844,188.1999,219.5855,208.8385,184.5061,240.2846,90.0773,155.7737,98.5506,141.0827,156.6452
2020-07-14,116.4705,106.9897,171.6089,149.7529,189.5685,197.5236,187.5642,219.0341,208.5044,184.2038,239.3803,90.0801,155.2075,97.4899,140.9823,156.5758
2020-07-15,116.7466,107.2633,172.1192,150.7414,190.692,198.907,188.5876,220.238,209.5486,184.4738,242.1438,90.8721,155.1037,98.5136,141.8643,156.5258
2020-07-16,119.5252,108.261,171.7396,150.3806,192.4326,200.5414,189.4378,220.8067,210.094,185.6876,242.2774,91.8569,155.5969,99.8253,142.2749,156.5123
2020-07-17,122.7584,109.2834,172.4361,151.2548,195.7511,202.9859,191.1081,222.2998,212.7415,187.2096,244.2079,90.6487,155.4975,102.81,142.7171,156.503
2020-07-20,123.5525,110.0116,171.9091,150.962,197.2248,204.1653,191.6511,222.6262,213.1596,187.5228,246.1698,89.2981,155.3079,103.6537,142.7334,156.4668
2020-07-21,125.1892,110.9996,172.4773,151.561,197.8552,204.1358,192.3613,222.9341,214.5982,188.1107,248.0267,88.7877,155.8768,105.4826,144.186,156.4094
2020-07-22,123.2032,109.9432,171.3366,150.5213,196.8367,202.3659,190.9419,221.162,212.4424,187.4166,245.775,88.2911,154.4162,103.227,143.5308,156.3172
2020-07-23,121.8894,109.8027,170.9747,150.5177,199.4326,204.1857,191.2206,221.1387,211.7975,188.2823,242.7461,88.3004,151.7638,101.3645,143.4845,156.3226
2020-07-24,127.219,112.3152,170.2942,149.8234,201.0896,205.0209,191.521,221.2877,213.8008,187.8184,246.0294,87.7331,153.9838,104.4407,143.7552,156.3552
2020-07-27,127.1702,111.9627,170.0761,149.4535,201.7508,203.3746,190.4458,221.6022,215.5786,187.5586,247.0557,87.4325,152.4744,102.3973,143.1504,156.4487
2020-07-28,127.6707,112.9097,170.2052,149.7189,202.4488,203.074,191.1013,220.9675,215.3206,187.8156,248.8092,88.5159,152.2258,103.9705,143.775,156.4813
2020-07-29,129.7315,113.8842,170.6902,149.6954,203.5883,202.2713,189.4226,220.9085,215.0601,188.0031,250.7388,87.6795,152.3832,107.3587,145.6687,156.4334
2020-07-30,131.4585,115.3703,171.1258,151.0332,205.9333,205.0038,191.5933,222.3858,219.8644,189.2981,254.0809,87.4578,152.1712,107.4291,146.6924,156.5143
2020-07-31,131.5771,115.318,171.126,151.1998,204.438,204.0792,191.2988,221.5528,219.3535,188.4539,255.7736,88.3018,152.2985,107.7337,147.8838,156.5153
2020-08-03,132.7167,115.785,170.2922,150.6107,205.3158,204.5423,191.2003,221.8025,218.8867,188.3804,254.4338,88.9961,152.6569,107.0516,148.1438,156.5632
2020-08-04,133.7818,117.8939,170.2741,150.639,205.7398,204.2784,191.1397,222.4091,219.9076,188.2398,256.4245,89.1398,154.6242,109.2595,148.6048,156.5157
2020-08-05,132.0591,117.1431,169.9298,151.4327,207.5902,205.419,192.1635,222.5431,220.2543,189.3247,254.3514,89.1268,154.0581,107.6947,148.2872,156.6303
2020-08-06,132.4761,118.5026,169.8803,151.8207,208.5681,206.6659,193.0209,221.9162,220.4126,189.7667,253.739,90.4636,155.3805,108.3888,148.3586,156.6971
2020-08-07,133.3579,119.9343,168.7575,151.2646,208.2332,208.256,193.4498,220.9031,221.4155,188.898,254.0557,90.5912,154.0368,108.859,147.2679,156.7414
2020-08-10,132.8353,119.1714,168.1521,150.6573,205.5213,208.8544,194.4357,220.5598,220.0125,188.0151,255.3088,90.4258,151.922,109.0958,147.1818,156.8411
2020-08-11,131.5828,118.3723,168.7307,150.9387,203.8429,206.9467,193.4077,219.95,220.2405,188.5186,256.9445,90.1743,152.1865,109.8115,147.217,156.8201
2020-08-12,134.0539,119.9441,168.4135,151.2172,206.385,209.0356,194.539,220.5368,221.77,188.7655,258.0735,90.9098,153.4871,110.8223,147.2123,156.8935
2020-08-13,132.876,118.6077,168.0323,150.5612,204.2057,208.4218,193.7464,220.378,219.9493,187.4603,256.3423,91.3747,152.3891,109.3609,146.7086,156.9114
2020-08-14,133.2346,118.2038,168.5341,151.1662,204.9431,209.9836,193.5924,221.0152,219.1299,187.6522,254.6458,92.0143,154.3501,110.485,146.641,156.9671
2020-08-17,132.4493,117.9135,169.1987,151.3863,205.9472,210.9458,192.5909,221.3872,217.7429,187.7307,252.7634,91.8694,156.0801,109.976,146.8742,157.0088
2020-08-18,132.3433,117.6816,168.9381,150.7788,203.5943,208.8323,190.7044,220.8611,218.2628,187.0821,253.6529,93.1448,155.846,110.2751,145.9116,156.9656
2020-08-19,128.9884,115.7042,169.0863,150.8843,200.3408,207.9601,190.0063,219.8015,216.3696,186.5106,254.3258,91.8699,155.8453,109.8644,145.2641,157.0369
2020-08-20,129.9295,116.5243,168.9017,150.6517,199.927,208.7207,190.7185,219.8788,214.7442,186.6674,252.8708,93.0683,157.2258,111.2479,146.0863,157.0486
2020-08-21,129.1567,115.7949,170.1803,151.541,201.2576,209.712,191.9387,221.9966,215.222,188.5094,253.5061,92.7441,157.8463,111.5041,146.57,157.0861
2020-08-24,128.9635,116.3103,170.6492,151.9593,202.9411,210.3922,191.7645,222.4306,214.0041,188.1564,252.8501,93.2118,158.4976,113.3665,146.3898,157.0297
2020-08-25,128.7679,117.2771,170.7283,151.8927,203.2811,210.6561,190.6492,221.36,213.6505,188.4136,254.1021,92.7241,161.073,113.3748,147.265,157.0509
2020-08-26,130.7715,117.4194,170.7189,151.2587,204.1596,210.4658,191.5419,222.3142,213.866,189.5403,255.8892,91.3149,161.6244,114.3156,147.7759,156.9908
2020-08-27,131.5585,118.9595,170.7054,151.4058,204.6212,210.2558,191.9388,222.6946,216.096,188.959,258.2709,92.328,161.595,113.9978,147.769,157.004
2020-08-28,130.2413,118.2564,170.7629,151.0266,202.5672,208.7095,191.3091,221.9017,213.7651,188.3736,257.5405,91.7988,163.1155,113.9493,148.063,156.9928
2020-08-31,130.3842,118.6683,170.2524,151.1987,201.6138,210.4921,193.2504,221.148,213.6623,188.0527,257.9293,90.8725,161.4078,114.6229,148.7827,157.0553
2020-09-01,131.4726,119.5041,169.8508,151.5003,203.2014,210.5208,193.9549,221.0772,213.6411,187.6071,256.6612,91.098,163.3347,114.4979,149.2583,157.0672
2020-09-02,132.647,119.5569,168.9615,150.949,204.0267,210.961,193.3605,220.5021,212.0957,186.5527,256.133,91.3463,165.6971,114.1775,148.8673,157.152
2020-09-03,131.9889,118.4642,169.4449,151.3121,202.3704,210.0379,193.0814,219.7713,211.7846,185.6368,256.7152,91.5411,164.1141,114.6932,148.471,157.2209
2020-09-04,131.6418,118.6167,169.0373,150.6876,201.4749,207.903,191.5023,219.1969,211.9179,185.4104,257.2353,90.8445,164.1709,114.1723,148.7763,157.2327
2020-09-07,134.7537,120.7494,168.7977,151.1675,201.9605,209.5069,193.8148,219.8173,214.9265,185.6309,260.5191,91.2359,165.1655,116.5617,149.1424,157.3359
2020-09-08,133.978,120.2253,168.2179,149.9003,199.6946,207.3769,192.6453,219.2742,213.8285,185.4328,262.6656,90.1223,165.6924,115.7609,149.055,157.3782
2020-09-09,134.9399,121.7896,167.423,149.3351,200.5991,207.657,193.2402,218.7742,212.937,185.4087,260.9911,89.5779,167.0109,116.6815,149.0988,157.4998
2020-09-10,137.5838,122.9845,167.4043,149.2358,202.0646,209.9658,194.4476,220.6816,213.8269,186.0582,261.6166,90.8208,169.6879,118.1874,148.5564,157.4863
2020-09-11,134.2669,121.0635,167.4658,149.8856,201.5621,208.3178,192.8769,220.1289,213.4515,185.5155,259.5422,90.9012,167.146,116.5511,148.0242,157.5911
2020-09-14,135.2183,121.3534,166.9427,149.28,201.9827,207.8081,193.4128,220.4393,213.6649,185.4171,260.1211,90.1334,165.4638,117.7902,147.0915,157.7204
2020-09-15,135.2569,121.4655,166.7467,149.3947,201.2052,207.1397,194.0831,220.7397,212.9993,184.9372,261.4059,91.5675,167.8752,117.9944,147.2988,157.7794
2020-09-16,135.104,121.1616,166.7641,149.2648,202.4628,207.4689,193.9912,220.331,211.345,185.5045,260.9976,91.0552,166.6548,118.3213,148.258,157.8982
2020-09-17,135.7817,123.1575,166.5345,148.9668,203.2353,207.9194,194.3489,220.7966,213.2043,186.0925,263.3177,91.3038,167.5958,117.7365,148.7478,157.9469
2020-09-18,135.8034,124.4084,166.4166,148.2472,201.7053,207.2014,193.7602,220.4599,212.8692,186.1672,265.7066,90.7189,167.7582,119.3419,149.5522,157.9833
2020-09-21,135.576,125.153,166.5164,147.948,200.7193,207.0101,193.4536,220.4926,212.2322,186.0505,267.7004,91.065,169.5637,120.2935,149.771,158.0528
2020-09-22,133.0552,122.7651,166.7177,147.901,199.5912,205.5121,192.1082,219.9907,210.9747,186.3249,267.2054,90.2716,168.289,118.987,149.3002,158.1835
2020-09-23,133.9396,123.1398,167.5555,148.1755,198.0597,204.9585,193.3259,220.9477,211.4345,187.0282,269.6111,92.1222,169.0336,121.814,149.3441,158.1696
2020-09-24,134.6618,124.123,168.3963,148.0548,197.9265,205.331,192.7777,222.4704,212.2995,187.703,271.8624,92.8745,169.4101,122.981,150.3045,158.1889
2020-09-25,136.4377,125.0252,168.2161,147.1664,198.1521,204.2379,190.34,221.7495,212.8562,187.8255,272.6098,91.7577,170.6329,124.2646,150.245,158.2595
2020-09-28,137.2656,125.0978,167.2797,146.5133,197.8991,202.4747,189.3514,219.7631,211.4564,186.7727,272.3345,92.5742,170.2073,125.3217,149.5173,158.3093
2020-09-29,138.803,126.0333,167.6524,147.3544,200.2325,203.1156,190.2011,220.9166,211.7461,187.339,273.9076,93.1083,170.9629,128.3934,150.8979,158.3566
2020-09-30,140.1022,126.8087,168.0742,148.0484,201.9384,204.3907,191.2485,221.8854,212.623,187.8572,273.08,94.2753,173.678,127.6201,151.7359,158.4136
2020-10-01,139.2081,126.5022,168.1407,147.9503,199.7693,202.9748,189.5867,221.1224,212.4232,187.4895,275.8996,95.1062,174.1253,128.1475,152.3616,158.4539
2020-10-02,139.5383,128.3447,168.7785,148.4276,200.3592,202.7303,190.4985,221.6959,214.6667,188.7231,279.7285,96.5897,175.0468,128.2457,153.6536,158.4801
2020-10-05,139.2824,128.4594,168.6726,148.2426,201.1592,202.9152,190.283,221.9253,213.1552,188.6377,276.5167,97.2396,174.8059,128.2484,153.7797,158.4632
2020-10-06,141.0523,127.4769,168.3846,148.8172,202.5903,203.8198,190.651,221.2086,213.6922,188.1986,278.4243,97.2562,174.6434,127.6085,154.3819,158.4493
2020-10-07,142.5634,128.417,167.618,147.9581,200.9204,202.7516,189.5215,219.1222,213.7173,186.8191,278.4306,97.3192,174.7435,127.6776,154.1651,158.467
2020-10-08,142.3977,126.2535,168.9161,148.6721,200.4459,202.207,188.4928,219.8533,213.3024,187.5919,276.8789,96.0567,175.4865,128.9593,154.6143,158.4821
2020-10-09,147.3859,128.4533,168.9058,149.194,203.02,205.4914,190.1881,220.1422,214.5384,188.141,280.2172,96.6163,177.2917,133.4589,155.9148,158.4665
2020-10-12,146.35,127.1155,169.1394,149.3795,201.0339,204.8995,190.7488,220.7955,214.5236,189.2255,277.1019,96.02,176.5229,132.8937,156.6706,158.4231
2020-10-13,144.3218,126.3774,169.1333,149.1912,199.3301,204.3724,189.8619,221.601,215.0704,188.6316,274.3053,95.9981,177.1569,128.1856,156.9512,158.4726
2020-10-14,144.5748,127.0174,167.9816,149.1897,199.5994,204.4339,190.4259,220.0022,216.0796,188.2289,274.9878,95.4007,178.1652,126.1477,157.1056,158.4743
2020-10-15,147.3267,129.7638,168.1283,149.4019,202.5068,206.775,191.4441,220.4323,216.0375,188.5046,274.743,94.4236,180.4011,130.8053,157.2068,158.4809
2020-10-16,145.8863,128.9485,168.1427,149.7958,202.5852,206.3331,191.0344,220.7419,217.2431,188.3719,272.8112,93.6706,179.3773,128.2034,157.1691,158.5168
2020-10-19,143.6013,126.5113,167.5032,149.3478,200.8168,205.5302,190.4903,219.9375,215.7232,188.1834,269.4681,92.2703,177.5468,125.2464,156.8121,158.4616
2020-10-20,143.3003,125.6904,167.1185,149.307,202.8296,206.1358,191.0178,219.6798,215.4657,188.6126,266.106,93.1738,174.6861,122.6928,156.0841,158.5406
2020-10-21,144.3414,125.4661,167.3901,149.8524,203.1365,207.2211,191.9626,220.5013,216.7197,188.883,267.6944,91.8563,175.4435,123.8289,156.1573,158.6469
2020-10-22,144.6265,125.9032,167.6361,149.2827,201.439,206.5402,192.9092,221.7282,216.0758,188.8777,268.2028,91.2384,178.6405,124.2981,156.079,158.5752
2020-10-23,144.5245,125.9665,167.3991,149.6016,201.9194,205.9122,193.0909,221.8143,216.3029,188.7553,269.7664,90.5402,178.8806,125.7327,156.119,158.6747
2020-10-26,145.6885,126.6284,167.5248,149.7345,202.8342,206.4591,193.7484,221.9733,216.3227,189.1486,271.2813,91.1025,179.5189,127.0157,156.6363,158.7088
2020-10-27,147.9035,128.7874,167.7918,149.9802,204.7113,208.2615,195.154,223.084,216.3808,189.0726,271.4935,90.9028,183.9811,128.2013,157.6253,158.7792
2020-10-28,149.0731,129.102,167.7785,150.2829,206.2493,209.2014,195.8375,223.2473,217.5704,189.1977,273.3693,91.3823,184.522,127.224,157.8955,158.7709
2020-10-29,145.8003,127.5223,167.5459,149.586,203.9404,208.0165,194.3345,221.4946,215.5099,188.7891,270.7876,92.7969,181.4437,122.9878,158.0035,158.74
2020-10-30,148.7274,130.1126,167.2712,149.6039,204.4368,209.4491,196.3261,223.1647,219.1162,188.9601,274.4494,92.4513,182.7432,124.1257,158.3233,158.7719
2020-11-02,153.4521,133.144,167.7131,150.6257,208.5403,212.3523,198.0462,224.5075,221.9141,190.2087,278.952,93.4806,184.2451,128.7043,159.8155,158.7785
2020-11-03,153.5009,132.4844,168.3216,150.8272,208.7611,212.5597,199.5662,226.0061,222.0615,191.2684,279.9558,94.582,184.8239,127.8966,160.0114,158.7652
2020-11-04,153.7246,133.7471,168.4232,150.8678,210.0794,211.8262,199.1154,225.7455,223.8709,191.4977,284.3613,94.3182,184.5308,128.055,160.2338,158.6896
2020-11-05,155.1623,134.5037,168.9118,151.8531,211.8309,213.753,201.352,226.238,224.0336,191.476,286.1695,95.4523,186.3578,129.2614,160.889,158.6227
2020-11-06,160.5178,137.1509,168.7682,152.1348,212.6789,213.9468,202.0277,226.2232,226.5759,191.5582,288.6482,95.3063,188.6308,133.5464,162.3418,158.658
2020-11-09,163.5536,138.3516,168.2826,151.7685,213.0775,214.1295,202.9703,226.7581,226.8811,192.2723,289.9136,95.8591,189.1606,135.274,163.8553,158.7278
2020-11-10,162.8924,138.4063,167.9254,151.5782,212.4009,213.6661,201.952,225.5087,226.4832,193.0276,291.463,96.5171,189.3376,136.5831,163.8733,158.6577
2020-11-11,163.6191,138.9789,168.007,151.4865,213.0554,214.9898,202.9815,226.7454,227.1832,193.8257,291.0725,95.3541,192.5651,135.9495,163.7787,158.6662
2020-11-12,165.4317,141.2969,168.3526,151.632,212.4595,214.7976,202.8253,226.706,228.9776,193.5087,296.2272,97.3515,194.132,138.8182,163.8849,158.6107
2020-11-13,167.6269,142.7536,168.4353,152.277,215.0097,216.5866,204.4095,227.9391,231.2753,193.7506,296.573,97.9613,195.2168,136.7703,165.4246,158.6187
2020-11-16,167.2488,142.8976,169.113,152.858,214.7953,215.7499,204.6364,228.243,232.0975,194.4857,299.1929,98.7588,196.5946,137.3268,166.185,158.6465
2020-11-17,168.665,142.9799,169.1589,153.113,215.7407,217.1256,205.4112,228.2,233.3394,195.5212,300.9801,100.2962,195.7276,136.3273,167.1178,158.6642
2020-11-18,168.4697,143.0562,169.9589,154.0502,215.9433,217.113,204.9325,228.1672,232.4909,195.5965,302.8979,100.029,198.1811,139.3922,168.5161,158.7238
2020-11-19,170.4434,145.0019,169.5698,153.86,218.0017,217.4524,203.9708,227.3887,232.9969,195.4127,302.6957,100.4691,199.7413,139.1573,169.4042,158.7173
2020-11-20,165.0412,141.1541,168.1371,152.5455,213.8117,215.4391,201.7562,225.0498,229.8799,194.082,301.0565,98.7983,196.6966,133.2733,168.5851,158.7782
2020-11-23,167.532,140.7765,168.1863,152.8147,214.7197,215.5767,202.4995,225.7882,230.0987,194.917,302.812,99.2599,196.9015,135.6442,169.4536,158.7661
2020-11-24,166.9201,141.3383,167.7239,152.4805,213.3882,214.7518,202.5134,225.1476,231.1759,194.6568,302.2176,99.6206,197.6294,133.7177,168.7294,158.6556
2020-11-25,169.7538,142.871,168.279,153.2926,214.9021,215.0922,203.5587,225.6137,233.1415,195.1207,305.6356,99.9891,199.6041,135.4995,170.3926,158.7102
2020-11-26,169.8077,142.6862,168.033,152.7751,215.4675,216.6163,204.7256,227.0123,232.0969,195.2147,303.3806,99.1761,199.6052,134.8434,169.7102,158.813
2020-11-27,169.878,141.8574,168.0347,153.2186,214.8002,217.3252,205.746,226.5206,232.3579,196.1627,302.5439,98.9338,201.6351,135.0702,169.2257,158.8777
2020-11-30,168.4529,140.8167,168.4053,154.2049,214.5303,218.1667,206.2605,226.3967,232.6128,196.9734,301.133,99.3654,201.0512,134.6363,170.1339,158.8198
2020-12-01,168.2932,140.1292,168.0056,153.6827,212.3916,217.5261,204.7237,225.7534,231.2041,196.1893,302.7125,101.0206,202.5114,134.9967,169.9952,158.9085
2020-12-02,170.6007,139.7781,168.2599,153.9693,213.9125,218.0298,205.1119,226.5837,232.0934,197.3115,305.4591,99.9307,204.3796,136.3678,170.7932,158.9271
2020-12-03,170.4215,139.0746,168.5176,153.8267,211.9067,216.2299,203.7796,226.3955,231.1662,197.1705,304.4838,100.6302,205.7535,138.0513,170.5884,158.8874
2020-12-04,171.1354,139.7873,167.6576,153.2241,213.3019,215.272,203.0947,226.4226,231.4283,196.7209,304.3663,99.5707,202.8759,137.9961,171.0422,158.9635
2020-12-07,172.4556,141.1001,167.9967,153.301,214.7225,214.1802,201.5649,226.4338,230.7898,195.7751,304.6893,100.5535,205.1416,139.3512,171.9425,159.0008
2020-12-08,174.7014,143.7924,167.5828,152.2964,216.2454,214.7663,201.6906,227.2856,230.6042,196.6517,306.9735,101.3974,204.4587,141.8422,172.8503,159.0166
2020-12-09,177.3688,144.3814,167.3226,152.4507,217.5093,215.5069,202.8493,227.2098,231.2028,197.7866,305.2774,101.3541,205.2748,142.5954,173.913,158.9756
2020-12-10,179.7399,145.2407,166.2138,151.8643,217.4578,216.6764,204.0372,226.0936,230.5902,198.2356,303.7706,100.4901,208.1289,143.222,173.6302,159.132
2020-12-11,179.3451,146.0336,165.8117,152.3145,218.4281,217.8307,205.8087,224.9086,230.4521,198.9971,303.1114,100.473,208.0939,143.6891,173.8413,159.1661
2020-12-14,184.196,149.3916,166.0778,152.8726,219.9829,219.0054,207.0325,225.2221,233.5662,199.6756,303.9489,101.9287,210.7812,146.1499,175.0089,159.1953
2020-12-15,184.1712,149.5887,166.3047,153.2425,220.4142,219.06,207.3432,225.6277,233.687,199.1939,306.5461,101.2664,210.6014,147.3141,175.6611,159.1555
2020-12-16,188.2524,151.2271,166.2871,152.6534,218.2276,217.8737,206.0749,225.4441,235.2009,198.6448,312.0113,102.985,211.2596,150.6615,176.7239,159.1953
2020-12-17,187.4141,150.1058,166.1279,151.346,215.5701,215.4239,204.2346,224.6188,233.1999,196.9002,309.9655,102.9552,210.33,148.0397,176.1697,159.0023
2020-12-18,184.0233,148.5443,167.0237,151.0239,213.8471,211.3233,200.4586,223.5376,230.636,196.6181,308.3198,103.8858,210.3042,149.3478,175.3059,159.0381
2020-12-21,185.16,149.8379,167.7098,151.854,213.2689,210.6089,201.1688,223.7425,234.048,197.4413,311.4474,103.5172,211.6458,151.0464,175.8915,158.9829
2020-12-22,185.1369,151.4799,167.8338,151.9953,212.5368,209.133,200.9031,221.7809,233.4841,198.012,311.0812,103.4613,215.3834,152.9823,176.8527,159.0172
2020-12-23,189.2388,152.8629,166.9167,151.8815,212.431,209.7166,201.4682,220.1728,235.3249,198.1713,313.3077,102.4975,217.352,154.6716,177.2765,159.102
2020-12-24,186.3419,151.1362,166.8283,151.7703,211.4798,209.4295,201.4262,220.2532,233.8402,198.8084,310.2959,102.3822,214.8478,152.7319,177.717,159.1787
2020-12-25,188.6433,153.9784,166.1756,151.5454,211.3466,209.9038,203.1553,220.0465,235.4942,198.9608,313.3079,103.0833,215.484,153.286,178.9749,159.2663
2020-12-28,184.7902,150.3388,166.5204,151.9842,208.8669,208.9537,203.3538,219.4493,233.9243,199.4728,313.0004,102.7318,212.819,152.1495,178.9285,159.2343
2020-12-29,186.9395,151.8815,167.1975,152.3163,210.0908,210.4215,203.6233,219.2032,234.1592,199.6218,314.2901,104.3869,213.1576,153.4175,180.0706,159.3713
2020-12-30,189.0637,153.7347,167.7639,151.7348,209.1549,208.9667,202.7781,219.654,234.5846,199.786,315.8857,103.9787,215.3959,155.5658,181.3514,159.3228
2020-12-31,189.5146,155.4667,168.0926,151.5289,210.8739,209.5944,202.8182,220.2383,235.2245,200.4766,318.473,104.2348,213.6562,157.7492,181.0566,159.3723
2021-01-01,187.0106,155.1243,168.1204,151.5882,211.3586,208.4168,202.511,220.4226,234.8988,200.5093,319.3701,104.093,216.2136,155.8863,180.1289,159.3955
2021-01-04,188.7177,155.937,169.1098,152.9914,214.584,210.2302,203.8711,221.1666,236.9947,200.7402,322.2562,105.0301,214.3183,158.944,179.7787,159.3846
2021-01-05,185.0372,153.6353,169.2856,152.9897,212.2651,209.2001,204.3249,220.7422,234.0556,200.3211,320.3646,104.318,213.1728,159.6033,178.6338,159.4577
2021-01-06,183.8277,151.6419,169.327,152.4573,209.5925,205.876,201.7759,220.1055,233.2764,199.242,321.7902,104.7566,211.8335,157.9526,179.1863,159.4871
2021-01-07,183.2221,152.0366,168.9792,152.1402,210.6337,205.9321,201.5988,219.5361,232.0858,199.3991,318.8475,104.8072,213.2179,155.8742,179.3438,159.4879
2021-01-08,186.1822,153.8203,169.2798,152.8108,211.8151,208.4348,203.426,220.235,234.008,200.1393,318.6149,105.4867,215.9471,156.9762,179.8888,159.5492
2021-01-11,186.6691,156.1762,168.678,152.9665,214.1203,209.9256,204.1314,220.3124,235.6179,200.5616,320.3922,105.2764,217.363,156.3275,180.2016,159.5606
2021-01-12,185.6133,157.761,167.7898,152.5791,213.6978,210.9266,204.6272,218.195,234.9988,199.7682,322.2368,106.174,216.8771,156.5219,178.7272,159.5414
2021-01-13,184.9199,158.3674,168.0961,152.5189,213.9344,209.1923,204.7604,219.1349,236.1869,199.4851,324.9127,104.6127,217.2599,156.1719,178.5938,159.6213
2021-01-14,182.4024,156.302,169.1976,152.8195,211.8837,207.5658,203.9081,218.7473,234.7812,199.9276,326.8473,104.3743,216.9904,156.9788,179.123,159.682
2021-01-15,183.936,157.1621,169.0528,152.7118,211.5855,208.193,203.2721,218.5163,233.5881,199.1938,327.5564,104.773,218.2666,160.8181,179.411,159.775
2021-01-18,179.7733,156.0921,168.6399,152.1613,210.6045,207.2772,202.1669,217.8552,231.6627,198.9286,326.7176,105.6175,217.1861,158.2787,178.1451,159.8234
2021-01-19,179.867,155.8057,168.7295,152.4134,211.7649,206.9684,201.6655,217.8999,231.6252,199.6067,324.5564,106.4681,217.4158,157.2846,178.8896,159.8987
2021-01-20,177.8558,155.326,167.923,151.724,210.2518,205.1888,200.6677,216.6619,232.0884,199.2397,324.9604,104.8116,218.6588,155.3484,176.6872,159.8475
2021-01-21,173.5405,153.4958,167.6881,151.6608,210.991,205.137,201.2453,215.8555,230.2537,199.2225,320.1649,104.5481,215.5582,149.3767,175.963,159.9344
2021-01-22,169.6604,151.408,168.1394,152.2928,212.2524,204.9369,200.1761,216.147,229.5069,199.9162,317.0691,104.1893,213.1958,147.2932,175.5698,160.0047
2021-01-25,169.4735,152.8253,168.4581,152.7475,212.0278,205.0997,200.9638,215.6569,229.6674,199.836,316.0441,105.7156,213.4492,147.8054,176.2004,160.0433
2021-01-26,168.9484,153.64,169.4551,153.4488,212.4804,205.4633,201.6542,217.0147,230.5194,200.374,317.4525,105.0109,216.201,148.8118,176.933,159.9453
2021-01-27,173.2816,157.7199,169.5816,153.3983,213.8397,206.6633,203.1832,217.4614,231.6133,201.0596,322.5985,105.8807,219.5705,152.4567,179.4839,160.0863
2021-01-28,174.369,157.6836,169.446,152.6286,213.3757,206.1028,203.4113,217.7915,229.926,201.4052,319.5284,107.6145,218.8676,153.2459,179.1538,160.0965
2021-01-29,177.3866,159.8098,168.8318,153.268,216.9909,208.3455,205.0548,217.8613,232.0352,201.2864,322.8935,106.5056,218.9656,156.5993,178.4248,160.0944
2021-02-01,173.8255,158.1621,169.1627,152.5409,214.2204,206.5045,202.1098,217.4533,229.3045,200.3816,320.7382,106.4586,220.015,154.008,178.6647,160.2286
2021-02-02,172.4638,158.2214,169.3234,152.6056,211.914,206.5615,202.3845,217.002,228.9023,199.2856,320.4228,107.3921,219.2132,153.2506,178.7759,160.2236
2021-02-03,176.7971,160.9026,169.7194,152.5481,213.2831,207.4806,202.0513,218.7794,229.5406,199.4892,320.7089,108.906,220.9657,158.1358,180.1171,160.3068
2021-02-04,179.5743,162.9061,169.0467,151.5293,212.2524,207.0831,201.8397,219.0443,229.6811,198.9393,321.0351,108.4295,223.4341,159.8602,180.2486,160.3923
2021-02-05,174.954,162.5985,169.5575,151.4018,210.9375,206.5888,201.5494,219.534,227.9213,199.0729,319.128,108.399,222.9276,157.705,180.5049,160.4683
2021-02-08,171.3674,158.4646,169.7613,151.1887,206.7349,204.8085,199.5744,218.6518,225.6871,197.6499,318.7959,109.1303,222.0011,155.1946,179.5947,160.5905
2021-02-09,173.3918,159.9911,168.7691,149.9531,205.6063,205.2173,199.5054,218.3319,225.6349,197.5739,317.0492,109.8334,220.0213,153.5537,181.1254,160.5862
2021-02-10,169.1395,158.1792,169.2494,150.0331,204.4287,204.4179,198.6543,217.686,223.7671,196.5009,319.5205,108.7187,214.742,153.5101,180.8369,160.6914
2021-02-11,166.6875,155.6579,168.909,148.8719,198.464,202.0543,197.1828,216.338,220.7053,195.4239,318.9331,108.636,215.3526,153.7399,179.8009,160.7623
2021-02-12,165.7227,155.3131,168.8306,148.416,195.7068,201.0913,197.3445,215.3489,219.2,195.1154,320.3942,109.4089,218.8265,153.8138,179.1557,160.6748
2021-02-15,162.0504,154.8663,169.1859,148.8346,195.5946,201.1647,196.9516,214.9565,218.7313,195.2389,319.6835,109.5665,218.7832,152.9305,177.7045,160.7215
2021-02-16,162.6043,156.3209,169.6747,149.9135,198.2724,201.9277,197.8959,216.501,220.7742,196.1988,321.8191,110.0157,220.9931,153.9598,178.4256,160.7296
2021-02-17,161.5706,157.1386,170.8266,150.1284,195.9121,201.1279,197.4099,216.2219,219.4778,195.8609,323.1926,110.2139,224.0283,156.0136,180.0183,160.7225
2021-02-18,160.2524,154.8738,170.661,149.6352,192.6935,199.3925,195.8992,214.6175,216.3118,194.3546,319.6744,110.8044,222.6454,155.9921,180.1612,160.7408
2021-02-19,157.5097,152.5009,170.8251,149.235,192.2243,197.0993,194.1928,213.4146,213.4698,193.9248,317.8325,110.9185,222.4339,154.3556,178.932,160.7272
2021-02-22,161.2555,154.4121,171.1213,149.5758,194.3942,199.1828,196.4809,214.8974,214.5033,194.6869,320.487,111.2484,225.9013,157.0619,179.5311,160.7989
2021-02-23,158.958,153.399,171.5694,149.7735,193.5184,198.9175,196.0778,215.0236,213.897,195.1378,318.631,110.5191,224.7698,157.8555,178.7016,160.858
2021-02-24,156.449,151.8183,172.0537,150.3467,193.5945,198.5105,196.2292,214.5244,213.2313,195.7847,315.6266,110.4828,223.325,155.6484,178.8083,160.8875
2021-02-25,155.9207,153.6158,172.2737,150.4044,193.9629,198.7466,196.6232,214.8687,212.9893,195.4064,316.4089,109.8727,222.2314,156.8477,180.0307,160.9305
2021-02-26,153.5342,150.7373,171.3486,149.6395,191.0984,197.2368,195.0917,213.5014,210.6485,193.8477,314.6684,110.1067,221.4848,152.9141,179.4918,160.9859
2021-03-01,153.8432,149.5968,172.682,150.3165,192.9279,198.5305,195.2527,215.0065,212.127,194.4774,315.3333,110.0122,220.5778,150.0411,179.877,160.9696
2021-03-02,152.3115,149.066,172.349,149.5206,189.9626,197.6245,194.0604,214.0803,211.1836,192.9751,313.4604,109.4803,218.9919,149.2079,178.6184,161.0616
2021-03-03,152.7262,149.2283,172.077,149.9525,192.2634,198.362,195.6114,214.8153,210.9998,194.1172,311.4156,109.9599,220.2775,149.491,178.4102,161.0923
2021-03-04,149.175,147.0503,171.7204,149.4878,190.0794,197.2691,195.0139,212.9536,209.9439,193.5251,309.9171,109.3848,216.6275,145.2975,177.0614,161.1188
2021-03-05,148.7223,146.6934,171.5719,149.0587,190.0942,196.4854,194.4463,212.889,208.1582,192.8624,307.5734,108.4549,215.1469,146.6001,176.7043,161.0889
2021-03-08,147.0392,145.6788,171.4976,148.7341,188.8426,195.2862,193.761,212.0333,207.8414,192.2306,306.9284,108.0514,211.7014,143.9728,176.7966,161.0327
2021-03-09,147.0416,146.3811,171.8369,148.9591,189.3632,194.8384,193.1206,211.7724,207.2703,191.8374,306.036,108.1567,212.4239,145.0156,177.5502,161.0418
2021-03-10,147.6761,146.2279,170.9498,148.7324,189.7101,195.5652,194.2036,211.8306,207.7969,191.8551,306.6574,107.0692,212.8688,143.5799,177.3467,161.0666
2021-03-11,150.5387,147.6304,170.179,148.5214,189.4228,196.0132,194.2585,211.2933,208.866,192.6271,303.6707,106.4927,216.0226,144.4337,178.5361,161.0746
2021-03-12,150.0572,147.0346,170.3002,148.4565,189.9721,196.742,194.2189,211.4737,207.1363,192.5584,301.6213,108.1797,214.9342,144.3746,178.3929,161.1122
2021-03-15,149.2769,146.9524,170.5759,148.7383,190.4977,196.425,193.9205,211.3035,207.5827,193.5358,302.7557,108.1317,215.4428,143.6317,178.9867,161.1954
2021-03-16,154.2895,150.376,171.2511,149.4143,191.5058,197.3548,195.125,211.3848,210.857,194.8797,309.5726,107.6496,217.4214,151.2239,180.2506,161.2656
2021-03-17,151.8589,149.4288,171.947,149.4366,192.2772,196.7724,193.9319,211.9548,208.0734,194.9981,306.9522,105.5689,218.7025,154.6367,178.7059,161.3086
2021-03-18,153.6803,150.1,171.969,150.218,194.095,198.8047,195.4771,211.4512,209.2824,195.3639,308.7789,106.1208,218.7247,155.8917,178.6669,161.2745
2021-03-19,155.3035,150.2125,171.9462,150.4931,195.71,199.0935,197.0041,212.6158,209.9899,195.4469,306.3805,104.9471,221.5526,153.7275,179.3473,161.2501
2021-03-22,154.4734,149.286,171.2203,149.5561,195.7187,197.1376,194.6917,211.505,208.3658,195.0225,304.7079,102.9288,223.0836,152.9979,178.2998,161.2379
2021-03-23,155.3715,150.7183,171.8812,149.9159,198.5421,198.7964,195.771,212.2375,207.9317,195.753,304.4514,103.3559,223.8037,153.242,179.6193,161.2187
2021-03-24,155.0943,150.4558,171.9904,149.8991,198.6407,199.1039,195.6455,212.8669,208.89,195.6875,302.6295,104.3379,222.8778,150.7145,178.9587,161.2303
2021-03-25,157.6243,152.545,171.8881,150.3479,200.7443,201.0624,197.0813,212.9538,211.057,196.6432,304.7698,103.7833,225.0565,152.1823,179.2076,161.1913
2021-03-26,158.5253,155.1219,172.1039,150.6361,201.6604,202.1074,197.6612,212.8343,210.9403,196.8997,304.5279,105.9599,226.6677,153.7455,180.5105,161.2739
2021-03-29,157.8451,155.2417,171.4418,149.6496,201.9532,200.5805,196.0656,211.9899,209.8514,196.3083,303.1473,104.9952,224.3162,153.4766,179.529,161.2942
2021-03-30,160.8716,156.923,171.8296,149.8603,202.3161,200.699,196.3287,212.9596,211.3885,196.5514,306.9884,105.0326,227.6095,158.0155,179.5584,161.3771
2021-03-31,159.7527,157.4187,171.4559,149.0977,202.4656,200.6762,194.9797,213.1205,210.2792,196.1632,305.6576,105.3366,226.8652,157.1449,179.1594,161.4237
2021-04-01,159.5349,157.5875,171.2201,148.6773,201.8709,199.6165,194.4312,213.2533,210.4104,195.5747,305.0759,105.3623,224.0369,158.1288,178.3362,161.4859
2021-04-02,160.923,158.3035,171.271,148.7348,202.8982,200.2912,194.4158,212.7901,210.5411,195.431,303.9702,105.8294,222.3802,159.4722,178.2535,161.4753
2021-04-05,160.7731,157.4346,171.4451,149.1703,203.1937,199.9682,194.4119,213.4438,211.9315,195.9559,303.6165,105.2359,222.298,158.0648,178.4588,161.4602
2021-04-06,163.1868,159.6776,171.9336,149.2053,203.5226,199.7817,193.6899,212.8508,210.9296,195.605,305.8445,106.8739,225.1254,163.2202,179.6125,161.4628
2021-04-07,159.1497,156.319,172.6958,149.8603,201.5739,198.1466,193.1986,211.5571,209.8035,196.4626,304.8757,107.447,222.6198,161.6043,179.2202,161.4672
2021-04-08,159.5137,157.7693,172.6579,150.2421,203.2022,198.0559,193.8095,211.3843,211.0181,197.016,305.059,109.8059,222.5988,159.9751,179.5989,161.645
2021-04-09,155.7859,155.0991,172.9508,150.061,201.8125,197.7982,193.1458,210.8174,208.0629,197.1718,303.4867,109.5598,221.2922,158.1349,179.3735,161.7059
2021-04-12,155.0703,155.9447,173.8888,150.6404,203.3391,197.8773,193.6766,211.5111,209.1577,198.1037,304.4602,110.5508,219.9241,157.2874,180.0927,161.644
2021-04-13,154.2914,155.0405,174.0409,151.2403,203.7573,198.3322,194.2983,211.8557,210.0678,198.549,304.1972,109.6261,219.3302,156.688,179.6722,161.7522
2021-04-14,155.3736,154.9601,173.8163,150.9322,205.0878,199.0924,194.9347,212.0686,209.379,199.1985,301.014,110.1072,219.4221,157.065,178.4895,161.7728
2021-04-15,154.889,153.4046,173.9737,150.6022,203.9438,198.7952,194.4547,212.2038,209.9816,199.0591,301.3705,108.9977,215.2502,155.4948,178.2647,161.7663
2021-04-16,161.4617,156.464,173.5966,150.894,207.3801,201.3293,196.6008,212.7505,212.6092,198.9247,304.8956,108.0033,217.7941,159.4944,178.5147,161.812
2021-04-19,165.1258,159.5108,173.7703,151.9655,210.1874,203.2905,198.0592,213.7457,216.4683,199.6056,310.2444,110.2277,219.9779,161.3674,179.5728,161.8197
2021-04-20,165.2731,160.0155,173.0527,151.6244,210.5326,204.1209,198.0458,212.1556,216.2453,199.7344,309.1487,111.3994,218.1246,159.0364,179.9401,161.8575
2021-04-21,166.7254,160.7151,172.2455,150.979,209.8569,203.8891,197.7465,211.6568,216.9423,199.3051,310.2912,110.4878,216.0464,160.542,179.5416,161.9216
2021-04-22,171.8753,162.8451,172.5467,151.7401,211.7224,206.5637,199.9581,213.2549,220.1173,199.9285,312.9927,111.0121,219.4409,161.5728,181.2959,161.9364
2021-04-23,172.0352,162.5979,173.2437,152.5255,212.8531,208.4231,200.7243,214.7407,220.9683,199.7079,312.7244,111.2467,218.4587,162.0947,181.1273,161.9512
2021-04-26,171.9024,160.6165,172.9217,152.4631,211.9338,208.6364,201.7214,214.6938,220.8244,200.0169,313.154,110.6352,217.7008,160.5012,180.8427,162.0158
2021-04-27,170.0286,158.244,173.424,152.942,210.9346,209.0717,202.4492,215.3228,219.0783,199.9211,308.5682,109.2143,217.9187,161.1153,179.9706,162.0344
2021-04-28,169.9147,157.5239,173.1853,152.814,210.0991,208.2604,201.0599,214.3264,218.4479,198.6508,307.5643,110.9634,216.9113,161.2962,178.7848,162.1167
2021-04-29,167.628,156.897,174.4016,153.4178,208.99,207.4889,200.7762,215.451,219.1088,199.0818,310.1982,111.6435,217.2575,160.8229,179.2653,162.1711
2021-04-30,165.5695,157.4687,174.1589,152.6072,209.4162,207.331,201.3729,215.9391,215.95,197.9495,307.6829,111.7558,216.4276,161.4352,177.5451,162.1687
2021-05-03,161.1996,155.8214,173.6745,151.754,205.0469,204.166,199.4994,214.0502,213.7959,196.339,307.7599,111.7847,214.8234,158.0897,177.4899,162.0339
2021-05-04,160.4365,154.9784,174.057,151.5988,205.1034,203.9769,198.8433,214.4938,212.7463,196.2814,307.5806,111.2451,213.8855,158.3848,177.5558,162.0556
2021-05-05,159.5283,154.4095,174.5588,151.707,202.9943,203.9631,198.9915,213.7516,210.8047,195.425,307.5681,110.4993,213.7506,161.7102,177.3445,162.045
2021-05-06,160.1472,154.8736,174.3226,152.0802,203.6121,205.0029,200.1698,213.0475,211.0111,195.9326,307.1073,110.9256,214.346,163.9781,176.1872,162.0834
2021-05-07,160.6579,156.1909,174.9747,152.4106,203.1641,205.6232,200.6313,213.8916,212.589,195.7213,310.9605,111.3002,214.5718,164.7445,177.0077,162.1154
2021-05-10,160.3732,155.6365,175.6783,153.4006,203.2979,206.9724,201.7374,214.2897,213.8522,196.4134,310.8105,111.7671,214.0339,164.4468,177.2943,162.1917
2021-05-11,160.9171,154.9736,176.3239,153.7119,203.4526,206.9598,201.0288,214.252,213.077,196.378,310.466,112.1705,214.1299,165.9419,178.0346,162.2766
2021-05-12,160.1605,153.4509,177.2068,154.6701,204.3069,208.0065,201.9926,213.9714,212.3078,196.5867,310.4509,112.4971,213.7578,166.0796,177.8912,162.2845
2021-05-13,159.756,153.6924,177.1609,154.6517,205.2016,208.0349,202.5553,214.0431,212.6653,198.0886,310.4128,112.7831,213.2905,165.0029,178.4539,162.1759
2021-05-14,162.8891,153.8243,177.1031,154.851,204.7222,208.2353,203.965,214.4772,213.0919,197.4587,309.4528,115.468,212.7435,164.2373,180.2566,162.1933
2021-05-17,162.5135,153.894,177.6294,154.776,203.5539,207.0006,202.8919,214.1884,212.0618,197.8727,307.3642,115.0288,213.6453,167.9516,179.9838,162.1868
2021-05-18,166.5184,157.6605,177.2906,154.664,205.7866,207.5062,203.5241,214.5997,216.4729,199.0552,314.9507,115.2538,216.6338,169.214,180.1763,162.2138
2021-05-19,168.2078,158.043,177.2607,154.5732,207.1869,208.3824,204.1867,215.1842,216.738,198.6881,313.818,114.0985,217.749,168.3667,180.1873,162.1153
2021-05-20,170.0842,159.9156,178.3344,155.75,208.1166,210.1635,205.9249,216.8235,220.0117,198.9585,318.3899,115.8669,221.4091,169.3963,180.2271,162.0535
2021-05-21,170.2568,160.1421,178.8021,156.0917,210.022,212.1245,207.1168,217.0163,219.851,199.7044,318.0655,114.8842,221.0076,169.9286,179.9068,162.0935
2021-05-24,168.8904,158.6219,178.9476,156.0976,207.8684,210.0179,206.0921,216.0013,219.7916,199.4787,316.205,114.075,221.6288,168.2294,179.733,162.0024
2021-05-25,167.936,157.4007,178.1003,155.4021,205.9431,209.7707,205.8559,215.6724,218.8805,198.2697,316.5388,112.2953,220.3282,167.5974,178.8277,161.9957
2021-05-26,168.0722,158.8438,178.5286,155.1378,205.6329,209.4137,205.131,216.618,219.8416,198.0019,318.473,112.1418,219.3366,168.8578,179.271,162.0102
2021-05-27,165.2498,156.4291,179.1761,155.1002,203.5383,207.9951,203.896,215.8851,217.0461,198.1532,315.9697,112.5186,219.386,169.5199,178.7339,162.0925
2021-05-28,165.5757,156.6851,179.4909,155.1579,202.3032,207.5303,204.4395,216.4121,217.916,197.8771,315.5496,113.5166,219.4697,167.9588,179.2878,162.1334
2021-05-31,164.8681,156.3844,180.2224,155.9289,203.377,209.2265,204.7679,217.5553,220.2698,198.475,316.9495,112.0658,217.3216,168.1649,178.3807,162.2378
2021-06-01,168.759,159.0443,180.5858,155.7538,204.0689,209.1738,205.627,218.4482,222.8616,198.2638,318.9111,111.742,220.2536,170.005,177.955,162.1902
2021-06-02,169.7851,159.841,180.7865,156.7988,206.3757,210.9477,206.6177,219.4667,225.8309,199.4225,318.8465,111.1106,220.9312,168.3025,179.1704,162.2206
2021-06-03,165.486,156.7052,181.2124,157.225,205.9058,210.9431,205.6543,219.2316,225.0556,199.989,316.8461,109.6093,220.1281,163.6325,178.9542,162.2971
2021-06-04,167.4336,157.9279,181.5821,158.0115,208.231,213.7025,209.0342,220.9925,226.2854,201.6274,320.0006,110.077,222.9661,165.1715,179.6859,162.2783
2021-06-07,166.5139,157.9137,182.3205,158.6474,208.2007,212.9109,209.0866,220.6951,227.1231,203.162,323.5309,110.2058,225.7983,166.117,179.937,162.3094
2021-06-08,166.0647,158.1405,181.8805,158.8377,209.4018,212.7431,208.9001,219.6886,226.5104,202.0618,324.8902,109.4861,224.8424,166.3136,179.9396,162.2852
2021-06-09,165.8779,160.05,181.404,158.3101,209.7999,213.2604,209.3079,219.7447,227.1223,201.7893,327.7771,108.5372,223.0216,167.1511,179.6511,162.3556
2021-06-10,166.3942,160.1777,181.5954,158.8029,210.7074,213.6863,210.671,221.2762,229.6883,202.307,329.3084,108.7794,225.9022,163.755,179.6741,162.309
2021-06-11,166.6701,159.7495,181.7167,159.0836,209.6524,213.6381,210.7999,220.7195,229.296,202.1617,332.2791,108.8346,227.9311,165.3465,180.0397,162.4461
2021-06-14,171.7931,162.3605,181.2011,158.6539,209.5987,213.813,210.87,220.9933,230.3915,201.5357,336.3144,108.4992,228.727,172.4394,180.6346,162.4864
2021-06-15,170.7653,161.0177,181.2538,158.2674,209.0379,213.5085,209.7829,220.5648,229.1864,201.6175,335.1552,108.9541,227.8181,172.0643,179.6129,162.4943
2021-06-16,166.5911,159.1121,182.664,159.383,211.4377,214.22,209.6028,222.3383,229.8191,203.118,332.426,109.0641,228.1704,167.6929,178.5115,162.504
2021-06-17,169.0056,161.9918,182.6866,159.7871,214.3399,216.9915,212.2805,224.4375,234.0504,203.6942,335.8785,108.2348,230.2869,166.3458,178.0358,162.4794
2021-06-18,167.3804,161.8741,182.7294,159.2097,213.2268,217.109,212.4047,224.5683,234.4399,203.6868,338.7222,105.7563,226.482,165.4819,178.0726,162.4708
2021-06-21,167.3148,160.648,182.0934,158.3676,211.9407,215.5412,211.9615,224.1548,233.7004,203.5888,337.2998,105.1596,225.6262,164.3249,177.4226,162.3795
2021-06-22,168.0044,162.0034,182.1886,157.8782,211.5561,215.589,212.6767,224.446,232.5618,203.7317,339.8552,104.3322,224.8394,167.65,178.6015,162.3342
2021-06-23,166.3337,159.9315,182.2845,157.3447,208.8651,213.51,211.8321,223.9226,231.9006,203.2244,340.2936,104.6525,221.4592,164.2644,179.3151,162.3399
2021-06-24,168.4451,160.5444,182.1064,157.9365,210.0762,216.2304,214.5586,225.4586,234.04,203.963,344.108,105.5118,221.295,165.0965,179.5276,162.4553
2021-06-25,166.466,158.4411,181.3514,156.835,208.552,213.7719,211.983,223.86,232.4718,203.4865,343.8905,105.5823,218.6223,162.1544,178.7707,162.5107
2021-06-28,167.8331,158.6896,181.0266,157.0113,208.3991,213.8686,211.4827,224.0864,234.347,203.4669,346.7545,106.5477,215.1726,163.1654,179.9681,162.5245
2021-06-29,164.4254,156.3376,181.5086,157.0455,205.9366,211.3592,209.824,222.755,231.9717,203.5686,346.5457,107.6136,213.1662,162.8621,180.4881,162.5229
2021-06-30,160.7872,155.2826,181.4499,156.7479,204.6631,210.6638,208.746,222.8757,231.1952,203.922,343.5012,107.1101,210.9166,161.2898,179.5231,162.5997
2021-07-01,162.2453,157.5024,181.4969,157.1417,205.7601,211.1935,209.4234,222.9554,231.8018,203.5409,345.2656,110.2411,208.4575,163.5656,180.8574,162.587
2021-07-02,160.3725,154.426,182.3072,156.9698,202.8134,210.2589,209.4361,223.1947,229.6464,203.604,346.6753,109.1803,210.1746,163.1997,180.4476,162.491
2021-07-05,161.4254,153.5043,183.1634,157.4288,203.8641,210.4645,209.0887,224.2086,229.85,204.2374,349.3586,108.5665,211.898,165.185,180.6454,162.4538
2021-07-06,159.321,150.853,182.8497,157.3199,202.8337,209.503,207.7875,223.2112,228.6755,203.4847,348.4314,108.2919,208.7437,162.706,180.1369,162.4918
2021-07-07,161.1435,151.2428,181.9803,157.122,203.7802,210.1493,207.8439,222.7703,231.0111,203.883,349.9346,105.4018,210.2878,161.4954,179.7762,162.5503
2021-07-08,162.0353,151.9908,182.3089,157.3562,203.1648,210.7147,207.3479,222.1326,230.8124,203.6065,350.1337,105.0741,212.0924,165.4173,179.2587,162.6368
2021-07-09,163.4907,151.7865,182.0661,157.6758,202.4307,212.2531,209.1883,222.5985,231.8746,204.3414,354.0942,107.0593,210.6614,167.2589,179.4975,162.7418
2021-07-12,166.0137,152.3415,182.0214,158.0819,202.7201,214.3475,210.7925,224.0549,234.1988,203.9979,358.6463,108.291,210.7828,169.0987,178.7358,162.8051
2021-07-13,167.0617,151.8418,181.7175,158.2412,202.1913,215.1733,211.7161,223.4919,234.5439,203.9161,358.4679,109.1521,211.0912,167.3687,179.3574,162.659
2021-07-14,167.1713,150.7186,181.9081,158.5814,203.4092,215.3225,211.2969,222.3835,232.6653,203.6486,357.3436,109.0898,211.5818,167.7773,179.4698,162.6089
2021-07-15,164.803,150.3736,181.867,158.7418,205.8208,215.2335,211.5668,222.8223,232.531,203.6194,355.0545,107.5088,212.2764,163.7974,178.3772,162.528
2021-07-16,167.3558,152.6729,182.4467,159.26,208.0961,215.864,211.5648,223.6266,233.5015,203.6403,356.7644,106.9469,214.2025,167.205,180.033,162.5249
2021-07-19,165.6467,151.6582,182.3867,159.3016,208.0087,216.0109,212.1832,223.2114,232.6627,203.1427,355.966,106.3286,213.2244,163.6752,180.2276,162.5573
2021-07-20,166.258,151.3314,181.863,159.2071,207.5212,216.9488,213.3513,222.7679,231.9284,203.2233,353.4974,107.5246,210.9065,164.5116,179.9151,162.5083
2021-07-21,163.8072,149.5366,182.3286,158.6893,204.4974,214.8659,211.695,222.242,229.6202,203.5532,350.1013,108.1477,213.1493,164.0497,178.9852,162.4995
2021-07-22,164.7109,150.7447,182.4242,158.416,206.2844,213.2395,210.8915,222.1856,228.8228,203.4951,350.7885,109.89,214.9499,165.0058,178.7944,162.5617
2021-07-23,166.1563,152.6232,181.5806,158.4287,206.8114,215.5473,213.1915,222.0619,231.5116,203.7995,351.3634,109.6128,212.3677,163.4751,179.2179,162.5283
2021-07-26,167.4549,154.3303,180.9823,158.1091,206.96,214.4345,212.8453,221.7195,233.3421,203.0098,355.1607,108.544,213.3959,164.8802,178.4181,162.5742
2021-07-27,168.8048,155.2063,181.2185,159.2466,208.7572,215.9629,213.7486,221.6788,235.3829,204.5891,360.2423,108.3828,214.4679,169.3471,178.645,162.574
2021-07-28,167.6364,153.6285,181.0975,159.5685,207.4604,215.3466,213.5855,221.2751,234.5439,203.6962,358.6865,106.5208,214.4906,169.9686,178.3279,162.5743
2021-07-29,169.7152,155.1058,180.8364,158.684,206.9033,216.7822,213.3881,221.6431,233.6593,203.5431,357.5387,105.665,216.8322,171.4064,179.1772,162.5275
2021-07-30,170.5989,155.5072,181.0219,159.1437,208.1782,217.0856,213.9411,221.9503,234.8192,204.2161,357.1891,105.0914,219.2744,170.7126,179.5806,162.5396
2021-08-02,168.7243,155.4181,179.8662,158.985,208.7824,217.4002,213.9039,220.8564,234.1692,204.1544,354.3356,105.6498,217.4734,169.0293,178.5436,162.5469
2021-08-03,166.2933,153.7471,181.2838,160.0721,208.3981,217.6618,215.2054,222.6499,233.7391,204.7083,352.6872,104.8584,218.5328,167.0954,179.8126,162.5583
2021-08-04,163.2329,151.7492,182.4242,161.4065,209.0689,217.3849,215.2983,222.5889,235.4356,205.9285,355.1494,103.7681,216.5491,166.166,178.94,162.5225
2021-08-05,163.2399,152.2123,181.9346,161.0923,208.9287,217.8232,215.6069,221.7537,236.1274,205.5197,357.6238,103.7072,211.8249,165.1603,179.4449,162.609
2021-08-06,166.2409,153.9462,182.2718,161.1386,207.0317,217.7331,216.1346,221.399,236.2014,205.0475,360.6188,103.9898,217.0375,170.3159,180.0222,162.6884
2021-08-09,165.3438,154.0339,181.8074,161.2274,208.7013,218.3612,215.9781,221.2603,236.4233,204.9466,363.4105,103.2825,216.1945,168.6686,180.3767,162.7116
2021-08-10,162.1622,152.4006,182.5897,161.9885,206.3376,217.0486,215.7361,221.1549,235.8059,204.9721,366.4002,103.1355,216.9897,168.231,181.375,162.6835
2021-08-11,162.6724,154.4146,182.1485,162.4642,209.0883,218.6306,216.9367,220.7026,237.8143,205.2702,365.7284,101.7463,217.9544,166.5265,181.2996,162.7118
2021-08-12,163.949,156.4115,181.9507,162.1409,209.1607,218.9003,218.4872,220.8595,238.9539,206.3202,368.063,101.6067,218.2078,167.8105,181.9673,162.7326
2021-08-13,164.9147,157.161,181.6911,162.6071,210.6808,219.447,220.1665,221.6456,240.1211,206.2854,370.6746,101.7774,220.371,166.6981,182.611,162.7304
2021-08-16,167.1562,158.3875,181.656,162.4958,210.805,220.3593,220.7005,222.4405,240.3628,206.2417,371.3515,102.3336,222.1223,168.4202,183.6248,162.6764
2021-08-17,168.1073,158.8359,181.0289,162.4243,211.9316,220.8254,220.1641,221.1209,241.6652,206.4654,371.7381,102.5798,222.1061,165.6205,183.8934,162.7385
2021-08-18,168.7504,158.0151,181.2377,162.8131,213.0429,220.9823,220.1179,220.6091,240.4969,207.2976,368.8117,102.561,221.2496,167.8044,184.2127,162.7276
2021-08-19,167.9218,158.1682,182.1845,164.1809,215.3056,222.9581,221.0895,221.3572,240.8854,208.6898,364.774,104.1737,221.2713,166.8006,185.4104,162.8644
2021-08-20,168.7946,159.0362,182.2651,164.4088,218.2994,223.9256,222.1171,221.7992,240.4153,209.5317,359.5594,103.664,222.2008,167.3496,185.1507,162.799
2021-08-23,166.3836,157.5278,181.888,164.4448,218.3159,225.2915,222.4394,221.2906,239.3527,209.1308,355.0401,103.8972,219.1023,163.7443,184.1629,162.8765
2021-08-24,165.5233,157.2808,181.3457,164.1696,218.2798,225.0842,221.9171,220.2109,238.9965,208.2385,355.6553,105.5669,219.4243,158.9478,184.2846,162.9768
2021-08-25,164.3638,155.402,181.6748,164.1053,217.4058,223.5572,220.5638,219.6877,238.3666,207.9133,357.9453,105.128,215.7839,159.0135,184.4445,163.0355
2021-08-26,165.4226,156.5791,181.5675,163.9771,217.7382,223.341,220.0635,219.2617,237.8858,208.1061,359.2181,105.6412,218.3124,159.7432,185.8565,163.0578
2021-08-27,166.176,156.508,181.5437,164.009,217.5734,222.4098,220.1023,219.3253,238.2544,207.9378,359.8499,106.7567,219.4209,159.1768,185.9809,163.1164
2021-08-30,161.8808,153.9896,181.2052,163.4645,214.894,220.5284,218.4799,217.4654,235.4781,206.713,354.3092,106.3032,217.6286,154.0218,185.3527,163.1876
2021-08-31,162.6746,154.4467,180.7825,163.3843,214.0992,220.0692,218.2494,216.6793,235.9022,205.7025,357.8879,107.2738,218.1195,154.1482,185.4887,163.143
2021-09-01,164.4378,155.496,180.1358,163.6092,215.6663,220.7999,219.503,217.0802,238.9395,206.0624,358.5192,105.4079,216.2634,153.831,185.8706,163.0376
2021-09-02,168.0399,155.4675,179.0552,163.1558,218.5232,222.5916,220.2348,216.7782,240.2631,205.865,360.5155,106.0267,216.0064,152.2414,184.3482,163.0059
2021-09-03,169.0775,153.873,179.2982,163.4883,217.6063,223.0681,220.2607,216.7021,241.6807,205.917,361.9247,104.793,212.8261,153.8277,183.8256,163.0245
2021-09-06,169.5935,155.7215,178.3071,162.8437,219.114,223.2285,220.1804,215.9885,241.5685,205.6905,361.3258,104.5619,210.5917,153.2535,184.596,162.9939
2021-09-07,168.217,154.4309,177.9584,162.2932,218.4118,223.2051,219.5146,215.865,240.237,205.4237,358.8313,104.4459,210.5089,151.2638,183.4957,163.0495
2021-09-08,169.6019,155.6132,177.4554,161.4099,216.4183,221.2956,216.8244,214.7645,240.3087,204.5561,359.0805,103.1019,214.472,151.3635,184.6865,163.1492
2021-09-09,170.9986,157.5617,177.6704,162.5182,217.4914,222.4791,218.4574,214.8404,243.47,204.7162,362.6356,103.4343,217.1191,152.2622,184.7626,163.1845
2021-09-10,170.494,157.4746,177.9006,162.7997,216.4964,221.5664,218.0414,215.4329,245.496,204.8558,363.7758,104.2131,217.2361,151.5634,184.3717,163.1907
2021-09-13,170.497,159.2621,177.3479,162.0984,215.4572,221.0814,217.9169,215.4331,246.0685,204.5521,362.5931,105.4596,216.5316,151.0008,184.1546,163.1968
2021-09-14,166.5266,157.5235,177.2436,161.1454,214.3926,219.3518,214.1552,214.6324,244.327,204.1059,360.1524,104.6441,214.4655,148.1305,182.8802,163.2214
2021-09-15,169.3146,157.8038,176.9632,160.9911,214.551,220.4013,214.7593,215.0635,245.0535,204.5472,362.337,104.0776,216.2063,150.8693,182.5418,163.2439
2021-09-16,172.2334,160.2589,177.4936,161.9701,216.5687,224.4899,217.9746,216.3019,246.0061,205.4905,362.6259,105.3357,217.0359,154.9237,183.4945,163.2995
2021-09-17,177.2943,163.5991,177.8745,162.1383,218.5294,227.0533,219.565,216.3498,246.6092,206.1311,365.458,105.4725,218.6848,159.3126,185.9662,163.3409
2021-09-20,177.5546,162.8682,177.5948,160.9751,217.9146,225.9081,217.6483,215.7648,243.7683,205.1092,364.6351,105.5763,218.3993,157.9159,186.7681,163.3877
2021-09-21,176.533,163.9519,177.8684,161.8825,218.6201,228.2541,219.3239,215.3001,243.8567,205.0865,366.6467,106.8869,219.6691,158.365,186.6825,163.4263
2021-09-22,175.3438,163.9603,178.2656,162.0416,220.3197,228.803,219.7811,217.2789,244.2435,205.4571,362.1991,106.0146,219.6962,156.3762,186.4129,163.3161
2021-09-23,176.8186,165.3745,178.6505,162.3222,222.3395,230.09,220.199,218.2262,245.1589,205.2312,363.4955,106.4582,222.0648,155.5944,187.0723,163.3611
2021-09-24,178.6501,166.8821,178.2839,161.3478,223.4133,229.3244,218.2425,216.856,243.3598,205.0843,362.9546,106.9266,221.9796,156.3871,188.5094,163.2881
2021-09-27,178.8241,166.6545,178.4297,161.4577,223.3434,230.4065,218.8642,217.3307,242.9511,204.9567,361.4937,106.7362,219.5933,156.7636,189.2979,163.3781
2021-09-28,180.691,168.6328,177.8463,160.9066,223.4166,230.9824,219.8161,217.4901,244.9012,205.8735,360.0765,108.8506,217.7351,156.0605,189.0687,163.4303
2021-09-29,180.1419,168.4852,177.443,160.7193,223.5075,230.3264,219.0832,217.9078,243.0015,205.2603,360.6021,108.8494,219.9462,157.3304,189.3943,163.4189
2021-09-30,180.7499,167.4752,177.7225,161.2213,224.1173,231.4791,220.0175,218.0521,243.9122,206.0935,361.6267,106.7396,220.3872,158.0389,189.1842,163.5027
2021-10-01,179.5756,166.6156,178.6307,161.7017,221.2711,229.9722,220.1952,219.1705,245.7156,206.5846,364.3197,105.7581,220.0753,160.7904,188.5292,163.5091
2021-10-04,178.5464,166.3224,177.8514,161.4727,221.7459,230.5287,220.1254,218.9116,244.753,206.2801,362.9555,104.5795,218.9628,160.9241,187.9995,163.5475
2021-10-05,180.0632,167.2891,177.6296,161.5233,222.3217,229.0174,219.5928,218.5854,245.989,206.1037,364.0685,103.5967,217.7806,162.1569,189.271,163.5634
2021-10-06,175.507,166.194,177.1125,160.6583,218.6759,226.2615,217.8301,217.1274,243.6033,204.9848,362.1678,104.414,216.3704,159.5987,188.4889,163.5293
2021-10-07,177.6381,166.6562,176.5047,160.2096,218.587,226.6588,218.6166,217.1287,242.9385,204.5114,357.9906,105.2967,217.1478,158.9448,188.5426,163.618
2021-10-08,178.7267,168.5466,176.1646,159.7461,218.2446,226.3731,218.1974,216.4751,241.4468,203.51,356.7549,105.2933,216.8718,162.1452,189.1702,163.6296
2021-10-11,178.0461,167.3239,176.3064,159.6623,217.9016,225.1596,218.0014,216.8341,239.898,203.849,353.0161,106.2579,217.3032,161.1739,189.5736,163.6437
2021-10-12,172.691,162.9553,177.1496,159.7588,214.9707,222.2126,214.1547,216.5562,237.3075,202.7049,350.453,106.4604,216.7961,158.1785,188.8692,163.7084
2021-10-13,172.3753,162.168,176.6619,159.0932,213.0642,220.4258,213.7747,216.1341,237.3474,201.7684,350.129,106.0986,217.1706,155.3622,188.3836,163.7325
2021-10-14,176.6105,163.1984,176.1195,159.1207,212.854,220.439,214.5048,215.6706,237.7625,201.8151,352.4616,106.4573,218.9533,158.629,190.2864,163.8229
2021-10-15,177.5274,163.1018,175.9393,158.781,212.2451,219.9722,214.3142,216.2325,239.2375,201.3601,356.7741,107.444,218.0436,157.8828,189.6984,163.8923
2021-10-18,178.4904,162.5725,176.0625,159.1064,213.804,220.6333,215.5218,216.3116,240.3935,201.8306,357.0324,108.4267,217.2637,155.3724,189.4863,163.8167
2021-10-19,180.0882,164.5343,175.0827,159.0507,215.3684,222.2832,217.027,215.815,241.1179,201.5027,357.2139,108.8698,218.2593,156.356,188.0991,163.8496
2021-10-20,185.2323,166.2269,174.0561,158.1351,217.4003,223.991,217.1524,215.9072,241.1085,201.5079,356.2871,110.4017,222.4935,156.9152,187.1429,163.8978
2021-10-21,187.4392,167.9682,173.3334,157.6668,217.4164,222.8841,216.4699,215.279,240.866,200.3348,355.6164,111.5073,224.2289,157.8801,187.2753,163.9346
2021-10-22,189.5241,169.5696,173.4527,158.2511,218.7918,223.7909,216.9345,215.4147,241.8926,201.6787,356.6544,112.6965,228.341,161.5119,187.2065,163.8887
2021-10-25,185.6774,167.1824,172.584,157.3741,218.7067,223.2193,215.4508,214.7672,238.9729,200.3218,351.5821,111.8978,224.3954,158.2253,185.0182,163.8557
2021-10-26,184.0589,166.535,172.8472,157.8035,219.3608,223.9946,216.6143,215.7373,240.2203,200.7692,351.4573,111.0217,221.5639,157.003,184.373,163.8717
2021-10-27,182.5529,165.086,172.8331,157.5576,217.8852,223.8441,216.5254,215.8573,240.8091,200.9676,352.207,109.9994,219.0594,154.1711,184.7418,163.9371
2021-10-28,180.7367,162.3036,173.3254,158.1259,216.6765,222.6897,215.8567,215.1365,238.403,200.7297,351.6223,111.1823,219.8538,155.356,184.3086,163.9299
2021-10-29,182.5444,162.7659,172.6981,157.7448,217.2105,221.5324,215.361,215.7586,239.6874,199.9419,352.247,110.8683,220.3523,153.9149,184.7557,163.9385
2021-11-01,181.2391,161.635,172.828,157.836,215.1493,219.6078,213.1331,214.6247,239.757,198.9413,353.1352,109.6054,220.5936,153.3223,185.2916,163.9371
2021-11-02,178.1838,160.223,173.1026,158.1108,215.8296,219.3836,212.9637,215.0057,240.0777,199.2166,352.3989,107.7414,219.7133,149.2318,185.5414,164.0596
2021-11-03,177.7623,159.3281,172.3877,158.0689,214.2218,220.5292,214.0338,214.4037,239.3112,199.8534,349.1383,108.4345,219.5386,148.7417,185.5454,164.0465
2021-11-04,177.1089,159.7059,172.8695,158.2022,213.4001,220.0087,213.9013,214.0157,237.5193,199.2895,347.2989,107.6145,221.8219,149.5879,186.6108,164.1056
2021-11-05,177.6799,160.0468,173.3945,159.1917,214.2374,221.6213,215.5806,214.2179,238.0512,200.4849,346.2534,107.4876,223.5343,152.2166,186.4179,164.2198
2021-11-08,173.5,157.4829,172.9601,159.0843,211.5371,218.9492,213.4723,213.1113,237.5757,199.5265,344.814,109.015,220.0644,149.1425,185.0865,164.3334
2021-11-09,171.0484,155.3481,172.8526,159.5542,212.3876,218.3996,212.6791,212.7449,237.874,199.0813,343.2242,109.9562,218.4595,144.5449,184.2174,164.3506
2021-11-10,170.4745,155.2223,173.1863,159.9872,210.8362,217.467,211.8494,212.7659,238.5552,198.7569,344.521,109.8727,220.9324,144.5598,185.1264,164.3813
2021-11-11,169.9727,155.5768,172.6122,159.7148,212.6694,217.4695,212.464,211.9697,237.1095,199.0956,343.4232,107.0543,219.6389,145.3451,185.3982,164.3136
2021-11-12,170.0811,156.6348,172.1464,159.8945,214.5924,219.5316,213.7468,213.2471,238.3392,198.8084,340.7235,106.8221,221.0901,142.7488,184.8142,164.4582
2021-11-15,168.4866,156.0761,172.3629,159.9698,216.0072,219.3474,214.3769,214.2891,236.6441,199.1198,339.456,106.2359,218.8993,143.7499,184.7581,164.483
2021-11-16,166.0683,154.8027,172.2371,159.5495,216.7977,219.4656,214.283,215.0406,235.2468,199.3833,333.5133,105.0132,216.7795,141.914,183.1339,164.4255
2021-11-17,167.3097,154.84,172.2099,159.6849,218.945,219.4486,214.681,214.8927,234.9081,199.9643,333.2503,105.5349,215.7993,141.9988,183.9656,164.3676
2021-11-18,171.021,155.8652,172.0327,160.195,221.0726,221.3528,216.5738,216.3236,238.2294,200.7956,336.4399,106.4658,215.2284,143.0962,184.2214,164.3541
2021-11-19,170.7877,157.1265,172.5902,160.1249,221.2746,222.2523,217.0042,217.589,237.9876,200.6873,337.5964,106.7475,215.2014,144.5122,184.3276,164.4198
2021-11-22,174.2839,158.9328,172.0264,159.9328,221.7517,222.266,216.4009,217.0499,238.646,199.592,335.3585,107.5187,218.6033,145.3911,184.3014,164.4874
2021-11-23,173.3182,158.9838,172.4605,160.5909,224.2502,225.1151,218.1873,218.3233,239.473,200.87,335.9632,105.3337,218.2555,145.834,183.6499,164.5454
2021-11-24,170.0487,156.3267,172.7495,161.7865,223.4652,225.8495,218.4257,218.2843,239.9612,200.4983,338.3524,105.3076,214.1495,145.1048,183.3286,164.5006
2021-11-25,168.3787,154.5143,172.1789,161.7806,223.4424,226.2496,218.4713,216.7815,239.0405,200.2191,339.1379,104.3086,212.653,144.0848,181.8372,164.4429
2021-11-26,163.0608,151.5628,172.202,162.0162,222.395,227.3423,218.5395,216.4006,237.5571,199.9379,337.254,101.3578,211.1092,140.0207,180.5979,164.5672
2021-11-29,164.8499,151.8279,172.7338,162.6407,224.3225,228.3773,219.8142,216.9509,237.098,200.8597,337.7885,101.8655,214.1281,141.2259,181.8617,164.5954
2021-11-30,163.7451,151.4722,172.6496,162.5974,223.7822,227.942,219.9059,216.5949,235.7541,199.8684,336.4941,101.2539,213.0417,140.2322,182.5605,164.7299
2021-12-01,162.6963,151.684,172.2101,162.6763,224.6691,228.0999,219.2279,215.7974,235.468,200.4894,333.7808,102.4211,212.8826,140.1624,181.7079,164.7029
2021-12-02,161.8223,152.1023,171.927,163.0523,225.1674,229.4248,221.3388,215.6627,235.6663,201.0829,330.62,102.8847,209.1723,140.5922,181.2227,164.6638
2021-12-03,165.438,154.7874,172.4286,164.1987,226.9723,232.7275,224.7351,216.0018,237.7561,201.6821,333.7093,104.0939,209.7166,143.7687,182.8312,164.6574
2021-12-06,164.7598,153.6527,172.4382,164.3735,226.1898,230.3725,222.1256,213.9117,236.5868,200.5242,335.5868,104.6218,210.3272,143.1953,183.588,164.7493
2021-12-07,164.4594,153.7947,172.3914,164.3095,226.0171,231.3241,222.626,214.3329,237.2406,200.9275,333.7381,103.3248,210.183,141.7578,184.0843,164.774
2021-12-08,162.2299,151.426,172.0799,163.6322,224.8721,231.7732,223.8848,214.579,234.7188,201.7218,334.8038,101.3387,206.8635,140.0701,185.0834,164.7407
2021-12-09,160.3553,149.9501,172.3946,163.4736,223.795,230.035,222.3322,214.5732,234.8433,202.0484,333.4956,98.7632,206.4191,137.4087,186.2952,164.6905
2021-12-10,161.6764,151.7064,172.1455,162.964,223.7474,230.3652,222.597,214.735,234.6743,201.5274,336.0723,98.7083,206.907,139.4906,186.5676,164.7587
2021-12-13,164.7394,153.6662,172.6587,163.1879,226.3462,231.1734,222.3818,215.2943,236.5841,201.3945,339.3544,96.8728,208.2162,142.0179,187.0146,164.8499
2021-12-14,165.4633,153.4707,172.0895,162.032,227.0672,229.0727,221.3504,214.5358,235.616,201.2005,337.4073,95.4039,204.9306,140.1734,187.9664,164.9069
2021-12-15,169.5063,156.3388,170.9091,160.688,229.2326,229.3306,221.6574,214.5603,235.934,200.8974,339.4488,94.6791,204.1279,142.0484,188.4734,164.8281
2021-12-16,171.9909,157.0677,170.3848,160.0539,230.8638,229.9939,221.9567,214.7311,235.2926,200.9458,339.3422,93.4229,205.9318,142.796,188.6027,164.8524
2021-12-17,169.3824,155.6477,170.3037,159.9365,230.1507,227.6909,220.6404,214.1969,234.2592,201.15,338.7601,93.5409,203.9328,141.6587,188.8109,164.8125
2021-12-20,171.3751,157.0115,170.05,159.9121,231.0573,226.7842,220.9774,214.3873,235.3454,200.9606,337.9652,93.896,205.822,142.2781,188.5077,164.8178
2021-12-21,174.8283,158.0156,169.7282,159.2123,231.0626,225.3356,220.041,214.745,235.3419,200.3101,339.8697,95.0534,207.1467,142.6961,190.2259,164.8797
2021-12-22,171.7237,156.1455,169.7955,159.6507,230.8625,223.9836,219.7684,214.7027,236.002,200.7056,338.0373,94.8938,205.8731,139.8071,189.0867,164.9441
2021-12-23,173.9146,157.9035,169.3349,159.185,232.0356,223.3391,220.2799,215.0782,238.1417,201.53,340.6865,93.5522,204.6797,140.9707,189.823,164.8974
2021-12-24,176.1373,159.3972,169.4769,159.2442,234.0541,223.3118,220.786,216.0447,238.8254,201.3208,342.7413,94.1363,205.1776,142.3607,190.2954,164.8488
2021-12-27,178.9557,161.221,170.4723,160.821,236.2618,225.8249,222.6402,217.3039,241.7608,202.8519,345.4914,95.2425,209.4618,144.4226,191.8211,164.7988
2021-12-28,179.7504,162.4595,172.0316,161.8843,237.3632,225.9619,222.0529,218.8238,242.8262,204.1468,348.3839,96.4708,211.6812,148.8116,193.1614,164.8455
2021-12-29,177.2158,161.0191,172.787,162.828,237.8877,225.9282,221.8187,219.4126,242.5864,204.2697,349.711,95.7095,212.6549,147.6029,193.9359,164.9039
2021-12-30,175.7945,159.3743,172.3385,162.2768,237.6649,226.9118,222.1146,219.2832,240.8867,204.8908,344.2213,95.1448,211.1546,145.2712,193.0081,164.9704
2021-12-31,176.7377,161.0532,172.533,162.6643,238.1746,227.9424,224.2667,219.8204,241.94,205.2746,343.232,95.0087,212.6814,146.6494,192.6532,165.0026
2022-01-03,174.9855,159.8618,172.9365,163.1599,238.6265,229.0167,225.5687,220.3246,243.5647,207.136,341.6711,93.4672,212.7017,143.5468,192.4791,164.9416
2022-01-04,177.1931,159.431,171.9845,162.576,238.3154,229.4518,226.3156,220.7986,243.1811,205.0682,340.7957,93.5216,213.2323,142.841,191.0447,164.9864
2022-01-05,175.4413,158.0663,172.7343,163.4212,238.2672,230.1293,227.4681,222.1333,243.7304,205.6852,339.9956,93.2731,212.8608,142.0025,190.989,164.9571
2022-01-06,172.2802,156.2681,173.1596,163.1586,236.2948,229.7146,227.0025,222.6744,243.4915,206.3423,340.5727,92.9134,211.9364,139.299,190.5558,164.9172
2022-01-07,169.2714,153.9348,172.6113,162.0445,232.7509,227.0127,224.6658,221.7749,242.1071,204.6459,339.8294,91.8629,208.2373,137.2472,188.9122,164.8425
2022-01-10,166.8052,152.4089,172.1744,161.6894,232.5993,227.67,224.772,221.3137,240.5778,204.4999,337.6701,90.7088,208.2158,134.4695,187.7379,164.8506
2022-01-11,166.7272,153.9894,171.6002,161.1947,232.3859,228.719,226.4446,221.5038,242.6218,204.9148,334.7337,89.5659,209.8031,130.4524,187.6009,164.8258
2022-01-12,171.4974,156.4256,171.8023,161.71,234.1113,229.0931,227.7115,222.7891,245.4347,205.573,334.0502,91.2009,212.8604,133.6304,187.5968,164.7883
2022-01-13,173.5475,156.7382,171.5597,161.6203,235.3873,229.997,228.5534,222.6402,245.7612,206.0436,333.6902,91.5157,212.407,134.3863,187.212,164.837
2022-01-14,173.322,156.1043,171.0143,161.7096,236.3728,232.0167,230.4286,223.7912,244.9708,205.8698,330.6572,92.3029,211.7214,132.3228,187.2928,164.926
2022-01-17,177.4852,158.0114,170.905,161.9625,239.3233,232.2511,231.1617,223.5309,244.6788,206.124,328.9849,92.1809,211.8547,137.4106,187.7587,164.9223
2022-01-18,178.8504,157.7818,170.8411,161.2744,239.4015,231.6478,230.7583,223.5758,244.9592,205.4754,330.5852,92.3651,211.4894,135.0931,187.8383,164.9684
2022-01-19,177.3118,157.2069,170.8291,161.2197,239.4132,232.8943,230.082,224.6846,247.1176,205.6734,332.4389,91.8071,206.6614,132.5776,188.529,164.8555
2022-01-20,176.6989,158.4197,170.7335,160.7022,238.8865,232.5393,228.9422,224.1067,244.714,205.4602,332.5297,91.5542,208.4891,134.5492,189.4516,164.9377
2022-01-21,176.721,158.9133,170.0173,160.4631,237.842,233.556,229.2353,224.0611,245.5251,205.0406,330.2973,92.3034,208.6371,131.8523,189.9093,165.0305
2022-01-24,171.8268,155.3027,170.0587,159.5092,234.6013,230.0722,225.9182,223.6394,243.8143,204.8016,330.1278,90.6597,205.2527,129.1554,188.9285,164.9858
2022-01-25,172.4361,155.4228,169.9782,158.4525,233.5954,228.8946,223.8529,223.5627,243.1232,205.6741,330.7077,91.4513,204.0209,130.4666,188.9323,165.0367
2022-01-26,177.3201,156.9556,170.3221,158.8045,235.7301,229.6516,225.1868,225.5191,245.0512,206.5301,333.8629,91.3528,206.6688,134.0185,190.086,165.0568
2022-01-27,176.4036,157.4821,169.587,158.0123,235.3308,230.4413,225.5839,224.9321,244.8581,206.4117,333.353,91.4075,204.0349,131.5695,190.1677,164.9973
2022-01-28,173.7965,155.4349,168.4811,157.0277,234.8872,229.6591,224.2165,224.613,244.335,205.9578,332.3756,91.2904,197.8235,128.2347,189.1294,164.9558
2022-01-31,176.4286,156.2889,168.5547,158.0326,238.7646,233.5331,227.2557,225.8528,247.0852,206.4809,333.9681,91.945,197.8765,126.4759,189.9041,164.9429
2022-02-01,173.7389,153.8687,169.625,159.0456,239.0002,231.9782,225.2004,224.9432,245.8017,206.9461,333.7547,93.4857,195.757,127.0205,190.1352,164.937
2022-02-02,175.5041,154.9472,169.8661,159.5236,240.6721,232.8957,225.9953,225.5875,248.0695,208.3238,332.4445,92.1875,197.1805,126.867,191.5445,164.8581
2022-02-03,176.8456,155.4433,169.716,160.1391,241.948,233.6894,227.4509,226.4936,249.7071,208.3255,335.3541,93.3261,196.4798,127.9931,191.5377,164.8346
2022-02-04,175.2367,153.6616,170.6571,161.079,241.8503,234.0256,228.6065,227.2172,249.841,208.9518,335.964,94.1539,196.6053,126.2356,192.0223,164.9223
2022-02-07,178.6813,157.5227,170.7008,161.1429,244.6099,235.4599,230.0693,228.4732,251.8655,209.4279,340.9728,95.426,197.6939,129.1776,192.9741,164.9356
2022-02-08,183.4736,161.2869,170.8663,161.3333,246.5455,237.8425,231.147,230.3813,254.9584,209.6862,346.0767,96.8494,200.2508,132.4985,193.7386,165.0109
2022-02-09,180.1699,159.2024,170.6607,161.9051,246.1647,239.8823,232.4394,230.9839,254.4114,209.2374,343.4619,94.2427,199.9896,130.8958,192.3037,165.1127
2022-02-10,176.1455,157.4923,171.0946,162.6945,246.0383,239.3694,232.2927,231.0704,254.0494,209.3888,344.3029,95.0994,198.1088,128.3729,193.0193,165.0706
2022-02-11,182.1277,161.5552,171.6164,164.1634,249.7959,243.7066,236.2156,232.976,257.1356,210.2084,348.469,94.9376,202.2625,134.2955,194.4926,165.1916
2022-02-14,183.8961,163.3787,171.8382,164.8712,251.8812,246.8036,238.7936,233.5671,259.5218,211.8824,349.8279,95.1821,202.7728,135.4364,194.8895,165.2434
2022-02-15,184.5703,166.5579,171.3694,164.2807,252.0008,246.3691,239.164,233.1039,258.0806,212.316,346.8761,95.4943,204.0988,137.8119,196.1297,165.1618
2022-02-16,180.8257,164.9155,171.1722,163.9121,248.6753,245.3719,238.239,231.8752,255.255,211.4996,343.4253,95.3357,204.0981,135.4964,196.1272,165.2609
2022-02-17,183.9562,166.1206,170.5457,163.7496,250.8891,246.325,238.6606,231.9862,256.3534,211.2241,342.52,96.6292,204.9986,134.1409,196.5453,165.3023
2022-02-18,179.991,165.3564,170.6518,163.4316,248.3912,244.2447,236.9068,231.6606,256.1264,211.3983,342.1053,96.451,205.2811,131.9938,196.1749,165.2803
2022-02-21,181.5286,166.4497,170.4143,163.0423,248.5558,243.8103,237.1268,232.088,256.0963,210.7738,342.0777,95.4881,206.4991,131.9159,197.2538,165.3544
2022-02-22,177.9415,165.9251,171.0013,164.2389,249.1639,246.5144,239.861,232.8009,255.7664,211.7338,343.081,96.7139,205.764,131.7735,196.5857,165.3601
2022-02-23,179.1198,165.739,171.2644,164.0785,248.5515,244.8309,240.722,232.6096,254.4951,212.5936,344.5387,97.2848,206.3374,133.8245,197.4737,165.4378
2022-02-24,178.6067,165.2559,170.6284,163.5554,246.4932,243.8919,240.0555,231.1864,253.2605,211.7343,345.5391,97.0732,205.8697,134.275,197.2287,165.3724
2022-02-25,177.5338,164.0933,171.1355,164.2951,243.8632,244.198,240.5989,230.741,253.0957,212.0284,346.7155,96.5829,205.0623,137.3917,196.9508,165.3953
2022-02-28,180.1708,165.1615,171.3171,164.4286,246.4436,246.4949,242.6333,231.7252,253.5762,212.8576,347.4764,96.2471,205.8709,138.4849,197.3879,165.3122
2022-03-01,178.6212,163.4106,171.3948,164.3829,245.3787,248.2762,243.7151,232.0271,252.5355,213.1041,345.6779,95.3802,202.7861,137.9109,196.9152,165.311
2022-03-02,176.8863,160.7136,171.1834,164.0937,245.0743,245.5237,241.467,232.0673,252.8194,213.1314,343.7832,94.8885,199.3098,134.4984,197.1274,165.367
2022-03-03,177.2154,161.7127,172.7287,166.0004,246.8278,248.1205,242.8368,233.2328,254.5552,214.5564,346.3062,97.457,200.85,137.2948,197.9683,165.4012
2022-03-04,180.7957,164.0967,172.747,165.4561,248.6599,248.0284,243.48,234.0813,255.0726,215.2997,348.839,99.7605,202.1283,140.0818,197.6004,165.3884
2022-03-07,181.9088,165.9226,172.2657,165.2341,247.3378,247.3792,244.2949,232.1482,253.8097,214.4433,349.2608,101.4241,202.8955,141.6083,198.1722,165.4475
2022-03-08,179.3948,164.6158,172.5332,165.2018,247.3039,245.7564,244.5376,232.4372,252.1387,214.8079,344.9984,101.0746,202.4696,139.6707,198.1052,165.4051
2022-03-09,180.504,166.8999,173.1767,165.3659,248.152,246.0605,243.7202,232.2772,253.4453,215.742,346.661,104.239,202.4675,140.279,199.2208,165.5196
2022-03-10,182.394,168.2685,172.7624,165.3237,252.3597,247.5842,244.7383,232.3711,252.9228,216.2044,345.4258,105.3785,202.2398,140.3044,199.308,165.4869
2022-03-11,183.2771,167.6367,172.9334,165.8941,253.6183,247.3313,244.6781,232.7432,253.9108,216.7161,345.1094,105.3847,201.6669,140.5459,200.0093,165.4886
2022-03-14,187.3274,168.8033,172.5869,165.6297,253.4663,249.2599,245.6673,233.3871,255.3142,215.5938,344.8489,105.2214,201.0557,140.9832,200.6487,165.6238
2022-03-15,187.6415,167.9607,173.452,166.8849,253.2027,250.5196,246.3422,233.7886,257.0523,215.4871,347.2205,105.9234,201.547,141.8457,200.3675,165.7134
2022-03-16,185.8959,167.7847,173.3358,166.9882,254.5626,250.502,246.3639,234.0185,255.9072,215.2012,347.3232,105.9997,200.9845,141.6758,199.9066,165.7436
2022-03-17,189.6725,170.8176,173.7566,167.7709,258.5365,252.841,248.5874,235.5243,259.2979,215.6719,349.3372,106.0751,203.4774,143.4845,199.5195,165.6789
2022-03-18,186.3676,169.537,174.0523,168.7337,258.5205,254.3722,248.5667,235.6703,258.8517,215.6074,344.943,105.4502,203.2558,141.8998,199.483,165.7994
2022-03-21,186.9078,170.2404,174.6701,169.6077,261.6872,256.5912,250.6941,237.0146,259.4809,216.9327,345.8302,105.6586,205.0885,142.9354,199.444,165.8352
2022-03-22,187.1284,171.411,174.5302,169.5789,262.3925,255.9921,250.4393,237.489,260.0268,216.9713,345.446,106.9663,207.0985,141.8418,199.9446,165.8323
2022-03-23,190.304,174.1978,175.0551,169.6055,262.8446,256.4225,250.9807,238.1148,258.6673,216.7263,344.4825,108.8002,212.5206,144.3441,201.8719,165.8694
2022-03-24,191.1773,173.462,175.8591,170.172,263.2582,255.9142,250.6431,238.448,258.7161,216.8686,347.3821,108.6163,215.1599,145.9498,201.9676,165.9246
2022-03-25,189.232,172.4365,175.5694,170.0628,263.7761,256.4789,249.857,238.5262,259.0484,216.0848,347.841,108.6038,211.7523,144.0696,200.605,165.95
2022-03-28,192.6886,174.2782,174.5749,169.2938,261.7245,255.2169,249.5865,237.137,259.705,215.1528,347.0858,110.2832,213.8707,144.637,200.5931,166.0764
2022-03-29,196.0787,178.5002,175.6368,170.8795,264.4962,257.1572,253.0207,239.4492,263.8667,216.4266,351.0558,111.7444,217.3955,147.6199,202.626,166.1518
2022-03-30,192.9786,176.6175,174.3343,169.2428,261.1847,254.5728,250.8369,237.1837,260.4265,215.0418,349.742,111.7304,215.5019,143.997,202.2566,166.1007
2022-03-31,191.8647,177.2441,174.0588,168.4489,260.1554,254.5964,249.2538,237.1338,260.7574,214.4066,350.6108,110.8737,212.7547,142.0183,203.1818,166.1125
2022-04-01,188.3096,176.6603,173.6074,167.8425,261.3454,252.2336,247.8114,236.893,258.8121,214.4488,347.1008,110.3054,208.7264,140.857,202.6743,166.1855
2022-04-04,188.5464,175.8808,173.7886,167.4275,262.0341,250.8755,246.5663,237.41,257.9397,214.1997,343.9185,110.1948,208.7292,140.6974,201.6371,166.1964
2022-04-05,188.2644,174.5916,173.6455,167.4613,261.7922,251.8017,247.1004,237.0144,257.4044,214.5229,343.0975,110.3027,207.3383,140.7807,200.7814,166.1438
2022-04-06,189.5277,175.032,173.5545,167.1637,263.4907,252.7473,247.2187,238.4812,256.6737,214.9109,345.221,110.0334,206.0369,142.7255,202.0677,166.1942
2022-04-07,186.507,172.8152,173.6524,166.5856,260.0716,251.2576,246.8872,238.2785,253.2559,214.2277,340.3073,109.7029,205.4899,140.8122,202.3068,166.2223
2022-04-08,186.1521,171.7817,174.5083,167.3269,263.2772,251.5724,246.796,239.0046,252.3922,214.4727,338.4602,109.5058,206.3446,139.6029,203.0281,166.1513
2022-04-11,185.9598,172.5537,175.6002,167.8797,264.9107,252.0874,245.6049,239.7084,252.7539,214.7217,337.9521,109.4821,208.4799,140.3051,203.235,166.157
2022-04-12,182.793,171.5104,175.0948,167.7903,262.8389,252.924,246.8344,238.9422,252.311,214.6259,336.9562,107.5178,205.4079,137.9083,203.7562,166.2452
2022-04-13,182.0771,169.362,176.1417,169.4608,263.475,253.3311,247.8089,239.7657,254.17,215.5558,340.9406,105.7205,207.0703,138.2689,204.5034,166.3164
2022-04-14,183.0724,169.11,175.9961,169.1713,262.9389,252.535,246.4037,238.7702,251.7121,214.2362,337.1883,106.8408,206.6568,138.9798,205.2625,166.3164
2022-04-15,183.6672,170.0128,174.6772,168.0936,264.2365,251.6543,246.2403,237.9323,252.4212,214.6869,337.2435,106.5292,204.5449,136.6176,205.3297,166.3034
2022-04-18,183.5666,169.2336,174.7835,168.9107,262.4883,251.4528,245.6429,237.0675,252.902,213.7583,337.6956,105.6769,204.744,136.7389,207.0947,166.3801
2022-04-19,186.2298,171.2174,174.8722,169.367,266.0811,251.1429,245.4422,236.6402,252.9327,213.6815,340.2033,106.582,206.0776,139.7826,208.0043,166.2498
2022-04-20,185.4407,171.2484,174.5566,168.7888,266.218,249.7861,245.5091,235.5391,251.7954,214.0017,338.5402,105.7246,205.0062,138.7347,208.1327,166.1451
2022-04-21,185.3594,171.9765,174.1515,168.6844,265.2734,249.1037,245.496,235.0636,252.6436,213.4297,339.5209,106.2362,203.5683,137.9451,208.8546,166.0858
2022-04-22,181.8105,169.1977,174.916,168.7772,261.2888,247.8925,243.9479,236.0882,250.6014,212.4793,341.599,106.485,203.2297,138.5724,208.5007,166.0835
2022-04-25,186.9704,171.0154,174.6866,168.7952,262.9501,247.9622,245.0988,235.8579,252.1849,213.7194,343.2632,106.6271,206.0434,141.9049,208.9149,166.1944
2022-04-26,185.4716,171.2233,174.6507,169.586,263.9408,249.0249,246.1905,235.514,252.7543,213.9875,344.078,106.3293,206.6076,142.2677,208.1598,166.1658
2022-04-27,186.5697,171.3012,174.3537,169.1142,263.7251,248.075,245.1972,234.9604,252.9707,213.381,346.1804,106.1381,205.7978,141.7725,208.7342,166.137
2022-04-28,188.6302,171.8332,174.0148,168.3925,263.7846,248.2673,243.9872,235.2782,253.4121,213.643,348.2054,106.1306,207.6685,143.3653,207.9459,166.0055
2022-04-29,185.8978,169.8519,174.3945,168.4478,262.914,247.0183,242.6901,235.1575,252.3408,213.2718,349.0006,106.6834,206.793,141.4081,207.6525,166.012
2022-05-02,184.4554,169.8928,174.8211,169.4672,263.0171,247.2678,243.5562,235.9512,253.4381,213.6003,350.763,105.2534,209.9574,141.4037,208.3931,165.9383
2022-05-03,183.2765,168.7576,174.8767,168.9773,260.5239,245.6776,243.1432,235.5374,251.8474,214.0757,351.2708,105.7146,209.8635,140.4988,209.6221,165.9138
2022-05-04,180.9466,166.0356,174.5261,168.2244,258.4007,243.5972,240.9383,234.4196,250.6126,214.3775,349.8158,105.1338,204.5053,139.7942,208.8963,165.9916
2022-05-05,181.5624,166.7859,175.4201,168.095,257.2687,243.0583,240.6904,234.8496,249.9064,214.4916,350.9352,104.949,204.6009,143.3184,209.0341,166.057
2022-05-06,183.6348,167.778,175.3527,167.5395,256.7417,242.7964,239.9917,235.097,249.734,214.1823,352.1209,104.4354,204.9755,146.2065,209.1209,166.0657
2022-05-09,188.3875,170.8351,175.0371,167.8685,259.8946,243.9908,242.9139,235.7553,251.2102,214.8197,355.7571,104.4104,206.8678,150.473,209.863,166.1003
2022-05-10,193.4203,173.7841,174.296,167.1793,259.9117,243.9212,242.7025,235.1776,252.3033,214.077,356.6932,105.2999,209.1674,153.9627,209.4435,166.035
2022-05-11,194.0064,172.6281,174.4784,167.7875,261.9495,244.6585,242.9573,235.2818,251.1069,213.9413,354.5288,104.8166,209.3772,154.5318,210.1613,165.9092
2022-05-12,195.8923,174.5145,174.0557,167.536,262.9339,245.1862,243.197,235.4515,252.3605,213.9585,356.6478,105.2934,209.2557,155.0226,210.8457,165.9714
2022-05-13,198.8519,174.8152,173.979,167.2986,262.9974,244.5978,242.832,235.9232,252.9861,213.4248,357.2006,104.8576,212.8166,156.3072,209.9528,165.9592
2022-05-16,195.5659,172.7245,174.2874,167.2693,262.2512,242.683,242.3622,235.1042,252.7411,214.2933,358.5192,104.5983,210.9731,154.1662,208.8573,165.9799
2022-05-17,193.8674,170.536,174.3244,166.8677,259.612,242.7132,242.3436,234.8593,251.0059,213.8891,358.8601,104.6859,208.259,152.819,209.2785,165.9733
2022-05-18,197.2048,173.5706,174.349,166.5998,259.6456,240.9301,240.9021,233.5987,251.4229,212.5493,361.5249,104.8573,213.8776,155.8742,209.1647,165.9031
2022-05-19,199.227,174.4374,174.2752,166.2404,260.2647,240.1274,239.9408,233.0569,252.1033,212.0903,362.7103,105.4664,212.2382,156.8381,208.8933,165.9503
2022-05-20,196.7871,174.077,174.4765,166.2985,257.0806,240.0059,241.0707,233.0018,252.2827,211.6042,363.6453,104.4299,210.6213,155.603,209.402,165.9384
2022-05-23,193.5196,171.9225,174.4763,165.8675,255.9234,238.3733,239.7378,232.7792,250.3799,211.0042,358.3173,105.0037,204.9057,153.3073,208.9804,165.9953
2022-05-24,193.66,170.62,174.1277,165.7548,255.3658,237.5258,238.5232,232.445,250.5711,210.9048,359.3069,105.3912,204.0624,154.3495,207.6153,166.0448
2022-05-25,190.9598,169.132,174.5396,166.6936,255.009,237.3849,239.5732,231.9848,251.0338,211.4635,357.7207,106.895,203.0525,150.5754,208.2163,166.0011
2022-05-26,192.3983,169.3743,174.8488,167.3424,257.1835,238.1766,239.3409,231.4129,251.4784,212.659,357.7876,106.3461,204.2215,151.5082,209.8398,166.1447
2022-05-27,193.2669,169.0574,174.9125,167.9488,257.3836,237.2253,240.2922,231.2857,253.0461,213.2425,358.0574,105.377,202.715,152.1083,210.8978,166.1796
2022-05-30,191.2644,168.2076,174.1416,167.5596,257.698,236.0141,239.252,230.4269,252.2775,213.4236,356.145,103.829,203.5437,150.0439,210.0806,166.3317
2022-05-31,187.6915,167.2197,174.4202,167.7089,256.109,235.8162,239.8966,230.2297,250.5236,212.4882,354.6706,103.5678,203.5303,147.4618,210.0371,166.279
2022-06-01,187.2811,167.2813,174.9006,168.5918,258.0699,238.3916,242.0368,231.3253,251.2399,213.0303,353.7573,104.703,203.9241,146.6837,209.2356,166.3688
2022-06-02,184.8645,167.0313,175.9489,169.1249,258.4988,238.8822,242.1614,232.3054,252.2605,214.0008,353.5768,104.0044,201.9829,144.8014,210.3843,166.3454
2022-06-03,185.8128,167.4653,175.7089,168.3324,257.9298,237.6495,241.7836,232.7078,253.1327,214.8695,355.2913,103.041,200.872,145.0311,211.1415,166.3415
2022-06-06,186.6738,168.312,175.9841,167.9728,257.4886,237.8262,240.1628,232.9358,253.0603,214.268,356.0044,102.694,201.2229,146.3476,211.5565,166.3421
2022-06-07,188.6586,169.9547,176.2769,167.9542,258.8528,238.8001,240.4455,234.006,253.2401,214.1584,356.2419,103.2441,201.7816,146.5425,213.5848,166.4751
2022-06-08,190.5644,169.2633,175.4392,167.5373,260.3135,239.1757,240.0438,232.3516,253.6884,214.3749,356.4967,101.9871,198.3653,146.1745,213.4939,166.5362
2022-06-09,189.3744,167.8585,174.7643,165.977,257.1447,236.9907,237.2944,231.9125,250.9841,212.8671,355.4352,102.2855,198.3917,146.0072,211.4832,166.4944
2022-06-10,191.5864,169.8531,174.9886,166.1556,259.7038,237.6405,237.6018,232.2218,252.4653,213.2276,355.1278,102.7025,198.9141,146.5194,211.6658,166.5582
2022-06-13,192.2762,170.1444,174.729,166.2931,260.2908,239.4634,238.1842,232.4523,253.1735,213.1443,355.0947,102.5086,199.8822,147.3854,210.0115,166.6294
2022-06-14,190.1531,168.6373,174.793,166.5909,262.7244,241.1062,239.65,234.1671,253.0152,213.328,353.2646,101.7937,197.206,144.485,209.3962,166.6904
2022-06-15,188.9722,168.6067,174.9744,167.1646,264.7772,242.2548,240.627,234.8612,253.8557,213.5044,355.0551,102.5591,194.4876,143.1099,209.8897,166.7248
2022-06-16,189.561,169.2932,175.3036,167.7495,265.028,243.7665,240.3806,234.3303,254.9513,212.7923,357.4277,102.7005,195.026,144.0064,209.5885,166.8828
2022-06-17,188.8875,170.8855,174.5787,166.5745,264.4766,244.5511,239.3319,234.1071,255.0215,213.3897,354.7952,101.1641,193.8126,141.9527,210.8564,166.8333
2022-06-20,188.9924,171.2583,174.4859,166.3356,263.6969,242.8063,237.494,232.7514,254.8137,213.4357,357.6208,100.1028,195.3487,142.4746,212.3393,166.8701
2022-06-21,190.2003,171.4754,174.696,166.4133,263.7097,243.4223,236.7914,232.9229,256.0684,214.0684,356.2879,99.9155,195.2255,142.2221,213.3388,166.859
2022-06-22,186.9983,170.9956,174.1808,166.4727,264.705,244.3547,236.6716,232.6118,256.7379,213.9828,354.092,100.0027,193.3782,137.9249,212.4117,166.8723
2022-06-23,185.9897,170.9685,174.4761,166.9061,265.7914,246.5065,237.4666,232.4492,256.5126,214.5905,351.7986,98.5792,194.9424,136.1279,213.1861,166.8477
2022-06-24,185.1644,170.4496,174.2357,167.0417,265.3367,246.9555,237.5374,232.2943,256.7337,214.5659,352.0538,100.2306,195.418,133.8253,213.3551,166.8809
2022-06-27,180.6045,167.8588,174.2926,167.5444,264.502,247.1481,236.6875,231.2032,253.9633,213.6607,347.063,99.292,194.1221,132.2487,212.595,166.8
2022-06-28,179.7362,166.0716,174.0856,168.162,265.5205,249.0895,237.086,231.6422,254.3078,213.51,344.3572,98.107,193.0467,130.704,212.2898,166.8598
2022-06-29,176.5515,162.2832,174.3794,167.782,261.7029,247.587,234.9837,231.3537,253.1096,213.5443,341.6755,97.8955,190.8487,128.2272,211.4631,166.872
2022-06-30,177.9653,163.1134,174.3085,167.2947,259.7287,246.9739,233.9133,231.6476,253.4916,212.4389,346.2133,98.0621,191.3026,130.6178,211.4817,166.9102
2022-07-01,182.8657,166.0348,173.544,166.9439,261.2972,248.8104,234.646,231.3653,255.5579,212.4863,349.6405,98.1013,191.4082,132.6501,212.9878,166.9911
2022-07-04,181.8484,163.875,173.2998,167.0988,263.002,249.2961,234.4504,231.5597,254.0457,213.1878,345.6446,98.7925,190.6238,131.549,212.2215,166.9478
2022-07-05,182.5947,162.4158,172.6146,167.0975,264.436,249.0812,233.0882,230.7554,253.7403,213.1355,341.5909,97.8926,191.3238,130.4453,211.7026,167.0358
2022-07-06,181.9722,160.7375,172.8062,166.9158,262.4784,249.2963,231.2027,230.2097,252.0132,211.8205,338.1467,97.0037,191.2699,130.4163,211.0554,167.1241
2022-07-07,183.4793,161.7985,172.074,165.7599,260.1589,249.2751,230.3717,229.1392,251.5108,210.8377,338.3134,95.8031,193.5118,130.6132,210.5459,167.1598
2022-07-08,185.282,163.8853,171.6578,166.2688,263.4158,249.6898,231.4244,228.9486,253.9584,211.9331,336.9012,94.739,195.4975,129.6521,212.0338,167.1752
2022-07-11,183.2703,163.5697,171.9948,165.8757,260.9247,248.4604,229.298,228.589,252.6966,210.2986,336.9369,92.8397,196.5863,128.9638,212.4813,167.1903
2022-07-12,182.823,163.7948,171.5637,165.6035,260.8045,248.7034,229.4302,228.4715,254.6308,210.4299,336.7557,92.9205,196.4548,126.6901,210.7399,167.2985
2022-07-13,180.9969,161.1525,172.4699,166.8268,261.5732,250.0794,229.6676,228.8949,254.8221,211.1326,335.5737,92.196,194.5437,126.8743,210.006,167.3839
2022-07-14,184.9199,162.5229,171.7577,166.5836,261.8782,251.139,230.3192,228.7314,256.9443,210.7391,338.433,91.1981,193.7957,129.2471,209.986,167.3434
2022-07-15,186.5754,160.9963,171.9856,167.1653,262.0797,252.2995,232.2149,229.6377,256.9361,212.3138,337.2885,91.0793,195.0711,130.5874,210.1891,167.3451
2022-07-18,186.0565,160.9992,170.9518,166.7608,264.0868,253.0444,232.3811,229.299,256.8292,213.3612,334.8934,89.8073,192.7454,130.972,209.1707,167.3179
2022-07-19,188.305,160.8025,171.174,167.3729,265.2235,254.3297,233.2795,229.9229,257.8872,214.253,337.2556,89.067,194.0655,133.1309,209.7231,167.3873
2022-07-20,184.8391,158.7573,171.2654,167.3103,264.482,253.6748,232.758,229.7443,258.6764,214.0771,336.5515,87.9599,192.0664,129.3172,207.8403,167.3474
2022-07-21,188.2825,160.0575,170.1781,166.5007,265.4943,255.3107,233.8137,229.3798,259.3358,213.9167,336.9547,88.1392,191.4665,128.0887,209.021,167.2921
2022-07-22,187.6528,159.9898,170.7765,165.9687,263.2907,253.4208,232.4293,229.0615,258.2391,213.6859,335.7181,88.0977,192.1821,128.7121,208.4558,167.2607
2022-07-25,190.2733,160.8003,171.3194,166.5953,265.8516,254.0622,233.3542,229.9644,259.8558,213.975,338.8973,88.9927,192.5891,130.4653,208.2553,167.3464
2022-07-26,191.7881,161.9305,172.2192,167.841,269.5393,255.3511,235.7674,232.4799,261.5711,214.6608,341.3149,89.8609,193.7475,131.2074,209.7566,167.4002
2022-07-27,193.9158,162.9937,172.591,167.9278,270.5645,256.8524,236.5771,234.0192,261.3973,215.0048,341.9497,90.7857,194.4232,134.1672,209.9666,167.3119
2022-07-28,190.8482,161.7842,172.75,168.1391,269.9514,257.0307,236.5161,233.255,258.716,214.7748,341.3651,91.708,193.184,133.8001,210.0628,167.4363
2022-07-29,191.8684,161.629,171.7886,167.2121,269.3222,256.8227,234.7083,231.8029,259.7769,213.4948,341.5414,92.5149,190.5895,129.9911,210.0369,167.4935
2022-08-01,195.1082,163.5682,171.7832,167.4968,272.9941,258.8308,236.3633,233.0535,262.0927,214.4209,344.614,93.7426,189.8925,131.9551,209.5883,167.5018
2022-08-02,191.2951,162.0895,171.9863,167.3692,271.0189,258.1003,235.2728,232.3446,260.6331,213.4605,346.0031,93.8972,187.5189,131.1891,208.4005,167.4571
2022-08-03,190.3009,161.2083,172.6958,167.5877,268.711,255.8969,234.3029,232.3582,259.4495,212.4712,347.037,93.5289,187.8488,133.7855,207.8148,167.4594
2022-08-04,190.0472,161.5659,172.0066,166.6368,266.2996,254.4779,234.5257,232.3513,258.2712,211.6118,346.2628,93.8008,187.823,133.3068,207.6355,167.5254
2022-08-05,192.8364,163.8712,171.8186,166.4568,267.322,255.7278,235.5627,232.8713,258.5856,211.1139,349.6383,93.4788,188.6573,136.6332,207.8807,167.5562
2022-08-08,194.6094,166.2137,171.503,165.7637,269.1538,256.422,235.0982,233.5211,256.811,210.6946,346.3396,93.54,188.4008,139.5683,208.2576,167.6074
2022-08-09,192.1645,164.5552,171.7006,165.2877,266.829,255.5804,233.6107,232.6625,254.9417,210.0915,345.6792,92.8157,189.0796,137.3772,208.0711,167.637
2022-08-10,189.1448,163.831,171.3976,165.833,266.9235,255.8294,235.1442,232.3818,253.4723,210.3227,341.3229,93.4633,189.2385,135.6672,207.9517,167.5426
2022-08-11,188.1267,162.6265,170.8232,165.4865,264.4381,254.8664,235.965,232.4957,253.0303,210.0613,340.5712,92.7495,190.1145,134.139,207.721,167.516
2022-08-12,194.3262,167.1725,171.0781,165.4653,266.8645,256.4802,237.2579,232.5784,254.0101,211.0629,346.3982,93.2424,193.2756,140.4003,209.907,167.5513
2022-08-15,194.3359,166.6769,171.8174,166.419,268.5396,257.0953,236.9804,232.7542,254.7389,211.0434,348.235,92.9195,193.4949,141.6771,209.6575,167.5401
2022-08-16,194.2558,167.4346,172.1542,166.8177,269.0292,258.2096,238.0431,232.982,256.6453,212.3016,347.7537,91.3205,194.3127,141.2332,210.1815,167.5121
2022-08-17,193.3749,167.5603,172.543,167.3784,270.4671,260.9933,240.0888,233.9761,257.2913,213.4866,344.0877,91.1508,193.6719,140.339,209.7613,167.53
2022-08-18,192.4132,166.273,172.8942,167.7689,270.0089,262.4049,241.2146,233.7252,256.2632,214.6596,341.3637,90.6647,194.284,141.6663,208.3502,167.528
2022-08-19,194.2932,167.3442,172.7266,166.9827,267.9223,260.2627,238.5344,232.1471,254.7528,213.9131,340.772,91.611,194.5916,144.6334,209.1802,167.5395
2022-08-22,195.1292,167.1828,172.3701,166.4145,266.7722,258.8951,236.6038,231.2365,254.416,213.4474,341.7803,92.4929,195.4937,145.8843,207.7829,167.5521
2022-08-23,195.7071,167.6777,172.2361,165.7666,264.5229,258.5202,235.7943,230.7242,255.2504,212.7803,344.7126,91.9364,195.3872,145.4212,207.822,167.6072
2022-08-24,196.7272,167.4048,172.1617,166.1789,267.1745,260.2106,236.6483,231.1527,257.0923,213.7169,346.254,91.4229,196.3899,143.3733,207.7687,167.653
2022-08-25,196.5136,167.1537,171.4998,166.1853,269.2603,262.0815,238.0159,230.8157,256.2302,213.9123,345.6769,90.7736,194.167,143.4881,207.4434,167.5688
2022-08-26,196.7978,166.13,172.2006,167.0131,269.0538,262.5713,238.5467,231.4622,256.0673,213.8196,344.6525,90.5494,195.4789,145.091,207.283,167.4974
2022-08-29,194.1865,166.3364,171.9677,166.3676,267.6341,260.4391,236.3835,230.7878,254.6799,212.8477,344.4494,90.1557,194.7151,143.2157,208.4558,167.4958
2022-08-30,194.9924,167.4772,170.8767,165.6312,268.2006,260.8265,236.4764,230.3309,255.0172,212.4261,344.2168,89.7146,194.299,141.8256,208.4077,167.5501
2022-08-31,197.4946,167.4424,171.6022,166.0004,268.2276,261.2375,236.2828,230.9211,254.783,211.7031,344.9679,91.0615,195.2531,143.9522,208.5346,167.6447
2022-09-01,198.2304,169.097,171.3666,165.7766,268.6578,262.6884,236.5274,230.9597,253.1846,210.7989,344.8592,91.3203,193.9974,146.5965,209.3716,167.7719
2022-09-02,197.6314,169.3314,171.0377,165.3967,269.9513,263.7178,236.8921,230.8538,251.7857,210.6827,340.6768,92.3741,192.7215,144.1342,209.5058,167.7958
2022-09-05,199.685,170.849,171.6853,165.9785,269.4685,265.6458,238.388,232.0754,253.0882,211.6476,340.4176,92.1899,196.2538,145.3449,211.3801,167.8133
2022-09-06,200.1025,169.9723,172.1462,166.0253,267.7318,264.5693,237.8807,232.0752,250.9913,210.6324,338.3567,91.6307,199.8081,145.9502,212.1182,167.8179
2022-09-07,200.7815,168.6097,172.2305,166.0981,266.2242,264.8638,238.6125,232.8718,250.9265,210.8021,336.2415,91.0272,200.2804,145.2906,212.9606,167.7781
2022-09-08,200.8203,170.9355,173.147,166.5699,263.9565,264.0546,238.7397,231.8848,250.5434,210.7426,338.261,92.619,202.8448,148.3054,214.3901,167.8684
2022-09-09,202.1142,172.1068,173.0089,166.2325,262.6427,263.0608,238.8447,231.2177,250.9367,210.6395,339.4798,91.9334,202.9695,149.9067,215.1754,167.8024
2022-09-12,202.2707,170.4279,172.4932,166.7483,265.2462,263.8248,238.9928,231.7564,251.6751,210.4268,340.9302,92.4141,200.3296,149.4986,214.1637,167.765
2022-09-13,202.3675,169.3896,172.3414,165.9567,262.3997,262.4042,236.9341,230.5582,249.3785,208.9519,340.765,93.6753,200.3699,150.6902,212.6775,167.8182
2022-09-14,205.5298,170.2617,172.7059,165.9493,262.198,264.4418,238.2575,231.7424,248.9691,209.3195,339.6884,93.4036,202.7088,155.0218,212.1245,167.8253
2022-09-15,203.3748,172.0213,172.3266,165.3663,264.3277,264.2707,239.4662,232.2514,248.4113,209.0846,340.7508,92.5746,200.5787,153.7858,211.6069,167.9067
2022-09-16,207.3832,173.2178,172.6181,165.3811,264.8138,265.5392,240.3271,232.7454,249.287,209.382,341.8834,91.8831,201.7657,155.5421,213.3941,167.965
2022-09-19,206.7175,171.0629,173.1712,165.9538,265.4593,264.7035,240.0164,231.6862,248.197,209.5472,340.1416,93.1686,199.8222,154.3842,213.6862,167.952
2022-09-20,208.7599,171.8274,172.8228,165.6395,264.4921,263.4075,239.3612,230.2566,249.682,209.2084,340.5837,92.7876,200.2335,152.5171,214.8368,168.0792
2022-09-21,208.1519,170.7761,173.2493,165.8259,265.0776,264.7772,239.5443,230.9466,249.9019,210.7173,341.0694,92.3986,199.4351,154.1691,213.6961,168.037
2022-09-22,204.7819,169.1246,173.1818,166.2219,264.5088,266.4145,241.8344,231.028,249.4813,211.7486,340.9965,92.2325,197.0847,152.7745,212.8702,168.018
2022-09-23,206.5878,170.3507,173.1378,166.2994,265.9838,265.8982,242.2529,231.5467,249.9694,211.5935,339.4357,94.2644,198.0654,151.9777,213.2565,168.0363
2022-09-26,207.061,169.6927,173.5334,166.3162,264.1149,264.2295,241.7907,231.6201,249.2404,211.0082,335.7826,94.1942,198.6885,152.2064,213.857,168.128
2022-09-27,204.8563,167.8169,173.727,166.4456,261.2616,264.2592,240.6771,231.0076,248.6325,210.1781,336.2144,93.4478,197.8224,150.6824,214.3933,168.2115
2022-09-28,207.8125,169.3753,173.8677,166.7609,262.96,266.2483,242.0503,231.0664,251.2064,210.8916,337.8193,95.3297,197.8159,150.1712,214.1112,168.2257
2022-09-29,207.0678,167.2246,174.1008,167.3834,263.6525,267.0343,242.4643,231.1578,251.9548,211.5773,337.8226,94.5313,197.485,149.9014,212.3375,168.2654
2022-09-30,207.1783,166.8766,174.2901,166.6546,258.8937,264.3417,240.9727,230.4737,248.8703,209.8729,336.3176,94.3828,200.2469,152.8326,212.2896,168.3907
2022-10-03,207.1013,167.4774,174.1517,167.7813,261.0429,266.7633,242.8211,229.8141,250.2886,209.808,336.3806,94.0091,201.046,151.7115,212.2187,168.4926
2022-10-04,208.1812,168.3477,174.7699,168.8044,264.7006,270.9228,244.7753,230.7775,252.2493,211.0783,336.0879,94.071,200.2432,153.0874,211.1067,168.5769
2022-10-05,210.1721,170.2999,175.2111,169.7519,268.3559,273.2265,246.0793,230.5557,254.3087,212.1411,337.8155,94.977,201.4318,153.0124,212.1291,168.561
2022-10-06,207.4016,169.0675,175.6659,170.5627,268.8011,274.4981,246.6507,229.6463,254.8079,212.6047,339.7531,94.1366,201.4288,151.5953,211.175,168.5846
2022-10-07,207.1731,168.6961,175.5766,171.1746,271.9702,277.4353,247.5667,230.4177,257.3852,213.1591,341.1212,94.0276,198.6639,148.9123,210.8214,168.4926
2022-10-10,205.1605,169.8579,175.0348,170.7499,272.0983,276.3534,246.4879,229.5629,257.231,213.1014,341.3281,92.7657,200.2279,148.0674,210.5295,168.5485
2022-10-11,203.644,168.9121,175.4032,171.2732,271.4274,275.6733,247.588,228.7694,257.3443,213.6494,341.5621,92.5949,202.1306,146.245,210.413,168.4522
2022-10-12,203.2364,168.8411,175.5455,171.6775,272.3705,277.7599,248.954,228.9128,257.5582,213.673,342.4462,92.8574,201.7435,145.8212,209.7574,168.4808
2022-10-13,204.0484,168.6841,174.8359,170.5077,271.1366,277.1532,248.906,228.7073,255.847,213.4138,339.9327,93.0511,203.0074,144.527,209.3745,168.4859
2022-10-14,208.8956,170.8004,174.3312,170.2845,273.3298,277.1512,248.0122,228.24,258.1631,212.7205,340.3723,92.9951,205.2433,144.5406,209.55,168.5814
2022-10-17,207.7252,169.3491,174.5701,169.5847,269.003,273.5583,245.7448,227.3098,255.9469,212.108,342.1002,93.3254,207.6596,144.0999,210.7704,168.5564
2022-10-18,206.5063,169.1228,173.8137,169.1206,267.4753,272.8452,245.3364,226.2157,255.8764,210.9307,340.8775,92.4252,205.5105,140.1141,212.449,168.6033
2022-10-19,200.1758,164.1203,174.4577,169.9911,264.6504,271.7582,245.764,225.6058,254.2518,211.4555,338.4811,92.4285,204.7257,135.4985,211.6993,168.6423
2022-10-20,205.2658,167.0457,174.2945,170.4099,267.8512,274.4729,247.9337,226.6674,258.8422,212.5854,341.6883,91.7716,204.4287,137.1886,212.5289,168.6295
2022-10-21,208.4034,169.0742,173.9833,170.0182,269.2981,274.214,247.428,225.9272,261.0572,212.8881,344.2634,91.4533,205.3831,138.1082,211.9774,168.5997
2022-10-24,204.7608,167.0176,173.7395,169.4472,269.5435,271.7985,245.0039,225.7774,258.2031,213.0782,339.4207,90.633,207.5924,135.3109,211.4996,168.5475
2022-10-25,204.0225,166.437,173.09,168.8703,270.4957,270.9919,243.9551,224.709,256.7038,212.6091,337.1522,89.2268,206.7651,134.7016,210.6411,168.4875
2022-10-26,205.4602,167.9226,172.2159,167.7885,269.544,272.1434,244.6948,225.2784,255.0093,211.3993,335.2032,89.2996,209.1813,135.3432,209.6594,168.5287
2022-10-27,206.3101,167.0858,171.6663,166.8156,268.7689,271.9115,243.1136,225.0856,253.597,211.216,332.2208,89.1708,208.5597,134.8328,209.4483,168.6409
2022-10-28,207.7183,167.4743,172.2546,167.1949,271.165,274.0068,243.6115,226.4643,254.4,211.6627,329.5887,88.0479,209.9393,135.0577,209.2157,168.6695
2022-10-31,210.4249,169.8541,171.7397,166.9179,271.0519,274.5538,245.4959,226.5286,255.6717,211.7766,333.2164,88.0684,210.7323,136.281,210.3794,168.652
2022-11-01,210.5463,170.8553,171.6336,167.0207,270.1656,275.1542,245.7943,226.4039,255.1649,212.0003,333.993,88.3973,214.3725,137.5785,210.7129,168.6711
2022-11-02,213.7299,172.318,171.6128,166.1775,267.7248,273.0997,244.6359,225.5051,254.6936,211.1905,332.9235,89.5127,216.0283,138.3154,211.7295,168.6846
2022-11-03,210.9647,170.8662,172.1999,166.6142,266.3512,273.6075,244.1565,225.4789,254.1274,210.966,332.1169,89.2716,217.3263,137.7492,210.459,168.7271
2022-11-04,205.7481,168.2408,172.5074,166.7946,263.9612,271.2397,242.4738,224.7816,252.3757,210.4849,332.0065,89.4572,213.8675,136.9844,210.0959,168.7107
2022-11-07,205.83,168.1341,172.7135,167.2947,264.7474,271.7554,243.408,225.7738,253.7241,210.3722,332.6896,90.2716,213.6072,136.4241,209.4251,168.708
2022-11-08,206.2076,169.2642,171.7219,166.6202,264.4094,272.5541,243.5018,225.6128,252.5394,209.5379,331.9955,91.1875,214.9943,136.7294,208.5519,168.7067
2022-11-09,201.4553,165.771,172.5148,167.1008,262.8702,268.8284,240.3384,225.2083,251.2772,209.6695,330.9948,92.0102,213.1174,135.8772,207.8267,168.7448
2022-11-10,201.3846,165.669,172.4124,166.7336,261.0479,268.6577,240.2863,225.2826,249.8277,208.6419,330.9834,92.2105,211.8644,136.6526,208.2445,168.8794
2022-11-11,207.4346,167.4076,172.6522,166.8136,260.7261,268.5559,240.0097,225.3951,251.6383,209.9097,331.3749,93.5948,215.1849,139.0546,210.9197,169.0452
2022-11-14,207.274,166.6517,172.8116,166.9437,261.8064,268.7627,239.1435,226.0127,252.7118,210.0364,331.7323,93.7094,215.0579,137.5185,210.5817,169.013
2022-11-15,203.7478,165.9524,172.8738,166.9432,262.5205,268.6018,237.8621,225.8344,252.4944,210.7749,330.3754,93.8166,212.448,136.7727,209.4243,168.9456
2022-11-16,205.3951,167.0,172.6472,167.3848,264.3519,271.2736,240.9053,226.9692,252.5781,211.0015,328.9262,94.1529,211.3938,138.309,209.7029,168.922
2022-11-17,214.1642,171.1941,172.5376,167.3035,267.9755,272.6098,242.6056,226.1891,253.06,212.2946,333.2386,95.6037,213.6011,144.8602,211.996,168.8908
2022-11-18,212.0651,172.1523,172.505,167.2376,268.7868,273.2015,241.6655,226.0576,252.3942,211.6356,333.2019,95.4592,211.5914,145.887,211.195,169.0399
2022-11-21,212.5377,173.3994,173.2144,168.3016,267.6546,274.8838,243.0546,226.3393,253.8224,211.9274,336.339,97.7357,212.9442,147.134,212.6508,169.0491
2022-11-22,216.2863,176.4029,173.8031,169.1588,270.8075,276.2868,244.1241,226.8185,257.3512,212.9024,338.3634,98.7215,213.1836,149.524,213.1198,168.9642
2022-11-23,212.9972,175.4318,172.8028,168.2645,269.3403,274.6399,244.3088,225.5714,254.6149,212.2687,337.1028,99.3181,211.0686,147.6811,211.8865,169.1157
2022-11-24,214.978,177.2815,172.0854,167.8891,269.1621,275.105,244.7915,224.8937,257.4696,212.8271,337.3186,99.3894,211.3134,146.1409,211.736,169.1635
2022-11-25,217.2017,180.4175,172.2086,167.7,269.4542,275.1257,245.1568,225.5317,257.4033,212.9569,340.8304,98.6457,214.1932,151.2316,212.4934,169.2286
2022-11-28,215.3064,179.9964,172.7939,168.1767,270.7583,275.7556,245.6842,226.123,258.05,213.0919,342.3425,97.5358,214.8659,150.6366,211.1763,169.1585
2022-11-29,215.2024,179.589,172.9173,168.8168,271.4256,274.9629,244.5756,224.8921,258.7696,213.3039,342.6124,97.2991,215.2112,149.8964,212.5656,169.0895
2022-11-30,215.4482,179.3848,172.4855,167.6417,270.3766,272.6698,243.3439,225.2353,259.4075,212.9651,343.6189,97.4793,213.5529,147.7906,211.6975,169.2145
2022-12-01,215.8108,179.3691,172.5795,167.9806,270.5175,273.6583,244.0246,225.2348,260.6367,212.687,344.0389,96.8355,211.9899,145.367,213.6398,169.2933
2022-12-02,218.2409,181.4288,172.9765,168.6691,271.8725,276.7915,246.3808,225.6826,263.2655,213.1756,346.0184,95.3589,211.7374,147.2639,213.958,169.4467
2022-12-05,219.8734,181.4493,173.0167,168.6274,271.8268,275.8018,247.0803,225.2796,262.4025,213.5661,343.3002,96.3616,213.6606,146.6729,214.9326,169.4831
2022-12-06,222.1565,184.5997,173.0385,168.5324,274.4125,275.9796,247.3919,225.0381,262.8612,213.964,345.7405,96.9094,215.8579,149.3925,214.7965,169.4456
2022-12-07,212.9563,178.9862,172.6064,167.8294,269.6143,273.1648,244.9682,223.7615,260.8817,212.6488,344.2723,95.7771,213.5073,141.0057,212.675,169.4687
2022-12-08,207.973,177.1852,172.056,167.8809,268.2564,274.5702,245.9027,223.9625,258.5267,212.0274,340.2698,95.0936,211.6427,138.8917,212.1337,169.4248
2022-12-09,207.2078,177.8448,172.2342,167.5095,270.2279,274.025,245.1664,224.467,258.377,212.3716,336.8225,94.3539,210.3622,137.4323,212.3105,169.4333
2022-12-12,208.3587,178.726,173.0569,167.7601,273.7635,274.9532,244.7892,225.6263,260.5519,213.6928,338.1247,94.5029,209.2961,135.4618,213.931,169.5001
2022-12-13,209.16,178.9897,172.6814,167.7881,274.9097,276.2752,246.4472,226.0156,262.787,215.0845,336.4948,95.7905,209.2555,132.0161,213.9838,169.4759
2022-12-14,209.2459,180.9302,172.77,168.4342,277.3011,278.6506,247.7185,226.3261,263.3374,215.2033,335.1867,95.6234,210.4252,131.3925,215.2912,169.5064
2022-12-15,210.2612,182.4299,172.296,168.2144,276.5916,279.2562,249.1742,226.2075,263.6692,214.8022,337.6262,95.0952,209.9225,132.9265,215.4707,169.5022
2022-12-16,210.8504,183.3681,172.5795,168.2834,275.8169,278.8851,249.2624,225.432,262.7893,215.3833,337.6319,93.9915,211.3216,136.2196,215.8695,169.5103
2022-12-19,212.2258,182.8731,172.4723,168.4102,274.5489,277.8881,248.9655,224.8496,263.5263,214.444,337.8732,95.0987,210.6592,135.5719,216.2096,169.491
2022-12-20,209.1561,181.4897,172.2562,168.2289,274.6619,277.9699,249.4408,224.5214,262.3265,215.4709,335.0309,94.7213,206.4853,134.6837,215.6737,169.6192
2022-12-21,213.4732,186.93,172.0042,168.7027,277.5398,280.2045,252.6276,224.2797,265.3939,216.0825,341.1386,94.9246,207.0409,138.3528,217.1965,169.5718
2022-12-22,216.9717,187.237,173.2826,170.6765,279.5829,281.5326,254.1137,225.9133,267.7289,217.5923,342.9059,95.9593,211.659,142.3297,218.4249,169.6048
2022-12-23,217.513,184.0676,172.7338,170.1059,277.7923,279.6618,252.3638,225.0445,267.6373,216.4587,342.1094,96.9002,208.6469,139.2606,217.7524,169.6651
2022-12-26,212.486,181.9292,173.7132,170.7227,277.6423,281.2533,253.5622,226.4461,265.554,216.5643,339.0774,95.4154,207.424,137.586,217.8652,169.7876
2022-12-27,211.0269,181.738,173.7918,171.1846,279.1952,282.2846,254.6894,226.2898,262.8507,216.0818,335.1423,95.9811,206.8051,138.5103,217.3947,169.9117
2022-12-28,209.9318,181.4603,174.7135,172.5385,281.3575,283.6232,255.1414,226.1738,263.6961,216.9636,334.1799,96.7377,207.4786,137.7993,217.9547,169.9222
2022-12-29,211.3834,184.2341,174.4247,172.2625,282.8726,285.3852,256.5685,226.7923,263.5328,218.0385,332.8302,96.5208,208.0918,141.6661,217.1346,170.0373
2022-12-30,212.4291,184.7098,174.416,173.1147,286.1378,288.4053,259.4351,227.7982,264.9044,219.293,332.8317,95.78,209.7609,142.0886,216.7859,170.015
2023-01-02,212.5564,185.0103,174.0245,172.9768,284.999,287.6607,260.0081,227.4588,263.8551,219.1505,332.6372,95.9751,212.4768,143.5203,216.1008,170.0717
2023-01-03,213.0732,185.0328,174.8622,174.1552,281.7286,287.5831,260.2957,227.8478,266.1253,219.4309,333.0788,96.9792,214.6961,144.5275,217.6067,170.0807
2023-01-04,218.3141,187.5202,175.3267,174.2033,283.1386,289.0279,261.2925,228.9242,268.5197,220.6821,336.0025,98.7189,215.7295,145.8652,219.7915,170.2036
2023-01-05,220.376,189.6663,176.2305,175.1163,285.4321,290.3676,260.9257,229.8012,268.6247,221.4871,337.7325,100.4396,218.9132,150.7201,220.6588,170.2157
2023-01-06,226.814,193.6912,176.1982,174.9798,289.664,291.0823,262.5978,230.3104,271.017,222.1143,340.5715,100.6814,220.0071,153.3045,221.6045,170.1543
2023-01-09,229.6772,193.4686,176.228,174.7049,289.1473,289.5791,260.2943,229.8192,271.1108,222.0021,342.25,100.5724,219.6035,157.3526,221.4904,170.1299
2023-01-10,229.4144,193.2216,176.6272,175.7819,289.95,291.9339,262.1592,229.464,271.952,223.3273,342.5974,100.8688,218.3177,158.8589,221.8114,170.1527
2023-01-11,230.096,192.9007,176.5578,175.5441,288.8481,291.463,261.8495,228.8064,270.2378,223.1484,342.5773,101.2676,216.1582,160.7395,223.2424,170.1486
2023-01-12,233.7835,195.1615,176.6468,175.4335,290.5663,292.2845,262.134,229.5632,271.3582,223.247,342.7246,101.3133,219.4118,163.1622,222.4634,170.1281
2023-01-13,234.815,196.9989,176.6838,175.5232,290.2538,293.6252,264.2577,229.0229,270.2742,223.9513,342.6226,101.464,219.8335,165.7399,223.934,170.1327
2023-01-16,235.1833,196.2863,176.0083,174.1317,286.3332,291.0604,263.5501,228.0619,268.8252,223.4695,342.4938,100.585,216.3158,166.6774,224.3334,170.2042
2023-01-17,230.06,193.9874,176.8272,174.942,285.7326,292.5473,264.5936,228.8685,269.0169,224.1752,342.4128,100.1799,213.9365,164.6407,223.283,170.2714
2023-01-18,229.6719,195.2342,177.342,175.5906,289.1136,293.7945,265.8418,229.1384,270.3043,224.9501,344.9161,99.3183,212.7729,165.6512,222.8811,170.4243
2023-01-19,227.2864,194.4001,176.9437,175.0777,285.4605,291.51,263.1733,227.9236,268.8976,223.7722,346.2309,100.8823,214.4145,165.8323,221.6402,170.3727
2023-01-20,225.1957,193.8874,177.0865,174.6343,283.4809,290.4907,262.8702,227.4803,267.6355,224.1316,344.3632,100.0282,211.531,167.0035,221.4221,170.3965
2023-01-23,216.7768,188.9356,177.1296,174.4606,279.6441,288.6266,261.2239,227.2085,264.1445,223.4003,339.1594,99.5353,206.4031,163.9995,219.7932,170.4177
2023-01-24,218.683,190.7539,178.3186,176.7468,284.3226,291.7161,263.7114,229.7524,269.3051,225.5775,340.7745,98.2976,208.6244,166.3395,220.9998,170.4788
2023-01-25,220.2937,193.5352,178.8287,176.5298,285.9943,292.361,262.7211,230.8369,270.343,226.5637,344.6084,96.9996,210.4074,168.257,223.6343,170.5981
2023-01-26,222.6147,195.1465,178.6106,176.4397,285.7749,292.8759,263.211,230.6213,272.626,226.8199,347.1427,97.6406,212.3109,166.9485,224.3312,170.6912
2023-01-27,220.7297,193.3215,179.3222,177.231,284.9159,291.5798,262.4001,230.0708,271.6369,226.3748,349.3681,98.6423,211.9492,167.8837,224.4915,170.6878
2023-01-30,227.5945,196.1777,178.546,177.3122,288.6369,293.6823,264.9303,229.9979,274.3875,227.7571,350.0925,98.803,214.0111,170.3431,224.5787,170.7104
2023-01-31,221.5218,191.451,179.2644,177.7514,287.5477,292.728,263.3291,230.6101,271.9787,227.8149,348.3873,98.4577,215.0517,166.7676,223.2908,170.7414
2023-02-01,222.2448,194.1441,179.6878,178.8009,289.5136,296.6597,267.9105,231.6103,273.7793,229.505,348.0004,99.2004,216.3935,168.4112,223.1568,170.7023
2023-02-02,222.658,195.4382,179.7906,178.8069,289.2885,295.9615,267.0913,231.2377,273.047,229.0215,348.9395,99.9815,214.5459,171.4375,224.248,170.6948
2023-02-03,217.3782,191.9309,179.6817,178.3205,286.2965,294.5105,266.9171,230.7929,271.8692,229.9634,344.6214,97.1215,211.4951,168.3236,222.9089,170.712
2023-02-06,218.5394,194.575,180.0542,177.877,287.0006,294.2297,266.4193,231.7662,272.7867,229.9006,346.7972,96.5618,210.909,170.8939,223.3028,170.6692
2023-02-07,220.8721,195.4563,178.2304,175.8448,285.8296,294.5113,265.6902,231.503,271.872,228.7398,344.5097,94.9929,210.1975,170.2108,222.4055,170.6185
2023-02-08,218.8955,194.3849,178.9864,176.7447,284.409,297.5239,267.8582,233.5046,272.4064,229.486,346.492,95.8338,210.3362,170.2542,222.9807,170.5869
2023-02-09,215.64,193.1735,180.3674,177.6816,283.1262,296.0431,267.4843,233.6733,270.4755,229.9017,345.9307,95.8371,212.0554,171.5761,224.1428,170.6522
2023-02-10,214.0942,192.9516,179.9616,177.2931,283.806,296.5299,267.0641,233.3745,270.4849,230.3272,346.1612,96.2059,211.7592,168.1645,224.0261,170.6849
2023-02-13,211.2615,192.8825,179.7438,177.4711,287.8727,297.5526,268.1032,234.651,271.0344,230.2739,344.508,97.8494,209.2078,162.1056,223.3672,170.6892
2023-02-14,211.9586,191.6694,179.303,176.7191,285.3605,297.0804,269.0254,234.3124,268.2052,230.0182,343.6447,98.6575,210.0003,163.2447,222.9349,170.7575
2023-02-15,215.7486,194.3973,178.4789,176.6922,288.891,298.6487,270.4963,233.7577,270.4312,229.9817,346.2283,98.9207,208.5642,163.9049,223.1351,170.7877
2023-02-16,220.0633,197.2746,178.4553,176.3937,289.042,299.5469,271.3066,233.799,271.0177,229.624,349.8085,100.0607,208.9328,167.8587,224.0828,170.8075
2023-02-17,221.4083,199.1687,178.7538,177.4399,290.9572,302.0487,273.2227,234.9852,272.5315,230.1434,349.2601,99.6826,212.4879,169.7935,224.4584,170.8309
2023-02-20,218.9891,197.3967,178.4554,177.1662,289.9918,299.8003,273.4013,234.6123,270.4178,230.1554,347.5519,97.9664,213.3074,170.0702,223.2511,170.8834
2023-02-21,221.3329,197.327,178.2913,176.926,289.4315,298.5741,273.8654,234.8763,271.2619,230.5182,347.5661,98.766,213.2278,169.3776,224.3038,170.9331
2023-02-22,220.6002,195.2353,177.6269,176.0056,287.8477,298.3946,273.5013,234.556,269.6898,229.4871,345.5988,97.403,213.5134,166.3162,223.0896,170.9405
2023-02-23,219.7354,194.1435,177.4768,176.4073,287.4228,298.7502,274.6679,235.2067,274.2302,230.3026,349.034,97.7997,209.4098,162.9486,222.088,170.902
2023-02-24,224.7524,196.5896,177.8588,176.3915,288.4847,299.969,276.0736,236.6418,275.3055,230.6764,353.807,97.5965,211.7918,167.9106,223.1079,170.9432
2023-02-27,229.1284,198.3487,177.1514,175.5438,288.5758,301.0863,277.2527,236.4317,277.024,230.9675,355.5287,97.8868,210.9537,168.7077,222.6568,170.9727
2023-02-28,226.2901,195.6892,177.079,175.6966,289.6271,298.955,276.857,236.1238,276.6284,230.5106,353.207,96.4717,211.302,165.2064,220.3329,170.9825
2023-03-01,230.6349,198.1716,177.501,175.3923,288.1821,297.5478,274.5339,236.2335,278.4624,230.1152,358.391,97.9626,212.808,169.8851,221.0482,170.9996
2023-03-02,231.9209,198.4948,177.1244,175.1085,287.5763,298.4307,274.8995,235.4973,279.1191,230.0815,362.5199,98.433,213.2023,170.9474,219.7968,171.0625
2023-03-03,227.9789,197.4851,177.4879,175.5704,288.8872,299.5249,275.6243,235.4041,277.6558,231.0614,359.1904,100.0929,213.1225,168.8934,218.3095,171.0914
2023-03-06,228.0245,195.9683,177.8546,175.9091,287.8136,299.2307,275.2222,235.0588,277.7973,230.8797,361.9531,99.6542,213.2528,170.1643,217.9079,171.1225
2023-03-07,222.3391,191.0558,178.5862,176.6567,285.4117,298.5675,274.929,235.5522,276.5289,230.4388,358.3331,97.6134,208.3009,169.2338,216.6503,171.1265
2023-03-08,220.2176,190.5897,177.9251,176.6275,285.8842,299.7542,275.5219,235.0038,276.2653,230.9547,353.4301,97.0162,208.6946,164.4987,217.0011,171.2158
2023-03-09,220.4191,192.0775,177.6546,177.2148,287.5798,302.5357,278.1318,234.8649,280.1563,231.5619,356.6044,95.9241,206.5183,163.1763,216.4403,171.3256
2023-03-10,221.3249,193.2794,178.4023,177.5875,287.3264,304.1981,278.9359,235.0829,279.8156,231.6752,356.3796,97.2428,209.4758,164.703,216.0656,171.3077
2023-03-13,222.3375,194.3505,179.0839,177.8806,286.9539,303.4799,278.3974,234.889,278.6129,231.8658,359.3502,97.8057,210.5552,169.3818,217.5444,171.2619
2023-03-14,221.3462,192.7505,177.86,176.967,285.4026,301.7266,274.9853,232.7353,277.7715,230.1068,359.6991,97.6026,208.2413,167.6144,216.1642,171.376
2023-03-15,227.0622,193.1969,176.9992,176.2701,285.3112,302.5461,274.2035,232.788,279.4281,229.3744,359.2739,98.8149,210.1108,165.5862,216.9413,171.3903
2023-03-16,222.0694,189.2154,177.6306,176.4149,282.8392,300.8478,271.67,232.2629,276.8068,229.9438,358.6153,97.5946,207.2503,165.9164,217.3305,171.3226
2023-03-17,223.0467,189.8272,177.8238,176.4245,285.8962,301.6678,272.5222,233.7974,276.8592,230.5094,356.9605,96.8898,207.9905,164.9017,218.3015,171.3226
2023-03-20,224.5501,189.3628,178.0361,177.1294,286.5396,302.4042,272.0575,232.8732,276.4068,230.1465,359.6113,97.0486,209.9051,167.798,218.212,171.3716
2023-03-21,224.2275,188.7801,177.9113,177.2492,288.313,304.0799,273.0924,232.9452,276.499,231.2461,358.5483,97.8501,210.9641,166.0125,216.9368,171.3834
2023-03-22,221.6844,187.4244,177.4009,176.5914,290.6476,303.673,271.2897,232.8875,274.9232,231.0576,357.3039,97.1765,210.113,162.0499,216.46,171.4133
2023-03-23,224.4544,188.4168,177.6482,176.9878,295.0611,306.85,272.7807,234.2557,275.2719,232.2708,356.7116,95.9048,211.9315,163.7199,217.044,171.411
2023-03-24,227.0939,191.2449,177.3926,176.9443,297.9891,308.9259,274.7166,234.5791,275.3443,233.0343,352.8379,97.403,214.1145,163.1595,217.761,171.4122
2023-03-27,226.5215,192.759,176.5871,176.7123,297.8741,310.5075,276.2317,234.0991,275.5226,232.7174,352.6058,96.8088,214.2568,161.4421,218.3859,171.3725
2023-03-28,222.8738,189.4158,177.1738,177.878,298.6438,309.5377,275.5666,233.5419,274.9247,233.3506,350.4133,96.0805,214.1596,159.0676,218.3669,171.4854
2023-03-29,224.3465,189.47,177.5855,177.6752,297.5052,309.3113,274.0968,233.0324,274.5229,232.7248,352.0862,96.2669,213.8177,159.9245,219.6995,171.455
2023-03-30,228.2065,191.9279,177.081,177.6135,298.2691,309.1312,273.7527,232.6765,276.4491,233.0679,354.3085,95.1673,213.3356,164.6273,220.6547,171.5854
2023-03-31,229.2875,193.5629,176.2669,177.479,300.6914,310.5616,275.0878,231.727,278.3557,234.0481,358.5424,93.9207,210.6807,165.5821,220.5311,171.6364
2023-04-03,230.2777,193.0095,176.8105,178.4588,303.0721,310.9033,275.6869,232.2775,280.4275,233.9214,358.8802,93.9388,209.597,165.626,219.7999,171.6051
2023-04-04,230.3899,194.1005,176.3934,177.6199,300.4701,309.3798,274.5624,231.3779,280.3725,231.5846,362.5797,93.546,207.4569,166.3585,219.4243,171.5847
2023-04-05,232.2424,194.6077,175.9094,177.3033,300.7797,310.1022,274.7742,232.0973,280.3498,231.6476,358.4554,92.8778,208.653,167.1021,219.3078,171.6903
2023-04-06,234.4931,195.3006,175.2954,176.2942,298.689,309.4644,273.4737,230.7257,278.0175,230.2862,357.4935,92.4139,208.6659,169.9456,219.5313,171.5953
2023-04-07,231.9487,195.6615,175.64,176.3541,298.156,308.2938,272.8532,230.8242,275.7587,229.1129,354.3893,92.967,208.3366,170.6444,219.4395,171.6145
2023-04-10,235.0345,195.6193,175.928,176.5619,301.8651,307.4141,272.3596,231.9684,275.9339,230.1668,356.8953,94.254,208.1689,174.1697,219.673,171.5651
2023-04-11,231.4623,192.7818,176.8982,177.0831,302.0533,307.6875,272.4333,233.7105,274.7574,230.7971,355.9762,94.8389,207.5333,173.0442,218.8419,171.6371
2023-04-12,232.0316,193.4692,176.2129,176.5194,299.4717,307.5969,272.2429,232.4153,274.1948,230.3431,359.5612,94.7667,206.1992,177.5441,217.6725,171.6776
2023-04-13,228.4871,191.7384,177.287,177.7724,301.4886,307.1792,272.9104,233.66,274.7624,231.7305,357.4796,93.2226,206.8723,176.8793,217.2343,171.7224
2023-04-14,226.0901,192.1955,177.1856,178.122,302.4576,308.5663,274.7208,233.611,274.7688,232.0783,355.937,91.5527,207.1971,174.11,218.1488,171.6532
2023-04-17,226.6245,194.1868,177.0537,178.1899,304.5896,309.3488,275.5862,234.0269,274.604,232.5719,358.1494,91.6952,209.1898,177.8672,216.8632,171.8028
2023-04-18,225.6718,193.586,176.7891,178.2793,304.8159,308.288,275.2946,233.0241,272.7219,231.9021,356.0609,92.4428,207.1168,177.5771,217.7839,171.8323
2023-04-19,222.915,193.298,177.017,178.3719,303.9404,308.8614,275.0439,233.2322,273.1994,231.4955,357.6329,91.9213,203.8449,176.196,218.0641,171.979
2023-04-20,227.8589,196.0715,177.2316,178.4524,304.0788,308.7701,274.8815,232.4944,272.9758,231.6367,361.5757,92.7501,205.366,184.6827,218.9334,171.949
2023-04-21,226.5412,196.223,177.096,178.6026,305.1121,309.5072,273.5906,231.7944,272.0474,231.1893,360.9894,93.0181,204.059,186.5454,217.9557,171.9952
2023-04-24,234.4799,198.596,177.2819,178.7796,305.5997,310.2257,276.3137,233.2183,274.6221,232.1798,363.6991,93.3575,206.3765,192.3756,219.2444,172.0147
2023-04-25,229.7213,195.0192,177.8047,178.7138,303.4664,307.2832,273.2911,233.1282,271.9386,232.2448,359.9427,92.9211,204.6857,190.8745,219.6641,171.9774
2023-04-26,230.3087,193.7231,177.6074,178.8951,302.1148,308.6455,274.5785,233.2762,272.2698,232.7168,359.1937,92.2239,204.3405,192.3814,218.769,172.0471
2023-04-27,230.0649,193.9494,177.6433,178.4579,301.4309,306.4896,272.5019,233.604,272.1453,231.6392,358.5842,92.8515,204.7928,191.4807,218.542,172.055
2023-04-28,233.1673,197.0633,178.873,179.2864,304.1246,307.6928,273.7959,234.7065,275.4291,232.4328,362.3225,92.5512,207.4076,194.8936,218.2481,172.2163
2023-05-01,232.8602,194.7713,178.6888,179.1456,302.1705,306.4786,272.0778,233.9856,275.8042,231.8135,360.2603,91.8445,204.3203,194.1683,217.641,172.2806
2023-05-02,234.5771,196.4557,178.9156,179.6945,305.5282,308.6782,272.9363,234.9019,275.7838,231.7983,361.5002,92.4392,208.0907,195.3231,217.9082,172.2971
2023-05-03,234.6487,195.478,179.3267,179.7791,304.7357,309.1066,273.3506,236.0864,276.0916,232.1652,362.5546,91.0838,209.1109,197.1476,217.2344,172.2745
2023-05-04,234.9722,194.7919,180.9521,181.3658,307.1091,309.3646,274.2961,238.1282,277.9275,232.8013,365.5679,93.3316,208.2916,197.7537,218.0365,172.3136
2023-05-05,231.5678,194.7342,181.0258,181.5659,308.3306,309.0107,274.1184,238.5761,277.9419,233.3209,362.4913,93.0533,207.5172,194.4305,218.2167,172.3166
2023-05-08,231.8026,194.999,181.4617,181.0415,305.065,308.15,272.602,238.1324,278.077,233.4387,363.4997,93.9366,207.7091,194.8731,218.5095,172.398
2023-05-09,230.2699,195.4942,181.9051,180.5258,302.3592,305.6838,271.5683,237.4507,277.1638,233.7187,364.2146,92.988,210.8786,194.3123,219.2584,172.4278
2023-05-10,235.3986,196.7287,182.0485,180.2199,303.2526,305.1364,270.1208,238.4166,278.154,233.4978,365.8919,92.1743,214.1082,198.8017,219.6578,172.377
2023-05-11,233.229,196.4671,181.9801,180.1988,301.671,304.7838,270.5383,237.7024,277.4936,231.4367,365.0437,91.2702,212.5253,195.6797,219.8908,172.4168
2023-05-12,234.8298,198.7417,182.0395,181.0755,306.4053,307.7798,272.4693,238.3142,279.8604,232.6801,368.1204,92.4328,211.2358,196.2861,220.8461,172.4041
2023-05-15,235.6665,199.9961,181.8852,181.2481,307.9815,309.4709,273.638,238.9934,281.469,232.7519,369.72,93.3803,210.3277,194.2065,221.7232,172.3336
2023-05-16,234.2825,199.4477,182.1774,181.1536,307.9576,309.7677,272.8346,239.3681,279.0608,232.2847,367.6083,91.8089,210.9641,194.0846,223.3079,172.4817
2023-05-17,229.452,196.2877,184.0786,182.5322,307.1164,309.377,273.8806,240.8605,276.8726,233.827,363.5054,91.4511,211.7909,192.586,225.2814,172.5533
2023-05-18,231.1078,197.8392,184.6398,183.8154,310.0349,309.5986,274.8101,241.3436,280.2964,234.7364,367.4492,92.2535,212.8784,192.8489,226.6313,172.5449
2023-05-19,226.2254,197.2691,184.0321,183.6561,309.7125,308.5281,274.913,240.499,278.6456,234.9253,361.2539,91.76,214.0831,187.8635,225.9046,172.5017
2023-05-22,227.3599,198.0935,184.5289,184.735,312.0967,309.1666,276.8544,241.2179,280.3501,235.4484,359.8645,91.9832,215.8505,186.8348,226.6875,172.6271
2023-05-23,225.7454,197.6977,185.3743,185.5734,313.4071,307.7192,275.8916,241.0719,281.8928,234.6802,362.8318,91.2528,216.6764,186.2424,225.3505,172.6721
2023-05-24,227.4584,197.1223,185.3811,185.087,311.7104,305.9427,275.4521,241.2664,281.4875,233.9272,364.2571,91.3038,216.2161,189.089,224.3237,172.6872
2023-05-25,221.8815,193.0087,185.8639,186.505,311.6136,306.7607,275.7411,241.3793,279.8368,233.6241,360.6155,91.0239,216.0698,186.9693,222.472,172.6779
2023-05-26,223.8864,195.5428,185.4246,186.6524,314.1297,309.7554,278.8835,241.7685,281.0921,234.402,357.6646,91.3883,217.0002,184.7827,223.4221,172.7506
2023-05-29,228.1275,199.2378,185.6302,186.7297,315.504,312.3922,281.7547,242.3552,280.4266,234.203,358.3232,91.4367,218.067,190.0004,225.4597,172.6331
2023-05-30,225.949,196.6044,184.8285,185.5479,313.7826,309.8959,278.7221,240.6062,277.573,233.2917,354.4201,90.3553,217.4823,185.279,225.5383,172.5722
2023-05-31,227.9875,197.2893,184.9221,185.5576,313.7766,309.1436,279.1837,241.5248,278.1382,232.9568,355.4237,90.6353,220.0494,186.2276,225.7123,172.577
2023-06-01,228.4146,196.9712,184.6789,185.7918,315.6159,309.9388,277.7498,241.289,277.8275,231.9998,352.9064,89.5714,222.7991,184.372,225.9638,172.6262
2023-06-02,227.6476,196.0514,183.8657,184.0974,313.1345,307.2153,273.5938,239.7379,277.0918,231.5778,351.9176,90.6053,219.2077,183.2117,223.9933,172.7339
2023-06-05,225.3049,196.0862,183.4726,184.3275,315.3873,308.6926,274.7895,239.4044,276.5486,232.4234,350.8867,89.754,217.5089,182.5218,223.6864,172.8035
2023-06-06,223.3367,195.4531,182.8248,183.1229,315.1147,307.7795,272.7548,238.2473,275.2474,232.9863,352.2738,88.9439,213.9785,180.8277,224.1271,172.7944
2023-06-07,224.7602,197.195,183.459,183.978,316.6915,308.435,271.8001,237.8277,277.4692,233.2192,356.8498,88.4853,213.9014,184.5121,225.1506,172.7874
2023-06-08,225.2178,196.0388,182.956,183.6995,313.664,309.5969,273.047,237.3964,277.0242,232.8511,356.272,88.262,215.5454,184.5318,223.6814,172.8112
2023-06-09,224.7496,193.6224,183.3259,183.4476,311.9227,308.8338,271.4188,237.685,276.7406,232.7168,356.1047,89.3756,214.6166,183.432,222.3721,172.7313
2023-06-12,225.3651,192.8034,183.7946,183.5324,311.3366,307.7779,271.0384,238.6004,276.8196,232.4201,358.1912,89.2375,216.3665,183.4529,222.8245,172.7483
2023-06-13,226.4715,195.2149,183.3401,183.4061,314.0362,309.1865,272.6679,238.7544,277.6712,233.292,357.5359,89.843,216.3806,182.8111,223.2185,172.8398
2023-06-14,227.5941,196.6121,183.2109,182.6742,315.4476,308.9779,271.2156,238.7458,276.3245,233.2244,356.9372,89.4124,218.0356,184.7324,223.1618,172.8535
2023-06-15,230.7142,197.3509,183.6314,182.3263,315.3866,308.1839,270.2329,239.4531,277.241,233.361,356.6048,88.9562,218.0284,187.907,223.0263,172.9311
2023-06-16,232.5743,197.2556,183.7208,181.7443,311.1129,306.2342,269.6547,238.6555,278.8948,233.01,362.3229,87.8032,218.9954,190.8028,221.8212,172.9446
2023-06-19,229.8421,193.8668,184.3535,181.9232,308.1063,305.4835,268.9948,238.8291,277.8326,233.4536,361.5569,87.6006,217.2351,190.2424,221.5477,173.0179
2023-06-20,230.4909,196.2186,183.9073,181.918,311.7241,307.9069,270.5854,238.9574,278.6864,233.6758,359.0198,86.7911,215.8299,188.937,221.8694,173.0505
2023-06-21,232.625,196.4601,183.9874,182.4936,311.8323,310.2729,271.1115,238.4749,281.3523,234.5442,362.2325,87.6236,214.2924,191.6558,220.723,173.1227
2023-06-22,229.0101,194.5876,184.041,182.1005,309.024,307.9106,269.3011,237.3081,278.266,233.3666,361.482,89.1454,213.5606,190.9724,219.3919,173.1949
2023-06-23,224.7517,192.0912,184.2353,181.8664,307.8686,307.6122,268.7919,237.4188,277.8406,232.5416,362.3259,87.4089,211.4576,187.4375,217.4615,173.2583
2023-06-26,224.5753,193.4233,184.5371,181.2726,308.1368,305.7274,266.814,237.1893,276.5894,232.4254,362.9958,87.11,212.5333,188.2438,218.729,173.349
2023-06-27,223.6823,194.7112,185.1265,181.9694,308.9082,306.9999,267.818,237.4571,277.4819,232.3945,364.4239,88.3983,209.5739,187.3423,220.6695,173.3798
2023-06-28,220.0737,190.8419,185.246,181.214,305.6126,302.9288,265.0628,237.3126,273.4586,230.8455,361.4108,88.7327,207.3451,185.1787,220.7628,173.322
2023-06-29,220.6399,191.4654,185.5145,180.7133,303.4884,300.9126,263.7194,237.6964,272.0088,229.9582,361.757,88.3511,209.049,188.9591,220.8576,173.385
2023-06-30,225.0102,193.6436,185.0356,180.9124,305.4742,301.767,265.1911,237.7376,274.7486,230.4296,362.8353,88.9833,208.6257,192.3831,219.98,173.4251
2023-07-03,222.0415,193.6423,185.1696,181.201,303.9813,301.6667,265.7348,236.7641,273.105,228.6975,364.1494,87.9898,207.271,192.3706,220.4834,173.5214
2023-07-04,223.7162,194.0478,185.8697,181.4015,302.5216,299.7712,264.2781,236.2817,273.2455,228.5565,365.6933,89.1422,208.3939,194.623,221.6985,173.5678
2023-07-05,225.4201,196.7594,186.5978,182.9504,308.1825,300.1599,265.9425,237.2817,276.3316,228.9436,367.799,90.1111,212.209,195.9036,220.5968,173.5997
2023-07-06,217.5465,190.7435,186.3078,182.4621,307.8601,298.7349,264.0813,237.012,272.9856,229.5062,363.48,89.6,206.5755,189.0767,218.7467,173.664
2023-07-07,217.2224,190.9065,186.6401,182.7278,307.2758,297.5859,263.0766,236.5066,273.3814,229.0046,363.7033,89.3381,206.1223,188.7104,219.9426,173.6807
2023-07-10,218.3552,190.3683,185.7188,181.7732,308.4634,299.0066,263.793,236.0719,270.6627,228.8504,360.3249,89.9418,204.4166,188.2367,219.2934,173.6538
2023-07-11,219.4973,191.4695,185.5777,181.339,309.0239,298.3068,262.6858,235.353,269.1361,229.5392,359.81,90.2489,203.1162,192.5861,220.4082,173.6395
2023-07-12,219.6484,192.6256,185.3472,181.1792,306.2893,296.8766,262.2627,233.5905,266.6315,228.6196,360.1654,91.0003,202.8266,199.8537,220.161,173.6113
2023-07-13,222.4202,195.611,185.728,181.48,308.5374,297.6737,263.7189,234.9533,267.2635,229.2606,361.9897,91.5782,205.3713,205.5303,220.2787,173.6101
2023-07-14,227.2862,197.9986,184.7265,181.5093,311.3552,300.4191,265.7345,234.0467,269.7234,229.4252,362.2409,91.3933,205.5065,205.6267,220.0898,173.7603
2023-07-17,232.0175,200.7842,185.547,183.0953,314.1321,302.428,268.0224,234.5235,271.7888,229.7399,362.904,93.0872,207.8658,209.5803,222.1415,173.7526
2023-07-18,236.9129,203.3799,185.9119,184.0792,322.3459,306.3649,269.7929,236.139,275.8092,230.6863,365.0832,91.5576,206.9855,210.6588,222.8581,173.8936
2023-07-19,235.8689,202.2668,186.2226,184.1265,318.253,305.5463,269.8104,236.2779,274.8843,229.9599,363.7767,90.8604,208.9442,212.2755,222.2218,173.954
2023-07-20,233.0651,201.7102,186.3237,184.7773,315.8433,307.0529,270.1002,236.0856,276.5211,229.2292,362.3629,92.2115,209.0863,206.9136,221.578,173.9851
2023-07-21,236.5388,204.1867,185.9904,184.9537,317.1432,307.8331,270.7606,237.3432,280.8956,228.5129,367.4162,90.5374,209.9826,207.8475,221.8429,174.0111
2023-07-24,234.4974,205.6569,185.9264,184.3913,313.4011,306.5658,269.3453,234.9933,279.3525,227.3347,371.7415,90.825,207.9805,210.1953,222.7172,173.9036
2023-07-25,234.1498,206.3302,185.0538,183.0827,313.8774,306.6181,269.075,234.152,276.7798,226.8267,370.7484,89.1766,208.7389,210.519,221.7271,173.8187
2023-07-26,230.3151,204.739,184.8657,183.5185,313.8464,306.4809,269.5874,234.8785,277.0253,226.9814,365.4541,87.928,206.8787,206.5676,221.8073,173.8269
2023-07-27,229.4834,204.0699,184.1478,181.9237,311.7351,303.7938,266.8592,234.7449,275.999,225.799,363.3714,86.1498,206.6087,204.3013,220.8777,173.8276
2023-07-28,232.3242,206.6534,184.3231,181.9272,312.8413,304.4993,267.2583,234.7812,277.1688,226.0978,364.3021,86.791,207.9133,205.5147,221.8963,173.8541
2023-07-31,227.4228,207.2841,184.4335,181.7772,311.9137,304.3447,267.6022,234.5743,274.565,225.8688,362.5714,87.5193,207.6982,205.0756,220.9785,174.0064
2023-08-01,224.7038,206.7074,184.5868,182.2185,312.5733,304.0423,268.6961,234.6388,275.2407,225.1475,363.0715,88.203,205.0759,202.8583,219.1358,173.8978
2023-08-02,223.5582,207.0955,184.8399,182.5888,314.6286,305.4807,269.6706,235.5045,274.2074,225.5981,362.1937,88.4989,206.3929,202.8347,219.3722,173.8621
2023-08-03,221.676,206.7384,184.7761,183.7515,318.5623,310.0666,273.7435,236.2984,276.7571,226.1707,365.0223,87.8836,204.1957,196.8286,219.6067,173.7941
2023-08-04,223.2176,209.4313,185.5234,184.5626,322.2627,312.0215,274.8833,237.3513,279.9135,227.4522,366.7015,88.8373,205.0214,196.878,220.0472,173.7311
2023-08-07,221.7257,209.6757,185.299,184.8395,321.6336,311.0797,274.5888,236.8059,281.1556,227.05,363.0359,88.4267,206.4592,192.7096,219.8338,173.7932
2023-08-08,222.7105,209.7369,185.4644,185.475,320.9857,313.5305,277.4907,236.7828,283.3725,227.4473,364.9203,87.2,207.3333,190.6119,220.6379,173.7745
2023-08-09,222.661,211.3293,185.4412,185.487,320.927,312.4169,276.8243,237.0364,283.682,228.3288,366.081,88.5671,209.6298,191.7273,221.3322,173.7919
2023-08-10,222.8346,213.7643,185.9048,185.739,324.6743,312.2753,277.1959,238.2528,284.5983,228.9324,366.4674,89.4893,210.8798,192.831,220.6472,173.7674
2023-08-11,224.5625,212.5955,186.3382,185.7764,323.4354,311.0828,276.4163,238.5215,285.5388,228.2499,367.9619,89.3123,211.0806,193.586,220.2287,173.6478
2023-08-14,230.7997,218.0232,185.0932,184.438,322.1557,310.2079,276.2975,236.606,286.6639,227.4875,371.8705,89.4089,210.9694,200.5943,220.4069,173.7437
2023-08-15,234.7043,220.5459,184.1294,182.863,320.5464,310.3005,274.842,236.1117,286.751,227.5915,374.1324,89.9576,213.1159,203.8736,219.644,173.7684
2023-08-16,235.2477,219.394,184.3499,182.1437,316.8645,309.0376,274.495,236.4799,284.3783,227.8585,371.8424,89.188,214.7472,206.3997,220.3084,173.809
2023-08-17,231.6226,219.1606,184.9769,182.1816,316.1166,310.2321,273.7655,236.2136,281.2931,227.9177,372.3021,90.657,214.8051,207.4063,220.2374,173.879
2023-08-18,231.9792,218.1345,184.8342,181.4839,314.4963,309.8547,275.1135,235.9081,278.487,227.2676,374.8818,90.2798,215.1005,208.3482,220.4038,173.8
2023-08-21,233.7286,219.3121,184.6584,181.7094,313.8482,311.7591,276.1115,236.1737,280.9507,226.9694,379.6086,90.0559,215.4133,208.0044,221.148,173.9467
2023-08-22,233.6024,218.4503,184.1553,181.0403,311.6841,309.8004,275.6477,235.9113,280.7126,225.9983,379.7511,88.8238,215.6745,207.2255,220.3744,173.8633
2023-08-23,231.9587,218.8395,183.8051,180.5777,307.9312,308.6047,274.745,235.423,281.2525,225.6868,381.2603,88.7127,213.4683,206.8901,221.3488,173.8103
2023-08-24,234.548,222.5636,183.1615,179.9063,311.1853,310.7152,275.0975,235.3872,282.4396,225.9722,378.6575,88.9016,213.0282,204.6325,221.9815,173.8577
2023-08-25,232.8218,223.4949,183.1299,179.2357,309.5422,307.9458,274.7206,235.4705,282.1475,226.0893,377.0586,89.108,211.0892,202.6743,223.0191,173.9464
2023-08-28,233.357,224.9976,182.7583,178.6863,306.0874,307.3782,275.8097,234.7051,284.2677,226.0401,379.8837,88.5707,211.9484,201.9266,222.286,173.9418
2023-08-29,239.2523,229.3239,183.6225,179.9955,309.6283,309.6057,277.8345,236.8032,288.6271,226.6494,387.3845,88.9056,215.6914,207.7269,224.0079,174.0538
2023-08-30,236.871,229.0601,183.5416,179.7779,307.772,305.8685,276.9129,236.2755,288.3777,225.7932,388.0657,88.9079,212.6183,207.9442,224.0426,174.0599
2023-08-31,234.9454,229.1568,183.7908,179.1926,306.9161,305.6412,275.2191,237.0472,284.9618,224.8577,389.9782,87.4992,211.8116,212.4996,224.9506,174.1231
2023-09-01,237.2296,230.462,183.5696,178.5346,305.1663,306.9606,275.0593,237.4881,284.8265,224.1261,390.8221,88.0845,210.5829,213.8432,225.9635,174.2282
2023-09-04,232.0603,226.4684,184.0365,178.6119,304.1744,302.8429,270.8666,236.393,282.3479,224.3949,389.1486,87.6679,209.8443,212.1579,226.0446,174.3232
2023-09-05,227.6624,226.1321,184.8296,178.4197,301.6645,301.6859,268.5536,236.3513,281.0435,224.0385,389.7406,89.0363,208.0279,212.5002,225.1891,174.3732
2023-09-06,224.6198,223.5751,184.7407,178.8547,302.5222,304.362,271.1347,237.1277,280.4653,224.1502,390.1021,87.7261,207.2609,208.8552,224.2053,174.3626
2023-09-07,222.8241,223.13,184.5987,178.2241,299.3374,302.828,270.217,236.2624,278.7964,223.004,391.0992,87.653,206.3275,209.3355,223.716,174.3941
2023-09-08,221.364,222.9277,185.9407,179.7345,302.7253,305.3752,271.5815,237.6403,281.1777,224.4291,394.177,86.7128,206.2453,206.8052,225.6413,174.3867
2023-09-11,218.3732,221.6597,186.2815,179.683,299.6918,303.8758,270.5519,237.306,280.8419,224.2912,399.3162,86.7006,206.5098,203.7093,227.4824,174.4872
2023-09-12,214.733,217.6981,186.3772,179.6101,297.4849,302.2964,268.4299,236.4552,280.2665,223.829,399.7302,85.2528,204.8595,201.763,225.6189,174.6728
2023-09-13,214.873,219.1467,185.5032,179.4747,298.9627,300.4894,268.7437,236.1308,281.3184,224.2535,399.7008,85.5853,205.0581,200.3944,225.967,174.6881
2023-09-14,209.4573,217.5194,186.1953,179.7092,295.2941,299.7567,267.8047,235.0757,277.2065,223.564,392.6771,86.3388,203.985,200.6118,225.6336,174.8536
2023-09-15,206.1441,216.2788,186.2628,179.6495,295.9618,299.0542,266.6211,235.1707,276.7087,223.9041,395.1241,85.5045,203.2381,201.5588,223.3549,174.8353
2023-09-18,205.7998,218.5584,186.0447,179.6167,296.9529,299.1327,266.9746,235.9054,278.9108,224.3544,393.5595,85.1052,202.2625,200.966,223.0897,174.8378
2023-09-19,203.5391,218.1431,185.9101,179.5855,296.1369,297.2665,265.1113,234.8094,279.9376,224.2175,392.2424,85.2445,199.8802,197.1626,223.5773,174.8165
2023-09-20,201.4998,217.1087,186.8764,180.258,297.559,296.8591,265.6483,235.9472,279.8862,225.3247,386.4639,84.6688,199.8522,194.1161,224.5008,174.8647
2023-09-21,201.3596,215.9777,186.8027,180.0797,295.6436,294.7165,264.9301,235.2698,280.6736,225.7864,387.7412,84.479,201.8606,194.296,222.7798,174.9997
2023-09-22,204.7178,217.2124,186.364,180.5423,299.1932,297.0807,266.239,234.7834,282.3818,226.0131,390.6264,84.8172,200.4565,194.5038,224.1632,174.9529
2023-09-25,203.6281,216.7598,186.6852,180.5322,297.9073,295.5031,266.2936,234.4632,280.9453,225.3807,388.8023,84.816,198.8154,194.6219,224.9578,175.0605
2023-09-26,205.714,217.9705,187.3766,181.4649,301.4485,296.4007,267.0966,235.0818,282.565,226.4157,394.2894,85.5392,200.3183,197.3551,225.7235,174.9675
2023-09-27,208.5339,219.2231,187.1036,180.6231,300.6634,294.9528,265.3436,235.397,282.2433,225.839,396.8854,87.6678,199.9908,202.3132,224.5373,175.0611
2023-09-28,212.2722,224.7101,187.0316,179.84,302.3302,295.8058,265.777,236.3476,282.4203,226.1988,396.7728,87.9178,203.377,207.8443,224.5381,175.1692
2023-09-29,214.3923,225.8106,186.6514,179.5245,302.3968,296.0785,265.495,235.6476,282.8484,225.2193,399.6619,89.0598,202.4292,207.1798,225.4119,175.107
2023-10-02,217.4898,227.0364,187.147,180.302,304.4027,296.9241,267.1157,236.4756,286.8812,226.5149,404.2804,90.2263,200.6832,209.2648,225.548,175.1413
2023-10-03,216.3982,227.06,187.3766,180.1724,301.7257,296.241,266.6639,236.1008,287.0625,225.9638,404.8951,90.8184,201.5542,206.4956,226.2921,175.1457
2023-10-04,215.8307,226.2338,187.3686,180.2368,303.4199,296.652,266.5369,236.3095,286.3603,227.0336,402.9898,92.068,203.056,206.2752,224.5528,175.2986
2023-10-05,213.2414,224.7365,187.259,179.9556,304.3262,294.932,266.0652,236.2974,284.3947,226.7313,400.6385,90.6092,200.4465,204.0535,225.2549,175.4121
2023-10-06,214.684,224.8488,188.2956,181.5958,305.4229,296.904,268.503,237.4676,285.3459,227.014,400.5917,90.8846,201.9671,209.2308,224.9767,175.4319
2023-10-09,216.726,226.711,187.9502,181.4553,309.0414,297.9969,269.2649,237.9133,286.817,227.9901,402.2416,90.6135,202.9474,208.5568,225.1952,175.5102
2023-10-10,213.1045,223.5731,187.3384,180.256,303.9049,295.368,267.2791,236.5381,283.9378,227.0103,397.6797,90.6623,203.4115,203.1093,224.2051,175.5234
2023-10-11,213.2586,223.2685,187.5234,179.9317,303.7571,294.5311,266.8462,235.4169,282.3491,227.6408,398.1875,90.9698,201.5461,206.2513,224.1257,175.4588
2023-10-12,209.5274,220.6986,187.2821,179.5756,299.4166,291.7964,264.9497,233.8339,279.1804,227.5902,397.5666,90.0537,204.2729,205.152,224.9614,175.4648
2023-10-13,210.6473,220.8439,188.4193,180.3793,299.266,291.9713,265.3054,234.4455,280.0632,228.1187,397.8848,90.2573,207.7485,204.8744,226.5726,175.5746
2023-10-16,208.3789,216.6369,188.602,180.6051,299.5197,290.903,264.3089,234.4575,278.4408,228.6362,393.7148,89.8803,204.9538,203.3645,226.115,175.5013
2023-10-17,209.0081,218.1214,188.5203,180.2618,300.8396,289.1185,262.6752,233.5503,279.3515,228.3453,396.3411,89.6949,205.5714,204.3021,225.0101,175.527
2023-10-18,213.0047,221.2587,189.6766,180.6736,302.459,289.4632,263.2606,234.8304,279.8053,229.1135,398.4374,89.8869,208.2124,210.9472,227.0049,175.5111
2023-10-19,210.8035,220.8129,190.5506,181.6823,300.711,289.0504,263.4316,234.9682,281.9187,229.7983,401.6487,90.7576,207.7561,208.505,228.9198,175.494
2023-10-20,208.78,219.4208,190.4931,182.2572,300.8076,289.5715,264.4473,235.5235,282.2472,229.4369,401.0832,91.2861,206.0915,206.4574,228.2135,175.528
2023-10-23,209.3376,218.2785,189.2281,181.1118,300.903,290.0331,263.5011,234.1298,279.2772,227.9148,396.1963,90.3929,204.6727,204.3551,227.6558,175.5252
2023-10-24,208.0503,215.8723,189.4964,180.9422,299.1075,288.549,261.8189,233.8083,279.165,228.3661,397.519,89.7466,205.2523,204.3555,226.574,175.5487
2023-10-25,211.8171,219.1046,189.3475,180.4037,298.6426,288.1392,260.6577,233.207,280.6362,228.9676,401.9991,89.4474,208.1104,209.3008,227.4612,175.5804
2023-10-26,212.1592,218.295,188.6171,179.2984,297.6955,285.8211,258.4125,232.7825,279.836,228.9599,398.373,88.6531,207.5629,208.3465,227.2562,175.6027
2023-10-27,211.6536,216.7747,189.0245,179.5144,296.272,284.9979,256.6386,232.3857,279.573,228.9009,398.5564,89.6861,208.484,208.0388,227.178,175.7188
2023-10-30,211.4628,216.9613,188.5946,180.1493,299.1188,286.7736,257.1035,232.3893,279.983,229.2751,397.4846,90.9903,208.6766,208.1486,226.0431,175.7739
2023-10-31,213.5707,218.5828,188.53,180.592,302.9705,289.7905,259.6763,232.5124,279.6463,230.3747,393.8882,91.1765,209.0211,206.2865,228.6074,175.8022
2023-11-01,212.0559,218.0306,187.6969,179.037,299.5495,286.8553,257.0574,230.3522,276.5289,229.9503,390.202,90.5664,208.3367,206.0204,228.511,175.7107
2023-11-02,209.7765,218.0902,188.1254,178.5819,298.6362,285.7201,256.9913,230.1025,274.514,231.2713,386.6369,90.8088,208.6296,205.5949,228.5122,175.716
2023-11-03,210.0912,219.077,188.134,178.3611,295.3383,283.4998,257.0835,229.5449,273.5918,231.4523,387.1002,91.5813,211.5817,206.4288,230.7503,175.6104
2023-11-06,214.6945,221.9748,187.3422,177.5709,297.6008,285.697,257.4674,230.4096,274.7433,231.6904,384.2674,91.5152,211.7044,206.0689,232.1533,175.7223
2023-11-07,214.5036,223.0498,187.731,177.8549,296.8531,286.7124,257.2804,230.7688,275.6321,230.519,384.9828,90.8892,211.6318,205.5909,232.9546,175.8152
2023-11-08,210.5743,219.9242,188.3059,177.7588,293.2703,285.1084,255.7771,229.9527,272.9675,229.9955,378.9851,90.9429,210.9905,200.8497,234.0932,175.8276
2023-11-09,209.5858,220.7458,187.9283,178.1162,294.4475,286.8877,256.4702,228.8635,272.6386,229.7006,375.1389,89.7211,211.08,198.9913,234.5022,175.8174
2023-11-10,207.7756,217.7673,188.5458,179.1223,294.3096,287.441,255.6646,229.2452,273.9616,230.2092,375.6043,88.1221,208.7577,199.6855,234.2825,175.8271
2023-11-13,206.7606,219.1575,187.7454,179.3941,298.3038,290.7446,256.6915,228.5735,274.1708,229.6032,370.2299,87.6998,205.5189,196.6826,233.1674,175.9751
2023-11-14,208.4597,217.4846,188.6812,179.5277,299.4449,290.1659,255.8221,229.5963,274.7131,230.4819,370.5667,88.5071,204.8657,196.0994,233.8571,176.1413
2023-11-15,212.3582,218.8788,187.6825,178.6954,301.6456,290.6749,256.9916,229.628,275.1914,230.4992,368.8947,89.6321,204.7067,195.0158,232.9661,176.1922
2023-11-16,205.7472,213.6569,188.5978,178.7789,297.5577,287.4826,253.2959,229.6444,273.4375,230.4233,366.9925,90.3065,201.4404,191.614,232.3847,176.2453
2023-11-17,205.7405,212.8632,188.6644,179.2862,300.4297,287.5411,252.927,230.5431,274.4438,231.3619,364.4002,89.4838,203.071,189.5402,232.7389,176.3161
2023-11-20,208.0719,213.3179,188.197,178.7044,302.2843,289.6984,254.3837,231.4768,274.0622,232.5692,359.5409,89.5463,205.375,188.3748,231.8281,176.2921
2023-11-21,206.8098,210.2507,188.8907,179.5213,300.3254,290.6998,254.2603,231.0313,274.403,233.3399,360.9696,90.6122,204.3092,188.3512,231.3538,176.2816
2023-11-22,205.8077,207.8392,188.4082,179.5065,296.4873,290.3932,254.9245,229.8134,273.3124,232.2553,360.8365,89.9253,202.9115,188.9832,230.2808,176.3729
2023-11-23,205.881,207.8911,188.3773,179.3131,294.8186,287.4586,254.5281,228.6582,272.655,232.1904,360.1999,90.081,202.5343,189.7233,231.1837,176.3571
2023-11-24,203.1594,205.6692,187.9708,178.6209,290.8217,284.2218,252.382,226.9923,270.9303,232.1695,358.172,90.7831,201.3148,187.0022,231.5258,176.417
2023-11-27,199.585,202.3819,188.0907,179.1399,289.3506,282.3884,252.3735,226.1448,271.4888,233.053,358.8084,89.9357,201.3473,183.3426,230.5486,176.3606
2023-11-28,196.8262,200.685,188.3508,179.4423,290.5292,280.6326,251.7741,226.4498,270.0511,232.3173,357.9823,90.0552,200.6642,179.9197,231.2587,176.2711
2023-11-29,199.4121,204.1844,188.8004,179.696,292.1408,281.9392,253.4753,228.0933,271.4124,233.0849,359.4268,90.3142,202.6955,181.838,233.867,176.2192
2023-11-30,198.5905,202.8866,188.6114,178.7965,289.2202,279.6722,250.4774,226.954,268.9871,231.3167,356.6043,90.5987,200.7354,181.9756,233.7707,176.1473
2023-12-01,199.6829,203.064,187.9952,178.6986,288.5672,280.0229,249.696,226.3732,268.5822,230.2118,357.7787,90.8706,202.6385,181.7237,234.6503,176.1692
2023-12-04,200.515,201.2536,188.8132,178.7495,287.4163,279.2447,248.1479,226.5947,268.2668,231.5479,357.3888,90.9541,203.9686,181.6995,236.5834,176.2236
2023-12-05,203.5721,203.9064,188.4082,178.6511,288.7377,280.3942,249.0839,226.6307,269.0233,231.9623,358.5082,90.9222,204.5865,186.827,236.1292,176.2712
2023-12-06,206.0979,202.7343,188.4602,179.5407,291.8158,283.7295,250.6209,227.6644,271.4544,232.1493,358.1067,89.3368,205.5251,186.717,234.5828,176.2711
2023-12-07,206.6317,201.3521,188.2367,179.3516,293.1544,285.5218,250.8276,227.6239,270.3564,233.0373,356.5788,89.4076,205.9886,185.679,234.0966,176.2795
2023-12-08,203.0548,201.3254,188.668,179.6794,292.3962,283.5371,249.9781,226.9379,269.5356,232.6036,357.7614,89.496,207.084,185.3678,233.1496,176.4031
2023-12-11,201.5833,199.6302,188.6039,179.2049,289.4114,282.8816,248.7409,225.2211,266.941,230.8092,356.0234,88.7052,204.4564,182.5029,235.3364,176.4316
2023-12-12,205.0461,201.8925,188.5838,179.6471,290.4621,283.0613,248.4053,224.718,269.303,229.7258,356.0645,90.1025,204.6906,185.2375,234.1568,176.3483
2023-12-13,207.3863,204.0288,187.6559,179.0859,290.683,283.2082,248.6782,224.6649,268.3775,229.1949,355.7114,92.0476,204.8068,186.0254,236.0552,176.2976
2023-12-14,203.3152,202.8674,187.0868,178.1341,288.4468,281.5265,248.2552,223.7423,266.3322,228.5186,356.5524,90.748,201.9805,184.2999,235.0421,176.3707
2023-12-15,204.4885,205.9605,188.5127,179.0632,289.8496,281.4124,248.2993,225.0925,267.5322,228.3758,358.9529,92.3583,201.5705,189.0568,236.8029,176.3151
2023-12-18,208.0711,209.1626,188.151,178.8659,293.4147,282.5701,248.7448,225.8108,268.1485,228.3242,359.6157,91.8923,204.4175,190.2208,238.2562,176.3211
2023-12-19,210.3263,209.7587,187.3001,178.2763,292.2744,283.2308,249.8083,225.7273,268.2508,226.9714,358.8315,90.952,205.763,190.3459,237.2741,176.2556
2023-12-20,214.6003,211.1621,188.4388,179.2237,295.1907,283.7519,250.6987,227.3507,271.5765,227.7568,359.2852,92.1265,206.7565,192.4344,237.3856,176.2261
2023-12-21,209.5791,205.9076,188.6598,179.0081,293.9369,281.0931,248.2928,227.6095,270.3222,228.4882,357.0579,91.5937,203.5313,188.3375,236.2233,176.1975
2023-12-22,209.0597,204.122,188.8316,179.5285,294.8318,281.088,247.5792,227.8809,271.8046,228.3244,355.7437,91.4502,203.4486,183.8931,236.4975,176.2046
2023-12-25,207.8657,201.6621,188.4241,179.0106,291.6767,279.634,247.6461,226.9777,271.3673,228.2373,353.5414,90.6822,201.7447,180.0753,236.7857,176.1949
2023-12-26,210.2089,203.515,187.7959,178.4659,293.0205,280.5611,248.7967,226.5282,272.0326,228.3448,354.6551,91.7255,201.4046,179.5475,236.4797,176.1166
2023-12-27,210.9293,203.9384,186.9734,178.1826,296.4884,282.9555,249.639,226.453,273.2091,228.7047,353.9996,91.4373,200.0335,176.7923,234.9252,176.2087
2023-12-28,210.0518,203.4957,186.5516,178.2959,296.8045,282.5535,249.8403,225.3891,274.4621,227.9762,352.8776,90.0487,199.9504,171.963,234.9431,176.2485
2023-12-29,212.498,204.3613,185.4701,177.3837,295.224,282.8873,250.0904,225.5543,275.6305,226.7845,352.7715,90.8004,198.9578,170.3778,234.6013,176.1726
2024-01-01,214.7883,206.4292,184.7355,176.7808,293.6987,283.2262,250.2007,224.589,276.8896,226.0452,357.3738,90.5841,199.693,171.016,235.4135,176.1052
2024-01-02,215.9369,207.4636,184.987,177.1188,293.5219,284.5052,252.1388,225.1199,277.1882,226.3499,357.2603,91.4665,200.3997,172.3291,235.6189,176.1915
2024-01-03,214.6524,207.2043,184.5424,176.5824,294.7553,285.1069,252.3964,225.1766,275.6958,226.5594,356.9319,91.6389,197.8147,172.3502,234.6206,176.2432
2024-01-04,212.9394,205.5486,185.0394,176.9117,293.3313,283.6048,251.7223,225.2903,273.7258,226.1348,354.8223,91.8371,196.118,175.0886,234.5759,176.1234
2024-01-05,212.3856,204.7549,185.6617,178.087,293.7861,284.4963,253.1549,225.9924,275.3959,226.9108,354.4082,92.2785,195.9331,174.3156,235.0538,176.1039
2024-01-08,214.0399,207.0691,185.4708,177.7557,293.6691,285.4527,253.6582,226.8945,275.6294,226.8623,355.0929,93.3468,197.7864,174.7014,236.466,176.0527
2024-01-09,213.4351,204.1359,184.9657,176.7446,293.237,284.767,252.2418,226.6661,272.3035,225.8779,353.7312,92.846,194.8821,176.6142,233.828,176.1353
2024-01-10,211.1533,201.6769,185.1262,176.0889,292.1266,284.2219,250.9114,226.5685,269.3607,225.2409,352.8219,92.8476,191.4127,175.8853,233.5738,176.1459
2024-01-11,213.7271,204.7026,185.9787,176.435,294.1047,286.6667,252.9268,228.0006,270.0131,226.5442,355.2382,93.6595,193.5999,178.709,235.2081,176.2669
2024-01-12,216.2066,207.3422,185.0403,175.826,296.3357,287.4783,254.1339,228.3006,270.3792,226.4404,354.6623,92.8701,194.7175,180.5373,233.9909,176.3077
2024-01-15,216.4739,206.1288,184.0438,175.7815,301.5541,289.7379,255.2633,228.4474,270.4364,226.507,349.405,92.4798,192.9212,174.4828,233.2251,176.3389
2024-01-16,220.0423,208.1282,183.7452,175.6538,303.6414,292.8642,257.5042,229.1455,271.1963,227.0892,345.7185,92.8282,194.6635,173.8107,233.2999,176.339
2024-01-17,219.287,209.0253,183.8132,176.1014,303.9765,294.6046,258.1424,228.8506,271.2359,226.8622,346.2072,94.9526,193.5441,174.3317,232.7711,176.3674
2024-01-18,219.508,207.3273,184.3495,177.265,302.8259,294.2547,258.7311,228.4387,273.6608,227.9932,347.197,95.5719,193.3545,173.2223,234.0921,176.3368
2024-01-19,221.1635,207.1138,184.7168,176.8565,300.0002,293.4165,257.4566,228.0708,273.2017,227.4867,350.74,95.7984,195.1973,174.7688,234.9484,176.3127
2024-01-22,222.5934,208.6122,185.4204,177.6933,300.8694,294.2213,258.7109,228.2666,274.3195,228.2077,354.6778,96.0789,196.3475,178.232,235.9898,176.2853
2024-01-23,216.2659,204.3651,184.1868,176.0749,297.0948,292.4792,256.6128,227.5209,271.7099,227.2232,346.0476,94.6883,192.5543,168.0908,235.2727,176.2958
2024-01-24,216.544,206.7031,184.3258,176.3697,299.8146,294.227,256.9175,227.842,272.9278,227.5573,344.4735,97.1313,191.6471,167.4856,234.51,176.3877
2024-01-25,215.001,206.5438,185.107,177.345,300.2118,295.6966,258.482,228.8995,275.0316,228.8523,346.9797,96.825,190.1355,168.6673,234.2059,176.4368
2024-01-26,216.4503,207.5321,185.6719,177.9997,301.8349,298.0472,258.8638,229.7329,276.7322,230.191,345.2163,96.8311,191.2579,168.4599,235.8873,176.5399
2024-01-29,217.8827,207.3921,185.2825,177.0829,298.5824,295.8613,257.2394,228.6384,275.9983,228.7933,346.0298,96.8771,191.4721,168.6224,236.0973,176.531
2024-01-30,217.4778,208.4622,184.8806,176.7578,300.2498,294.71,255.2142,227.9119,275.1051,227.9223,344.1488,96.119,191.6984,169.1765,235.7098,176.4759
2024-01-31,219.4023,205.7479,184.0335,175.2465,296.9797,293.1768,253.9668,227.7265,275.045,228.1107,341.8902,95.2244,191.4232,167.0122,234.2434,176.4767
2024-02-01,222.2212,206.0102,184.4192,176.0288,299.61,295.2108,255.1853,228.2228,275.5362,229.0926,343.3897,96.0747,189.5414,170.2741,236.1561,176.4291
2024-02-02,218.8893,202.3539,184.1211,176.2268,300.3517,295.4764,254.815,227.2136,273.4712,228.9434,339.0545,95.9716,186.7178,166.1679,235.5652,176.4348
2024-02-05,220.9698,202.8286,183.854,175.5878,295.6161,293.3797,252.3202,225.8554,275.0722,228.8384,340.9556,97.2216,188.6367,166.4277,235.9786,176.5277
2024-02-06,220.7959,202.5225,183.651,174.7414,295.8196,291.9803,250.0145,225.2932,273.1419,228.3848,341.3862,98.9912,186.875,167.9388,234.5877,176.4498
2024-02-07,218.213,201.3149,184.452,175.6178,295.3264,293.1471,250.9649,225.5405,272.5875,228.2644,341.8871,98.5375,187.7297,166.8901,235.0067,176.5023
2024-02-08,215.8909,199.4254,184.8734,175.694,292.5854,290.9302,250.3607,225.0558,272.0379,228.2367,341.777,97.3191,188.414,167.1747,233.6865,176.6697
2024-02-09,212.6665,198.9181,184.8157,175.8687,295.4548,292.2517,250.0557,225.6761,272.6869,227.5255,342.4811,96.2108,186.0564,163.0183,233.0943,176.6967
2024-02-12,216.3974,199.81,184.401,175.2566,294.3623,290.8642,248.476,224.5834,273.3515,226.3988,345.7609,96.8362,185.9781,165.3739,233.061,176.6314
2024-02-13,218.4102,203.8226,184.6852,175.5377,295.9781,290.9855,248.8309,224.9533,273.107,225.7523,347.3268,95.2514,188.1697,171.5786,234.2368,176.5425
2024-02-14,225.9633,209.7724,185.0231,176.5592,301.3481,297.0013,253.1036,227.1976,277.4303,226.0648,353.0762,95.4453,189.5626,177.6581,234.9443,176.6867
2024-02-15,223.4213,208.6647,185.8991,177.2038,300.4052,299.8602,255.1324,228.6918,276.5671,227.401,350.9284,94.645,189.4649,176.864,236.7273,176.7243
2024-02-16,221.5805,208.1889,186.7525,178.1142,302.4819,300.3464,256.1342,229.3131,275.2962,227.6944,350.1254,92.6516,190.1054,179.7591,236.5383,176.6303
2024-02-19,222.4584,210.1418,186.9441,178.2915,302.0216,301.2409,257.1265,230.2107,275.568,227.9082,352.8193,93.0381,194.0198,181.5635,237.1162,176.703
2024-02-20,222.9917,209.3123,187.542,179.3679,301.3717,301.7534,257.5501,230.2899,276.9237,228.0993,354.291,93.0884,194.9914,182.3924,238.119,176.7452
2024-02-21,222.4944,209.9072,186.1736,178.5512,301.3373,301.1145,257.4945,228.8755,277.0414,227.4495,349.1429,92.6423,192.6188,177.6159,238.1917,176.786
2024-02-22,221.4343,208.6035,185.9577,178.6473,298.4003,299.951,257.9469,227.5041,276.2052,226.5074,349.709,92.6331,192.9725,176.2341,238.4473,176.8101
2024-02-23,221.1289,208.8214,185.7578,178.6174,298.2317,299.6852,258.4856,226.9253,275.8491,227.5037,347.2251,94.3317,192.4285,175.6586,238.6392,176.6295
2024-02-26,224.0208,211.9421,185.077,177.8403,300.5678,298.1564,257.114,226.4105,275.3243,227.1543,344.697,95.362,193.4293,176.8905,238.9851,176.7124
2024-02-27,221.624,210.9683,185.3344,178.4406,302.5401,298.8452,257.1592,227.2061,274.3663,226.7664,345.0975,95.3292,193.5485,177.8037,237.5587,176.7077
2024-02-28,221.5069,211.6879,185.3183,178.8431,303.6549,301.3643,257.5336,226.6018,273.535,226.6334,345.7018,97.1408,194.1055,178.8608,236.862,176.695
2024-02-29,223.9658,213.782,185.585,179.9614,307.0623,304.7712,261.0666,227.9809,275.8712,227.9216,348.8805,96.8648,194.7029,182.4723,237.0651,176.6824
2024-03-01,226.0361,216.7635,185.2087,180.5857,311.3074,306.951,263.0576,228.3839,278.1179,228.01,345.0164,97.9459,194.9669,179.7212,237.8477,176.6593
2024-03-04,224.7875,215.1656,185.5627,180.6902,309.6156,307.9789,262.3537,228.2703,276.6036,227.4277,345.2594,97.439,196.1217,180.1219,237.5581,176.7742
2024-03-05,221.2787,211.7963,185.0088,180.9631,308.7475,307.844,262.8329,227.7915,276.7611,227.0869,344.3352,96.3554,191.8673,176.8675,236.6704,176.7503
2024-03-06,220.441,210.2087,184.8083,181.2776,305.9333,308.3277,263.1924,227.9507,276.969,226.9967,344.0734,96.7291,191.267,177.2602,236.8053,176.6686
2024-03-07,221.8062,212.0296,183.873,180.6484,305.9393,307.3694,264.0037,228.0646,277.6725,225.5481,342.8194,97.1638,191.3665,175.0519,236.4176,176.688
2024-03-08,226.9078,214.9717,183.9897,181.2923,311.7158,311.8026,266.9846,229.0753,279.952,227.9155,346.5613,97.2332,192.7143,178.8822,237.2337,176.6306
2024-03-11,228.0108,216.6313,183.9834,181.3194,310.071,314.0346,267.8286,228.8715,280.9345,228.5203,349.1229,96.0723,193.4033,182.8363,237.3051,176.5899
2024-03-12,227.5729,216.7226,183.2714,180.882,309.4808,315.1807,268.5016,228.2225,279.9204,228.2685,347.0834,95.5243,195.513,179.9557,237.2998,176.5788
2024-03-13,226.0448,216.5701,183.4343,181.4107,309.7116,314.7591,268.9477,227.7763,280.088,228.2343,344.8788,95.8608,195.1871,179.6204,236.3696,176.6403
2024-03-14,226.4021,216.2318,183.7314,181.8227,311.5304,315.712,269.4432,228.7085,279.9654,227.7001,348.2622,94.8404,196.1278,182.1878,235.1747,176.7807
2024-03-15,227.7187,214.0433,183.253,181.0578,309.6736,313.1973,267.8221,228.0066,279.4816,227.2198,352.3534,93.3952,196.4616,183.609,234.417,176.9007
2024-03-18,231.0909,216.2392,183.1004,180.6183,310.3445,312.5368,267.0722,227.4956,278.1073,227.4843,352.1819,94.1836,199.2749,187.9708,235.0173,176.9906
2024-03-19,224.3085,212.4042,182.5484,179.8711,307.7237,309.5818,265.439,226.8319,274.2372,225.5361,346.4951,93.9895,196.0088,184.5677,231.735,176.8933
2024-03-20,222.1201,209.1417,182.3954,179.5682,306.2733,308.5492,264.7512,226.3278,271.9152,225.449,345.9977,92.9795,192.9871,186.6762,230.1073,176.8502
2024-03-21,221.0349,208.1224,181.9842,180.1019,309.5599,312.3499,268.2213,225.4698,271.9956,226.1351,344.0575,91.408,189.2141,184.4258,229.1108,176.821
2024-03-22,222.0182,208.8918,180.9435,178.3728,306.1408,309.466,266.9716,223.7486,270.5215,226.2174,341.9212,92.1486,188.7045,184.5368,228.4766,176.8474
2024-03-25,220.4815,207.9947,180.9006,178.2713,305.7619,308.3756,267.1907,224.3882,268.9585,226.1862,340.1592,93.1749,188.151,184.8723,227.812,176.9993
2024-03-26,218.433,203.859,181.7063,179.1425,303.6652,309.0458,267.0031,224.1894,268.5939,227.0099,339.9964,93.2133,186.7155,182.9596,228.9665,177.0728
2024-03-27,218.5091,204.6379,181.8818,178.2089,301.724,308.3853,266.5819,224.926,267.7407,226.2088,338.6123,94.0673,186.7835,181.2139,229.1478,177.1221
2024-03-28,219.8195,206.2703,182.2994,178.4788,302.0298,310.317,267.9653,225.5511,267.9125,226.1068,340.0213,95.1413,187.4742,183.278,229.3083,177.1176
2024-03-29,219.25,207.1939,183.2542,179.4145,303.0806,312.1971,268.0651,227.3034,270.6214,226.138,342.786,94.6726,188.2953,183.0418,229.6741,177.1797
2024-04-01,224.2279,207.6261,182.7854,179.8238,304.6275,312.9345,269.7888,227.7765,273.1077,225.8207,346.6785,96.0651,190.3508,182.7286,229.8374,177.3017
2024-04-02,228.1873,211.1729,182.8751,180.1785,306.7745,316.0669,270.8927,228.4173,276.0972,226.4911,350.1523,97.3956,191.598,185.4191,229.9286,177.4591
2024-04-03,227.4656,210.7298,183.6483,180.7802,304.771,315.1061,270.2913,228.535,277.0793,226.5763,353.7217,97.8122,194.2105,187.1786,229.1874,177.5129
2024-04-04,230.5425,211.4222,183.6702,181.3529,308.6977,317.61,270.8331,228.9848,279.7526,227.4472,355.5479,96.9926,192.6455,188.5026,229.4695,177.524
2024-04-05,232.904,213.4446,183.5728,181.3036,312.6595,320.1318,272.9596,230.3004,280.5756,228.6196,356.2856,96.4041,193.5048,189.7595,229.3336,177.6273
2024-04-08,235.9303,213.2856,184.2099,181.3044,313.3701,316.911,270.6707,230.5727,280.6399,228.2695,356.8084,96.7616,193.4993,195.3403,228.3463,177.6523
2024-04-09,239.8408,214.3443,183.8774,181.3727,315.9587,317.1411,271.7689,230.2643,280.1458,228.104,355.8184,98.0864,195.4848,196.4756,228.3537,177.604
2024-04-10,239.3687,215.8477,184.4847,181.8854,318.1144,317.8564,270.9977,231.1626,281.613,228.7301,354.0223,97.7747,195.9991,195.3763,229.7164,177.5523
2024-04-11,239.9005,216.7666,184.7857,182.5518,319.1218,318.1979,271.7165,231.7622,282.3451,229.4266,356.8608,98.1837,199.2175,198.2705,229.2957,177.665
2024-04-12,241.8818,214.4131,184.7197,182.8259,318.3312,316.8455,270.7259,231.4992,283.4857,228.8106,354.076,99.4859,197.1727,194.3927,230.7417,177.7283
2024-04-15,244.1497,213.9504,185.0498,183.2993,319.8199,318.6058,271.5324,232.0008,283.3923,229.628,352.9002,98.884,198.2857,194.673,232.6657,177.8363
2024-04-16,252.6328,217.7553,185.4541,183.7328,322.4162,319.8358,274.3061,232.8921,286.3538,230.462,356.0491,100.3761,200.7425,201.5669,232.3748,177.8164
2024-04-17,254.6357,219.6931,186.4063,184.5332,321.5488,320.0404,275.2831,233.8429,289.4844,231.1634,359.328,100.6221,201.4111,204.7389,233.4201,177.8268
2024-04-18,255.0304,221.2186,187.0923,186.4188,325.7737,323.0567,277.707,235.4336,295.0553,232.3004,359.5547,100.8378,201.9215,202.1536,233.3125,177.8116
2024-04-19,256.7444,223.1634,187.8013,186.9673,326.5593,322.6378,279.2545,235.8882,295.5233,233.428,360.1878,102.3043,203.7643,203.6846,235.3571,177.7536
2024-04-22,255.3365,222.8389,187.2038,186.4371,322.9736,322.9264,278.2694,235.049,296.1917,232.5209,363.1141,100.3225,203.8259,203.4268,234.6598,177.6066
2024-04-23,259.0599,222.4395,188.1115,187.1757,325.6481,326.3472,279.9888,236.8308,297.1398,233.3497,365.614,100.5786,205.8188,207.1951,233.7034,177.5649
2024-04-24,261.6663,222.3486,188.385,187.3275,326.2366,327.9528,281.8891,238.1178,299.4513,234.6138,370.9013,99.2017,205.6685,208.1422,234.7794,177.6056
2024-04-25,258.0596,222.143,188.616,188.1116,328.5769,329.3491,282.9763,238.6388,298.3896,234.3448,367.4846,100.0611,205.7714,205.7174,233.9889,177.627
2024-04-26,260.9173,222.7119,188.9985,188.1994,329.2863,331.6838,283.02,239.9466,298.2907,234.2103,366.8889,100.8294,206.4862,208.2256,234.4308,177.6422
2024-04-29,266.034,223.6542,189.2131,188.5915,330.6027,332.3467,285.2476,240.503,298.3109,234.7312,366.9762,101.4224,209.244,212.4431,234.5595,177.836
2024-04-30,265.8851,224.3639,187.9321,187.4109,330.0314,332.5939,285.2854,240.3847,295.0437,233.2623,362.5831,101.1888,209.0584,214.5227,232.6986,177.8729
2024-05-01,267.7613,225.9698,188.6621,188.3319,334.7345,334.1496,285.9884,241.2481,296.369,233.9583,364.7884,100.9686,207.599,219.8884,232.4443,178.008
2024-05-02,272.2046,228.0482,188.3406,187.4128,333.8852,332.9874,286.3924,241.6081,299.523,234.6886,367.8705,99.8167,208.5721,219.6115,232.9041,178.0106
2024-05-03,271.0041,226.4379,189.3627,188.3031,333.5981,332.6869,287.175,242.4995,298.7929,235.0705,367.3229,99.2404,208.839,219.1164,235.4202,178.0636
2024-05-06,271.9431,227.2402,188.8402,187.8688,335.4218,332.5281,287.8427,242.0382,299.8642,234.9463,367.8665,99.2249,207.8402,217.0333,234.0188,177.9424
2024-05-07,269.0152,225.3498,189.406,188.4292,336.56,334.2173,288.1754,241.4888,299.204,235.0771,366.8843,98.105,204.9542,214.817,234.1691,177.9623
2024-05-08,266.9374,224.1685,189.8782,188.5201,337.0781,335.7825,287.1909,241.9537,300.9067,235.5391,365.3112,97.372,202.9935,209.7561,234.1073,177.85
2024-05-09,264.7947,221.4927,189.51,188.2053,335.0151,333.2338,286.8246,242.0818,300.3644,234.6452,365.7839,97.0784,200.1167,208.4376,233.2013,177.8288
2024-05-10,266.3079,223.5807,188.9792,188.2364,337.7393,333.292,287.5996,241.8836,301.2034,234.7024,367.8958,97.9271,200.6659,210.245,232.1592,177.8867
2024-05-13,273.104,226.9541,188.7916,188.3125,341.2647,333.9945,289.7674,242.0057,303.5162,236.9364,369.9294,98.424,203.2475,213.5318,233.626,178.0002
2024-05-14,271.7952,226.2461,188.8795,188.1106,339.3635,331.9268,288.9031,241.5165,302.0921,236.9539,367.9865,95.9874,200.6205,217.9848,234.2873,178.0244
2024-05-15,273.2391,225.4123,188.7472,188.1818,341.8952,330.5791,287.0111,240.7372,302.0718,237.5424,368.7101,95.4184,201.0402,218.2788,234.8759,178.1225
2024-05-16,271.8122,225.2657,188.0191,187.4687,340.0274,329.8154,286.3429,239.6245,299.1864,236.4554,365.7918,95.3941,199.9576,219.0552,234.6026,178.0905
2024-05-17,273.6593,226.3317,187.8361,186.7771,336.1022,328.4831,285.4023,238.7317,299.614,235.5667,368.0934,96.4539,201.7168,219.1514,234.5368,178.1582
2024-05-20,274.9534,228.4425,188.9979,187.332,337.0254,327.9602,284.8386,239.6315,300.0971,235.934,367.6116,97.5829,202.0976,222.4022,236.3012,178.1388
2024-05-21,274.455,226.7174,188.6334,187.2338,334.6886,326.9838,285.0932,239.7936,301.3818,236.0428,366.5777,95.5623,199.8093,222.9029,235.6129,178.2379
2024-05-22,277.094,230.3589,187.9486,186.9288,337.9749,327.8889,287.9382,239.3644,300.8658,236.5986,366.2142,96.2923,200.0641,225.2585,235.3567,178.3207
2024-05-23,281.7031,233.7952,188.0263,187.7681,340.8541,330.8681,291.3195,239.5598,303.6308,236.7421,369.9972,96.1879,202.9934,226.1014,236.4009,178.3307
2024-05-24,276.8115,234.1818,187.4517,186.8821,341.7,329.754,289.6327,238.9466,302.0679,236.7117,371.7514,97.1973,200.309,222.4336,236.3003,178.3139
2024-05-27,277.7192,232.038,187.1916,186.8644,340.2634,329.9479,289.2451,238.1396,301.0471,236.3318,370.7525,95.8421,200.6321,223.2724,236.3022,178.2974
2024-05-28,274.0724,230.4774,187.6464,188.253,340.9256,330.2348,290.1365,238.3894,302.6065,237.022,372.7939,94.9944,202.4659,221.4762,236.31,178.2329
2024-05-29,279.7116,234.4611,187.215,187.7888,341.9978,329.9404,290.002,237.8867,302.3365,237.6831,371.1634,96.8838,206.1674,224.7555,237.9198,178.2757
2024-05-30,284.1888,237.891,186.4659,186.7257,342.6392,328.6753,289.2424,236.0268,301.7693,238.1089,372.1767,97.1315,205.4748,231.2293,237.472,178.2171
2024-05-31,282.5651,241.1301,186.7186,187.0499,341.5314,326.6913,288.7874,236.6943,302.7814,237.728,376.5539,98.3143,207.8495,234.3121,238.1391,178.2764
2024-06-03,288.8319,241.3652,185.9077,185.7226,339.104,324.3694,287.848,235.9569,302.7749,236.8327,375.4307,98.5519,207.4338,234.4588,238.8584,178.3294
2024-06-04,285.8164,240.5403,185.6932,185.858,338.9558,323.8875,289.2682,236.1527,300.1837,237.0118,371.4598,98.2505,206.8958,236.5726,238.1254,178.3691
2024-06-05,283.3321,238.6125,184.7737,185.7767,340.2754,326.1326,291.7276,236.3206,299.7988,237.5027,367.7684,98.451,205.2361,229.8062,237.276,178.4558
2024-06-06,282.637,236.6162,183.8443,184.7438,338.9311,326.0242,291.7052,236.48,298.072,236.9633,362.3331,97.6768,202.6971,226.9851,236.3738,178.5424
2024-06-07,282.0772,235.1688,184.179,185.289,337.2096,326.4906,293.744,235.9884,297.8695,238.8075,359.6225,97.5184,202.7148,225.3577,238.4096,178.524
2024-06-10,280.271,232.6397,183.5056,184.6045,337.8871,328.3172,295.5291,236.8131,295.6299,239.9143,357.346,97.5587,201.5095,221.8536,237.8969,178.4258
2024-06-11,286.4289,233.5515,183.2668,184.0515,335.9946,327.2943,297.4485,237.3547,295.9857,240.6094,357.9129,97.5402,204.1226,226.3393,238.0605,178.4046
2024-06-12,289.4912,235.4903,183.5161,184.4658,335.7477,328.8855,298.486,238.2319,300.0115,240.6395,362.5108,97.8359,205.5527,227.3941,237.4275,178.3619
2024-06-13,289.634,238.7402,183.0373,183.9274,334.0983,327.4547,298.3325,237.0577,299.8033,239.4727,364.9048,97.5257,205.8884,229.3705,238.0406,178.369
2024-06-14,289.2988,236.0505,182.4278,184.3007,336.1964,327.7828,298.7251,236.3221,302.9311,240.4268,363.9432,97.6049,203.1292,222.2648,236.9166,178.4376
2024-06-17,289.3417,236.14,182.9329,184.5769,335.6607,329.8448,298.9458,235.6589,301.6309,240.6844,365.8329,96.8248,203.9853,225.4992,237.5622,178.6253
2024-06-18,288.1848,234.845,182.6039,183.7591,331.1405,325.705,296.0852,234.495,299.484,240.0071,367.3138,95.4817,206.1145,226.4625,238.997,178.6228
2024-06-19,288.0286,234.6195,181.668,183.1014,335.305,326.3338,297.03,235.7397,298.6974,240.4799,361.1424,94.3169,205.019,223.4464,237.6461,178.6637
2024-06-20,288.1334,232.836,181.9711,183.5626,337.4539,328.6552,299.0644,236.6392,298.5059,240.3666,360.937,94.0457,203.9327,220.8555,237.601,178.7416
2024-06-21,286.8088,233.5916,182.6868,183.9151,339.0918,327.5376,298.2935,236.332,298.9427,241.5959,360.4718,93.4722,205.0265,220.8591,238.1702,178.8266
2024-06-24,280.8328,229.5247,182.6215,183.9062,338.7336,327.1112,296.9363,235.2049,296.843,241.882,359.2671,94.4703,201.4302,216.3786,236.9402,178.8597
2024-06-25,276.9948,224.6688,183.9633,185.413,339.3301,326.4857,296.7559,236.2278,296.182,242.8224,358.9015,95.3314,201.8211,213.8298,237.4017,178.9978
2024-06-26,276.8393,224.941,184.4174,185.3397,339.421,325.8676,295.7321,237.3712,297.0122,242.9785,358.449,94.0458,201.9328,214.2593,237.9828,178.9134
2024-06-27,273.0934,223.2183,183.9282,186.0171,338.6072,327.4135,297.23,236.3542,297.9427,243.9695,357.87,94.0315,202.0098,210.8919,236.7183,178.9092
2024-06-28,275.6403,221.8701,183.8605,185.8336,336.9491,325.8371,295.6936,236.7374,298.4413,242.9622,358.6318,94.0209,202.7686,210.9912,237.1914,178.9513
2024-07-01,276.0673,222.7314,184.2466,185.4046,335.651,324.9352,294.6599,235.764,294.5987,242.5027,357.8834,94.4246,204.8064,214.3942,238.5031,178.9457
2024-07-02,276.0897,223.196,183.9339,185.506,334.7191,326.9394,297.0375,235.6718,294.1719,243.4326,356.8078,94.7661,206.1015,215.2004,238.3775,178.9045
2024-07-03,280.4906,223.5166,184.0732,185.4785,333.239,324.9606,295.2069,235.4576,295.5515,243.3935,357.6099,95.5555,208.4568,218.5107,238.4305,178.938
2024-07-04,280.202,223.7065,183.6525,184.9154,330.8574,321.8177,294.7995,234.1817,292.9012,242.6373,357.063,95.9682,209.5906,220.3165,239.0436,178.8081
2024-07-05,285.9256,226.4143,183.6848,185.3159,334.3292,324.2863,295.8206,235.5053,295.8613,242.5279,356.7878,97.2917,212.0507,221.1251,238.2174,178.9152
2024-07-08,286.5612,227.3534,182.9478,184.1549,332.2338,323.0465,293.5707,234.8302,296.0283,241.8035,358.5912,97.5743,212.4508,219.1036,238.4419,178.9427
2024-07-09,286.2102,228.247,183.4918,184.9387,335.1733,323.1628,293.3095,234.8888,300.7189,242.4075,363.5608,96.5985,211.7653,216.2208,238.0621,179.0188
2024-07-10,293.5017,232.9088,183.4959,185.5852,338.8314,325.7857,295.5898,235.5723,303.2103,243.048,366.7737,98.0748,214.982,219.9916,240.2297,179.1378
2024-07-11,295.8982,234.169,183.7785,185.3288,337.4027,327.5279,296.7119,236.9525,303.6063,243.3006,370.0176,97.2481,214.1076,224.4884,241.3991,179.2145
2024-07-12,294.8546,234.6424,184.0648,185.5137,338.9847,328.5431,296.676,237.4496,303.6853,243.7874,368.4022,97.0976,214.2291,223.071,241.7469,179.2633
2024-07-15,297.9598,235.8823,183.8579,186.0347,338.592,330.3677,299.3262,237.5272,305.179,243.484,372.895,97.6836,217.6114,225.9614,240.5611,179.3216
2024-07-16,307.5697,241.6206,183.9449,186.2854,342.4605,328.9499,299.7142,237.7416,306.5926,243.1452,376.5593,99.0413,219.4816,234.912,243.0266,179.3656
2024-07-17,308.2325,243.4986,184.1453,186.8011,347.1568,331.4518,301.398,238.8312,306.1285,244.2746,371.4483,98.9817,218.9077,235.2342,244.4932,179.4178
2024-07-18,307.2185,240.5845,183.874,186.1013,344.7956,328.8935,301.4447,238.4121,303.7894,244.5921,367.7072,99.0997,220.2987,233.4274,242.999,179.4063
2024-07-19,314.767,245.3349,182.9711,185.9998,346.1988,333.1258,305.577,239.8539,307.9309,245.3401,371.1154,99.6127,221.275,235.9967,243.8101,179.428
2024-07-22,318.0721,246.6014,182.5816,185.9552,346.0346,333.7186,306.1124,240.0649,310.1149,245.1384,370.9677,98.939,220.2118,235.781,245.033,179.3939
2024-07-23,320.5323,248.2182,183.1591,187.0386,351.3706,336.7944,308.5869,241.6849,311.5922,245.9733,370.2114,98.9967,220.6709,236.7125,245.8883,179.3766
2024-07-24,322.1425,249.6757,182.9077,185.9614,345.8048,334.8156,307.0033,241.2242,309.3088,245.2462,366.5509,101.4077,221.4953,239.9951,246.4835,179.3585
2024-07-25,321.8493,249.2996,183.411,186.8986,348.2027,337.1032,308.1649,242.2921,310.366,246.2098,368.324,102.2252,221.7906,239.8888,247.1053,179.3857
2024-07-26,317.1503,247.4304,183.321,187.2894,348.9999,337.2853,309.2211,242.244,310.4806,246.276,366.8844,102.8897,218.5117,234.961,246.3411,179.4283
2024-07-29,315.5604,247.5717,183.0861,187.5419,350.5957,337.5822,310.3138,241.8457,310.3874,246.8875,364.2373,102.7158,217.1525,234.0014,245.9259,179.472
2024-07-30,315.4829,246.971,183.3625,186.7771,349.2536,336.0689,308.2035,241.5505,307.8405,247.3271,364.0401,103.267,215.8758,236.8304,246.8028,179.4965
2024-07-31,311.886,248.2491,183.2749,186.5443,346.4498,336.3961,310.1791,241.0535,305.344,246.7848,363.7008,103.335,214.9841,239.1167,246.9215,179.4401
2024-08-01,320.0381,251.2145,183.1156,186.2579,345.9792,335.4538,310.1662,239.6673,305.0772,246.5405,365.5963,106.2118,216.8983,243.2724,249.2097,179.4772
2024-08-02,323.0288,252.8604,184.2526,187.4402,348.2254,336.6744,311.9611,241.6293,305.8637,247.7411,365.6647,108.1148,218.6585,247.291,251.5762,179.4599
2024-08-05,327.5637,255.9067,184.3706,187.1665,347.8705,337.1067,312.3822,242.1582,305.7471,247.889,361.9297,107.2067,221.3994,252.7407,251.8871,179.5289
2024-08-06,337.2024,258.6619,184.4061,188.1632,349.4672,340.383,314.6039,241.4728,307.6489,248.1743,361.7595,108.9438,223.1139,259.2525,253.1306,179.5825
2024-08-07,331.6796,259.3138,184.6355,188.3695,350.2223,340.5296,315.6559,242.5317,308.4989,248.265,359.7775,109.3493,221.9043,250.7203,254.4554,179.6078
2024-08-08,338.8001,264.2339,184.6708,188.8318,353.7376,343.088,316.5201,243.6531,312.3259,248.5614,360.6203,109.4072,223.3297,254.9934,255.1887,179.6105
2024-08-09,340.6207,262.3979,184.4906,189.1751,357.0297,345.8897,318.9887,244.8703,313.6473,249.7793,359.6285,108.6522,223.1279,251.4169,254.9024,179.6627
2024-08-12,348.859,267.7002,185.2877,190.6763,362.2925,349.9946,321.511,247.0147,320.1088,251.8884,366.1163,106.3575,225.0339,259.8868,257.2331,179.7315
2024-08-13,354.6862,271.7061,184.5249,189.7426,364.2263,347.4277,320.6244,246.2656,321.1776,251.2233,367.3556,108.8373,223.8069,259.9035,258.1633,179.7524
2024-08-14,344.79,266.225,184.6937,189.6552,361.6557,344.8065,318.6139,246.8517,319.5312,249.5916,366.0762,108.5529,220.4073,252.5637,256.4182,179.7576
2024-08-15,333.9841,262.2508,185.0229,189.4939,360.0509,340.6778,317.5688,246.5466,316.65,250.0902,361.1885,108.7381,217.952,245.2248,255.8792,179.7197
2024-08-16,337.2947,263.1787,184.3399,188.2305,358.3749,339.8996,316.9788,246.0021,315.1184,249.1628,362.2186,108.4851,216.8692,248.3723,255.6718,179.7346
2024-08-19,335.9787,263.0355,183.8697,187.6555,353.7725,337.2835,314.1337,244.0693,314.9994,248.785,362.6183,107.5315,217.1575,248.6554,256.4364,179.843
2024-08-20,330.7596,261.3618,184.3172,188.4841,353.1379,335.1483,313.6475,243.2207,315.0163,248.9265,365.2381,106.1962,220.215,246.5583,256.4193,179.7316
2024-08-21,335.5581,264.243,184.4044,187.2614,352.2986,334.733,313.9407,244.0956,315.8178,249.3735,367.4275,105.6018,220.2445,247.8202,257.9116,179.7373
2024-08-22,339.1311,264.7042,183.5777,185.6914,350.8334,332.944,312.0758,243.5886,313.5296,247.8663,364.987,105.5907,221.7393,246.0312,258.2163,179.7023
2024-08-23,341.3805,265.465,183.4023,185.8753,351.0796,332.0618,312.3894,242.833,314.1289,247.9138,366.3807,105.9232,221.4198,247.4007,259.2867,179.6425
2024-08-26,341.5545,266.4312,183.493,186.0977,349.1686,331.1661,311.9585,243.2915,314.6599,246.5704,371.3307,106.0342,224.7503,249.6369,259.3967,179.7005
2024-08-27,346.85,269.3406,183.9016,186.5723,350.8422,332.2741,313.1357,244.0005,316.2678,247.0724,372.2412,108.145,227.2615,251.731,260.5636,179.7718
2024-08-28,343.0742,265.9066,184.2726,187.1917,352.6607,333.293,311.5214,242.9663,312.9544,247.2996,370.6057,105.7357,227.7388,255.8023,259.2605,179.8631
2024-08-29,339.6659,267.715,185.2311,189.265,358.5427,339.0695,316.46,245.2425,314.7261,249.3136,369.7726,105.6523,228.5963,257.6103,258.6283,179.8514
2024-08-30,336.1698,265.9442,185.458,189.5285,359.6115,341.4367,316.8465,245.3395,314.1616,248.5573,368.787,106.7603,226.021,251.6166,258.2673,179.8
2024-09-02,335.7106,264.1337,185.288,189.3559,360.522,339.8281,316.674,245.266,313.3867,248.6306,368.7301,105.0541,222.8752,252.4451,258.7822,179.8692
2024-09-03,338.7406,266.0975,185.6819,189.1782,362.6937,339.3862,315.4941,245.544,314.5745,248.6361,372.4811,105.0225,221.0943,257.3341,258.4195,179.884
2024-09-04,340.149,266.3378,185.8614,189.9523,365.94,342.3262,316.0157,246.6084,318.8553,249.368,373.6672,104.5559,221.6473,254.1535,257.1099,179.9859
2024-09-05,344.2083,269.2642,185.8286,189.7556,365.5386,342.0354,315.927,247.2174,320.4664,249.8167,376.0195,106.47,222.5411,260.9708,255.7047,180.1099
2024-09-06,348.1558,269.9066,185.4718,189.5489,365.6762,342.1077,316.2496,245.7953,318.2101,249.8005,372.9599,108.1301,223.4598,263.5192,256.3562,180.0945
2024-09-09,346.5346,267.9428,185.7213,190.1536,363.8386,340.2449,315.1243,245.0392,319.7289,249.9963,372.0957,109.0416,224.3356,256.5439,258.5566,180.0545
2024-09-10,347.4421,270.5958,185.3598,189.0546,363.879,339.2963,313.672,244.3439,319.0867,249.8179,371.2343,110.5443,224.0311,255.0769,258.5923,180.0643
2024-09-11,342.644,270.1629,185.7853,190.4552,363.9695,339.8798,315.0445,243.9521,320.2941,249.7845,371.5048,110.2517,224.3236,251.3118,260.0867,180.0923
2024-09-12,351.129,277.5099,186.7198,192.2379,368.8937,344.5947,318.511,244.8579,323.8393,250.5978,376.1436,112.6865,229.1271,260.1995,261.6008,180.1334
2024-09-13,348.9298,280.5414,187.5045,193.7821,374.699,348.3447,321.242,246.6464,328.3595,251.5584,378.4342,110.3685,227.1137,261.785,260.7724,180.1168
2024-09-16,346.5272,278.5795,187.4762,193.3595,373.1288,345.5734,318.8683,246.1997,326.8806,250.7452,376.3431,111.076,227.0254,258.9941,260.1201,180.1438
2024-09-17,348.0556,280.3509,187.6755,194.0854,373.8811,347.2018,320.2534,246.1202,328.618,250.8864,378.1035,114.3919,227.9873,257.0252,260.9861,180.0744
2024-09-18,351.0464,284.2521,187.4387,193.5991,377.6176,347.4319,319.251,245.2239,327.0225,251.5963,380.2345,113.3853,229.5983,260.6065,263.7169,180.0194
2024-09-19,352.139,284.5222,187.5486,193.4509,374.6195,346.5814,320.0855,244.3271,327.9041,252.7895,378.7779,114.0,230.7581,260.8796,263.1504,180.0639
2024-09-20,346.731,283.3268,188.9057,194.3287,375.8669,345.7231,317.9211,245.2903,327.4129,252.8455,377.6703,112.4758,234.0029,257.3617,264.4701,180.2152
2024-09-23,350.9635,285.0734,189.1032,195.0338,375.984,349.8098,321.1978,245.4112,327.1001,254.1673,378.1274,113.1088,235.7029,263.7692,265.9656,180.2043
2024-09-24,343.799,278.5637,188.6594,195.7544,373.9875,347.958,321.128,244.2674,325.8386,253.2552,374.4596,112.2158,235.4592,253.9221,265.8168,180.2877
2024-09-25,348.1947,279.3987,188.6219,194.6662,371.5914,345.0234,318.4095,244.7226,325.9678,252.4198,378.1749,112.1743,237.6403,254.5806,267.906,180.2888
2024-09-26,354.018,281.2758,187.8383,194.5135,373.0024,346.8831,318.3284,244.3815,328.3105,253.6709,378.0381,113.0242,235.6206,259.1928,267.6659,180.1996
2024-09-27,356.2369,281.5744,188.4994,195.2043,374.5917,347.5039,319.7104,243.7036,326.9507,253.9499,378.5738,114.1286,237.9092,263.2243,267.1811,180.2152
2024-09-30,360.208,282.84,188.7048,196.1741,377.5386,347.4389,321.0276,243.735,327.6862,254.1381,377.6446,115.4237,241.3769,263.9839,268.4046,180.1848
2024-10-01,355.4322,279.3741,188.2795,195.9846,378.6247,346.4718,319.2861,242.8655,326.9238,254.2272,377.1078,112.8046,240.2492,259.2257,267.5004,180.2272
2024-10-02,353.7897,278.5654,188.6443,196.1977,375.8757,347.0606,319.4555,242.0764,324.1896,254.1148,375.3188,112.574,243.6339,260.5825,268.2908,180.2601
2024-10-03,354.4334,282.023,187.393,195.6011,376.9134,350.3947,321.9559,241.6838,323.3586,254.0033,372.2705,111.7512,241.714,260.2811,269.3379,180.191
2024-10-04,356.6939,282.5734,187.147,195.0683,376.2294,350.5062,323.0005,241.92,323.8077,252.3767,374.6483,112.5299,241.7163,258.9054,267.5405,180.2869
2024-10-07,355.9227,281.2843,186.5687,194.3504,375.5304,349.6443,321.2913,241.721,320.5889,250.3819,372.3632,113.2937,239.766,258.21,267.6372,180.2297
2024-10-08,351.6343,278.06,186.1101,194.1716,374.4896,347.1265,321.0223,241.3464,317.8431,249.6599,369.0177,112.8353,240.0584,254.6547,267.3155,180.2335
2024-10-09,348.8325,275.9832,187.6249,195.7494,377.0019,345.1686,318.838,242.6024,320.6277,251.1056,371.3226,113.4374,241.6238,255.6006,266.416,180.3711
2024-10-10,349.1983,272.6227,188.256,197.5412,378.8027,349.8423,322.7466,244.0109,322.1732,252.5089,368.4753,112.8958,241.9752,255.0771,265.866,180.3924
2024-10-11,348.0742,272.1753,187.7799,197.6873,383.3692,350.2124,321.2737,243.2625,322.6482,252.0851,368.5252,112.471,238.2072,252.007,265.9615,180.4306
2024-10-14,349.177,271.619,187.594,196.8327,380.46,348.9784,318.2962,241.8014,322.7992,251.2137,367.8414,112.958,237.1535,249.9903,265.4459,180.5696
2024-10-15,341.6315,267.803,186.0488,195.6412,377.4818,347.3912,316.2489,239.7638,318.985,248.729,364.7014,113.1274,233.8834,243.7087,262.035,180.6987
2024-10-16,329.1021,261.5435,185.4377,193.9528,369.801,344.8555,312.8439,239.2757,313.8913,246.5884,360.8376,113.2967,228.2963,235.828,259.6116,180.8797
2024-10-17,334.0818,264.7994,186.2807,194.9365,370.7611,344.4259,313.4057,240.2629,315.8737,247.1842,361.9224,112.8011,232.8409,243.3852,260.7696,180.9365
2024-10-18,335.6095,262.9763,187.3496,194.9786,371.761,343.4415,310.6529,240.5671,313.7486,247.1255,364.5177,112.7732,235.7517,250.6835,258.5389,180.8554
2024-10-21,344.175,266.4107,187.0498,194.5828,369.9169,346.2142,310.9272,240.4048,316.579,247.0218,369.1146,113.076,237.8486,253.9983,260.3738,180.8718
2024-10-22,346.278,266.797,187.5385,195.2921,370.4149,343.7271,310.5755,240.4269,315.748,247.3945,370.3891,114.7474,240.2605,260.5929,260.8797,181.02
2024-10-23,348.2112,268.484,187.2555,194.9785,368.1279,342.7685,310.7507,239.7443,315.6404,246.5017,371.9141,114.5431,239.9208,264.6354,261.099,181.0263
2024-10-24,347.2234,268.0779,187.938,194.8492,364.3207,339.5314,309.9977,240.748,315.1509,245.9914,374.3095,114.3613,242.602,268.1206,261.0518,181.0969
2024-10-25,351.7363,269.4233,187.6774,194.8555,366.5369,342.6477,311.1988,241.2194,318.2161,246.4434,376.5153,112.4026,242.856,267.9586,260.8806,181.1
2024-10-28,349.0385,266.8651,187.9794,194.7965,364.746,342.2295,310.9395,241.4296,315.0527,246.6166,372.733,111.9069,241.4763,269.6899,261.5623,181.2102
2024-10-29,353.7473,268.9284,187.1314,194.8398,366.4096,343.4297,312.7067,240.7879,318.4538,245.7923,373.8123,112.6542,240.0162,266.9094,260.8545,181.1182
2024-10-30,363.8863,272.5439,188.0643,195.0711,367.7151,344.8656,312.6691,241.5695,318.3299,247.0199,378.1696,113.8833,247.3589,280.1066,261.6625,181.1502
2024-10-31,369.4417,277.5504,188.2767,195.9104,371.334,348.5505,316.0698,243.4997,321.637,247.4933,382.2337,115.901,250.9465,282.3695,262.3949,181.1803
2024-11-01,355.6466,272.3626,188.2024,195.709,364.7049,345.5741,314.4957,242.7401,318.9843,247.155,380.868,113.9901,251.0612,276.9155,260.3867,181.2949
2024-11-04,353.0827,270.7564,188.6288,195.9811,366.6866,344.9816,313.1986,242.3519,317.793,247.3168,383.6302,114.9511,249.3117,276.4004,260.3632,181.4771
2024-11-05,353.1476,272.2274,188.414,196.0197,368.025,346.0911,313.6628,242.06,318.0483,248.1585,382.5149,113.8787,246.8302,279.4781,260.9168,181.4465
2024-11-06,354.9439,274.3677,188.1428,195.6894,368.1653,348.3037,313.8336,242.6941,317.789,248.2224,381.0483,115.8897,246.7991,281.2245,260.8837,181.5678
2024-11-07,354.6628,272.3161,188.9497,195.7938,364.4027,346.7536,312.26,242.4454,317.0494,248.0521,382.4501,114.2126,247.5419,283.4769,262.4759,181.6844
2024-11-08,354.8241,268.0998,187.9213,195.3183,361.9468,345.0354,312.4853,241.7863,316.752,246.5432,378.1697,113.0746,246.6133,277.7353,260.5114,181.5207
2024-11-11,364.6502,274.6854,187.6763,194.5941,361.8904,346.6089,311.6072,241.77,320.0333,246.0861,384.6608,115.285,248.297,284.9495,260.7182,181.6579
2024-11-12,363.9989,273.3566,187.8241,193.089,356.993,343.1108,308.8482,240.9789,318.1127,245.4635,383.7145,114.8677,243.9609,286.0074,260.9293,181.7622
2024-11-13,364.0558,274.4013,188.3573,192.4072,352.8297,340.9462,306.2293,240.4657,317.211,245.2761,384.784,114.7989,244.1383,290.918,261.8892,181.7505
2024-11-14,362.2118,273.6326,188.0427,191.9346,351.4784,339.6101,305.6601,239.7718,314.8354,245.3773,381.9652,114.7461,244.1507,289.0349,263.2492,181.835
2024-11-15,355.9524,270.908,188.873,192.8601,349.0419,338.9908,304.9021,239.254,315.8758,245.836,380.8901,114.7318,242.9101,284.9873,263.2068,181.866
2024-11-18,358.1892,272.8842,189.3391,193.0778,349.0552,336.7085,304.1095,239.5233,317.9425,247.3368,380.773,115.2092,245.6056,289.6245,262.8277,181.8847
2024-11-19,354.2035,271.6903,189.8044,193.5209,348.6554,338.6125,304.0131,239.9974,319.3824,247.6928,381.0166,114.9057,245.3163,285.2023,262.0747,181.8583
2024-11-20,350.2324,268.475,191.0584,194.4622,347.166,337.2448,302.7379,239.714,317.4947,248.1114,380.6841,116.1376,247.4227,284.0691,263.2485,182.0085
2024-11-21,336.4147,264.9136,191.6163,195.0944,342.941,336.3351,302.8018,239.4512,314.982,247.9306,377.1434,115.6875,245.7666,279.922,261.4673,182.0635
2024-11-22,334.6924,264.314,191.8097,194.2044,340.1251,334.8947,301.3379,238.9669,311.89,247.8274,376.7975,116.9883,245.1157,280.7357,262.243,182.2017
2024-11-25,333.1802,264.593,191.6314,194.7512,342.5973,334.1511,300.9548,238.1645,313.5244,247.1673,377.8652,117.3641,242.3358,276.0799,262.8737,182.179
2024-11-26,326.5134,261.7335,190.6596,194.3017,341.131,334.1447,298.9627,236.4681,312.08,246.6218,370.7245,115.8083,237.2308,269.0819,262.1893,182.2806
2024-11-27,331.9427,267.557,190.9658,194.5895,343.7544,333.985,299.3964,237.7929,315.2424,246.274,376.7342,116.1706,239.843,278.4988,261.5248,182.332
2024-11-28,322.6694,267.3889,190.2591,193.344,340.6574,331.1226,297.4875,236.8723,311.9505,245.0584,377.4629,115.6749,238.3903,275.9449,259.864,182.2003
2024-11-29,322.7602,265.4598,190.3911,193.1437,335.8286,331.0196,297.6528,236.6059,310.0369,243.8336,375.4339,116.091,236.4814,275.7019,261.7625,182.3698
2024-12-02,324.5276,264.7752,190.7497,192.708,334.2803,331.1855,297.8967,236.5518,307.8271,243.698,376.3557,116.1477,235.821,279.1328,262.5793,182.4019
2024-12-03,321.4504,260.6725,190.4826,192.7155,333.9964,331.2461,297.3787,236.2292,306.4765,243.4677,373.096,117.3392,234.5688,274.0737,260.3635,182.3781
2024-12-04,316.8141,258.7379,190.5638,193.0703,332.5961,333.1945,300.0611,236.5384,305.3365,243.931,372.0068,117.3747,232.1031,271.4349,260.2916,182.4802
2024-12-05,319.3119,262.3748,189.5794,192.7128,332.1451,334.958,301.5702,236.6099,306.4434,243.7937,373.5281,118.8621,231.6662,275.1917,259.9426,182.5867
2024-12-06,321.8194,263.4671,189.4326,192.6678,333.577,335.0841,300.999,236.4627,303.8014,242.3741,372.5882,117.5355,234.3857,281.6483,259.8617,182.7699
2024-12-09,318.3002,260.6973,189.7055,192.9675,332.089,336.2333,301.3841,236.7393,303.0536,242.1831,370.6686,116.9216,232.7689,280.1889,258.7258,182.7551
2024-12-10,315.6279,261.3129,189.1572,192.1616,329.6861,334.2298,300.5612,235.9677,302.3738,241.6223,369.8905,116.8246,232.5651,277.1452,258.6432,182.7868
2024-12-11,318.0702,262.039,189.5423,191.6945,328.9732,332.1624,298.8188,235.538,299.8806,241.0369,371.3542,116.3499,236.8175,284.6738,258.1604,182.839
2024-12-12,319.4155,266.1353,188.7546,190.7821,326.7739,329.8134,300.0468,235.8254,300.4495,239.8362,374.1081,116.9629,234.3673,293.1717,255.9895,182.9382
2024-12-13,318.3549,264.258,188.185,190.9063,327.0328,327.9407,298.4055,234.3429,300.2756,238.3853,374.8905,116.1803,232.7687,289.7693,256.2344,182.9824
2024-12-16,322.6097,265.6964,188.0327,190.4343,326.9698,328.9891,299.7485,234.8427,302.7783,238.2815,375.2388,115.2553,232.9302,289.7055,254.6035,182.9211
2024-12-17,318.7819,264.1713,188.7304,190.9148,326.7189,330.0218,299.8578,236.4403,302.8769,238.5804,373.2689,114.9502,233.5082,285.3908,255.0114,183.0139
2024-12-18,319.6518,264.8844,188.0804,190.1166,326.7472,330.2694,298.5301,236.246,302.8839,238.3863,373.5055,115.2729,231.2742,282.4255,256.6587,183.0275
2024-12-19,318.8684,263.9275,187.6364,189.5673,324.9628,328.4375,297.3862,235.3399,301.2894,238.0105,373.7295,113.7961,230.1212,285.9053,256.47,183.0061
2024-12-20,323.4209,265.5248,187.6773,190.2613,326.5577,331.1365,299.5708,236.434,305.0833,238.1323,375.8529,112.9972,229.8588,284.9402,257.8289,183.0771
2024-12-23,325.1176,269.2061,187.3481,189.807,325.313,331.4634,301.6405,236.9611,306.7193,238.4248,377.6941,114.4269,232.4238,283.658,257.8747,183.0795
2024-12-24,321.9318,265.7188,186.8747,189.1482,325.1825,331.3227,300.7859,237.3871,306.0746,237.7705,375.9421,113.5373,232.1709,273.7065,256.8216,183.062
2024-12-25,319.1976,265.4886,186.122,188.2419,321.8195,328.6082,300.2181,236.3713,303.5091,236.6457,371.5051,112.7442,231.7081,271.8818,257.083,183.1227
2024-12-26,319.8858,266.1298,186.7208,189.3487,322.6404,330.3259,302.7701,237.0081,306.4737,238.4684,371.3692,112.3782,230.5017,271.6082,258.8999,183.1367
2024-12-27,315.289,266.5291,186.7705,190.0457,324.4896,330.2897,302.0078,235.2165,304.29,239.4114,368.9068,114.3519,233.1995,270.9947,258.527,183.2006
2024-12-30,317.1863,266.4312,185.9933,189.8002,323.7118,330.9937,303.018,234.9119,306.3923,239.5575,368.0147,113.1687,234.8983,266.6046,258.0415,183.2846
2024-12-31,317.375,264.2532,186.5286,190.9002,325.7702,332.4364,303.793,235.6776,307.1654,239.7096,367.7789,113.2818,233.5958,267.4075,257.5571,183.3726
2025-01-01,316.338,264.7137,187.2168,191.583,327.2559,333.3748,304.8311,236.1225,307.7887,240.3005,367.5688,113.6634,236.3881,265.3496,257.3711,183.4479
2025-01-02,312.531,263.3896,187.2989,192.1999,327.1372,332.5651,304.2414,236.3442,307.8068,239.941,369.1658,113.676,238.6325,262.906,257.2066,183.484
2025-01-03,313.4606,265.4232,187.4444,192.2338,328.3378,333.1651,303.9236,237.0266,309.963,240.4121,371.495,113.5748,238.5815,265.9938,255.8136,183.4796
2025-01-06,313.9476,266.7695,188.3536,192.2593,328.0982,332.829,303.7319,238.4678,308.3166,239.8479,372.83,116.0217,240.0271,272.0318,255.0233,183.4547
2025-01-07,312.3662,266.679,188.532,191.6548,323.8427,330.6572,301.0536,238.3116,308.8324,239.8386,374.1681,116.2269,238.9221,273.5388,255.4705,183.4362
2025-01-08,305.1254,263.2956,189.0015,191.5356,321.7285,328.2186,299.0642,237.4179,307.4345,239.0964,372.4392,115.8439,234.3253,269.5357,253.9122,183.5409
2025-01-09,305.6646,264.513,189.2403,191.9692,324.4101,330.4139,299.3391,237.5461,307.8157,239.461,376.5278,118.482,234.0557,268.8346,254.8374,183.4972
2025-01-10,300.2723,263.5608,188.9758,191.2248,325.6649,330.5758,298.8375,238.2346,305.446,239.618,369.187,116.9416,231.3798,264.3208,253.3824,183.6111
2025-01-13,298.4751,261.8522,189.8942,191.7637,322.8418,330.236,300.243,239.3517,304.6452,239.5586,372.8593,116.7835,233.5724,267.5511,253.2333,183.5196
2025-01-14,294.6629,259.8343,190.8438,192.286,320.622,328.2332,298.1449,239.6712,305.2576,238.3671,373.9348,118.679,231.7997,265.7358,252.02,183.5358
2025-01-15,292.4139,259.0162,191.3006,192.9862,319.4288,326.916,298.2351,238.1503,301.8682,238.6108,372.8413,119.1224,230.5536,272.841,253.4157,183.5006
2025-01-16,295.9661,262.1599,191.6265,193.0212,319.0859,327.0317,297.6,238.6935,304.0475,237.6365,377.2959,118.0621,234.207,276.4409,253.7627,183.4295
2025-01-17,290.7672,255.5124,190.4363,192.0054,316.7426,323.52,295.9727,236.722,299.5858,236.4789,371.6012,116.7779,230.4688,268.473,252.878,183.4158
2025-01-20,292.8582,253.3446,190.7215,192.5085,317.492,323.8664,296.4816,237.593,302.5475,236.82,374.1983,115.9986,227.6627,267.1807,252.9376,183.3981
2025-01-21,300.2981,259.2615,190.6206,193.3307,323.4181,329.0731,300.4186,239.6553,306.3181,239.0189,376.4083,116.1138,230.484,273.5963,254.1833,183.426
2025-01-22,298.3757,259.3828,191.0513,193.0296,322.7878,326.5185,298.4751,240.2373,306.8628,239.2836,379.498,115.5803,227.8922,272.0588,257.0286,183.372
2025-01-23,306.1501,261.9484,191.5079,193.437,324.3447,326.0739,297.4005,240.7739,310.4551,241.2256,384.4762,114.4012,232.7432,281.8952,257.9255,183.4076
2025-01-24,310.6308,263.7245,191.7295,193.8512,324.6448,327.9164,298.7189,240.3995,309.8952,242.4071,384.3658,116.1149,235.6601,287.6827,259.4518,183.4619
2025-01-27,306.6357,260.9319,192.5224,194.6663,322.1583,328.5998,299.9353,239.8548,308.166,242.3549,384.3641,116.1118,235.6926,290.1765,257.8431,183.6276
2025-01-28,306.7482,262.583,191.671,194.836,323.966,331.8383,302.4276,239.1907,309.1442,241.9305,385.3747,117.8119,231.6567,287.7152,257.352,183.6316
2025-01-29,304.0415,261.2646,192.5123,195.2705,321.3927,331.8266,301.1552,238.4907,307.9684,243.1619,387.1151,116.341,235.6078,288.1075,259.8047,183.6717
2025-01-30,300.588,258.2688,193.5389,196.9821,324.8577,334.8044,301.8417,239.6247,306.717,244.4386,383.5084,116.3341,236.2388,285.5548,261.4155,183.7554
2025-01-31,301.9201,259.244,194.364,197.8833,323.9927,334.341,301.7883,239.7018,308.3863,244.2728,386.9271,117.4873,237.6639,289.6978,261.6853,183.9078
2025-02-03,302.4604,259.5055,195.2326,198.2455,322.4429,333.9901,301.2194,240.9144,309.7703,244.2453,393.8936,118.7039,237.4356,296.3766,261.2679,184.0263
2025-02-04,298.0159,258.8964,195.7803,198.4424,324.1794,334.4585,301.3295,241.8191,308.551,245.1683,391.054,118.3326,239.3849,293.3135,260.1545,183.9627
2025-02-05,292.7796,255.9983,196.4477,197.659,322.2046,331.7068,297.5616,242.1041,306.9842,245.6887,388.4291,118.2754,238.6064,288.6674,259.2618,183.9756
2025-02-06,292.5031,255.8294,196.6496,197.5674,321.5274,328.57,296.2612,241.6198,306.6247,244.5601,392.1765,117.0466,239.3456,288.363,260.6588,184.034
2025-02-07,293.0491,254.05,195.531,196.2659,320.3406,325.1028,293.3256,239.8436,305.4729,243.2785,393.5682,117.1054,236.1836,287.8197,259.3738,183.932
2025-02-10,285.7039,251.3881,195.9779,196.7288,321.4567,326.0362,292.1608,239.9696,304.3058,244.4358,389.5098,116.5062,234.5887,281.4159,258.965,183.9264
2025-02-11,289.3042,252.4907,195.5899,195.3293,320.2375,324.385,290.5477,239.2146,302.519,243.7604,387.5364,114.3438,234.5985,285.1568,259.9148,183.8287
2025-02-12,284.6662,250.6713,194.45,194.8216,315.9635,322.9176,291.4017,237.1512,301.2765,243.7722,383.8682,115.4776,233.4688,280.4815,257.711,183.9068
2025-02-13,281.7038,248.9297,193.9851,193.6445,313.2933,320.84,289.6848,235.9697,298.3557,242.8725,383.264,116.8733,233.0037,275.8042,257.0577,183.8136
2025-02-14,280.2061,248.9044,193.9404,193.5443,315.146,319.2005,288.7539,234.7531,296.7768,243.7817,383.0019,117.984,233.0223,275.6849,256.9252,183.8034
2025-02-17,276.3179,246.6769,194.2008,193.7763,315.55,318.4663,287.6037,235.2207,296.4322,243.9169,382.1641,118.1729,232.2751,271.4466,256.5355,183.8164
2025-02-18,275.9325,245.9152,193.043,192.8175,314.2577,318.3226,287.0554,234.8155,297.676,243.59,380.6727,117.7171,229.8536,267.4494,254.4185,183.7871
2025-02-19,276.8214,248.2206,193.3827,194.163,316.3333,320.1435,288.5539,235.1801,299.6689,243.7801,383.0574,118.451,232.5999,274.1565,252.2414,183.8937
2025-02-20,282.589,251.7146,192.5268,193.9469,317.9264,323.1038,289.284,235.1436,303.3131,243.6881,388.0717,120.5423,230.3495,276.4828,252.3483,183.8457
2025-02-21,278.2609,250.2714,192.6987,194.1119,316.1654,321.3521,288.1797,234.2515,301.1822,243.0923,389.9745,121.772,229.4766,277.5716,251.7544,183.81
2025-02-24,275.4927,248.9455,192.71,194.5099,316.9451,319.2595,287.5658,234.3842,300.6305,242.2821,390.9789,121.7692,228.5578,274.6959,252.6055,183.7551
2025-02-25,276.8951,248.9795,192.6404,194.5887,318.2574,319.067,289.1434,235.0119,300.8204,242.4749,390.1152,121.8462,227.848,274.5125,252.6581,183.8488
2025-02-26,275.0821,246.0493,193.2554,195.4409,319.9976,320.7959,287.8647,235.7022,301.1479,243.7588,390.2457,119.9527,227.221,274.8807,253.1603,183.9073
2025-02-27,276.8425,250.343,193.0419,194.395,320.0902,320.7186,287.6184,235.6062,299.7404,243.9967,393.166,120.8263,231.6921,277.1548,254.4375,183.8946
2025-02-28,280.0955,251.3138,192.4535,193.8594,318.188,319.6089,286.7659,234.0947,299.9763,242.9557,392.1514,120.1503,231.9053,280.3748,253.8988,183.884
2025-03-03,280.7571,250.2478,192.308,193.2656,316.41,319.9121,287.2544,234.6912,298.8148,242.2918,391.0102,121.1853,233.6057,279.7302,251.9877,183.9813
2025-03-04,286.2313,253.2428,192.8929,193.6934,318.601,319.3956,288.3196,234.8311,299.4035,243.3382,393.417,122.7037,238.249,288.0208,252.0113,183.9012
2025-03-05,285.559,252.7194,193.1788,193.1705,316.19,317.9588,288.7452,234.6858,297.207,243.5632,395.1808,122.0431,237.0622,292.5041,252.7117,183.9898
2025-03-06,279.1769,248.9851,193.612,193.2585,314.1326,314.4339,288.5771,234.7338,295.8401,244.2335,394.763,122.2751,235.6407,286.5804,252.827,183.9908
2025-03-07,279.5698,248.2513,194.7806,194.516,314.0293,315.6498,289.3414,235.0424,298.7185,244.92,398.9326,121.8612,236.6693,286.8924,252.9275,184.0594
2025-03-10,279.3463,247.6394,194.6546,194.0689,313.9242,314.8072,289.0585,235.1743,296.9,244.957,396.5539,123.7264,236.1888,286.4838,252.7079,184.1857
2025-03-11,272.6473,246.5132,195.1646,194.4172,317.1966,316.5278,291.821,237.1191,297.4685,246.695,394.2869,123.5538,233.9021,275.2697,252.0601,184.1811
2025-03-12,273.0088,248.4808,195.2852,194.6114,315.496,315.8443,292.7784,237.0213,298.0325,246.9099,399.029,123.8295,236.5106,278.6281,253.3222,184.1752
2025-03-13,270.1811,249.2125,194.8463,193.5984,312.8962,313.083,292.0548,236.05,296.0296,246.4222,400.5779,123.1417,235.7925,282.0744,251.7341,184.1292
2025-03-14,269.0335,249.3624,194.2923,193.5634,314.0967,314.6648,293.5138,235.7219,295.5479,246.2233,397.4052,122.8627,236.0456,276.531,251.5924,184.2032
2025-03-17,269.0398,248.0665,194.7828,194.4575,311.2603,315.2149,296.114,235.7921,296.1707,246.5449,396.4612,121.2825,235.6358,278.3511,252.8184,184.2768
2025-03-18,271.6464,247.9637,194.2464,194.342,309.252,314.0264,296.0754,234.8564,296.5835,245.8192,396.0365,121.6267,234.9312,278.7928,254.1434,184.3824
2025-03-19,270.5336,247.9626,193.3788,193.4915,308.6791,314.8922,296.0167,234.2985,297.3789,246.1854,397.0997,120.7195,232.1181,275.6934,253.2337,184.3561
2025-03-20,277.3148,252.2948,193.3805,194.0696,313.8097,319.5604,299.3137,235.9625,300.1038,245.8076,400.2352,121.6545,231.5429,278.8828,254.19,184.4184
2025-03-21,278.5994,250.9355,193.5399,194.0571,316.1061,318.9131,299.8184,235.8438,298.0023,246.2023,396.947,121.9544,228.6997,281.6431,254.0742,184.5018
2025-03-24,286.4194,254.123,193.1061,194.0262,316.3178,320.0697,301.9206,235.0958,298.5617,246.161,394.8535,120.8136,229.5629,288.451,256.4404,184.5055
2025-03-25,288.9681,255.4816,191.984,193.0069,318.0227,320.0075,300.7526,234.6702,298.2911,245.778,394.1226,119.331,225.8275,291.4181,256.6148,184.5511
2025-03-26,291.2535,255.679,192.9149,194.0272,319.661,322.4089,301.7304,234.9214,299.0551,246.6596,399.139,120.5766,226.1402,295.3956,258.0534,184.5614
2025-03-27,290.5876,255.4974,191.3114,191.9786,316.2915,320.7348,299.9157,233.631,296.4245,244.8453,397.8832,120.1102,225.1014,294.5586,256.0009,184.4569
2025-03-28,292.4474,255.878,191.4984,192.2468,318.39,320.3245,299.3995,233.9801,297.5522,245.7066,400.546,121.0529,224.4089,298.2606,255.7845,184.478
2025-03-31,292.6256,256.2674,191.2163,192.7817,319.9541,322.356,300.4695,233.7893,298.9423,246.4947,399.9981,121.5212,222.9234,299.2067,254.9786,184.4928
2025-04-01,298.6335,259.4804,190.3069,191.3681,319.1052,322.5952,302.3374,233.9178,296.7952,246.44,397.934,121.2763,227.0512,304.2702,255.4444,184.5033
2025-04-02,295.3483,257.7262,190.6821,191.7337,319.1269,321.8462,302.5207,234.5811,295.612,246.044,397.5961,122.951,227.4975,297.2743,257.0244,184.5121
2025-04-03,298.6768,260.7119,189.9273,191.2102,320.6395,324.7282,304.3829,234.5736,296.5893,246.5678,393.6844,122.3599,226.9592,298.4665,256.0297,184.6227
2025-04-04,299.874,261.3815,190.4475,190.7347,318.0619,322.0504,303.0889,234.5601,294.2933,246.2056,390.7209,122.3677,230.6105,301.8712,257.4612,184.5634
2025-04-07,304.1159,265.0796,191.0239,192.0478,320.848,324.1545,305.921,235.6934,295.9531,246.725,393.9916,124.3498,234.5763,307.7958,259.0374,184.6479
2025-04-08,308.5996,268.3094,191.9084,192.6966,324.2675,323.7219,305.6701,235.858,295.6355,246.676,393.1007,123.1817,239.2162,315.4321,260.1531,184.7656
2025-04-09,307.6557,269.9199,193.2783,193.8967,323.0244,324.6371,306.4153,236.2136,295.8792,247.0537,395.5734,125.6147,240.4253,319.9467,262.0994,184.8585
2025-04-10,308.8402,269.8456,193.2682,194.0548,324.2228,323.7024,305.9097,236.0906,296.7812,246.8813,397.1342,124.7986,238.5097,322.6413,261.9797,184.8154
2025-04-11,305.5828,267.5743,193.6636,194.1711,320.9896,322.6188,304.8977,235.8423,295.137,246.4721,397.9104,126.1369,239.5514,320.1911,262.9565,184.8824
2025-04-14,298.3758,265.4664,193.1106,192.9489,316.9007,319.8118,302.7184,235.1076,292.9463,245.6334,392.9688,124.2597,238.2763,312.1768,262.217,184.9102
2025-04-15,295.627,264.4042,193.4265,194.0728,318.9296,320.161,304.5297,235.5329,292.6166,245.6447,391.6236,125.6308,238.2792,307.2562,263.1519,184.9319
2025-04-16,295.3038,262.7148,193.1229,193.6782,314.82,318.9069,304.6458,235.6558,291.8588,244.581,387.8594,126.6581,238.4541,303.3845,263.5524,184.9906
2025-04-17,284.1116,255.9992,193.2528,193.4472,310.5039,317.6997,302.2904,235.1786,290.0362,244.5171,383.9562,125.0933,235.5404,289.3891,263.1689,185.0107
2025-04-18,284.4859,253.9227,193.516,193.7724,310.1438,316.5497,299.9522,235.3241,290.5834,246.088,386.0004,125.8355,235.1789,292.874,264.2774,185.06
2025-04-21,284.9282,257.0825,194.2186,194.2835,312.4089,317.4517,300.4542,236.526,290.6828,246.8748,385.1243,127.1559,237.7008,296.0431,265.4487,185.0636
2025-04-22,290.313,255.855,193.8883,193.6909,312.4882,317.0905,298.7838,236.0563,290.2045,246.107,384.44,130.0103,237.3593,297.9293,264.1389,185.1328
2025-04-23,289.0682,254.281,194.5881,195.0477,314.1528,319.9914,300.0147,236.4762,290.8894,247.497,381.9743,128.1783,238.4758,299.1683,264.0338,184.9846
2025-04-24,294.5238,254.0082,194.2887,195.1025,313.2725,320.5344,301.3106,236.6679,291.6568,247.628,382.3792,129.2919,238.0053,302.485,265.2215,185.0819
2025-04-25,298.6265,254.3604,194.8342,195.2522,312.9503,318.2507,299.2593,237.1458,292.3457,248.7636,384.6443,130.8711,241.344,310.1796,266.0025,185.1067
2025-04-28,298.1203,254.0872,195.1039,195.3514,312.5481,317.0915,297.6281,236.759,293.2637,248.8783,387.8617,129.7088,242.4276,313.5229,264.681,185.0718
2025-04-29,296.4834,255.2167,195.1307,195.6896,311.1497,313.9696,297.4862,235.7365,295.9786,248.2147,390.8605,131.061,242.8667,308.8262,263.9469,185.1488
2025-04-30,288.2978,248.8813,195.0143,195.6972,306.8993,313.4025,297.3934,234.7206,293.0936,247.2401,386.6394,129.5413,241.2665,300.0131,261.9734,185.1884
2025-05-01,289.6989,250.2486,195.0648,196.2831,309.592,315.5746,300.6609,235.9848,294.9984,248.6294,387.8316,130.2649,238.294,301.5847,262.4386,185.1074
2025-05-02,291.9006,249.2708,194.7855,195.8843,309.2268,316.0107,301.1873,236.6718,293.0623,247.9932,385.0403,131.382,239.079,303.4812,261.7905,185.2134
2025-05-05,296.6545,252.7872,195.0099,196.2824,311.2744,317.5223,302.2187,236.7044,294.6871,248.653,384.856,131.0684,242.5669,307.6612,262.4868,185.276
2025-05-06,298.8349,254.3212,194.4722,196.24,310.1504,318.4113,304.2597,236.1003,295.4659,249.1982,382.2095,130.6528,246.5123,306.9151,262.3815,185.1455
2025-05-07,302.6531,255.4397,194.1523,196.2809,312.3601,320.0725,304.8205,236.3935,296.2373,249.3531,383.3111,130.8263,245.6538,310.6651,262.2724,185.1604
2025-05-08,289.6063,248.2481,194.5598,196.1372,308.6795,317.2905,301.3645,235.7526,292.5041,249.1359,377.6578,129.7604,243.8065,298.0089,261.153,185.1191
2025-05-09,287.9913,246.7085,194.2712,196.0488,307.3169,318.1055,301.9652,235.6643,289.9831,249.5416,372.9198,129.7546,245.5318,297.0211,261.6916,185.0719
2025-05-12,286.7917,245.9079,193.102,194.8921,305.1133,316.1308,302.9399,234.9474,289.1338,248.5008,368.2165,128.2658,244.7894,290.1533,260.542,185.1266
2025-05-13,294.9292,250.7803,192.6823,194.405,306.1665,316.7564,304.8843,235.4252,290.6166,247.4707,370.1466,128.2939,244.9642,297.484,261.4629,185.14
2025-05-14,292.9487,251.1142,191.8801,194.2443,304.8483,316.7215,306.2169,235.2253,290.8175,246.5658,367.197,129.1381,242.1442,292.826,261.7149,185.101
2025-05-15,296.7665,254.301,191.127,193.8316,305.8349,318.5386,308.6652,235.3538,291.1293,246.0116,369.0148,130.5871,243.3809,293.2789,262.0716,185.126
2025-05-16,292.485,254.594,190.5573,193.7827,307.0243,318.1752,309.2712,234.7546,292.0718,246.8472,369.2782,129.5281,243.1043,285.0747,262.5109,185.0597
2025-05-19,289.2161,253.357,190.7736,193.8018,305.5551,318.414,310.5869,235.4226,291.0304,246.2105,367.2939,127.0736,239.5994,284.9386,262.603,185.0903
2025-05-20,296.2424,259.5298,190.9953,194.245,307.8943,323.5572,314.9993,238.0967,293.8926,247.4449,369.9534,127.6081,239.5344,295.684,264.1527,185.2268
2025-05-21,294.1094,258.4616,191.0035,194.2046,305.5304,322.9749,314.3203,237.8244,293.673,246.7769,369.028,126.2819,237.4221,295.1803,264.7619,185.2358
2025-05-22,293.1812,253.7649,190.8221,193.9153,305.6412,323.0965,313.9433,238.2642,292.1653,247.2609,369.9768,127.5451,235.7433,292.422,263.6477,185.2446
2025-05-23,295.0221,255.0967,190.9546,194.13,306.1745,325.2233,315.9864,238.4025,291.692,248.5725,369.6086,128.6491,234.5167,300.4173,263.1335,185.2972
2025-05-26,296.8594,254.8544,190.2193,194.3799,307.0635,327.8885,319.1844,238.4458,295.438,249.4013,369.4652,129.7535,230.4907,291.6911,263.5578,185.3514
2025-05-27,295.4124,254.4392,191.0344,194.469,308.3538,325.9338,315.5577,238.7759,294.2466,248.9852,367.1255,127.7725,229.7314,291.4359,266.1621,185.4916
2025-05-28,299.1,258.0277,191.9614,195.3152,308.8027,326.718,318.1724,240.2775,294.7856,250.2415,369.9632,129.4782,233.0138,303.6682,267.0653,185.5053
2025-05-29,293.6963,257.0077,191.1081,193.8782,306.2568,325.4707,318.1472,239.6384,292.7798,250.16,368.3448,128.3875,230.0241,297.5358,266.2078,185.5912
2025-05-30,300.8698,259.6136,191.6931,194.8401,309.2518,327.0666,318.0158,240.7516,296.6539,250.6821,371.0458,129.4158,232.7076,303.874,266.4257,185.5113
2025-06-02,297.3781,259.3388,191.7834,194.9776,309.6126,327.1624,317.8491,240.1805,295.7569,252.2639,368.4149,130.3361,231.3796,302.4046,266.8158,185.5479
2025-06-03,301.5187,259.5014,191.7023,195.6776,314.1332,327.0308,319.4272,240.3112,297.182,252.4913,370.9111,132.0982,233.3241,301.3451,266.181,185.5706
2025-06-04,306.845,264.3089,191.7838,196.048,317.2216,328.5917,320.252,240.5374,300.6378,253.7028,376.522,133.5001,236.1554,305.667,266.7995,185.5676
2025-06-05,310.6129,267.8712,191.2428,195.5903,317.1616,328.1468,319.8304,240.8013,300.9217,252.3719,380.1176,134.5339,237.4064,309.8012,268.1625,185.7106
2025-06-06,311.3579,269.4421,191.8799,195.0527,313.4252,328.4767,321.3772,241.3788,298.1555,252.8068,381.9408,137.1448,238.2995,316.1377,270.2293,185.8086
2025-06-09,311.3708,270.4306,192.297,195.4696,316.447,329.0982,320.403,242.4913,301.3521,253.5234,384.2566,137.3707,236.5295,314.462,269.8352,185.839
2025-06-10,315.5474,274.0232,191.2761,194.7909,318.8385,330.9749,321.3522,242.5771,302.6251,253.9978,381.9603,138.183,237.4809,309.0854,271.699,185.9738
2025-06-11,322.0706,279.3595,190.6415,194.6443,322.609,332.8222,321.4844,242.0976,304.434,254.1442,383.8946,137.6694,238.5362,316.2484,271.6891,186.085
2025-06-12,322.8061,279.2811,191.0308,195.3598,323.1808,334.5127,322.7949,242.9228,305.7628,253.4701,384.9113,138.6879,238.0935,315.8604,271.2274,186.1823
2025-06-13,325.2442,280.834,191.2053,195.7646,326.0001,334.8252,323.1085,243.5257,305.29,252.9416,387.7855,139.8745,238.6233,319.8414,272.4293,186.2549
2025-06-16,325.776,281.3469,191.3883,196.3566,327.4493,336.7097,325.2481,244.3412,306.0728,253.5594,385.6716,140.0091,238.5497,316.3817,274.3854,186.1938
2025-06-17,323.5766,283.8171,191.8154,197.8041,332.0958,338.0835,325.6168,244.872,310.757,254.2189,389.4119,139.9006,237.435,310.9417,275.3659,186.2748
2025-06-18,322.7881,282.9865,192.1054,198.6569,335.6238,337.959,325.3012,245.786,313.0079,254.1213,388.5501,138.1386,237.1742,309.03,273.8604,186.2246
2025-06-19,321.3576,281.1301,192.6576,198.2688,334.1274,334.8731,323.2463,244.7383,310.5683,254.6695,388.8373,137.3077,238.2309,312.1007,273.7849,186.3098
2025-06-20,312.699,277.2089,193.0128,198.7207,331.9484,332.8671,320.7142,243.4218,308.004,253.4371,386.7399,136.2388,238.2676,308.2607,272.1136,186.3407
2025-06-23,308.5558,276.4573,193.0754,199.3335,331.0795,331.927,321.6855,243.0937,310.3184,253.3645,386.0571,137.8827,234.4567,299.1801,272.749,186.305
2025-06-24,309.99,278.232,193.6929,200.0051,335.9561,334.4227,322.9567,244.2483,312.1267,254.2193,384.1226,136.461,234.7223,295.0022,274.5035,186.3407
2025-06-25,317.3334,284.2062,194.4789,200.5333,341.0075,337.8955,325.1995,245.6877,314.0619,255.15,389.5259,138.3176,238.8076,300.5668,276.4013,186.3263
2025-06-26,316.4954,282.6555,194.8361,201.0685,342.8322,338.6287,324.8719,246.2923,315.0225,254.8706,391.0486,138.1924,238.6967,302.3606,272.8978,186.4292
2025-06-27,318.6889,285.319,195.5552,201.6405,345.3719,340.9414,326.1826,247.1232,314.8117,256.1877,391.3184,140.0257,238.9144,309.7635,273.4065,186.4643
2025-06-30,323.6348,286.8107,195.6626,201.1454,344.4731,341.7175,326.0372,247.2886,314.6578,256.3536,389.1479,140.839,240.1741,315.7341,272.6036,186.4922
2025-07-01,327.8228,287.8119,195.8431,201.5107,348.0174,342.7169,327.3721,247.4532,314.7685,256.9687,386.9758,141.6195,241.4753,315.3617,273.7085,186.499
2025-07-02,329.8527,288.0881,194.9775,200.655,349.5459,340.692,324.9198,246.8922,313.0094,256.0792,385.7699,143.1779,239.5017,316.4763,274.083,186.533
2025-07-03,329.8314,288.2746,195.6222,200.79,348.8807,339.2004,324.9454,246.7574,311.6924,254.8994,386.1913,141.6638,240.1534,319.0245,274.5904,186.6449
2025-07-04,333.0359,289.6888,194.8184,199.8064,349.1747,336.7619,325.4637,246.91,310.4302,253.4072,383.6012,141.3693,239.0481,320.792,274.0344,186.6745
2025-07-07,338.3488,292.6793,194.7436,200.1292,351.1352,337.8184,327.0048,246.3403,311.8965,253.8114,386.341,142.7158,239.7131,327.4217,273.6085,186.6345
2025-07-08,336.1671,292.5489,194.8634,200.311,351.5008,339.3222,327.2179,246.5857,310.608,253.8384,384.5699,144.7527,240.9899,324.6857,273.4781,186.7204
2025-07-09,346.7407,297.8242,194.7811,200.8798,354.2294,343.0495,329.1873,247.0331,313.2455,254.8785,390.4147,146.3232,242.0743,339.1755,275.0292,186.7861
2025-07-10,347.4591,298.1193,193.5459,199.589,353.1292,342.0286,327.4349,245.1911,312.0346,254.0547,386.9769,145.9517,242.6513,332.3529,275.1825,186.814
2025-07-11,348.6438,298.2575,193.1614,198.8315,356.6544,343.5207,328.136,246.0988,310.5661,254.0561,383.1726,145.7921,242.1911,326.0239,275.5953,186.8735
2025-07-14,345.1587,295.0117,193.2738,199.2358,355.6341,346.06,329.8767,246.6872,309.7376,253.6272,382.0239,146.2715,238.1718,322.7542,275.4071,186.8345
2025-07-15,351.3363,298.4804,193.0642,199.3078,359.6158,349.1247,332.429,247.6292,312.6984,255.3746,384.579,146.5068,238.7436,325.2956,275.4446,186.8215
2025-07-16,348.1237,296.9408,193.2335,199.4765,360.2224,349.3554,331.8097,247.247,310.1114,255.1886,383.201,146.9306,238.2757,326.6706,274.829,186.881
2025-07-17,347.106,296.5088,193.3952,199.6066,361.0136,350.6712,335.8219,248.0476,309.8631,256.3579,383.8523,145.6236,237.4189,325.1634,275.2299,186.9863
2025-07-18,341.6713,294.4641,193.6445,199.9037,358.9985,348.0166,334.4293,247.5636,308.0927,257.0035,384.192,144.5569,240.0007,327.1854,275.0748,186.9796
2025-07-21,347.5336,298.2849,193.7161,199.9544,358.9936,347.8164,333.6067,246.6741,308.1123,256.9474,387.5158,145.7494,242.5408,333.8605,278.394,187.1101
2025-07-22,352.9151,304.4082,193.4439,200.3718,360.0944,348.3124,336.1651,247.0745,309.9984,257.102,389.871,147.6491,246.4016,340.4429,279.6438,187.2006
2025-07-23,350.7384,303.7586,193.5346,200.9836,360.1719,347.3212,337.1647,247.7211,310.8347,257.2029,388.2489,146.1115,246.4657,340.057,279.3485,187.2681
2025-07-24,351.9836,304.9224,191.9039,198.2281,354.3274,343.2166,333.0934,244.6854,306.7609,255.5258,385.6754,148.7388,245.7894,342.0936,277.7417,187.2594
2025-07-25,360.147,310.1089,191.7983,198.9521,355.9097,342.9648,334.5231,243.6329,308.7831,256.4089,391.7216,149.2848,250.5467,355.0332,279.0549,187.299
2025-07-28,361.0403,309.2743,191.8035,198.2414,352.2761,341.937,333.3435,242.7723,307.5897,256.3219,389.7384,151.0769,248.8789,356.4642,279.1147,187.1707
2025-07-29,362.4851,312.0798,191.2391,198.2333,354.3683,343.8404,335.9887,243.0808,309.0151,257.4757,389.5389,151.9738,246.7584,355.6946,279.8737,187.2753
2025-07-30,356.0027,310.764,192.2483,198.2418,353.0661,339.5875,332.5522,242.234,308.1212,257.6312,388.3865,149.7079,249.938,352.5677,278.8063,187.5053
2025-07-31,357.4021,313.3139,191.8661,197.2612,350.2262,337.2559,331.3182,240.8173,305.2673,256.7695,387.7389,153.5787,251.1732,356.5677,279.4598,187.5516
2025-08-01,361.5668,313.6654,191.5971,197.4507,354.713,336.9171,330.1909,241.4926,309.5293,257.9398,388.636,152.9421,250.736,356.2051,277.0735,187.5501
2025-08-04,359.3995,313.5055,191.0363,197.1483,357.0413,337.779,328.5391,241.5852,311.335,258.3574,385.5111,150.9837,248.278,348.6079,276.616,187.5956
2025-08-05,363.9955,315.7419,190.4877,197.3718,360.9937,339.9752,330.2038,241.7285,310.6938,257.9654,382.0496,151.3762,248.0868,354.432,275.7587,187.6029
2025-08-06,357.3548,312.1153,190.2554,197.0822,361.1911,340.51,329.5269,241.4113,308.6084,257.1992,377.6039,150.8852,245.2821,346.9729,273.3259,187.4702
2025-08-07,360.8128,317.5764,188.435,195.7875,364.9671,340.5068,330.4767,240.1314,309.0721,255.9508,377.2139,151.9484,244.2503,341.7028,272.3869,187.4205
2025-08-08,356.2128,315.0962,188.8799,195.9966,365.5487,340.1267,328.2326,241.1665,310.8499,255.776,379.3179,149.4891,242.0711,338.9129,270.8956,187.342
2025-08-11,351.5362,311.2341,189.6397,197.3642,366.6962,341.3959,329.4412,240.9831,311.4762,257.064,380.28,148.654,241.6007,337.5431,269.6434,187.3867
2025-08-12,358.8493,314.941,189.9467,197.5497,368.5307,342.3145,331.0523,241.1602,312.724,258.4251,381.4703,149.4936,242.917,346.1426,270.5763,187.5338
2025-08-13,361.6827,315.5666,190.1901,197.3523,368.2305,341.8678,331.6714,241.7498,311.8594,258.9064,378.4605,150.6342,243.2678,351.7505,270.1916,187.4966
2025-08-14,365.9635,317.198,190.7089,198.0797,371.8552,344.9001,334.0002,243.5818,315.9015,260.8698,377.8617,148.5223,247.9778,349.1468,269.7566,187.5141
2025-08-15,368.2713,319.4627,190.1522,198.8407,373.2695,346.823,338.7025,243.4359,317.9653,260.6601,379.2625,148.0338,248.015,348.5637,270.0839,187.4896
2025-08-18,364.7589,319.0268,191.4083,200.0847,375.6521,347.505,340.0935,244.3372,317.7158,261.8893,379.2878,149.7047,246.8001,354.4915,268.4607,187.549
2025-08-19,355.643,312.5399,190.9421,199.4694,371.5537,346.4337,339.8219,244.0589,314.9086,261.5084,377.6082,145.6347,242.7547,348.0583,267.7365,187.6628
2025-08-20,351.2848,310.3434,191.3248,198.9029,373.9473,346.0508,337.5186,244.479,311.759,262.0877,373.0466,145.7389,240.2535,342.4808,268.6021,187.6068
2025-08-21,352.9733,311.7651,190.6924,198.3427,375.2652,346.5898,337.1323,243.8188,313.5351,262.0848,374.6564,145.9581,237.7067,337.9282,268.9381,187.5858
2025-08-22,353.2436,312.2692,191.0298,199.1043,377.2078,348.7614,340.0064,244.4155,311.9696,262.8462,372.3347,144.0797,239.7069,343.0924,269.6467,187.7032
2025-08-25,358.805,314.1621,191.3675,199.21,377.7179,348.2753,341.4801,244.816,314.5344,264.2185,374.0766,144.5763,241.1215,348.8815,268.676,187.7307
2025-08-26,362.5363,317.713,191.3803,198.9824,379.0415,349.812,342.9087,244.8569,314.683,264.1507,378.6149,142.3624,240.811,357.8269,269.2588,187.7411
2025-08-27,359.7964,317.3039,191.8751,199.7431,382.0954,351.4814,342.6044,245.2209,315.4624,264.4411,380.7615,142.0558,238.943,355.3027,269.9246,187.8699
2025-08-28,362.6893,316.7578,192.5901,200.7466,383.6398,351.89,345.2422,246.137,315.2364,264.5424,383.8608,142.9822,240.8028,362.5608,269.5874,187.9362
2025-08-29,359.8834,315.5121,192.6742,200.4899,380.2917,351.8499,345.7142,245.9462,315.5849,264.1955,380.1571,141.4162,239.9343,355.5155,269.5655,187.963
2025-09-01,355.197,311.6105,192.289,200.1098,379.1027,352.7668,345.5663,246.3701,315.2519,265.031,378.1489,142.1988,237.5277,346.3839,268.9281,187.964
2025-09-02,353.9366,310.3276,191.955,198.8095,377.5274,350.279,343.2123,246.1141,314.1252,265.1904,376.4333,142.6217,235.0798,342.6401,268.605,188.045
2025-09-03,350.8459,310.9304,191.9025,197.9911,372.6299,347.5838,342.9758,245.738,312.5653,264.2355,375.8339,142.2874,235.0502,345.9431,267.0769,187.9885
2025-09-04,348.9792,308.3344,192.2814,197.4946,370.7559,348.0149,342.1111,246.1292,312.4084,264.5767,376.6382,142.6995,232.1223,343.0755,266.5386,187.9433
2025-09-05,344.3276,307.2791,192.6138,197.5189,372.1736,347.11,341.6293,247.1794,310.8017,263.9257,375.7237,141.0716,234.1193,337.2813,266.9806,187.888
2025-09-08,348.2851,310.2986,192.4177,197.1386,373.0188,348.3121,341.6293,247.0278,311.3606,264.364,378.669,143.6255,237.3933,337.8376,267.3365,187.884
2025-09-09,349.7412,309.2297,192.0642,196.7344,374.6734,347.3153,339.8062,246.3334,311.1018,263.5193,379.8076,143.6907,234.8339,337.8116,266.6451,187.8126
2025-09-10,344.7186,305.7751,192.1801,196.246,372.694,343.7419,338.2835,246.4642,309.4033,262.3911,377.4365,143.0798,234.6265,330.7727,265.6869,187.7407
2025-09-11,344.6574,307.3674,192.9079,196.8372,376.7093,345.3198,339.4053,247.6891,310.6047,263.249,377.1432,145.5283,236.6495,327.1631,264.9864,187.7826
2025-09-12,342.1507,307.7795,192.8468,196.9521,379.6522,347.2879,340.4539,247.6716,309.231,263.9876,376.4909,146.6785,236.1902,325.9616,264.3879,187.7068
2025-09-15,330.6813,304.7141,192.114,196.1837,376.6297,345.656,339.1572,246.1522,304.9452,262.1127,372.7122,146.9461,235.0121,316.1223,261.9362,187.6575
2025-09-16,325.3308,301.2981,192.6842,195.7593,371.668,343.8239,336.8477,245.1029,302.1055,260.8066,369.7645,145.9864,232.709,312.0854,262.4917,187.6393
2025-09-17,328.3366,303.3559,192.5898,194.9388,370.6992,343.808,335.1651,245.8071,300.8584,261.3532,366.0727,146.1291,233.0589,317.2509,264.1399,187.7007
2025-09-18,328.4115,303.9864,192.9328,195.1452,369.9949,343.321,333.9879,245.6712,300.6945,261.0811,364.7981,147.6867,234.0839,319.6164,263.6675,187.773
2025-09-19,332.3134,304.2829,192.4502,194.5167,367.7565,340.8796,333.6458,244.7086,300.2375,260.3741,367.3092,148.8626,234.8661,321.997,264.3012,187.7645
2025-09-22,331.8157,303.2845,192.5471,194.6955,369.6937,342.181,335.2407,245.7116,301.0929,261.209,366.826,147.68,232.8074,320.902,263.6357,187.6856
2025-09-23,328.1896,303.6092,191.3835,193.2172,369.4111,342.3237,334.4049,245.1699,299.0818,260.4704,363.4045,146.9156,227.4956,312.4493,265.1102,187.715
2025-09-24,332.2536,303.6359,192.5687,194.7715,371.0043,344.0251,334.8937,246.3992,301.2306,262.6334,363.9374,149.3792,229.6199,320.1972,266.0493,187.6862
2025-09-25,338.7893,306.5754,193.3119,195.8634,375.8343,347.6092,336.288,247.867,303.6903,262.7993,364.5829,148.1417,234.4549,326.4202,265.1536,187.6864
2025-09-26,329.8822,300.3682,193.3446,195.7011,371.4944,343.7313,334.7867,247.7043,303.2344,262.6303,363.1362,145.9903,232.98,315.7129,264.2652,187.834
2025-09-29,331.8745,301.0595,194.2989,197.4736,374.6803,345.9879,336.7866,250.0444,307.1215,263.1016,366.5054,144.5405,235.9031,317.2491,265.1803,187.7373
2025-09-30,337.3644,306.4962,195.2946,198.4191,377.9547,347.7297,339.5849,250.556,307.3811,264.1751,369.8673,146.7044,243.0008,325.9823,266.1377,187.7212
2025-10-01,333.6485,305.4165,194.296,197.3124,373.6299,345.9402,337.1726,248.7766,305.2761,262.9053,369.1024,145.9511,244.5714,324.164,264.1736,187.7013
2025-10-02,341.7293,311.289,193.8895,196.786,374.8697,346.0079,338.2327,249.7265,307.9702,262.4775,370.8131,148.8251,247.4796,325.6545,264.8606,187.6857
2025-10-03,346.1977,310.2045,194.4544,197.7448,373.9001,346.3249,340.0855,249.8918,309.9078,262.593,372.9088,148.4083,249.7385,329.1048,265.1617,187.7547
2025-10-06,347.0636,313.0325,194.7769,198.3461,375.8591,347.2203,341.9385,250.4707,311.0291,262.613,372.3376,149.1584,248.984,331.4079,265.3408,187.8344
2025-10-07,352.3613,313.6606,195.4525,200.0314,377.6634,350.4854,345.719,251.1265,314.4998,263.65,377.078,149.7134,250.7425,334.3714,266.9287,187.8781
2025-10-08,355.3439,314.8967,196.5728,200.5598,376.401,350.5421,347.1839,252.2764,316.9077,264.7245,379.2652,150.0626,253.3447,339.8089,266.1007,187.957
2025-10-09,355.963,314.2933,196.7651,201.0399,377.9152,349.3526,346.8264,252.5433,316.6947,265.1876,376.1617,148.3522,254.3063,340.6075,267.5189,188.1258
2025-10-10,359.1257,317.6511,196.2715,201.1578,378.3716,351.0219,350.0139,253.1097,319.4175,265.5517,379.7975,148.8669,257.2219,340.8673,267.0507,188.1026
2025-10-13,355.6088,314.2991,197.1674,202.3789,377.8998,351.0192,349.9714,254.0568,317.6498,265.091,377.2328,149.0246,258.0466,344.6294,266.5921,188.1934
2025-10-14,358.5421,316.3461,197.6696,203.2981,381.9161,352.7254,351.2482,254.7458,318.4703,265.7826,372.6225,149.9115,263.054,342.292,267.2899,188.2211
2025-10-15,357.4313,314.2145,198.1728,203.555,381.9722,353.0224,352.0061,256.0234,318.7811,266.0221,373.173,149.5895,261.8589,339.2114,268.0642,188.1743
2025-10-16,358.0056,315.4932,197.7244,203.8896,384.9346,353.783,352.1995,255.8611,319.8987,265.852,372.2423,149.4164,263.2149,339.9847,265.9588,188.2063
2025-10-17,362.1572,319.4351,197.5567,203.9058,387.1099,356.3092,353.5757,256.0865,318.9378,266.4184,370.5881,151.8278,265.6388,346.395,266.3027,188.3341
2025-10-20,370.9089,324.1771,196.3549,203.8861,392.4497,358.3761,357.6642,255.8049,322.0117,267.1302,372.0869,151.6606,267.2399,347.3054,265.8446,188.3898
2025-10-21,374.0844,325.6594,196.971,204.9975,394.5368,359.7443,359.8294,256.8999,324.261,269.0179,372.0142,151.6188,268.9066,350.2084,267.9803,188.35
2025-10-22,378.4432,329.474,197.2998,206.6968,398.5027,364.1738,365.0228,258.3572,329.4695,270.3182,372.0473,153.8693,268.7153,351.6071,267.5678,188.3709
2025-10-23,379.5362,328.9659,198.2173,207.6313,404.2427,365.6585,364.8568,259.925,330.0886,271.7833,371.7081,152.522,269.5297,354.5912,267.9309,188.3779
2025-10-24,381.1578,332.2735,198.7947,208.5334,405.116,364.6752,364.2672,260.1641,331.8505,272.5569,372.5445,153.9023,269.9368,363.1353,268.9753,188.3438
2025-10-27,380.1063,333.4535,199.5284,209.8445,407.938,366.4917,366.4472,261.182,330.5374,272.5071,369.3203,154.603,274.0006,364.9309,269.6419,188.4844
2025-10-28,377.0958,333.0515,199.1934,209.455,401.8881,363.2509,363.5943,259.4373,330.6852,270.558,371.8237,155.7463,272.69,362.4358,270.518,188.3828
2025-10-29,388.2596,338.9056,199.2294,210.1876,407.5541,366.5013,365.4328,261.1102,334.5782,271.2153,371.7954,157.2745,276.0774,372.1025,269.9037,188.4414
2025-10-30,388.2863,338.3205,199.2289,210.5696,409.9192,367.6748,367.5904,262.3245,335.632,271.6596,371.1382,158.3572,277.1014,366.4467,269.4876,188.4248
2025-10-31,392.8578,338.6623,199.1355,211.0614,412.113,369.2113,368.8053,262.529,335.8715,272.2595,370.5643,160.3791,280.0128,366.8002,270.4321,188.5114
2025-11-03,392.0879,335.579,198.3324,210.307,407.852,365.162,368.5136,261.2755,334.6125,271.9677,368.1498,159.4005,279.5245,361.0971,271.6773,188.4592
2025-11-04,388.5699,333.5856,198.0077,210.5885,407.4075,366.7694,368.8642,260.8932,335.9258,271.8079,366.9538,159.1125,276.2953,356.0042,270.0253,188.4379
2025-11-05,388.002,336.2426,198.6957,210.5668,407.5065,366.7407,369.6708,260.9394,334.219,272.6496,366.738,158.2126,278.5349,358.3305,272.455,188.4487
2025-11-06,400.1196,343.7015,199.2762,210.6977,414.5592,369.1534,371.3854,262.3692,338.2446,274.7053,370.5333,161.4037,279.4836,367.0988,272.9339,188.4547
2025-11-07,390.2207,338.9108,199.5948,210.8487,412.883,367.7658,369.1398,260.8161,336.2906,274.7545,369.4476,163.5259,276.8125,356.034,272.3419,188.5787
2025-11-10,384.8827,333.0539,198.7184,209.8342,415.0611,367.5725,369.5389,260.5287,334.4158,274.8586,366.5177,161.5879,270.1842,343.5447,270.7295,188.5585
2025-11-11,385.8772,334.6813,198.3715,209.3937,415.3524,367.6688,369.1496,260.6516,336.5191,274.7644,367.2826,162.3574,265.689,342.0238,270.681,188.6397
2025-11-12,385.7423,336.3918,198.2946,209.2056,416.9171,366.929,369.8561,260.8997,337.3466,274.8477,368.586,161.4369,265.7507,342.2541,269.879,188.703
2025-11-13,388.127,337.9392,198.4097,208.431,414.9723,368.8021,369.3556,260.4289,335.6254,274.4999,368.3061,160.5975,263.3956,346.0126,271.686,188.7278
2025-11-14,392.4539,340.7165,197.7902,207.2785,415.4681,366.8839,366.8086,260.441,337.9097,273.1056,371.02,160.9656,264.779,343.0845,270.4422,188.7756
2025-11-17,392.6799,341.6585,198.5557,207.9767,414.3265,365.9439,367.3532,261.5721,336.514,272.0653,370.3978,161.0896,269.691,349.682,270.3522,188.849
2025-11-18,399.3335,343.4823,198.9449,208.0561,416.3068,365.2828,366.4743,262.0343,338.1854,272.28,373.3784,157.7344,271.1049,359.8295,270.4281,188.9521
2025-11-19,393.8035,341.8151,199.6834,208.7843,412.8031,362.8069,366.3596,262.0675,340.9874,271.6881,377.7503,156.6679,265.9269,355.5022,272.0659,188.9471
2025-11-20,392.7125,343.5573,200.0566,208.7014,411.9335,362.4837,365.53,262.4041,341.4862,271.797,379.744,156.0253,265.5323,358.1762,272.7443,188.9749
2025-11-21,394.7043,346.9195,200.0558,208.6667,410.2087,360.3487,362.8118,261.3113,342.0987,270.6088,381.9971,157.1983,268.6499,360.7265,274.1377,188.8928
2025-11-24,394.526,349.0978,199.2611,207.9434,411.6617,359.504,362.9706,260.0109,344.09,270.1515,382.7305,159.9452,266.5112,347.034,274.6051,188.8559
2025-11-25,396.1792,350.8479,199.5602,207.9502,412.9439,358.9635,362.155,260.1207,341.4706,269.1041,381.7568,161.2934,266.1364,350.8603,276.9006,188.8409
2025-11-26,397.6583,349.4646,199.7711,208.009,410.7736,357.0638,360.5106,259.3019,340.8029,269.0702,380.2555,161.6737,268.1437,353.4933,276.9319,188.8772
2025-11-27,396.6937,351.9659,199.1985,207.4484,409.8943,356.0831,360.7528,258.9618,341.9493,268.6113,382.4617,159.7862,268.6043,351.4229,276.9226,188.8716
2025-11-28,398.8953,354.7402,199.1205,207.7651,407.1243,354.6215,360.3215,257.3393,343.8867,268.3088,385.2213,158.4498,269.0197,359.2564,277.1504,188.8502
2025-12-01,406.9444,358.525,198.6512,207.2776,408.1111,355.4172,363.2451,258.3419,346.4241,268.5323,389.2986,158.4987,267.8487,363.4626,277.8695,188.8812
2025-12-02,404.4478,359.6021,198.2526,207.3105,406.5009,356.0243,364.0889,258.146,346.3083,267.7785,389.5187,157.1037,266.7735,363.4318,278.4387,188.9717
2025-12-03,404.3338,358.5299,197.1977,206.2995,402.4881,353.5782,362.664,257.6982,346.9534,267.4181,386.1465,157.2296,265.1673,359.3928,277.948,189.0815
2025-12-04,409.5879,361.3001,197.2162,207.6251,407.1307,355.942,364.4265,257.4202,350.6662,268.0209,388.9398,158.2792,264.3181,364.9502,277.5851,189.1807
2025-12-05,415.3737,366.4155,197.6029,207.6186,406.9981,356.2084,364.3564,258.5194,352.7507,267.3433,393.3625,160.2093,265.9659,372.2398,278.2602,189.1517
2025-12-08,411.9958,367.1727,196.311,205.8535,404.7244,352.3758,361.0783,257.4085,352.2842,266.1822,394.7532,159.7965,263.6213,366.9997,277.4107,189.1596
2025-12-09,408.1555,366.1395,196.5934,205.3871,400.8875,347.782,358.1344,257.0951,352.5131,266.4183,398.3609,159.6844,265.7164,364.5949,278.3964,189.2796
2025-12-10,406.8175,370.9371,196.757,205.2931,404.8851,348.54,359.0965,257.9176,353.2398,268.5627,400.5943,162.014,265.885,366.0679,278.5416,189.2862
2025-12-11,405.3402,369.0477,196.0879,204.712,404.1395,348.6263,355.8689,256.0869,350.2877,267.2987,399.8664,162.7438,265.8867,365.6286,277.454,189.4719
2025-12-12,405.8982,368.7136,195.2072,202.8613,397.1979,346.1516,354.0342,254.7212,346.2552,266.3324,396.1165,163.2594,270.2733,364.9138,277.31,189.4712
2025-12-15,408.1089,371.1388,193.7602,200.8915,398.0641,346.7737,354.1643,254.3705,346.8496,266.0957,398.2854,160.7129,265.1774,360.8228,276.9577,189.4867
2025-12-16,411.3176,369.051,193.507,199.9967,396.8654,345.3808,353.7822,254.7367,346.5153,266.2646,396.9738,159.4736,265.2927,358.8597,276.8493,189.5007
2025-12-17,406.8241,371.5285,193.6252,200.2157,398.343,347.9095,354.5181,254.426,344.1988,266.4383,395.0637,161.2369,263.7711,357.3834,278.3944,189.5143
2025-12-18,402.5045,372.0562,195.0439,201.982,401.2259,349.0263,355.665,255.8172,345.2489,267.1168,397.3889,159.3983,267.3519,359.7658,279.1463,189.4184
2025-12-19,395.4149,372.0514,195.7254,202.9542,402.4023,351.8429,358.209,255.9763,345.0807,268.3161,394.1327,159.6932,266.6783,352.1688,280.1807,189.515
2025-12-22,394.5809,373.8661,195.8043,203.461,407.9398,354.2029,357.9729,256.1734,348.19,270.2028,395.4155,158.6964,266.529,346.817,280.6106,189.6305
2025-12-23,393.7082,372.8548,196.0551,203.0928,406.5498,353.3882,358.1573,257.4624,347.8011,269.7808,394.3327,158.2511,266.3825,344.8512,280.8093,189.6121
2025-12-24,388.7655,370.4584,195.8073,203.1205,404.155,351.0757,357.3321,255.8641,344.4868,268.7269,393.5231,158.2006,265.4397,345.5719,280.9192,189.6104
2025-12-25,391.9336,371.6136,195.4031,203.5519,405.0847,352.8713,358.3616,256.1534,344.9948,268.4023,392.3993,159.6777,265.1378,346.1782,282.493,189.6437
2025-12-26,385.78,370.6637,194.865,201.7732,400.5398,347.9677,354.5719,255.344,339.6193,266.7805,387.2193,161.1874,264.8753,339.7796,283.7564,189.6643
2025-12-29,377.9485,364.2463,194.8342,201.6542,397.3424,344.8693,350.0684,253.4875,335.7133,267.1569,385.8121,158.2853,266.9187,342.3963,282.0999,189.7588
2025-12-30,382.7837,365.9622,193.9518,201.1443,399.3262,346.6094,352.3066,254.0294,336.4438,267.0999,386.2859,157.8367,265.2383,345.3318,280.992,189.8226
2025-12-31,393.4774,369.7049,194.2923,201.4582,402.9086,347.9267,354.8403,255.1571,340.31,269.592,392.6485,159.0611,270.0972,352.8929,280.9436,189.8135
2026-01-01,397.7044,369.0373,194.9539,201.8644,400.5877,349.429,355.1365,255.5477,341.9104,269.8008,394.5475,159.9518,273.9347,352.5654,281.9893,189.8843
2026-01-02,396.2364,368.22,195.1114,202.601,398.3509,351.0514,358.2448,256.4702,344.2931,270.6728,396.504,159.573,278.1529,349.5104,281.385,189.8884
2026-01-05,397.9648,368.4473,195.6995,203.0847,397.7803,352.3094,359.0134,256.152,343.644,271.0958,396.9487,159.7169,280.3949,353.8141,282.1699,189.8427
2026-01-06,401.6099,370.4628,194.9666,203.1869,401.0774,354.9356,361.1255,256.7716,345.9722,271.2604,396.0246,159.0718,281.0924,353.9492,280.1853,189.7948
2026-01-07,393.9872,367.5766,195.3992,203.5638,398.7152,352.7235,360.6904,257.1427,344.2126,270.598,396.1697,157.6699,281.5631,354.8385,278.9991,189.8202
2026-01-08,397.5071,366.0892,195.6512,203.7633,399.6628,352.3807,360.0824,258.1345,342.7133,270.2326,394.3953,159.8781,282.3749,359.3006,279.1737,189.9658
2026-01-09,391.314,359.2945,195.5119,203.687,394.5846,348.6626,358.1308,256.1007,339.6396,269.4286,393.6224,162.6416,281.2467,354.5329,278.1343,190.0774
2026-01-12,390.4119,359.2115,195.0467,203.121,392.3773,347.9023,357.2238,255.1662,340.6216,269.4454,394.0506,162.8156,280.1429,354.849,275.5498,190.1057
2026-01-13,384.7789,352.2165,196.6694,204.4156,391.1848,347.5781,356.4599,256.3515,340.0173,270.6672,395.2329,161.8814,281.2504,352.499,276.6667,190.0688
2026-01-14,376.9215,345.9673,196.5661,203.3912,386.0752,345.4181,353.6791,255.6905,335.5627,270.2436,389.987,162.2666,279.5532,347.2239,275.1335,190.0286
2026-01-15,374.8795,343.5699,197.6158,203.7189,383.2609,344.8655,354.9799,255.9109,333.8346,270.9511,387.7215,162.361,281.1065,349.8671,274.2487,190.1495
2026-01-16,373.5645,338.4085,197.6116,203.5541,379.9919,346.4876,354.5693,256.0515,331.8646,270.1866,380.5658,163.5204,279.232,346.9245,272.4115,190.1168
2026-01-19,369.0365,337.448,197.1209,202.807,377.4851,341.6598,351.0338,254.4712,332.5445,269.8576,383.2265,161.8776,280.3492,341.0669,271.8996,190.1839
2026-01-20,370.5468,337.0521,197.2123,203.3259,379.0657,345.3654,353.6378,255.495,331.9561,269.9616,385.4529,163.2033,281.3246,341.2419,272.5946,190.2627
2026-01-21,371.7357,335.0991,197.0332,203.2859,382.8452,346.0575,352.3385,255.8678,331.3966,269.3903,380.8309,163.8032,277.5447,336.6823,272.6001,190.2634
2026-01-22,372.91,339.9392,197.1629,203.8734,386.1158,348.8459,354.6184,257.4176,333.8044,271.0798,387.189,166.9955,281.1992,341.5917,272.0522,190.1169
2026-01-23,378.1161,340.4774,197.6564,204.7058,389.3858,350.1031,355.5724,258.347,334.7586,273.6578,390.4401,168.621,285.7885,353.1219,271.0637,190.1326
2026-01-26,382.6514,343.1635,198.2683,204.8255,393.4786,351.7449,355.9395,259.6887,336.2153,274.5408,392.4067,166.9558,288.1953,359.1189,270.2215,190.1343
2026-01-27,384.9031,348.6697,199.0966,205.5092,395.6031,352.9366,357.2862,260.6331,338.3357,274.6049,398.2936,167.6304,289.8996,364.5226,271.8396,190.1264
2026-01-28,383.0335,346.2275,199.3184,205.813,395.62,352.4855,358.4074,261.1302,337.0224,274.9843,393.2349,166.4251,290.0392,362.2958,272.1421,190.1217
2026-01-29,381.6999,347.1995,198.9993,206.1578,395.0427,353.3072,361.9431,261.0843,337.269,275.1155,392.9176,168.1581,291.4976,361.9614,270.4405,190.1997
2026-01-30,381.1346,348.1147,200.2368,207.1844,399.0853,353.4846,360.9404,262.7992,338.5769,275.7443,395.1819,168.8274,294.1458,364.581,270.4895,190.1193
2026-02-02,381.7395,347.9669,201.1081,209.1512,402.8726,357.1556,364.4661,264.4903,340.1325,277.7317,397.4642,170.9927,294.5974,369.4643,271.6015,190.162
2026-02-03,383.8899,349.0394,202.2839,209.7781,399.6715,354.676,362.0791,263.3996,338.202,276.7714,396.6421,174.7358,296.0027,380.7744,273.095,190.1803
2026-02-04,383.8916,347.7701,201.2606,208.9186,401.2964,354.0092,361.3664,263.3263,336.43,275.9469,392.0979,174.6615,294.1938,379.4045,270.5124,190.1713
2026-02-05,384.9317,349.4179,201.4884,208.4696,397.7616,353.8427,360.7188,263.0885,337.0364,276.034,392.2316,174.4259,293.8355,386.4351,269.2391,190.1809
2026-02-06,385.1795,351.0752,201.7854,209.1998,401.2883,355.8163,359.9386,262.9729,338.076,275.8581,395.8854,176.1427,291.3836,386.8814,270.6602,190.359
2026-02-09,384.6004,348.9098,201.7913,208.3781,402.6905,355.0506,359.7921,264.0681,335.4389,276.2731,391.3665,177.6625,285.9693,386.7086,270.3659,190.3174
2026-02-10,398.3506,358.5553,202.2393,209.5409,410.2865,356.7972,362.9458,265.32,341.2674,277.7976,396.6719,180.1629,289.6694,401.0083,270.8211,190.3043
2026-02-11,393.0253,353.3572,203.1491,209.5226,409.5736,354.2899,359.022,265.6157,339.8514,277.0764,396.4544,179.1597,288.7505,393.905,271.1465,190.2143
2026-02-12,391.5198,353.3373,201.8192,208.474,409.7031,353.5781,358.5766,265.0824,337.8239,275.8798,394.7229,179.1105,286.4211,388.1469,271.6515,190.315
2026-02-13,385.8228,349.423,202.298,207.9892,408.3102,351.3613,356.087,265.3383,335.851,274.8404,394.4863,179.9771,282.569,384.3722,270.1063,190.4463
2026-02-16,392.2336,354.1353,201.9519,207.1316,405.0837,349.9163,354.9014,264.1045,333.8286,273.8621,398.1182,182.4211,286.1702,394.6991,272.7533,190.4685
2026-02-17,385.2142,350.2235,202.3184,206.562,402.8983,347.7208,353.9977,264.6086,331.4945,273.7276,397.1172,180.2671,289.6807,386.3642,271.5535,190.4119
2026-02-18,384.6938,347.965,202.5858,206.7837,399.6928,349.2355,354.8493,264.7852,333.26,273.7496,401.5515,179.4106,288.5939,386.0979,270.6897,190.5747
2026-02-19,388.3954,352.7857,204.3241,208.5365,404.4076,351.0646,357.0143,266.9628,336.5629,274.8636,404.8934,179.0448,291.7561,397.4555,271.1191,190.5265
2026-02-20,384.7438,354.8216,204.5948,208.6592,402.4822,351.889,355.7561,266.1737,336.4429,275.1055,407.6115,180.1871,292.0105,400.9493,271.2285,190.5186
2026-02-23,387.9016,357.384,205.3762,208.7984,404.918,351.9206,354.3128,266.423,336.1176,275.397,409.0127,181.7253,295.4852,403.8224,272.7063,190.6192
2026-02-24,389.1589,357.0463,205.3396,208.4109,404.7888,351.4544,353.3499,267.0378,335.3327,274.2212,410.2306,181.5381,296.5368,405.1842,272.1633,190.6104
2026-02-25,385.5873,354.3994,205.5256,209.5763,405.6282,353.3939,354.0358,266.9931,335.9814,274.7795,409.3347,180.1914,297.804,402.3973,271.8872,190.5151
2026-02-26,384.9496,359.4781,204.4858,207.9012,404.5692,351.1068,353.6964,266.0499,335.0772,274.1194,409.0904,177.9977,295.264,402.7949,272.2276,190.4966
2026-02-27,393.28,363.6297,204.8486,209.2807,403.3062,352.4624,355.1954,266.27,340.2558,273.2948,413.2268,179.8567,296.4759,410.8186,273.663,190.5848
2026-03-02,401.1613,372.2193,204.8181,209.2958,405.4101,352.6313,354.8887,265.3903,343.0792,273.5854,422.3584,180.1186,301.1774,428.8339,272.5596,190.6527
2026-03-03,401.3164,371.0434,204.9321,210.243,407.9688,354.1833,357.759,266.0471,344.6446,274.0576,422.9146,179.2629,300.7856,427.2338,272.0395,190.6014
2026-03-04,403.3266,371.2459,204.5487,209.2932,408.0661,352.3585,355.8201,265.9714,343.3487,274.0013,425.018,177.4139,301.2452,434.5933,271.2235,190.6729
2026-03-05,412.1581,379.8804,204.6723,209.7741,413.1178,356.0089,358.6661,268.182,348.9703,274.8635,430.8769,178.955,300.687,445.7292,270.7961,190.7024
2026-03-06,416.128,382.2117,204.7839,210.5346,417.339,360.4737,362.2722,269.2904,351.2881,276.0471,431.4496,177.5739,302.0711,450.9402,269.2906,190.8245
2026-03-09,417.6078,380.1887,204.4572,210.1589,417.0951,358.2454,359.3611,267.9311,349.7674,275.762,433.5083,178.0433,301.2848,456.2069,269.185,190.862
2026-03-10,412.4827,374.6359,204.1623,210.1637,412.4108,356.2888,356.2057,266.6427,348.9949,274.5137,432.8213,178.3047,300.153,452.5166,267.6924,191.0044
2026-03-11,416.9558,376.2234,203.9198,209.3691,410.7484,356.8776,354.0919,265.2086,349.4515,273.9734,437.5238,179.6088,299.6408,454.0925,268.4075,190.9398
2026-03-12,414.1999,374.9128,204.1236,209.4564,409.8633,356.5363,353.3882,264.2656,347.9926,273.7586,439.9912,179.3325,298.9234,456.027,268.2197,191.0771
2026-03-13,415.5219,372.9902,204.0488,209.3854,408.6227,355.6451,352.1564,263.5626,349.1233,273.6228,443.6405,178.4045,299.8228,455.1923,267.7759,191.1795
2026-03-16,416.6189,373.3932,203.8259,208.9245,406.6351,353.7463,350.7882,263.8516,349.3838,272.5321,445.2906,181.3109,300.0746,453.4348,268.175,191.0871
2026-03-17,411.791,370.3119,204.1299,209.3857,404.9969,351.9074,350.7274,263.2474,347.2999,271.0195,444.5688,181.9499,298.901,453.7676,266.7571,191.0433
2026-03-18,413.7701,372.5795,204.5365,209.3909,406.2496,353.3425,351.8019,263.9537,346.5258,270.9722,444.0684,180.0486,302.355,457.2734,266.9991,191.337
2026-03-19,398.9003,368.3236,205.7932,209.4104,401.2344,351.9641,350.1856,263.7015,340.3638,270.8576,442.1369,180.8502,301.5644,458.0844,266.2289,191.3581
2026-03-20,400.1029,366.5414,205.2763,209.1745,401.9149,353.4384,347.3317,261.3934,338.268,271.2349,441.0687,181.1921,302.8669,457.0519,267.1887,191.4225
2026-03-23,397.6814,363.1955,205.8285,208.911,401.1204,351.0623,346.4412,262.8673,337.6151,271.0787,440.9275,181.7676,303.5488,451.5859,266.6276,191.3914
2026-03-24,399.8146,365.8905,205.1674,208.4705,398.2247,351.2982,346.3088,262.0247,335.9615,270.8732,439.5686,185.9006,309.8949,457.3165,265.8418,191.3908
2026-03-25,401.8936,372.1632,204.3132,207.7353,396.5719,351.5465,347.3858,260.6666,335.3555,270.8968,436.9393,187.6243,313.4914,456.5651,267.3704,191.3887
2026-03-26,413.5077,377.3897,203.8882,207.9379,401.9131,353.6064,349.3346,260.3896,337.9777,271.0559,438.1677,189.4795,315.3405,456.8725,269.2823,191.4222
2026-03-27,412.4016,375.9263,203.3147,206.4529,399.175,352.9136,348.1672,259.6993,334.6746,270.6844,432.9592,186.9254,314.6242,449.8982,270.667,191.54
2026-03-30,409.822,375.9318,202.4174,205.3684,398.3632,350.426,345.8193,258.3871,333.8401,270.3272,427.3131,188.3205,311.9932,443.1536,269.2132,191.5952
2026-03-31,410.488,376.2359,201.9173,204.8875,397.5039,349.4156,345.6484,257.6767,330.9832,269.0934,426.9558,189.5285,310.2202,446.3984,270.3768,191.6827
2026-04-01,411.2522,377.1827,202.3441,204.4521,394.6776,350.2162,342.8667,257.3754,330.0121,268.1908,431.0149,190.3603,312.3686,454.3014,269.7909,191.7872
2026-04-02,411.2332,374.9926,201.8349,204.8535,395.6829,350.1247,342.4211,257.7064,329.6737,268.778,427.0529,187.9903,314.2056,456.1292,270.1201,191.8171
2026-04-03,406.8795,369.7994,201.3336,204.4326,391.5955,348.7141,342.3325,256.766,327.1555,267.5519,423.2266,185.2072,313.2382,449.7694,269.6093,191.9225
2026-04-06,406.8949,370.846,201.9363,204.4691,391.927,347.5535,340.4327,256.0666,325.9829,267.019,420.3172,187.3908,314.6721,451.7157,269.007,191.9399
2026-04-07,403.2439,365.0572,202.6814,204.9765,389.299,347.438,340.4731,256.4401,323.4403,266.9658,416.6551,183.5619,318.9349,455.0842,267.378,191.8588
2026-04-08,401.0808,365.9689,202.6354,205.1498,390.5623,347.8342,340.484,257.2184,324.7999,267.7133,417.6285,182.898,320.5137,451.0471,267.5341,191.9085
2026-04-09,404.0216,365.9213,203.5535,205.7836,391.3008,352.0038,341.9155,259.1104,324.7905,268.006,416.921,184.2838,321.1581,459.1151,266.9312,191.9506
2026-04-10,395.7452,360.3248,204.1963,206.0963,385.1413,352.0337,342.926,259.2058,321.2283,268.3785,419.4783,184.898,319.3561,466.6966,266.1228,192.1728
2026-04-13,396.3537,362.3782,204.77,206.3539,384.9355,354.7131,343.0691,260.2616,324.2499,269.1991,419.795,182.8664,319.7102,463.7874,267.0261,192.2639
2026-04-14,388.8957,358.5065,205.8459,207.299,385.8866,355.839,342.9317,261.1044,324.3092,270.5761,421.2432,180.365,316.0659,463.6062,266.8106,192.1291
2026-04-15,375.6589,351.5075,206.3893,207.1032,382.9791,351.3734,338.1346,260.1478,321.2282,270.194,417.9209,178.8286,311.5705,453.6627,266.1706,192.2292
2026-04-16,380.6949,352.5639,206.8492,207.9173,384.0991,351.6614,340.3665,260.5826,321.7948,270.8569,420.1357,179.6,311.5894,468.7069,266.2309,192.0355
2026-04-17,375.5292,352.3456,206.4272,207.2318,380.7459,349.2365,338.6522,259.8837,320.862,270.1663,417.6932,179.3931,310.9615,465.303,265.3522,191.9445
2026-04-20,373.8051,345.5206,207.1465,207.5074,382.4258,350.2878,338.7478,260.4792,318.0592,271.0813,415.5042,179.3387,307.2589,460.8258,266.2672,191.9729
2026-04-21,370.171,346.0325,207.1657,207.5485,382.6137,347.6413,336.3808,259.3867,317.6881,271.5644,414.4666,181.2071,304.178,458.4137,267.6834,192.0848
2026-04-22,365.2734,341.0771,206.8486,206.7372,380.0327,346.9193,333.997,259.6654,316.7674,271.353,412.4872,178.5188,300.0459,451.0241,267.0478,192.0207
2026-04-23,369.1915,340.4818,206.4076,207.0149,381.2818,349.6853,337.3237,260.7852,316.6313,271.3634,405.7374,177.1173,297.7569,452.2488,267.5724,192.0961
2026-04-24,370.1017,336.679,206.5368,207.1464,378.4658,348.7235,336.7549,260.0805,316.2418,271.1563,405.9584,175.4636,296.5594,454.7208,267.8726,192.167
2026-04-27,372.5915,336.808,206.9641,207.9811,381.8975,349.8208,338.2273,260.2827,318.0394,271.3733,407.5377,177.7886,296.8958,454.0626,266.3762,192.1604
2026-04-28,373.7998,338.7627,206.1825,206.8622,379.5321,349.7405,336.4423,260.4553,317.8184,270.9349,407.9807,177.3066,299.2244,455.9978,266.2026,192.2717
2026-04-29,379.5457,342.2026,205.21,206.8249,378.8627,348.6582,337.2044,258.7134,320.2158,270.9371,410.9189,178.0828,299.0025,462.4205,266.6786,192.1115
2026-04-30,388.4036,349.313,204.9623,206.94,381.9156,351.1091,340.5534,259.8866,322.6906,271.4931,411.4711,177.9853,302.2352,468.2201,268.4932,192.3389
2026-05-01,390.4466,351.0623,205.4236,207.4898,382.8472,352.9427,341.4704,260.1553,323.657,271.1632,414.5641,178.5561,302.5135,471.6457,268.982,192.4078
2026-05-04,379.7067,345.8236,205.1558,207.044,377.8288,353.0062,338.3893,259.7128,321.6512,269.7115,412.8856,177.8967,298.6684,463.8169,267.0471,192.3777
2026-05-05,381.827,348.4571,204.2488,207.2029,378.5043,352.4405,338.8407,259.0317,323.1946,267.8483,413.3131,178.6525,297.3018,464.4386,266.4188,192.4362
2026-05-06,379.1903,344.8365,204.0035,207.0523,376.8877,351.227,338.2129,258.1833,321.4516,267.1807,412.4082,176.6039,295.0695,461.1262,266.9971,192.4914
2026-05-07,368.9043,339.6609,204.7926,207.3512,369.5684,347.2751,335.9273,257.2312,319.8431,266.519,414.5042,177.0753,296.0295,450.9972,268.674,192.4799
2026-05-08,371.0165,343.8021,204.6062,208.0392,371.7216,347.5241,336.1213,256.0184,322.8403,267.5236,415.8733,177.6732,300.2123,452.2906,268.4036,192.4111
2026-05-11,374.528,348.0257,203.7773,207.2285,370.9479,347.3237,333.9454,255.658,324.1235,266.5939,418.0365,177.6492,305.0216,450.5499,269.6036,192.5168
2026-05-12,377.907,351.5066,203.8996,207.1709,371.5539,348.3093,335.1947,256.1764,324.0375,266.5658,417.3504,179.2196,305.2033,459.1325,269.3047,192.5456
2026-05-13,375.553,349.7573,203.5885,206.4582,367.8197,346.5932,333.0866,255.3259,322.1298,264.781,415.9324,179.8169,307.6375,455.1297,268.0676,192.5446
2026-05-14,379.7924,352.7578,204.0879,206.4364,365.6141,345.0318,332.8071,255.4425,323.4362,265.3182,418.5895,182.1923,310.5589,464.5252,268.7391,192.5805
2026-05-15,372.8262,348.9853,205.2167,207.3589,364.286,347.0621,333.8927,255.7996,321.5075,265.6923,419.344,181.9157,310.4569,462.204,268.8986,192.5038
2026-05-18,376.0598,349.9666,204.4971,206.6653,366.3536,347.516,333.3942,255.1663,321.9827,265.2389,417.3243,180.6749,304.4971,463.7721,268.1848,192.4284
2026-05-19,374.8729,349.2849,204.6228,206.0246,363.8577,343.5137,331.2815,254.4803,321.2205,265.5122,420.1139,179.2221,305.6723,474.3224,266.1142,192.363
2026-05-20,382.8892,353.735,205.3019,206.1629,364.9333,344.0773,331.6442,255.1323,323.1005,266.3871,421.1356,181.7486,307.4629,484.3073,267.1148,192.4915
2026-05-21,379.1703,354.0,205.0153,206.0141,363.1644,341.1684,328.8456,253.6718,321.2536,265.6241,421.3866,178.1515,309.9377,490.0863,267.6922,192.6018
2026-05-22,384.6237,358.963,205.2869,206.465,365.7783,341.7934,330.8826,253.8684,321.9801,266.1292,420.3156,180.8495,311.8114,495.0202,269.3459,192.6083
2026-05-25,381.4242,358.8614,205.5378,206.4955,365.115,342.3783,330.471,254.1026,324.0975,267.3113,419.7038,180.9106,309.89,485.7094,269.6897,192.5778
2026-05-26,372.072,348.9134,206.2077,207.0509,362.4312,341.9507,330.1042,254.5146,322.3824,267.8701,414.6982,177.8885,309.2308,473.3986,267.6395,192.6553
2026-05-27,372.9302,350.2083,206.24,206.9673,362.9363,340.9094,329.6861,254.4326,321.8447,268.3363,409.7485,177.5771,312.8899,469.3733,269.3421,192.676
2026-05-28,361.2357,343.6566,206.6533,206.6439,357.0771,338.3983,326.5235,252.5001,318.6641,268.3658,410.7895,177.5827,311.3414,467.9487,266.0418,192.7251
2026-05-29,359.7108,342.1137,206.3694,206.2233,356.8595,337.4988,326.4837,252.9481,317.8178,267.6304,407.7584,176.0869,311.3344,459.4737,266.4393,192.7622
2026-06-01,357.3703,336.2611,207.4835,207.5439,356.8759,340.354,328.0111,254.6763,316.8229,267.9589,405.438,177.8618,308.4218,457.4766,266.907,192.8218
2026-06-02,359.874,339.1544,208.1703,208.4979,356.7858,340.7008,327.8205,254.603,317.671,268.5093,406.019,179.8367,309.5128,467.1081,269.376,192.7353
2026-06-03,357.3469,336.2306,207.7064,207.7855,355.2294,339.6085,326.011,254.3536,314.6818,267.6309,402.573,179.4873,310.321,466.7651,267.9358,192.744
2026-06-04,358.4461,338.4422,208.8367,209.3994,360.5091,342.3713,326.8654,255.6647,318.2499,268.8794,408.5096,179.0093,310.1698,468.0467,269.768,192.7173
2026-06-05,352.9619,335.345,208.5995,209.843,358.2684,344.2151,328.4205,256.1738,318.4649,269.0893,404.9741,180.2751,310.2719,455.9988,268.9999,192.7382
2026-06-08,354.7936,333.0846,208.1942,209.3543,355.0772,343.2159,328.3813,255.7367,317.8984,267.9066,407.3536,178.1202,308.5506,458.4616,269.7073,192.7374
2026-06-09,356.964,336.3529,207.0628,207.8129,353.8691,340.4196,326.6679,255.5038,315.2645,266.5347,406.1337,177.371,313.7185,460.707,270.7881,192.8348
2026-06-10,353.1965,331.0731,207.7121,207.4135,350.2422,337.0564,323.3316,255.9865,314.3427,265.6514,408.3576,179.2477,311.617,455.4452,270.7769,192.7526
2026-06-11,355.9066,334.2747,208.8247,208.4244,351.8813,335.8328,324.0803,256.5571,316.5737,267.3752,412.4566,181.5975,313.8014,466.8725,271.3866,192.6635
2026-06-12,351.8491,330.4566,209.3228,208.4528,349.9721,335.2414,323.8354,257.0919,314.9351,267.0958,412.7906,178.8627,312.3631,468.7373,270.5983,192.574
2026-06-15,352.7539,328.7144,208.9192,206.3094,346.2097,332.664,319.7706,255.8186,312.8271,265.1385,413.7594,180.358,308.8034,462.3344,270.4666,192.5134
2026-06-16,353.7339,331.2686,210.189,207.8817,348.9651,335.45,322.3952,258.5092,316.968,266.7403,418.958,180.3698,312.2219,462.3758,272.0451,192.5347
2026-06-17,354.5252,332.4858,211.1135,209.0975,349.36,336.7166,324.7,260.6345,319.9724,267.973,423.9005,180.3545,318.5006,465.6983,272.0621,192.5551
2026-06-18,350.7621,333.2465,211.6575,209.1526,349.45,335.9773,323.1734,259.8867,315.8186,266.8436,424.1758,182.3363,320.4176,471.2189,272.2636,192.5932
2026-06-19,343.5407,328.4595,212.7286,210.2622,348.4809,334.3424,320.8506,259.6727,316.2766,267.0882,421.9477,180.3662,319.7078,464.37,271.7191,192.6105
2026-06-22,339.8668,328.8622,212.6798,210.6278,352.6804,336.3002,320.3958,259.9456,318.9846,267.3727,423.2042,180.6402,318.3312,450.9775,269.9251,192.5272
2026-06-23,335.225,325.9999,213.6303,210.6054,348.1825,334.296,318.8602,260.1696,318.2695,266.2397,422.9802,178.3147,320.177,446.765,269.7196,192.51
2026-06-24,333.7072,323.7784,213.6495,210.2209,345.4255,332.9861,320.0411,260.2813,317.0477,267.1169,423.0301,176.7171,318.772,449.6426,269.7339,192.5459
2026-06-25,332.9784,320.5797,214.7009,211.083,344.4036,333.4358,319.7969,260.8625,318.3217,268.3956,423.053,178.1848,317.5575,448.2247,270.2113,192.5603
2026-06-26,327.9565,317.8004,213.9783,210.0158,339.3053,329.6856,315.5095,258.1316,316.9145,265.4866,424.2869,176.6683,313.5748,442.6347,268.8875,192.4854
2026-06-29,325.1234,314.569,215.3206,210.6705,338.4828,329.2883,316.8178,259.2416,315.0844,266.4708,424.1559,181.2437,310.9151,445.9833,268.2419,192.3858
2026-06-30,330.995,319.9034,214.4703,210.3549,339.9778,331.6843,318.9706,259.1645,316.5831,266.1314,422.3366,183.0493,315.1964,442.4339,269.3895,192.3031
2026-07-01,329.5564,322.034,215.0738,210.7943,343.6691,333.1887,317.997,259.9492,319.778,267.3029,422.2525,182.525,311.8579,439.7083,268.4555,192.3493
2026-07-02,328.4513,323.3294,214.5186,210.1222,341.5463,332.4009,316.5888,258.8195,317.6372,267.5495,420.7002,184.2988,311.005,441.2449,270.4969,192.601
2026-07-03,330.7254,326.4753,213.426,208.0379,341.2755,330.9902,316.4631,258.6299,315.5676,267.9543,418.4286,182.9563,309.8431,446.4016,269.7633,192.6372
2026-07-06,332.9173,326.713,214.0483,208.7922,339.1084,329.5972,316.2722,258.1526,316.4979,267.5967,417.0792,186.2488,311.8432,450.5176,270.0622,192.6846
2026-07-07,334.0831,325.2395,215.6986,210.3879,339.3517,332.9046,319.644,260.2838,318.7771,270.2228,422.6915,187.5854,312.7198,451.7739,273.1011,192.6267
2026-07-08,339.655,324.6371,215.3254,210.1493,340.6941,332.9448,319.5166,259.884,321.0124,270.0459,419.8675,186.8353,310.924,448.2776,272.5457,192.5085
2026-07-09,342.343,324.0628,214.7234,210.0396,342.3568,332.9899,319.1502,259.5675,321.7042,270.6639,417.7878,186.6404,312.3723,444.369,272.957,192.4422
2026-07-10,343.315,327.1176,213.7979,208.8484,342.7196,331.8523,317.6325,258.647,319.6548,269.37,415.8571,184.4032,313.5696,448.9626,272.3789,192.3029
2026-07-13,348.0521,328.5495,214.0219,208.3983,342.0416,332.7795,317.3994,260.0038,319.8749,268.6803,414.2784,185.7412,316.7655,450.2499,272.8357,192.311
2026-07-14,346.3125,329.6621,214.3798,208.5536,341.6257,333.7264,317.3574,260.4494,320.4776,269.3518,414.5995,187.2504,316.9458,449.9506,273.053,192.2674
2026-07-15,346.2642,327.6809,214.8516,208.4154,341.5381,333.6391,318.54,262.0809,320.2737,270.7931,413.5906,188.1119,319.1217,445.0509,273.4432,192.2733
2026-07-16,347.5819,331.3963,214.4638,207.8013,340.5277,332.4705,319.1603,261.7758,320.9289,270.3019,417.6549,187.8979,320.642,448.3491,273.3127,192.3942
2026-07-17,348.9651,331.5489,214.2786,208.1982,342.0578,334.4103,320.6068,262.2545,320.1007,271.1383,415.9909,186.8667,323.6595,455.1131,272.8738,192.3874
2026-07-20,352.8943,331.9146,213.8901,207.2733,337.172,334.3661,320.9378,262.537,321.0858,270.5369,417.4062,190.6408,324.5699,455.8483,272.2806,192.3724
2026-07-21,363.7725,335.9452,215.0231,208.0923,340.1535,335.853,323.2634,263.1417,322.4776,272.7374,422.093,191.559,329.8548,474.6254,274.3207,192.4306
2026-07-22,362.6608,334.7551,214.9289,208.0334,339.2375,336.4434,324.6645,264.3618,322.1641,272.9339,423.3426,194.3039,329.112,476.9815,272.6718,192.4265
2026-07-23,364.1658,334.7451,215.1201,208.0677,341.278,333.0358,322.1681,263.4473,324.2714,272.3284,426.147,193.0161,332.8006,471.6273,271.5746,192.3687
2026-07-24,363.6122,336.0009,213.876,206.6945,336.3423,331.6846,323.4575,261.9756,322.3334,271.3049,432.5605,192.1212,332.1395,474.0969,272.6296,192.3903
2026-07-27,360.1214,335.3733,214.0235,206.8367,337.5501,332.9354,324.2247,262.566,321.6999,271.1927,429.8673,189.7416,329.3662,468.148,273.3493,192.444
2026-07-28,352.1521,328.2032,214.4144,206.5443,333.6769,330.3204,320.0785,260.6159,318.8881,269.8602,426.7975,187.5488,324.5775,458.4992,273.0332,192.4348
2026-07-29,351.7761,326.7225,215.5169,207.5556,334.3188,329.7202,319.3037,261.9323,320.1399,270.894,425.9313,189.1329,323.7037,464.0809,272.8493,192.3324
2026-07-30,348.8303,327.9303,216.0547,208.2174,335.4988,330.4308,319.2169,262.9134,318.822,271.1668,424.7581,188.6691,327.7037,474.2322,271.2538,192.3267
2026-07-31,340.3971,323.9614,216.2555,208.3338,334.7159,330.2194,318.8985,261.682,314.4039,270.4418,422.0805,187.7153,327.9538,465.7818,270.7835,192.3781
2026-08-03,341.0869,323.4192,216.7305,207.8709,332.7259,329.7551,317.1388,261.8172,312.2163,270.1983,420.4443,187.953,328.1258,476.4963,270.2872,192.3615
2026-08-04,338.346,322.5315,217.3621,208.6489,335.427,329.7854,316.5853,262.0121,313.9634,272.1324,418.5318,186.7689,328.3775,473.4487,269.0658,192.2893
2026-08-05,342.4142,322.1188,217.7185,208.9742,336.7796,329.0091,315.946,262.6001,315.294,272.1966,419.1747,185.8833,325.6814,480.5841,269.6975,192.2147
2026-08-06,342.9943,323.2645,217.3954,208.7296,336.7079,328.2021,316.0938,262.0301,313.4365,270.7935,417.1656,187.6981,325.7131,479.9672,270.6644,192.1766
2026-08-07,339.443,322.5216,217.5068,209.1275,337.6279,328.4782,316.9118,260.5758,312.1887,270.4134,419.5649,190.2543,322.362,476.657,270.2212,192.1719
2026-08-10,337.5603,323.7181,217.3226,208.7126,339.4858,330.3703,317.2466,261.916,313.9855,271.0063,422.3359,188.0444,318.043,474.1483,269.1208,192.341
2026-08-11,331.3856,319.0703,217.8506,208.9037,338.2182,329.7198,315.5249,261.9546,313.1602,270.2998,420.2683,190.2772,314.9326,464.8261,266.8721,192.4439
2026-08-12,336.1039,324.9992,217.285,208.6838,341.2125,328.8618,316.3072,261.1789,315.5251,270.7395,422.2722,189.8233,312.6341,470.3457,268.2041,192.4198
2026-08-13,332.301,324.4072,216.7326,208.4655,340.7596,329.543,316.7928,260.3748,316.5158,270.6944,421.8375,186.8208,311.8991,458.4602,267.6299,192.4221
2026-08-14,333.4237,323.0421,216.2514,207.8565,339.3698,329.4041,315.7175,259.1247,315.8927,269.5696,425.0615,185.8909,311.3568,454.6123,268.2464,192.4776
2026-08-17,337.145,325.2054,216.6496,209.2272,343.0388,331.8589,318.4302,258.7613,317.5639,271.3916,428.3053,187.9353,314.662,464.0527,267.6719,192.3762
2026-08-18,336.9693,322.6644,216.2988,208.395,341.6082,330.8386,317.2315,258.3924,316.2213,271.4979,422.2435,187.2213,313.2403,456.6888,268.2024,192.4966
2026-08-19,335.6897,323.3093,216.3566,209.6724,343.6119,333.9126,319.4411,258.5853,318.3204,271.7805,421.5947,187.3055,312.11,449.4952,269.5104,192.6848
2026-08-20,339.9055,322.1146,217.1403,209.5826,340.2985,332.4352,317.0306,258.4741,318.5271,271.5381,425.285,189.1188,314.2816,461.1534,269.2297,192.6778
2026-08-21,333.8445,322.2627,217.6388,210.3684,340.2209,330.6092,316.574,257.9551,319.3379,271.7254,425.1068,187.8209,315.2262,458.8216,268.1734,192.7101
2026-08-24,337.2222,323.7136,217.3206,210.5104,341.5486,330.1298,317.3517,257.4423,318.8364,271.8605,425.5546,188.2086,314.7607,461.9381,270.7997,192.8159
2026-08-25,337.9858,321.6059,217.1362,210.6362,340.8327,330.7495,317.4953,257.3215,319.6056,271.9599,425.1911,189.9275,314.2372,456.6239,270.6335,192.8771
2026-08-26,339.2363,323.3095,217.2077,211.4927,340.9448,332.6125,318.355,256.6464,319.6033,272.2118,428.6228,192.1412,313.9111,469.0272,270.9001,192.9149
2026-08-27,336.5491,321.2494,216.7122,211.5138,337.9283,331.6871,318.6166,255.5878,317.6462,271.6456,430.6844,192.6145,314.5189,474.059,269.9357,192.9167
2026-08-28,330.8275,317.2133,217.3026,212.0791,333.5409,331.6633,318.804,255.2313,316.8283,271.7684,429.2055,193.6206,315.8272,469.1267,268.747,193.0479
2026-08-31,327.2447,311.0357,217.6891,212.4864,332.919,332.2324,319.2883,254.8433,313.2718,272.4534,423.4031,194.2817,316.1963,458.8585,270.0688,192.9779
2026-09-01,326.8444,312.9199,217.5739,211.293,328.3692,329.6261,317.4971,254.1197,313.0553,270.4651,426.9182,194.6964,313.8337,465.4666,268.6428,193.0177
2026-09-02,329.3054,314.6464,217.9923,211.629,332.4827,331.858,317.9412,254.258,314.1673,272.102,430.115,194.5476,310.3029,475.7876,267.9033,192.931
2026-09-03,320.9081,312.1201,218.1497,211.3656,331.4829,330.4337,317.4129,254.0472,312.2651,272.4038,427.4622,196.2219,307.3267,469.3173,265.0281,192.966
2026-09-04,321.4665,309.8523,217.5237,210.0686,327.7079,327.9404,316.1819,253.4579,311.6242,272.5477,429.2453,195.0855,306.1563,469.2732,264.7578,193.1125
2026-09-07,314.6124,305.7968,217.6042,210.1572,325.1554,327.9418,316.6987,254.1751,310.6741,271.9187,428.9084,194.2868,304.2055,461.6558,262.9142,193.1509
2026-09-08,313.0482,303.2031,217.7072,210.1759,323.5171,328.9019,318.0756,252.9262,310.3157,273.0061,427.5302,193.1774,303.7555,459.8061,260.9446,193.1846
2026-09-09,312.5961,301.716,217.962,211.0206,326.105,330.3173,318.099,253.394,313.1573,273.3018,432.0946,192.4342,303.1197,459.2471,258.2637,193.1849
2026-09-10,314.3266,305.1126,216.8608,209.4571,325.9073,330.7116,319.0341,253.418,311.4617,271.9253,427.9938,192.2289,303.4785,450.2528,260.1211,193.1829
2026-09-11,315.0291,304.632,216.7839,209.2578,325.8047,328.4341,317.8621,252.9901,311.0355,271.6044,429.5211,199.0043,303.9868,444.7262,260.6436,193.1423
2026-09-14,317.4537,309.0342,215.7494,207.993,327.791,328.4186,319.273,253.6626,310.5459,272.4968,428.2642,197.6552,304.1291,447.2469,261.3312,193.0551
2026-09-15,318.4103,309.967,216.7984,208.3025,325.7899,328.2291,318.6516,254.2196,309.8666,272.8182,430.6385,196.3424,302.866,463.8528,262.6667,193.0508
2026-09-16,321.7628,317.1017,217.4517,209.0109,330.6843,329.741,320.1238,256.0075,313.2825,274.8919,435.5407,196.438,308.6873,464.7444,266.0315,193.0998
2026-09-17,324.6783,316.2995,218.4463,209.2439,330.7862,329.5706,318.7344,256.6604,313.1348,274.9267,438.1502,197.457,310.2053,471.8981,266.4089,193.1402
2026-09-18,327.6566,315.0255,218.1751,209.9127,333.475,331.487,320.2629,257.033,314.9562,274.2006,438.0289,197.9968,307.1601,462.2469,267.8295,193.2293
2026-09-21,322.736,312.3888,217.9129,209.6088,332.9932,329.5166,318.2745,256.0331,315.1564,274.0813,440.2646,197.0293,303.5123,455.7917,266.2874,193.171
2026-09-22,319.8142,312.4674,218.7307,210.252,333.315,328.9743,318.8653,256.4075,315.8725,275.6208,441.4156,198.4369,302.13,455.739,266.9843,193.1404
2026-09-23,319.6943,310.3972,219.4138,209.8101,333.2757,329.2072,317.4755,256.6075,313.9447,275.4286,439.5935,195.1964,300.9383,456.5388,267.4066,193.175
2026-09-24,325.1718,314.307,219.5451,210.484,335.5512,330.6036,315.7432,256.0495,317.8355,276.1857,441.0816,197.1387,303.924,460.3898,268.0269,193.2584
2026-09-25,323.8793,313.8449,219.1258,210.9385,338.4586,332.9723,318.743,256.7796,317.0723,276.8863,437.5687,196.4103,303.94,455.3353,268.1123,193.3496
2026-09-28,328.0015,318.0774,218.4399,210.6689,340.6097,333.1979,319.3123,257.2195,318.1035,277.0971,435.6611,197.4655,304.3391,455.6565,270.4311,193.4222
2026-09-29,330.3664,319.4844,218.0288,210.3338,338.6874,331.6222,319.4741,256.9966,317.665,275.5091,438.5652,197.2573,307.0061,460.0107,270.9792,193.4143
2026-09-30,331.6798,320.2719,217.0592,210.4336,337.3666,331.6798,321.4751,257.0242,318.9933,274.4915,438.8555,200.3709,307.7138,459.0551,269.3927,193.4096
