date,EME,DME,Gov,Infl,EMD_L,EMD_H,EMD_C,IG,HYD,SIG,PD,Com,RE,PE,HF,Cash
2007-06-07,100.0876,100.0554,100.1513,100.1716,99.5458,99.9608,100.1931,100.0462,100.4732,99.8518,100.2773,100.582,99.6132,99.5253,100.3112,99.9669
2007-06-08,99.6816,100.4018,99.914,99.4177,99.0397,99.7361,99.922,99.7176,99.7014,99.4187,100.2089,101.128,98.6823,99.2871,99.8885,99.9414
2007-06-11,97.8283,99.5995,99.8419,99.68,98.9879,99.972,100.5577,100.0325,99.8343,99.469,99.5222,100.2746,97.5193,97.2361,99.5979,99.9595
2007-06-12,98.3652,99.7869,99.8362,99.4396,99.8049,100.6095,100.2627,100.0299,99.3177,99.4465,98.8508,100.6416,98.0013,97.3256,99.1415,99.9316
2007-06-13,96.4608,99.5127,99.8315,99.528,100.0291,100.5241,99.4608,99.6843,99.4413,99.3852,98.1928,100.1713,97.2981,95.3844,98.6879,99.9858
2007-06-14,95.199,99.7762,99.6026,98.9322,99.0942,100.1134,99.504,99.4779,98.4214,99.1792,97.1864,101.2201,96.5023,94.3874,98.8343,99.9565
2007-06-15,96.7763,100.6872,100.1924,99.7366,99.5886,100.8636,100.2686,99.7405,99.6321,99.665,98.4545,101.9838,97.4171,97.2092,98.694,100.0307
2007-06-18,98.0146,101.4282,100.3096,99.6598,99.1533,100.6852,99.9461,99.3763,99.5785,99.2908,98.974,103.1803,97.644,99.3385,98.8067,100.0677
2007-06-19,96.3155,100.2271,100.7139,99.7079,98.1657,99.9759,99.5662,99.6723,99.1771,99.278,98.6179,103.0295,97.4538,98.8706,98.593,100.0386
2007-06-20,95.7994,98.8917,100.6174,99.7709,96.8917,99.6275,99.6794,99.0219,98.7166,98.8289,98.7685,101.2503,96.6403,99.8814,98.2443,100.0917
2007-06-21,96.7601,99.3995,100.9491,100.2257,97.5139,100.1426,100.4776,99.4104,99.1174,99.3435,98.2877,101.4898,97.2521,100.2705,98.928,100.0861
2007-06-22,95.9529,98.665,100.6541,100.2531,97.9094,100.301,100.862,99.2163,98.618,99.1297,97.161,100.2668,96.8627,97.813,99.0733,100.0751
2007-06-25,95.5565,98.1415,100.4022,99.8448,97.7851,100.2958,100.9205,99.3547,98.0765,98.9448,97.1608,101.0725,95.3358,97.1238,98.9775,100.025
2007-06-26,97.6059,100.7164,100.0216,99.5323,98.8412,101.1536,101.0636,99.4163,99.3262,98.9777,97.8547,101.3338,95.9197,97.0061,99.2714,100.0189
2007-06-27,95.4109,100.2385,100.0295,99.6074,98.3615,101.2343,101.0306,99.2929,98.817,98.7466,97.2845,99.8212,95.2568,96.1086,99.128,100.0252
2007-06-28,95.8802,101.5522,99.8979,99.7415,98.9574,101.5057,101.4483,99.1425,99.4079,99.0987,97.127,99.0002,95.5226,96.5657,99.397,100.0459
2007-06-29,97.6345,102.5392,100.1074,99.9533,99.1612,101.8204,101.8929,99.5038,100.2594,99.1651,97.8924,99.6432,96.1083,97.3622,100.0789,100.0219
2007-07-02,98.0322,102.0375,99.9263,99.7365,99.2154,102.0026,101.9725,99.5952,100.363,99.3908,98.7049,98.9487,96.062,97.2444,99.9539,100.0277
2007-07-03,97.4912,102.9237,100.1541,100.1138,99.6115,102.8955,102.5179,99.5497,100.6344,99.7801,99.0821,98.0487,95.6017,99.2024,99.6298,100.0257
2007-07-04,98.4719,104.1471,100.4068,100.3838,100.1532,103.0832,102.5263,99.857,101.5712,100.1421,100.031,99.833,96.3334,99.934,100.0036,99.9783
2007-07-05,98.8329,104.7667,100.4363,100.2447,99.2754,102.7727,102.137,99.5152,101.7681,99.9366,100.2244,98.0895,97.5002,101.5442,99.8341,99.9962
2007-07-06,100.8973,106.5881,100.7999,100.324,100.4096,103.7451,102.3864,100.0411,102.2987,100.0389,99.9902,99.9612,99.5168,101.3633,100.2082,99.9596
2007-07-09,101.978,107.6905,100.8585,99.7117,100.91,104.141,102.312,100.2339,101.6949,100.437,100.3783,100.6492,99.6696,103.0228,100.3237,99.9766
2007-07-10,101.0136,107.5261,100.3154,99.3827,100.8344,104.1782,102.2111,99.7749,100.9818,100.4041,98.2704,99.9547,99.2585,101.0752,100.4356,99.9685
2007-07-11,99.8755,106.8373,100.1718,99.0916,100.3542,104.2278,101.6478,99.8387,100.7215,100.2528,97.204,99.6806,98.6226,98.8063,100.5239,99.9955
2007-07-12,102.3633,107.7104,99.5502,98.7671,101.234,104.3881,101.4483,99.8071,100.2936,99.8868,97.2133,102.1313,99.4537,100.0728,100.8305,100.0461
2007-07-13,100.6621,106.6778,99.6879,98.9975,100.6741,103.8837,101.1357,99.3369,99.4775,99.7849,96.9163,101.3072,99.5337,100.2744,100.8638,100.036
2007-07-16,102.5392,108.0227,99.6682,99.3263,101.6594,104.852,101.8208,99.4464,100.1607,100.1064,97.8123,101.3217,99.204,102.3487,101.6978,100.0269
2007-07-17,103.2692,108.9921,99.7492,99.4568,101.5832,105.4609,102.6508,99.632,100.8087,100.7041,98.4191,102.4497,99.3847,102.2816,102.5847,99.9748
2007-07-18,105.4403,110.0459,100.2084,99.8348,102.6039,106.2012,103.2994,100.0404,101.7228,101.2927,100.0433,101.0557,99.449,106.333,102.6437,99.9219
2007-07-19,106.7591,110.6396,100.0957,99.4848,103.1918,105.8713,102.9261,99.8572,101.4404,101.5602,100.1869,101.4252,99.6723,108.6057,102.2972,99.9772
2007-07-20,106.4959,110.2157,100.3241,99.5863,102.227,106.2563,103.0995,99.6741,100.3972,100.8381,99.9301,103.1424,99.8715,109.3736,102.3912,99.99
2007-07-23,105.8533,110.0903,100.7025,99.9148,103.1127,106.2476,102.9717,100.0017,100.5975,101.0407,99.9989,104.7171,99.8218,108.4599,102.1542,99.9984
2007-07-24,103.4316,108.6062,100.9748,100.1428,102.8108,105.727,102.6067,99.4234,100.1963,101.3612,99.6072,105.5213,98.9551,106.1837,101.8513,100.0598
2007-07-25,103.4395,108.8907,100.5163,99.8632,102.8313,105.6535,102.6908,98.6948,100.1841,101.4869,99.0726,103.863,98.1579,105.2042,102.183,100.0239
2007-07-26,103.4822,109.1597,100.5465,100.0305,102.9845,106.2636,102.6971,98.8519,101.2065,101.5019,99.0194,103.1809,97.8194,102.4996,102.8822,100.0568
2007-07-27,100.2129,106.9725,100.1396,99.8246,101.7573,105.3811,101.8808,98.4048,100.7994,100.8571,97.5894,102.2232,95.8408,98.3413,102.2541,100.1212
2007-07-30,102.4782,109.5031,100.6427,100.4527,101.2998,105.976,102.467,98.6566,102.2737,100.9737,99.4441,104.2934,97.0848,103.052,102.5674,100.1302
2007-07-31,104.3545,110.9657,100.2486,100.1574,101.2817,106.2663,102.7874,98.3778,102.913,101.1446,99.3709,103.6405,97.135,104.01,102.8823,100.1711
2007-08-01,103.5661,111.4739,100.6071,100.5985,101.1652,106.7035,103.4705,98.6615,103.1872,100.9195,99.0192,102.8194,98.4736,101.9587,103.4801,100.1639
2007-08-02,104.0761,112.368,100.8495,101.1888,101.1401,107.5155,104.1369,98.3898,103.483,101.3609,100.5473,103.0628,99.5313,104.6665,104.0103,100.1511
2007-08-03,100.7572,109.8883,101.5544,101.7591,100.5201,107.8687,103.9768,98.9596,103.2991,101.7013,100.0444,104.3922,98.8378,101.9007,103.3879,100.0862
2007-08-06,99.8442,110.0329,101.88,102.1729,100.7567,107.7946,104.5037,98.7181,103.2735,102.2533,100.6996,102.7425,99.6164,103.737,102.8514,100.1599
2007-08-07,98.4982,108.517,101.9397,102.0666,100.5456,107.6366,103.7745,98.6174,102.9986,102.4162,100.6352,101.7389,98.8231,102.8069,102.3329,100.1532
2007-08-08,99.1463,109.7677,101.7399,101.5164,101.0788,107.6668,103.9263,98.7517,102.9389,102.2772,100.7696,104.8163,97.5752,102.2997,102.0798,100.1496
2007-08-09,97.1502,108.2604,101.5354,101.4292,100.0834,107.7706,104.0109,98.6913,103.2083,102.1906,100.5184,104.3423,96.6647,98.2912,101.8314,100.0907
2007-08-10,95.7702,106.6166,100.9357,101.1664,99.9178,107.7874,104.0956,98.3652,102.7643,102.1886,99.7032,102.4133,94.3262,96.617,101.4344,100.129
2007-08-13,95.728,106.3768,101.4064,101.0282,98.6617,107.0593,102.9545,98.1784,102.0813,101.5086,100.9272,103.1333,95.3787,99.6248,100.8605,100.1631
2007-08-14,95.5198,106.5598,101.4538,101.2279,98.4903,107.3575,103.1561,98.2596,102.326,101.2384,100.6577,103.5313,96.2155,99.6495,100.1107,100.1186
2007-08-15,94.5335,105.7231,101.3459,101.1725,98.0726,107.2492,102.5959,97.7737,102.3162,100.9476,100.5263,103.2393,95.3432,98.5738,99.5358,100.1069
2007-08-16,96.3031,106.4762,101.4937,101.1398,97.5072,107.7514,102.9478,98.3306,102.7596,100.7262,100.1245,103.3344,96.2755,99.7337,99.9998,100.062
2007-08-17,95.7721,106.011,101.4138,100.9612,97.3102,107.0482,102.8611,98.1612,102.646,100.0197,100.3023,104.0407,95.2719,97.8819,99.7377,100.054
2007-08-20,93.1772,104.4698,101.7256,101.1319,96.9428,106.5094,102.974,98.6816,101.9954,99.7014,99.4855,104.6043,93.9877,96.3944,98.8319,100.03
2007-08-21,92.4606,104.1456,101.7354,100.9116,96.5201,106.48,102.5961,98.5206,101.803,99.4732,99.4811,104.9426,94.9706,94.5914,98.4168,100.0395
2007-08-22,94.3635,105.7328,101.8497,101.1682,99.1453,108.5364,103.4314,99.0813,102.3213,100.0363,99.345,106.0883,95.8117,94.4185,98.4448,100.0223
2007-08-23,95.7923,106.5416,101.405,101.2763,99.1399,108.4888,104.366,98.6782,102.9674,100.1285,98.7287,106.1471,97.1414,94.1742,98.3812,100.0163
2007-08-24,94.998,106.2014,101.3447,101.2905,99.1801,108.3865,104.7284,98.8037,102.5378,100.0309,98.7599,107.2709,97.0967,92.369,98.8286,100.0928
2007-08-27,93.7762,105.477,101.0938,100.8165,97.8258,107.1378,104.3328,98.5814,101.9746,99.5749,98.8071,107.0961,97.2074,91.5122,98.4788,100.103
2007-08-28,91.661,104.0472,101.7737,101.3339,98.0221,106.9948,103.9307,98.5982,102.1646,99.9218,98.6173,106.8323,95.7498,89.1747,98.7033,100.0804
2007-08-29,91.1219,102.2975,101.7342,101.4431,97.4314,106.4613,103.7643,98.3196,102.0736,99.4219,98.4286,107.1689,95.6819,87.2203,98.1977,100.0974
2007-08-30,89.9568,101.0203,101.9972,101.7705,98.1315,106.3406,103.3347,98.4575,102.1777,99.6167,98.2911,106.2392,93.9307,86.6977,97.8206,100.0454
2007-08-31,89.1735,99.7907,102.2387,102.0443,98.4124,106.6281,103.5903,98.8941,102.0204,99.8362,97.4025,104.9979,94.4438,84.779,97.977,100.0335
2007-09-03,89.5211,99.7792,102.1782,102.035,98.7608,106.7882,104.2053,99.339,101.8477,100.0018,97.5831,104.9314,94.0804,85.5634,98.078,99.953
2007-09-04,92.4176,102.0588,102.1031,102.0777,99.5739,107.0452,104.4562,99.648,102.8811,100.0628,99.4697,105.281,95.2329,88.5153,98.9481,100.0369
2007-09-05,92.8742,102.2375,102.2177,102.3626,100.4669,107.0372,104.4427,99.7862,103.16,100.1975,99.3512,104.2627,95.3849,88.8958,99.2335,100.0164
2007-09-06,93.0633,101.6832,102.1112,102.0257,99.301,107.3918,104.7154,100.2921,103.3801,100.2303,99.2232,104.2238,94.9328,88.7035,99.0176,100.022
2007-09-07,92.8539,101.08,102.1244,101.9334,99.437,106.9855,104.4839,100.643,103.7016,100.1112,99.3274,104.0787,94.8155,88.1499,98.1716,99.9934
2007-09-10,93.4289,101.595,102.5073,102.1422,99.825,106.8119,104.3084,100.6341,103.2748,100.2641,99.4672,105.4581,95.3192,90.1769,98.4788,99.9672
2007-09-11,93.3443,102.0654,101.9813,101.5262,99.2714,106.6647,104.1801,100.2475,103.0534,99.9834,98.8026,103.3283,95.0763,88.6181,99.152,99.9871
2007-09-12,94.3282,102.5638,102.1107,101.7074,99.6571,107.3246,104.2227,100.5729,103.9067,99.9791,100.0516,102.8735,95.43,89.7361,98.8934,99.9918
2007-09-13,92.6906,102.1089,102.0504,101.9424,99.4136,108.1502,104.6207,100.3359,103.188,99.9841,99.6602,102.7301,96.323,89.1876,98.3639,100.0031
2007-09-14,94.2777,103.5194,101.5573,101.5115,100.6773,109.0181,104.9706,100.7219,103.5085,100.0095,99.5841,104.4113,95.0761,89.9218,98.0385,99.9092
2007-09-17,95.2668,104.9706,101.6691,101.4689,100.1039,108.9283,105.0298,100.7544,103.5818,99.9641,100.7319,104.5009,94.7462,92.7324,99.2499,99.9419
2007-09-18,93.86,103.8177,101.4605,101.5265,99.8377,109.2145,105.3609,101.0279,103.4386,100.1787,99.6875,104.9924,94.8773,91.2667,98.1834,99.8708
2007-09-19,93.9426,101.7682,101.4199,102.2456,100.9572,110.756,106.8258,101.4671,103.5771,100.6528,98.9558,103.5873,93.8043,90.3418,97.7463,99.885
2007-09-20,94.3615,102.0102,101.384,102.135,101.3988,110.8289,106.4938,101.5678,103.4822,100.3387,99.4175,103.3109,93.1352,92.213,97.1354,99.8316
2007-09-21,94.3446,101.5902,101.145,101.7788,100.7976,110.2189,106.1566,101.2591,102.9266,100.2187,98.7504,103.6891,92.9574,91.641,97.4602,99.8446
2007-09-24,94.0523,100.6881,100.7383,101.8564,100.3238,110.2259,106.047,100.9891,103.0812,100.3358,97.9605,105.8994,93.1242,89.8806,97.27,99.8496
2007-09-25,93.8735,100.1605,100.2899,101.5248,100.7397,110.0172,105.4339,101.1444,103.5308,100.3464,96.9199,104.8253,92.3464,87.8109,96.9788,99.787
2007-09-26,92.9163,99.7158,100.664,101.5001,100.6916,110.0613,104.7325,101.5129,102.803,100.5966,96.3594,103.6978,92.4859,88.3329,97.3619,99.8296
2007-09-27,92.2159,99.445,100.7595,101.2949,100.5511,108.9503,103.9588,101.0052,102.0869,100.4262,95.4813,104.5377,93.3824,86.5151,97.6952,99.7833
2007-09-28,93.7164,100.561,101.2427,101.7596,100.9504,109.8845,104.5984,101.2835,102.8722,100.8238,96.5777,105.389,93.8643,89.3947,97.6174,99.7433
2007-10-01,95.69,101.7923,101.0813,101.5201,100.733,109.5203,104.1752,101.2459,103.402,100.7042,96.791,103.9135,96.1603,90.251,98.3818,99.7298
2007-10-02,95.2052,102.9534,100.9547,101.118,100.4495,109.0237,103.8015,101.0992,103.3557,100.4125,97.0509,105.04,95.5751,90.5687,98.0508,99.7829
2007-10-03,94.0925,102.9867,101.2565,100.9092,99.717,108.1763,103.4806,100.6404,102.7767,100.3142,97.0044,103.6348,95.1417,89.7982,98.8838,99.7809
2007-10-04,94.9074,103.3092,101.5374,100.8478,100.0035,108.316,103.2682,101.1246,102.9297,100.5778,96.953,104.903,94.6702,91.0246,98.887,99.7784
2007-10-05,93.4758,102.66,101.2511,100.4543,98.8073,107.1977,102.5233,100.4146,102.2885,99.9875,95.8778,104.7938,95.0638,89.6715,98.0163,99.8056
2007-10-08,92.3973,101.703,101.624,100.7689,98.37,106.3167,101.7551,100.2369,102.5128,100.0197,95.423,104.7479,95.5616,88.719,97.7767,99.8097
2007-10-09,91.5714,100.9788,101.5542,100.8311,98.3465,106.1328,101.8349,100.1926,103.0734,100.1346,95.6013,102.6641,94.9295,86.9686,97.6881,99.8029
2007-10-10,90.6967,100.1243,101.7972,101.1819,98.5611,105.5865,102.016,100.2903,103.0983,100.3492,96.4439,102.1341,94.7636,85.3748,98.7096,99.837
2007-10-11,90.9789,100.1696,101.7168,100.8523,97.5308,104.9595,101.6773,100.0532,103.8474,100.4346,97.2399,101.5273,94.2695,85.9546,98.3218,99.7941
2007-10-12,92.9544,102.0877,102.0518,101.036,98.1914,105.8733,102.2453,100.4141,105.1602,100.4398,98.4169,101.4304,94.7275,86.4525,99.1359,99.853
2007-10-15,92.1551,102.4397,101.8675,100.709,97.2482,105.0535,101.7326,99.798,104.6223,99.8695,97.7199,101.7601,94.4446,86.7742,98.7109,99.8051
2007-10-16,92.8181,102.2484,101.9384,100.8577,97.1854,105.4039,101.2036,99.3747,104.2775,99.7673,97.3817,102.2816,95.8368,87.053,98.9963,99.8434
2007-10-17,91.7487,101.5982,101.9395,100.4889,95.9732,104.113,101.0521,99.5017,103.7085,99.7414,96.5056,101.6301,95.5707,86.3985,99.2585,99.8322
2007-10-18,92.016,101.7314,102.0038,101.369,97.5067,104.9934,102.2337,99.4429,103.9434,100.6096,96.548,100.9361,95.261,87.9449,99.5014,99.8552
2007-10-19,90.978,100.6292,102.2271,101.4166,97.4661,105.214,101.6957,99.8338,104.1511,100.9244,96.2292,100.848,93.6757,86.5338,99.7611,99.8617
2007-10-22,90.7655,100.6107,102.0654,101.091,97.4069,105.4888,101.1755,99.9503,103.6304,100.9254,95.8375,100.1245,93.5591,86.2406,100.4656,99.8039
2007-10-23,90.3321,99.6983,101.9182,101.2369,98.1256,106.0522,100.6344,99.6042,103.4891,101.3476,95.2198,99.2011,93.2894,85.5018,100.3359,99.8472
2007-10-24,91.3568,100.1183,102.0119,101.6367,99.7347,106.764,100.4656,99.9846,105.2177,101.5658,95.558,99.3287,93.0308,84.1567,100.1109,99.8821
2007-10-25,91.6444,100.2734,102.165,101.6466,99.8965,107.0265,100.6888,99.9044,105.3725,102.0674,96.1612,98.943,93.003,84.6033,100.2965,99.9347
2007-10-26,90.7936,98.9078,101.5699,101.305,100.1176,106.5446,99.7707,99.086,104.6255,101.5412,94.5936,97.8098,91.6639,82.5884,99.8326,99.8803
2007-10-29,89.7318,98.9212,101.417,100.9595,98.9959,105.8883,99.0459,98.7091,103.2974,100.3924,93.8372,98.031,91.9922,82.4043,100.0132,99.9413
2007-10-30,88.6916,97.7689,101.4325,101.0499,99.7149,105.1934,98.8603,98.4534,102.7342,100.1583,93.4699,97.8996,91.5308,81.3403,99.1072,99.9371
2007-10-31,87.7797,97.6084,101.4713,101.7077,99.8052,104.8489,99.1224,97.9587,103.6944,100.3821,94.1927,97.981,90.9297,80.3058,99.3706,99.9628
2007-11-01,87.7571,97.8906,101.3082,101.7152,99.7624,104.2255,99.0417,97.7237,103.8454,100.3552,94.2221,97.6428,90.6322,81.2835,99.0431,99.9388
2007-11-02,87.4742,96.6747,101.0332,101.4955,99.803,103.9893,98.504,97.1306,103.2104,99.8942,93.883,96.0215,90.361,79.7841,99.0736,99.9926
2007-11-05,85.4602,94.8771,100.7039,100.9978,99.3382,103.2379,98.1532,96.9452,102.6427,99.6874,92.6052,95.6248,88.457,76.8173,98.1302,99.9312
2007-11-06,82.5896,93.1942,100.2416,100.5383,97.942,102.165,96.9589,96.1563,101.6547,99.0865,91.9191,95.1162,87.9336,73.9706,97.5837,99.8942
2007-11-07,81.175,92.361,100.8758,101.2668,98.156,101.8929,96.3737,96.1484,102.4863,99.5303,92.0919,94.7732,87.9028,72.836,97.5015,99.8846
2007-11-08,80.1853,91.6864,100.9349,100.937,96.8778,101.4983,95.8499,95.772,101.9741,99.1038,92.4408,94.3399,87.573,72.335,97.3029,99.9049
2007-11-09,81.615,93.3601,100.5148,99.9429,96.4486,100.1346,95.2148,95.5762,101.1164,98.4492,91.6666,95.4839,87.777,73.781,97.8372,99.9236
2007-11-12,81.0312,92.0051,100.6848,100.2295,96.6168,100.429,95.6412,95.7189,100.8471,98.6448,91.0898,96.7374,87.1576,72.5735,97.4742,99.9208
2007-11-13,83.13,93.8526,100.8445,100.2389,97.4229,101.47,96.6239,96.4006,102.0157,99.1304,91.5686,95.9877,88.7448,73.8176,97.411,99.9075
2007-11-14,83.0698,94.0181,101.2832,100.7728,97.8469,101.8837,97.3595,96.9699,102.5671,99.6091,91.2822,95.1133,88.7344,74.2307,97.5974,99.8483
2007-11-15,83.0954,94.331,101.6985,100.802,98.1112,102.127,97.2202,97.218,102.6063,99.9237,90.9973,95.0165,88.5846,74.851,97.5272,99.8786
2007-11-16,83.9376,95.5391,102.1749,101.4761,99.1143,102.6393,98.0069,97.8679,103.7116,100.2281,91.7617,94.9109,89.5599,76.0179,97.6568,99.921
2007-11-19,83.0588,94.4153,102.3242,101.7096,99.179,102.1757,97.6639,97.6782,103.8543,100.4202,91.7849,94.3955,88.8545,75.0249,97.6259,99.9375
2007-11-20,82.9975,94.9595,102.432,101.5118,98.8052,101.877,97.5275,97.9302,103.9478,100.4126,91.5273,93.8618,88.7698,74.9026,98.214,99.9142
2007-11-21,82.7189,94.9164,102.252,101.0701,98.6527,101.5012,97.0224,97.5613,103.7828,100.5667,91.2878,93.5759,87.7162,74.1771,98.4862,99.8927
2007-11-22,83.5371,96.8471,102.0999,100.6629,98.9781,101.1067,96.3998,97.0734,103.3356,100.383,91.4519,92.6294,88.8549,75.9262,99.0986,99.8825
2007-11-23,83.4245,96.7599,101.571,100.271,98.5467,100.1132,95.9968,96.7466,103.0076,99.9568,90.6926,93.9913,87.2956,76.4778,98.4493,99.8706
2007-11-26,82.8708,96.1012,101.7652,100.172,97.8988,99.6364,95.5823,96.3368,102.0434,99.9887,89.7227,95.8095,87.1497,76.2964,98.4607,99.888
2007-11-27,84.6391,98.1384,101.9632,100.5797,99.0331,101.3206,96.6335,96.5906,103.0285,100.8176,90.6272,97.2108,87.6017,77.7875,99.2526,99.9023
2007-11-28,83.6466,96.3739,102.7756,101.6162,98.9637,102.3196,97.5653,96.93,102.8486,100.9969,90.3277,97.5806,86.9869,77.6596,99.0165,99.9474
2007-11-29,82.3262,95.5179,102.6042,101.0727,98.3651,101.6088,96.3981,96.9485,101.5413,100.4642,88.9979,97.0897,86.4721,77.2226,98.8035,99.9302
2007-11-30,83.9423,95.6138,102.6268,100.9386,98.1442,101.6367,96.0692,97.3856,101.8264,100.5433,89.2492,96.1889,87.0164,79.6822,98.7084,99.9969
2007-12-03,82.7146,94.2562,102.7375,100.7713,97.102,101.466,95.2537,97.1867,101.0939,99.8114,88.601,97.1841,87.0758,78.2777,97.8866,99.9511
2007-12-04,81.5402,93.6626,102.8018,100.6399,96.7918,100.8636,95.127,97.2292,100.3998,99.8793,88.6476,97.5425,86.9769,77.7825,97.8655,99.923
2007-12-05,83.5754,94.7916,102.9882,100.9672,97.3035,101.2676,95.6672,97.3722,101.1874,100.0807,88.8963,99.0249,88.5292,78.6289,98.3435,99.8688
2007-12-06,82.229,93.256,103.3411,101.2385,95.6537,101.0862,95.7338,97.3959,101.2452,100.2421,89.1347,98.1349,88.6039,78.9386,97.4739,99.9027
2007-12-07,82.186,92.435,103.0126,100.7678,95.4504,101.3448,95.8566,97.5251,101.0863,100.3139,88.6403,96.2564,87.68,78.3853,96.8231,99.9415
2007-12-10,82.7809,93.1305,103.1693,100.9928,95.8261,101.1496,96.0656,97.7147,102.1391,100.5893,88.2101,97.2892,87.4588,77.6284,97.1356,99.9883
2007-12-11,82.3053,91.6997,102.9609,100.6615,95.1257,100.7021,95.9237,97.7787,101.7833,100.6187,87.5561,97.4966,86.5537,76.7997,96.53,99.962
2007-12-12,81.5073,91.091,102.7621,100.5319,94.2725,100.0874,95.5099,97.4207,101.6152,99.8355,86.969,95.9076,86.0413,76.5896,95.7591,99.9643
2007-12-13,83.1685,93.2626,102.5491,100.9438,95.8004,101.4388,96.2711,97.6328,102.8195,99.7698,86.9482,96.7622,86.4367,76.8891,96.292,99.9036
2007-12-14,81.6651,92.1702,102.3698,101.0584,95.7517,101.4262,96.0196,97.4782,102.7912,99.709,87.0441,95.8599,85.1112,75.3838,96.2222,99.903
2007-12-17,82.7608,93.033,102.1559,101.0274,97.7436,101.4282,95.5052,97.2911,103.2321,99.7927,86.7943,96.0599,84.8609,74.7824,96.5162,99.8583
2007-12-18,83.929,93.1946,102.423,101.7114,98.2568,102.6636,96.488,98.1525,104.1458,99.9955,87.19,97.5507,85.779,75.3751,96.4759,99.8586
2007-12-19,85.5878,95.0519,102.4782,101.9208,99.7882,103.6894,96.6914,98.5976,105.6626,100.1994,88.2429,97.9816,86.2651,75.7905,96.7339,99.8731
2007-12-20,85.0103,94.5568,102.4474,101.5656,99.5576,103.3741,95.9303,98.608,104.7858,100.0074,87.9745,97.6951,86.3639,76.1321,96.4479,99.898
2007-12-21,84.5877,93.9167,102.2753,101.1489,97.7963,102.548,95.4795,98.3181,104.3112,99.6544,88.0693,98.3617,86.0092,76.3294,96.4354,99.9171
2007-12-24,84.3066,94.3475,102.6163,101.9336,98.1872,102.8948,96.1281,98.2392,105.0494,99.9213,87.8491,98.3119,86.4034,76.1929,96.5895,99.905
2007-12-25,82.708,93.5864,102.7384,101.8532,97.8725,102.5119,95.9024,97.7366,103.539,99.597,88.1441,97.6937,86.0477,77.0413,95.9951,99.9349
2007-12-26,83.881,93.4162,102.9324,102.6033,99.8309,103.2078,96.7627,98.2331,104.1355,99.9824,87.1579,97.2923,85.0933,76.8892,96.5217,99.9604
2007-12-27,80.5772,90.8863,103.6025,103.2218,98.989,102.4432,96.3344,98.3391,103.2828,99.5958,86.3235,96.74,84.0364,74.6546,96.2496,99.9196
2007-12-28,81.7281,92.1839,103.8322,103.5681,100.1697,102.7672,96.6258,98.7511,103.8049,99.7189,86.6094,96.4218,85.2317,76.169,96.3977,99.9148
2007-12-31,82.2261,92.5334,103.4633,103.1063,99.687,102.3016,96.3209,98.0891,103.938,99.5806,86.9302,95.2478,84.3724,76.8817,96.3395,99.923
2008-01-01,81.4131,91.7992,102.7327,102.4921,98.6879,101.6814,96.0734,97.9137,103.8029,99.2412,85.8028,93.9706,83.7857,73.9882,96.7199,99.9727
2008-01-02,80.7556,90.9306,102.8857,102.2774,97.184,101.5501,95.7714,98.1528,104.5116,99.1736,86.416,94.1036,82.899,72.5418,96.719,99.9403
2008-01-03,78.9908,88.8242,103.2051,102.0317,95.909,100.0745,93.9922,97.7869,103.207,98.8182,85.968,93.8823,83.4785,71.5152,96.5655,99.9311
2008-01-04,78.333,88.4682,103.4261,102.0387,94.9315,100.0768,93.9507,97.6984,103.0717,98.6878,86.6632,93.8357,82.5082,71.5947,97.0539,99.974
2008-01-07,77.9391,88.5117,103.0369,101.4134,94.6766,99.3629,93.4742,97.1612,102.9491,98.4466,87.1632,92.7162,81.5235,71.6932,96.1763,100.0198
2008-01-08,78.5478,88.9592,102.7622,101.308,95.2295,100.2774,93.7778,97.6865,104.1876,98.4644,87.0069,91.322,81.2166,70.6853,95.8091,100.0571
2008-01-09,78.8443,88.6592,102.7128,101.5237,94.46,100.0358,93.8436,96.9836,104.6324,98.1934,87.8157,90.4677,82.1553,70.3855,95.9149,100.1067
2008-01-10,79.2613,89.5925,102.1238,101.3115,94.5213,100.6019,94.1421,96.9602,104.8271,97.572,87.2258,89.5403,82.7033,70.1471,95.5568,100.1473
2008-01-11,80.3248,89.9527,101.8318,101.1515,94.997,100.3176,94.2388,96.7977,104.9784,97.7756,87.4216,89.855,83.3127,70.2472,95.8089,100.1466
2008-01-14,79.5597,88.9134,101.6307,100.9374,94.9642,100.1635,93.7918,96.1928,103.9962,97.7815,86.5249,89.665,82.458,69.3664,95.7824,100.1622
2008-01-15,81.3694,90.6709,101.2398,100.5944,96.2505,100.4148,94.0771,96.5445,104.7184,97.6154,86.3617,90.1107,82.8197,69.9834,95.3336,100.1208
2008-01-16,81.7252,90.5814,101.554,100.869,96.1188,100.9825,94.7285,96.414,104.4038,97.3088,86.2552,90.2492,82.1071,70.7561,95.3341,100.091
2008-01-17,80.8346,89.8924,102.3001,101.1157,95.4271,100.2578,93.6948,96.2805,104.1596,96.8579,87.5286,89.8071,81.6505,72.4431,94.8843,100.0944
2008-01-18,81.6792,90.0409,101.9251,101.4226,96.0776,100.9214,94.2681,96.3126,105.6468,96.8231,87.9652,89.6558,81.2785,71.5739,94.4478,100.1556
2008-01-21,84.2181,91.1404,102.0272,101.9645,96.7237,101.2316,94.513,96.3136,106.6244,97.2756,88.5746,90.9495,83.0673,73.68,95.1412,100.167
2008-01-22,85.4408,91.0695,102.9888,102.5995,97.5236,101.339,94.4884,96.8806,106.503,98.0202,88.8526,91.0768,83.717,77.4388,95.1614,100.1306
2008-01-23,86.0263,91.3262,103.3493,103.4164,98.886,102.411,95.2407,97.6381,107.8322,98.5263,88.9614,92.4763,83.8097,76.1771,95.6984,100.1689
2008-01-24,84.2389,89.8347,103.1606,102.9652,97.6274,101.8287,94.5852,96.8256,106.6172,98.321,88.1023,91.9031,83.2611,74.0631,95.6902,100.2156
2008-01-25,82.7965,88.9206,103.2915,103.5965,98.5398,102.4653,94.8405,96.9032,106.957,98.7372,87.2841,90.3543,82.5875,72.6174,95.3447,100.2319
2008-01-28,82.2004,87.2193,103.5417,103.8781,97.5569,101.5975,94.1824,96.8193,107.0134,98.3068,86.7373,90.3398,82.2631,71.4912,95.3639,100.2089
2008-01-29,82.7319,87.095,103.6931,104.1305,97.2089,101.8264,94.3775,96.7935,106.6836,98.5557,87.5032,91.1335,83.1315,73.1797,95.6321,100.2081
2008-01-30,82.3255,86.4834,103.6099,104.2312,97.07,101.8451,95.0002,96.7722,106.5262,98.5196,86.289,89.7691,83.456,71.9698,95.3678,100.1734
2008-01-31,81.5136,86.3093,102.838,102.9076,96.3543,100.9064,93.9859,95.7098,105.1644,97.7957,85.4822,90.443,82.7352,70.3428,94.3934,100.2189
2008-02-01,81.7461,86.6812,102.9545,103.1142,96.6778,101.3313,94.4395,95.8267,104.9142,97.8787,85.1394,89.8032,83.0561,70.705,94.9378,100.2776
2008-02-04,80.8899,86.6542,102.9681,103.2123,96.0065,100.9202,93.9537,95.4449,104.8779,97.5739,85.2044,89.5741,83.2053,71.3052,94.3709,100.2714
2008-02-05,82.338,87.5606,102.4991,102.9158,96.4467,101.0096,94.0138,95.3717,105.1266,97.3752,85.9099,89.3243,84.2087,71.9085,94.5559,100.2846
2008-02-06,83.2287,88.7381,102.6324,102.9897,96.3687,101.0269,94.0741,95.3937,105.9583,97.5025,87.4954,88.4798,85.5028,73.4199,94.8233,100.2874
2008-02-07,83.9839,90.2422,102.7714,103.1619,96.8151,101.1178,94.4312,95.4751,105.8792,97.3093,88.1126,88.6555,86.0944,76.5613,94.3948,100.3026
2008-02-08,82.8464,88.9278,102.4303,102.8131,96.4267,100.322,93.9526,94.8168,104.7914,97.1148,87.6372,88.5872,85.1997,75.1329,94.3552,100.337
2008-02-11,84.1424,90.3039,102.3368,102.715,97.0806,100.6992,94.394,94.7962,104.6691,97.0472,88.7571,89.9377,85.6586,76.749,94.6591,100.3302
2008-02-12,84.8941,91.1152,102.2726,102.7082,96.884,100.6151,93.8596,94.102,104.5845,96.602,89.3294,90.3279,87.0533,78.2858,94.306,100.3106
2008-02-13,85.3062,90.6078,101.7995,102.7829,97.2584,101.1294,94.302,93.5013,104.8617,96.7031,88.9332,90.7872,87.1207,76.587,93.9565,100.3452
2008-02-14,84.8741,89.9112,102.0049,103.2634,97.1199,101.6226,94.7356,93.627,104.3185,96.6098,88.3915,91.2008,87.7481,76.7328,93.8908,100.338
2008-02-15,84.2927,89.74,101.8654,103.391,98.0712,101.7426,94.8331,93.7613,104.3591,96.788,88.0987,90.8573,87.9726,75.6686,93.5897,100.2885
2008-02-18,83.3157,89.0891,102.1808,103.5289,97.2216,101.5569,94.7678,93.921,103.7006,96.7208,87.5281,89.9189,87.819,76.7026,93.3892,100.3297
2008-02-19,83.2524,89.627,102.1046,103.173,96.5469,100.8286,94.4383,93.6477,103.0755,96.0771,87.9677,89.106,88.5764,77.5116,93.5215,100.4198
2008-02-20,84.477,90.4394,102.429,103.5549,97.8313,101.3058,94.6654,94.0877,103.1783,96.1666,87.5663,89.6537,89.7757,78.2537,93.9285,100.4808
2008-02-21,83.2475,90.1501,102.6832,103.4779,98.0008,101.0289,94.3585,94.4394,102.8444,95.9629,86.8656,87.7923,90.4123,76.7554,93.8103,100.4868
2008-02-22,83.8344,89.5816,102.7542,103.2407,98.1091,100.9547,94.336,94.6755,102.1061,95.8786,85.9638,88.0876,90.2639,76.644,94.0314,100.5208
2008-02-25,83.2954,89.0271,102.6083,102.8899,97.582,101.039,94.2613,94.5657,101.8665,95.8789,86.0123,88.8865,88.979,75.2026,94.2681,100.5864
2008-02-26,84.4808,88.8356,102.5736,102.9123,97.5554,100.8202,94.148,94.5085,102.4666,95.9988,86.2331,88.4417,89.1472,76.0497,94.0334,100.5333
2008-02-27,84.0962,88.9763,102.3179,103.0359,99.2031,101.5048,94.5865,94.5335,102.1916,96.3265,85.4029,88.3455,88.6107,74.9429,94.0309,100.5429
2008-02-28,83.2375,89.2877,102.3712,103.0093,99.3177,101.5044,94.4545,94.2484,101.4366,96.066,85.0126,88.1338,88.5958,75.8325,93.3737,100.542
2008-02-29,83.1521,88.2495,102.5842,103.1661,100.1381,101.7717,94.5704,94.4605,101.0287,96.2563,84.6635,87.5666,88.5305,74.8764,93.4543,100.563
2008-03-03,84.7912,88.919,102.5093,103.7335,100.8844,102.4165,95.4006,94.3509,101.8968,96.3861,85.2447,87.8721,90.0087,75.4093,93.6912,100.5512
2008-03-04,86.6155,90.4559,102.5367,103.7331,100.9712,103.0103,95.5716,94.3452,102.8043,96.2595,85.9906,88.3959,90.9417,75.8544,94.4979,100.6226
2008-03-05,86.6969,90.6446,102.407,103.4435,100.2554,102.8667,95.8463,94.1083,102.8879,96.01,86.2986,87.8585,90.3651,74.8151,95.196,100.584
2008-03-06,86.9031,90.684,102.4379,103.3666,100.261,102.1526,95.4489,93.8638,102.3591,95.6934,86.0174,87.1638,91.1696,76.0398,94.7458,100.5988
2008-03-07,88.4315,91.1617,101.9994,103.1708,101.2674,102.582,96.0548,93.5752,102.2892,96.0089,85.8072,85.132,90.9866,77.6266,94.5014,100.6238
2008-03-10,87.4929,91.2342,101.9309,103.4639,102.0408,103.4337,96.5493,93.4929,102.5868,96.0181,86.2839,84.4846,89.3138,76.7811,94.5489,100.6206
2008-03-11,86.5702,90.1651,101.5674,103.0785,100.7549,102.6036,95.9812,92.8029,101.7558,95.6947,85.5807,83.5474,89.0493,76.2924,94.2652,100.6665
2008-03-12,85.9845,89.7228,101.8437,103.122,99.4061,102.2992,95.6173,92.5501,101.563,95.5093,85.3226,84.9953,88.3215,76.272,94.4348,100.685
2008-03-13,86.5159,91.8023,102.2156,103.2897,99.9172,102.599,95.6457,92.8562,102.3496,95.8132,87.1173,85.3311,89.2829,78.7378,94.5061,100.7707
2008-03-14,87.6344,92.8003,102.4432,103.0597,99.9031,102.9333,95.6259,92.9776,102.0894,96.0197,87.644,84.8947,90.5974,80.9259,94.6928,100.7456
2008-03-17,87.9898,92.97,102.3428,102.9949,99.8306,102.86,95.0344,92.7762,102.4186,95.8959,87.4829,85.6045,90.3395,80.2521,95.1502,100.6765
2008-03-18,87.1667,92.638,102.5761,102.8197,99.7262,102.5433,94.4451,93.1214,101.8532,95.552,87.8667,86.4872,90.8597,80.1947,94.5884,100.649
2008-03-19,85.1895,90.6694,102.7758,103.0342,98.3817,101.724,93.592,92.4241,101.2922,95.4469,87.93,86.0795,90.6923,79.2889,94.291,100.6929
2008-03-20,84.1354,89.6499,102.8298,102.6545,97.3012,100.5593,93.0205,92.1439,100.3663,95.4298,88.6109,85.3102,91.166,80.1311,93.7633,100.7309
2008-03-21,85.0141,90.427,102.7507,102.8007,98.2178,101.1489,93.7103,92.2656,100.6423,95.4207,88.4589,85.8912,91.5004,80.5793,93.3322,100.7378
2008-03-24,86.3969,90.8306,102.3573,102.1848,97.8479,100.7849,93.0494,91.9173,100.3236,94.7049,88.9425,86.3057,91.3977,81.7476,93.2159,100.7634
2008-03-25,86.3232,90.5673,102.3817,102.3117,98.097,101.2395,93.1756,92.1937,100.665,95.0846,88.2928,84.8774,91.4687,81.2541,93.2715,100.7841
2008-03-26,86.655,91.5064,102.1734,102.2789,98.9244,102.0574,93.4421,92.612,101.578,94.9111,88.5681,85.0197,92.9795,79.1826,92.979,100.8397
2008-03-27,86.7934,91.9979,102.384,101.9621,98.6957,100.6018,92.6609,92.3638,101.6094,95.0306,89.5651,85.4869,92.9548,80.4579,93.0562,100.8022
2008-03-28,87.0613,92.1808,102.7006,102.5404,99.9541,101.8459,93.5883,93.1459,102.2065,95.7648,88.8451,85.9051,93.5208,79.6768,93.1899,100.8198
2008-03-31,87.9219,92.663,102.5972,102.5926,100.6153,102.233,93.9303,93.2301,102.4823,95.9899,88.8641,87.7324,92.8537,80.2345,92.979,100.893
2008-04-01,88.5714,93.4833,102.8325,102.8992,100.6763,101.9847,94.4149,92.9523,103.2604,96.5773,89.7639,87.8422,92.923,81.0135,93.6989,100.8273
2008-04-02,87.0199,91.797,102.389,102.7152,100.1683,101.4836,94.2928,92.6915,102.8258,96.3023,88.781,86.9539,92.3814,78.2071,93.2493,100.851
2008-04-03,87.7458,92.5279,102.8878,102.7922,99.6997,101.0517,93.7674,92.5897,102.81,95.8289,89.7314,86.9295,92.579,79.6072,94.2948,100.8748
2008-04-04,89.0983,93.2346,102.8248,102.9658,100.6993,101.5804,93.7544,92.6319,102.7587,95.9315,89.5205,87.2174,92.7554,80.747,95.077,100.9093
2008-04-07,89.2191,93.7828,103.0973,103.1428,101.7386,102.4511,94.1862,92.6562,103.2001,96.6384,90.1118,86.9543,92.5999,80.0554,95.5729,100.9313
2008-04-08,89.2319,93.5201,103.7392,103.5897,101.689,102.2581,93.8901,92.7525,103.2942,96.6064,91.0058,86.8849,93.4755,81.6945,95.2527,100.8997
2008-04-09,90.8249,94.2405,103.4954,103.3987,101.9535,102.3443,94.562,92.4924,102.8171,96.7809,90.7009,86.9288,93.645,83.9062,95.2797,100.9015
2008-04-10,89.241,91.6744,103.5587,103.0329,100.7382,101.5522,93.8196,92.0664,101.7709,96.5545,90.4451,86.6547,90.9234,82.7189,94.9921,100.9517
2008-04-11,88.7145,91.0035,103.8199,102.8122,100.8842,101.7813,93.3632,92.3413,100.8592,96.9184,89.4463,86.2164,90.6219,82.9772,94.9578,100.9903
2008-04-14,88.9254,91.7513,103.7228,102.6273,101.1818,101.7833,92.9924,91.9211,101.2346,96.4717,89.5681,87.9308,90.4986,81.7597,94.4832,100.965
2008-04-15,88.759,91.4771,103.5309,102.4612,102.2008,102.144,93.3697,92.2211,101.1939,97.0467,88.4044,87.8489,90.2377,80.4576,93.904,100.9634
2008-04-16,90.4587,93.2159,103.4656,102.445,103.434,103.1055,93.9043,92.5837,101.5453,97.2817,88.9558,87.208,91.1278,82.1507,94.3501,101.0313
2008-04-17,90.0341,93.9992,103.715,102.3565,103.191,102.9946,93.5861,92.9065,101.5717,97.0019,88.8344,87.5788,92.3064,81.9927,94.2522,100.975
2008-04-18,89.5879,93.7458,103.2904,102.3065,104.0289,102.9853,93.4587,92.4943,101.3272,96.9796,86.639,84.9747,92.0829,80.6431,93.9651,100.999
2008-04-21,89.6743,94.1287,103.2758,102.5571,103.8389,103.2824,93.8842,92.5724,102.1384,97.0115,87.2014,85.2878,91.82,80.495,94.0196,101.0586
2008-04-22,89.0836,94.0556,103.4994,103.1443,103.6649,103.936,94.7155,92.4157,102.1325,96.9492,87.6605,85.865,91.0587,80.6149,94.3694,101.1772
2008-04-23,90.1936,94.7971,103.8132,103.577,104.8033,104.8515,95.5059,92.8531,102.8906,97.6207,87.5921,85.9779,90.6978,81.792,94.4727,101.1485
2008-04-24,90.3687,95.0165,103.652,103.3289,103.8558,104.3991,94.9882,92.299,102.8369,97.1374,88.0864,85.7237,90.7948,82.5103,94.3692,101.1792
2008-04-25,90.006,94.976,103.5319,103.2669,103.1838,104.3461,94.7593,91.7504,102.536,96.7832,88.6741,85.4997,90.3962,83.0471,94.4216,101.2161
2008-04-28,87.9551,94.6303,103.7897,103.5635,103.6725,103.9978,94.4629,91.424,102.4758,96.7236,88.3665,85.845,89.4791,81.2826,93.8919,101.2675
2008-04-29,89.1527,95.3211,104.1465,103.9065,103.7328,104.0311,94.9228,91.7108,103.5272,97.1357,89.3408,86.0743,89.733,82.5288,94.3358,101.2681
2008-04-30,89.5737,95.7967,104.9499,104.6351,104.0913,104.2608,94.9745,92.0374,104.5963,97.308,90.6395,86.4447,89.4832,84.3323,94.3082,101.3177
2008-05-01,89.9916,96.2453,105.0023,104.5025,104.5521,104.0438,94.6132,91.9542,103.271,96.8466,90.4652,88.3158,89.2264,86.6393,94.3133,101.346
2008-05-02,89.1298,96.7034,104.8112,104.4137,104.9695,103.8859,94.816,91.9398,102.6914,96.4952,89.5472,88.0053,88.7617,86.2196,94.1323,101.3873
2008-05-05,87.7125,95.4975,104.4206,104.0387,103.2715,103.2541,94.3103,91.3688,101.4215,95.5196,87.7863,90.2528,87.8386,84.2401,93.7159,101.4595
2008-05-06,86.2093,94.7226,104.1217,104.0131,103.344,103.5122,93.9654,90.976,100.9257,95.4995,87.0644,89.1931,86.5449,83.6598,93.1604,101.5336
2008-05-07,88.2358,95.2928,104.1186,104.0298,103.9756,103.1769,93.5405,90.557,101.5997,95.3344,88.2527,88.8671,86.9636,85.6774,92.9147,101.5087
2008-05-08,86.9069,94.1988,103.924,103.8964,102.9794,103.131,93.4306,90.1021,100.5126,94.9108,87.4975,87.5681,86.7693,84.2407,93.3553,101.4935
2008-05-09,86.7989,94.8657,104.5362,104.6899,103.1573,103.6134,93.4441,90.3203,101.1309,94.6558,88.0528,86.9119,87.0085,85.3176,93.9885,101.4942
2008-05-12,85.8247,94.518,105.1762,105.2505,103.4651,103.825,93.2924,90.4496,101.531,95.6297,88.3681,86.9122,87.737,84.8274,94.3812,101.4957
2008-05-13,87.1041,95.8294,104.9387,104.9848,104.1724,103.7714,93.604,90.5312,102.1592,95.7616,88.4401,86.0641,88.4561,84.377,94.879,101.5362
2008-05-14,86.8472,95.9653,104.6541,105.0924,105.0082,104.0084,93.7607,90.4515,102.6415,96.2057,88.3501,86.1479,89.6897,83.2534,94.1236,101.5552
2008-05-15,86.0512,95.8147,104.8047,104.852,106.0235,103.9835,93.6415,90.7716,101.6876,96.1215,87.781,85.9666,89.2139,82.8577,93.7456,101.6176
2008-05-16,85.9481,95.7375,104.6238,104.6404,105.9602,103.4149,93.1564,90.8213,101.1838,95.9533,87.1709,86.6091,89.5915,82.4817,94.1072,101.5578
2008-05-19,85.9705,94.9808,104.4774,104.5109,105.0782,102.7852,93.252,90.5463,100.5765,95.6461,86.5328,87.617,90.0062,82.2829,93.7419,101.5599
2008-05-20,86.9718,95.6141,104.7173,104.6365,105.5774,102.4066,92.8728,90.5925,101.0111,95.7611,87.0975,87.2478,90.327,83.7273,94.1499,101.6311
2008-05-21,85.8159,95.2417,104.7721,104.8055,104.9221,101.6588,92.7112,90.3581,100.5242,95.1783,87.0002,86.6573,90.7339,83.5463,94.0162,101.7324
2008-05-22,85.3214,95.1418,104.998,105.0384,105.2809,101.8569,92.7702,89.9582,99.8055,95.037,86.4128,86.5311,90.9913,83.1647,94.2383,101.709
2008-05-23,84.5035,94.4076,104.8284,105.5513,105.4198,102.6691,93.018,89.5076,99.9786,94.6002,86.3313,85.7306,90.3725,81.142,94.5702,101.6102
2008-05-26,83.4996,95.2621,104.719,105.703,105.9449,102.9977,93.0417,89.2986,100.1734,94.0074,86.7304,86.2745,89.6251,80.4471,94.0291,101.6271
2008-05-27,85.0353,96.252,104.4578,105.4168,105.5338,102.7439,92.4901,89.0297,100.0132,93.5093,86.6726,86.4386,91.3264,81.6038,94.6385,101.6142
2008-05-28,87.2091,97.4906,104.7406,105.9996,107.1487,103.7728,92.8543,89.3644,99.9527,93.7155,86.6028,88.805,93.0856,83.6926,95.3013,101.6465
2008-05-29,86.6968,97.3383,105.0596,106.1596,106.6539,103.1105,92.6069,89.1101,99.8805,93.7411,86.1135,88.925,93.6281,83.4189,95.2557,101.6881
2008-05-30,86.0748,96.9194,105.5058,106.5445,106.7967,102.8026,92.7633,89.1742,99.0152,93.8984,85.4094,89.5671,93.8351,84.0076,95.6197,101.6808
2008-06-02,85.7666,96.4032,105.3363,105.9549,105.9082,102.259,91.8329,89.1268,98.4942,93.3356,84.8896,88.7034,94.2913,83.7856,94.9905,101.6946
2008-06-03,86.6233,96.7827,105.3849,105.9683,106.6128,102.9321,91.844,89.1683,98.8718,93.742,84.6514,87.7305,95.0924,83.5583,95.2812,101.6827
2008-06-04,86.3805,96.122,105.6852,106.2591,105.9271,103.3016,92.2224,89.1747,99.2866,93.607,84.4997,87.4164,94.6745,82.3194,95.3079,101.7391
2008-06-05,86.3781,96.1204,105.7141,105.9453,105.427,102.8622,91.7183,89.0696,99.3281,93.4052,84.9896,86.9427,95.4179,82.2223,95.0537,101.7755
2008-06-06,84.2668,94.7403,105.8879,105.9243,104.0648,102.175,90.886,88.6356,98.7303,93.4779,84.6414,87.5625,95.2485,81.3435,94.545,101.7912
2008-06-09,85.0277,94.9928,105.8271,106.0203,105.6186,102.3751,90.9512,89.0927,99.9925,93.5712,85.2538,87.3204,94.5854,80.0192,94.341,101.7768
2008-06-10,87.0004,95.6811,106.0465,106.2348,105.6243,103.279,91.4588,89.1904,100.8716,93.4367,86.2893,87.8711,95.6427,81.2187,94.107,101.7929
2008-06-11,87.6257,96.692,106.0833,106.3683,106.1695,103.8475,92.269,89.2307,100.8527,93.7264,86.0951,87.9605,96.3923,82.597,93.808,101.8272
2008-06-12,87.3919,96.9335,105.6211,106.3067,107.25,104.718,92.5556,88.9459,100.9497,93.5896,85.2355,87.0982,94.1444,81.8376,93.4213,101.7889
2008-06-13,89.27,97.833,105.7671,106.169,107.4183,105.1109,92.7119,88.8773,101.7214,93.864,86.1477,87.5811,93.9948,82.6076,93.931,101.8261
2008-06-16,89.5551,98.4992,105.9995,106.1078,107.7417,104.1941,91.9502,89.1242,102.0041,93.8663,86.4955,87.4553,95.0295,83.6982,93.8744,101.7911
2008-06-17,87.1565,96.6231,106.1741,106.0045,107.1371,103.8199,91.215,88.9719,100.8839,93.6153,86.067,86.8027,93.5418,82.548,93.4729,101.7721
2008-06-18,88.3149,97.3389,106.6222,106.8826,108.0773,105.5033,92.6688,89.756,101.9685,94.1842,86.9967,87.0788,93.7268,84.4766,93.4876,101.7577
2008-06-19,87.485,96.5954,106.7875,107.0659,107.5987,105.6163,92.8287,89.7323,101.489,93.9294,86.2732,87.1752,93.1287,84.0192,93.3793,101.7597
2008-06-20,88.1006,97.1076,107.3398,108.0955,108.1953,106.6857,93.7836,90.3609,102.5577,94.0023,87.0236,86.9507,93.5009,84.9404,93.9043,101.8092
2008-06-23,88.4698,97.5922,107.459,108.658,108.89,107.6595,94.6428,90.6132,102.4543,94.0331,86.9894,86.2145,94.1241,86.0984,94.3387,101.7961
2008-06-24,91.1769,99.8576,107.3877,108.9345,110.3187,108.0163,95.2656,90.713,103.4444,94.2471,87.3664,86.6185,94.8747,88.3513,95.0985,101.7415
2008-06-25,91.7115,100.1811,107.9576,109.159,110.0417,108.2397,95.6016,90.8208,103.321,94.5153,87.112,86.3201,96.3978,88.5019,95.9573,101.7485
2008-06-26,89.9411,98.5101,108.2322,109.1992,109.8926,107.2256,94.7866,90.6964,103.3282,94.6593,86.8286,85.6332,94.387,87.1536,95.4515,101.7315
2008-06-27,90.6868,97.843,107.8848,108.8686,110.1085,107.9343,95.2135,90.605,104.072,94.8008,86.7074,84.1947,92.749,85.7095,94.8865,101.7747
2008-06-30,87.501,94.5858,108.2784,108.771,107.9599,106.7798,93.9479,90.2694,102.4599,94.2804,86.2707,84.0137,91.7067,83.8706,94.5046,101.7668
2008-07-01,86.1223,93.5501,108.1167,108.6142,106.9919,105.9453,93.8382,89.5421,101.3953,93.8232,85.3743,84.5916,91.2015,81.725,94.655,101.7729
2008-07-02,85.6926,94.3205,107.9909,108.5728,106.7903,105.9539,93.8966,89.3569,102.1334,93.6258,85.3574,84.5293,90.3187,81.3075,94.1652,101.7711
2008-07-03,87.1061,95.5026,108.2573,109.101,107.4429,106.2318,94.3755,89.5815,103.4444,93.9115,85.529,84.1801,90.6743,82.3971,94.5879,101.8063
2008-07-04,85.4779,94.8914,108.0902,108.9865,107.0708,106.7216,94.4009,89.5332,103.0055,93.8155,84.6761,83.5523,89.3588,80.6417,94.5769,101.8258
2008-07-07,85.4658,94.6292,108.073,109.2372,107.4912,107.1647,94.3785,89.7108,103.136,93.5746,84.6807,83.2044,88.4357,81.1801,94.3147,101.8693
2008-07-08,84.0364,93.2152,108.3428,109.5148,106.8105,106.9146,94.4664,89.7717,102.3514,93.4217,84.4422,82.4414,88.3842,80.8396,94.1472,101.9404
2008-07-09,84.482,93.812,108.7581,109.5788,107.3282,107.5685,94.4687,90.4023,102.7796,93.4123,84.7909,82.758,87.916,82.0785,93.718,101.9349
2008-07-10,81.1075,90.8448,109.3974,109.8642,106.2644,106.826,94.3134,90.3389,101.3414,93.5443,83.5431,81.3283,86.6918,79.6112,93.4822,101.9488
2008-07-11,80.4422,90.5789,109.8741,110.3397,106.8072,106.7619,94.5408,90.4616,102.1077,94.1247,83.5323,80.8905,86.2271,78.2822,93.7309,101.8996
2008-07-14,81.9413,91.1098,109.9619,110.3964,107.8065,106.7739,94.5631,90.8658,102.5642,94.4521,83.612,81.1757,87.1683,79.6914,93.5493,101.8933
2008-07-15,81.712,89.5372,110.0574,110.2776,107.4678,106.1908,94.4731,91.102,102.0216,94.3811,82.6136,80.6931,85.6101,79.2153,93.5071,101.8995
2008-07-16,80.1113,88.0454,110.2372,110.8935,107.235,106.9501,95.1398,91.4624,101.4436,94.2606,82.7918,80.524,84.6714,78.7815,93.3587,101.9357
2008-07-17,80.7603,89.167,110.2719,110.612,107.8326,106.5179,94.7795,91.4285,101.1961,93.9881,82.7359,80.3504,85.5142,78.9801,93.9966,101.8363
2008-07-18,80.8609,89.0159,110.1882,110.2936,107.3774,105.6829,94.4644,91.2157,100.3765,93.7619,82.1183,81.6193,85.9624,79.9515,93.3636,101.8183
2008-07-21,81.1078,89.2175,109.9972,109.8607,106.8723,105.6804,94.0148,91.1202,100.0219,93.2766,81.5823,81.7304,85.1471,79.4501,93.9636,101.8782
2008-07-22,80.2162,88.6708,110.3859,109.9318,107.5368,105.5769,93.9586,92.0313,99.772,93.3425,81.3471,81.617,84.1809,78.5444,94.2941,101.9081
2008-07-23,80.4755,88.5226,110.8588,110.4969,108.4111,105.8559,94.5106,92.6383,100.3565,93.9337,82.1009,81.9453,84.9727,78.5445,94.4816,101.9121
2008-07-24,80.7753,88.5371,110.6179,110.1771,108.3895,105.8806,94.6293,92.6569,100.7323,93.8811,82.6538,80.6282,84.5496,79.3618,93.4989,101.9088
2008-07-25,78.8079,88.8139,110.8605,110.1841,109.1515,106.0224,94.7384,92.6357,99.7796,94.3485,81.6682,80.5243,84.2481,78.5622,93.3477,101.9314
2008-07-28,78.8021,88.2793,110.9276,110.1311,109.0098,106.043,94.1976,92.5377,99.5537,94.2331,81.1221,80.3347,84.7333,78.2523,93.0725,101.8903
2008-07-29,78.9925,88.7302,110.5438,109.821,108.3977,106.007,94.6186,92.3304,99.9334,93.4639,80.8889,78.6829,84.7986,77.0844,92.8026,101.8841
2008-07-30,78.3984,88.0532,110.1091,109.5243,108.7046,104.7222,93.3452,91.6129,99.3367,93.0526,80.4973,79.856,85.0208,75.8091,92.2282,101.9072
2008-07-31,77.2671,87.0787,110.475,110.1244,108.6625,105.426,93.8639,92.1603,99.8082,93.5758,80.8862,81.2986,84.3871,75.0246,91.7178,101.933
2008-08-01,76.7648,86.2058,110.6558,110.4565,107.9918,105.7885,94.2704,92.0742,99.7909,93.7414,81.1661,80.7787,84.5477,75.1274,91.3788,101.9248
2008-08-04,75.7909,84.4993,110.4837,111.0723,107.9878,106.5008,94.6899,91.7778,99.6652,93.7766,81.0625,80.7501,83.736,73.5135,91.2701,101.9143
2008-08-05,76.443,86.372,110.7314,111.588,108.8428,107.2802,95.8104,92.4188,100.4075,94.0821,81.8501,80.9855,85.1557,75.0564,91.6354,101.8835
2008-08-06,77.1663,86.7037,110.8446,111.1072,107.7916,106.587,95.7621,92.3856,100.2746,94.1391,82.006,82.0871,85.3033,76.3445,91.3964,101.8893
2008-08-07,76.8202,86.639,111.0743,111.7328,108.2412,107.0649,95.7798,92.2619,100.2997,93.7072,81.8273,83.1582,84.5816,76.3483,91.3277,101.8656
2008-08-08,76.9895,86.4167,111.5361,112.2784,108.7844,106.2966,95.6026,92.5471,100.711,93.7832,82.5129,83.7474,85.1536,77.0279,91.2992,101.8685
2008-08-11,76.009,85.0653,111.5116,112.4171,108.7685,106.1126,95.7198,92.1539,100.3639,94.1532,81.4115,84.3629,84.0438,74.9227,91.1632,101.8899
2008-08-12,76.9146,86.6665,111.5893,112.7342,109.6623,106.5547,95.8899,92.1104,101.5249,94.4759,82.5363,84.8702,84.3578,75.799,91.7316,101.9175
2008-08-13,78.3127,87.7549,111.9515,113.3363,110.9162,106.9444,96.2558,92.5479,102.4723,94.8363,83.2796,85.5316,85.1743,78.0224,91.6369,101.9461
2008-08-14,77.3478,86.2669,112.167,113.7248,109.1689,106.5956,96.5267,92.3751,102.361,94.5445,83.056,85.065,85.0176,77.5398,91.2966,101.9775
2008-08-15,78.1542,86.5492,112.1283,113.9485,110.3306,107.4344,97.107,92.6951,102.9839,94.9136,83.2414,84.6531,83.9986,77.6358,91.7087,102.0311
2008-08-18,77.1332,86.192,112.0862,113.9,109.9544,107.8721,97.157,92.7385,102.7371,94.648,83.2774,85.684,83.2475,76.5103,91.347,102.0358
2008-08-19,76.2122,85.376,112.0248,113.553,108.8171,107.7112,96.8282,92.4271,102.5925,94.0406,82.8987,84.1515,81.8719,74.8139,91.261,102.0243
2008-08-20,75.5186,85.8706,111.9459,113.6513,109.6402,107.1259,96.2342,91.8902,102.6329,94.122,82.3566,83.9449,82.2103,74.1912,91.0605,102.0482
2008-08-21,75.6806,85.5521,112.0456,114.0913,110.0157,107.4866,96.6809,92.2398,103.5782,94.4475,82.3708,83.5751,81.3838,73.8458,91.1042,102.0419
2008-08-22,75.4462,85.169,112.1595,114.1699,110.6007,107.0683,96.3143,92.6452,103.6311,94.2071,81.6401,83.3753,81.1536,72.424,91.4678,101.9764
2008-08-25,76.9411,85.0116,112.1596,114.5845,110.8138,106.9985,96.3023,92.4536,103.8852,94.1744,82.1075,84.5675,81.9993,73.4032,91.902,102.0117
2008-08-26,77.8901,84.8032,112.3273,114.8712,111.0972,108.1903,96.6315,92.9441,104.3044,94.5329,82.1532,84.7611,82.2487,74.1817,91.9152,101.966
2008-08-27,77.2962,83.7947,112.7699,115.0371,111.1561,108.3751,96.1085,93.5607,104.1194,94.451,82.2034,83.5078,82.2015,74.2709,91.7266,101.9401
2008-08-28,75.5966,82.7171,112.4841,114.3833,110.0938,107.4804,95.5967,93.5908,103.6723,93.7802,81.9241,83.6532,81.4997,71.0717,91.3061,101.907
2008-08-29,75.3896,83.1308,111.8611,114.1374,109.6027,107.6866,96.1061,92.979,103.6427,93.6238,81.2547,83.4234,81.6741,69.5944,91.5093,101.8864
2008-09-01,76.2149,83.2029,111.2588,113.4297,108.4555,107.4614,95.6853,92.7082,103.7939,92.7577,81.1934,83.493,80.7811,68.875,91.7567,101.8982
2008-09-02,75.9151,82.7246,111.1097,113.4161,108.4906,107.2939,95.9238,92.5867,103.4321,92.7816,80.9904,83.1957,79.9143,68.6334,91.9279,101.8906
2008-09-03,77.2381,83.2833,110.9839,113.0355,108.1187,107.0337,95.5434,92.6849,103.2333,92.4496,81.1342,82.2014,80.9317,70.0825,92.4219,101.8891
2008-09-04,79.7272,84.8911,110.0155,112.651,109.5061,107.9062,96.1695,92.6667,104.2688,92.3555,81.9482,81.8395,80.4709,71.5919,92.3021,101.8951
2008-09-05,79.216,84.1899,109.9659,112.405,109.3039,107.4378,95.7852,92.2452,103.4808,91.9143,80.9426,81.3032,79.8125,70.7933,91.9765,101.9038
2008-09-08,78.8456,83.9209,110.2095,112.73,109.5021,107.9546,95.7536,92.295,103.0699,91.6576,81.0256,81.2094,79.4934,71.5939,91.7235,101.9755
2008-09-09,79.4416,85.2407,110.1388,112.994,111.1914,108.4681,95.8818,92.1471,103.6616,91.9932,81.6594,79.8333,79.3481,72.9714,91.997,101.9995
2008-09-10,78.6972,85.2201,109.9844,112.6272,110.9571,108.3,96.2591,91.7913,102.9771,92.3954,80.9523,79.9345,78.5812,72.6297,91.8304,101.958
2008-09-11,78.5262,85.5623,110.1468,112.7455,110.004,107.9988,95.8654,91.308,103.2858,92.219,81.1236,80.3072,79.2837,73.1481,91.3817,101.9961
2008-09-12,78.0499,85.2595,110.2813,112.68,110.1502,107.8621,95.5603,91.2705,103.1395,92.7815,81.3554,79.1466,78.6326,73.7233,91.6351,101.9885
2008-09-15,79.0978,86.1697,110.4436,112.7934,110.6563,108.4708,96.0638,91.3493,103.2103,93.1304,81.3733,78.8246,79.2641,75.7335,91.5637,102.0148
2008-09-16,80.0119,86.7537,110.2936,112.7072,111.3167,108.7417,96.1122,91.5101,104.0339,93.1613,81.9995,79.0225,79.1686,75.5193,91.6079,102.0586
2008-09-17,79.7352,86.5793,110.6147,113.3771,111.5223,109.4569,96.5326,91.9759,104.5078,93.7412,81.5704,79.405,79.7823,74.8751,92.2145,102.0739
2008-09-18,79.146,85.2894,110.5947,112.8647,109.64,108.0547,95.2856,91.5387,104.5747,93.4615,81.9578,78.2544,79.166,74.4577,91.9083,102.0804
2008-09-19,77.8962,84.3053,110.7398,112.8184,109.6309,107.6222,94.8159,91.6586,103.9583,93.0809,81.4765,77.6406,78.5151,73.647,91.3636,102.0977
2008-09-22,76.3443,83.1173,111.3149,113.5746,109.1816,107.2529,94.8578,92.1386,103.2471,92.7828,80.9295,78.1524,78.9808,73.5615,91.0707,102.0904
2008-09-23,78.3369,84.0525,111.2652,113.6384,110.9227,107.0967,94.311,91.4892,104.0108,93.146,81.5531,79.8096,78.4797,74.2644,91.6295,102.0755
2008-09-24,78.293,85.1223,111.8042,114.206,112.1646,107.2368,94.4582,91.626,104.0544,93.291,82.2677,80.6753,79.2521,75.7884,91.5566,102.1274
2008-09-25,80.1879,86.3774,112.7822,115.3398,112.936,107.8515,95.1005,92.4461,105.6467,93.4969,83.8908,81.0175,80.5494,79.3818,91.6836,102.1552
2008-09-26,81.3762,87.2201,112.5102,115.0603,113.5387,107.5364,95.0644,92.6284,105.9658,93.3513,83.69,80.7298,81.2331,80.3972,91.3069,102.1692
2008-09-29,79.919,85.9713,112.838,115.106,113.2413,106.8927,94.1146,92.6773,105.5761,93.1211,82.7944,80.3527,81.0534,79.1348,90.5393,102.222
2008-09-30,78.8647,85.3851,112.9665,114.8379,112.1707,105.9883,93.5666,92.2357,104.2295,92.4702,82.649,79.9305,80.7473,79.6925,90.3464,102.2553
2008-10-01,78.378,83.4576,113.1138,114.7222,110.6948,105.1471,92.9884,91.7824,103.4775,91.9277,82.7832,79.3701,79.6465,80.0143,89.8558,102.2624
2008-10-02,79.6916,84.5519,112.0411,113.7934,110.0441,104.4725,92.6843,90.8259,103.362,91.5103,83.0196,80.8172,80.0377,80.5347,89.5309,102.3172
2008-10-03,79.6726,84.3322,111.7751,113.5932,109.5823,104.4017,92.2702,90.4717,103.1039,91.0472,82.9376,81.1397,79.9251,80.675,89.003,102.3391
2008-10-06,78.5886,83.424,112.112,113.725,107.5474,103.7466,92.0235,90.6366,103.0182,90.5957,82.3186,82.1923,79.8307,79.8301,88.8041,102.2817
2008-10-07,77.3894,83.041,112.4875,113.8554,107.5218,103.3713,91.6702,90.4005,102.5478,90.6797,82.0429,81.9309,79.3657,79.2993,88.9538,102.1933
2008-10-08,77.1148,82.9832,112.2534,113.1959,106.9239,102.3884,90.8461,90.1664,102.1743,90.4848,82.3298,81.285,78.7153,80.2518,88.5218,102.2046
2008-10-09,76.8796,83.4314,112.3212,112.9163,106.6864,102.1335,90.9953,90.4044,101.7915,90.314,82.2653,80.8032,79.1045,80.4743,88.5707,102.1604
2008-10-10,76.6356,83.9563,113.0479,113.6287,106.6676,102.3511,91.2553,89.8448,101.5639,90.589,83.4592,80.7765,79.1849,82.6903,89.2406,102.19
2008-10-13,76.6001,84.245,112.8178,113.3931,106.9066,102.5998,91.3735,89.8812,100.2334,89.9858,82.3185,80.9808,79.3492,82.946,89.471,102.2186
2008-10-14,76.2137,84.1587,113.4621,114.1582,108.0609,102.5961,91.6729,90.2132,100.8168,90.5406,81.9569,79.9469,79.3245,82.7468,89.5877,102.3025
2008-10-15,75.8958,84.3281,113.8212,114.6107,108.7235,103.3001,92.0812,90.1208,100.9902,90.7251,82.0716,79.1364,79.1153,82.5251,89.7395,102.2942
2008-10-16,74.1739,83.1104,113.6257,114.3163,108.3817,102.5343,91.0212,89.5701,99.6631,90.7522,81.4736,78.5046,77.4732,82.5158,89.7167,102.3034
2008-10-17,73.7994,82.6076,113.2621,114.3587,108.0067,101.9982,90.8107,89.2655,99.7289,90.5369,81.8638,78.7136,76.9434,82.0471,89.7275,102.3224
2008-10-20,72.9169,82.2351,113.6647,114.6016,108.2523,102.0717,90.2882,89.2404,98.6282,90.5165,81.2099,79.1319,77.0811,83.1662,89.5808,102.3352
2008-10-21,72.6435,82.0024,113.5868,114.7452,108.0707,102.5229,90.8561,89.1365,98.3368,90.6623,80.8085,78.4495,77.2234,82.7621,89.758,102.3996
2008-10-22,74.4782,82.8584,113.5273,114.4976,108.5382,102.4306,90.762,89.2141,98.842,90.8318,80.2796,78.1638,77.7353,83.794,90.1395,102.3843
2008-10-23,74.7101,82.8679,113.7087,115.5662,109.9265,103.5284,91.7221,89.2388,99.6806,91.2265,81.1092,78.852,78.3336,83.6813,89.9272,102.3669
2008-10-24,76.0931,83.4557,113.8975,116.2698,111.3536,105.0645,92.5306,89.7014,99.9844,91.5085,81.3532,79.5987,78.4426,86.1022,90.0827,102.3989
2008-10-27,74.9475,83.4354,113.2784,115.8463,110.7371,104.6733,92.3818,88.9892,99.1766,90.8438,81.3017,79.2206,77.7586,85.3125,89.789,102.3926
2008-10-28,74.8319,83.5428,113.2458,116.0975,111.8529,105.5113,92.9479,89.4759,99.9196,91.0164,80.8669,78.7199,77.2999,83.845,89.4185,102.4527
2008-10-29,74.3107,83.5378,113.3601,116.2981,112.182,105.5429,92.7391,89.237,100.156,91.4357,81.2615,79.7127,77.0637,83.0712,89.6143,102.4513
2008-10-30,74.8949,83.249,113.6229,116.8153,113.2086,106.1156,93.2079,89.3697,100.4272,91.8349,81.6918,80.7808,77.5431,83.3472,89.298,102.4712
2008-10-31,74.9455,83.3219,113.5095,116.3862,113.0887,105.9468,93.2933,89.5059,99.5013,91.7233,81.6283,81.4096,77.7493,83.909,89.3458,102.448
2008-11-03,75.3934,83.7081,113.5727,116.5412,113.7462,106.7143,93.5209,89.7914,99.9006,92.1576,81.7454,80.9331,77.8134,85.4064,88.9599,102.4618
2008-11-04,75.2761,83.4533,113.3438,116.5717,112.9561,106.6811,93.2563,89.1384,99.541,91.7744,82.1674,81.8477,77.3349,86.0651,88.9096,102.4507
2008-11-05,76.339,84.8532,113.289,116.6785,113.6131,107.0317,94.0595,89.2307,100.1568,92.0005,82.0365,82.9083,78.2261,85.8094,89.3765,102.4078
2008-11-06,76.756,84.583,113.4536,116.4825,114.1236,106.9462,93.9113,89.7604,100.542,92.3884,82.3793,81.5021,78.1449,86.9343,88.7886,102.3996
2008-11-07,77.5197,84.2806,113.631,116.6102,114.4826,106.8488,94.1305,89.6845,100.9738,92.4986,82.2224,81.4232,77.6603,86.7318,88.6941,102.3886
2008-11-10,78.5571,84.6781,113.4314,116.342,115.4761,107.4629,94.6455,89.8634,101.3469,92.746,82.7884,81.3134,77.0278,86.9968,88.6153,102.3931
2008-11-11,78.5816,84.7715,113.6009,115.9474,114.1917,106.3577,94.4486,89.5863,101.1691,92.2229,83.3073,80.0649,76.7004,87.7141,88.7562,102.3898
2008-11-12,77.8353,83.8906,113.1727,115.1423,113.3797,105.8955,93.6529,89.3753,100.3438,91.6066,83.4896,80.0559,76.4202,85.6689,88.5879,102.4341
2008-11-13,76.4672,83.1522,113.279,115.5207,113.7782,106.1584,93.9981,89.2986,100.2838,91.7979,83.1424,78.9939,75.8764,83.6361,88.6312,102.4613
2008-11-14,75.1502,81.6296,113.5814,115.844,113.1621,105.7043,93.8806,89.1675,99.9158,91.8514,83.1078,78.5345,75.1671,82.6957,88.4815,102.4605
2008-11-17,75.3273,81.8388,113.0921,114.9557,112.0838,104.9886,93.1038,88.9027,98.8028,90.792,83.0494,78.9426,75.7944,82.8162,88.4451,102.3999
2008-11-18,75.1117,81.5164,113.0381,114.7902,111.2464,105.015,92.9325,88.5018,98.6647,90.6225,83.4019,78.1705,74.7663,84.2223,87.8509,102.4194
2008-11-19,74.5505,81.484,113.5703,115.1748,111.3094,105.0352,92.8737,88.8796,99.088,90.7823,83.8551,78.0057,75.2589,83.8674,87.9216,102.4063
2008-11-20,75.7226,82.2753,114.1399,115.3468,111.7393,105.3122,93.0015,89.3767,99.9064,91.1495,84.7603,77.5483,75.8315,86.0575,87.9555,102.4141
2008-11-21,74.4021,81.5917,114.1371,114.8912,110.8568,104.151,92.5085,89.2083,99.1438,91.3148,84.0252,78.7282,74.505,85.8192,87.5157,102.3646
2008-11-24,74.6455,80.551,114.3949,114.7284,110.1623,104.273,92.2077,89.0131,98.1206,91.1745,84.394,79.1881,73.9858,86.7438,87.851,102.3509
2008-11-25,74.0888,80.4355,114.6616,115.0871,109.9783,104.401,92.1398,89.0222,98.5089,91.2347,84.3877,80.7945,73.4465,85.978,87.7512,102.3202
2008-11-26,73.263,80.2504,114.5918,115.0038,110.665,104.3433,92.4111,88.7755,97.7687,91.5676,82.8524,79.5515,73.8261,84.995,87.2606,102.3271
2008-11-27,74.3787,81.2869,114.1213,114.7568,111.4027,104.977,92.9962,88.7162,97.8663,91.457,82.4626,80.6924,74.3197,84.9012,87.0905,102.3119
2008-11-28,75.0271,81.2229,114.3638,114.6321,111.8362,104.4363,92.3031,88.2639,97.2631,91.3077,82.4049,82.6202,74.6123,85.9563,86.6216,102.3538
2008-12-01,74.5387,80.8208,114.723,114.6368,111.2569,104.7634,92.0239,88.2839,96.8138,91.3504,82.868,82.2465,73.884,86.3042,87.3186,102.3636
2008-12-02,75.5185,81.2557,114.7925,114.7621,111.6144,105.4055,92.4365,88.6497,97.2532,91.2714,83.2176,81.9541,74.1443,87.4495,87.1414,102.427
2008-12-03,74.8503,81.5926,114.8795,114.1693,110.1119,104.6551,91.7686,88.1847,96.4168,91.0243,82.6266,81.9389,74.2748,87.7562,87.3277,102.4158
2008-12-04,74.7066,81.6539,115.152,114.4672,109.9758,104.7027,91.8771,88.0592,96.7209,91.1216,82.6987,82.1581,74.5313,87.0983,87.5793,102.3642
2008-12-05,75.8268,81.2028,115.347,114.4594,108.7493,103.7026,91.6596,87.9407,96.3504,91.2012,82.5854,82.8818,74.9738,89.2266,88.2627,102.326
2008-12-08,76.3784,81.9031,115.3408,114.643,108.6495,103.3725,91.3971,87.6037,96.3758,91.104,83.5409,82.5662,75.8681,92.1174,88.2744,102.3363
2008-12-09,76.0193,81.9944,115.8014,114.8514,108.6721,103.9786,91.5289,87.9823,96.8748,91.528,83.8223,82.2615,75.6905,91.5738,88.5789,102.3538
2008-12-10,74.2861,81.1084,115.9579,115.0305,108.4922,103.3269,91.7699,88.0468,95.8651,91.8042,82.9181,82.3796,75.508,90.6263,88.5576,102.3882
2008-12-11,73.3242,80.0894,116.278,115.6311,108.0092,103.2512,92.4922,87.8744,95.6799,92.2959,83.2878,82.8489,75.2817,90.5141,88.4402,102.383
2008-12-12,72.6214,79.727,116.5566,115.7378,107.7029,102.8842,92.1162,87.4403,95.752,92.0357,83.8788,83.2592,75.381,89.9036,87.658,102.3082
2008-12-15,71.7006,79.605,116.6194,116.2477,108.7476,102.8896,92.418,87.6553,96.1443,92.3508,83.3391,82.8427,75.0177,88.1684,87.7105,102.2941
2008-12-16,71.7348,80.4891,116.746,115.9605,108.5106,102.4076,92.2552,87.6404,96.174,92.3251,83.4954,83.6896,75.4325,88.4947,87.7478,102.2951
2008-12-17,71.5654,80.4815,117.0302,116.0928,108.8094,101.8822,91.8054,87.8233,96.4722,92.2938,83.7189,83.3879,75.5268,88.5659,87.6319,102.3903
2008-12-18,72.1353,81.3054,116.8444,116.2018,108.7254,102.9568,92.5958,87.8324,97.0124,92.3627,84.2827,83.4457,75.9422,88.8004,87.7691,102.4458
2008-12-19,71.391,80.595,116.9911,115.9476,108.8013,102.5383,91.9261,88.0445,96.4351,92.0692,85.2504,83.2964,75.6122,89.6825,86.8961,102.4176
2008-12-22,70.8474,80.3542,117.5859,115.6449,108.2315,101.6413,91.2295,88.2474,96.4272,92.0735,85.7011,82.7745,75.0901,89.7766,86.8348,102.4042
2008-12-23,71.4925,80.182,117.3174,115.614,108.5053,101.247,90.8068,87.8492,96.7972,91.7513,85.6963,82.4907,75.3225,88.9112,86.7779,102.43
2008-12-24,71.3092,80.7664,117.4943,116.0718,109.4505,102.1222,91.4263,88.47,97.0995,92.0487,86.0094,83.2636,76.0765,88.4947,87.0155,102.4887
2008-12-25,70.1612,80.9005,117.499,116.2103,109.9399,102.1211,91.63,88.4482,97.0493,92.3626,85.4092,83.7576,75.1856,87.9252,86.5086,102.4831
2008-12-26,70.7157,81.0,117.2431,116.2064,110.3644,102.5732,91.6275,88.2141,96.372,92.0342,84.4629,83.7262,75.6155,88.9199,86.3224,102.4461
2008-12-29,70.638,81.6214,117.1828,116.2481,110.7811,102.7363,91.6377,88.4556,96.8032,91.7552,85.2307,83.0338,76.1563,88.2216,86.5693,102.4441
2008-12-30,71.2489,81.4334,117.0994,116.0151,110.9738,103.4826,92.0852,88.487,96.3492,91.7459,84.3377,81.8831,75.9872,88.3782,86.5839,102.3491
2008-12-31,70.6192,80.8994,117.4454,116.2683,109.8173,103.6897,92.3165,88.4419,95.9574,92.0342,84.4348,83.0058,75.7324,89.1304,86.7366,102.3391
2009-01-01,69.9158,80.8725,117.5807,116.1458,109.664,102.9693,91.9036,88.4104,95.6561,91.5869,84.424,82.8377,75.7729,88.6202,86.4973,102.2961
2009-01-02,69.3473,80.6228,117.3547,115.6641,108.1757,102.9259,91.4399,88.1282,95.3993,91.17,83.9624,82.815,75.7832,87.4525,86.2743,102.3163
2009-01-05,69.1611,81.3814,117.406,115.5392,107.513,102.7956,91.4919,88.4538,95.846,91.3535,84.3033,81.824,75.6219,88.666,86.5626,102.3656
2009-01-06,69.3313,81.1962,117.695,115.5985,107.21,102.9761,91.5503,88.7981,95.8196,91.5247,83.8846,81.3188,76.0059,89.3766,86.5103,102.391
2009-01-07,69.0679,80.1546,118.0645,115.6497,106.52,103.0609,91.5301,89.0991,96.0521,91.7321,83.6637,80.5784,75.8485,88.0871,86.5572,102.3618
2009-01-08,69.7905,80.4942,117.6732,114.9192,106.8241,102.5346,91.2926,88.859,95.8001,91.907,83.1894,81.0806,75.3419,87.588,86.8571,102.4092
2009-01-09,70.6154,80.5734,117.3588,114.8467,107.2561,102.804,91.517,89.0605,96.4686,92.0249,83.1117,80.992,75.408,87.7368,86.3321,102.423
2009-01-12,70.1707,80.8434,117.2313,114.6543,106.5442,102.3639,91.9318,89.1027,96.3912,91.8885,82.7342,80.1992,75.6335,87.3295,86.306,102.4443
2009-01-13,70.4478,80.3355,117.6742,114.6666,106.4601,102.03,91.2864,89.0577,96.1058,91.5543,82.09,78.2756,76.232,87.8572,86.2035,102.4112
2009-01-14,70.3784,80.2399,117.6056,114.5862,106.4883,101.7444,91.1966,88.837,96.049,91.4276,82.4186,77.8831,75.9433,87.8597,86.1407,102.3731
2009-01-15,69.3822,79.0045,118.1172,115.64,107.4651,101.9444,91.291,88.743,95.9312,91.3,82.7472,76.8431,75.4407,87.5485,85.9062,102.3968
2009-01-16,69.5188,79.2658,117.9592,115.5198,108.5277,102.071,91.1203,88.4262,96.0812,91.5538,82.6353,76.6876,74.8132,87.4498,85.5775,102.4519
2009-01-19,71.0395,81.1114,117.277,115.2425,110.077,102.7715,91.4961,88.4474,97.3623,91.6108,83.0157,76.4207,75.3902,87.3249,85.3525,102.4731
2009-01-20,70.1827,80.3406,117.1687,115.3917,109.7655,102.7497,92.0517,88.4248,96.6428,91.501,82.3016,75.9605,75.4867,87.0509,84.7941,102.4781
2009-01-21,69.2144,80.7097,117.2117,115.725,110.0077,103.1105,92.3672,88.4222,97.2418,91.7024,82.6536,76.3104,75.2699,86.3439,84.212,102.5023
2009-01-22,68.8634,81.1419,117.2075,115.6341,109.97,102.9991,92.4589,88.3162,97.3073,91.324,82.3809,75.1302,74.4953,87.0194,83.7279,102.4402
2009-01-23,68.4377,81.1134,117.5399,115.897,109.928,103.2097,92.2304,88.4739,98.2831,91.5547,82.0823,74.7499,73.8059,85.6059,83.8383,102.4386
2009-01-26,67.3446,80.3017,117.466,114.9174,107.9763,102.5677,91.9143,88.5892,97.4323,91.3116,81.2531,73.6801,73.371,84.5669,83.2512,102.4687
2009-01-27,66.9604,79.4639,117.3628,114.5099,107.5624,102.3071,91.8297,88.7935,96.9441,90.9342,80.3322,72.7562,72.6036,83.349,82.9807,102.4189
2009-01-28,67.3492,79.4199,117.2497,114.9143,108.2939,103.6775,92.7195,88.9753,97.5288,91.3521,80.454,72.1216,71.8277,82.9853,83.4234,102.4083
2009-01-29,67.88,79.848,116.6779,114.9838,109.3534,104.5186,93.6066,88.9611,97.8058,91.5515,80.3612,72.6898,71.308,81.7073,83.9391,102.4568
2009-01-30,68.5727,79.6981,116.1958,114.936,109.7815,104.343,93.0971,88.6698,97.6275,91.0006,79.7835,74.1549,71.7623,81.7653,83.289,102.4631
2009-02-02,68.0937,79.589,116.3498,114.5379,109.1767,103.4906,91.7029,88.3316,97.3739,90.9379,79.8396,73.4428,72.3739,81.0865,83.7625,102.4768
2009-02-03,68.5209,80.3516,116.5495,114.8373,110.3626,103.8643,92.1184,88.5687,97.6471,91.1088,80.1415,73.014,73.4412,81.6325,83.6692,102.524
2009-02-04,68.712,79.3858,116.6004,115.3366,111.0903,103.9542,92.0158,88.8299,98.3072,91.2447,79.853,71.9072,72.6214,81.5535,83.5114,102.5494
2009-02-05,69.4358,80.0693,117.1179,115.5957,111.6562,104.3976,92.3477,89.3069,98.2487,92.0919,79.6832,72.9787,73.5769,83.1491,84.1501,102.5654
2009-02-06,70.51,80.5973,117.0714,115.8559,112.6354,105.2533,92.8894,90.0121,99.0335,91.8886,80.2393,74.0127,73.613,83.9662,83.714,102.5669
2009-02-09,71.625,81.739,117.4012,115.9283,114.1827,105.6219,93.0987,90.2101,99.6505,92.0948,80.4072,74.1048,73.8141,83.7006,84.2979,102.5925
2009-02-10,71.111,81.1052,117.6352,116.0567,114.3594,105.4201,92.8824,90.4165,99.1284,91.8742,80.1392,75.5249,73.1235,83.1634,84.2293,102.629
2009-02-11,72.1301,82.6637,117.2898,115.6803,114.5561,105.4567,93.212,90.3024,99.2404,92.001,81.0756,75.5186,73.4633,85.0556,84.769,102.7049
2009-02-12,70.1931,81.3617,117.256,115.6437,114.0757,105.2887,93.6342,90.4388,98.4754,91.9933,80.0436,73.8808,73.4827,82.6952,84.1247,102.7118
2009-02-13,68.8194,79.6365,116.9028,115.2185,112.7322,104.718,92.9451,89.7564,97.2864,91.3451,78.5721,74.489,72.8174,79.5656,83.6913,102.7604
2009-02-16,69.1295,79.5774,117.5827,115.8607,113.0213,104.7539,93.2678,90.045,98.1026,91.963,79.7173,73.8941,73.5862,80.4307,83.9836,102.7046
2009-02-17,69.2873,79.3457,117.8879,116.5736,113.6248,105.1833,93.3901,89.953,98.4043,92.4209,79.5709,74.61,73.9212,81.0857,83.8887,102.6733
2009-02-18,70.1334,80.3902,117.9147,116.6354,113.7224,105.3598,94.007,90.2105,99.1599,92.3559,79.9095,73.5505,74.1766,81.9613,84.2008,102.7045
2009-02-19,70.6931,80.5456,118.0998,116.7963,114.1627,105.7028,94.527,90.3662,100.5118,92.8758,80.7458,72.8816,73.8286,80.9898,84.3448,102.6541
2009-02-20,71.0304,80.4722,117.8628,116.6465,114.0407,106.0261,94.7663,90.3861,100.5964,92.7568,81.1693,72.3587,73.0262,81.9945,84.055,102.7162
2009-02-23,70.4409,79.6966,118.5711,117.0836,114.209,105.6514,94.6483,90.4581,100.4326,93.237,81.236,71.7042,72.7014,82.7407,84.0244,102.6436
2009-02-24,71.1872,80.4824,118.6893,117.2995,115.6236,106.715,94.9854,90.9292,101.294,93.3619,81.3423,72.1613,73.2118,81.5353,84.267,102.6577
2009-02-25,70.0533,79.7019,118.9967,117.5949,115.3236,106.2045,94.5542,90.9594,101.294,93.2375,80.3313,71.5813,72.9475,79.6944,84.2873,102.753
2009-02-26,68.8761,79.7554,118.8711,118.0073,115.5175,106.4979,94.5624,90.6432,101.2556,93.124,79.8898,71.4621,72.8057,78.6549,84.2224,102.7725
2009-02-27,69.042,80.3296,118.5516,117.5415,115.288,105.7704,93.9743,90.2032,101.6832,93.0593,80.2232,70.2217,73.0484,79.023,83.9264,102.78
2009-03-02,69.7948,80.6134,118.6294,117.4002,115.3038,105.3558,93.6755,90.1091,101.7829,92.9971,80.8108,70.2586,72.865,80.2644,84.1584,102.8962
2009-03-03,69.3425,80.569,118.5268,117.5988,115.7159,105.4274,93.7915,89.9242,101.0012,92.8755,79.5806,69.8019,73.6796,79.9914,84.1305,102.8594
2009-03-04,68.4987,80.2475,118.8956,117.7698,115.6408,105.4318,94.0896,90.1828,100.9149,93.0396,79.3806,70.9748,73.7415,78.7317,83.7545,102.9022
2009-03-05,69.0795,80.6813,119.3376,118.4599,116.8173,106.4486,94.8157,90.7291,101.7383,93.6038,79.8666,71.564,74.4426,78.667,84.1364,102.9287
2009-03-06,69.3346,79.8381,119.4763,118.7405,118.3191,107.4398,95.3233,91.5264,102.6314,94.5298,79.8568,71.1826,74.1448,77.3585,83.7853,102.9383
2009-03-09,69.6798,79.9303,119.388,118.646,118.9686,107.3151,95.421,91.2832,102.0805,94.7887,79.4384,71.9084,74.1165,77.3332,84.2198,102.9381
2009-03-10,69.3118,79.9651,119.2217,118.9591,120.2644,107.5014,96.0669,91.5467,102.219,94.873,78.9423,71.6833,73.4977,77.2605,83.6071,102.8953
2009-03-11,68.6707,80.025,119.8244,120.1349,120.617,108.0811,96.7066,91.5083,102.9838,95.4239,79.763,71.8393,73.336,78.3705,83.5686,102.853
2009-03-12,69.2816,80.1521,118.8603,119.1131,119.4921,107.5681,96.72,90.9755,101.9648,94.8976,80.2269,71.0365,73.1069,79.2109,83.9768,102.8612
2009-03-13,69.5641,80.8421,118.9117,119.201,120.5212,108.4811,97.3926,91.2202,101.6122,95.5016,79.8747,71.375,72.9678,79.8356,84.633,102.9158
2009-03-16,69.176,80.6793,118.8001,118.9115,119.8085,108.0912,97.1297,90.9877,101.8097,95.426,79.7859,69.9718,72.3422,79.8563,84.3035,102.8973
2009-03-17,69.0149,80.2878,119.1251,118.8477,118.4377,107.3355,96.793,90.9136,101.5477,95.41,79.8572,69.5727,72.4098,80.5594,84.6604,102.9259
2009-03-18,68.655,78.9939,118.7643,118.6441,117.6099,107.5888,96.9883,91.1068,101.4781,95.2161,78.6142,69.1248,71.5307,78.9073,84.134,102.8947
2009-03-19,69.5911,79.289,118.9445,118.6102,117.6053,108.7378,97.2039,91.5012,101.9448,95.0113,79.2212,68.1876,71.524,79.5288,84.4164,102.9026
2009-03-20,67.6833,77.5503,119.1466,119.0003,116.9395,108.6814,97.3021,91.6854,101.4251,94.8328,78.4396,68.2441,71.3754,76.9451,83.8064,102.916
2009-03-23,68.0253,78.0495,118.9968,119.0779,117.573,108.3961,97.3217,91.5595,101.2157,94.8192,78.8571,68.6041,72.0984,77.5876,84.1453,102.9421
2009-03-24,66.9223,77.4988,119.0301,118.7875,116.2694,107.634,96.8387,91.183,100.4967,94.2464,78.8658,68.0481,71.8535,77.0396,83.9438,102.9793
2009-03-25,67.302,78.5592,119.4644,118.8476,116.3598,107.4885,96.9709,91.7448,100.6149,94.5695,79.8871,68.6087,72.3939,79.0153,84.6307,103.0408
2009-03-26,67.6787,79.7297,119.0214,118.1129,114.7669,107.2891,96.2255,91.218,100.3488,94.0866,80.0815,69.7691,72.9443,80.6547,84.4366,103.0898
2009-03-27,66.8409,78.4365,119.0713,117.9074,114.2208,106.5246,95.3579,91.0002,99.2907,93.674,79.1726,70.0008,71.9976,80.1084,84.2293,103.0084
2009-03-30,66.1286,78.6753,119.1605,117.536,113.8025,106.3042,94.814,90.985,99.1391,93.5634,78.4548,70.102,71.0466,79.5778,84.1185,103.0653
2009-03-31,66.3738,79.1018,118.9331,117.6453,114.2606,106.7066,95.1657,91.1514,99.9267,93.987,78.3799,71.0944,71.2535,79.417,83.6061,103.0699
2009-04-01,65.8879,78.5519,118.975,118.0499,114.4505,107.1351,95.6028,91.0498,100.1691,94.2912,78.1987,71.3328,70.6483,78.6654,83.34,103.0712
2009-04-02,65.6122,77.6987,118.5288,117.6323,114.2727,106.9733,95.6639,90.9963,100.4938,94.2785,77.9564,68.5371,69.4664,77.7102,82.9012,103.041
2009-04-03,65.7009,77.1679,118.8597,117.8915,114.0432,107.0309,95.484,91.1407,100.7963,94.3138,78.1155,68.7313,69.0732,77.6184,83.1106,103.0053
2009-04-06,65.868,77.2605,117.8896,117.3421,114.4298,107.0116,95.0502,90.6846,101.2795,93.9702,77.8932,68.5077,68.9854,75.3068,82.8498,102.9903
2009-04-07,64.8226,77.2136,118.0724,117.2661,113.895,106.8346,94.8099,90.5904,101.1357,93.9667,77.4276,68.0272,68.4909,74.2653,83.0265,102.995
2009-04-08,65.6293,77.7765,118.2669,117.2673,114.3821,107.0558,95.0992,91.0261,101.0609,94.3271,77.357,68.3855,68.9783,75.7238,83.2962,103.0719
2009-04-09,65.4853,77.7611,118.8829,117.1456,113.4201,106.5846,94.6549,91.5152,100.9252,94.4237,77.1629,68.4138,69.9311,75.757,83.6786,103.094
2009-04-10,65.7329,78.1786,118.9644,117.3729,114.3488,107.005,95.3299,91.9254,101.7459,94.7758,76.9588,67.6522,69.545,75.3549,83.7498,103.0968
2009-04-13,66.0195,78.3249,118.8105,116.9189,114.3877,106.7008,95.0244,92.1483,102.008,94.8179,76.8989,66.7748,69.7001,75.0167,83.7484,103.0886
2009-04-14,66.0007,78.3269,118.6114,116.7436,114.0622,106.8014,94.4137,91.8944,102.7246,94.8037,77.425,67.5422,69.6955,73.3797,83.9127,103.0668
2009-04-15,66.0409,78.7692,118.311,116.0888,115.2993,106.1042,93.9274,92.0872,102.863,94.7877,76.8829,66.7728,68.5661,73.1335,83.4887,103.0316
2009-04-16,66.2991,78.5138,118.4053,115.8166,115.3331,105.0915,93.2908,91.8741,102.2328,94.7438,76.122,67.3114,68.1287,73.5494,83.6454,103.0507
2009-04-17,66.9364,79.1364,117.8402,115.1437,115.3275,105.3749,93.6708,91.8056,102.1465,94.5704,75.7306,67.3002,68.2295,72.9654,83.5188,103.1044
2009-04-20,67.6683,80.1206,118.359,115.2435,116.537,105.8739,93.8909,92.3477,102.1846,95.0184,75.7869,67.4844,68.4351,74.2144,84.0647,103.1417
2009-04-21,67.4363,79.412,119.0325,115.7801,117.6099,106.9838,94.642,93.1559,102.3132,95.7725,75.1271,66.403,69.1115,73.3184,83.9467,103.1657
2009-04-22,66.4534,78.6294,119.3504,115.9625,118.3223,107.1601,94.773,93.3452,101.6634,95.9573,75.0791,66.3771,68.7362,72.5303,83.7231,103.1803
2009-04-23,66.721,78.4913,119.1567,116.0597,119.637,107.5541,95.1787,93.1018,101.7892,95.9294,74.4558,65.1401,68.4031,71.5874,83.4801,103.2178
2009-04-24,66.8466,78.747,118.8271,115.5883,119.9781,107.6524,94.8654,92.9567,101.9779,96.0876,74.5057,63.8776,68.8097,70.8847,83.4876,103.2299
2009-04-27,67.0166,79.1945,118.3909,115.6193,121.6406,108.7897,95.7609,92.7715,102.1804,96.8319,74.3172,63.4563,68.7797,70.376,83.2901,103.238
2009-04-28,66.9648,78.9856,117.8891,115.3291,121.3027,108.2884,95.4829,92.6139,101.6399,96.2787,73.9053,64.1923,68.6346,70.7192,82.6838,103.2538
2009-04-29,66.1808,77.8096,117.1031,114.4333,120.9685,107.6506,95.211,92.3766,100.4703,96.2367,72.2341,63.7154,67.8596,68.2757,82.5779,103.2514
2009-04-30,65.6495,77.1351,116.9223,114.066,119.5235,106.526,94.7966,91.8388,99.2521,96.0046,71.55,65.0816,68.118,68.1685,82.3698,103.2871
2009-05-01,67.2508,77.5387,116.7307,113.8689,120.2117,106.6327,95.1232,92.3069,99.684,96.0536,71.7605,65.2261,68.5747,68.8706,82.5332,103.2826
2009-05-04,67.3042,78.3304,117.3762,114.0275,120.6729,106.9052,95.2442,92.8638,99.7792,96.5245,72.1254,65.9016,69.4979,69.6264,82.6827,103.277
2009-05-05,66.4897,77.9159,117.5385,113.9996,119.4794,106.7226,94.9659,92.3352,98.8265,96.0911,71.6585,66.016,69.3599,69.73,82.6385,103.2698
2009-05-06,66.477,77.6361,117.2286,113.8766,119.4472,106.5326,94.6703,92.2709,98.9727,95.6347,72.0519,65.8101,69.6142,68.9482,82.3836,103.3413
2009-05-07,66.5685,78.112,117.5954,114.2393,118.8552,106.3831,94.3472,91.9719,99.1647,95.68,73.2112,66.2864,70.6401,70.4942,82.566,103.3624
2009-05-08,66.7009,78.6193,117.619,114.4879,119.351,106.8691,94.5379,91.8486,99.7572,96.0833,73.7029,66.2571,70.1465,71.1942,82.6422,103.4538
2009-05-11,67.7525,79.9395,117.6886,114.7028,119.7795,107.7162,95.6117,92.1954,100.1614,96.053,74.0435,66.54,70.8093,72.0456,83.2603,103.4337
2009-05-12,68.4268,80.296,117.6988,114.3125,119.3202,108.1827,96.4952,92.6604,100.3007,96.3124,74.3536,67.1231,70.8485,72.0586,83.3814,103.479
2009-05-13,70.3178,81.3123,118.2208,115.6634,121.555,109.7258,97.5173,92.9372,101.6965,96.8975,75.5154,66.7616,71.4707,75.3236,83.5839,103.4847
2009-05-14,71.0331,81.6707,118.2084,115.7503,122.4964,110.38,97.4163,93.043,102.3267,97.2711,75.7804,66.5041,71.8351,75.3539,83.7484,103.4986
2009-05-15,70.8296,81.7207,117.4434,114.9431,120.7901,110.2281,97.218,92.6262,102.2637,96.9659,75.5613,66.7731,71.3674,74.0155,83.8487,103.4799
2009-05-18,69.8854,81.3404,117.1704,114.9639,119.4684,110.2791,97.3266,92.2737,101.7614,96.8204,75.627,67.2178,72.0404,73.9241,83.3605,103.5274
2009-05-19,71.1236,82.0203,117.7005,115.8487,120.3036,110.7576,97.8544,92.7584,102.6376,97.2144,75.6254,68.2318,73.4627,74.6367,84.1386,103.5174
2009-05-20,71.0626,81.4532,117.5337,115.1673,119.4827,109.9283,96.581,92.4705,101.2609,96.6516,74.7802,68.495,74.4144,75.7157,83.2125,103.4632
2009-05-21,69.7827,79.8542,117.074,115.1413,118.7435,109.4854,96.2482,91.8843,100.55,96.6627,74.5093,68.5968,74.4483,73.5865,83.1112,103.4842
2009-05-22,68.0502,78.7685,117.2699,115.3419,118.8693,109.2437,95.7415,91.983,100.9546,96.7946,74.8724,67.5542,72.8722,72.5,82.3597,103.5328
2009-05-25,68.8011,78.9914,117.5344,115.8545,119.1689,108.6287,95.5568,92.1466,101.4245,96.5855,75.0336,67.7835,73.5603,73.318,82.8301,103.5497
2009-05-26,68.0119,78.3316,116.8732,115.4558,118.5845,108.2072,96.005,91.9352,101.3526,96.3536,75.112,67.1256,72.8802,72.1491,81.979,103.5128
2009-05-27,66.3437,76.8604,116.521,115.0958,117.0715,107.1873,94.9856,91.3793,101.0109,95.8974,74.8549,66.4486,71.6064,70.4583,81.414,103.5362
2009-05-28,66.6302,76.9261,116.2842,115.3137,117.7148,107.7254,95.5953,91.2491,100.9256,95.4297,74.243,66.1713,71.4337,69.7439,81.404,103.6082
2009-05-29,65.9961,76.724,116.9223,115.581,117.7297,107.279,94.9407,91.3441,100.3008,95.2785,74.1291,65.9428,72.0953,70.641,81.29,103.5683
2009-06-01,65.2889,76.199,116.1699,114.9206,116.8136,106.4848,94.8275,90.8902,99.4564,94.9988,74.2118,66.3527,71.1353,70.1571,81.0372,103.5709
2009-06-02,65.9497,76.9378,116.3709,115.6065,117.7396,107.7297,95.8155,91.3529,100.5572,95.314,74.7826,67.1167,71.1674,70.3603,81.3797,103.5484
2009-06-03,65.1718,76.3852,115.7546,114.8906,116.3658,106.8593,95.7583,91.1564,100.0876,94.6834,74.7636,66.3069,70.9623,68.8107,81.1402,103.5549
2009-06-04,65.0506,75.8472,116.0637,115.0752,115.6643,107.1995,95.8454,91.5802,100.6589,94.6764,75.2462,65.3165,71.0556,68.3192,81.3835,103.508
2009-06-05,64.2111,76.1511,115.9273,114.5719,115.0454,106.4955,95.3436,91.4813,100.6864,94.5477,74.8347,64.0858,71.1714,67.4996,81.0968,103.5547
2009-06-08,63.9437,76.4158,116.3612,115.0554,116.4638,106.8606,95.0075,91.9321,101.2106,94.9065,75.1151,65.7254,70.8069,67.8781,80.5613,103.6423
2009-06-09,64.5083,77.3587,116.1339,114.4605,116.6612,107.2838,94.7357,92.0921,101.6748,95.1607,75.3053,66.4585,70.4185,67.865,80.7226,103.6051
2009-06-10,63.328,76.4446,116.1769,114.5037,116.0613,106.0643,93.9263,91.6938,101.1245,94.8954,74.4146,66.8837,69.5079,66.8613,80.6944,103.5951
2009-06-11,63.6053,76.3709,116.0326,114.3589,115.4114,106.0787,94.225,91.5845,100.8828,94.8863,74.1323,66.5782,70.1336,67.4593,80.39,103.5498
2009-06-12,63.7012,76.5024,115.7674,113.7497,114.6795,105.0994,94.0207,91.2504,100.6199,94.8672,74.2952,68.1709,70.3629,67.1125,80.0451,103.5522
2009-06-15,64.5623,76.8938,115.6082,113.5563,114.8415,104.91,94.0048,91.1874,100.569,95.2726,74.7261,68.8629,70.8105,68.1278,80.5168,103.5207
2009-06-16,62.261,74.592,116.288,113.8562,113.0358,103.8801,93.0226,91.1229,99.7981,95.229,74.4195,69.1319,70.1909,66.7188,80.0053,103.5554
2009-06-17,62.5605,74.791,116.5908,113.9436,114.3238,103.4762,92.3835,91.2129,100.0137,95.8744,74.3672,69.5231,69.6905,67.5106,80.2082,103.5832
2009-06-18,61.6937,73.8101,117.3102,115.0745,114.4438,104.2607,93.4492,91.8064,99.8955,95.9942,74.165,70.0725,69.5212,67.1688,80.1759,103.6195
2009-06-19,62.4964,74.2507,117.6526,115.185,114.181,104.332,93.601,91.8088,100.2355,96.2101,75.2208,70.7243,69.9583,68.1627,80.7646,103.6441
2009-06-22,63.3104,74.5218,117.5,114.6635,112.7474,104.1094,93.9397,91.7354,100.2305,95.8454,75.4096,71.0652,70.5701,69.0311,80.2941,103.6405
2009-06-23,64.6931,74.8985,116.7795,114.4848,113.4772,104.2075,94.1001,91.6841,100.6239,95.8283,75.7661,70.9596,70.9831,69.7143,80.5217,103.6142
2009-06-24,64.5034,74.9079,117.2266,114.5011,114.1855,104.6086,93.9457,92.0569,100.8981,96.4095,75.7702,70.2076,71.1476,69.1194,80.7114,103.5793
2009-06-25,64.3067,74.3703,116.8818,114.1095,112.713,103.5537,93.8848,91.5568,100.3117,96.1714,76.2555,69.535,71.9338,70.0777,80.0069,103.556
2009-06-26,64.7268,74.5768,116.7079,113.9712,113.034,103.5671,93.9405,91.6168,101.2077,96.1532,76.9291,69.2217,72.4164,68.821,79.9262,103.5994
2009-06-29,64.8621,74.2415,116.8574,114.2438,113.7665,104.6364,94.7706,91.8859,101.6442,96.4617,77.0568,68.8736,71.9021,67.6102,80.1185,103.5652
2009-06-30,65.1749,74.6737,117.1836,114.5169,113.4774,104.4233,95.2049,92.1315,102.4484,96.6028,78.4357,69.1652,72.297,68.3343,80.2124,103.6236
2009-07-01,66.9871,75.3719,116.5165,114.2238,113.508,104.0914,95.0817,91.5438,102.9489,96.4377,78.7523,70.5795,72.8087,68.9325,80.4921,103.6287
2009-07-02,65.718,74.5653,116.6018,114.1364,112.2984,103.7529,94.5932,91.0495,102.0665,96.122,77.9525,70.7351,72.2555,67.7231,80.5886,103.6581
2009-07-03,66.0876,75.0376,117.0618,114.6008,112.8345,103.8046,94.9227,91.2149,101.9728,96.0338,78.3198,71.9259,72.1186,68.6799,81.1081,103.7363
2009-07-06,65.7168,74.9506,117.1532,114.0517,111.8678,103.5053,94.5973,91.0456,101.0703,95.9368,78.4355,71.5535,72.5284,68.6808,81.3321,103.7265
2009-07-07,65.9797,75.3887,116.7115,113.6439,111.6224,102.9202,93.9738,91.0593,101.2396,95.8814,78.542,72.1508,72.3415,69.2127,81.463,103.7077
2009-07-08,64.5711,74.3385,116.929,113.7143,110.466,102.5659,93.8774,90.993,101.2831,95.6451,78.7774,71.9829,71.1965,67.5981,81.2652,103.7613
2009-07-09,64.3774,74.9707,117.3428,113.5316,109.2827,102.0192,93.7732,90.6548,101.0507,96.0087,78.8019,72.1696,70.1924,69.2654,81.8575,103.7749
2009-07-10,64.2428,74.5721,118.0252,113.8311,109.5408,101.7217,93.2284,90.9763,101.1547,96.4922,79.1467,72.2837,70.4886,70.1511,81.823,103.7342
2009-07-13,63.9437,74.3522,118.2726,113.5949,108.251,101.3971,93.6405,91.0968,100.5118,96.8356,79.2926,71.9161,71.0681,70.642,82.1459,103.7685
2009-07-14,64.1144,73.8592,118.3174,113.6397,107.3309,101.0404,93.3364,90.7362,100.5358,97.1869,79.3046,72.1851,71.7733,70.3166,82.6796,103.7598
2009-07-15,64.0816,73.1332,118.3365,113.7209,106.5729,100.932,93.4167,90.4954,100.504,96.949,79.4176,71.9362,71.3344,70.3414,82.4502,103.7089
2009-07-16,63.3713,72.7912,118.2146,113.8207,106.0441,101.1545,93.6714,90.352,99.9599,96.6372,79.1048,71.882,70.2717,70.1332,82.6407,103.7636
2009-07-17,63.1492,72.7169,117.6272,113.5927,106.3627,101.5276,93.8019,90.0885,99.451,96.4933,77.7184,71.6404,69.5445,69.0512,82.7623,103.7716
2009-07-20,63.0075,73.1981,117.6258,113.2355,105.5869,100.5717,93.177,89.417,98.4632,96.316,77.4342,72.3232,70.2138,69.9732,83.0768,103.7796
2009-07-21,62.3187,72.756,117.6266,112.8913,106.1267,100.2818,92.4589,89.574,97.853,96.4622,76.8609,72.639,69.4028,69.3676,82.8917,103.7776
2009-07-22,62.1408,73.0051,117.7397,113.2352,105.9111,100.6974,92.7584,89.6548,98.0673,96.2723,77.38,73.5981,69.4727,69.7631,82.7671,103.7998
2009-07-23,62.9996,73.8285,117.9632,113.0014,106.5175,100.8265,92.7836,90.1199,98.5225,96.2785,77.4592,74.3065,69.9053,69.7465,82.8493,103.7885
2009-07-24,62.4921,72.7807,117.6792,113.1988,105.019,100.7885,92.9158,89.8295,98.9113,96.0567,77.8099,74.7315,69.111,69.3134,82.3715,103.7661
2009-07-27,61.4534,72.1263,118.1454,113.3852,104.6622,100.6139,92.5633,89.8965,98.8401,96.5008,77.7748,73.8756,68.893,68.1878,82.9439,103.6986
2009-07-28,62.0944,72.7998,118.8454,114.1997,106.2881,101.3796,93.2872,91.0937,99.8368,96.8605,78.2413,72.8822,70.2545,69.1946,82.9234,103.7104
2009-07-29,63.6491,73.6342,118.5173,113.8469,107.1199,102.0302,93.5476,91.3629,100.0899,96.7869,78.0493,73.5782,70.785,69.7613,82.8663,103.7356
2009-07-30,63.4187,73.2061,118.8783,114.3332,107.2876,101.7996,93.7609,91.5602,100.1464,96.9996,77.9503,73.7538,70.7564,69.7383,83.0423,103.7138
2009-07-31,65.007,74.496,118.6074,114.0687,108.4456,102.3518,93.8377,91.8737,100.2528,97.1959,78.5034,73.6325,71.5093,71.8862,83.5647,103.7315
2009-08-03,64.7711,73.0243,118.492,114.4331,109.186,102.5754,93.9525,91.8294,99.7086,97.3741,77.717,73.6989,70.9957,70.7404,83.5482,103.7497
2009-08-04,64.6125,72.6636,118.8117,114.0791,108.4199,102.2724,93.0985,91.6554,99.4,97.2937,77.8428,72.8596,70.6954,71.1328,83.596,103.7777
2009-08-05,65.2685,73.1015,118.9054,114.1143,108.9582,102.6702,93.3683,91.9147,99.7453,97.5912,78.7345,73.5515,70.3056,72.8834,83.3162,103.7464
2009-08-06,64.7437,72.0577,118.5953,114.3087,108.3652,103.1517,93.909,91.8815,99.4995,97.2236,78.2817,72.8821,69.7252,71.8934,83.0367,103.7424
2009-08-07,63.5929,71.3794,119.0532,114.2133,107.3229,102.4447,93.2121,91.5871,98.3509,97.3873,78.0642,73.5502,69.4563,72.919,82.7228,103.7572
2009-08-10,62.8163,70.8444,119.1197,114.2042,107.1076,101.9678,92.6317,91.1544,98.2462,97.2888,78.1299,72.4135,68.409,72.979,82.3789,103.7571
2009-08-11,63.4664,71.9804,119.1828,114.125,107.8237,101.5242,92.4833,91.2548,98.2838,97.524,78.3431,73.2946,69.9971,73.1322,83.1613,103.7364
2009-08-12,63.5259,71.5382,119.4063,114.3366,108.2487,101.3274,92.6002,91.2782,98.6718,97.8771,78.6609,72.6966,70.1581,72.8821,82.8846,103.734
2009-08-13,63.7358,72.2789,119.1756,114.423,109.2315,102.1864,93.2634,91.8253,98.9637,98.1308,78.6489,72.4262,70.0191,73.3286,83.0192,103.7596
2009-08-14,64.2602,73.0658,119.1705,115.0438,110.9449,103.109,94.3885,92.1916,99.7938,98.8954,79.2876,72.7709,70.359,73.3972,83.4599,103.7865
2009-08-17,63.4775,72.7227,118.5771,113.6962,109.6287,102.0482,93.3001,91.723,98.7015,98.3987,78.5484,72.1433,69.7311,72.3876,82.9986,103.8096
2009-08-18,63.4744,72.53,118.9097,113.9608,108.6246,102.4447,93.5793,91.9175,98.6966,98.9877,79.2158,72.1947,69.7444,74.3464,83.2322,103.8718
2009-08-19,63.3509,72.7324,119.0593,114.1428,110.006,102.5118,93.305,92.3506,98.7336,99.2608,80.2146,72.5277,70.2302,74.5717,83.3764,103.8868
2009-08-20,63.5643,73.2814,119.1973,114.5058,110.9201,103.4875,93.8562,92.4419,98.2909,99.3805,80.9233,73.6111,71.0535,75.936,83.3625,103.8376
2009-08-21,63.8492,72.5795,119.4018,115.1933,111.7105,104.0226,94.207,92.4912,99.3356,99.9637,80.9643,72.8832,70.664,74.8362,83.6051,103.8542
2009-08-24,64.8312,73.1979,119.3947,114.9491,111.9222,103.9046,94.19,92.6843,99.4005,99.7792,81.392,73.352,71.3351,75.6094,83.8229,103.8779
2009-08-25,66.4743,74.6684,119.3934,114.7333,112.6626,104.5498,94.5538,92.9551,99.966,99.9522,81.8626,73.8984,72.6217,76.4147,84.4131,103.8242
2009-08-26,66.0556,74.374,118.937,114.4743,112.1416,105.0496,94.7431,92.9938,99.3285,99.8578,80.7823,74.8198,72.7882,75.3191,84.2069,103.912
2009-08-27,65.536,74.3481,120.0803,115.9102,113.0323,105.3846,95.348,93.5519,100.2234,100.301,82.2793,73.9956,74.0994,76.0075,84.477,103.9597
2009-08-28,65.0027,74.1795,119.8426,115.3763,111.8324,104.7211,95.0047,93.4877,99.6209,99.7866,82.5197,74.0619,74.2397,76.0948,84.1328,103.959
2009-08-31,65.271,74.1718,119.5447,115.271,111.9437,105.0747,95.5037,93.839,99.8782,99.8529,81.994,72.9023,74.1552,76.5081,83.6198,103.9294
2009-09-01,64.8581,73.913,119.6371,115.4439,111.9499,105.4026,95.7417,94.3289,99.9506,99.6313,82.3745,73.0591,74.7619,75.6842,83.3589,103.9622
2009-09-02,64.0965,72.4868,119.7786,115.8185,111.3243,105.5556,96.0236,94.637,100.3123,99.5104,81.4916,72.5058,74.2398,72.8561,83.3996,103.9575
2009-09-03,63.919,72.4169,119.7427,116.116,111.7187,106.3668,96.794,95.1337,100.4815,99.5013,81.5419,72.5374,73.9857,72.7786,83.1775,103.9396
2009-09-04,63.1553,71.6957,119.9723,115.6719,111.0168,105.1724,95.9687,94.6966,98.9866,99.8151,81.0296,73.1823,73.9027,73.2235,83.2217,103.9386
2009-09-07,62.0823,71.0764,119.7216,115.5087,110.1568,104.3257,95.0023,93.954,97.9353,99.5912,80.5225,72.9765,73.6326,73.3403,83.2852,103.9844
2009-09-08,61.2961,70.4083,119.7565,115.0573,108.9773,103.9986,93.8291,94.0707,98.17,99.4523,80.9889,73.4128,73.2754,72.3157,82.8064,103.9654
2009-09-09,61.6204,70.4056,119.811,114.8088,109.1368,103.1343,93.3225,94.3474,97.7957,99.3855,81.0201,73.1729,74.0248,72.9239,83.0438,104.0347
2009-09-10,60.5712,69.65,120.1589,115.1127,109.164,103.3353,93.4286,94.7334,97.4256,99.619,80.6345,72.9069,73.8646,72.0179,82.9875,104.0477
2009-09-11,60.1301,69.2105,119.243,114.1962,108.1955,102.6228,93.187,94.331,95.9614,98.9937,79.4485,73.9686,73.3764,70.9876,82.9026,104.0222
2009-09-14,59.3226,68.4885,119.075,114.2445,107.6974,103.2621,93.8097,94.5921,96.111,98.8287,79.6453,72.8755,72.7137,69.5595,82.5359,104.0271
2009-09-15,59.4266,68.0426,119.2729,114.0657,107.7916,103.4207,93.3147,94.9802,96.0136,98.9933,79.9173,73.8016,72.7106,69.2681,82.5118,104.0304
2009-09-16,59.7316,67.8071,119.2582,114.6245,108.4504,103.9054,93.1457,94.4944,96.4205,99.234,80.5652,74.5369,72.7098,69.3513,82.6794,104.0337
2009-09-17,59.416,67.7765,118.8332,114.2067,107.6651,103.3901,93.1551,94.5009,95.7077,98.578,80.1588,74.0002,72.6118,69.9786,82.2565,104.0329
2009-09-18,59.4571,67.5995,118.7357,114.3937,107.3796,103.8116,93.7714,94.4075,95.719,98.6543,80.1964,74.1325,72.4462,69.8711,82.3949,103.9591
2009-09-21,60.3588,68.6013,118.2991,113.8926,107.6056,104.1255,93.7158,94.4323,95.9438,98.7104,80.3371,75.292,72.453,70.6787,82.5316,103.9554
2009-09-22,60.271,68.6727,118.2172,113.8078,107.1261,104.3752,93.9008,94.2622,96.142,98.7077,80.7762,75.3934,72.4191,70.3761,82.4912,103.9132
2009-09-23,61.1174,69.3623,117.8769,113.5768,106.7962,104.167,93.7082,94.2921,96.9191,98.8321,80.7963,75.6261,73.7519,70.5618,82.4825,103.9627
2009-09-24,61.2315,69.2271,116.9209,112.7747,106.3236,103.975,93.3298,93.6759,96.9178,98.7472,80.6639,75.8138,73.0584,70.0247,81.7609,103.9869
2009-09-25,60.3177,68.6201,117.0516,113.069,107.022,104.3752,93.2205,93.6655,96.6667,98.692,80.4998,76.0259,72.4759,68.5822,81.6198,103.9171
2009-09-28,58.6567,67.7601,117.4866,113.4454,106.8017,104.0807,92.5536,93.9105,96.6629,98.5809,80.7344,74.4621,72.3205,67.3589,81.4642,103.9948
2009-09-29,58.2671,67.6632,117.5005,113.6705,107.1388,104.1569,92.347,94.029,96.6862,98.4437,81.2477,73.8336,72.0146,68.2107,81.0873,104.0327
2009-09-30,59.1985,68.201,117.7907,114.2418,108.4173,105.4759,92.9458,94.5108,97.6658,98.5999,82.0865,74.2659,71.5371,68.8657,81.4037,104.0828
2009-10-01,58.6158,68.2056,117.4529,113.9317,108.0122,105.063,93.0262,94.2761,98.1277,98.6419,82.5696,74.7266,70.8671,67.9134,80.7283,104.1663
2009-10-02,58.9567,68.3105,117.4119,113.8068,107.5366,104.8979,92.7645,94.2404,98.4182,98.4967,82.8845,75.6707,70.9687,68.8584,80.1094,104.0774
2009-10-05,58.9905,68.0823,117.8539,113.9743,107.2878,104.8985,92.5601,94.6639,98.6813,98.9541,83.7379,75.7687,71.3754,69.1951,80.5801,104.1091
2009-10-06,60.0392,68.9963,117.5005,113.4918,107.1745,104.6339,92.116,94.3363,98.4705,98.8376,83.9613,76.9737,72.654,70.4479,80.745,104.1023
2009-10-07,60.2669,68.6226,117.4845,113.1722,106.7376,104.3033,91.8726,94.5287,99.3955,99.5956,84.2722,76.3051,72.6229,69.5065,80.8114,104.1217
2009-10-08,60.2913,68.3211,117.4442,112.8547,106.9405,103.4804,90.9274,94.671,98.9699,99.3653,83.9227,77.0479,72.8018,69.1872,80.8111,104.1959
2009-10-09,60.313,67.9067,117.7025,112.8454,106.7285,104.1979,91.5794,95.0279,98.4401,99.7408,83.6344,77.4935,72.1289,69.2234,81.2163,104.1915
2009-10-12,59.8537,68.0695,117.7257,112.7826,106.9335,103.7482,91.3705,94.9024,98.1812,99.7219,83.4937,77.4467,72.0434,68.7358,81.4962,104.1956
2009-10-13,60.8101,68.5043,117.2082,112.4219,107.4049,104.2568,91.6255,94.5982,97.9342,99.2763,83.3903,78.1867,71.9167,68.3231,81.8844,104.1839
2009-10-14,60.0152,68.2645,117.1195,111.4651,105.6582,102.7638,90.3705,94.2203,96.7556,98.7384,82.5678,79.5699,72.1542,67.3438,81.9213,104.1814
2009-10-15,59.9854,68.4305,116.8872,111.1749,105.5857,102.6306,90.1342,93.9793,96.6969,98.7049,83.111,79.6892,72.8591,66.9277,81.8356,104.19
2009-10-16,59.1164,68.0311,116.5993,110.9267,105.029,102.7525,89.7918,93.7917,96.3344,98.413,81.9882,79.2085,72.866,65.0989,81.7378,104.0924
2009-10-19,58.7605,68.0734,116.5135,110.7982,105.4386,102.2823,89.0206,93.6732,96.3883,97.8844,82.189,78.5672,72.4557,64.6056,81.6844,104.019
2009-10-20,58.4165,67.6169,116.6239,110.6638,105.1176,102.0056,89.0615,93.376,96.1773,97.9626,81.9713,78.3506,71.0147,64.0343,81.8746,104.0391
2009-10-21,59.8538,67.9378,116.2775,110.5467,106.3261,102.7015,90.1536,93.5847,96.3458,98.0077,82.8791,78.2064,71.1526,65.0319,81.5427,104.0786
2009-10-22,59.6443,67.6614,116.0155,110.1805,105.445,102.9658,89.7114,93.2622,95.7389,97.4671,83.0038,77.8219,70.8465,65.3045,81.4281,104.1009
2009-10-23,59.593,67.1979,115.3959,109.8424,105.9236,102.7212,89.8968,93.0325,95.7015,97.8336,82.3559,77.4396,70.6095,63.9133,81.1586,104.1315
2009-10-26,59.4244,67.1447,116.0069,110.393,105.0701,102.8461,89.9375,93.1159,96.8237,98.3477,83.0591,76.9442,71.0917,63.834,81.5201,104.1208
2009-10-27,58.8322,67.1504,116.078,110.2457,106.0047,103.2692,89.9414,93.5801,96.8379,98.6307,82.0773,76.3212,70.7464,61.7876,81.8247,104.2073
2009-10-28,57.9827,66.5172,116.9792,111.0343,106.7069,104.5151,90.8387,94.4803,96.8052,99.4541,81.1841,76.9395,69.9983,61.274,81.7234,104.1674
2009-10-29,57.4024,66.7081,116.9994,110.7607,105.8846,103.9893,91.2678,94.8162,96.1029,98.9369,80.7997,76.896,70.6028,61.2036,81.4806,104.2004
2009-10-30,57.689,66.9062,116.5118,110.044,105.911,103.9753,91.1106,94.6751,95.4528,98.9424,80.8108,77.1185,70.9928,61.0493,81.5602,104.1563
2009-11-02,56.0893,65.5064,116.7238,110.3746,106.2541,104.0934,90.7752,94.5556,94.5073,99.0508,79.7038,77.051,69.9823,59.5674,81.209,104.2611
2009-11-03,56.2445,65.8488,116.5521,110.2222,106.0644,104.0277,91.1883,94.2275,94.4701,99.3742,79.446,76.7382,70.3131,59.2855,81.6108,104.2694
2009-11-04,56.5859,65.9817,116.9351,110.2442,106.4698,103.6753,91.0574,94.5749,94.3788,99.4627,79.1625,77.0846,70.4687,59.667,81.8901,104.2292
2009-11-05,57.6057,66.6572,117.0848,110.4148,106.3209,103.7475,92.1727,94.965,95.1782,100.015,79.3325,76.661,70.852,60.8054,82.2371,104.2351
2009-11-06,57.6975,67.3772,117.2342,110.1381,106.8478,102.8771,91.4002,94.8851,95.1022,99.7265,79.8069,77.2753,70.6093,61.3959,82.4575,104.2107
2009-11-09,57.7975,67.4289,117.6555,110.8115,107.0202,103.5569,92.3751,95.0134,95.2313,99.8204,79.7099,77.9135,71.4458,61.6196,82.22,104.1979
2009-11-10,57.5305,67.6265,117.7742,110.7073,106.0332,102.9776,92.322,94.5809,95.1531,99.7637,80.8593,78.2641,71.9716,62.4588,81.8969,104.2664
2009-11-11,57.382,67.4732,117.6813,110.5657,105.892,102.6299,92.2699,94.3303,94.8681,99.8597,80.5259,78.8719,72.4694,61.7233,81.8973,104.2263
2009-11-12,56.7924,67.1428,116.917,110.121,105.143,102.2837,92.4951,93.7102,93.9589,99.5908,79.2483,78.6108,72.78,60.7356,81.495,104.2286
2009-11-13,56.319,66.737,117.4602,110.8675,104.7351,102.5089,92.6976,93.9739,93.9507,99.4964,79.4343,77.894,72.2453,61.6728,81.9059,104.2894
2009-11-16,56.9628,67.0019,117.1383,111.0054,104.9554,102.9743,93.2991,94.0403,94.5148,99.5946,79.4967,78.5427,73.1426,60.8577,82.2257,104.2867
2009-11-17,57.201,67.3758,116.825,110.8551,104.9673,102.5269,93.1772,93.6008,94.3362,99.8386,80.0561,80.216,74.0896,61.6288,81.8612,104.3112
2009-11-18,57.6949,68.0332,117.642,112.0004,106.6726,103.7691,93.705,94.1553,95.5795,100.6788,81.0192,79.191,74.694,61.8358,83.2046,104.3009
2009-11-19,58.4276,68.9929,117.9103,111.8876,107.0797,103.6998,93.5815,94.2477,95.5754,101.1657,81.7453,79.4965,76.1028,63.3888,83.572,104.3132
2009-11-20,57.9006,69.1496,117.9914,111.766,106.7063,103.6565,93.3375,93.9957,95.3837,101.2252,81.8694,79.5536,76.8522,63.3281,83.1227,104.2989
2009-11-23,58.3478,70.3494,118.0789,111.6402,106.6837,103.5316,93.6885,94.1699,95.0217,100.8745,82.3044,79.3912,77.7883,64.3713,84.0085,104.2987
2009-11-24,59.5245,71.0109,117.9233,111.575,107.2323,103.5617,93.831,94.2248,95.0874,101.2059,81.8069,80.1381,78.5747,64.8301,84.7902,104.3808
2009-11-25,59.5165,70.5855,118.3294,111.9928,106.9761,103.4217,94.001,94.2945,95.369,101.8554,81.5372,79.6619,79.1984,65.0627,84.9066,104.3917
2009-11-26,59.1362,70.8766,118.379,112.1789,108.0511,103.7059,94.3636,94.5713,95.3811,102.358,80.6169,80.0653,79.1733,64.1345,85.13,104.3384
2009-11-27,60.8087,72.0912,118.0494,112.132,108.5659,103.7888,94.438,94.7684,96.3897,102.2464,80.9805,80.0603,79.5881,65.3409,85.7217,104.3255
2009-11-30,60.6331,72.6283,117.9259,111.7522,108.4937,103.4439,94.2987,94.8466,95.9949,102.4359,80.3411,81.0186,79.5719,65.7606,85.5556,104.2886
2009-12-01,60.1568,72.7283,117.881,112.03,108.1544,103.6825,94.874,94.7405,95.5135,102.1617,80.3889,80.8313,79.7436,66.7747,85.2448,104.2958
2009-12-02,59.8202,73.1939,117.8796,111.6788,108.3831,103.9317,94.9525,95.1092,95.6568,102.0925,80.2132,81.2004,79.3577,65.6154,85.1563,104.2826
2009-12-03,60.8991,74.4357,118.4038,112.2559,110.2723,105.4524,95.4183,96.1784,96.5854,102.6401,80.4815,81.8042,79.757,66.3186,86.193,104.242
2009-12-04,62.5959,75.2055,117.8949,111.7197,110.8718,105.6645,95.1595,96.3256,96.9579,102.629,81.0335,81.9559,79.8377,67.6453,86.439,104.2831
2009-12-07,62.462,75.413,117.8665,111.7781,111.5323,105.3576,94.7615,96.5452,97.2643,103.0521,81.2446,81.479,79.8327,68.0049,86.6772,104.2769
2009-12-08,62.6135,75.405,117.8424,111.6032,111.1309,105.511,94.889,96.4253,96.836,103.1646,80.8104,80.5822,79.5625,68.3619,87.2334,104.2861
2009-12-09,62.3268,74.9299,117.8899,111.9617,111.4453,105.4483,94.6874,96.5319,97.8723,103.7213,81.4784,80.2434,78.6907,67.8186,87.3164,104.2906
2009-12-10,62.19,74.7691,117.6838,112.2281,111.5473,105.3711,94.5841,96.3089,97.7886,103.4221,81.3573,79.9688,78.1787,67.9514,87.694,104.2487
2009-12-11,61.4311,74.8981,118.085,112.7129,111.4516,104.8944,94.257,96.0713,97.602,103.2165,81.7587,81.5301,79.2774,67.805,87.6519,104.2401
2009-12-14,62.0528,75.3814,117.6279,112.0288,112.1559,104.8575,93.7947,95.7674,97.7265,103.264,81.9147,82.0409,78.5505,67.3114,87.6649,104.2049
2009-12-15,63.2239,76.1273,117.6314,111.9746,112.2301,105.1677,94.2064,95.8713,97.4988,103.0627,82.3721,81.4139,79.8839,68.996,88.1766,104.1607
2009-12-16,63.0697,75.8879,117.579,111.7713,111.3077,104.9366,93.9291,96.0496,97.3219,102.7784,82.4424,81.2796,79.9106,68.8734,88.4744,104.1667
2009-12-17,64.1386,77.2857,116.9927,111.708,113.0628,106.1943,94.6906,96.4254,98.3265,102.782,83.1142,81.5442,79.2967,68.7841,88.6636,104.1866
2009-12-18,64.9603,77.9844,117.2231,112.1411,113.8997,106.7452,94.9333,96.6145,99.3846,102.4903,83.6901,80.9861,78.3215,69.5223,88.9846,104.1678
2009-12-21,65.2545,77.9377,116.7841,111.9902,114.5559,107.34,95.125,96.8082,99.5042,102.1951,82.9004,79.8773,78.7876,68.3909,88.7261,104.1409
2009-12-22,65.9911,79.1659,116.8191,112.1201,114.6545,107.2945,95.4806,96.8747,100.2039,102.0242,83.0518,80.2063,79.2657,68.8875,89.1896,104.0905
2009-12-23,66.8336,79.7264,116.7346,112.0944,115.5631,107.1521,94.7907,96.6027,99.9747,102.1542,82.8032,80.2163,80.6669,70.43,89.0691,104.102
2009-12-24,68.4893,80.6214,117.2299,112.4592,117.4762,108.2621,95.6036,97.6239,100.5841,102.7558,83.3119,82.0722,81.9761,71.4528,89.1364,104.0718
2009-12-25,68.1232,80.2615,117.2424,112.3592,118.0332,107.5982,95.0468,97.6137,99.3846,102.5473,82.0561,82.6561,81.6284,72.2862,88.8795,104.0398
2009-12-28,68.9843,80.9832,117.191,112.3945,119.1319,107.9122,95.6758,97.9097,99.8972,102.6894,81.8852,83.4524,81.3663,72.0766,88.9654,104.0581
2009-12-29,69.7498,82.1724,117.2658,112.4336,119.8167,108.2872,95.8247,98.0135,99.7411,102.9085,81.9911,83.7641,83.3474,72.5756,89.8257,104.0401
2009-12-30,70.0525,82.5518,117.2831,112.2229,118.8821,108.0501,95.8267,97.8911,99.6423,102.8439,81.811,84.4666,83.8783,72.2337,90.5792,103.9918
2009-12-31,69.348,81.1819,118.0419,112.9545,118.4419,108.4244,96.1332,98.5419,100.0188,102.919,82.72,84.768,83.9898,71.536,90.3938,104.0263
2010-01-01,68.3436,80.9059,118.0304,113.1929,118.9201,108.9469,96.5369,98.8486,99.5525,102.8121,81.7416,85.1185,83.9129,70.5433,89.9497,104.0888
2010-01-04,69.3581,82.183,117.9899,113.5373,120.7394,110.3134,97.5329,99.8873,101.2656,103.0991,82.3081,85.4876,84.1924,69.7018,90.1113,104.0799
2010-01-05,70.51,83.1301,117.8182,113.1342,121.2322,110.0519,97.6115,99.992,101.1451,103.415,83.0465,86.4722,84.8608,71.2741,90.384,104.0679
2010-01-06,71.9986,84.2523,118.0502,113.8653,122.9089,110.8699,98.6257,100.5343,101.7613,104.0691,83.3414,85.6023,85.4856,73.2826,91.6091,104.1039
2010-01-07,71.7413,84.1402,117.8407,114.0085,123.8074,110.6768,98.3793,100.353,101.837,104.3111,82.8436,85.0619,85.7339,72.6106,91.6456,104.0948
2010-01-08,71.6439,83.9123,117.5693,113.4102,124.3434,110.9703,98.3472,100.4628,101.3793,104.4118,81.5228,86.3279,85.0172,71.1268,91.0333,104.0867
2010-01-11,71.5772,82.7887,117.7214,113.8531,124.6729,111.1695,98.6996,100.569,101.8278,104.63,81.7826,84.6485,85.3165,70.42,90.7058,104.1246
2010-01-12,72.9925,84.0996,118.0998,113.7528,124.061,110.8886,97.8213,100.3417,101.9299,104.0889,83.2697,84.6166,87.3844,72.7414,91.5045,104.0969
2010-01-13,72.1855,83.4724,118.6426,114.6203,124.0392,110.5488,98.2531,100.5929,102.5274,104.3424,82.903,84.2893,87.1612,72.4523,91.2567,104.107
2010-01-14,73.7656,83.7625,118.194,114.2813,123.2543,110.7274,98.6664,100.4471,102.2003,104.1405,83.9397,85.1279,88.7361,74.0808,91.4256,104.1098
2010-01-15,75.0939,84.5003,117.5216,114.1146,123.956,110.7188,98.6943,100.3829,102.498,103.4101,84.3808,86.5269,88.3746,74.1076,91.8694,104.1261
2010-01-18,73.8752,84.1962,117.5946,113.8963,123.5109,109.9656,98.0083,100.1921,101.9911,103.0417,84.5809,85.1122,89.0927,73.2319,91.7261,104.2177
2010-01-19,73.9143,84.4035,117.5936,113.8416,123.3662,110.3673,98.2061,99.6703,102.1956,103.4555,85.5678,84.7023,88.9321,73.4806,91.8355,104.262
2010-01-20,73.5579,83.9189,117.6922,114.1826,123.7423,110.5242,98.6358,99.6889,101.6438,103.5771,85.0437,84.3291,89.6662,73.3305,91.8448,104.2559
2010-01-21,73.3162,83.688,117.1075,113.5024,122.3853,109.0997,97.8131,98.5882,101.1679,103.3596,84.8788,84.0219,89.2768,73.2866,91.6952,104.3301
2010-01-22,72.7318,83.7245,117.8695,114.2677,122.8901,108.8996,97.5266,98.7463,101.8496,103.4166,85.8877,84.2164,89.4776,73.5396,91.755,104.3318
2010-01-25,73.2415,84.3454,117.9811,114.6385,123.538,109.0266,97.7357,98.5156,102.3573,103.4242,86.3959,84.0157,90.2439,73.8778,91.9441,104.3556
2010-01-26,72.2456,82.7614,118.682,115.0223,122.9725,109.1737,97.6179,98.5972,101.301,103.4884,85.422,84.3057,90.5683,72.9436,92.1051,104.3162
2010-01-27,72.789,83.529,118.8825,115.4007,123.4437,109.2397,97.6822,98.3938,101.3313,103.5391,86.4591,83.9647,91.9488,75.5248,91.9134,104.2833
2010-01-28,73.4139,84.0773,118.9059,115.7604,123.9354,109.6156,98.242,98.3797,101.4691,103.878,86.6781,84.2325,92.7178,76.4617,92.4564,104.2878
2010-01-29,76.2327,86.012,119.4369,115.8267,124.632,109.8697,98.2496,98.9389,102.5812,104.2085,87.9949,84.4327,94.6798,79.4124,93.4805,104.3505
2010-02-01,75.0665,84.9413,119.6138,116.3808,125.3102,109.9002,97.8557,98.9753,101.9678,104.168,87.8121,83.9123,95.8483,78.6406,93.2568,104.4736
2010-02-02,74.9443,85.0667,119.6015,116.2137,124.2981,109.8425,98.2047,98.601,101.5757,104.1827,87.0534,84.2616,95.0191,78.1325,94.0457,104.391
2010-02-03,75.5891,85.2464,119.5772,116.428,124.2408,110.6754,99.1085,99.2225,101.8978,104.146,87.527,85.2067,96.0481,76.9827,95.0292,104.4084
2010-02-04,76.9397,86.4177,119.6207,117.1913,125.6271,112.1357,100.1527,99.712,103.1391,103.603,88.3955,85.3238,95.8493,76.9699,95.8569,104.4455
2010-02-05,77.3891,87.0031,120.4811,117.9515,126.3299,112.6395,100.259,100.3312,103.7587,104.0073,89.2857,85.6525,97.1154,78.8748,96.0361,104.4079
2010-02-08,77.2236,86.4643,120.2573,117.9651,126.5068,113.0186,99.9509,99.8374,103.7696,103.6756,89.2799,85.8923,95.5689,78.1169,95.8405,104.4495
2010-02-09,77.1665,86.2597,120.6284,118.0784,126.3095,112.559,99.783,100.1248,104.2512,103.8561,89.7301,85.3476,94.8111,78.2218,96.2143,104.4324
2010-02-10,78.2825,87.2754,120.3709,117.6746,125.997,112.2361,99.754,99.8806,103.985,103.7626,90.2497,85.9801,95.6096,79.5138,96.9415,104.4725
2010-02-11,77.4163,86.3521,120.584,117.7944,125.5235,112.1385,99.8772,100.0111,104.2157,104.3994,89.6083,84.4847,95.4487,78.5021,96.77,104.4646
2010-02-12,76.9979,86.3635,120.7248,117.9031,125.3185,111.6234,98.9928,99.4549,103.9208,103.6481,89.8049,85.2343,95.9397,78.372,96.4848,104.504
2010-02-15,76.6196,86.2635,120.4513,117.1109,125.0656,110.7479,98.1486,98.9591,103.0559,103.629,89.0921,84.8707,95.5658,77.7675,96.5128,104.5579
2010-02-16,77.0003,86.7557,120.7495,117.2309,124.8788,111.2157,98.3202,98.961,101.8656,103.5338,88.5186,85.625,95.9791,80.0941,97.1851,104.5593
2010-02-17,76.4234,87.1378,121.0746,117.3686,126.054,111.4656,98.3903,99.3515,101.668,103.5484,88.8172,84.9439,95.5328,81.2754,96.521,104.6514
2010-02-18,77.0824,87.6702,120.9635,117.3487,125.0812,112.1328,98.9838,99.0973,102.2117,103.4205,89.1391,84.2389,94.6359,81.4399,97.256,104.6861
2010-02-19,77.0972,86.5152,121.2437,117.8144,124.2157,112.1139,98.9807,98.9773,102.027,103.5365,89.0713,84.4336,94.9678,81.5829,97.6917,104.7061
2010-02-22,78.6305,87.3499,121.2725,118.2018,124.4976,112.1462,99.0729,98.9533,103.3217,103.4952,90.2609,85.7524,96.5831,82.5198,97.5023,104.729
2010-02-23,76.6781,85.4627,120.9214,117.7893,123.5935,111.8111,98.5603,98.9083,102.8589,103.3095,89.6236,85.4937,94.652,80.1699,96.3307,104.7072
2010-02-24,76.6824,85.8974,121.7323,118.2397,123.0466,112.3779,98.7727,99.2381,102.4856,103.6792,89.9163,86.1293,95.5392,81.9249,97.2669,104.7566
2010-02-25,76.8889,86.169,121.7583,118.424,123.0478,112.5535,98.7491,99.2665,103.1934,104.1258,90.986,86.9187,95.1515,82.4732,97.5974,104.8017
2010-02-26,76.9424,87.5691,121.4892,118.0628,121.5307,111.9937,98.9307,98.589,103.3482,103.8255,91.9759,86.2004,95.0354,83.5637,98.3876,104.7983
2010-03-01,77.1349,87.8915,122.0729,118.2555,122.0024,112.734,99.3073,99.4959,104.0681,104.2054,93.3304,85.2727,94.3989,83.6784,99.2816,104.8007
2010-03-02,78.6471,88.4212,121.6426,118.0661,122.0052,113.2133,99.7555,99.3273,103.5211,103.8543,93.1323,86.0169,95.4486,85.2798,99.3007,104.8609
2010-03-03,80.7419,90.1599,122.2173,118.795,123.1784,113.8938,99.9293,99.8665,104.7452,103.8505,95.0414,86.2372,97.6324,88.4333,99.9295,104.8672
2010-03-04,82.4224,91.1508,122.0065,118.5147,122.9698,113.206,99.6246,99.3597,105.1314,104.0559,95.0297,86.5751,98.9846,89.6352,100.4658,104.8641
2010-03-05,81.7888,90.3527,122.5619,118.9711,123.0566,113.3238,99.5685,99.3645,105.1787,104.5524,95.1994,85.6351,98.4329,89.6283,100.843,104.8551
2010-03-08,81.2306,89.5647,122.2339,118.7128,122.9859,113.7821,99.9405,99.4115,104.8037,104.2802,94.9493,84.431,97.4692,88.391,100.4161,104.8787
2010-03-09,81.4813,90.6851,121.9709,118.5672,124.0284,114.6844,100.4052,99.9727,105.1127,104.5597,94.9005,84.9502,97.894,89.1363,99.7155,104.8915
2010-03-10,81.578,91.5473,122.2215,118.775,124.3,115.2367,100.6411,100.0095,104.5945,104.3545,94.6406,84.65,98.3968,91.0758,99.9686,104.8216
2010-03-11,82.6305,93.1538,121.3367,117.7552,124.1896,114.1253,99.9913,99.2046,104.4543,103.9261,95.2406,83.7536,98.6356,92.249,100.328,104.761
2010-03-12,82.9123,93.267,121.13,117.3025,123.8334,113.2788,99.2397,98.5747,104.4652,103.3379,94.9572,83.2787,98.027,90.8987,100.648,104.8529
2010-03-15,84.2025,94.6675,120.6611,116.5172,123.1868,113.1846,99.0946,98.124,104.5736,102.9522,95.6634,83.5553,98.5908,91.2172,101.0534,104.8645
2010-03-16,84.1187,95.407,120.5741,116.2746,122.887,113.6084,99.1866,97.7443,104.3125,102.6553,95.9326,85.2683,97.6704,91.8676,100.5881,104.8514
2010-03-17,83.3173,95.0576,120.884,116.0173,122.4839,113.0754,98.7631,97.919,103.979,102.4014,96.2604,86.4393,97.0152,90.8455,100.5335,104.8569
2010-03-18,81.9766,95.0922,121.4497,116.7654,123.1609,113.7479,99.1932,98.1533,103.4414,102.9545,95.9675,87.0531,97.7986,91.7949,100.3931,104.8699
2010-03-19,82.032,95.7085,121.088,115.8373,122.6092,113.4667,98.7822,98.0288,102.5719,102.4205,94.9123,87.2981,97.1515,91.2868,100.6034,104.8719
2010-03-22,83.2985,97.1234,121.5317,116.0935,124.3141,113.4694,98.65,98.1999,103.03,102.6993,95.0223,87.5882,98.4931,92.7404,100.7969,104.9018
2010-03-23,81.999,96.4235,121.4354,115.7203,123.6336,112.3505,98.0318,97.8299,101.9955,102.2484,94.2568,87.9881,97.4617,92.2431,100.3825,104.9454
2010-03-24,81.0793,96.5945,121.7333,116.3189,125.0582,113.147,98.3966,98.2091,102.879,102.768,94.6084,88.0296,97.8271,90.6001,99.9044,104.934
2010-03-25,80.5105,97.3591,122.1947,117.4514,127.2889,114.2472,99.3206,98.8025,104.4334,103.2213,95.4089,87.0262,97.5767,89.4958,100.0581,104.9951
2010-03-26,81.0869,98.0536,121.9108,117.6996,127.6955,114.5989,100.2223,98.9548,104.8264,103.5097,95.7537,86.9229,98.3783,88.9178,101.2101,105.0487
2010-03-29,80.3013,96.4723,122.1512,117.9401,127.9444,115.2991,100.0213,99.4255,104.8413,103.2263,95.3559,86.5996,98.2625,86.7371,100.634,105.0103
2010-03-30,79.1545,95.9449,122.4639,117.8927,127.7008,115.2444,99.778,99.401,103.8845,103.2563,94.754,85.9553,98.567,85.8617,101.1114,104.9944
2010-03-31,80.6701,97.7099,122.4368,117.9116,128.9587,115.7537,100.0205,99.1995,103.8132,103.1191,95.5493,85.9478,100.329,87.9702,101.3721,105.0967
2010-04-01,79.9413,97.6627,122.4801,117.7791,129.3672,116.0732,100.0706,99.1071,103.3731,103.5478,95.4504,85.5701,100.4378,87.3039,101.3728,105.1537
2010-04-02,81.2522,99.7529,123.1835,118.3218,129.8092,117.3278,100.5614,99.4708,104.3454,103.9566,96.8183,86.1275,101.3149,90.1661,102.2,105.2256
2010-04-05,81.7753,100.3683,122.8545,118.4227,129.4479,118.7719,101.5712,99.5667,105.2959,104.0177,98.0672,85.6683,101.7777,90.085,101.9934,105.2255
2010-04-06,82.1755,101.3207,122.5641,117.4596,128.8785,117.8027,101.4348,99.6733,105.1107,103.9096,98.1634,85.3095,100.9579,91.5049,101.5478,105.1693
2010-04-07,83.8724,102.5149,122.4691,117.1795,129.6988,118.0697,101.2868,99.5362,105.167,104.0889,99.1232,84.9562,101.1867,94.1249,102.0699,105.187
2010-04-08,82.7094,101.3707,122.5554,117.3177,128.7109,117.8471,101.1173,99.816,105.5417,103.9218,99.1537,84.6036,100.774,92.8447,101.4236,105.2015
2010-04-09,83.7962,102.6761,122.6615,117.7661,130.3169,119.025,101.6722,100.0284,106.3403,104.2676,98.7757,84.4512,101.3781,93.2591,101.7813,105.2329
2010-04-12,83.0766,101.9479,123.0016,118.1938,129.1654,118.6928,101.5199,99.8069,106.5704,103.5559,99.8067,83.364,100.7658,92.3864,102.5806,105.1714
2010-04-13,82.1047,102.2163,123.4743,118.7523,128.919,118.4164,101.7132,99.9065,106.2944,103.2838,99.34,84.0518,101.7057,91.9599,102.9884,105.1401
2010-04-14,83.8623,104.5157,123.7535,118.9707,128.5517,119.2883,102.5133,100.1395,106.6644,103.2749,99.3459,84.094,102.9993,95.6848,103.5824,105.1391
2010-04-15,83.6107,104.3166,123.5364,118.4542,127.6439,118.8957,101.9233,100.0487,106.2004,102.9938,99.1244,84.4743,102.3144,95.2263,104.0056,105.1624
2010-04-16,84.4194,104.7035,123.6008,118.2429,127.6283,119.7653,102.4322,100.2695,105.4958,103.1479,97.7857,84.0943,101.5699,96.6352,104.684,105.1733
2010-04-19,86.1326,104.7286,123.9025,118.5355,127.7973,120.24,102.9894,100.4114,105.6669,103.6559,98.5368,85.3364,102.3944,98.4743,105.2928,105.24
2010-04-20,86.8446,104.325,124.1587,119.0215,128.2241,120.7204,102.8006,100.7045,106.1188,103.7332,98.3606,86.3527,103.0351,97.9495,105.8153,105.2222
2010-04-21,86.6884,105.0275,123.7099,118.4882,126.4686,120.0174,102.4385,100.0738,105.6381,103.208,99.4347,88.0468,102.7957,99.1591,105.9474,105.2212
2010-04-22,89.2303,106.7566,123.4963,118.4517,127.2933,120.3021,102.8596,99.9131,106.0131,103.5014,99.3081,89.1819,105.0421,101.8532,105.762,105.2031
2010-04-23,89.3642,106.7362,123.3404,118.291,126.8905,120.4046,103.1946,100.0657,106.2898,103.492,100.239,89.3591,104.4072,101.8747,105.7863,105.1889
2010-04-26,91.167,108.003,122.9819,118.2554,128.1395,121.8862,104.1751,100.2062,106.5926,103.494,100.6878,89.0389,105.4699,102.9503,105.6792,105.1919
2010-04-27,92.1549,109.2795,123.1876,118.3361,128.5033,121.9748,104.3453,100.4155,108.0706,103.9029,102.4293,88.3839,106.0422,103.0312,106.2418,105.1782
2010-04-28,91.5724,109.468,123.0742,118.1932,128.391,122.5533,104.5476,100.1396,106.2601,103.1802,101.3384,89.8325,106.8414,103.3176,106.0977,105.1908
2010-04-29,92.2821,109.8065,122.337,117.6786,128.3611,122.516,105.0683,100.0584,106.6607,103.4654,100.754,89.4317,106.9021,101.4602,106.2791,105.1839
2010-04-30,94.2312,111.3554,122.3646,117.8103,129.2751,123.1713,105.4651,100.597,106.6761,103.7119,101.4305,91.1445,109.066,104.3495,106.7229,105.2001
2010-05-03,93.0809,110.403,122.6735,118.3443,129.3146,123.3299,106.0462,100.9453,106.8443,104.1754,100.4077,90.9234,110.2104,102.6084,106.2535,105.2228
2010-05-04,92.1265,110.5689,122.6904,118.078,129.6148,122.3675,105.4589,101.0803,106.3725,104.0498,99.7021,91.4481,109.4484,102.0789,106.2927,105.1725
2010-05-05,94.5016,112.1358,122.8964,118.0315,130.306,123.3245,106.014,101.7198,107.5606,104.6279,101.2786,92.0816,109.4965,103.6973,107.2243,105.2371
2010-05-06,94.8024,112.549,122.9171,117.9151,130.6583,123.3369,106.1129,101.8041,107.1853,104.7899,100.7775,92.0731,110.3792,103.4301,107.8215,105.2347
2010-05-07,94.0703,113.3867,122.1351,117.0659,130.3753,123.2115,105.6246,101.4616,106.3872,103.6417,100.2973,91.0943,109.3747,102.2561,107.7296,105.1976
2010-05-10,93.0157,113.0457,121.8519,116.855,128.5598,123.206,106.0313,101.0793,106.1942,103.0906,100.6132,90.7328,108.6216,101.4416,107.4161,105.2362
2010-05-11,94.4559,113.936,122.2488,117.4297,129.7117,123.8432,106.9598,101.4107,107.1426,103.7404,100.8688,89.8121,109.6122,101.9507,108.3353,105.2669
2010-05-12,95.0267,114.3938,122.8785,117.8576,129.9735,124.0084,107.2477,101.8411,107.7317,104.2484,101.5039,89.661,110.6052,103.6118,108.46,105.2912
2010-05-13,95.9906,113.9309,122.6243,117.8021,129.92,123.7452,107.4089,101.7641,108.2069,104.5542,101.7738,90.1682,110.1308,103.0709,108.9233,105.2899
2010-05-14,96.6203,115.1262,122.2982,117.7728,131.2922,124.2089,108.0889,102.2862,108.5344,104.8258,102.6719,90.7505,109.5887,103.6177,109.5268,105.2859
2010-05-17,95.3776,113.836,122.8996,118.3955,130.9086,124.4829,108.207,102.6892,108.4621,105.4342,102.5292,90.3037,110.4604,103.1108,109.9079,105.3104
2010-05-18,96.0016,114.7746,122.3106,118.0529,130.9597,125.5087,108.5105,102.8266,109.2813,105.4081,103.4825,89.3974,109.4989,103.6019,109.6402,105.3746
2010-05-19,96.7055,115.6169,121.4087,116.824,129.8239,125.1859,107.5331,102.4717,109.1024,104.6491,102.9663,88.8411,109.5081,103.0165,109.3304,105.3982
2010-05-20,97.5252,115.9833,121.1466,116.6717,129.2028,125.1596,107.7156,102.3196,109.0642,104.856,102.7458,89.5802,110.843,104.4399,108.9119,105.396
2010-05-21,97.2732,114.8626,121.5259,116.7705,129.2167,124.9964,107.4216,102.4713,108.5719,105.2747,102.1414,88.1735,111.484,104.6475,109.1979,105.4567
2010-05-24,97.6832,115.3528,121.8651,116.3662,128.3108,125.0393,107.0695,102.8592,109.0065,105.341,103.2247,88.995,110.3646,105.3739,109.5251,105.4411
2010-05-25,97.9208,115.9526,121.9151,116.0757,127.1746,124.2547,107.0785,102.7181,108.5895,105.203,103.5673,89.2822,111.8204,106.111,109.9931,105.4275
2010-05-26,98.2348,116.3821,121.7032,116.2611,126.7721,124.6557,107.6643,102.7708,109.3704,104.9961,103.4964,91.0351,111.6181,104.6988,109.881,105.5179
2010-05-27,98.5947,116.7524,121.8404,116.6106,127.7698,124.5022,106.6226,102.4569,109.8548,105.0117,103.5449,89.439,112.0966,105.4618,110.3065,105.5918
2010-05-28,99.9482,116.9928,121.8984,116.9992,127.7049,124.7685,106.8174,102.2665,111.1196,105.1623,104.5729,89.6574,112.1094,107.2316,109.7211,105.559
2010-05-31,100.0385,117.9076,122.0238,117.6566,128.2033,125.1258,107.0834,101.9711,112.6262,105.8885,104.7002,89.7271,111.2413,107.2773,110.1587,105.5405
2010-06-01,98.8192,118.4523,121.7474,117.6112,128.6025,125.6451,107.8619,102.0631,112.4605,105.7866,104.3176,91.3163,110.4813,105.7182,109.4152,105.5705
2010-06-02,98.9589,119.1517,120.786,116.4034,128.3649,124.4738,106.9102,101.3886,111.5067,105.6221,104.5323,92.5208,111.6292,105.5486,108.7681,105.5555
2010-06-03,99.0292,119.9677,120.525,115.5968,127.2152,123.2147,106.3549,100.9486,110.6391,105.0274,104.6375,92.3551,110.6104,107.0087,109.0407,105.6185
2010-06-04,96.9636,118.6278,120.6606,115.5206,126.3313,122.5298,106.2844,100.9527,109.9521,104.8646,104.4704,91.9723,109.1962,106.2277,108.5894,105.5762
2010-06-07,95.417,117.6078,120.39,115.3131,125.2905,121.9877,106.3594,101.1342,109.3246,104.578,103.5028,90.7823,107.9848,106.0354,108.1338,105.5241
2010-06-08,94.9355,116.9685,120.4366,115.814,125.3826,121.8353,106.2638,100.8851,108.8179,104.6623,103.1273,92.4608,109.0972,106.1378,108.2226,105.4515
2010-06-09,91.5192,115.9338,120.6916,115.5318,123.8744,120.9773,105.9724,101.2378,108.4254,104.8829,102.3864,91.4748,108.0074,103.6673,107.7052,105.4645
2010-06-10,91.336,117.3998,120.7436,115.8875,124.3172,121.0709,106.454,101.7326,109.0747,104.4243,102.6558,91.5739,108.6479,104.2151,107.3583,105.4744
2010-06-11,92.3023,118.5687,120.7071,116.0008,124.6112,121.6589,107.503,101.9527,109.6973,104.8896,103.2017,92.6221,108.6664,104.6796,107.921,105.4415
2010-06-14,92.7985,119.5119,120.319,115.9503,125.5956,122.8115,107.5981,101.9986,108.9766,104.4795,102.8208,92.948,109.3132,105.3105,108.284,105.4733
2010-06-15,93.6839,119.8599,120.2802,115.8601,124.9581,122.9662,108.174,102.5461,109.3409,104.507,103.6054,93.695,110.0902,105.4824,108.8628,105.3887
2010-06-16,93.7373,119.2126,120.2227,115.8741,125.4784,123.3338,108.174,102.6202,109.5686,104.7202,102.7812,93.4304,108.5835,104.2609,108.9104,105.4094
2010-06-17,95.3122,120.7358,120.3764,115.9967,126.1416,124.2836,108.7475,102.8547,111.0959,105.2083,104.1012,94.5097,109.3167,105.4036,108.1387,105.3633
2010-06-18,94.6672,119.7364,120.0067,115.9741,126.017,124.0581,109.5038,102.7967,111.1872,105.6654,103.6532,94.7212,108.5671,103.9734,107.5834,105.3326
2010-06-21,97.1167,121.0687,120.2873,116.5854,127.2837,125.2624,110.4599,103.3102,111.7937,106.2442,103.0263,95.1452,110.5,106.2796,108.2941,105.3339
2010-06-22,96.6064,120.9571,120.5151,116.3254,127.2592,125.2462,109.8395,103.1503,111.1642,106.0836,102.666,94.4163,111.5869,106.0854,107.7684,105.3258
2010-06-23,97.3835,119.3406,119.5554,115.6786,126.4405,124.6828,109.5041,102.541,110.7693,105.7914,102.4748,93.9052,111.9563,105.6409,106.7631,105.3159
2010-06-24,96.0244,117.7427,119.5274,115.9417,125.585,125.111,109.5995,102.4587,110.663,105.6159,102.6669,93.7529,110.9808,104.5893,106.3499,105.3461
2010-06-25,96.157,118.1256,119.5933,115.932,126.2093,125.0489,109.3096,102.2986,110.7036,105.7212,102.9872,92.5093,110.2289,105.7988,106.5315,105.366
2010-06-28,96.4016,118.2998,119.7666,116.4435,127.2685,126.3757,110.5241,103.1526,111.8054,106.6516,102.5275,92.6502,109.4233,104.8429,106.7742,105.4866
2010-06-29,98.8461,121.0342,119.5074,116.3709,128.9357,127.0064,111.2139,102.9697,112.208,106.5663,103.4609,93.4204,110.3954,105.9158,107.7595,105.5725
2010-06-30,100.5338,122.9871,120.4856,117.5944,130.4095,129.0103,112.6421,104.2152,114.0507,107.7847,104.1656,94.1499,112.3684,109.0608,108.0168,105.6398
2010-07-01,101.4054,122.1376,120.4699,117.9523,130.8729,130.7562,112.912,104.3602,115.0421,107.9416,104.1095,93.1067,111.5064,109.4716,107.1116,105.6825
2010-07-02,101.419,122.6464,120.25,117.9654,130.5323,130.9221,112.8549,104.2378,115.5337,107.9959,104.5668,93.8621,111.947,109.3374,107.0912,105.6823
2010-07-05,101.0976,123.0915,120.2356,118.4125,131.9136,132.1757,114.0467,104.4238,116.2786,108.5367,104.7844,93.9182,110.661,108.1245,107.1078,105.6455
2010-07-06,99.7639,121.7082,119.9857,118.4822,131.5152,132.6027,114.3012,104.4214,116.3326,108.5412,105.5217,92.5012,110.9596,105.7824,106.9344,105.6363
2010-07-07,99.5468,121.5354,119.9844,118.072,130.3813,132.5475,114.0625,104.1688,115.2062,108.1534,104.5383,93.8092,110.9571,105.0204,107.4237,105.5711
2010-07-08,99.867,122.1187,119.9811,117.8149,129.1455,133.1501,114.5802,103.9729,114.7833,107.9675,104.392,94.545,110.3925,105.5638,107.859,105.5619
2010-07-09,100.7481,124.303,120.1989,118.1221,130.7859,133.999,114.8096,104.0728,116.085,108.2486,106.2512,95.1002,110.0716,106.6976,108.0532,105.5213
2010-07-12,101.6911,123.6428,119.8154,117.5908,131.6658,133.7817,114.2927,104.4541,115.6106,108.1458,105.6618,94.049,109.721,107.2088,107.6916,105.5741
2010-07-13,102.6941,124.0397,120.2731,117.8705,131.8608,133.6366,114.7206,104.2256,116.4609,108.8532,106.6584,94.9733,109.7415,108.1486,107.7504,105.569
2010-07-14,103.8631,125.5973,120.1102,117.3893,131.6195,133.5952,115.0672,104.7856,117.1964,108.7499,106.9065,93.0893,110.8839,108.1999,108.1068,105.5772
2010-07-15,104.3392,126.136,119.6194,117.2403,132.1884,134.0018,115.5769,105.0614,117.3422,108.3155,107.0089,93.73,110.0013,106.9291,108.5812,105.5598
2010-07-16,105.6316,127.3617,119.6736,117.32,131.9228,134.3139,115.7764,105.1024,117.2797,107.8852,107.2532,94.0152,110.6504,109.1633,109.057,105.5267
2010-07-19,105.2632,125.3605,119.3496,117.0533,130.8508,133.8048,116.0595,105.1482,116.4946,107.7195,106.2259,93.9766,111.2047,107.6889,108.4781,105.6185
2010-07-20,105.1314,125.2853,119.4228,117.3573,130.9477,133.6135,115.6378,105.1797,116.249,107.2919,106.0377,95.9696,110.5999,108.661,108.4889,105.6028
2010-07-21,106.4869,126.8256,119.6365,117.3859,130.7359,133.9656,115.8264,105.1273,117.0304,107.6536,106.2182,96.2639,110.9051,109.3662,109.4805,105.5511
2010-07-22,106.1589,127.1996,119.2774,117.1053,131.2575,133.9222,115.3682,104.6973,116.7083,107.7109,105.5714,96.5258,109.4786,109.2818,109.4469,105.6115
2010-07-23,103.4984,124.8312,119.3288,117.1057,129.9719,133.9712,115.6501,105.0507,115.8722,107.5866,105.0185,96.9797,108.6145,106.6898,108.8413,105.6482
2010-07-26,107.4787,128.0566,119.2423,117.3785,132.5852,135.8606,116.4554,105.7878,117.9765,108.1889,106.7502,97.5005,108.0727,109.9227,109.6931,105.7117
2010-07-27,106.1395,127.0196,118.953,116.298,131.9874,134.3217,115.0613,105.7058,116.6727,107.5879,106.5981,97.2593,107.2705,108.3528,109.2156,105.7059
2010-07-28,106.4556,127.6004,119.09,116.5107,132.4123,135.2461,115.6481,105.6368,116.2578,107.7758,106.3295,97.6152,108.4501,108.2528,109.8394,105.7008
2010-07-29,108.2285,128.7464,118.4736,116.6948,134.0312,136.751,116.5685,105.6596,116.6818,107.7011,106.828,98.5279,107.948,109.0671,110.0575,105.7195
2010-07-30,108.2529,129.7286,118.3749,116.6037,134.5425,138.07,117.6464,106.5723,117.3377,108.255,107.3481,98.2602,106.7179,109.3901,110.2325,105.7147
2010-08-02,106.6552,128.8044,118.4397,116.3214,133.3056,136.5822,116.9443,106.1384,117.0613,107.8878,108.0583,97.8222,106.4146,108.283,109.8504,105.6795
2010-08-03,108.6024,132.5542,118.3627,116.7208,135.1614,137.7619,118.7569,106.6771,118.8837,108.8991,108.352,98.3819,107.167,110.0576,110.1862,105.7255
2010-08-04,107.3636,131.5221,118.0801,116.6749,134.723,138.356,119.5473,106.7377,118.4554,108.5285,108.08,98.7363,105.2246,108.9123,109.6772,105.7046
2010-08-05,106.9354,131.0651,118.2111,117.338,135.5925,139.2628,120.3645,106.7415,118.9717,108.7342,107.8696,99.3831,105.4847,107.1547,109.4264,105.7365
2010-08-06,105.6935,128.3001,118.3448,117.4863,134.1675,138.8045,120.0211,106.6417,118.802,108.1031,107.6674,98.5198,104.9624,103.6764,109.713,105.8065
2010-08-09,107.9343,128.9516,118.2939,117.7216,135.5044,139.4785,121.7076,106.9662,118.5655,108.681,107.8953,97.9062,105.7655,105.5936,110.7195,105.9169
2010-08-10,110.4055,131.6619,117.8969,117.8696,137.4184,140.3364,123.4979,107.387,119.6074,109.2682,107.8701,97.0541,105.3033,107.5867,111.6114,105.8974
2010-08-11,109.578,131.0258,117.0441,116.7626,135.4119,139.7111,123.3473,106.6311,118.1796,108.6717,107.1546,96.7059,105.2619,106.5979,110.8207,105.9414
2010-08-12,110.1992,131.7493,117.1349,116.8729,135.7514,140.0431,123.4506,106.8655,118.3796,108.7433,107.1991,95.6167,106.2256,107.7566,111.0134,105.994
2010-08-13,111.671,132.9428,117.5707,117.4995,136.8871,140.655,123.434,107.432,119.9931,109.2121,109.0131,93.722,107.1038,110.7574,111.293,106.0101
2010-08-16,109.0021,130.7113,117.6135,117.4011,135.754,139.2772,122.6251,107.5347,119.5056,108.6764,108.5854,92.5646,106.7128,108.4162,110.5294,106.0255
2010-08-17,107.8813,130.2388,117.3336,116.7494,133.7209,139.1926,123.1295,107.4615,118.8229,108.8034,108.7331,92.4542,105.8118,107.8849,110.6597,106.0071
2010-08-18,106.7025,129.3611,117.3978,116.8527,133.5276,138.937,122.9263,107.6004,118.4513,108.3735,108.1972,91.5426,105.4362,106.7659,110.6787,106.0527
2010-08-19,108.3888,130.325,117.5623,116.947,134.6041,138.9345,122.8668,107.7686,119.0793,108.3944,109.0466,90.6501,105.6464,108.9229,110.7647,106.0146
2010-08-20,109.6023,132.1174,117.6245,116.5773,133.9416,138.7438,122.3864,107.2743,118.4762,108.5742,110.8977,91.5995,107.5316,113.5141,110.8426,106.0131
2010-08-23,108.1507,131.2867,117.5314,116.6113,133.3365,138.4045,121.9672,106.9113,118.5223,108.8044,109.454,92.5056,106.8927,110.1628,111.2073,106.085
2010-08-24,110.2103,132.2837,117.2988,116.8061,134.7037,139.1097,122.9533,106.9041,118.7832,108.7401,109.4711,90.9502,107.4991,112.0831,111.2822,106.0772
2010-08-25,111.2174,133.5177,117.4163,116.4533,134.2917,138.8096,122.6628,107.1847,119.129,109.0362,110.4359,92.0711,108.2472,113.68,111.4114,106.0894
2010-08-26,108.8489,131.9735,117.8368,116.4339,132.6942,137.3306,122.0122,106.7883,118.2723,108.9492,110.0844,93.0671,107.6764,112.5998,111.1329,106.1493
2010-08-27,108.6935,131.6845,117.5042,116.2595,133.3052,137.3534,121.7268,106.2157,118.0069,109.2359,109.3254,91.7946,107.9351,111.9561,110.848,106.166
2010-08-30,106.6342,130.759,117.6424,116.0047,132.4096,136.996,121.4064,106.453,117.584,109.1634,109.9241,90.8391,106.8042,110.93,110.8409,106.1979
2010-08-31,107.7479,132.8701,117.7618,116.131,132.0407,136.075,121.1875,106.1685,117.6351,109.0669,110.742,92.8952,108.5423,113.7523,111.4632,106.2456
2010-09-01,107.3714,132.9065,117.6526,116.0823,131.3066,135.666,121.4051,106.083,117.8885,109.0111,111.3687,92.0592,108.1443,115.4199,110.6975,106.2132
2010-09-02,103.7116,130.355,118.0801,116.3792,130.085,135.0926,121.2265,106.3319,117.2726,109.0615,110.711,90.6244,107.827,112.784,110.2503,106.1662
2010-09-03,105.3609,132.1206,118.082,116.5054,130.0898,135.3653,121.9365,106.9596,118.5432,109.0746,111.4383,92.3818,109.1704,114.1523,109.8742,106.1633
2010-09-06,106.2598,133.3001,117.8486,116.6001,130.1926,135.2396,121.8859,106.41,118.1141,109.1755,111.4949,91.7637,110.4577,117.8372,110.072,106.2289
2010-09-07,102.6748,130.5068,117.8934,116.4966,129.1002,134.7873,121.3052,105.8439,116.5276,108.6848,110.1771,89.7574,108.3569,114.7031,109.9138,106.2619
2010-09-08,101.7525,130.0649,117.8996,116.3215,128.5485,134.2,121.269,106.0275,116.4836,108.5636,110.8608,88.3202,108.941,114.3867,109.4685,106.2622
2010-09-09,100.7109,128.5922,118.2795,116.4687,128.0445,134.9189,121.5201,106.5433,116.2637,109.1161,109.9176,87.9994,108.0398,113.3914,109.5851,106.2954
2010-09-10,102.5988,130.7892,118.5335,117.1617,130.3744,135.3851,121.8679,106.8473,118.3036,110.0326,111.1679,88.9091,109.662,113.1729,110.55,106.3313
2010-09-13,102.7447,131.4462,117.7948,116.6199,129.3982,136.1832,122.3229,106.6372,116.9687,109.2717,110.7065,89.0477,109.7742,114.6391,110.5065,106.3504
2010-09-14,103.3254,132.1897,118.478,117.2796,129.8906,137.2494,123.2035,107.2365,116.7956,109.6734,111.1658,90.0926,111.6436,117.4365,110.6919,106.353
2010-09-15,103.354,131.9859,118.5872,117.3085,129.3026,136.8418,123.7131,107.5559,117.3416,110.0254,112.0351,89.8839,113.1647,116.5473,110.8352,106.3903
2010-09-16,103.6192,131.4417,118.0075,116.8149,128.6657,136.3388,122.6797,106.6951,116.8558,109.3468,112.4843,90.2209,112.6424,116.4957,110.5488,106.4481
2010-09-17,104.0515,132.1173,117.6045,116.7468,129.2571,136.99,122.7873,106.1994,116.9641,109.175,111.7689,90.3031,112.7377,114.8791,110.7453,106.4412
2010-09-20,101.7383,129.4824,117.5555,116.338,128.2499,134.9261,121.5139,105.6008,115.8535,108.9353,110.2869,89.559,111.5839,112.1815,110.1936,106.387
2010-09-21,100.3656,129.3387,117.3056,116.232,129.5575,134.907,121.0355,105.8211,115.6299,108.94,109.6167,89.3205,110.7564,108.6045,110.943,106.4749
2010-09-22,99.7176,129.1196,117.7351,116.2435,128.9742,135.2833,121.3331,106.5713,116.5044,108.9677,111.0124,89.8136,110.3999,107.1374,110.6924,106.4417
2010-09-23,98.15,127.5143,117.1628,115.6586,128.708,134.6166,120.891,106.0333,115.5679,108.7583,109.6689,88.9632,108.2192,104.207,110.4944,106.4763
2010-09-24,97.3303,128.0133,116.5753,115.2386,129.7449,135.3342,120.8355,106.111,115.5966,108.6647,109.8867,89.5537,106.1287,103.6389,109.4143,106.4742
2010-09-27,96.9271,127.7209,116.9876,115.28,130.1412,135.2627,120.1379,106.7028,116.2567,108.4704,110.2314,89.1318,105.4251,102.4342,109.3123,106.4774
2010-09-28,96.0951,127.5716,116.8955,115.5176,130.1306,134.86,119.7527,106.7673,117.0172,108.4905,110.949,88.9542,104.7382,102.6902,108.7806,106.5165
2010-09-29,95.1171,126.0396,116.5491,115.3321,129.6508,135.2391,119.6921,106.7718,116.7223,108.371,109.9245,89.2453,104.4869,99.4946,108.6094,106.5077
2010-09-30,96.0314,127.1925,116.616,115.6645,131.5068,135.3762,120.1145,107.4056,117.4184,108.3388,109.8425,89.4442,105.3073,100.0833,108.1848,106.5867
2010-10-01,98.7707,129.4596,116.8723,115.2003,132.1401,135.6886,119.793,108.2108,117.5654,108.3034,111.1392,90.2631,106.88,103.4898,108.7312,106.5843
2010-10-04,99.8455,129.3686,116.8788,115.2644,133.3414,135.9624,119.8785,108.0855,116.7923,108.5162,110.7551,90.595,107.3145,105.4052,108.6279,106.5592
2010-10-05,99.182,128.1555,117.1836,116.1133,134.6507,137.1956,120.1728,108.5198,117.6128,109.341,111.1032,90.2867,107.3737,104.2989,108.6992,106.5779
2010-10-06,100.2012,128.9625,116.4561,115.4339,134.7766,137.3133,119.4457,107.852,117.7811,108.725,110.5066,90.5682,106.2241,103.3878,108.5069,106.5395
2010-10-07,101.4516,128.5022,116.4885,115.3789,134.6293,137.5625,119.6443,108.0665,118.2909,108.7068,111.4025,90.8443,107.5662,102.7483,108.3366,106.5508
2010-10-08,102.8789,129.9213,116.4703,115.0328,134.5571,136.9614,118.6857,108.1078,119.2488,108.5216,112.5126,90.8901,108.2691,104.1777,108.1732,106.5498
2010-10-11,104.2499,132.353,116.6402,114.8349,135.027,136.2409,117.7602,108.1854,119.687,108.4267,113.2501,91.4817,110.5007,105.3747,108.9978,106.5394
2010-10-12,103.2903,132.0518,117.4239,115.2164,134.9262,135.608,117.9705,108.7064,120.0083,108.8096,113.1166,91.3833,111.4204,103.846,109.4782,106.5153
2010-10-13,103.2752,131.4024,117.2982,114.6937,134.7321,134.4272,117.4117,108.7744,119.2981,108.6047,112.7669,91.433,111.5245,103.1725,109.5552,106.4877
2010-10-14,105.01,132.3947,117.371,115.0786,136.1163,135.566,118.0925,109.6341,120.6321,108.7743,113.42,90.4392,110.8912,103.9104,110.4366,106.5139
2010-10-15,105.5105,134.0415,117.1221,115.0359,136.7484,135.8825,118.5582,109.7397,120.6001,108.7557,113.0558,91.1478,111.2642,105.0657,110.3265,106.5803
2010-10-18,105.6879,134.6377,116.5292,114.5149,137.664,136.0085,118.2293,108.8543,120.5666,108.5102,113.2939,90.0737,110.4922,104.4351,109.5343,106.5101
2010-10-19,104.9986,133.3926,116.8243,114.3272,137.3672,136.2188,118.0794,109.3628,120.0261,108.9288,113.8897,90.1657,108.2286,105.7318,109.5258,106.5201
2010-10-20,105.1964,134.8572,117.1446,114.4015,137.3723,136.6351,118.1787,109.8127,120.7271,108.8524,115.67,91.5066,108.9951,106.0431,109.6938,106.4814
2010-10-21,105.4537,135.5334,117.3137,114.2282,138.4303,136.9447,118.0097,109.82,120.019,108.9418,115.731,92.283,109.1571,106.6563,109.7494,106.4948
2010-10-22,105.1528,134.7548,117.8234,114.8568,137.7379,136.1946,117.3391,109.9575,120.582,109.1454,116.1492,93.5315,108.6868,108.7086,109.7623,106.5162
2010-10-25,106.5497,136.4971,118.2803,114.8379,138.8723,136.1028,117.2101,110.1189,120.099,109.8161,117.045,94.7015,110.1998,112.4204,110.2373,106.5119
2010-10-26,105.237,135.1043,118.5614,115.0751,139.3041,135.6068,117.1274,110.3099,120.0595,110.2228,116.5685,95.0626,108.7853,111.1364,110.0907,106.4546
2010-10-27,106.9366,137.8741,118.4918,114.9634,139.7378,135.4667,117.4579,110.4625,120.7675,110.5688,117.3153,94.8113,110.8951,114.2056,110.062,106.4423
2010-10-28,109.1534,140.4156,117.7264,114.6836,140.347,136.0117,118.2091,110.0616,120.9437,110.3541,118.2249,94.8295,111.9262,117.1104,109.9734,106.5257
2010-10-29,109.703,141.2348,117.7135,115.0674,142.7305,137.2953,118.3038,110.2556,121.938,111.0547,118.9936,95.6989,112.259,116.3878,109.8519,106.4596
2010-11-01,111.7301,142.8148,117.5777,114.8821,144.7065,138.3879,119.5052,111.0252,121.6701,111.1747,118.4146,94.8457,112.4186,118.4483,109.9795,106.4195
2010-11-02,112.0873,144.766,118.2007,115.3521,144.9177,137.7155,119.5342,111.3751,122.2549,111.9117,119.8356,96.8862,114.1169,121.6308,110.4378,106.4496
2010-11-03,112.8564,145.5339,117.7468,115.0278,145.6029,137.8369,119.7409,111.3245,121.8508,112.0168,120.0195,95.0252,114.8372,123.6974,110.3096,106.4601
2010-11-04,112.7402,146.4007,117.6733,114.4669,143.9439,137.8201,119.3367,111.3062,121.5081,111.3683,120.2386,93.7664,115.268,123.8672,110.7145,106.4517
2010-11-05,112.1177,145.9045,117.2055,113.9744,143.1528,137.6424,118.9895,111.3296,120.9723,111.1239,119.9273,94.4872,115.0476,123.781,109.909,106.4668
2010-11-08,112.6864,145.0352,117.3843,114.603,142.4549,138.3189,119.7371,111.0516,121.2652,111.2874,120.6078,93.7158,114.8927,125.768,110.221,106.4833
2010-11-09,114.3381,145.8902,117.3883,114.7975,143.172,138.7061,120.1726,111.1289,121.1816,110.7413,121.0686,93.3466,115.1064,128.2021,110.4991,106.4894
2010-11-10,113.0957,145.7073,117.4293,115.3189,144.0727,139.8473,120.9958,111.4264,120.8872,110.8945,120.8431,93.4795,115.2649,127.1895,110.6919,106.5231
2010-11-11,112.7558,147.1714,118.014,116.1963,146.6987,141.5139,121.4258,112.0329,121.5866,111.1213,120.9762,92.6443,115.3078,127.6079,110.9797,106.4964
2010-11-12,111.8471,147.702,118.3783,116.5406,146.4832,140.9857,121.6595,112.1737,122.0216,111.2245,121.9323,93.8112,115.8212,126.812,111.3031,106.4905
2010-11-15,109.94,146.1718,117.6447,115.4404,144.1188,138.567,120.4176,111.4262,120.6638,110.5537,120.6648,93.6643,114.7952,124.9748,110.578,106.4705
2010-11-16,111.7095,148.5357,117.1618,115.0123,143.8734,138.4832,120.3459,111.2702,121.6713,110.1437,122.486,92.0651,115.1993,126.8811,110.9687,106.474
2010-11-17,112.0513,149.7367,117.2835,115.3056,145.9918,139.6166,121.1069,111.7932,121.3751,110.2574,122.3531,92.3584,114.5471,128.363,111.1048,106.4637
2010-11-18,114.4257,152.2455,116.58,114.491,146.2051,139.0168,120.891,111.3441,121.9832,110.298,122.7627,91.506,115.5362,129.8274,110.9765,106.5454
2010-11-19,114.5372,153.3686,117.0727,114.6415,146.3071,138.7858,120.418,111.699,122.4379,110.6098,122.7965,91.655,116.6172,131.0312,111.2286,106.5458
2010-11-22,116.4976,156.0964,117.5397,114.7477,147.1619,139.5992,120.931,112.4892,122.8956,110.6376,123.4765,92.3097,117.2373,133.0797,112.4171,106.5586
2010-11-23,117.408,154.9367,118.1937,115.2087,146.2935,139.8991,121.4605,113.3193,123.6006,110.9241,124.5567,90.5547,118.3936,134.9177,112.807,106.6488
2010-11-24,118.261,154.3306,117.886,114.6822,146.4077,139.7242,120.5608,112.9398,123.5361,110.5298,125.6898,89.5014,117.9652,134.3239,112.8465,106.7113
2010-11-25,117.0998,153.4478,117.4705,113.928,145.3529,138.6089,119.7772,112.0053,121.9703,110.3663,124.3859,90.4986,117.6912,131.7736,113.0361,106.709
2010-11-26,116.7079,152.225,117.1683,114.0345,145.5583,139.2057,120.449,112.0568,121.4729,110.2975,123.1129,91.4197,116.8116,131.2072,112.2431,106.7114
2010-11-29,117.1902,152.9257,116.9392,113.858,144.6704,138.3521,119.9976,111.5054,121.3481,109.9035,124.242,92.8527,116.8405,133.2254,112.1699,106.7649
2010-11-30,117.4131,152.6758,117.1314,114.262,145.3039,138.8728,120.6198,111.8678,122.0019,110.4214,124.2733,92.4716,116.5417,133.1217,112.3443,106.8071
2010-12-01,116.8043,151.8241,117.2104,114.3699,145.9665,139.7227,120.6003,112.485,121.925,110.6707,124.2506,92.073,117.2303,131.8368,112.196,106.8509
2010-12-02,116.7636,153.5405,117.6032,114.5221,146.8758,139.4183,120.815,112.8449,122.0785,110.584,125.2665,91.6546,117.728,132.8501,112.6941,106.8835
2010-12-03,116.3875,152.3589,118.0684,114.7831,147.2156,140.2098,121.4329,113.012,121.5909,111.0616,125.0518,92.3371,117.6154,132.445,112.6098,106.8885
2010-12-06,117.7023,153.2612,118.3414,115.0545,148.6088,141.1177,121.5197,113.5213,122.4188,111.3015,124.9805,92.0726,117.7051,131.7161,113.6361,106.8379
2010-12-07,120.6213,155.6609,118.6052,115.2971,150.0441,142.0037,121.8492,113.6319,122.748,111.7445,125.6342,94.008,119.3966,135.2819,114.2101,106.8489
2010-12-08,118.3236,153.3824,118.3004,114.8625,148.3022,140.5103,121.0878,113.1858,122.099,111.1147,124.466,92.8727,118.3772,132.4842,113.3479,106.8591
2010-12-09,119.9686,155.0346,118.0611,114.8557,149.7316,140.5763,121.2366,112.872,122.9889,111.1457,124.4377,92.8525,118.0507,132.0261,113.5812,106.8978
2010-12-10,118.0375,152.9111,117.8489,114.4854,148.3223,139.3889,120.1839,112.2455,121.6277,110.7288,123.6326,93.0664,117.2471,130.703,113.4272,106.9138
2010-12-13,120.2461,154.6434,118.3018,114.7129,149.2731,140.303,121.1222,113.2175,121.5504,111.3513,122.7536,93.2273,119.6122,134.744,113.6183,106.9063
2010-12-14,118.7195,153.0097,117.6896,114.4709,149.2256,139.7492,120.2157,112.7326,120.7853,111.1677,121.69,93.3727,118.1331,132.547,113.6843,106.9068
2010-12-15,116.3505,151.2196,117.7548,114.1966,146.451,138.4104,119.8367,112.1354,119.9203,111.3574,120.5476,94.044,117.2221,131.4663,113.4884,106.8915
2010-12-16,114.2466,148.9766,118.3502,114.4951,145.8551,138.7773,119.1894,112.1925,119.3049,111.6155,119.5446,94.3219,116.64,130.1765,113.1699,106.904
2010-12-17,113.2789,146.5838,117.9075,114.1635,144.3661,138.032,118.7348,111.5315,117.4629,111.3018,118.7318,93.7339,117.0846,129.3727,113.8313,106.9031
2010-12-20,113.37,146.7321,117.2819,113.977,144.5321,138.322,119.3068,111.3172,117.4131,111.6487,118.0259,92.4784,116.1312,129.3344,114.1422,106.8863
2010-12-21,110.5149,145.4574,117.5968,114.1338,144.3457,137.7953,118.7609,111.0719,116.7839,111.3179,118.5952,90.6988,115.2222,128.1667,113.8055,106.9818
2010-12-22,112.061,147.6748,118.1483,114.6578,145.5628,139.2188,119.2594,111.7028,118.2385,112.0537,121.0221,89.974,114.0781,132.9416,114.5609,106.9948
2010-12-23,111.9055,147.5444,118.2423,114.3195,146.3433,139.1399,119.8629,112.4598,117.9081,112.2949,120.3322,89.704,112.0272,133.0687,114.2466,107.0181
2010-12-24,114.0692,149.0905,117.7181,113.5907,146.764,139.4523,120.0432,112.5199,118.2881,112.9004,119.9681,90.832,112.2817,132.8454,114.4252,107.081
2010-12-27,114.7762,150.3982,118.1594,113.8378,146.8612,140.2006,120.8106,112.8571,118.9815,113.119,121.4681,90.1448,112.625,134.1675,114.9339,107.2105
2010-12-28,112.888,149.448,117.8513,113.5031,147.4835,140.4236,120.463,112.6389,118.818,113.3543,121.3842,88.7326,111.8381,132.227,113.5881,107.214
2010-12-29,115.1488,150.8899,117.5825,113.0663,148.2162,139.9344,120.0222,112.5447,120.0243,113.8352,122.4572,88.8034,113.8255,131.3923,113.7708,107.1748
2010-12-30,117.4226,152.668,117.9307,113.5506,151.8592,141.4691,121.2152,113.0553,120.0942,114.7003,122.0235,90.3249,114.6295,132.8587,114.0925,107.2776
2010-12-31,116.1733,151.91,118.2418,113.5833,151.4667,140.9082,120.4401,112.6048,119.7356,114.3283,122.7266,89.418,114.1482,132.4492,114.1938,107.2429
2011-01-03,118.3417,155.2518,117.9863,112.9833,151.5049,140.9488,120.5647,112.8209,120.7365,114.1244,123.4717,89.6983,113.9431,133.2526,114.8741,107.1298
2011-01-04,116.7199,152.931,118.1108,113.0324,151.9355,140.1975,120.1497,113.2287,120.3225,114.2843,121.7955,88.5682,113.1195,130.894,114.5753,107.1094
2011-01-05,115.3971,151.2184,117.5265,112.5022,149.932,140.0362,120.2349,112.8895,119.1342,113.6964,120.2725,89.4877,112.6678,127.1348,114.745,107.0952
2011-01-06,116.7793,152.2288,117.7412,112.9012,149.9033,140.1477,120.5746,112.826,120.0526,113.5525,121.2492,89.5474,113.4947,127.5262,115.5828,107.1463
2011-01-07,116.3764,150.3059,117.8465,112.9409,149.3412,139.8026,119.6314,112.364,119.82,113.3967,121.5674,89.8434,112.6248,128.3935,114.7405,107.1644
2011-01-10,119.6203,153.3285,118.1637,113.0435,150.5917,140.2488,120.2336,112.7321,120.0511,114.1941,123.4698,90.2829,114.161,134.5156,115.9631,107.2165
2011-01-11,122.2758,156.9416,117.9582,113.0567,153.1502,141.6767,120.9022,112.9292,120.4908,114.5992,124.263,91.0353,115.9556,137.7712,115.9554,107.2926
2011-01-12,121.0127,156.2414,118.1911,112.8673,151.5417,141.229,120.0666,112.7822,120.2382,114.1188,124.2758,91.6932,115.6978,136.365,115.8627,107.3137
2011-01-13,118.8135,155.4695,118.4283,112.9691,150.279,140.4826,119.6227,111.8374,118.7257,114.0935,124.2028,91.9841,116.3294,137.7747,115.7186,107.3363
2011-01-14,118.1222,155.109,118.2437,112.6956,149.7683,139.9476,118.8052,111.5227,117.5574,113.4648,124.1579,92.4508,115.6222,140.4096,115.1287,107.3452
2011-01-17,117.6034,154.8094,118.3606,112.7244,148.6486,139.2904,118.4824,111.9213,117.1606,113.197,124.3056,92.4275,116.0171,142.3216,115.4913,107.3397
2011-01-18,116.7949,153.4384,118.4742,112.7945,148.3241,139.5848,118.3106,112.163,116.8094,112.9324,124.0307,90.6527,114.084,144.115,115.1299,107.3894
2011-01-19,115.5478,152.9481,119.0148,112.5965,146.6593,138.6195,117.5876,112.2918,116.4705,113.1882,124.9087,91.3113,114.9246,145.3848,114.8324,107.3407
2011-01-20,115.5359,152.8539,118.8919,112.6516,146.7603,138.7747,118.1636,112.1312,115.9207,113.6576,126.2088,92.3545,114.9729,147.4537,115.0224,107.3845
2011-01-21,115.9085,153.4705,118.8949,112.6902,146.9536,138.8506,118.5626,112.1483,116.4846,114.5177,127.0354,92.5954,115.8441,148.7457,114.7203,107.3944
2011-01-24,115.5878,152.9482,118.9587,112.6073,146.3392,138.9854,118.7659,112.3159,116.4549,114.5508,126.1953,93.1131,116.1269,147.8941,113.9913,107.4729
2011-01-25,116.9691,155.1813,118.7843,112.9094,147.6565,139.489,119.4439,112.4525,118.5953,114.789,127.4332,93.1958,115.2719,148.3568,113.5278,107.4484
2011-01-26,115.8903,154.8921,118.5651,112.6229,146.6096,139.0429,119.2246,111.8247,117.7286,114.8861,126.9563,93.6337,115.3882,147.1483,114.0745,107.3496
2011-01-27,116.2407,154.3548,118.2853,112.1412,146.1316,138.2707,118.6584,111.3146,117.3321,114.9079,126.3627,93.2468,115.3773,147.28,113.718,107.3056
2011-01-28,117.1975,155.2382,117.9825,112.1556,146.7347,138.9679,119.7615,111.698,117.6019,115.3286,125.8777,93.4344,115.7288,146.8369,114.1774,107.353
2011-01-31,116.9896,156.2789,117.9672,112.238,147.0307,138.6407,119.8618,111.3852,117.968,115.1798,126.6349,92.8186,115.5312,147.8804,113.8341,107.3673
2011-02-01,116.8551,155.4376,117.7425,111.7211,146.3767,138.4896,119.8745,111.4629,117.2929,115.2127,125.3328,93.4235,116.0451,145.6637,113.5007,107.4017
2011-02-02,116.1088,156.6628,117.3769,111.1771,146.1522,138.7573,119.8675,111.3105,116.9617,114.9556,126.5345,94.1019,115.0712,144.8065,113.6315,107.4361
2011-02-03,116.2822,156.0975,117.6596,111.1764,144.6324,137.7023,119.6891,111.1136,116.8297,114.9516,127.5257,95.1304,115.9153,146.9706,113.3501,107.4727
2011-02-04,114.162,154.8806,118.1167,111.2608,144.1057,136.6929,118.6146,110.6662,116.6525,114.7756,128.0642,94.6978,115.9959,145.5496,112.6629,107.4884
2011-02-07,113.5595,154.3685,117.7912,110.5217,141.8456,136.2552,118.3664,110.7125,115.826,114.8802,128.3707,94.2227,114.5047,148.6419,112.6133,107.4965
2011-02-08,115.3021,156.1466,118.0965,110.7236,142.9089,136.7228,118.7088,111.3637,116.2223,115.698,128.9026,94.6563,116.7927,150.1583,113.9447,107.5233
2011-02-09,115.8921,158.4859,118.0909,110.8158,143.265,137.2795,119.1717,111.4849,116.4049,115.4639,128.9725,95.7468,116.9413,152.1606,114.0329,107.5352
2011-02-10,115.1063,157.8326,118.002,111.245,144.0961,137.9257,119.1668,111.3376,117.0333,115.5313,130.2133,95.1294,117.0898,150.4749,113.7459,107.5513
2011-02-11,113.4462,156.6493,118.0832,111.1466,143.3167,137.4583,118.9798,111.0159,117.2335,115.5298,131.5543,93.4286,115.8586,150.0107,112.8967,107.5447
2011-02-14,112.9936,157.6708,117.6016,110.9524,143.0949,139.0287,120.3383,111.111,116.469,115.6742,131.3598,93.172,116.3897,151.1077,112.701,107.5093
2011-02-15,114.4002,158.6892,117.8184,111.2858,145.0615,139.2081,120.657,111.1118,116.3924,116.0834,131.3265,93.1824,116.2176,153.3777,113.6118,107.4647
2011-02-16,115.4804,160.1289,117.6364,111.1526,145.0281,138.826,120.5098,111.0663,116.9192,115.7283,131.3467,93.2643,116.3123,155.7269,112.9697,107.4667
2011-02-17,117.6096,161.8101,116.8243,110.0936,144.0434,138.9449,120.3567,110.987,116.9546,115.236,131.0457,94.3852,116.9377,154.9944,112.8712,107.4201
2011-02-18,118.2761,163.0094,116.2822,109.623,144.3676,138.2272,120.1273,110.5594,116.3521,114.9803,130.8066,94.2108,117.4453,155.5902,113.2047,107.4377
2011-02-21,117.8455,162.9655,116.025,109.0373,143.4364,136.6437,119.3276,110.3343,115.8705,114.8809,130.6738,95.336,117.5877,153.7368,113.7098,107.4574
2011-02-22,118.5398,164.1984,115.5057,108.677,144.9308,137.2462,119.2834,110.3891,116.6494,115.328,130.3107,93.2725,117.7104,152.5544,113.268,107.4942
2011-02-23,120.4254,165.3588,114.6626,107.9882,145.0299,137.817,119.4799,110.4628,116.649,115.0066,130.6656,91.9719,117.3708,153.2912,113.7143,107.5367
2011-02-24,121.9462,166.7271,114.2393,107.3674,144.2205,137.5934,119.5435,109.8784,116.2964,114.633,130.2479,91.5638,118.7149,153.8072,113.6097,107.5587
2011-02-25,120.4598,165.4416,113.8359,106.5724,141.8953,136.2883,118.5445,109.4293,115.16,114.1142,129.1115,92.75,118.5144,149.9561,113.9786,107.5621
2011-02-28,120.5823,165.2628,113.764,106.5584,142.237,136.0981,118.426,109.2987,114.7353,114.1758,129.023,90.9904,119.3777,151.3567,114.0983,107.5713
2011-03-01,122.3462,166.6667,113.8171,107.0611,144.6615,137.5424,119.0466,109.5196,116.1238,114.4871,129.8486,90.3476,118.5223,151.6181,114.4111,107.56
2011-03-02,121.1411,166.0095,113.696,106.7133,144.5441,137.9649,118.911,109.695,115.9768,114.5012,129.0015,89.174,118.2377,148.0856,114.2783,107.5275
2011-03-03,123.0195,168.5196,113.6697,106.7091,145.0237,137.8867,119.304,110.0496,116.1724,114.8842,129.8818,90.4767,120.0687,151.1703,115.0731,107.5726
2011-03-04,122.4476,168.8547,114.0687,106.3632,143.2726,137.4232,118.1812,109.5565,114.9997,114.6183,129.5264,89.9309,121.2964,153.6438,115.4724,107.6029
2011-03-07,122.6673,168.7157,114.0704,106.8186,144.0003,138.4703,118.7155,109.3262,115.5285,114.618,130.5011,90.9758,121.6801,151.7398,115.6075,107.5603
2011-03-08,123.2655,169.3933,114.2394,107.2606,143.8522,139.2234,118.9629,109.5315,116.4046,115.0646,130.2059,91.2349,122.3044,153.818,115.414,107.6115
2011-03-09,122.9235,168.8691,114.2653,107.3959,143.6563,138.7225,118.4677,109.6247,116.9633,114.6951,130.2111,91.2692,122.8642,151.9935,115.1882,107.5596
2011-03-10,120.8689,168.5285,114.7115,107.6135,144.811,139.0169,117.6207,110.095,117.185,114.8413,130.6092,91.3791,122.1453,149.8565,115.0016,107.5536
2011-03-11,122.2504,168.774,115.3523,107.6059,144.3571,138.3447,117.8706,110.2268,116.4115,114.8796,130.8412,91.6475,122.3151,153.4742,115.9814,107.5429
2011-03-14,121.2377,165.5346,115.2624,107.9315,143.843,138.3505,117.931,109.7337,115.8828,114.6994,130.0321,91.6549,121.208,150.9492,116.1045,107.5649
2011-03-15,119.3909,164.47,115.091,107.6023,142.1521,137.3713,117.0446,109.5033,115.2318,113.6692,129.6915,91.5415,121.3996,149.5631,115.3079,107.5418
2011-03-16,118.7396,165.6492,115.0965,107.3103,141.3408,136.6236,116.1713,109.2265,115.1608,113.191,130.8735,91.5882,120.8943,150.3409,115.6885,107.5316
2011-03-17,117.3644,164.2077,115.2076,107.3683,140.6148,136.9823,116.1255,109.3483,115.2742,113.3974,129.981,90.6644,120.5824,147.6517,115.6562,107.4749
2011-03-18,116.6525,165.3968,115.7989,107.9853,141.5318,137.2748,116.108,109.5266,115.9665,113.6266,130.1488,90.7663,121.0317,148.3465,115.551,107.5037
2011-03-21,117.6897,167.2038,115.9989,108.6081,143.3644,138.8896,116.8492,109.9593,117.4503,114.2185,131.1961,92.302,120.3966,148.3358,115.9688,107.5363
2011-03-22,118.2462,169.1422,116.3775,108.783,143.0276,139.975,117.7112,109.9476,118.0492,114.6562,132.496,92.9549,119.9402,150.8179,116.1667,107.4938
2011-03-23,116.0013,168.4929,116.351,108.5112,142.0941,139.9429,118.0199,109.9853,117.0499,114.6758,131.4441,92.37,118.3152,149.569,116.3978,107.4795
2011-03-24,116.195,168.9855,116.5272,108.2657,141.0978,139.6422,117.786,109.8754,117.2914,114.3973,130.7334,91.9134,118.9816,147.587,116.6975,107.4755
2011-03-25,114.3133,167.7902,116.5975,108.674,140.9501,140.3474,118.9574,110.3693,117.3144,114.1567,130.1655,91.9117,117.9276,144.2046,116.6084,107.4966
2011-03-28,114.4016,165.8987,116.0095,108.1506,140.0047,139.3327,118.6248,109.8933,116.0461,113.5762,128.7297,91.7889,117.8009,143.1788,116.4318,107.6435
2011-03-29,113.226,164.934,115.8489,108.3663,139.1792,138.1083,118.5281,109.4904,116.7383,113.8792,128.9965,92.0194,117.5395,142.2859,115.9039,107.5543
2011-03-30,109.5377,159.3361,116.0738,108.6063,137.5526,137.8788,117.8693,108.8767,114.3414,113.8723,128.0281,92.054,116.6953,141.0726,115.3421,107.6101
2011-03-31,110.2001,159.975,116.4319,109.0132,137.7471,138.3156,118.673,109.0514,114.5497,114.3381,128.3516,92.1528,117.6184,144.2133,115.0804,107.6382
2011-04-01,110.8359,161.1573,116.5931,108.7205,137.4088,136.8841,117.9611,109.0203,114.0848,113.7101,128.2143,92.0638,118.157,145.9455,115.6356,107.631
2011-04-04,109.2513,159.8472,116.3011,108.3016,135.5104,136.1569,117.3116,108.3536,112.7009,112.6541,127.1285,93.5396,115.6639,144.708,115.7804,107.6347
2011-04-05,110.7532,161.3012,116.297,108.4843,135.8343,136.7057,117.7417,108.7974,113.2747,111.9148,127.2278,95.1431,115.9814,144.9639,115.8703,107.6581
2011-04-06,108.8008,158.9878,116.4405,108.5149,135.6251,135.2939,116.851,108.6184,113.0137,111.8114,126.7859,96.1587,114.4132,141.7763,115.6173,107.683
2011-04-07,108.2132,158.0631,116.7026,108.6275,135.7632,134.785,116.1167,108.7904,112.4322,111.9226,126.5378,96.8687,114.98,142.5993,115.586,107.7434
2011-04-08,108.7075,156.8554,116.8543,108.5365,136.2154,135.2482,115.7102,108.8657,112.3064,111.8525,126.6731,98.8698,113.8327,142.0674,115.0346,107.782
2011-04-11,107.2668,155.9337,116.7652,108.0129,135.4102,133.909,114.0928,108.2831,110.988,111.3171,127.0478,99.134,112.9136,142.7641,114.9722,107.8012
2011-04-12,106.3274,154.513,116.8012,108.0046,135.7454,133.5125,114.3041,108.0271,110.1475,111.3885,125.584,98.2428,112.5061,140.7825,114.9763,107.7979
2011-04-13,107.7249,155.3442,116.8095,108.0155,136.0294,133.6264,114.714,108.0977,111.0647,111.4544,126.6692,99.2675,111.3187,141.3847,114.9648,107.8373
2011-04-14,109.3156,155.6782,116.5775,107.8648,137.0175,133.8945,114.8757,108.0209,111.6302,111.5483,126.4765,99.1601,111.1443,139.5044,115.3109,107.8545
2011-04-15,108.6384,155.1817,116.6456,107.9013,137.1963,132.5885,114.094,108.0586,111.0273,111.3659,125.4307,100.2672,111.7566,139.4172,115.2426,107.8762
2011-04-18,109.1277,154.7418,116.324,107.6954,136.7809,133.0889,113.7077,107.7881,110.6344,111.3135,124.5792,100.2633,111.0721,140.4771,115.3082,107.91
2011-04-19,110.0362,153.6363,116.5217,107.9976,136.0248,133.3876,113.3938,107.8166,110.0637,110.643,124.6946,100.4199,111.5593,142.9442,115.8779,107.9744
2011-04-20,109.1863,152.7491,116.7283,107.4677,133.5718,132.9395,112.643,107.9227,109.5123,109.7447,124.8042,99.4995,110.8877,143.7693,115.4073,107.9919
2011-04-21,111.6331,155.3775,116.3958,107.1326,134.6198,132.6561,112.4509,107.6675,110.5275,109.8837,126.3861,98.3295,111.9611,146.5549,115.2268,108.0416
2011-04-22,111.2145,156.1326,116.2822,107.0845,134.9993,133.3366,112.7157,107.7157,110.7797,110.2875,126.8379,98.1331,112.4124,145.7631,115.1305,108.0457
2011-04-25,110.7829,157.4582,116.0017,106.3282,134.1127,131.6759,112.1455,107.224,109.9459,110.1713,126.8758,98.7173,111.8676,146.4747,115.7757,107.9579
2011-04-26,112.6169,158.9891,115.7755,106.5018,136.0769,133.2451,113.0803,107.8293,111.1995,110.3967,127.8631,99.6181,111.5889,144.6839,116.1279,107.9607
2011-04-27,111.74,158.2382,115.9554,106.7343,136.0222,133.4277,113.1966,107.8655,111.0301,110.2363,126.2157,100.9768,110.5178,141.9855,116.3553,107.9489
2011-04-28,108.9528,154.2957,115.7732,106.642,135.1814,133.711,113.5375,108.1254,110.3202,109.9637,125.4114,101.9066,109.0869,135.907,115.376,107.8953
2011-04-29,110.6113,154.1238,115.8048,106.8293,135.358,134.47,114.4212,108.3822,110.9811,110.1839,125.412,102.8966,110.1265,134.2353,115.7135,107.9338
2011-05-02,110.4362,154.26,116.2843,106.8269,134.9339,134.5152,114.3695,108.4845,110.8492,110.5446,125.9479,103.4089,108.9149,135.5012,116.3173,108.0662
2011-05-03,108.2901,150.989,116.4203,107.305,134.9614,133.8502,114.4319,108.3448,110.3483,110.257,124.4954,102.7788,107.4894,133.0859,115.4106,108.1075
2011-05-04,109.4399,152.6782,116.748,107.2819,135.3943,133.5956,114.4056,108.8797,110.9346,110.553,126.6159,103.1722,107.43,136.0939,116.0711,108.0935
2011-05-05,109.3177,151.3135,116.337,106.8971,134.572,133.6225,114.2364,108.7031,110.7435,110.3245,126.2199,103.1397,106.5797,135.021,115.3724,108.0668
2011-05-06,109.6386,152.6549,116.8263,107.4014,135.9165,134.2379,114.7391,109.151,111.5146,110.7283,126.7616,102.6929,106.4936,136.633,115.4222,108.0849
2011-05-09,109.9883,152.7952,116.9312,107.2098,136.5378,134.3465,114.8738,109.4538,111.5586,111.176,127.2673,101.7468,107.0858,137.7342,114.882,108.0374
2011-05-10,109.1168,154.4742,117.2316,107.3449,135.5391,134.0312,114.6666,108.8208,111.5295,111.3652,128.7275,103.7374,108.1643,137.5239,116.0714,108.0158
2011-05-11,107.3155,152.6356,117.7628,107.6125,135.2925,134.0306,114.3404,108.9472,110.8043,111.4769,127.2625,104.1767,107.6612,134.6616,116.6166,108.0449
2011-05-12,106.6924,152.185,117.6585,107.6559,134.5396,134.9708,114.5892,108.9115,110.7571,111.0926,126.9802,105.0168,106.6068,134.0874,116.1074,108.0481
2011-05-13,105.2845,150.61,117.1129,106.9552,132.6134,134.8081,114.1067,108.329,109.8995,110.2611,126.4335,103.9659,105.2159,132.1177,115.4335,108.0684
2011-05-16,104.6565,149.5314,117.1275,107.0255,132.8484,134.1682,114.5877,108.3088,108.5829,110.6463,124.3641,105.1271,106.2574,131.7121,115.4217,108.1036
2011-05-17,101.6923,146.8576,116.3908,106.3836,131.75,133.1054,113.2854,107.2834,108.0233,110.5782,123.9111,103.7619,105.1798,126.4115,114.5186,108.1818
2011-05-18,102.0149,146.8041,117.1044,107.2067,131.8425,133.3094,113.7136,107.9907,108.8362,110.6656,124.4007,102.9645,106.861,128.3456,114.3549,108.1617
2011-05-19,102.2458,146.7154,117.2114,107.0557,131.2268,133.5712,114.1663,108.2039,108.6781,110.44,123.9676,101.7343,106.6699,129.085,114.1242,108.1183
2011-05-20,104.4347,147.9634,117.432,107.6425,133.01,133.9449,114.6528,108.7971,110.034,110.7829,125.2195,102.2025,107.8047,130.5027,114.6016,108.1443
2011-05-23,104.2779,147.3803,117.0279,106.7488,130.702,132.6592,113.8433,108.0802,108.9328,109.9365,125.5219,101.1845,107.0214,133.127,113.8488,108.1486
2011-05-24,104.0259,146.7375,117.0121,106.7403,131.9495,132.4746,112.648,107.9953,109.2033,109.3928,125.6882,97.733,105.9143,132.5485,113.7342,108.1575
2011-05-25,104.4235,146.9469,117.4426,107.9273,134.8397,133.5866,113.6194,108.4669,109.8565,110.2654,125.4199,98.2996,106.8776,132.8711,114.0658,108.1712
2011-05-26,105.3646,146.099,117.8323,108.4133,136.3793,133.7258,113.5952,108.7667,110.3397,110.4707,126.198,98.699,107.0506,132.7338,114.1501,108.1733
2011-05-27,108.2655,149.5309,117.4794,107.9943,137.6978,134.5799,113.9524,109.0989,111.4319,110.5307,128.2857,97.7087,107.372,134.9523,115.0325,108.1952
2011-05-30,109.9252,151.6568,117.1308,107.7825,139.7076,134.7903,114.4325,109.0292,111.7365,111.1271,127.8425,96.902,109.0236,135.0759,115.1076,108.1864
2011-05-31,109.8415,151.1736,117.5845,108.1842,138.9985,134.7836,114.5893,109.2837,111.7909,111.2901,127.7059,98.338,109.5437,135.794,115.3633,108.2125
2011-06-01,107.2026,148.811,117.3294,107.8126,137.7644,134.3908,113.6635,108.9766,111.2933,110.8633,127.2982,96.4194,107.0354,132.7218,115.0569,108.2863
2011-06-02,107.2137,148.3376,117.0771,107.4816,137.1852,133.5412,113.1626,108.4625,110.6064,110.8016,127.2797,97.6627,105.7537,132.6952,115.7964,108.3332
2011-06-03,106.9709,148.3517,117.039,107.7078,137.3922,133.8903,113.7062,108.2638,110.2031,111.2119,127.685,97.5887,106.4235,133.4978,116.2835,108.3657
2011-06-06,106.6321,148.7741,116.7815,107.4141,136.4491,133.5516,114.0365,107.9619,109.6723,111.216,127.7543,97.2445,106.9913,136.0285,115.3243,108.323
2011-06-07,105.3572,149.9858,116.1552,106.9042,135.976,133.0019,113.8209,106.9699,109.2775,111.0297,127.5495,97.4594,106.979,132.6446,115.7399,108.3749
2011-06-08,105.2927,150.2696,116.0611,106.7254,135.3412,132.4577,114.0962,106.8225,108.5077,110.7772,127.5958,96.9746,107.8668,134.3998,115.6175,108.3517
2011-06-09,105.5841,150.6871,115.9741,107.044,135.1637,132.7276,114.9921,106.6407,108.833,110.6544,128.0611,97.4505,107.4613,135.1519,115.5822,108.3677
2011-06-10,104.8796,149.6523,115.656,107.3081,134.8551,133.557,115.6366,106.3035,108.102,110.555,127.3805,98.5482,107.6737,134.597,115.4275,108.4413
2011-06-13,103.8158,148.3851,115.7005,107.1628,134.1592,133.3634,115.8347,106.8958,108.2073,110.4877,127.416,97.2698,106.5547,132.3988,115.6196,108.4298
2011-06-14,102.0447,146.6979,115.5565,106.7377,132.7018,132.258,115.2576,106.7699,107.5637,110.392,126.5842,96.2606,106.4339,130.8775,115.0307,108.3917
2011-06-15,100.4676,146.2373,115.993,106.6938,131.2595,131.4336,114.3188,106.5163,107.5033,109.9632,127.0708,95.0662,105.8874,130.2209,115.241,108.4384
2011-06-16,98.9809,144.6426,115.8565,106.3479,129.0472,130.5227,113.9815,106.2164,106.7354,109.7203,126.3717,95.0809,105.8877,128.6638,115.2539,108.37
2011-06-17,101.8329,146.7547,116.0798,106.6842,130.2683,131.7525,114.8344,107.2004,108.8108,110.2793,127.8048,94.5585,106.3676,131.0278,115.5198,108.3041
2011-06-20,102.9147,147.8016,115.8524,106.6329,129.5501,131.3136,115.4211,107.8072,109.1248,109.689,127.7655,95.8017,106.9093,130.7559,116.49,108.3058
2011-06-21,102.6084,148.6744,116.0809,106.9939,129.0436,131.7823,115.5336,107.5659,109.2685,109.552,128.3259,97.5887,109.1315,131.2943,115.8859,108.2639
2011-06-22,103.7964,151.0315,116.2687,106.9474,128.6595,130.9993,115.8456,107.7598,109.3175,109.2066,128.6374,97.1316,110.9988,133.5678,116.7866,108.2376
2011-06-23,104.7364,152.071,116.6613,107.6059,130.4137,131.8169,116.7638,108.2997,110.0792,109.288,129.2051,96.7158,111.4222,133.8099,117.3178,108.1745
2011-06-24,105.0118,151.5518,116.4596,107.7347,130.4761,131.873,117.1294,107.6315,110.0729,109.3637,128.5963,97.1892,110.8598,132.5504,117.5156,108.1445
2011-06-27,103.7264,149.8171,116.3709,107.4834,128.407,130.7518,116.9378,107.2196,110.3138,109.5805,128.7525,97.2351,110.0429,130.3849,117.2269,108.1496
2011-06-28,103.3966,149.294,116.5197,107.7393,128.5074,130.7268,116.6433,107.2147,110.5312,109.2596,130.0015,97.5655,110.106,130.3534,116.9273,108.1908
2011-06-29,103.8705,150.5931,116.4947,108.1954,129.7501,132.7234,118.0379,107.6373,111.5575,109.9025,129.7817,96.1256,110.2352,128.7528,117.7936,108.2105
2011-06-30,105.6197,152.0963,116.3141,108.2998,131.5619,133.4478,118.0548,107.4962,111.273,109.8352,128.3918,96.8078,111.5809,129.3262,118.287,108.2602
2011-07-01,103.7344,151.0523,116.1563,108.808,131.7122,133.8063,118.7434,107.4122,111.4224,110.3128,127.583,95.568,110.8019,126.6889,118.8182,108.2751
2011-07-04,102.5597,149.9401,116.2853,108.8511,131.0959,133.5312,118.3543,107.1359,110.9881,110.1552,126.3877,96.4281,111.2575,122.9024,119.3752,108.3168
2011-07-05,102.0388,149.3824,115.9829,108.6507,132.1536,133.5166,117.9312,106.9573,110.5857,110.2429,125.7962,96.1207,110.9794,120.6511,119.4849,108.312
2011-07-06,100.4539,147.7735,115.9367,108.037,131.2513,132.3621,117.1859,106.505,109.759,110.4019,124.9348,94.1237,109.8353,119.4257,119.0502,108.2875
2011-07-07,102.6962,148.9438,115.8925,108.4744,131.1438,132.6787,117.7954,106.0461,109.7493,110.1639,125.3179,93.8433,111.7577,123.7126,119.4971,108.3043
2011-07-08,103.3292,149.6305,116.7107,108.7727,131.7601,132.4662,117.5893,106.9734,110.033,110.6763,125.3057,94.7011,111.9477,126.9166,119.559,108.2946
2011-07-11,103.3541,149.3853,117.083,109.0448,131.9834,132.0034,117.4458,107.2178,109.6018,110.7523,124.6088,96.1772,112.3956,127.582,119.964,108.302
2011-07-12,103.6449,148.5777,116.8157,109.2788,132.5798,131.7911,117.8458,107.2244,109.9878,111.0056,124.1639,96.4432,112.5925,127.0448,119.3009,108.2908
2011-07-13,103.0597,147.6163,116.952,109.6558,132.6621,131.8,117.6208,106.942,110.6985,111.4399,125.5429,95.3805,112.5751,125.8698,119.6634,108.3539
2011-07-14,105.6688,149.2769,116.3737,109.3219,133.0542,132.4854,118.177,106.5752,110.8969,111.0977,125.4847,95.925,113.182,127.2246,119.577,108.3442
2011-07-15,107.1683,150.6793,116.3381,109.294,134.0315,133.4318,118.5402,106.8991,111.0062,111.1259,126.1866,95.4159,113.4547,129.1057,120.183,108.3667
2011-07-18,107.4645,150.36,116.2623,108.9615,132.9292,133.5388,118.946,106.6207,110.0125,110.8527,126.5219,96.0234,113.3396,129.6889,120.6853,108.4287
2011-07-19,108.8488,151.5145,116.238,108.921,132.8572,133.025,118.8882,106.3031,110.4588,110.8261,127.2226,97.6078,114.4603,130.2117,120.8118,108.4175
2011-07-20,108.212,149.663,116.582,109.3516,133.7421,132.9781,118.7987,106.1727,109.5684,110.9306,126.5068,97.4548,115.0499,129.9993,120.7585,108.4557
2011-07-21,108.2571,149.7498,116.1119,109.0258,133.9636,132.3632,118.3384,106.2929,109.8937,110.7834,126.0072,96.6345,114.9527,127.8695,121.0582,108.4226
2011-07-22,106.0303,146.3278,116.6972,109.8834,133.3276,132.7807,118.7673,106.5001,109.8795,111.2747,125.9058,96.0563,114.4316,126.3015,120.7467,108.4819
2011-07-25,106.2481,146.1139,116.5742,109.6441,134.0282,132.1168,118.3344,106.6115,109.8672,110.97,125.7179,96.7503,114.8466,124.3861,120.4033,108.3967
2011-07-26,106.6084,147.5176,116.3413,109.41,132.9456,132.001,118.1547,106.1007,110.1459,110.6288,127.6328,96.3242,115.3216,126.5012,120.3487,108.4342
2011-07-27,106.8031,148.0582,117.1071,110.037,132.8296,132.3028,118.1212,106.4791,110.2549,110.6049,128.4034,96.6927,117.3532,127.3191,121.6659,108.431
2011-07-28,108.1781,148.0494,117.4995,110.436,134.5737,132.987,118.079,106.9117,110.7652,111.4979,128.4929,97.2056,117.205,128.6459,122.1696,108.4613
2011-07-29,107.9791,148.0011,117.7433,111.1519,135.7224,132.4295,117.459,106.7656,111.5339,111.6635,130.2628,97.545,117.1348,129.3346,122.693,108.4774
2011-08-01,106.4804,145.7821,117.9646,111.5399,135.8754,132.6168,117.4533,106.3902,110.93,112.014,130.7834,95.4888,116.4204,130.1157,122.3634,108.5246
2011-08-02,107.0321,146.7862,118.2074,111.7686,136.4874,133.1636,117.6455,106.6994,111.9953,112.17,130.8267,94.8743,116.987,130.3069,121.7616,108.5079
2011-08-03,104.8334,145.9704,118.4391,111.8766,135.798,133.0333,117.2165,106.5835,111.936,112.1392,130.3845,95.1654,116.6134,128.1694,121.1224,108.4802
2011-08-04,104.2514,146.7663,118.5764,112.3055,135.7675,133.4961,117.7077,106.0722,112.1312,112.3102,130.8625,98.2079,115.7736,127.1853,121.6654,108.422
2011-08-05,102.2816,144.5952,117.8602,111.7869,135.356,132.7207,117.141,105.7072,111.6335,112.1343,130.9709,98.3449,114.2907,123.3173,120.9629,108.4023
2011-08-08,101.6618,144.8184,117.917,111.911,136.0838,133.6363,117.5719,105.7988,112.0703,112.0922,131.1394,98.1768,112.9042,120.9831,121.0382,108.4251
2011-08-09,102.0159,145.079,117.9335,112.0333,136.7242,134.9347,118.3887,106.0475,112.587,112.2474,131.8899,98.4549,111.7596,120.9303,120.6974,108.4148
2011-08-10,100.2059,143.7071,117.7802,111.3282,134.5522,133.1731,117.7477,105.641,111.377,111.6445,131.2389,97.7784,110.1183,119.8057,120.7419,108.5149
2011-08-11,101.6471,143.8646,117.175,111.083,135.1379,133.1611,117.5149,105.4531,112.0211,111.9847,130.3303,98.3563,111.5009,117.4354,120.9624,108.5216
2011-08-12,102.9638,144.9977,116.6169,110.283,135.2149,132.2658,116.72,105.382,111.9134,111.6445,130.2467,98.3206,110.7322,118.0327,121.4352,108.5016
2011-08-15,104.6378,147.5798,116.8746,110.3846,135.7337,131.9163,116.4157,105.686,112.1236,111.6387,129.9868,99.5324,112.2183,121.6506,122.0061,108.4995
2011-08-16,103.4619,146.7284,117.2422,110.7791,136.2815,131.6269,116.101,105.5425,112.3763,111.8722,130.5626,100.6051,111.6794,120.3717,121.6067,108.5975
2011-08-17,101.8805,144.8265,117.6159,110.9043,135.3254,130.4498,114.8125,105.0136,111.721,111.5114,130.8194,100.7872,111.469,120.2354,121.2122,108.6807
2011-08-18,103.3071,145.9019,117.2324,110.2105,134.8177,129.4367,114.4005,104.6189,111.7682,111.0246,130.8053,102.0207,112.1449,120.7613,120.3926,108.6253
2011-08-19,104.0393,147.3807,117.0152,110.1628,135.5611,129.4826,114.1427,104.6604,112.0969,110.4963,131.6038,101.9713,111.8639,121.1588,120.9502,108.6406
2011-08-22,103.9076,147.6084,117.6793,111.1444,136.483,130.729,115.4431,105.1937,113.0524,111.4389,131.0832,102.4501,112.786,120.5661,121.1443,108.7061
2011-08-23,103.8715,147.0133,117.4619,111.0001,136.6502,129.9631,114.8771,104.7552,112.945,111.4609,131.3966,101.4273,112.3459,120.4514,121.3276,108.7478
2011-08-24,103.2925,147.4785,117.6182,111.2272,138.1362,130.6,115.4508,105.0482,112.9874,112.0527,130.518,100.7861,112.3947,118.5403,121.9442,108.7715
2011-08-25,104.0282,148.1639,117.4423,111.5979,138.5616,131.5528,116.5797,104.9651,113.6035,112.0315,130.825,101.4194,111.9351,118.224,122.2934,108.6833
2011-08-26,104.3217,149.2525,116.823,110.6761,137.0229,130.6156,115.9411,104.4885,113.0143,111.4813,130.6994,101.8231,111.4255,118.714,122.6232,108.6908
2011-08-29,102.154,147.7563,117.4327,111.417,137.7578,130.2675,115.698,104.5044,112.4084,111.2033,130.3368,101.8976,111.5474,118.5474,121.7303,108.7125
2011-08-30,102.3428,147.985,117.7423,111.8287,138.4078,130.1235,115.3548,104.1262,113.0478,111.5168,131.8831,101.851,111.9128,119.3743,121.7636,108.7236
2011-08-31,100.0389,145.3769,118.5202,112.5011,138.1361,129.3275,114.9316,104.0886,112.8579,111.8714,131.1151,100.5422,110.0875,118.9561,121.6094,108.7896
2011-09-01,102.7169,148.2591,118.7738,112.674,140.0392,130.3262,115.0007,104.6855,113.7874,111.7298,133.3704,101.2217,111.3957,122.5837,121.8245,108.8377
2011-09-02,104.8324,148.401,118.464,112.6177,140.5334,130.8395,115.3207,104.4665,114.5402,112.0582,134.2453,100.8723,110.3539,123.7379,122.2811,108.8189
2011-09-05,105.1515,147.8245,118.8319,112.2132,140.0104,129.7208,113.9598,104.3437,113.6936,111.6484,134.4048,100.3789,110.9607,124.7876,122.6151,108.8308
2011-09-06,104.8155,146.5279,117.9033,111.3001,137.9904,128.5348,112.9561,103.3602,112.9888,111.161,133.7997,101.5796,109.1779,125.3739,121.2076,108.7929
2011-09-07,108.8432,150.1703,118.1992,111.6068,141.2749,129.8278,113.358,103.8434,114.5664,111.7624,135.3766,103.078,110.3301,128.5309,121.661,108.8109
2011-09-08,110.238,149.6823,118.3499,111.3255,140.432,129.3935,113.0634,104.042,114.3203,112.0084,135.8183,103.4617,111.0392,130.0187,122.4135,108.8198
2011-09-09,110.8688,149.3118,118.08,110.8982,139.8555,129.1319,112.7308,103.9111,113.8609,111.9774,136.7611,104.4004,111.2303,128.5999,123.8832,108.8445
2011-09-12,109.4451,146.8888,118.1434,110.8601,137.9722,128.081,112.1877,103.7052,113.5651,111.4328,137.3355,104.4583,110.4279,128.2025,123.0538,108.8409
2011-09-13,112.2204,150.7631,117.9423,110.6303,138.525,129.027,113.4384,104.3988,114.3878,111.5822,138.098,105.4746,112.1329,131.7657,122.9429,108.8115
2011-09-14,111.5614,149.3685,118.0319,110.6902,137.3309,129.6918,113.4673,104.6199,114.4895,111.8596,137.3531,105.8655,111.7375,131.4825,122.368,108.8933
2011-09-15,108.9507,147.1748,117.7874,110.8237,136.9612,129.2737,113.6442,104.2968,113.6413,112.1652,136.7566,104.5731,111.2647,129.826,121.9715,108.9428
2011-09-16,107.6057,146.0623,118.1264,110.9529,135.5954,128.6853,113.1766,104.3584,114.214,111.9372,137.5819,104.5007,110.3614,129.2441,121.3599,108.9548
2011-09-19,108.4132,148.1893,117.9024,110.7418,136.7306,128.503,112.8203,104.2317,114.9431,111.9939,138.6352,104.5714,110.6692,129.0764,121.6846,108.9365
2011-09-20,109.2639,148.6669,118.5444,111.47,139.1977,130.2374,113.2089,104.8343,115.4384,112.7891,138.6829,104.8715,110.6002,130.3273,122.0075,108.9382
2011-09-21,111.7115,150.2293,118.3465,111.4841,139.8289,130.5017,113.1657,104.8332,116.2318,112.6313,139.6857,105.2224,110.3177,133.0156,122.5214,108.886
2011-09-22,113.5862,153.2634,118.3074,111.4864,141.0997,130.3862,113.3157,104.9031,118.1501,112.7827,143.1716,105.9111,109.9195,134.9418,122.4479,108.8779
2011-09-23,115.9663,156.9159,118.381,111.4257,142.3332,131.3199,114.5479,105.5144,118.8274,113.0602,144.8533,107.7905,111.0804,136.5353,123.3433,108.9268
2011-09-26,118.2505,158.5233,118.4144,111.8826,143.2271,132.4513,115.4325,105.693,120.344,113.751,146.5065,107.417,111.7211,139.4623,123.4374,108.9457
2011-09-27,117.9475,157.6946,117.5208,110.7517,142.5093,131.7737,115.0339,105.0028,119.6016,113.3107,145.5172,107.3161,110.0802,136.1048,122.797,108.9112
2011-09-28,117.9981,157.6794,118.6548,112.0644,143.7206,131.2856,115.5568,105.4351,120.7863,113.6962,147.3463,108.0588,111.6267,136.6764,123.3313,108.9387
2011-09-29,117.1999,156.2114,118.7133,112.2717,143.9044,131.301,115.4804,105.6108,120.4282,113.6003,146.6568,109.4318,111.3459,136.0031,122.7098,108.8816
2011-09-30,117.4711,156.4117,119.5087,113.1208,145.7045,132.6455,116.9625,106.8539,121.3589,114.1419,146.7518,110.2929,111.5056,134.3473,123.2676,108.8504
2011-10-03,116.7722,156.6518,119.6177,113.724,146.438,133.4825,117.9663,107.207,121.5707,114.4804,146.7181,109.7014,112.5246,134.5673,123.1443,108.8599
2011-10-04,119.4996,159.4556,119.4127,114.1746,148.6319,134.11,118.3059,107.3821,123.6443,114.7592,148.4303,109.4955,112.8815,137.7531,122.8706,108.8569
2011-10-05,119.4176,159.5422,119.4673,113.6809,146.6795,133.1012,117.4131,107.1567,123.2219,114.3423,149.9382,111.3199,113.3045,138.8118,122.8213,108.9743
2011-10-06,121.2932,163.2725,119.2737,113.6351,147.6353,133.8121,117.929,107.614,124.5791,114.3319,150.6732,111.8297,114.1712,140.8777,122.6608,108.9328
2011-10-07,117.7588,160.8525,119.5868,113.7998,146.0627,133.1494,118.1494,107.8002,123.6238,114.3541,149.9188,112.1056,113.4733,138.5613,122.3152,108.9496
2011-10-10,118.0046,163.0204,119.8579,113.9377,145.9325,133.763,118.5039,107.885,123.6367,114.3941,150.1781,112.8074,115.1654,140.3315,122.3855,109.0416
2011-10-11,118.7885,165.3182,119.5602,113.7272,147.4186,133.6348,118.6837,107.9618,124.0975,114.764,149.9588,112.2167,115.0675,141.6807,122.2718,109.036
2011-10-12,117.2569,165.8653,120.2707,114.7103,147.8437,134.6105,119.6738,108.2103,124.4806,114.718,150.1965,113.3659,114.7867,141.4628,122.3106,109.0335
2011-10-13,117.4556,166.3984,119.8712,114.0747,147.3193,133.9942,118.1684,107.6794,124.364,114.1491,149.22,113.1427,114.9594,141.2276,121.6439,109.0394
2011-10-14,117.6318,167.6671,120.3977,114.2782,147.5688,133.4702,117.9717,107.8311,123.504,113.9428,148.6137,113.0312,115.8278,143.9135,122.6907,109.0477
2011-10-17,119.331,168.529,120.3093,114.3092,148.6584,133.4012,118.2028,108.0569,123.6884,113.6471,148.8036,115.1225,116.8503,145.9745,121.4916,109.0335
2011-10-18,121.7729,170.5569,120.186,114.08,149.3409,133.1423,118.2314,108.1535,124.6295,114.1587,150.9598,117.7595,118.0762,148.8021,120.9126,109.1037
2011-10-19,118.1668,167.6081,120.1253,113.6668,147.0112,131.5548,117.5461,107.8612,123.1966,113.5365,150.1969,116.5134,117.3063,146.34,120.0243,109.0878
2011-10-20,119.6306,168.9738,120.2212,113.9719,149.0019,132.3162,117.8258,107.7374,122.6733,113.791,150.8991,117.8199,118.3303,148.6101,120.8366,109.1374
2011-10-21,120.3656,170.8003,120.2716,114.0904,148.5885,132.5618,118.625,108.0144,123.5085,114.2475,151.8994,120.0423,118.9419,148.7834,121.4788,109.1231
2011-10-24,121.2948,173.0768,120.5544,114.6836,151.7504,133.6026,118.9824,108.587,125.0814,115.0797,152.9491,120.7329,118.6897,148.5026,122.0777,109.0873
2011-10-25,126.3673,178.2625,121.0014,114.5147,152.8722,134.21,119.2087,109.4779,126.9023,115.049,154.7086,123.3361,120.3564,151.6905,123.2317,109.1231
2011-10-26,129.0339,181.7492,121.5248,114.9371,154.4574,135.0918,120.2226,110.1098,127.3743,115.5446,156.4573,124.129,122.2428,156.972,124.1369,109.1147
2011-10-27,129.2577,180.961,121.7557,114.8956,153.4319,135.3235,120.0459,110.7358,127.1671,115.4947,154.902,124.7128,123.2474,155.2872,125.1079,109.0798
2011-10-28,130.1907,181.6327,121.8346,115.222,153.56,134.8611,120.8137,110.6923,127.0675,115.5535,154.3546,124.8378,125.5125,156.9722,124.9975,109.1343
2011-10-31,129.9365,179.0067,122.4995,115.5797,153.2852,134.1934,120.3768,110.8829,126.9401,115.6669,155.3484,123.3514,126.0003,158.0238,124.9015,109.1745
2011-11-01,129.503,177.7421,122.4531,115.7989,154.1111,134.6684,120.1985,111.1196,127.6442,115.5192,155.1256,123.0248,124.9809,154.0102,125.0316,109.2149
2011-11-02,126.0823,175.0535,121.9978,115.026,152.6941,134.0119,119.109,110.5176,125.923,114.8899,153.9085,121.8262,123.015,150.4472,124.3329,109.1592
2011-11-03,126.5499,174.4125,121.6171,115.047,151.3999,134.0037,119.66,110.1888,125.9835,114.6028,153.8601,120.9205,122.9388,149.9911,124.9378,109.1508
2011-11-04,127.944,176.411,121.0435,114.6388,152.0191,134.6352,120.041,110.5043,126.3757,114.587,153.6433,119.9587,123.2196,151.9143,124.3161,109.1351
2011-11-07,129.6353,177.3138,121.0475,115.1104,152.5954,135.7886,121.0422,110.8759,127.1075,114.5155,153.5931,119.807,123.7535,152.1092,125.218,109.1218
2011-11-08,129.9039,177.8379,120.7594,114.4751,151.8389,135.074,121.1447,111.0356,126.7421,114.215,153.4872,120.8228,123.2384,152.1945,124.9132,109.1242
2011-11-09,129.4106,176.9632,120.8015,114.3243,150.6116,134.0425,120.0614,110.5494,125.952,113.8955,152.4621,121.4668,122.6192,154.2918,124.7684,109.1131
2011-11-10,129.588,175.8511,120.9688,114.7874,150.1182,134.4635,120.9825,111.058,126.3727,114.3874,152.6479,122.6374,123.3933,154.6154,124.6586,109.1538
2011-11-11,133.7659,178.5568,120.1776,114.0455,150.4202,134.3154,121.2876,110.4774,127.0195,114.1547,153.499,122.9917,125.3668,155.1905,124.6764,109.2099
2011-11-14,134.0215,178.6183,120.2968,114.3682,151.2466,134.7308,121.9284,110.5273,127.0572,114.6648,153.2289,121.9055,126.0832,156.3469,124.5935,109.2441
2011-11-15,134.5659,180.3148,119.9746,114.5323,151.9947,135.2807,122.8541,110.3355,127.0304,115.0544,152.9846,121.6788,127.2239,157.8524,124.7567,109.2438
2011-11-16,134.1142,179.2739,119.9878,114.6185,151.7656,134.95,122.8365,110.475,126.6706,114.6743,152.6753,121.4378,126.1125,158.1123,124.8828,109.2352
2011-11-17,131.3448,177.3754,119.8172,113.941,149.545,133.6457,121.5106,109.4299,124.3746,113.8401,152.1769,119.6068,126.3245,158.4275,124.3735,109.2991
2011-11-18,129.1767,175.7997,120.2024,114.0175,148.7464,133.7415,120.8735,109.4759,124.3587,114.1609,151.6915,117.9492,125.7729,156.5909,124.4385,109.2428
2011-11-21,128.239,173.5648,120.1918,113.6711,147.1527,132.4184,119.8906,109.2012,123.6816,113.7462,151.5223,117.1166,125.2535,155.9132,124.4143,109.2437
2011-11-22,129.6138,173.8576,120.1006,114.1261,148.162,133.3397,120.348,109.5672,124.7376,114.0774,151.2046,119.0811,126.6743,153.8122,124.6182,109.3477
2011-11-23,128.2577,173.3763,120.629,113.7945,146.003,132.5276,120.0972,109.5015,123.5727,114.5685,150.6323,122.1853,128.0365,153.3863,124.9802,109.3993
2011-11-24,126.2389,173.1239,120.6571,114.1049,145.8265,132.2986,120.174,109.0602,123.3759,114.7717,151.4963,119.9827,128.5927,154.2203,124.7127,109.4082
2011-11-25,126.6998,173.2055,121.1046,114.6172,146.6044,133.3999,121.0675,109.1291,123.5463,114.7609,152.2311,120.6421,127.6636,154.8358,124.9186,109.3653
2011-11-28,127.5756,176.9582,121.0376,114.384,145.3809,133.2014,121.0592,108.7091,123.1298,114.5381,153.633,120.3899,129.879,161.683,125.0706,109.4075
2011-11-29,129.2801,177.92,120.668,114.0925,146.6017,133.5464,120.7173,109.1437,123.4143,114.5508,153.9073,121.0145,130.9795,162.8401,124.534,109.4292
2011-11-30,128.5565,176.2132,120.1894,113.8283,145.4693,133.8686,120.4929,108.7307,123.1122,114.0233,154.6355,121.3078,129.5279,162.3715,123.6187,109.4075
2011-12-01,130.9968,178.6896,119.8429,114.0198,146.2957,134.8099,121.2064,108.7291,124.2801,114.3623,155.1788,122.7597,131.7436,163.4276,123.5557,109.4042
2011-12-02,130.7152,178.1354,120.2226,114.5862,145.0726,134.8156,121.1877,108.5921,124.8837,114.5741,156.578,122.4894,133.7177,167.117,122.6226,109.4286
2011-12-05,131.1783,177.9362,120.6973,114.8242,146.2067,134.7592,120.5961,108.9533,125.5063,114.6423,156.3337,122.5322,133.6926,166.2277,122.5516,109.4755
2011-12-06,131.6588,177.8867,121.2605,115.5412,147.4237,135.9623,121.1917,109.6879,125.5724,115.1076,156.3429,122.5395,135.3762,168.1957,122.8555,109.5098
2011-12-07,131.2641,177.0527,121.2415,115.1908,146.5012,135.3364,120.6668,109.7019,124.4847,115.0588,155.7305,122.6601,137.4545,168.6323,122.7345,109.5442
2011-12-08,129.3677,177.0071,121.5104,115.4363,147.3498,135.5649,120.3863,109.7771,123.7173,115.0074,156.1524,123.4333,137.555,167.9487,122.9303,109.6292
2011-12-09,129.742,175.0831,121.5516,115.6127,147.227,136.3182,120.4283,110.2099,123.3551,114.8389,156.776,124.972,136.6566,169.5713,122.6004,109.7025
2011-12-12,128.5924,176.0891,122.1488,115.8527,147.5643,136.6556,121.2717,110.8075,122.9408,114.8457,156.6299,124.4937,137.8212,168.7301,123.0721,109.6968
2011-12-13,129.7103,178.0767,122.102,116.1349,148.7533,137.2575,122.0054,110.9105,123.3139,115.225,157.9446,124.8296,139.2393,172.4209,122.8019,109.6835
2011-12-14,126.1613,172.6502,122.3188,116.081,147.375,136.4173,121.2599,110.3283,121.9304,114.8409,157.5745,124.2225,135.4363,167.1016,122.8449,109.6757
2011-12-15,124.4556,171.2886,122.0173,116.3813,148.4201,136.7735,121.2019,110.4133,121.9826,114.6846,156.1166,125.1285,135.0039,162.6293,122.1399,109.6962
2011-12-16,125.9398,170.7731,121.8684,116.3487,148.9849,136.5106,120.3198,110.026,122.2767,114.9193,156.2752,126.4543,134.3884,165.7179,121.3329,109.756
2011-12-19,126.0541,172.2495,121.9399,116.6302,150.259,137.3576,120.6303,110.237,123.0513,115.2249,156.3602,126.2216,134.6152,165.6477,121.1581,109.7738
2011-12-20,124.3089,170.4276,122.2333,116.4603,148.6284,135.818,119.6147,110.1076,122.6103,114.8279,155.5865,125.2926,133.6058,163.6675,121.4185,109.8103
2011-12-21,125.0394,170.8383,122.0895,116.7012,148.8075,135.873,119.1775,109.6734,122.5224,114.8396,155.7503,126.6913,134.4281,166.185,121.5463,109.7612
2011-12-22,125.7553,171.8268,122.1118,116.6879,148.8595,135.9145,119.5556,110.1134,122.0155,114.9232,156.3665,127.2133,138.375,168.1735,121.5774,109.7426
2011-12-23,126.639,173.5009,122.3114,116.9127,148.0973,136.4815,120.1362,110.2137,122.1896,115.0802,156.9286,130.0785,140.712,169.9785,121.9351,109.7447
2011-12-26,127.6292,174.2241,122.5293,117.4018,147.9831,137.8948,120.5991,110.4413,123.1513,115.1991,157.3363,131.2521,140.1652,170.328,122.6086,109.8151
2011-12-27,126.5806,173.0279,121.8822,117.1,147.6172,138.4409,121.4528,110.5864,121.913,114.7325,156.0374,129.998,139.8005,169.5793,122.0209,109.7707
2011-12-28,125.6019,171.7018,122.0339,117.3734,148.7557,138.0642,120.7776,110.102,121.2164,114.9165,154.7719,129.3924,138.0066,169.5256,122.3204,109.7635
2011-12-29,124.067,170.2416,121.998,116.5538,146.9635,136.8188,119.8963,110.0062,119.8527,114.1478,153.682,127.776,135.7067,170.337,121.7444,109.7569
2011-12-30,125.2745,171.242,122.5676,117.67,149.6533,138.1692,120.66,110.4524,120.9922,114.9404,154.4449,131.1579,137.0298,170.3225,122.0129,109.7425
2012-01-02,123.4946,169.6604,122.6067,116.9237,147.1758,136.3124,119.7227,110.1366,119.7412,115.3169,155.6475,131.5713,137.6911,171.1957,121.9409,109.8324
2012-01-03,119.6758,167.3008,123.1124,116.9656,147.0714,135.7622,119.0391,110.3331,118.3307,115.6171,154.8092,132.0097,137.7471,169.0145,121.2005,109.7983
2012-01-04,116.7626,165.463,123.2745,117.7059,147.2106,136.2735,119.2442,110.6527,119.3919,115.8326,155.4917,129.8483,137.6855,164.7141,120.3458,109.827
2012-01-05,117.3405,166.3935,123.0554,117.3688,147.652,136.5945,119.3587,110.6533,119.9131,115.6234,155.8588,128.8139,138.7933,161.044,120.4537,109.9071
2012-01-06,118.9058,167.9874,123.0943,117.1573,147.8602,136.7419,119.6286,110.9962,120.0276,116.1905,156.3801,128.4075,139.459,164.563,121.1191,109.9577
2012-01-09,118.9406,166.484,122.8794,117.028,147.3566,135.9428,118.7895,110.4389,119.5518,115.9268,157.1775,131.7494,138.6876,164.0834,121.0112,110.0593
2012-01-10,117.0142,167.0049,123.0025,117.176,147.2131,136.1137,118.7095,109.8841,118.749,115.5098,156.0503,132.078,139.2488,162.9371,120.662,109.994
2012-01-11,119.2609,170.6545,123.43,117.3152,148.3141,136.0065,119.2971,110.1903,118.604,115.5365,156.3311,134.3098,140.6683,168.7167,121.27,110.039
2012-01-12,117.6708,168.2847,123.1675,117.3378,147.7843,135.7551,119.5646,110.0084,119.1642,115.7905,155.9348,132.0692,138.3066,165.199,120.5184,110.0364
2012-01-13,116.6333,166.3171,122.9272,117.1851,147.3057,135.7632,119.7834,109.6397,118.4328,115.8984,154.4298,132.5496,138.2038,163.057,119.5079,110.0752
2012-01-16,116.0733,165.7278,122.3808,116.6969,146.05,135.6965,120.0116,109.4224,118.1508,115.7266,153.227,133.0748,136.6754,160.5585,119.4318,110.1378
2012-01-17,119.2392,168.2777,122.8242,116.9906,146.1562,135.3993,120.1435,109.6962,119.4115,115.4074,155.3138,133.3594,138.7731,163.997,120.4467,110.179
2012-01-18,117.7368,166.3306,123.1016,116.6539,144.2157,134.0652,119.1576,109.5358,118.3358,115.0988,154.5841,132.1243,139.0279,163.4909,120.6508,110.1817
2012-01-19,117.2033,166.2324,122.8659,116.415,144.2919,134.1836,119.0676,109.6031,118.3555,115.3748,155.1448,129.6189,138.5278,163.1463,120.9432,110.1721
2012-01-20,117.3426,166.5964,122.7237,116.2772,144.3568,134.3159,118.9807,109.1849,118.1502,115.4243,155.7544,127.114,138.2437,166.2556,120.4683,110.2155
2012-01-23,114.7485,164.9439,123.0173,116.6801,145.1842,135.3795,119.5172,109.7563,117.472,115.7401,153.3917,125.7815,135.8813,163.8464,120.4149,110.2778
2012-01-24,112.8951,162.4995,122.8888,117.142,144.1944,134.7432,120.0432,109.9613,118.1765,115.3027,151.4231,126.6227,135.3537,157.5177,119.5521,110.293
2012-01-25,112.5242,161.4078,122.7992,117.1729,144.4471,135.4623,120.1938,110.1936,118.6224,115.1416,151.5531,126.3807,133.1731,155.3004,119.2409,110.3372
2012-01-26,113.14,161.2856,122.9807,117.4485,145.479,135.3945,119.9363,110.0311,118.9799,115.5563,151.177,126.437,133.7397,156.0602,118.9402,110.3378
2012-01-27,112.3382,162.1159,123.1211,117.6467,147.2469,135.3231,119.9141,109.9031,119.1088,115.9288,151.8982,126.1899,134.6413,156.1565,118.049,110.3322
2012-01-30,112.3768,162.1101,122.8318,117.4499,148.1916,135.8009,120.8057,110.1665,117.7466,115.7593,150.1865,124.653,134.0095,157.9157,117.975,110.3605
2012-01-31,113.9272,164.0977,122.3697,117.2578,149.6649,135.2941,120.4418,109.7136,118.3611,115.3434,151.0808,125.187,132.6122,158.4307,118.3705,110.3979
2012-02-01,115.2023,164.2684,122.2496,117.3374,148.9133,134.924,120.2646,109.5345,118.5125,114.7279,151.5514,126.7236,133.8531,158.6743,118.7801,110.4684
2012-02-02,116.7115,167.5036,121.8238,116.6677,150.5986,135.4242,120.3158,109.6936,118.401,114.6081,151.2134,126.9907,133.1912,160.0748,118.9402,110.5015
2012-02-03,115.7338,166.0548,121.9406,117.0153,149.5812,134.5464,120.5132,109.2209,117.8721,115.0122,151.8646,129.4168,133.648,159.9206,119.451,110.5473
2012-02-06,116.3113,166.4357,122.2073,117.2872,149.1253,134.9473,120.3351,109.2667,118.0022,114.9868,152.7153,128.545,134.8664,163.3191,119.5307,110.554
2012-02-07,114.9945,165.8446,122.4862,117.8777,149.0269,136.5876,121.8136,109.7259,117.5875,114.9417,152.0886,129.8145,134.415,163.1495,119.0267,110.512
2012-02-08,116.6281,166.2332,122.557,117.9787,149.2106,138.2034,122.5292,110.2341,118.2988,115.2873,152.8008,129.9988,136.6376,163.6949,118.5412,110.5632
2012-02-09,118.7568,169.0494,122.5044,117.9235,150.6998,139.5814,123.4336,110.7026,119.0704,115.0909,152.5347,130.8735,136.2555,165.1634,118.1895,110.5197
2012-02-10,118.7167,170.3693,122.2666,118.1041,153.0843,139.854,123.7478,110.5421,118.8183,114.856,151.8687,130.7865,135.6036,166.8499,117.1839,110.5043
2012-02-13,118.2262,170.8019,121.9873,118.1578,151.6594,140.2136,124.1317,109.9614,118.4872,114.5248,151.1202,132.4628,135.5168,167.2925,117.0109,110.5841
2012-02-14,118.2374,169.6871,122.514,118.8247,151.8392,141.2544,124.8853,110.414,119.4103,114.9787,151.2859,134.0035,135.3758,165.9962,116.6202,110.5646
2012-02-15,118.4879,171.6562,122.035,118.5649,151.2773,140.5316,124.4684,109.3955,118.4437,114.2086,150.9881,135.0643,136.4466,167.4723,117.2738,110.5698
2012-02-16,118.7861,172.6584,122.1625,118.6751,152.3748,141.007,124.4658,109.4562,118.7319,114.7401,150.2377,135.8026,137.4912,164.7129,118.2315,110.5589
2012-02-17,116.8904,170.9735,121.8915,118.6383,151.2053,141.3138,123.9581,109.0703,118.6366,114.6533,148.8885,134.4493,136.6042,163.6352,116.9921,110.5499
2012-02-20,116.5994,171.1636,121.2108,117.677,150.0078,140.5741,123.3246,108.1918,118.4474,114.7721,148.4826,133.2774,135.7455,162.0315,116.694,110.5034
2012-02-21,118.6162,171.3911,121.2788,118.1173,151.9091,142.1222,124.8585,108.9457,119.2835,115.6604,148.2282,133.9224,136.1667,163.5807,116.2141,110.4756
2012-02-22,116.7131,169.5681,121.4644,118.536,150.5649,142.3504,125.369,108.5434,118.6203,115.3636,146.8729,133.6655,134.9051,162.3792,116.1194,110.4588
2012-02-23,117.8982,170.4839,122.4974,119.0095,152.1293,142.3661,125.381,109.0271,118.6728,115.9148,147.6374,132.9053,136.501,163.8793,117.6287,110.4396
2012-02-24,118.8291,169.7435,122.7088,119.2847,152.4269,143.0734,125.9945,109.2911,118.8031,115.9694,147.7313,132.2687,135.9649,166.0012,117.254,110.4417
2012-02-27,117.7512,168.3713,123.2073,119.5223,150.9924,142.3453,125.1707,108.9234,118.182,115.3607,147.7907,132.1751,135.3852,167.1318,117.4497,110.4659
2012-02-28,117.0685,166.8374,122.5999,119.5414,152.0626,142.903,125.8531,108.5739,118.1852,115.445,147.4385,130.6592,133.6074,162.9755,117.297,110.4674
2012-02-29,116.1325,164.7253,122.8137,119.715,151.3486,142.6007,125.7706,108.6986,118.0898,115.2848,146.1917,129.4242,133.3174,160.5222,117.0956,110.5625
2012-03-01,115.0582,162.8904,122.4473,118.9421,148.8914,141.1849,125.2873,107.9521,116.982,114.8559,145.399,128.5836,130.4768,160.5433,116.9114,110.5756
2012-03-02,113.506,160.7899,122.2316,118.7476,148.0445,140.8208,124.9465,107.7411,116.3436,114.7841,143.6466,128.7814,130.2191,157.161,116.4165,110.5865
2012-03-05,114.9072,161.8168,121.639,117.894,147.3535,140.0023,124.5557,107.6562,116.6029,114.306,143.9969,128.9067,130.7768,157.2629,115.8378,110.57
2012-03-06,116.5389,162.5087,121.4273,118.3974,149.1287,141.3096,124.5724,107.8868,118.0197,114.7079,145.3714,129.4759,130.698,157.6676,116.2877,110.5151
2012-03-07,116.7096,160.6234,121.148,118.1056,148.9535,140.8073,124.548,107.9911,117.0538,114.4117,144.6111,128.9607,130.4716,157.4961,116.1346,110.5121
2012-03-08,116.7682,161.2811,120.6993,117.829,149.006,140.1812,123.9613,107.5419,117.1568,114.2234,144.3579,127.4597,129.6788,157.379,116.4397,110.5787
2012-03-09,117.1111,161.8853,119.6658,116.7894,148.84,139.6927,123.4322,106.8582,116.8809,113.6836,143.9341,125.3514,128.5979,156.0909,115.883,110.5426
2012-03-12,116.9535,162.0964,119.5826,116.8743,149.1792,140.0299,123.9747,106.7385,117.0904,113.4674,143.4578,125.2001,128.5083,153.9208,115.6153,110.5565
2012-03-13,117.116,160.4359,119.3516,117.1423,150.6449,140.5287,123.7722,106.9864,117.0378,113.5626,142.9749,125.0515,127.8995,153.9286,115.0805,110.546
2012-03-14,122.2411,166.3588,119.1805,117.517,154.6389,141.8708,124.7369,107.5017,119.1255,114.1599,144.4282,125.1871,130.9004,159.5834,115.3334,110.5975
2012-03-15,120.8542,164.5255,118.754,117.2441,154.8498,142.5034,124.4251,107.403,118.6449,113.9339,143.0279,123.9059,128.7683,155.5028,115.379,110.5538
2012-03-16,119.6966,162.3883,118.7228,117.2548,155.3567,142.7908,124.0618,107.3258,118.1224,113.7163,142.3313,122.571,126.6529,154.1776,114.8954,110.575
2012-03-19,117.6619,162.0716,118.7853,117.5881,156.3708,142.6606,123.6692,107.5702,117.8645,113.5653,142.2839,120.2978,127.7053,154.2237,114.2326,110.5676
2012-03-20,116.5669,160.6827,118.0465,117.5632,157.8151,143.6994,123.8111,107.2916,117.8765,113.406,142.0435,118.8473,126.7825,149.8315,113.6569,110.5492
2012-03-21,115.2275,160.6457,118.137,117.6393,157.1496,143.0878,124.1772,107.0009,117.6487,114.0336,141.3393,120.5333,125.5048,149.5964,113.8122,110.5629
2012-03-22,116.1458,161.0305,118.1404,118.2555,159.4571,144.2969,125.1121,107.4721,119.063,115.1006,142.0533,120.6025,127.2059,147.6801,113.8863,110.5522
2012-03-23,117.4232,162.1151,118.2694,118.3227,161.0044,144.7274,124.3208,107.547,120.2128,115.2351,142.872,119.2775,126.6279,148.4876,113.9983,110.6014
2012-03-26,121.5785,165.3968,118.3078,118.6646,163.4703,145.6367,125.3594,108.3471,122.2771,115.5028,144.0919,118.038,127.7073,150.7507,115.0138,110.58
2012-03-27,119.588,164.7769,118.6081,118.9319,161.18,145.2997,125.2982,108.5038,123.4236,115.5353,145.1439,118.953,127.145,148.7422,114.6611,110.5597
2012-03-28,117.6328,160.9726,118.7261,119.0111,159.8852,145.2104,124.8927,108.253,122.9054,115.6676,143.659,117.7304,126.7121,144.8631,114.2312,110.5649
2012-03-29,117.8002,161.2338,119.3337,119.4,159.7648,145.9239,124.9623,108.7229,123.054,115.8646,143.9104,118.6966,128.9751,147.2938,113.413,110.5593
2012-03-30,121.0803,163.5401,118.4751,119.0718,160.7628,145.5597,124.8714,108.3026,124.096,115.8611,144.9971,119.1531,131.0529,149.1495,113.3541,110.4925
2012-04-02,119.6544,163.3585,118.3697,118.9471,161.7023,145.6762,124.5117,108.308,123.5368,115.6973,145.0483,117.7133,130.672,147.9872,113.2259,110.551
2012-04-03,117.7448,162.6422,118.6637,119.3563,161.4516,144.8553,124.3639,108.8459,123.9686,115.3873,145.9944,116.8217,130.3264,147.1302,113.0529,110.5404
2012-04-04,116.3989,160.4067,118.658,119.2603,162.1588,144.4432,123.752,108.96,123.3279,115.3254,144.6228,115.15,129.1114,145.5725,112.32,110.5522
2012-04-05,115.1833,158.0002,118.9487,118.8099,160.7263,143.9661,123.0366,108.9907,122.0207,115.0324,145.6704,113.1939,128.7797,146.52,111.8615,110.62
2012-04-06,116.1755,158.5904,118.9129,118.9145,161.9263,143.9353,123.0402,108.98,121.675,115.1866,145.8553,112.9438,130.0964,147.3523,112.7378,110.6351
2012-04-09,118.9224,160.2575,118.9075,119.0952,163.4362,144.7055,123.6018,109.1371,122.9525,115.6802,147.1866,112.9071,129.3345,150.5002,113.0303,110.6399
2012-04-10,117.3376,158.049,119.4937,119.5406,161.9195,144.2823,124.2474,109.4969,122.683,115.5064,148.3183,112.8501,129.2878,148.995,113.2381,110.71
2012-04-11,117.0103,158.5516,119.7287,119.3367,160.9384,144.1766,124.5064,109.7804,122.7187,115.5136,148.7014,113.0758,127.6709,148.6148,114.0382,110.7385
2012-04-12,114.4748,156.6719,119.6695,119.2921,158.7405,143.7361,124.8475,109.4602,121.6458,115.3289,149.4487,112.9215,127.8545,147.0996,114.0483,110.6987
2012-04-13,114.0418,157.2213,119.6245,119.4511,159.7262,144.7257,125.396,109.5548,121.5208,115.8836,149.0534,113.3701,128.9296,145.9632,114.2249,110.7242
2012-04-16,111.3502,155.1915,119.505,119.1689,158.9144,144.3235,124.1079,109.2512,120.9767,115.4672,148.479,113.3274,128.3318,141.644,113.502,110.7621
2012-04-17,111.6755,155.3121,120.0633,119.6144,158.1462,145.2968,124.7029,109.8825,121.7636,115.5512,148.9181,113.4777,129.2854,142.2127,113.427,110.7801
2012-04-18,111.8534,156.1105,120.9583,120.2718,157.8716,144.6286,125.1068,110.203,122.446,116.4899,150.3508,113.4353,130.5374,145.3064,114.2246,110.7754
2012-04-19,110.8188,154.9169,121.0528,120.6354,158.1069,145.1841,125.1632,110.2548,122.132,116.9662,149.0981,112.1186,131.3197,144.9666,114.0632,110.8526
2012-04-20,113.3956,157.54,121.2748,120.3645,158.7338,145.5464,125.4761,110.1174,121.5063,117.3994,150.1992,112.9751,134.7764,150.1734,114.4797,110.9059
2012-04-23,113.8572,158.9767,121.3423,120.46,159.2605,145.5287,125.5882,110.3008,122.3904,117.6628,151.0039,115.4075,136.1706,149.5462,114.1093,111.0168
2012-04-24,112.1759,157.1195,121.3616,120.6991,159.0295,146.0375,125.9734,110.6373,122.1174,117.4435,150.2951,114.9156,135.3349,147.5951,113.3777,111.0121
2012-04-25,113.2232,157.8776,121.4184,120.2263,158.4977,145.9352,125.4176,110.837,122.3052,117.0763,150.6547,114.192,136.4024,148.9617,112.8073,111.0687
2012-04-26,114.4633,159.6144,120.9594,119.3775,157.0643,145.3456,125.1968,110.3039,121.6531,117.0407,150.6664,115.2677,137.5944,150.3374,113.5036,111.0382
2012-04-27,114.9848,161.0327,120.708,119.1844,157.4825,146.0764,125.714,110.6963,121.8834,117.2142,149.1263,113.0347,138.0292,152.0889,113.0212,111.0858
2012-04-30,115.7236,160.3952,120.1734,118.9197,157.078,145.3241,125.5675,110.5085,121.6459,117.1313,148.6037,113.397,137.5207,153.1749,112.9281,111.0672
2012-05-01,113.614,159.6804,120.2838,119.3435,156.8851,146.3081,126.5331,110.3463,121.5274,117.5594,148.6038,113.1427,137.072,151.5257,112.5745,111.0607
2012-05-02,113.3421,159.3193,120.4163,119.1741,155.0602,145.5167,126.5998,110.413,121.3266,117.5933,148.2784,113.5332,138.245,151.8176,112.4188,111.1091
2012-05-03,113.8483,160.3168,120.6205,119.3357,155.8798,145.8547,127.0553,110.773,121.8635,117.4626,148.6899,113.8701,139.8853,151.9925,111.65,111.1054
2012-05-04,113.8449,160.7204,121.1492,119.3288,155.3348,145.422,126.9634,110.8015,122.1154,117.3315,148.9202,114.5521,139.4645,152.3108,111.3676,111.155
2012-05-07,112.5128,160.3533,120.9822,118.7398,154.7067,144.9952,126.0369,110.5076,120.8727,117.3194,148.1791,115.078,138.4345,153.1096,110.914,111.2059
2012-05-08,112.1404,159.673,121.0366,118.4572,154.0467,143.9581,125.8353,110.4429,120.5062,117.8441,147.996,114.7106,137.885,153.1588,111.3963,111.1536
2012-05-09,111.0125,158.9976,121.0334,118.8626,155.1592,144.7352,126.418,110.8836,121.1297,118.2767,146.9923,115.5628,135.6624,149.0455,111.7596,111.1602
2012-05-10,109.8959,158.9686,121.1313,119.2721,153.9734,145.7513,127.4301,110.947,121.3267,118.1574,146.4463,114.3545,134.503,149.2288,111.8083,111.2397
2012-05-11,109.4411,157.1263,120.8877,118.7108,152.7585,144.7708,126.8984,110.8603,120.1023,117.5781,144.9909,115.5148,133.7645,148.1616,111.2766,111.2897
2012-05-14,108.429,156.1055,120.8758,118.7298,152.9731,145.3868,127.1736,111.0571,119.4959,117.1825,144.1639,115.7368,131.7381,146.1811,111.3642,111.289
2012-05-15,108.3442,156.5386,121.0606,119.4328,154.142,145.361,127.9208,110.9097,119.5219,117.2388,144.8757,116.5907,132.0102,146.8688,111.8306,111.285
2012-05-16,105.6618,155.771,121.1407,118.9239,153.0498,143.5683,125.95,110.3609,118.331,116.4662,144.0196,116.3742,131.8059,145.2481,111.1089,111.2739
2012-05-17,103.8536,153.328,121.1556,119.1522,153.253,142.8192,125.465,109.8025,117.5405,116.4103,144.0379,114.8442,131.0515,144.6409,110.3953,111.3403
2012-05-18,105.4774,155.4584,120.9728,118.6926,153.364,142.6626,125.2654,110.0946,117.3945,116.4164,144.4946,116.294,132.2605,147.1407,111.0314,111.3756
2012-05-21,108.0101,157.6838,120.8443,118.4814,153.9597,142.925,125.3849,110.2291,117.5238,116.3334,144.6668,116.3665,135.8789,149.4772,111.4044,111.3286
2012-05-22,108.9835,159.1601,120.5812,118.828,154.3992,143.9852,126.8093,110.5947,117.9711,116.562,143.1346,117.3954,136.991,149.4822,111.7288,111.3258
2012-05-23,109.4677,158.7559,120.4531,119.2963,156.535,145.0932,127.8138,110.9071,118.5731,116.8681,142.8711,116.5257,137.4517,147.9061,111.2386,111.3555
2012-05-24,110.1787,158.3616,120.3383,118.7665,155.6919,144.966,127.2797,111.0013,117.9364,116.506,143.4236,116.8129,137.0437,149.5718,111.3255,111.4041
2012-05-25,109.4195,157.5376,120.353,118.8372,155.0432,145.5899,127.3128,110.9293,118.4182,116.5623,142.0188,116.0907,136.5982,146.6017,110.9924,111.3875
2012-05-28,109.2067,158.2048,119.5209,117.8882,153.5504,144.9064,126.9555,110.2249,117.4094,116.1344,140.8977,117.318,136.0623,145.7232,111.0178,111.3524
2012-05-29,110.2476,160.6939,120.0592,118.6477,154.0857,144.9534,127.0945,110.3925,118.9311,116.0067,142.5814,118.0893,137.2933,146.7338,112.059,111.4069
2012-05-30,110.9292,162.3435,119.6265,117.953,153.5944,143.6215,126.3961,109.6342,118.7614,115.7704,142.7817,120.5199,137.514,146.8921,111.9131,111.3998
2012-05-31,110.3299,161.319,119.2135,117.6266,152.0848,143.8002,126.6619,108.7496,118.1842,115.3066,141.2302,120.4888,136.6182,143.7517,111.8012,111.4112
2012-06-01,108.7569,159.4667,119.2255,118.0522,153.2372,144.7158,127.6543,109.2455,118.6741,115.8899,140.5618,119.5795,135.8039,139.0554,111.4608,111.3726
2012-06-04,109.2965,161.2002,118.8003,118.2468,154.7966,146.0434,128.6429,108.9581,119.2325,116.5213,140.2374,119.0402,134.2771,139.7384,111.8469,111.3846
2012-06-05,110.7666,161.9058,118.3927,117.7562,155.4372,146.2106,128.9571,108.9912,117.9879,116.1449,138.9364,119.4796,134.3809,140.6239,112.6175,111.4154
2012-06-06,111.3589,163.0982,117.9325,117.4397,155.6978,145.7981,128.778,108.6052,118.1091,116.3897,138.5078,119.3496,134.1738,141.6929,112.5242,111.4764
2012-06-07,110.844,162.1943,118.014,117.6851,154.7277,146.2991,129.8075,108.7544,119.1174,116.7137,140.2865,118.2623,132.5143,139.4065,113.304,111.4269
2012-06-08,111.1704,162.9991,117.8679,117.8094,154.8929,146.6372,129.5922,108.2737,119.0448,116.3013,140.7166,118.2754,133.1794,140.0851,113.5396,111.4193
2012-06-11,112.3858,165.1013,117.9057,118.0864,154.6884,146.4486,129.9995,108.1506,119.1172,116.2721,142.4734,119.0002,135.3659,145.4726,113.5656,111.4096
2012-06-12,114.1778,167.218,117.8301,118.3147,155.1173,147.9529,131.2948,108.4237,119.7947,116.5021,143.9071,118.2561,137.8263,148.5657,113.5247,111.3753
2012-06-13,113.755,167.0398,117.9841,118.6119,155.9489,147.744,131.3069,108.5748,120.1289,116.9541,144.0652,119.4387,137.3306,147.7725,113.6769,111.4417
2012-06-14,114.3598,166.6663,117.9436,118.621,154.6708,146.8056,130.8386,108.3315,120.7509,116.5616,144.9358,121.7733,136.7981,148.1332,113.3697,111.4947
2012-06-15,112.4983,164.3879,118.0613,118.6001,154.4683,145.1883,129.562,108.4841,120.3354,116.373,144.2322,120.0129,136.1408,147.7963,112.5654,111.585
2012-06-18,112.1264,164.1575,118.1319,118.7658,155.2857,146.286,130.2082,109.1875,120.2556,116.661,144.5052,118.5503,135.6097,148.1702,112.8735,111.5449
2012-06-19,110.1121,162.465,118.957,119.9214,155.2405,147.4873,130.8718,109.8421,120.5098,117.3548,144.4087,120.1831,135.732,149.1263,112.0562,111.5314
2012-06-20,109.9638,162.0006,118.9278,119.5235,154.2465,148.1303,130.8786,110.598,120.891,117.6454,144.5264,119.7457,135.7135,148.7814,111.5489,111.5143
2012-06-21,110.0634,162.7821,119.1581,119.5349,154.0858,147.7385,130.3649,110.0722,120.5488,117.7062,144.8938,119.8853,135.0299,151.208,111.9873,111.5618
2012-06-22,110.3554,162.9569,119.2767,119.2203,152.8834,147.3502,129.8672,109.8413,119.6291,117.2041,144.905,119.6044,134.9743,153.0256,112.7506,111.6338
2012-06-25,110.6809,161.1546,119.5171,119.7195,152.6179,147.2055,129.514,110.0286,120.1927,116.898,145.6565,119.3029,136.233,151.8189,112.7762,111.6433
2012-06-26,111.8305,162.3044,120.1311,120.1301,152.4915,147.3744,129.8089,110.3597,119.8693,116.9489,146.4928,119.595,138.0355,156.8389,113.5124,111.7251
2012-06-27,110.6388,160.9929,120.4281,120.1805,152.1432,147.3106,129.7488,110.4653,120.3055,117.3158,148.307,118.9978,139.0402,154.5426,112.831,111.7367
2012-06-28,108.1434,158.3024,120.1607,119.0957,150.9421,145.5119,127.7445,110.137,118.6977,116.6956,147.2417,117.4689,137.7417,151.3696,111.9613,111.6933
2012-06-29,108.4474,159.9665,120.1132,118.4762,148.9324,144.7414,126.9873,110.4542,119.2683,116.3248,147.0969,115.3652,139.8105,151.3008,112.3624,111.6951
2012-07-02,108.0103,160.9103,120.0836,118.7653,147.9043,144.5742,127.7229,110.5656,119.6111,116.4701,146.9941,115.9114,141.2447,150.5355,113.0789,111.7445
2012-07-03,108.4156,160.6695,120.0577,118.257,147.5095,143.5885,126.9889,110.6603,119.4167,116.3733,145.9129,117.2863,142.3224,147.775,113.2527,111.848
2012-07-04,106.1696,158.0637,120.3033,118.5536,145.3316,142.9356,126.1225,110.1356,118.5939,116.0563,146.7896,116.4809,140.6337,148.653,113.6339,111.8859
2012-07-05,108.1192,161.7469,119.7589,117.8398,146.5516,143.3338,126.5514,110.7074,119.8689,116.2628,147.3577,117.0058,142.2456,147.574,113.491,111.9705
2012-07-06,107.6537,163.0299,119.3639,117.5053,146.2601,143.3368,126.4402,110.31,119.3013,116.2748,145.8551,115.9012,141.8265,149.1418,113.4419,111.9741
2012-07-09,109.8894,165.084,119.4001,117.6644,147.0767,143.9096,126.5875,110.216,120.1166,116.3866,146.9752,114.75,143.8079,152.3221,113.7504,111.9904
2012-07-10,110.6875,165.2637,119.2773,118.2593,148.0073,144.9704,127.8317,110.2696,120.7366,116.574,146.988,114.1676,144.9476,153.6781,113.0635,111.9374
2012-07-11,110.1299,164.4145,118.9906,118.464,147.6508,145.5446,128.4013,109.9326,120.2032,116.3418,145.8664,114.8897,145.1173,153.4151,112.4262,112.0324
2012-07-12,110.3988,164.6499,118.7993,118.301,148.1068,146.1008,128.3748,109.6866,120.1437,116.4787,144.6798,114.1235,144.5776,153.1677,112.2064,112.0592
2012-07-13,107.6751,161.9426,118.3719,118.0208,146.5606,145.2993,128.196,109.2621,119.6247,115.8375,143.5441,112.9172,143.6868,147.048,111.557,111.9959
2012-07-16,107.1763,161.5358,118.6292,118.1148,146.5868,144.7098,127.4059,108.7058,119.1651,115.6075,143.785,111.8011,143.2757,148.4949,111.5139,111.9296
2012-07-17,106.9591,162.2613,118.5073,117.8027,147.3807,145.0313,127.6041,109.0722,118.6375,115.9341,143.8366,111.7038,142.9473,148.1955,112.1157,111.9013
2012-07-18,105.6885,159.2258,118.4495,117.746,146.7659,144.9705,128.3278,109.2306,117.6111,115.7426,141.8067,111.7005,142.2624,144.0509,111.8231,111.8909
2012-07-19,105.265,159.0835,118.0731,117.5709,146.6799,145.3845,128.5302,109.1955,118.0005,115.969,140.6516,110.4364,141.7766,141.4593,111.811,111.8756
2012-07-20,105.1439,157.7794,118.0193,117.8221,147.6968,145.8848,129.2926,109.2871,118.0208,116.0415,140.067,109.9612,139.8668,139.5458,111.8219,111.8106
2012-07-23,106.6682,158.2038,118.4204,117.9543,148.7667,145.6627,128.9043,109.4718,118.7861,115.7753,140.7865,109.6682,138.2065,140.7281,112.1118,111.8331
2012-07-24,108.4502,160.1021,118.5151,117.259,148.7627,144.686,127.728,109.1332,118.5368,115.8205,140.9689,110.0979,139.2814,144.0097,112.1626,111.7845
2012-07-25,105.8596,158.8908,118.2865,116.7932,147.5881,142.4945,126.2384,108.142,116.5452,115.6801,139.8103,110.8082,140.2882,142.6294,112.349,111.7702
2012-07-26,106.7829,158.4867,118.3132,116.8841,148.2937,143.2739,127.0093,108.66,116.848,115.719,139.6274,109.4145,140.4426,141.8291,112.6566,111.6574
2012-07-27,106.9256,158.245,117.8342,116.6678,148.4271,143.0554,127.4067,108.335,116.726,115.6889,139.3378,109.7647,141.0762,139.3998,112.6769,111.6476
2012-07-30,106.0968,158.0138,118.4377,117.4799,149.7783,143.9956,127.6527,108.8206,116.8425,116.0515,139.4885,108.1428,140.8117,141.319,112.7416,111.6353
2012-07-31,105.8899,157.8596,118.1089,117.2656,148.8372,144.3635,127.4943,108.4787,117.3854,115.6978,139.7889,107.5176,139.1946,139.2442,112.9355,111.7213
2012-08-01,103.4507,156.8994,118.6689,118.099,149.5325,144.5516,127.93,108.6498,117.3434,116.3584,138.2319,107.5828,140.2276,136.5685,112.7012,111.773
2012-08-02,101.7092,155.6759,118.5227,118.3404,148.8871,145.1187,127.9634,108.2694,117.2347,116.7459,137.7853,107.9639,138.9664,134.3902,112.9211,111.7279
2012-08-03,103.965,158.3713,118.808,118.737,150.9212,146.0064,128.5747,108.91,117.9038,117.1502,137.9128,106.3966,141.3369,137.4506,113.9804,111.7748
2012-08-06,105.7682,159.4234,118.8425,119.0748,151.4887,146.6031,129.315,109.1064,118.8,116.726,138.9949,106.4136,142.5872,137.3198,114.5858,111.7433
2012-08-07,106.1821,161.1809,118.7805,119.1393,153.2599,147.6639,129.7313,109.736,119.4698,117.6716,139.1846,107.5276,143.3365,136.3358,115.1802,111.8027
2012-08-08,106.1354,160.49,118.4994,119.0558,153.3069,147.8482,130.1559,109.7812,119.5983,117.8064,138.8906,107.6112,142.6469,133.4144,115.8102,111.7852
2012-08-09,105.391,159.4551,118.6739,118.6873,152.6934,147.307,129.8632,110.0724,118.9693,118.2889,136.8293,107.8559,141.7274,133.6569,115.0942,111.8141
2012-08-10,103.909,158.1755,118.6896,118.7476,152.6507,147.0781,129.8807,109.771,117.8089,117.6664,135.2625,108.2212,141.3719,130.6687,115.179,111.8242
2012-08-13,104.8263,157.8684,118.9976,118.8669,151.7557,147.4163,129.9756,110.081,117.8726,117.4632,136.2583,108.6043,141.3657,132.3505,115.7483,111.8949
2012-08-14,104.301,157.842,118.9666,118.4352,150.339,146.7969,129.5172,109.4702,116.9588,116.8941,137.1311,110.9018,142.0794,132.2981,115.3071,111.9159
2012-08-15,105.838,160.0195,118.7682,118.1015,151.3294,146.4026,130.0035,109.4055,117.3095,116.7956,138.0316,111.1874,142.8226,133.0271,115.4137,111.977
2012-08-16,106.6753,161.3382,118.9534,118.5782,152.5386,147.6968,130.7632,109.8294,117.9481,117.2748,138.9712,112.0204,141.3736,135.1779,116.1347,112.0199
2012-08-17,108.9281,163.4768,119.1226,119.3786,155.9536,150.1817,131.9405,110.2935,118.8332,117.8019,140.8727,111.8676,143.9622,137.7507,116.3579,112.0536
2012-08-20,110.6758,164.0888,119.2724,120.2043,157.5668,151.8357,132.9587,110.5951,119.9446,119.0043,140.7329,115.0346,145.3836,140.0453,115.786,112.0727
2012-08-21,114.8743,167.9272,118.8246,119.8061,158.6137,152.682,133.3784,110.9596,121.3527,118.9715,142.3714,115.8501,146.6134,143.5097,116.2114,112.0316
2012-08-22,116.5815,170.8679,118.3798,119.4194,159.0807,153.2329,134.177,111.3481,122.294,118.9472,143.2643,114.5095,147.4372,145.7819,115.8435,111.9973
2012-08-23,117.0613,170.8596,118.6516,120.0636,157.6878,153.3143,134.624,110.8205,122.9181,119.1217,143.0068,115.8443,148.5225,146.6203,116.0651,112.042
2012-08-24,116.1412,170.5847,118.7329,120.3648,160.2966,154.2323,135.3369,111.4443,122.9045,119.8963,141.6541,114.4191,147.6746,145.0495,115.888,112.061
2012-08-27,114.7969,170.0105,118.6707,120.3692,159.3272,153.866,134.8022,111.2263,122.9861,120.1924,141.8409,113.964,147.9141,144.3776,115.9722,112.0677
2012-08-28,115.6774,170.9659,118.5773,120.6682,159.9807,154.4411,135.2146,110.9036,123.4564,120.3041,142.2309,113.6385,148.2052,144.7464,116.5279,112.154
2012-08-29,117.0119,174.414,119.2576,121.7241,162.5668,155.8797,136.4991,111.4149,124.7714,120.8197,143.9148,113.8594,150.6373,148.1978,116.6706,112.1458
2012-08-30,116.958,174.9315,119.016,121.6856,162.1934,156.2885,137.3672,111.7183,124.7947,120.275,144.4271,112.8896,153.2435,146.8776,116.481,112.1576
2012-08-31,114.605,172.2231,119.1444,121.7435,161.0194,155.6575,137.2866,111.6415,124.3403,120.4658,144.3868,113.6803,152.3519,144.6631,115.7139,112.136
2012-09-03,112.7406,170.7961,119.7308,121.9557,159.687,154.9871,137.7031,111.5922,123.0969,120.5349,143.5609,114.5413,155.3805,142.3397,115.7925,112.1566
2012-09-04,110.7268,167.4995,119.8797,121.594,158.2194,153.9451,136.356,111.5289,122.0971,120.4574,143.1489,114.5952,153.6243,141.2509,115.109,112.1527
2012-09-05,111.4954,167.6532,119.5367,121.6047,159.0679,154.6173,136.9788,111.6158,123.2331,120.8256,142.3413,113.7812,152.9267,140.6582,114.0766,112.1253
2012-09-06,111.9219,170.1966,119.6197,121.7696,158.595,153.5809,137.2685,111.6107,124.0833,121.0548,144.5116,114.0629,153.7854,144.2243,114.4343,112.1335
2012-09-07,111.7336,168.749,119.9448,122.3696,158.106,153.1373,137.0928,111.4595,123.5146,121.2795,143.1389,115.3491,156.2198,145.4547,114.3337,112.1691
2012-09-10,109.9512,168.172,120.336,122.504,157.3676,153.0024,137.1179,111.4084,122.9746,120.7168,143.8271,114.3987,155.5256,144.8479,114.1938,112.2149
2012-09-11,107.8543,166.6135,120.1808,122.4829,156.3514,152.4949,136.8955,111.1917,122.4092,120.6348,143.317,113.2904,155.2516,142.9099,114.0581,112.1729
2012-09-12,110.3997,169.1984,120.8847,122.6524,156.7226,152.3627,137.3962,111.7213,123.6072,121.2951,146.2114,114.7683,157.8094,146.8372,114.6295,112.185
2012-09-13,107.7455,165.6604,121.2485,123.0549,155.124,152.9197,137.5921,111.6392,122.7015,121.7213,145.1395,115.7177,157.8742,144.1245,114.0778,112.2278
2012-09-14,108.4557,166.883,120.5255,122.3937,155.2239,152.38,137.4566,111.2701,123.005,121.2014,146.5885,116.0861,156.9294,143.7078,113.7747,112.2074
2012-09-17,107.5123,165.008,120.4033,122.4088,155.3666,153.12,138.1657,111.4516,122.4615,121.4958,147.6583,116.6476,155.6806,142.6649,113.4277,112.3111
2012-09-18,110.1848,168.5403,120.3484,122.3044,155.2888,154.3923,139.4549,111.9076,122.933,121.0376,147.4819,117.2468,158.4031,144.5187,114.2005,112.3365
2012-09-19,111.982,170.9598,120.3665,122.9156,156.5206,155.6267,140.0663,111.9672,124.2256,121.251,148.2783,116.6536,160.5226,147.2238,114.4182,112.3526
2012-09-20,110.422,169.6654,120.3445,123.1873,156.4071,155.7574,140.0083,111.8409,123.5378,121.2254,147.2738,116.7786,161.1962,145.8483,114.1592,112.407
2012-09-21,111.1749,172.0017,120.7198,124.121,158.761,158.8003,142.0033,112.6366,125.4415,122.3172,149.2736,116.9206,160.3521,146.194,114.7008,112.4883
2012-09-24,110.8676,169.4479,120.7454,124.1428,159.1259,158.0456,141.0404,112.2947,125.1544,122.2023,148.4628,115.4813,160.9585,143.7718,114.3993,112.4569
2012-09-25,109.5875,169.3363,121.4849,125.3069,160.0912,158.379,141.7548,112.2216,126.1831,123.1351,149.0057,114.803,160.8025,143.8264,114.4806,112.4607
2012-09-26,108.7037,169.063,121.4213,125.1588,159.9233,158.0602,141.0644,111.946,125.1667,122.6087,148.8792,114.0034,159.9015,145.7619,114.1685,112.4339
2012-09-27,109.9605,170.1937,120.6978,124.1532,159.9731,157.9503,140.399,111.6959,125.3107,121.9863,149.0724,113.3127,158.8963,144.4899,114.1215,112.4547
2012-09-28,107.245,166.5528,120.2673,123.7658,159.7208,156.3804,139.9348,111.5984,124.3136,121.8366,147.6759,111.1618,156.8284,139.9625,113.4611,112.5044
2012-10-01,108.8438,169.3847,119.6912,123.404,161.3975,156.7953,140.2172,110.8503,124.794,122.1198,148.6007,111.8497,155.551,140.7994,113.8912,112.4107
2012-10-02,110.1689,171.4428,120.0413,123.5018,161.2391,156.9599,140.4817,111.2871,125.3139,122.2957,148.1383,111.4492,157.9291,142.5932,114.4836,112.4302
2012-10-03,110.9633,172.7493,120.3577,123.6253,161.0122,157.0829,140.0105,110.7747,125.58,122.725,149.6086,111.6315,160.5349,146.2778,114.0121,112.4604
2012-10-04,114.2302,178.1534,120.5822,123.9132,164.2157,158.128,141.0751,111.4704,127.4819,123.6189,151.9973,113.9995,162.243,149.1416,114.9442,112.3948
2012-10-05,117.0821,180.7543,120.6109,124.111,166.2974,158.2596,141.4013,111.8787,128.5681,123.7324,152.366,114.91,163.4405,152.1625,114.8785,112.3697
2012-10-08,117.5565,181.6442,120.7856,123.8872,167.0771,157.8438,140.7076,112.0198,128.1428,123.8757,152.9037,114.1817,162.3854,155.7728,115.1375,112.3947
2012-10-09,119.8145,184.9201,121.0293,124.0921,167.6004,159.164,141.9475,112.5668,129.3496,124.3748,153.8506,115.7373,162.1013,158.8509,115.84,112.4124
2012-10-10,119.7135,184.0601,121.0452,124.049,167.996,158.3835,141.4329,112.5563,129.3181,124.0725,153.9254,117.0465,162.0682,156.7476,115.7144,112.3541
2012-10-11,120.1022,184.7016,120.718,123.4677,165.9974,158.1161,140.9932,112.2228,128.7269,123.8251,153.5172,118.1072,161.828,157.9068,116.1635,112.3565
2012-10-12,118.8708,184.054,121.0917,124.0139,164.8626,158.4702,141.694,112.0358,129.2802,123.4242,153.5171,119.0546,159.7729,155.8989,116.0398,112.3613
2012-10-15,118.013,183.125,121.1032,123.6832,162.8381,157.2295,140.302,111.4792,128.4242,122.7799,153.6551,120.3225,159.4372,158.4428,115.1304,112.3234
2012-10-16,117.3125,183.6813,120.8502,123.2962,160.7244,157.2375,140.3722,111.0032,127.4233,122.3847,154.2301,119.2912,159.1772,162.5335,114.7815,112.3674
2012-10-17,117.6413,186.216,121.0196,124.019,161.8676,158.6908,141.833,111.32,127.9817,123.1775,153.7448,119.4188,159.8837,166.0957,114.9906,112.3981
2012-10-18,118.1851,184.387,121.3636,124.4246,162.0893,158.5634,141.7497,111.6431,128.0554,123.2839,152.8974,120.7157,159.2941,167.5136,114.4515,112.4899
2012-10-19,118.4404,185.0072,121.1473,123.8577,161.5262,157.2997,140.6497,111.3577,128.0554,122.6499,154.5241,119.8756,159.731,166.7689,114.8382,112.5498
2012-10-22,118.6447,185.5395,121.2016,123.4976,162.1823,156.4619,140.3443,111.2713,127.5834,123.0354,155.2916,119.9118,161.222,167.4513,114.7693,112.5474
2012-10-23,120.584,186.4813,121.2839,123.8243,163.7161,156.6068,141.0991,111.6611,128.0398,122.9633,156.9116,121.0006,161.3413,171.0641,114.6374,112.5003
2012-10-24,120.6126,187.2266,120.5837,123.212,162.7019,155.4441,140.5398,111.3434,127.3481,121.7329,155.5526,121.0357,159.9833,171.6726,114.4149,112.4565
2012-10-25,121.1305,188.9931,120.7183,123.0559,163.5434,155.6148,140.6494,111.3713,126.884,121.7132,156.0404,122.0016,159.1155,172.2471,115.5083,112.4919
2012-10-26,121.3701,188.2229,120.5976,123.3725,164.9869,156.4246,141.7867,111.9147,127.9317,122.5273,155.5047,120.4765,159.0706,169.283,115.5111,112.4506
2012-10-29,120.0869,188.5656,121.0414,124.0746,165.4308,156.5929,142.0432,111.9714,127.9525,122.7746,156.0721,123.4738,160.0759,169.1965,115.4458,112.4697
2012-10-30,121.9265,190.1309,121.0534,124.2051,165.8081,157.0033,141.5521,111.4768,128.2809,122.9798,156.6401,122.3804,160.5286,173.2963,116.2331,112.4909
2012-10-31,121.0318,186.9972,121.2527,124.5207,165.0603,156.8366,141.3877,112.0822,127.695,122.6708,155.4639,122.0684,162.4429,169.7587,116.7365,112.507
2012-11-01,117.6024,184.5535,121.2035,124.6744,163.5788,156.6883,141.0172,111.4388,127.4302,122.8127,154.7342,123.3278,159.4688,166.9216,115.5932,112.5555
2012-11-02,119.4859,185.7586,121.1232,124.6104,164.7455,156.8189,141.4957,111.6601,127.7795,122.7602,154.6749,125.4784,161.2712,166.4901,115.3813,112.5066
2012-11-05,121.0074,188.3375,120.9794,124.9896,165.741,156.8548,141.9502,111.2803,128.2072,122.5466,157.5262,127.7417,164.3374,169.4978,115.4293,112.5517
2012-11-06,120.5416,187.5689,121.1382,124.8933,165.1686,157.0926,141.2619,111.3299,128.0496,122.3536,157.501,128.3056,162.9621,169.2949,115.4167,112.5424
2012-11-07,121.7888,188.7396,121.1644,124.2593,165.4222,155.8752,140.3988,111.8141,128.3331,122.528,157.8278,130.5291,163.3579,169.1829,115.644,112.493
2012-11-08,121.8114,188.5745,121.2697,124.5602,166.4359,155.8742,139.9319,111.6366,128.8044,122.7704,157.6344,130.6368,162.8591,169.5465,115.2531,112.4842
2012-11-09,122.7077,190.3083,121.2281,124.1846,164.9778,156.3764,140.9435,111.7836,129.5079,122.7839,158.6232,128.4354,162.1263,171.7475,115.2678,112.5105
2012-11-12,124.8183,191.5056,122.5745,125.8834,166.9963,159.106,142.487,113.1341,131.3949,124.3838,158.8321,129.7142,164.3205,176.8141,115.858,112.5014
2012-11-13,125.6597,191.4928,122.6959,126.0881,168.2213,159.9829,142.8309,113.6353,131.7052,125.0275,159.5033,128.9872,164.9979,178.671,115.9532,112.4712
2012-11-14,124.7149,189.6871,122.6561,126.3422,166.5434,159.0187,142.7461,113.2941,132.2089,125.7228,159.2296,128.1208,164.3771,179.6064,115.7654,112.4252
2012-11-15,124.4996,189.6176,122.6846,125.938,165.0626,158.4772,141.7988,112.6267,131.2754,125.484,157.5811,127.4443,164.4162,182.311,115.3033,112.4283
2012-11-16,124.296,191.0009,121.7457,124.598,162.2587,157.2929,140.1748,111.3391,130.4192,124.1746,156.5765,128.7266,163.801,180.3641,115.0987,112.4666
2012-11-19,123.2009,192.6636,121.112,123.2254,159.4421,155.0553,139.298,110.5147,129.2233,123.6163,157.094,127.5216,164.241,180.8859,115.3313,112.4279
2012-11-20,124.254,196.0355,121.6304,123.9399,160.7638,157.036,141.1394,111.2108,130.3931,123.8914,157.3137,128.5229,165.7281,181.0683,115.9148,112.358
2012-11-21,124.7024,196.0822,122.1308,124.71,160.4296,158.0303,142.1968,111.6742,130.4897,123.6703,157.0224,129.3225,167.3948,183.285,116.0201,112.2631
2012-11-22,124.7786,196.5193,122.4278,124.7093,159.2177,158.17,143.2064,111.978,130.2489,123.6344,158.4752,129.0788,168.1448,185.739,116.167,112.3836
2012-11-23,122.6738,193.8379,122.485,124.2791,156.9239,155.9804,141.3966,111.399,129.4581,122.9983,158.5581,128.2544,167.3152,184.8419,115.5523,112.4275
2012-11-26,122.3042,192.8189,122.4834,124.0049,155.8625,154.5128,140.9097,111.1632,129.3318,122.7715,158.0875,126.8551,167.8928,182.6203,115.8162,112.4402
2012-11-27,121.1826,191.7488,122.9386,124.5304,156.5049,154.4761,140.7554,111.7209,130.0364,122.8978,158.679,126.6584,166.776,182.0578,115.2922,112.4813
2012-11-28,120.1359,190.6652,123.1479,124.7671,155.7681,154.8795,141.6966,112.2003,130.2797,122.864,158.6821,127.6991,165.6457,180.415,114.8459,112.4777
2012-11-29,118.3665,187.5849,122.7342,124.3512,155.4362,154.0488,141.0198,111.8427,128.9504,122.5028,155.6618,127.2337,164.1704,177.2785,113.7012,112.4004
2012-11-30,115.478,184.8034,122.9671,124.3897,154.2791,152.7238,140.5174,111.4885,127.8473,122.0584,154.2661,126.2363,162.3568,174.3198,113.3486,112.4759
2012-12-03,116.7838,186.5152,122.7542,124.3648,154.8118,153.3569,141.1048,111.2429,128.2674,121.9959,153.6711,124.6409,163.5294,175.7955,113.0198,112.4447
2012-12-04,116.7933,186.4756,122.4465,124.084,154.8743,152.7598,140.165,111.1544,128.3479,122.1045,154.3418,123.8442,163.2986,175.2656,113.7441,112.4011
2012-12-05,117.2275,185.1431,122.488,124.636,157.1907,154.5655,140.9694,111.3557,127.924,122.3897,151.6731,124.1824,161.1879,173.2943,114.0776,112.4586
2012-12-06,116.19,184.0085,122.4548,123.9128,156.0294,153.4436,140.481,111.329,127.5992,122.0293,151.8314,122.9202,162.1465,169.815,113.3202,112.4525
2012-12-07,116.0474,183.0805,123.0216,123.825,154.2655,152.5588,140.2426,111.69,128.1838,122.0633,152.2913,123.1322,161.648,169.3193,113.3022,112.388
2012-12-10,120.4914,186.9309,122.4496,123.4522,155.1263,154.5035,141.7825,111.9637,128.6785,122.3591,151.9295,124.2064,162.3845,173.6787,114.2416,112.381
2012-12-11,118.9278,184.7547,122.5674,124.0644,156.0061,154.9732,142.4886,112.2907,129.0184,122.5289,151.5331,124.5637,160.6487,169.0792,114.3076,112.367
2012-12-12,117.8981,183.0241,122.4753,124.0133,156.2169,154.0813,141.7904,112.3553,128.4166,122.2857,151.272,122.9985,159.7814,167.3266,114.7851,112.3982
2012-12-13,116.3607,181.2696,122.5714,123.798,154.9739,154.2513,141.5608,112.1251,127.1335,122.0777,149.494,122.24,159.7412,166.1372,114.4557,112.424
2012-12-14,116.7276,181.9051,123.1131,123.9371,155.6692,153.808,141.7334,112.6791,127.837,122.6912,150.1583,122.4202,159.412,166.2518,114.9401,112.3646
2012-12-17,115.6227,180.2469,122.4719,123.4652,154.7209,152.908,140.758,111.9428,127.0845,122.4474,148.8273,120.7028,160.0882,164.4819,114.2762,112.4314
2012-12-18,117.3331,181.6265,122.6733,123.8741,155.0273,153.6548,141.0316,112.3547,128.1263,122.5278,150.0415,121.888,161.7262,165.5032,115.0982,112.4348
2012-12-19,118.9993,184.2887,122.7087,124.5976,156.2374,155.1352,142.8342,112.6875,129.2962,122.7397,150.5896,123.8378,163.9802,167.0931,114.9935,112.4588
2012-12-20,119.6452,183.4979,122.478,124.7028,156.0496,155.796,143.8103,112.1396,129.2198,122.7247,150.9927,125.2169,163.9641,166.4473,114.6066,112.4649
2012-12-21,118.8551,183.7718,123.1619,125.6819,158.0865,156.03,144.5031,112.7831,129.5492,123.5177,152.2546,125.933,164.9412,166.308,115.6112,112.4664
2012-12-24,120.6802,185.6079,123.6364,126.3374,159.091,154.9858,144.6354,112.9711,130.6609,123.4478,154.4919,127.2608,167.2289,169.3362,116.1451,112.4017
2012-12-25,120.1127,183.8955,123.2752,125.8427,157.5739,154.0502,143.7842,112.6116,129.6588,122.9302,154.1905,127.508,165.9672,168.3294,116.635,112.4145
2012-12-26,121.3774,183.9327,123.4895,125.645,157.4783,153.9908,143.2779,112.9058,129.98,122.8859,155.5245,128.3777,166.1032,171.9714,115.667,112.4287
2012-12-27,120.8324,185.8795,123.6995,125.4146,157.8498,153.0507,143.3808,113.1219,129.6669,123.301,156.0672,130.1145,165.3244,173.0987,116.2184,112.4243
2012-12-28,119.8114,184.2303,124.3072,125.9798,158.0409,153.4156,143.7487,113.2061,129.6711,123.6418,156.6605,129.8837,164.7726,173.9348,115.5266,112.4585
2012-12-31,120.5328,185.1013,124.3405,126.3494,158.6701,154.116,145.0498,113.4321,131.2889,124.505,156.9544,131.6374,163.635,172.4098,115.4633,112.4535
2013-01-01,120.6151,186.1526,123.8607,125.7533,159.0999,154.297,145.3427,113.3833,131.6041,124.771,156.6651,130.6024,163.7565,170.3053,114.945,112.461
2013-01-02,120.917,185.7176,123.9507,125.9121,159.6945,154.2587,145.4091,113.3152,131.1745,124.6687,155.9658,131.0319,164.2071,170.1778,115.0245,112.4602
2013-01-03,122.1699,185.4512,124.123,126.7743,160.424,154.8064,146.4399,113.1388,131.5547,124.621,157.101,132.1253,164.9998,173.1655,114.7889,112.5208
2013-01-04,124.2456,187.4618,123.7362,127.2541,162.5811,157.1864,148.551,113.6394,132.7781,125.4961,156.7305,133.5598,165.4018,173.1815,115.1127,112.5347
2013-01-07,123.5869,186.5975,123.4877,126.3732,161.3476,155.7425,147.3622,113.4511,131.5783,125.3315,155.6762,134.0427,164.5352,171.7893,115.4954,112.5905
2013-01-08,120.4424,182.1816,123.5027,126.105,160.3537,154.7511,146.4659,113.2469,130.3471,125.418,153.5795,133.4558,163.2688,166.1867,114.8011,112.6104
2013-01-09,120.4122,180.1301,123.9289,126.5245,160.6419,154.1533,145.6546,113.4041,130.0877,125.9255,153.1424,130.9785,164.5264,168.3943,115.0155,112.6432
2013-01-10,118.6927,181.5509,124.5142,126.7636,160.961,152.8424,145.5588,113.458,131.1239,126.9005,153.5912,130.0251,164.9732,166.3728,115.4302,112.5804
2013-01-11,118.4,179.8871,124.3426,126.9033,160.2767,153.318,146.1917,113.2402,130.6647,126.3554,153.7719,130.1948,164.385,165.4322,115.1955,112.5419
2013-01-14,115.417,176.6917,124.5883,127.1649,159.3451,153.5515,146.8317,113.651,130.0476,126.3688,151.9375,130.1405,163.1795,160.594,114.6179,112.4393
2013-01-15,117.3959,177.3715,123.9157,127.1794,159.9607,153.8002,147.2976,113.3403,130.6584,126.2288,151.8487,131.9624,163.6273,161.2717,114.2897,112.4421
2013-01-16,116.0852,179.049,124.2205,127.5716,161.6445,153.1087,146.7968,113.4657,131.4657,126.6948,152.0257,132.0928,162.4938,161.344,114.25,112.4685
2013-01-17,115.9064,179.2921,124.5895,127.9471,162.3882,153.7463,146.451,113.8707,131.229,127.2191,152.6142,133.8532,164.6814,162.2592,114.7245,112.5064
2013-01-18,116.4606,178.4089,124.9001,127.8104,160.8207,153.1822,146.4317,114.0897,131.3091,127.5548,152.824,133.0025,164.7417,163.7695,115.15,112.5981
2013-01-21,115.0175,176.0863,124.632,127.5042,159.1242,152.8622,146.0868,114.2468,131.0835,127.4352,152.4635,132.5021,164.0581,160.4869,115.0418,112.656
2013-01-22,112.1113,173.2093,124.5956,127.2547,158.7652,151.8543,145.463,114.0419,129.8489,127.4799,150.1011,131.9729,161.1946,156.1949,114.7343,112.6779
2013-01-23,115.3501,176.1054,124.9348,127.6628,159.2842,153.1338,146.3325,115.1055,131.7,127.4299,151.5121,135.2185,165.4286,157.3478,115.1586,112.6725
2013-01-24,115.6579,176.2903,125.0568,127.9457,159.0082,153.4567,147.5122,115.4017,132.6862,127.5542,151.4332,134.8202,165.1015,156.3583,115.0589,112.6498
2013-01-25,116.8777,178.3334,124.7061,127.0978,158.5279,152.6454,147.4902,115.2688,133.5141,127.8844,151.4503,134.2413,165.5177,154.8657,115.3464,112.6111
2013-01-28,117.0073,177.8833,124.4581,126.5867,156.5988,151.6192,146.1772,114.7281,132.584,127.5205,150.8755,134.2163,166.2807,156.4953,115.6668,112.6891
2013-01-29,114.0297,173.9376,124.2327,126.2055,153.6533,149.245,144.6102,113.57,131.2576,126.3968,149.6956,133.9195,164.6418,152.6436,114.8565,112.7367
2013-01-30,113.3394,173.3997,123.9878,125.7958,153.7215,148.9679,144.826,113.4698,129.9099,126.5774,149.2973,132.2434,163.4265,154.8894,114.5542,112.7505
2013-01-31,112.8595,171.6885,124.0371,126.1078,153.015,148.3809,144.7746,113.4207,130.4099,126.5059,149.2691,134.2092,162.9912,152.9164,114.1559,112.7839
2013-02-01,115.7261,174.2799,124.0749,126.3415,153.8868,149.2696,146.3553,113.877,131.5694,126.7611,149.9432,134.9665,164.6584,156.9411,113.8124,112.8296
2013-02-04,115.0673,175.1036,124.0074,126.2155,154.1715,148.9901,146.461,114.0599,132.0577,127.189,150.9846,133.9659,165.1321,157.7871,113.0741,112.8361
2013-02-05,116.1971,176.9625,123.9293,126.7888,157.0797,149.9675,147.641,114.5557,132.657,127.2199,150.4485,133.2562,165.3612,157.4327,113.6674,112.9093
2013-02-06,114.3166,176.9885,124.0571,126.6248,156.4735,149.1562,146.5988,113.9162,132.0585,126.9928,149.169,132.1391,163.6672,156.0051,113.9951,112.8916
2013-02-07,112.9209,174.8238,123.7817,125.8713,155.1349,147.0269,144.8143,113.605,130.6792,126.4259,147.6541,132.7614,164.0538,153.2606,113.6855,112.9534
2013-02-08,115.0982,180.0398,123.6358,126.0441,156.2037,147.3536,146.2124,113.8207,132.009,126.463,148.0889,134.7473,165.365,157.0092,113.6423,113.0566
2013-02-11,116.7403,179.7593,123.5904,125.5625,156.1184,147.7089,146.636,113.9487,131.3199,126.2658,147.3994,133.0652,165.1899,159.7889,113.1821,113.0596
2013-02-12,117.8659,179.8685,123.2933,125.4303,154.8429,147.5222,146.6125,113.5841,131.9396,126.2646,148.4835,133.6326,165.8492,160.2694,113.4833,113.0026
2013-02-13,119.6001,180.6302,122.8329,125.4345,154.5844,147.9684,146.7777,113.3529,132.0019,125.6872,148.9289,136.5175,168.2488,160.2463,113.7165,113.0411
2013-02-14,119.6291,180.1842,122.1829,125.6017,155.1025,148.0559,147.3235,112.6928,132.398,125.6502,147.4317,136.9225,164.9939,158.1278,113.7709,113.0025
2013-02-15,119.3199,178.8564,122.1792,126.3363,157.0378,148.8906,147.8948,112.6675,133.77,125.9388,146.9454,134.9764,162.4867,153.7566,114.0167,113.0081
2013-02-18,118.9592,181.6462,122.3683,125.9213,155.2288,147.7108,147.2739,112.5623,133.8391,125.9403,147.8979,134.8495,166.0419,155.7056,114.2815,113.0404
2013-02-19,116.844,181.17,123.0243,126.677,154.4236,147.7734,147.2068,112.8339,133.9632,126.3382,147.646,137.4478,166.4378,154.7964,114.6175,113.1137
2013-02-20,118.1734,182.7009,122.5283,126.0806,154.383,147.5756,146.9479,112.4911,134.496,126.1594,149.84,137.3619,165.7247,156.286,114.4962,113.1626
2013-02-21,116.7138,181.1137,123.0051,126.7773,154.3238,148.4691,148.6617,112.9961,134.7587,126.2163,150.8936,137.4206,164.9089,155.4081,113.6674,113.2266
2013-02-22,117.0391,181.7345,122.8962,126.5125,154.1513,149.3976,148.4301,112.5863,133.8404,126.7729,150.8119,139.4218,165.0387,157.8303,113.901,113.256
2013-02-25,117.7875,182.9856,122.5319,126.1725,155.1825,150.2228,148.4308,112.8722,134.136,126.5569,150.4879,139.1835,166.2035,154.5778,114.4399,113.1661
2013-02-26,117.8205,182.4417,121.9761,125.7363,155.194,149.2462,147.9404,112.4225,133.8517,126.399,148.9163,138.9057,167.7486,152.1091,113.8872,113.147
2013-02-27,118.7142,183.1887,121.5108,125.4666,155.8154,149.0575,147.4448,111.7918,134.0102,126.5532,148.3734,138.7774,168.7441,152.1701,113.5025,113.1321
2013-02-28,118.6393,182.5869,121.4683,125.3178,156.2859,148.9589,146.326,111.7333,134.14,126.7009,148.8934,138.839,169.7444,151.0702,113.3947,113.0954
2013-03-01,119.6516,183.5524,121.8029,125.235,156.7527,149.9104,147.1084,112.3304,134.3936,127.2326,148.4667,137.6388,167.3968,153.569,113.6938,113.1518
2013-03-04,118.7831,182.3872,121.7031,125.3647,155.3795,149.5642,146.7263,112.374,133.9124,126.7051,149.0724,136.7306,168.4965,152.8732,114.6163,113.1923
2013-03-05,118.1098,179.399,121.5377,125.2786,154.5821,148.6226,146.1009,112.3043,133.0285,126.2419,148.2557,136.5544,169.4179,151.6766,114.0389,113.1955
2013-03-06,119.4132,179.6146,121.2206,124.8674,154.0645,148.5641,145.9055,111.9576,132.8916,126.4494,148.4515,137.1058,170.246,152.4097,114.3125,113.191
2013-03-07,119.0101,180.9891,121.8371,125.2534,155.2017,149.2938,146.1638,112.6328,132.6839,126.5043,149.6371,137.9555,171.4834,154.3795,114.3699,113.2353
2013-03-08,121.4871,184.1839,121.5506,125.267,157.4527,149.6096,147.4021,113.1463,134.0564,127.1926,150.9663,139.4133,172.9769,157.2633,113.677,113.2879
2013-03-11,120.6644,183.6612,121.4649,125.1233,156.5396,148.9018,147.1656,112.8843,134.3179,127.4803,150.7741,137.1674,172.0065,157.2865,113.5361,113.2512
2013-03-12,120.6709,184.4926,120.9255,125.2236,156.1836,148.9546,147.5084,112.5986,134.9059,127.3048,151.2356,136.7244,173.0394,156.3238,113.8288,113.2937
2013-03-13,120.4651,184.3044,120.8884,124.5271,155.0536,147.4965,145.8992,111.9589,132.732,126.9383,149.8426,138.1471,171.9386,160.8828,113.7094,113.2735
2013-03-14,119.9123,183.9449,120.4441,124.1386,153.7932,147.0922,146.296,111.211,131.542,126.8416,150.0448,137.7591,171.1056,162.2988,113.8084,113.351
2013-03-15,120.0998,183.9125,120.6177,124.1268,154.5142,147.44,146.7722,111.5037,131.0266,127.4826,149.3329,137.0702,171.1766,163.0896,114.2269,113.3496
2013-03-18,119.4244,182.1142,120.6374,124.1786,154.9595,147.7192,146.3465,111.8288,130.637,127.0921,147.5246,137.2763,169.2558,160.3904,114.1257,113.4219
2013-03-19,117.3538,180.5917,120.6083,123.9143,152.9628,146.4255,146.5579,111.5486,129.1821,126.3699,146.8833,136.2022,169.5232,160.6217,113.3642,113.4582
2013-03-20,117.0937,178.3535,120.8158,123.6333,150.6645,145.4567,145.7596,110.8676,127.9962,126.0362,146.6015,134.9224,170.1241,162.1571,113.4348,113.4977
2013-03-21,115.5488,176.5772,121.3769,124.3988,151.5663,146.4263,147.1183,111.4753,128.11,126.7211,146.6972,135.5127,168.2662,160.0282,113.5168,113.5621
2013-03-22,115.013,176.4513,121.4802,124.5044,152.6786,146.4876,146.7731,111.0199,127.3538,126.8981,146.9312,135.5199,168.6708,159.9818,113.661,113.5899
2013-03-25,115.1005,178.0604,121.8093,124.7223,153.1611,147.3755,147.1859,111.24,128.2765,127.4241,147.6369,134.6383,168.6901,161.334,113.5015,113.5747
2013-03-26,114.6338,178.6818,122.0216,124.4409,152.6916,147.4254,146.4114,111.0068,127.568,127.5876,149.0561,135.1963,169.04,164.4694,113.2927,113.629
2013-03-27,113.0817,177.2351,121.5673,123.485,150.9134,145.5139,145.3157,110.2937,126.6279,127.0527,147.6385,134.237,168.3708,160.3268,112.896,113.7051
2013-03-28,114.1276,176.9342,122.118,124.2825,151.8783,146.5853,147.0845,111.3103,127.6531,128.0676,148.4447,132.2914,172.0752,161.7856,112.7273,113.7602
2013-03-29,111.4672,174.8478,122.6108,124.5238,150.9681,145.078,146.3357,111.0283,127.3173,128.1237,147.4889,130.0238,170.9145,160.4667,112.2839,113.6826
2013-04-01,112.3831,175.4193,123.0168,124.8671,150.8801,144.2457,146.611,111.0409,126.9375,128.1932,148.7158,131.1901,173.0215,164.3327,112.919,113.6895
2013-04-02,110.9368,174.823,123.0955,125.1471,149.4213,143.933,146.0546,110.5544,126.1103,127.3937,149.349,134.4062,173.252,164.0719,113.1039,113.734
2013-04-03,109.4685,174.1609,123.0676,124.8628,148.0789,143.5232,146.0233,110.4414,125.0342,126.8553,149.079,132.1984,173.4663,163.1274,113.4557,113.7698
2013-04-04,107.7568,172.795,123.2068,124.5564,146.0297,142.1845,145.8506,110.3228,124.0739,126.1114,149.165,129.9587,173.3758,162.9458,113.2249,113.7516
2013-04-05,109.129,173.2967,123.2428,124.2118,145.0197,140.9461,145.33,110.2681,124.3027,125.6502,150.9791,132.8212,175.0257,164.9632,112.814,113.7427
2013-04-08,108.3716,172.5358,123.7178,124.7866,145.0061,141.4564,144.8865,110.2916,123.9078,126.1412,150.4753,135.1803,176.3516,166.7183,112.5953,113.7529
2013-04-09,107.8204,170.3889,124.1712,125.0121,145.3013,142.5103,144.4741,111.0162,124.4169,126.898,149.9832,132.1065,174.5772,165.2343,112.9979,113.7849
2013-04-10,106.4925,171.362,124.0144,125.0467,144.7743,142.8612,144.915,110.4223,124.1922,126.4954,149.6948,131.6416,173.751,163.2069,113.2524,113.8284
2013-04-11,105.9607,171.8452,124.3374,125.4889,143.8887,142.6305,145.3163,110.6008,123.8583,126.3617,148.9452,130.8672,175.1621,165.7144,113.6682,113.9136
2013-04-12,106.0719,172.1369,125.385,126.5519,143.6103,142.755,145.6747,110.6574,124.3048,126.7694,151.0745,131.0683,175.7892,171.064,114.2047,113.9535
2013-04-15,106.8196,173.399,125.2336,126.5792,144.4476,142.3127,146.041,110.541,125.4624,126.8476,153.0103,131.2042,175.1145,170.4128,114.2398,113.9434
2013-04-16,108.8288,175.6502,125.2718,127.0875,146.4682,143.5782,146.9756,110.9492,126.6161,126.7015,152.0721,131.2688,175.6831,171.4031,114.1731,113.9586
2013-04-17,109.7483,176.9276,125.3719,127.3218,146.8158,144.1145,146.2801,110.7159,126.6905,126.3845,152.9566,132.3598,177.8288,174.0947,114.2368,114.0002
2013-04-18,110.7889,176.4099,125.568,127.4962,146.7355,144.582,146.9272,110.9259,126.7158,127.021,153.3823,134.3596,178.7411,175.729,114.3417,114.0321
2013-04-19,111.7113,176.501,125.4927,127.9156,148.3527,145.208,148.0931,111.1905,127.3443,127.3904,152.7324,134.8614,176.521,176.644,113.9691,113.9864
2013-04-22,111.217,177.8493,125.7705,127.9545,147.5484,145.0054,148.4483,111.2996,128.0749,126.869,154.6118,134.6212,176.4306,176.406,113.8207,114.0568
2013-04-23,111.7816,176.8395,126.1095,128.0626,147.2748,144.36,148.4886,111.3506,126.446,127.2216,151.5893,134.9949,177.7228,179.677,114.5993,114.0218
2013-04-24,113.2624,180.58,126.4133,128.1542,147.5429,144.2106,148.437,111.3859,126.4331,127.4604,151.1574,135.9612,180.8692,183.9415,115.8669,114.0444
2013-04-25,111.6326,179.032,126.0881,128.8157,149.1745,145.1391,148.9171,111.0435,126.6222,127.1555,150.5185,136.3864,179.1366,179.5239,114.7275,114.122
2013-04-26,110.0851,178.024,126.3273,128.898,147.5272,144.1275,148.7942,110.7422,125.954,126.9958,150.7443,134.831,180.7688,180.0056,114.7224,114.0788
2013-04-29,111.0314,178.7374,127.287,129.3713,148.3626,145.0319,148.8275,111.3779,125.8154,127.4196,152.739,135.7259,182.3319,184.2312,115.5096,114.1214
2013-04-30,112.9409,183.0231,127.3786,129.5214,149.3987,146.8433,150.109,111.8087,126.5076,127.4868,153.5129,136.8306,184.4248,188.0504,115.7666,114.1664
2013-05-01,111.6453,182.5145,127.5525,129.8428,148.6217,147.2013,150.4583,111.8001,126.383,126.9515,153.7236,138.3403,182.7976,188.6879,114.9391,114.1493
2013-05-02,111.3009,182.0658,127.8922,129.8684,147.6625,146.6143,149.4931,111.7466,125.9295,126.5743,154.6285,138.056,182.8119,189.257,116.1073,114.1416
2013-05-03,110.0521,182.2801,127.8586,129.9759,148.0113,146.6523,149.3707,111.5136,125.6447,126.6801,152.7893,139.8669,182.0396,186.8984,115.8858,114.1
2013-05-06,107.6243,178.8267,128.598,130.328,147.0146,145.9873,149.8068,112.2187,125.1454,127.1208,153.266,142.9336,180.1512,184.6782,115.2038,114.0672
2013-05-07,106.649,177.8404,128.3143,130.3108,146.6959,144.619,149.2063,111.9319,125.6671,127.2841,153.6901,143.3755,178.1921,182.2247,115.254,114.0665
2013-05-08,104.8752,176.2399,128.6249,130.5927,145.2571,144.5725,149.472,112.3033,125.7859,127.0837,153.7415,141.1989,175.0562,182.2725,115.2878,114.0364
2013-05-09,103.1852,175.1202,128.6195,130.507,144.9571,144.8373,149.2811,112.7079,125.4821,127.0749,152.5352,139.5972,171.6031,181.4408,115.1474,113.9458
2013-05-10,104.5186,175.3736,129.0765,130.7393,144.5146,145.0408,148.655,113.0954,126.1835,127.1436,153.2174,139.8085,173.3385,184.0488,115.5274,113.9933
2013-05-13,105.1603,175.6169,128.9863,130.1864,143.9112,145.3334,148.502,113.1697,125.6251,126.7971,152.6961,138.82,171.5831,186.1187,115.6884,113.9606
2013-05-14,106.0097,176.6068,128.7024,129.874,144.1445,145.4346,149.0453,113.5214,125.9472,126.582,153.0642,138.9446,171.9331,187.2955,114.9933,113.9266
2013-05-15,104.4272,175.6997,128.365,129.1553,142.5823,144.0503,147.3756,112.6605,124.796,126.2645,152.3258,140.3914,171.2364,184.0711,115.3197,113.9904
2013-05-16,106.3325,178.3955,128.5589,128.829,142.753,142.6296,146.7267,112.6349,125.1652,126.5268,152.9725,139.9081,174.037,188.5076,116.0086,114.0147
2013-05-17,104.2945,176.6623,128.7105,129.1151,142.6911,142.1628,146.5018,112.9393,125.5409,127.2561,151.8607,140.2283,173.6809,184.5567,115.4963,113.9685
2013-05-20,104.7024,179.1855,128.736,128.7671,142.4638,142.0135,145.6097,112.7135,125.1483,126.8635,152.3796,140.6637,173.2914,188.0307,116.2051,114.0458
2013-05-21,103.4679,177.1401,129.0846,129.4079,142.7146,143.3733,146.6956,113.0432,124.5767,127.5154,152.3756,140.5177,173.4332,187.3488,116.2704,114.1131
2013-05-22,105.5852,180.0342,128.0124,128.5673,142.98,143.7645,146.9996,112.3783,123.8995,127.1015,152.0422,141.229,175.3276,191.5424,115.8639,114.1747
2013-05-23,107.6948,182.4275,128.3601,128.7937,143.8156,144.6195,148.384,112.6344,123.8585,127.6186,153.4385,140.8009,177.879,198.3085,116.3539,114.2131
2013-05-24,108.9376,183.3165,127.9003,127.989,143.4759,144.7397,148.2138,112.9042,123.6924,127.5916,152.6008,143.5695,178.5295,198.6119,115.8076,114.2377
2013-05-27,108.6634,182.6232,127.1954,127.1446,141.2875,143.2229,146.8644,111.8992,122.4194,126.7846,151.5017,146.354,178.4776,197.4485,116.0199,114.2687
2013-05-28,108.8745,184.0448,127.3675,126.931,140.2597,143.6744,146.8799,111.7895,122.2437,126.2989,151.9299,144.9097,177.9852,200.6954,116.1064,114.389
2013-05-29,110.5975,185.9909,127.6754,127.0631,141.0485,144.2076,146.9435,111.9673,123.6214,126.4077,155.1626,143.958,177.0489,206.0563,115.7863,114.4376
2013-05-30,110.7658,185.5941,127.7764,127.2117,141.2021,143.3851,147.0771,112.2124,124.1276,126.291,156.1659,144.5654,178.9072,206.8353,114.6679,114.3918
2013-05-31,110.0194,184.2369,127.5668,127.2211,140.3414,143.1721,147.3001,112.1699,124.0799,126.1155,155.9592,144.1813,176.3302,204.271,115.3804,114.3873
2013-06-03,109.349,183.1605,127.8726,127.3482,140.1163,142.5457,146.9408,112.5076,124.0993,126.0093,156.2328,140.799,174.3357,205.3597,115.9307,114.3404
2013-06-04,108.8105,182.5083,128.0451,127.7047,140.2175,143.6982,148.1454,113.3382,124.5927,126.2078,155.6918,141.881,173.7264,202.1429,115.7727,114.3108
2013-06-05,106.7363,180.6452,128.3217,127.3304,139.661,142.6626,146.4129,112.9927,123.1323,126.1678,155.8504,141.2454,175.2631,199.9536,115.7499,114.3261
2013-06-06,106.8166,181.3517,128.6971,127.495,139.7438,142.4141,146.5491,112.915,123.4246,125.9538,158.3072,139.9807,174.371,203.4279,115.6184,114.3978
2013-06-07,105.8651,180.9827,128.904,127.2186,138.7021,141.3738,146.1557,112.7455,122.7246,125.9544,159.1225,140.1351,174.355,204.4362,115.6761,114.4479
2013-06-10,105.2343,180.144,128.0914,126.2058,137.8054,140.8216,145.1119,112.03,122.8124,125.8477,157.9854,138.9407,172.0376,199.3282,115.0377,114.5156
2013-06-11,104.405,179.4408,127.659,126.203,138.043,140.5918,145.0912,112.2752,123.8405,125.6169,158.506,140.2053,171.5404,193.1984,114.3604,114.552
2013-06-12,103.9432,178.9787,127.2595,126.2126,137.3061,140.9409,145.0604,112.3141,123.8155,125.0138,159.01,138.5725,172.4109,194.8348,113.5345,114.5606
2013-06-13,104.4572,179.5277,127.6199,126.0899,137.3998,140.7797,144.3522,112.1409,122.7194,125.1117,159.4556,138.7858,171.5693,199.9498,114.5485,114.6108
2013-06-14,103.3998,177.118,127.9314,126.7073,138.059,141.1955,144.1924,112.1487,123.0235,124.9848,160.3185,136.2451,168.4656,198.1973,114.7037,114.5729
2013-06-17,103.2643,175.4741,127.9334,126.1261,137.3851,139.8617,142.0907,112.1051,122.585,123.7546,162.0192,135.7858,168.0637,198.1406,114.0755,114.6516
2013-06-18,101.897,174.9374,128.422,126.1417,137.8899,139.9694,141.1458,112.4967,122.749,124.2859,163.3289,134.8411,168.6694,195.6859,114.1169,114.7442
2013-06-19,101.3202,174.5909,128.6517,126.3961,137.0587,139.6045,141.0068,112.5139,123.4755,124.2054,164.5831,135.7526,168.7837,193.5028,114.3653,114.7515
2013-06-20,100.9682,171.8255,128.6226,126.06,136.2763,139.4291,140.4876,112.9179,123.2408,124.224,162.6497,135.01,166.1422,191.9459,113.8569,114.8399
2013-06-21,101.1284,171.9798,129.2284,125.7892,135.4625,138.6257,139.7342,112.9567,122.5692,124.3841,165.0202,135.327,165.1652,198.7807,114.002,114.8511
2013-06-24,101.2961,171.9974,129.1278,125.6324,134.4459,139.3489,140.2848,112.8047,122.5384,123.9977,165.1276,136.314,163.2466,198.2408,114.1753,114.8736
2013-06-25,102.4306,174.5024,129.2835,125.9897,135.4216,140.5858,140.8569,113.2397,123.5274,123.9972,166.3042,135.6537,164.4109,200.8536,114.4132,114.8305
2013-06-26,102.5172,174.6133,129.6347,126.2023,135.0562,140.7715,141.1963,113.4737,123.5496,124.7646,165.7723,136.5855,163.2685,203.8955,114.9412,114.8499
2013-06-27,103.2064,175.6231,128.5144,125.0327,134.1042,139.0485,140.2549,112.9319,122.7139,123.863,163.7891,138.538,162.9207,206.5366,113.5682,114.8861
2013-06-28,103.3371,175.7233,128.6386,125.422,135.7945,140.1809,141.4168,113.4491,122.8549,124.0035,163.0634,138.777,162.6074,203.5913,113.7199,114.8418
2013-07-01,103.5469,175.5353,128.1743,124.7312,135.0144,140.0982,141.2398,113.4122,122.6937,124.1497,162.4476,139.3028,160.4727,202.4272,114.0033,114.8262
2013-07-02,102.31,173.1972,128.4544,124.1474,133.5231,139.3763,140.1249,113.9424,121.8725,123.9193,162.6947,138.9915,159.0702,201.3988,113.9508,114.7999
2013-07-03,102.9111,174.4508,128.4784,124.6041,134.9464,140.4953,140.9131,114.1399,122.4225,123.9487,161.4531,137.9243,160.1935,200.4399,113.8976,114.8863
2013-07-04,105.139,176.9554,128.9713,124.739,136.585,141.0218,141.2642,114.7776,122.5973,124.4229,162.9119,137.5275,160.2734,208.2766,114.6847,114.8958
2013-07-05,106.3523,178.2251,129.1334,125.0105,137.5482,141.7566,141.9153,114.7932,123.468,125.1561,164.455,137.9927,161.8268,209.4533,114.8192,114.9416
2013-07-08,105.5641,179.2818,129.3196,125.104,138.156,142.1912,141.3277,114.5763,123.8083,125.4173,164.3845,138.0018,160.848,208.0195,115.0627,115.0079
2013-07-09,107.5967,179.9195,129.6138,125.3951,139.5079,141.9907,141.3631,114.8835,123.7442,125.535,165.8133,138.2779,162.2208,211.9711,116.1917,115.019
2013-07-10,107.1889,178.3823,129.762,124.8627,138.3125,141.2056,141.1419,114.8454,122.5351,125.5864,165.8547,138.5557,161.1082,214.1914,116.0313,115.0684
2013-07-11,106.3624,176.5006,129.4743,124.6128,137.8317,140.423,139.816,114.1212,122.4652,125.1106,166.231,138.7726,157.9449,211.8635,115.6938,115.0553
2013-07-12,105.2687,174.8989,129.4547,124.5707,137.4844,140.4618,140.1611,114.23,122.1029,125.4438,165.91,137.9867,158.1,208.5981,115.6494,115.0866
2013-07-15,106.2888,175.9907,130.015,125.1176,138.0245,140.8749,140.1713,114.6128,122.2049,126.2015,166.2317,139.4256,161.0195,215.7608,115.5647,115.0927
2013-07-16,106.0056,176.9332,130.0601,124.9602,137.5038,140.5252,140.6576,114.803,122.7535,126.2186,166.5506,138.4849,162.6363,215.5799,114.5941,115.136
2013-07-17,107.2016,177.546,129.9227,124.7307,138.1339,140.2703,141.1122,114.8202,122.5914,126.0778,167.1583,136.8471,163.4019,216.7412,114.8453,115.0969
2013-07-18,108.0304,178.6201,129.7361,124.9538,140.1939,140.8785,141.2385,114.4395,122.7898,126.3025,166.2186,138.0328,162.1002,217.219,114.6452,115.0733
2013-07-19,107.1123,176.9523,129.8078,125.2099,139.3692,140.0161,141.2111,114.244,122.9619,126.2562,165.8685,139.0379,162.0388,213.5334,114.6188,115.0976
2013-07-22,106.6016,177.1152,129.9068,125.7524,140.2768,140.6482,142.3684,114.7547,123.3413,126.6648,165.5478,140.0473,160.5192,213.4418,114.5654,115.1486
2013-07-23,105.2372,175.3431,129.9658,125.7481,138.8821,139.1737,141.2295,114.2234,122.5947,126.2734,164.3671,139.1296,161.6021,211.7462,114.7166,115.2117
2013-07-24,105.5406,175.4903,130.0714,125.5646,139.0287,138.5014,140.9061,114.2678,122.3233,126.2248,166.4447,141.7235,161.8649,213.1106,114.7235,115.261
2013-07-25,105.8853,176.158,130.2243,125.3684,139.0145,139.4121,140.83,114.3594,122.1264,126.242,166.2008,140.1363,162.5239,216.6908,114.0409,115.2279
2013-07-26,106.0141,176.6974,130.2237,125.0743,138.1446,138.9617,140.5028,114.5512,122.7002,125.7647,167.5284,139.7657,162.2731,216.975,113.679,115.2394
2013-07-29,103.2894,174.1375,129.7051,124.7299,137.0087,138.1722,140.3751,113.7689,121.2477,125.4364,165.7853,138.0325,160.99,211.944,113.2759,115.2014
2013-07-30,102.0164,173.3262,129.9321,124.421,135.1766,137.8069,139.5005,113.5294,121.3463,125.157,166.5673,136.6081,161.4823,209.414,113.0501,115.2084
2013-07-31,102.0299,172.3393,129.2584,123.6625,134.6184,137.9408,139.0013,113.2309,120.2541,124.669,166.0187,137.8439,161.1064,207.7669,112.7256,115.2874
2013-08-01,104.1783,175.2301,128.8859,123.2801,134.2808,138.6385,139.9016,113.4498,121.4782,124.9803,167.1939,138.8344,161.5386,209.4443,113.1946,115.2946
2013-08-02,102.5946,172.1591,128.8262,122.7699,133.2737,137.4192,138.57,112.9435,120.8475,125.0611,165.0444,138.5371,158.8212,203.7504,113.0013,115.3284
2013-08-05,100.0707,168.8571,128.7113,122.0938,132.0733,136.4359,137.4557,112.6053,119.0351,124.5173,164.3173,137.0943,156.4372,202.5393,111.7707,115.3102
2013-08-06,99.3883,168.3344,128.9337,121.7666,132.4188,136.043,135.904,112.3416,117.8269,124.4653,161.7401,138.1148,155.476,203.2786,111.4936,115.2291
2013-08-07,96.5713,166.0789,128.6315,120.9636,131.4473,134.4996,135.1426,111.7221,116.0138,123.9667,160.3864,134.8918,153.0516,198.7266,111.3848,115.1977
2013-08-08,99.0988,167.9464,128.4113,121.4141,133.7936,135.7301,135.6539,111.6355,117.6565,124.0125,161.2087,134.1003,154.4609,198.8419,111.2305,115.1915
2013-08-09,100.3302,168.3253,128.018,121.3962,134.5856,137.0066,136.0637,111.601,117.7462,123.9979,160.0716,134.4566,154.9806,197.7474,111.3619,115.2238
2013-08-12,100.0119,166.8517,128.5649,121.5739,135.0044,136.5902,135.1108,111.93,117.0962,123.6192,159.6269,133.7929,154.2634,200.3702,111.0137,115.1543
2013-08-13,99.9678,163.6332,128.7887,121.8405,133.9948,137.1869,135.8273,112.2244,116.1211,123.5459,157.7713,136.3641,155.6604,198.8418,110.3944,115.1653
2013-08-14,102.6887,165.4694,128.086,121.509,135.2744,137.9212,136.7776,112.2312,117.0296,124.5051,159.2016,135.6585,155.0145,202.3299,110.9812,115.1942
2013-08-15,102.4825,164.481,128.0788,121.2913,134.0144,137.735,136.2271,112.2173,116.8307,124.2068,159.5397,135.1568,156.3918,201.6002,110.9478,115.226
2013-08-16,102.2278,165.6296,127.608,120.8022,133.4556,137.761,135.5787,111.6508,116.0445,124.0499,159.8202,137.2109,155.6725,205.0384,110.7543,115.2495
2013-08-19,104.6581,167.4281,127.2984,120.71,135.0968,138.2657,135.9188,111.9281,117.6125,124.5123,160.2357,138.2637,154.8191,202.7563,111.4897,115.2376
2013-08-20,102.8909,165.2383,126.9967,120.4799,133.5283,137.9301,135.9301,111.3772,116.9326,124.0866,157.9169,136.6119,153.316,199.3623,110.6927,115.246
2013-08-21,102.7662,165.2407,127.7672,120.9592,133.821,138.0233,136.05,112.0671,117.6906,124.3496,159.8952,136.4987,153.6214,199.5391,111.0921,115.323
2013-08-22,104.1113,166.7058,127.5777,121.0359,134.1932,139.1321,137.3942,112.1673,117.6161,124.0642,161.3671,136.2787,154.5795,202.6048,111.3952,115.3187
2013-08-23,105.0518,167.5887,127.8475,121.3672,135.1451,138.8599,136.8196,112.0862,117.3414,123.8627,160.9569,136.1049,155.4596,206.8128,111.9066,115.3838
2013-08-26,105.9873,169.2469,127.3873,121.0497,135.1868,139.0589,137.3637,112.565,118.7492,123.8646,162.5225,132.7907,155.7953,208.7152,111.1789,115.3744
2013-08-27,107.2394,170.1679,128.0318,121.8421,136.3333,139.5453,138.6903,113.4951,120.0809,124.7859,163.2693,132.7741,157.2838,210.445,111.6838,115.3664
2013-08-28,105.9489,168.6136,128.4136,121.799,134.537,139.7786,138.1462,113.2045,119.4834,124.6263,164.0844,134.9282,157.5092,207.2051,112.1553,115.4213
2013-08-29,105.3483,166.7057,128.978,121.8576,133.2589,139.0499,136.8361,113.3189,119.0596,124.4052,163.9506,135.1422,157.9563,205.699,113.0049,115.4416
2013-08-30,106.0275,166.8612,127.8139,120.6073,133.3654,139.056,136.069,112.8936,118.1506,123.7061,162.5099,134.6414,156.0983,202.1105,113.1837,115.4495
2013-09-02,106.8276,167.0492,128.4751,121.9513,136.1498,140.4018,137.2945,113.7083,119.798,124.9105,164.3387,133.8472,156.0908,202.3973,113.9825,115.4853
2013-09-03,108.3189,168.2996,128.761,122.2236,137.4988,141.1923,137.3351,114.7133,120.2675,125.5347,165.8154,133.52,158.4635,206.7127,114.5966,115.5093
2013-09-04,109.145,170.4062,128.6337,121.8515,137.3735,140.9768,136.9994,114.1821,119.9634,124.8708,165.5934,131.7717,159.5893,209.8266,114.4046,115.5364
2013-09-05,108.4045,168.5922,128.1108,121.5101,137.6072,140.9949,136.1207,114.1053,120.2994,124.84,164.3234,131.1214,157.6291,204.0116,113.8628,115.5799
2013-09-06,109.9481,168.1743,127.9563,121.2536,136.8289,141.6578,135.8992,114.4587,120.5345,124.5032,165.1692,132.1374,160.0243,202.9143,114.151,115.5506
2013-09-09,110.0092,169.4021,127.6851,121.2612,138.0343,141.5828,136.5751,114.851,121.2991,125.4241,166.2522,133.2023,159.2597,202.8284,114.2365,115.5508
2013-09-10,112.2892,171.3426,127.5238,120.8256,138.6623,141.6092,136.6953,115.0539,122.2717,125.3919,168.105,132.9488,158.1455,204.26,114.7431,115.5655
2013-09-11,112.0133,172.7344,127.5782,120.8487,139.3327,142.4694,137.589,115.253,121.6475,125.5391,167.8299,134.3938,160.2603,204.7086,114.3738,115.635
2013-09-12,113.7114,174.4643,127.7098,121.0246,141.0352,143.1666,137.4749,115.5115,122.2219,125.9806,169.174,135.5013,159.6359,208.545,114.8918,115.6366
2013-09-13,112.7674,173.2441,128.4345,121.8954,140.1659,143.7559,138.8213,116.1552,122.9924,126.5997,170.4369,135.8513,158.2402,209.375,115.2812,115.6604
2013-09-16,113.2192,174.0675,128.3842,122.5323,140.7545,144.6988,140.1732,116.3716,123.7692,126.5775,172.1839,136.9503,158.8012,210.1843,115.2585,115.6402
2013-09-17,112.3093,173.7898,128.1133,122.4185,140.6889,145.0683,140.8882,116.0038,122.9795,126.4161,171.3296,135.2719,158.5508,208.5129,115.2006,115.6827
2013-09-18,113.4155,174.3387,128.4971,122.6668,141.8748,146.2698,141.2482,116.7447,122.992,126.8288,170.7366,135.3961,159.5184,210.0862,115.6045,115.7646
2013-09-19,114.4535,175.9308,128.227,122.7069,143.4489,147.4699,141.8805,117.4803,123.8016,127.1268,172.1083,135.9715,158.8106,209.5471,116.2903,115.772
2013-09-20,113.8394,174.9257,128.2348,122.8799,143.4181,147.6564,142.0997,117.4788,123.5605,127.1366,172.1459,134.1179,157.136,210.8917,116.3226,115.7513
2013-09-23,111.2029,174.6426,128.4876,123.061,143.7342,148.4698,142.5246,117.4288,123.0991,127.3506,171.2382,135.318,156.4998,205.3344,115.9984,115.797
2013-09-24,110.1945,174.3132,128.0399,122.4349,142.8342,147.7723,141.8418,116.3647,121.8252,126.7504,170.042,134.874,154.6892,206.2277,115.2614,115.8478
2013-09-25,113.9708,178.2641,127.3996,122.2088,144.3569,148.7485,142.8102,116.2521,122.3199,126.7784,170.0107,136.213,158.5286,208.1796,115.9794,115.8876
2013-09-26,115.2561,179.8792,127.749,122.5358,144.0656,149.9079,144.2363,116.5223,122.731,127.4659,173.3586,138.2139,160.0975,212.3159,116.8647,115.9151
2013-09-27,115.0183,180.6131,128.9175,123.4369,144.4129,150.4299,145.1857,117.5215,122.9603,128.6457,173.6674,139.045,162.1171,215.2305,118.0818,115.9847
2013-09-30,116.0181,183.1627,129.3047,123.9006,145.6663,152.0859,146.6844,118.4089,123.8085,128.8015,175.1115,141.1384,162.3617,216.9049,118.2811,115.982
2013-10-01,117.0789,184.5494,128.7584,123.7995,147.0065,152.9242,147.3388,118.4224,124.0307,128.5858,175.1696,139.7584,161.1174,217.6055,118.4663,116.0155
2013-10-02,119.1443,186.1549,128.4384,123.9516,147.0135,153.1117,148.6453,118.6678,124.8186,128.3701,176.8763,142.9256,161.3448,217.6068,119.4837,116.0848
2013-10-03,117.9559,186.3568,128.515,123.9367,147.4694,154.0427,149.4582,119.2634,123.827,128.2551,176.2359,143.3177,161.5717,217.9215,119.1145,116.0965
2013-10-04,119.2704,186.3573,129.1848,125.02,147.8489,155.8537,151.5037,120.0283,124.6292,128.4803,177.8717,142.3164,163.583,221.2444,119.5313,116.0656
2013-10-07,120.5066,186.9693,129.5333,125.9394,148.6314,158.1562,153.0935,120.3929,125.7814,128.9084,178.0849,143.6354,164.1415,221.2001,119.8343,116.1082
2013-10-08,119.9112,184.8562,129.0386,125.4074,147.4601,157.6457,152.6689,120.465,125.465,128.4181,177.094,144.5529,162.8323,216.2304,119.5984,116.1232
2013-10-09,117.8388,180.75,129.4545,124.7192,144.9907,156.0632,151.0227,120.386,123.9429,128.2921,176.3317,144.1406,160.5119,213.9795,119.6689,116.1849
2013-10-10,119.7559,182.1502,128.4853,124.0653,144.706,156.5727,151.8337,120.1242,124.47,128.3053,176.8692,146.0481,160.4877,212.3655,119.7313,116.2108
2013-10-11,119.4952,180.9833,127.5511,123.0718,143.1442,155.1654,150.4558,118.9176,123.7637,127.6394,175.9156,143.5071,161.5941,208.9915,119.2671,116.1839
2013-10-14,115.5697,177.2871,127.8455,123.2768,142.6423,154.6994,149.3066,118.8611,123.302,127.5033,176.4252,141.7708,159.6706,203.5669,118.5787,116.2539
2013-10-15,114.8341,178.3393,128.0776,123.4259,141.592,154.6645,149.4682,118.8304,123.8095,127.2757,176.7374,142.8826,161.3092,200.9799,118.8115,116.2093
2013-10-16,116.3336,179.1809,128.3926,123.9417,142.2679,155.3169,150.4463,119.3255,124.4716,127.2473,177.4878,143.8127,162.4259,202.5591,119.1678,116.1916
2013-10-17,117.5161,179.6608,128.2884,123.748,142.7328,156.5635,151.3519,119.6804,124.1045,127.3924,177.0539,143.8875,161.403,205.4667,119.1275,116.2073
2013-10-18,115.8605,179.3088,128.7019,123.7253,141.9194,156.0572,151.1906,119.3707,123.5636,127.837,176.9777,143.9485,160.2345,204.0053,119.9483,116.1868
2013-10-21,115.748,179.0648,128.6253,123.7323,142.5212,157.4896,152.2731,120.3134,124.005,127.8358,176.9182,141.1185,160.2416,202.7746,119.3756,116.1271
2013-10-22,115.8601,178.8384,129.5057,124.5617,144.4422,157.3831,151.6587,121.1726,125.2718,128.192,178.3248,141.0398,160.6345,202.6739,119.3962,116.1598
2013-10-23,113.4721,175.9741,129.5966,124.0863,143.3992,156.3643,150.7933,121.4921,123.6113,127.8163,175.8635,141.7299,158.4431,200.4454,118.7366,116.2731
2013-10-24,112.2955,172.9005,128.5964,123.1696,141.5191,155.4233,149.6417,120.5791,122.3418,126.968,174.0398,140.2054,157.5573,195.2806,118.3768,116.2692
2013-10-25,111.1708,171.4455,127.869,122.5956,141.5953,154.652,148.8582,119.8769,121.1394,126.2972,173.5355,140.1311,157.3931,191.2062,117.9216,116.3551
2013-10-28,110.1822,170.3701,127.6737,122.9014,141.8837,154.9302,148.6234,118.7636,120.45,126.6758,174.1729,141.6042,156.3573,191.1749,118.1523,116.3569
2013-10-29,110.0133,170.462,127.4449,122.7863,140.3738,155.2828,149.3347,118.4262,120.7722,126.6337,174.4049,140.6853,154.5346,193.0808,117.7094,116.4115
2013-10-30,108.8961,169.5739,127.2252,123.1487,141.4597,156.5997,150.7987,118.8528,120.817,127.1116,173.3491,138.8182,153.4188,191.4907,117.1523,116.3761
2013-10-31,109.2378,169.5219,127.4031,122.8651,139.9178,156.6697,150.953,118.8178,120.028,126.8951,172.0823,138.6436,153.539,193.0099,117.8085,116.3243
2013-11-01,107.0365,166.9589,127.0086,122.8066,138.5613,155.7763,150.7785,118.336,119.755,127.0255,170.9526,136.7605,150.7569,190.0548,117.6763,116.3073
2013-11-04,108.8049,168.3419,126.6414,122.843,139.9618,156.1985,151.8732,118.3594,120.8146,127.8673,170.9902,136.0108,151.555,191.1869,117.3001,116.3138
2013-11-05,108.1112,167.9609,126.7989,123.2014,140.5947,156.271,151.5736,118.0543,120.9528,127.8996,171.1154,136.1303,152.8337,190.1273,116.4985,116.3256
2013-11-06,109.8389,171.5107,126.7284,123.1931,141.5325,156.3587,151.9285,118.0794,121.6456,127.6936,172.8707,136.9702,153.8252,195.2541,116.3719,116.3399
2013-11-07,109.0731,172.4955,127.0756,123.5709,142.0417,156.2276,151.5452,117.7877,121.8135,128.0386,174.1036,135.0152,155.1447,197.3215,116.4753,116.3909
2013-11-08,112.8029,177.3094,127.4926,123.8373,144.3953,158.0452,153.1392,118.5929,123.5085,129.1734,175.9832,134.9162,156.7963,203.1517,117.3531,116.4223
2013-11-11,112.0237,175.7516,126.9888,123.2978,143.3106,157.5213,152.8387,117.8773,122.5311,128.6338,174.6463,135.0406,155.1065,200.8607,116.9684,116.4311
2013-11-12,112.0549,175.2397,127.0605,123.7442,143.6313,158.4362,153.5735,117.9281,123.1401,128.9649,175.2923,136.3139,153.048,200.4554,117.0916,116.4737
2013-11-13,110.6081,175.1506,126.873,124.2977,144.5313,160.1256,154.5275,117.5363,123.4043,128.9006,173.3424,137.144,151.3168,196.3474,116.3762,116.4767
2013-11-14,110.9881,176.3793,126.9772,124.5275,144.4996,160.1921,154.55,117.4819,123.8881,128.6192,176.3727,136.6894,151.8989,200.0144,116.409,116.4497
2013-11-15,110.795,174.8038,126.9125,124.5421,144.7998,159.8937,154.2442,117.5255,123.3787,128.3631,175.0121,137.0178,152.8223,198.0907,115.9287,116.4602
2013-11-18,111.3392,176.6229,126.4722,124.2842,144.8905,160.7892,155.0389,117.2097,123.0217,128.0552,174.3943,137.9551,152.3947,199.1475,115.894,116.5383
2013-11-19,110.9218,174.8297,126.294,124.0618,144.121,161.3763,155.5427,117.2116,122.6158,127.6266,173.9126,137.1711,151.5308,195.3887,115.8461,116.5181
2013-11-20,111.5315,174.9404,126.4886,124.1782,143.8895,161.7424,155.9567,117.3306,122.7752,127.9297,175.0165,136.4136,151.637,198.2881,116.0441,116.6021
2013-11-21,109.9537,172.4112,126.7883,124.2729,143.7305,161.7474,155.5357,117.4907,122.0721,127.7827,172.7088,136.1943,148.1895,197.8263,115.2566,116.6323
2013-11-22,113.124,176.6323,125.7263,124.0143,144.8923,162.4267,156.2387,117.0522,123.2542,127.2786,173.2468,136.5324,150.1977,200.2565,115.1797,116.6419
2013-11-25,115.0298,178.7984,125.4747,123.9897,144.4703,163.0841,156.1505,116.8397,124.2581,126.8379,174.3503,136.1521,151.9269,202.2814,115.4426,116.6106
2013-11-26,113.2232,176.23,125.8445,124.1832,143.1501,162.1605,155.1946,116.6946,123.3091,126.6186,174.4436,137.6267,151.8929,201.5156,115.5005,116.6256
2013-11-27,113.2673,175.0225,125.5942,123.0913,141.119,160.1158,153.1694,116.0441,122.105,126.5928,173.6647,137.7113,151.9615,204.6537,114.8847,116.6907
2013-11-28,113.3536,175.8073,125.6037,122.4638,139.699,158.8889,151.8831,115.7263,121.4314,125.6732,173.4906,137.8313,151.7368,206.1047,115.1723,116.7307
2013-11-29,113.3579,175.6922,125.7296,122.3186,139.3403,158.5888,152.0733,115.9805,122.0468,126.7609,175.6048,136.5294,150.0071,211.681,114.6322,116.7433
2013-12-02,113.4478,175.3021,125.6084,122.6586,141.456,159.3763,152.6573,116.5981,122.6905,127.5711,174.0354,135.5722,147.8265,210.0421,114.7528,116.7188
2013-12-03,111.0318,173.1099,125.4137,122.4156,140.7323,158.8876,151.2781,116.0229,122.1552,127.3728,172.3038,133.2548,145.8555,206.2377,114.2468,116.7371
2013-12-04,111.6602,174.534,125.1776,122.0327,140.9465,159.0243,150.9361,115.8285,121.7697,126.7312,171.7025,132.4349,147.1683,206.0425,114.2565,116.7397
2013-12-05,110.1288,174.8193,125.5478,121.9923,139.9081,158.334,150.4978,116.0605,121.8004,126.2702,174.1075,131.8429,147.2437,207.2141,113.8602,116.8028
2013-12-06,109.9802,174.0884,125.8664,122.0232,139.6702,158.1954,150.0812,116.3724,121.0771,126.2798,173.5809,130.3408,148.3104,210.7365,113.7991,116.8147
2013-12-09,107.1462,170.3966,125.9515,121.6851,138.0501,157.9281,149.1296,115.7887,119.442,126.3887,171.7592,130.9544,146.3913,207.873,112.8756,116.8735
2013-12-10,108.7229,172.382,126.2071,122.0846,138.6265,158.8665,150.425,116.161,120.2964,127.0118,173.8241,130.731,147.5318,211.0696,113.9034,116.8648
2013-12-11,105.7771,168.3692,127.095,122.9525,139.8099,158.7655,149.3442,116.4457,119.7937,126.8603,174.0738,129.6861,147.3053,204.0503,113.891,116.8548
2013-12-12,105.6518,166.8835,126.8594,122.7335,139.6782,158.6903,148.8199,116.6119,120.0217,126.6704,174.4247,130.6508,146.2467,200.1925,113.7349,116.9509
2013-12-13,102.3925,163.498,126.4198,122.2698,138.0564,157.2527,147.5267,116.0304,118.98,125.9216,173.8446,129.3438,144.0385,194.1655,113.1011,116.8868
2013-12-16,103.1746,165.4067,126.0631,121.3604,138.1637,155.3571,145.7331,115.2258,118.2589,125.5345,172.9834,129.9509,145.5151,194.1629,113.6549,116.8326
2013-12-17,103.6999,165.8248,125.7537,121.1542,138.6046,155.0821,145.9018,115.0891,118.0997,125.8592,171.9864,129.2972,145.6736,195.1973,113.6154,116.8748
2013-12-18,103.4487,164.8817,125.4041,120.64,137.7561,154.1861,145.4456,114.6622,117.2938,125.4707,169.9789,131.6418,145.6367,192.3114,113.124,116.892
2013-12-19,102.4817,163.9364,125.0582,119.4773,135.1732,151.5172,143.995,113.914,116.0097,124.7265,169.7887,132.2477,144.9024,191.7183,112.8263,116.9191
2013-12-20,100.0832,162.0945,125.4862,119.7922,135.481,150.6795,142.7817,113.4028,115.5844,124.4554,168.476,130.4714,144.8461,185.1242,113.0633,116.9162
2013-12-23,100.4527,162.6614,125.6057,119.9683,135.6409,150.245,143.3784,113.5791,115.4322,124.8433,169.1763,129.3351,144.1802,190.088,113.5827,116.9485
2013-12-24,99.0598,160.7616,125.7175,119.9288,134.9973,148.7694,142.2938,113.3043,114.3722,124.6517,167.2912,131.016,144.0358,188.8403,113.2998,116.9563
2013-12-25,99.0702,161.3114,125.693,120.1003,135.4125,149.2378,142.5982,113.4828,114.8904,125.0269,167.2501,133.4768,142.2075,189.9332,112.8989,116.9738
2013-12-26,99.6961,162.4149,125.7951,120.0615,134.6573,149.394,142.5584,113.0921,115.1979,124.6983,167.6469,133.0014,142.1211,191.9321,113.0439,116.947
2013-12-27,100.179,164.1238,125.7099,120.1019,136.3629,150.6866,143.6363,113.7542,115.6802,125.1167,168.4615,131.9254,140.3958,194.9431,112.764,116.876
2013-12-30,100.0041,163.7649,125.3305,119.9437,134.7134,150.1173,143.9245,113.2158,115.8598,124.9627,169.2677,133.3764,139.9086,193.8655,112.9128,116.851
2013-12-31,98.3827,161.0788,125.4284,119.7742,134.5438,149.391,142.4875,113.0387,114.0836,124.5164,167.3599,132.8314,140.3638,191.5842,112.8631,116.8749
2014-01-01,98.7837,160.9333,125.9669,120.3906,135.4715,149.5621,143.2077,113.5959,114.307,125.3218,167.0213,133.6097,141.0075,192.6277,113.5405,116.8462
2014-01-02,99.9588,162.9005,125.5099,120.0167,135.668,149.5435,144.0177,114.2307,114.8234,125.6777,169.1697,135.1028,142.7315,195.7986,113.0879,116.9729
2014-01-03,98.6322,161.4826,125.1985,119.882,135.1676,150.1013,144.991,114.2199,113.919,125.6605,168.1893,133.1818,142.2355,194.6238,112.5345,116.972
2014-01-06,99.8439,162.3114,124.5258,119.4482,134.7049,149.0711,144.6663,113.8497,114.3483,125.3619,168.2688,133.7746,144.9038,193.327,112.309,116.9814
2014-01-07,101.6878,164.4008,124.224,119.148,135.5197,149.5356,144.5321,113.73,114.8246,125.3154,168.4755,136.0859,144.8951,195.2109,112.1893,116.9536
2014-01-08,101.8327,164.8222,124.0809,119.3397,135.6494,150.7287,145.4803,113.6978,114.7524,125.566,167.6606,138.9027,144.9324,191.8523,113.132,117.0467
2014-01-09,103.0883,165.435,123.9587,120.0804,137.5175,152.5551,147.423,114.1351,115.2825,126.1309,168.2272,139.0272,146.2177,193.6768,113.1323,117.0471
2014-01-10,103.8637,167.6236,123.7844,119.9785,138.0987,152.1907,148.2436,114.1725,115.5985,125.9963,168.3853,137.5884,147.2634,194.4314,113.3897,117.137
2014-01-13,102.7012,167.308,123.3745,119.7028,138.2686,151.5051,146.9459,114.0404,115.3821,124.5065,168.8627,138.9593,144.9749,190.2466,113.194,117.1563
2014-01-14,104.506,169.8819,123.7443,119.8961,138.3876,151.4443,147.2672,114.0642,115.3019,124.7601,169.4507,139.6684,146.8608,195.4341,114.7854,117.1983
2014-01-15,103.4455,166.5019,124.5508,120.9962,138.9796,152.0072,147.1042,114.136,115.4611,124.8671,169.4838,140.0978,145.7113,192.4256,115.0298,117.2319
2014-01-16,101.6055,164.4936,124.5622,120.5943,136.5997,150.7483,146.2758,113.6612,114.0033,123.7706,168.6582,140.1112,144.0072,193.2881,114.2699,117.295
2014-01-17,101.4663,164.1366,124.9948,120.7667,136.3406,150.9939,146.5914,114.0187,114.1321,124.2076,168.4263,141.3106,144.1167,191.6028,114.8646,117.3541
2014-01-20,101.8137,164.0722,125.4917,121.6522,137.0981,152.106,147.4489,114.3777,114.8318,124.7459,170.4378,141.802,144.8282,192.8242,115.4773,117.4243
2014-01-21,102.5622,163.8648,126.3971,122.7116,138.7063,152.7561,147.8215,115.3819,115.6001,125.4086,170.0939,140.8494,146.6964,195.9616,115.5379,117.426
2014-01-22,103.2569,164.3469,126.3185,122.5793,138.3859,152.9527,147.503,114.8121,115.2213,125.3109,169.5767,142.3611,147.6953,196.194,115.9374,117.4247
2014-01-23,101.059,163.471,126.2318,122.8892,139.3744,154.113,148.2249,114.997,114.9944,125.6614,168.9974,141.3642,146.071,193.1923,115.3399,117.4607
2014-01-24,99.4597,160.4245,126.4351,122.6318,138.0917,152.7151,146.9659,114.9325,113.8352,125.1055,168.1081,141.4862,143.7283,192.9829,114.761,117.4374
2014-01-27,102.5971,162.4587,126.0276,122.997,139.488,154.6751,148.9004,115.4705,115.6915,125.852,169.2695,142.1489,145.9822,193.9477,114.886,117.482
2014-01-28,100.4413,160.3407,125.63,122.5311,138.2587,153.5056,147.8842,114.5459,115.0061,125.3329,168.5231,141.5452,144.6944,187.1957,114.6729,117.4661
2014-01-29,101.031,159.9886,125.8099,122.7097,138.7254,152.4373,147.126,114.6981,115.0934,124.9507,169.2238,141.0901,143.5987,190.0945,114.9156,117.4799
2014-01-30,100.194,158.8291,126.0138,122.9859,138.8831,152.3381,147.1555,114.967,114.5907,124.4542,169.0353,141.8156,143.3655,189.4046,114.5632,117.4767
2014-01-31,102.0859,161.2771,125.4772,122.9668,139.1862,152.8925,147.1554,114.579,115.7937,124.1045,170.7707,144.3697,142.8789,191.0281,114.9072,117.4973
2014-02-03,102.393,162.8746,124.8788,122.4599,138.4418,152.3374,146.5498,113.9155,115.6974,122.9835,171.6113,145.7726,143.3271,189.5344,115.1174,117.4822
2014-02-04,103.5066,164.3313,124.8668,122.2716,139.1129,152.1853,146.3689,113.9556,116.1535,122.6024,172.4434,145.4438,142.6471,189.5664,115.6275,117.5665
2014-02-05,103.6566,163.427,124.6879,122.3005,138.6911,152.5079,146.7109,113.9585,116.6751,122.3854,174.6595,145.8918,140.3044,189.2005,115.6404,117.6551
2014-02-06,105.5963,164.1472,124.7347,122.8682,139.8866,153.5455,147.5892,114.3158,116.8557,122.8398,175.93,145.3332,142.0169,195.1899,116.1611,117.675
2014-02-07,106.502,165.6068,124.8526,123.2527,140.3551,154.7675,147.8958,114.603,117.9571,123.0932,175.71,148.1854,142.0888,194.9718,116.2312,117.7747
2014-02-10,106.8172,162.8872,125.2755,123.4881,140.3275,154.3092,147.3876,115.4635,118.5939,123.2905,177.6198,147.8207,142.0079,194.9642,115.7431,117.8283
2014-02-11,107.1994,162.8802,125.0587,123.4636,140.7111,154.629,147.4872,114.9245,117.5782,123.4073,177.391,149.5624,141.8818,197.4614,116.0752,117.7784
2014-02-12,109.5897,165.5727,124.7976,123.5483,142.1974,154.8287,147.9453,114.9881,118.5281,123.7149,177.7817,152.8242,143.6584,198.2413,116.5586,117.7813
2014-02-13,110.1263,165.6615,124.9016,123.6143,142.1401,154.4545,148.0533,114.9689,118.7111,124.1413,179.128,153.1033,144.2861,201.3235,116.4326,117.8002
2014-02-14,111.8335,168.5859,124.9904,123.8084,143.307,155.5696,148.9063,115.5892,119.8844,124.3983,182.1634,152.1373,144.2671,206.8383,116.8277,117.7265
2014-02-17,111.7358,169.0282,124.9157,123.994,144.4964,156.9639,149.9159,115.7737,119.9682,124.2794,182.8539,151.2575,144.0068,204.6786,116.9721,117.7673
2014-02-18,114.0004,170.0622,124.611,124.145,145.9425,156.7097,150.0733,115.872,120.4269,124.3521,183.6459,150.3421,144.4594,210.0248,117.0084,117.7715
2014-02-19,114.1954,170.0467,123.7549,123.3037,146.173,157.1482,149.2683,115.744,120.4498,123.992,182.4735,147.8014,141.9167,208.5606,116.5202,117.7019
2014-02-20,115.45,170.7967,124.1495,123.6543,147.0565,157.9674,150.5267,116.4219,120.9202,124.6526,182.6152,150.9407,141.6848,211.4739,116.2521,117.7019
2014-02-21,114.9291,169.3362,124.3703,123.5613,146.6312,157.831,150.6552,116.8131,120.5008,124.5799,182.8962,148.8894,141.1827,212.9413,115.7053,117.7134
2014-02-24,114.3883,167.873,124.5543,123.8042,147.3043,158.5791,149.8147,116.8157,120.2076,124.6637,181.6646,148.2238,139.6332,211.8031,116.09,117.6615
2014-02-25,113.566,166.3066,124.4813,123.7003,147.3876,157.621,148.162,116.1464,119.7725,124.2454,181.2461,147.7407,139.4127,208.1899,116.2861,117.6404
2014-02-26,115.1646,166.5857,124.941,124.3995,149.1059,159.0098,148.973,117.0169,120.901,124.391,180.9809,147.1122,141.3151,209.0775,115.5932,117.6744
2014-02-27,116.0685,169.1622,124.9824,124.4548,150.7402,159.5293,149.4262,116.8708,120.7787,124.4739,180.4681,146.927,142.0741,211.4646,115.8655,117.6541
2014-02-28,116.8407,171.8622,124.4508,123.8548,150.426,158.9542,149.7448,115.8573,122.0645,124.7238,182.0385,144.2755,141.5173,211.1799,115.4204,117.6626
2014-03-03,118.0137,174.1257,125.4611,124.6745,151.8195,160.0143,150.3727,116.5058,123.3421,125.0938,184.7583,143.8622,141.3626,217.0937,115.7799,117.6659
2014-03-04,117.4925,174.4908,125.1254,124.3165,152.6923,159.3461,150.0766,116.4691,122.906,124.9229,184.8014,145.8258,139.9326,216.7035,115.2815,117.633
2014-03-05,116.6058,173.7724,125.1401,124.2149,153.1668,159.5665,150.0217,116.3313,121.5497,124.5574,183.3318,145.938,137.1767,217.4266,115.6124,117.649
2014-03-06,116.754,172.4134,125.125,124.0826,151.3818,158.6662,149.5874,116.164,121.1865,124.2789,183.1178,148.3081,137.7722,217.7509,115.4911,117.6899
2014-03-07,119.1055,173.7241,125.6058,125.1376,152.8339,159.5037,150.9163,116.4036,121.9309,125.0076,184.6941,151.2503,139.0914,224.0153,116.3121,117.719
2014-03-10,117.3774,170.5529,125.7113,125.1366,150.8161,159.3574,150.3464,116.0872,120.6201,124.3268,183.486,151.7572,138.1559,221.9819,116.2711,117.7483
2014-03-11,119.5009,172.7612,126.1141,125.7362,152.4658,160.212,150.8181,117.1616,122.4718,124.2912,184.315,152.2495,141.4403,220.4781,116.5495,117.7122
2014-03-12,120.6154,173.7725,126.5213,126.7122,155.0777,162.6749,152.4849,117.7845,123.0627,125.2228,185.1264,152.7408,141.6326,221.6115,117.7569,117.7074
2014-03-13,120.6058,173.6081,126.6165,126.1517,154.4625,161.3145,151.5705,117.6538,122.6605,125.1648,187.1605,155.2077,141.378,222.7477,117.4295,117.7573
2014-03-14,121.2881,175.5896,126.1615,125.8513,154.9591,162.5299,151.9236,118.1783,123.9325,125.102,187.196,153.528,142.1095,218.4322,117.6847,117.7633
2014-03-17,122.9364,177.9581,126.227,125.875,154.9616,162.5889,152.7176,118.3329,124.3815,125.3323,188.7966,151.0239,143.9167,224.094,118.3018,117.7276
2014-03-18,122.837,179.7248,126.7705,126.1971,155.1346,162.9577,152.9091,119.2212,124.511,125.4942,188.7939,151.3598,144.1378,229.3136,118.6296,117.7455
2014-03-19,124.542,181.235,126.7638,126.1536,155.3373,162.6291,154.0552,119.3515,124.8214,125.6985,188.419,150.2837,143.7072,234.5658,118.5241,117.8046
2014-03-20,127.4354,182.4887,126.2851,125.7367,155.9936,163.1425,154.4341,119.3286,125.2382,126.0657,189.3476,149.1323,144.9314,236.9019,118.9563,117.7744
2014-03-21,130.2433,185.6572,126.2485,125.7377,157.5347,163.7585,154.5381,119.3581,126.1939,126.0382,191.5416,148.8668,145.8335,242.4556,118.9651,117.8169
2014-03-24,133.1231,187.453,126.3736,126.1779,160.8512,165.3016,155.8606,120.2478,127.5549,126.813,192.3452,150.507,145.9122,242.9623,119.1265,117.9176
2014-03-25,137.5195,191.4498,126.7597,127.731,164.9509,168.0596,158.4852,121.4914,129.7961,128.0654,192.2726,150.8246,146.5089,254.0642,119.5452,117.9475
2014-03-26,136.5914,191.9014,126.374,127.4151,165.9343,169.1205,159.0968,121.187,129.7644,128.4037,190.6486,153.4108,143.7244,248.7548,118.9943,117.9194
2014-03-27,135.0872,191.0523,126.8564,127.6446,165.5376,168.2022,158.5023,121.2618,129.5821,128.5542,191.8752,154.8163,141.8757,249.9672,119.3549,117.9003
2014-03-28,135.4301,189.9595,126.7673,127.7814,163.9189,168.6326,158.3568,121.1446,130.4477,128.1442,191.5522,155.1186,140.1515,250.5257,118.7879,117.92
2014-03-31,138.7159,194.1671,126.2934,127.6212,164.5732,170.7169,161.08,121.5169,131.2036,128.6888,193.4333,155.1326,142.2505,253.5992,119.7666,118.0553
2014-04-01,138.9241,195.345,125.2271,126.0051,163.0079,169.2363,160.2368,120.3704,130.0326,128.185,193.3122,155.4471,141.935,251.9075,119.4032,118.0642
2014-04-02,137.7164,195.429,125.1506,125.9563,164.1246,169.4356,159.6067,120.2311,129.6569,127.6163,191.6824,154.5167,140.8331,247.9298,119.3396,118.0572
2014-04-03,137.45,197.2441,124.8401,125.3925,163.7936,168.8437,159.1729,120.0008,129.7165,127.8959,195.0129,155.4479,140.3518,251.5252,119.1237,118.0614
2014-04-04,136.0388,195.4844,125.4081,126.079,164.3638,168.6728,158.8805,120.1394,130.206,127.8623,195.4295,153.62,139.52,249.8003,118.9822,118.1252
2014-04-07,136.1369,195.9313,125.5057,126.5895,166.37,169.4171,159.0286,120.4429,130.3891,128.0342,194.5492,155.247,139.7721,248.2728,119.1336,118.2284
2014-04-08,134.1857,196.2682,125.9024,126.6859,165.4888,169.1163,159.6933,120.7783,130.054,128.0128,194.8336,155.3969,138.5982,248.259,119.4051,118.2516
2014-04-09,137.0858,197.4356,125.5539,126.2837,166.5497,169.1804,160.0743,121.0872,130.3209,127.7571,193.8902,155.5157,138.6288,246.0486,120.3388,118.3229
2014-04-10,137.1692,196.8936,125.5375,126.3674,166.5778,170.0776,161.2435,121.317,130.2485,128.0241,192.685,153.9836,137.8916,244.5172,120.7688,118.3622
2014-04-11,140.7887,198.8886,125.0893,126.4809,168.0415,170.6099,162.8952,121.5162,130.8998,127.9424,191.9741,155.4102,138.5779,245.3519,121.3603,118.3171
2014-04-14,139.304,198.4981,125.1376,126.2586,168.0582,169.3413,161.9747,121.5016,130.2036,127.914,188.7241,153.9831,139.4149,238.5156,122.4434,118.4167
2014-04-15,141.6254,199.8033,124.8413,126.3971,170.353,170.5405,162.5876,121.5456,131.4022,128.7699,189.5736,151.4123,139.4935,238.9343,122.9913,118.4323
2014-04-16,139.0571,197.5455,124.9932,126.4969,171.0551,170.2089,163.7695,122.1064,130.9694,129.4536,189.7089,149.9939,138.303,235.7921,122.4777,118.4265
2014-04-17,138.1024,196.904,124.6818,126.4108,170.7842,169.5713,163.1356,121.9342,130.8473,129.147,189.0636,150.4227,139.7323,232.3473,122.0234,118.4018
2014-04-18,137.6377,195.0264,124.28,126.6234,171.3756,169.9125,163.0797,121.9979,131.4727,129.0083,187.769,148.9292,140.2489,227.9949,120.95,118.4631
2014-04-21,135.1624,193.2966,124.455,127.4507,171.7271,170.6779,163.475,121.893,131.6554,129.7666,186.24,148.5508,140.7835,222.7961,121.4077,118.4223
2014-04-22,135.9915,194.0402,124.1855,127.0848,171.3863,169.5299,162.1983,121.4256,131.6776,129.8287,187.4941,147.1553,141.8998,225.1433,121.9778,118.4539
2014-04-23,134.5102,192.5033,123.9465,126.7208,171.1211,168.4589,161.413,120.8168,130.7589,129.6732,184.0145,147.8021,140.178,221.5163,121.4852,118.4227
2014-04-24,133.9432,191.8703,124.4175,127.1773,171.6752,168.9596,162.1883,121.4057,131.3524,130.4518,185.3028,145.7444,138.9831,223.3762,121.6461,118.5212
2014-04-25,132.5563,189.0019,125.3084,128.1829,172.5077,168.6714,161.9966,121.942,131.6512,130.6724,184.7381,145.4919,139.7278,219.6432,121.7554,118.5878
2014-04-28,133.1569,190.1019,124.9445,128.2026,174.1625,167.8689,161.5134,121.2114,131.85,130.9288,185.3525,146.0025,138.972,219.9877,122.2947,118.5391
2014-04-29,133.523,188.5188,125.1632,128.1408,173.8769,166.8329,160.9922,121.498,132.1969,130.3311,185.4954,144.5672,138.4438,217.7279,122.199,118.4816
2014-04-30,131.2322,185.7279,125.3305,127.7747,172.4246,166.185,160.645,121.5932,131.3962,130.6364,184.7174,144.4077,135.5098,217.0043,121.4429,118.4325
2014-05-01,131.9543,185.2825,125.3576,127.818,172.727,165.6823,160.7084,121.9468,130.8524,131.187,182.9894,144.5433,137.3969,219.2373,121.5907,118.4136
2014-05-02,134.344,187.0036,124.8131,127.8781,175.2267,166.4928,161.1015,122.0775,131.5994,131.4365,183.8959,146.8185,137.4357,221.3347,121.3684,118.3627
2014-05-05,135.6006,188.6648,124.1934,127.1271,174.6419,166.9559,162.1433,122.2321,132.0062,131.5786,183.9303,146.3617,137.4467,220.4352,121.2842,118.3121
2014-05-06,141.3161,195.1868,123.9493,127.6329,178.2055,169.9489,165.4798,123.1481,134.2794,132.5668,186.6638,145.7574,138.9576,230.2929,121.8968,118.293
2014-05-07,143.4554,195.1354,123.7908,127.481,178.6887,169.6054,164.9247,123.2563,134.8431,132.4437,187.2588,144.2652,138.9448,232.5474,122.0039,118.2782
2014-05-08,144.7912,197.7057,123.2269,127.3749,180.5061,170.9681,165.6741,122.8086,136.4728,132.7671,189.3702,145.1176,139.0451,229.7502,121.4059,118.3058
2014-05-09,144.6367,197.4283,123.5859,127.4693,180.8231,170.9604,165.2148,122.3904,136.4398,133.2407,189.4557,145.1533,138.254,229.5684,121.7641,118.3601
2014-05-12,147.2049,198.1241,123.5619,126.855,179.1409,170.4337,164.7408,121.89,136.7271,133.8024,190.1148,146.2505,139.1025,233.9387,121.5839,118.316
2014-05-13,148.4488,199.7419,124.3399,127.1269,179.9164,170.1693,163.9289,122.0561,136.4373,133.6389,190.5496,148.8473,142.1193,238.4758,121.3416,118.2431
2014-05-14,150.6004,198.9516,123.9655,125.9904,178.8135,169.1028,162.9539,122.01,135.3754,133.6011,190.3409,147.637,144.2159,239.029,121.5907,118.2048
2014-05-15,150.6774,198.9523,124.6102,126.3238,178.05,169.2163,162.9214,122.4507,135.6268,134.2376,191.8572,150.0972,146.0599,241.7065,121.6972,118.2144
2014-05-16,152.3296,200.1649,124.6557,126.8006,179.0672,169.7938,163.2923,122.2225,137.0404,134.6332,193.9415,147.4133,145.9779,245.3572,121.9175,118.2939
2014-05-19,150.4178,199.003,125.0814,127.0555,179.9519,168.9135,163.1498,122.5105,136.7408,135.1377,192.4273,147.2819,146.5125,242.094,121.7105,118.2905
2014-05-20,150.3702,199.6509,124.9752,127.3242,181.2861,170.0695,163.7834,122.856,137.5589,134.8228,192.419,147.5344,144.8962,239.1617,121.7085,118.2388
2014-05-21,149.719,197.1049,124.7361,126.8712,179.7823,169.3657,163.3744,122.7231,136.4973,134.6087,191.2928,145.5967,145.0978,236.9178,121.8297,118.3348
2014-05-22,151.1071,197.6524,124.5405,126.8057,180.027,169.151,163.5111,123.2999,137.1929,134.8217,190.8955,145.3248,145.5469,238.8908,121.6132,118.3969
2014-05-23,155.3299,202.8681,124.3678,127.4663,183.1253,171.531,166.6082,123.9298,138.7295,135.4256,191.9564,145.6746,146.7029,244.7331,122.411,118.4452
2014-05-26,156.3097,203.5202,123.8716,126.7063,181.5188,170.66,166.3002,123.1676,138.1561,134.9853,193.1062,149.2659,146.4373,244.5629,122.3974,118.4321
2014-05-27,160.3517,208.3047,123.6805,127.0253,184.3184,172.7862,168.7862,123.7463,139.7682,135.6748,194.3916,151.0951,147.4834,248.1136,122.6737,118.4554
2014-05-28,157.9712,204.6054,124.6021,128.1319,185.2555,173.4651,169.171,124.8793,140.037,136.4638,192.0526,148.0445,148.9705,245.0749,122.4422,118.4409
2014-05-29,158.8053,204.719,124.9348,128.1024,184.0554,173.4437,169.4832,125.2332,139.7134,136.2914,191.8728,147.6817,151.5026,245.175,123.0591,118.4816
2014-05-30,158.7855,207.1501,124.6364,127.6383,184.1319,173.4196,169.3906,125.4982,139.0099,136.1525,191.1078,148.2968,153.1481,246.7231,123.2875,118.3922
2014-06-02,159.1999,205.8978,125.2856,128.689,185.8407,174.5607,170.1995,126.2905,140.1888,136.9185,189.7246,146.885,153.8829,245.6881,123.3933,118.3664
2014-06-03,160.607,206.2578,125.5235,128.721,186.912,175.0015,170.6206,126.579,139.8685,136.8981,192.3433,146.0468,156.0642,250.8088,122.7886,118.3686
2014-06-04,159.6665,204.0408,126.1587,128.9964,184.7927,175.1442,170.6933,126.042,139.706,136.8555,193.2703,147.0249,154.1674,250.7785,122.7732,118.4684
2014-06-05,157.2199,201.0245,126.137,128.6076,183.1557,173.8034,169.2543,126.022,138.6098,136.4144,191.3947,147.6228,154.3284,246.8155,122.0075,118.4662
2014-06-06,156.9874,201.1353,126.0339,128.6036,183.2012,173.225,169.1979,125.5327,137.4649,135.7208,190.6831,147.2368,153.3444,250.808,121.8731,118.5147
2014-06-09,152.6361,197.8919,125.8625,128.4657,181.6106,173.4883,168.3983,125.394,136.3625,135.5552,188.3989,146.6647,151.8692,244.5744,121.3225,118.6256
2014-06-10,148.1664,193.5986,125.9223,127.7972,179.2672,171.4684,166.3506,125.0564,134.6824,134.9319,186.5519,145.632,150.9469,237.5682,120.4745,118.6425
2014-06-11,145.6047,190.0322,126.071,128.1332,179.8806,171.0887,166.3309,125.0088,134.5018,135.1081,185.8738,142.2016,151.1954,230.3316,120.0965,118.6329
2014-06-12,147.1093,191.3306,126.2929,128.672,182.7934,173.2795,168.1131,126.1364,135.3887,135.7592,185.4392,142.8253,152.1222,231.9287,119.2515,118.6652
2014-06-13,145.8209,191.1914,125.5231,128.2483,182.1822,173.6578,168.5918,125.5745,134.5851,134.8394,184.4304,140.9714,150.3885,228.6621,119.3012,118.7085
2014-06-16,146.1369,192.8039,125.062,128.3391,183.353,175.2096,169.7523,125.5404,135.1192,135.1179,184.1279,140.4284,149.4854,229.6719,118.9064,118.733
2014-06-17,147.5403,194.8779,125.4278,128.7045,186.4293,175.7917,170.3389,126.578,135.6618,135.5915,183.2147,141.9789,150.6576,229.2706,119.4263,118.7257
2014-06-18,143.5162,191.7141,125.4727,128.4231,183.3476,174.5525,169.3939,126.0372,133.6493,135.4757,181.4155,139.938,151.6654,228.2259,118.9258,118.6844
2014-06-19,141.7578,191.779,124.9575,127.8624,182.0769,173.0625,168.7556,125.8102,132.7474,134.5461,181.2641,139.5855,151.3455,225.855,119.0976,118.6762
2014-06-20,139.0516,190.6199,125.7547,128.8103,182.9404,172.4667,168.1763,125.975,133.0099,134.9118,179.6691,139.6832,151.9248,222.007,119.1442,118.7468
2014-06-23,140.2163,190.3485,125.9189,129.0945,182.7948,171.5522,167.6571,125.9255,133.684,134.5512,179.9818,141.2353,152.2771,222.2638,119.1577,118.6811
2014-06-24,141.5245,191.7764,125.7607,128.9344,183.4221,171.8291,167.6663,125.2858,133.9408,134.4939,178.9491,142.4757,152.148,220.7474,119.262,118.6926
2014-06-25,141.026,190.7473,125.5905,128.8883,183.676,171.3616,166.9159,124.9999,133.4733,134.5312,178.3029,141.6543,151.6314,222.8425,118.6018,118.7065
2014-06-26,142.3454,193.9022,125.6705,128.8164,185.0135,172.2783,167.2986,125.6667,134.7055,135.0796,179.2641,142.1489,152.8968,223.1204,118.8084,118.7598
2014-06-27,141.0583,194.0275,125.3654,128.3433,185.7642,172.6054,165.9118,125.5946,135.0417,134.9348,178.4035,144.8791,151.6702,216.0132,118.2303,118.7979
2014-06-30,141.993,195.9716,125.471,128.3292,187.5059,172.0784,165.4701,125.1431,135.0651,135.0931,179.4331,144.5799,151.3997,219.0302,118.551,118.7724
2014-07-01,138.3679,190.2897,125.1883,127.8509,185.6586,170.8926,164.4732,124.7652,133.6578,134.9237,177.9215,141.1432,149.3893,212.0336,118.1041,118.756
2014-07-02,136.5822,188.5803,125.9814,128.4899,183.9983,171.6325,164.6759,125.0117,133.173,134.7377,176.8727,139.0277,150.4125,214.2054,117.644,118.734
2014-07-03,136.323,187.9832,125.3274,128.1687,185.3227,171.3888,164.1602,124.2963,132.6156,134.5113,175.4395,140.2541,149.0265,210.8547,117.2393,118.7878
2014-07-04,139.081,189.7882,125.2518,128.1847,187.472,172.9986,164.9671,125.1819,133.651,134.8882,175.8677,140.5065,150.24,211.5084,117.3753,118.8449
2014-07-07,139.66,188.417,125.2674,128.3618,187.0447,173.2525,165.631,125.427,133.9401,134.5382,176.9577,140.768,149.7962,210.3172,117.4676,118.8426
2014-07-08,140.5659,189.9197,125.1428,127.9652,185.9937,172.2855,164.7251,125.0321,133.8524,134.5672,177.3963,140.7446,149.7104,212.8592,118.4814,118.8919
2014-07-09,141.1163,188.7925,124.7807,127.7956,185.9669,172.5949,165.0436,125.3241,134.3687,134.6778,176.0967,139.4495,149.5849,211.4075,117.6184,118.9182
2014-07-10,137.9623,187.2041,125.8861,129.0779,186.3874,173.3895,165.798,126.4539,135.5706,135.4957,175.1971,138.8044,149.6909,206.018,117.9693,118.9772
2014-07-11,136.4444,186.2504,125.9882,129.19,185.8839,173.3719,166.411,126.9791,136.0681,135.8767,175.204,138.2212,147.7556,202.5168,118.4332,119.0136
2014-07-14,134.9744,185.5834,125.2184,128.8892,185.5275,173.3795,166.5833,126.6236,136.1808,135.217,175.538,136.9473,148.0032,196.7313,117.9153,118.9357
2014-07-15,135.0109,185.201,124.6562,128.1614,182.9769,171.9222,165.8684,126.1457,135.7379,134.2206,177.4611,136.5784,147.0302,196.7591,118.4909,118.9611
2014-07-16,134.3723,182.8215,124.8704,128.4715,182.5322,172.2315,165.5425,126.2469,135.8549,134.1673,177.8854,135.4647,148.0427,194.9759,118.0365,119.0364
2014-07-17,134.264,183.4541,125.1615,129.0847,184.0118,172.5049,165.2731,126.4885,137.0741,134.7468,177.8795,137.1377,149.8005,191.4235,118.4201,119.0595
2014-07-18,137.1913,186.3127,124.4676,128.2771,185.6122,173.2983,166.0962,126.5673,137.2945,134.7452,177.8184,136.197,149.7311,193.5182,118.1915,119.1361
2014-07-21,137.2291,185.5343,124.3013,128.0864,186.0755,173.4342,166.0363,126.764,137.2822,134.6737,177.5355,135.291,150.5512,192.1297,117.5368,119.0846
2014-07-22,136.7771,185.0184,123.3932,127.2237,185.667,173.6222,167.4141,126.8794,136.1012,133.8279,175.6975,133.964,149.8566,187.984,117.1901,119.0203
2014-07-23,138.6634,186.3873,123.4106,126.702,187.0709,173.6185,166.8517,126.5407,135.4649,134.2416,176.0527,132.628,149.5053,190.9952,117.9354,119.0657
2014-07-24,136.2897,184.3516,122.8674,126.3522,186.2702,173.4364,167.6309,126.0195,134.9428,134.3089,174.4489,133.3038,148.6043,182.7846,117.5733,119.1006
2014-07-25,136.471,182.1003,122.8732,126.3007,186.4559,172.7776,166.6231,125.4975,134.3042,134.2129,174.1522,134.2551,149.0154,181.9741,117.0661,119.1009
2014-07-28,135.4309,182.009,123.0102,126.9854,187.5456,174.4146,167.6913,126.6777,134.9001,134.5491,174.0237,136.4901,150.1309,179.7841,116.9348,119.1535
2014-07-29,132.2954,178.493,123.3387,127.2202,186.4937,172.4706,166.4765,126.4916,133.9763,134.4151,173.3081,136.3395,149.4098,177.5394,116.5037,119.2123
2014-07-30,131.0983,178.7737,123.1819,127.1533,186.9349,171.845,165.6658,126.28,133.8391,134.2115,173.84,135.5612,148.4242,176.709,116.9206,119.1414
2014-07-31,130.2356,176.072,123.3112,127.1347,185.9781,172.3335,166.151,126.6507,133.1626,134.7638,172.5036,135.2601,148.0153,174.8987,116.9519,119.233
2014-08-01,132.2855,177.1674,123.5196,127.252,188.8571,173.2653,166.9665,127.4962,133.1282,135.0043,173.521,132.6865,149.3464,176.6245,117.9332,119.2525
2014-08-04,132.0984,176.8815,123.3305,126.8492,188.3097,172.8454,166.9448,127.2705,132.5874,134.8061,172.7937,130.7012,148.3505,175.5709,118.4855,119.2679
2014-08-05,132.7755,179.7909,123.4419,126.8513,190.4621,173.7119,166.6522,126.9586,132.733,135.052,174.1976,131.9881,149.4721,176.9476,118.5971,119.3199
2014-08-06,139.9072,184.8934,123.7551,128.0602,193.9729,177.4328,169.3772,128.1351,135.1048,135.7966,176.71,134.5995,153.3135,186.4286,119.4302,119.3711
2014-08-07,138.9244,184.2009,123.4942,128.4037,194.3809,177.2109,170.6714,128.0633,135.4193,135.951,176.4383,133.6928,153.0469,182.7894,119.8221,119.3899
2014-08-08,138.7905,182.4967,123.5028,128.2305,193.2146,176.7924,170.6975,128.1525,135.1685,136.1664,174.8544,133.4036,152.0279,182.7491,119.4634,119.4421
2014-08-11,137.9674,181.2642,123.5282,128.0378,191.3215,176.1847,170.4347,127.4923,135.2729,136.0216,173.3859,131.9999,151.1252,179.9059,119.29,119.496
2014-08-12,138.5484,181.9503,123.9114,128.3861,189.2544,176.098,170.3568,127.7162,136.4024,135.4617,175.4293,130.3671,152.088,184.4378,118.7849,119.5
2014-08-13,137.4815,181.4099,123.1664,127.3905,187.2451,174.7398,169.0138,126.6677,135.8167,134.535,174.6347,131.87,149.3892,182.2033,117.7323,119.554
2014-08-14,137.774,180.5809,123.1979,127.4469,186.7451,173.7968,168.6224,126.6962,136.577,134.7939,176.188,133.5095,148.3328,182.127,117.6394,119.5471
2014-08-15,134.368,176.3512,123.9246,128.3579,185.6877,175.0906,169.0054,127.0065,136.0529,134.8619,175.2408,132.9463,146.749,180.4225,116.724,119.5708
2014-08-18,133.805,176.2244,124.1099,128.4435,185.7026,174.7065,168.3252,126.6672,135.3672,134.4495,175.7008,132.0018,146.3512,181.1082,117.4529,119.5259
2014-08-19,135.0559,174.4647,124.4544,128.475,184.6894,174.1985,168.4756,126.9846,135.7919,134.5404,176.7405,131.39,147.4674,180.2423,117.6552,119.5107
2014-08-20,138.0513,179.5626,124.4208,128.6209,186.516,175.6356,170.2714,127.253,136.713,135.181,179.2957,132.1023,148.1043,186.7583,118.7136,119.5329
2014-08-21,140.5264,179.9406,124.1616,128.6517,188.4002,175.4968,170.0955,127.2317,137.6457,134.6559,181.0652,130.6348,147.7219,189.2962,118.0279,119.5443
2014-08-22,137.1845,177.3943,124.6628,129.4022,188.0359,176.1846,170.7359,127.5126,136.6002,134.7542,179.2891,128.966,147.3682,185.2691,119.0346,119.5201
2014-08-25,138.9615,179.8193,124.1244,128.6668,188.5829,175.3594,169.6788,127.05,135.497,134.1467,180.1913,130.4389,149.2798,190.6415,118.6362,119.6011
2014-08-26,140.3076,178.6751,123.6,127.6229,187.3203,173.1762,168.2351,126.3836,134.3716,134.2475,179.0477,131.7172,148.9912,191.3899,118.6761,119.6096
2014-08-27,141.3836,181.3706,123.8455,128.4035,188.8868,174.3225,169.1116,126.2471,135.2398,134.8342,179.8332,134.0671,149.9699,192.0509,120.1017,119.6231
2014-08-28,142.9759,183.7362,123.4645,128.2799,190.0467,174.5961,169.242,126.1603,136.3395,134.9829,183.2242,134.0206,149.6311,192.5488,121.242,119.6106
2014-08-29,143.4823,183.7373,123.6251,128.525,189.3217,174.6186,167.9871,125.7545,137.6019,134.9048,182.3871,134.4855,148.3408,191.9284,121.2988,119.6342
2014-09-01,145.5087,184.7223,123.5188,128.4687,191.2099,174.6129,168.0378,125.7536,138.0426,135.2963,182.9289,134.6359,147.9645,195.5289,120.7595,119.636
2014-09-02,143.8837,182.587,123.8319,128.4662,190.5431,172.9434,166.1524,125.4218,137.4902,135.4457,182.637,134.8604,148.8172,193.664,120.8234,119.6655
2014-09-03,144.0327,182.9332,124.1195,128.4513,189.7844,172.6587,166.7525,126.0842,136.8016,135.1101,183.6132,135.4302,148.889,196.6262,121.4544,119.6863
2014-09-04,145.6049,184.0083,123.1683,127.2998,188.493,171.2606,166.0269,124.6735,135.9346,134.9104,183.5595,137.9397,148.5289,197.7862,121.1332,119.7222
2014-09-05,148.1117,185.255,123.2063,127.2799,188.6963,171.1322,165.9191,124.2765,136.4841,135.1287,186.1689,139.2841,150.2481,201.0255,121.3028,119.6295
2014-09-08,147.852,187.2253,122.612,126.7005,188.7307,171.5202,166.2904,124.3615,136.1641,134.2865,188.159,139.045,149.1928,202.3058,121.0024,119.6975
2014-09-09,147.2351,186.9648,122.6011,126.5908,189.8227,171.2191,166.0808,124.2205,136.1574,134.7991,189.1051,138.6705,149.8119,200.5029,120.7513,119.7233
2014-09-10,143.3159,184.7533,122.5662,126.4673,188.345,169.8078,166.4145,124.0806,134.1339,134.783,188.4325,138.5554,152.0439,198.8095,119.9696,119.7396
2014-09-11,144.1697,185.5341,122.639,126.5281,189.3499,170.0196,166.5104,123.9529,133.6927,134.4624,188.0655,139.0239,150.8645,201.7858,119.9223,119.8072
2014-09-12,147.8684,188.4595,122.504,126.4104,189.3427,170.5915,166.6584,124.0713,134.9296,134.0318,190.2922,140.0858,151.9893,204.8686,120.593,119.846
2014-09-15,148.3325,187.4968,122.4158,125.7532,188.7086,169.5399,164.7061,123.749,134.4714,133.5982,190.612,138.7558,152.2936,201.4762,121.6604,119.9046
2014-09-16,146.1549,186.3511,121.7943,124.9775,188.1343,169.4264,164.346,123.5776,132.557,133.7336,188.2073,138.137,150.8051,200.1301,121.7638,119.91
2014-09-17,147.665,188.4784,122.0231,125.5281,190.209,171.1541,165.3842,124.1073,133.8274,134.2652,189.6603,137.6367,151.2989,203.7927,121.4974,119.8928
2014-09-18,148.9312,189.3113,122.1014,125.4544,190.2008,171.4014,165.7775,124.6983,134.6642,134.5723,188.5745,137.7461,151.53,203.1607,121.6741,119.8673
2014-09-19,153.4392,191.9952,122.7186,125.7885,191.2038,172.3759,167.6412,125.616,134.7559,135.571,189.3963,138.7494,154.8814,210.274,123.3385,119.872
2014-09-22,149.7775,188.8389,122.5462,125.0198,188.3831,170.3102,165.906,125.0553,133.1904,134.9346,185.8796,138.351,154.9617,203.6057,122.5586,119.9336
2014-09-23,147.5951,186.5194,123.2944,125.2286,185.9812,169.1035,165.5829,124.9825,132.7514,134.9912,186.8108,139.139,155.0156,203.4897,122.2653,119.8551
2014-09-24,150.5482,188.4464,122.9593,124.7359,184.9044,167.9448,164.733,124.4839,132.7896,134.9403,187.8902,141.3806,155.4646,209.5757,122.7532,119.7697
2014-09-25,149.847,187.6095,123.5847,125.0786,183.955,167.2955,164.354,124.4235,133.0223,135.2743,189.0682,142.7838,156.4988,210.5814,122.4334,119.7494
2014-09-26,150.187,189.878,123.8233,125.5852,183.8712,166.7853,164.6136,124.3267,132.9928,135.2287,189.9832,144.916,158.8862,214.5201,123.1851,119.8227
2014-09-29,147.5921,188.8046,123.916,125.5447,181.971,166.5028,164.6006,123.6884,132.2071,135.8108,187.7653,144.7987,159.3163,212.545,123.1192,119.7626
2014-09-30,147.7206,189.7114,124.2675,125.7083,181.0706,166.547,164.7272,123.5928,131.8074,135.3848,187.9993,144.3678,160.418,214.0029,124.0531,119.8099
2014-10-01,147.6666,189.425,124.5662,126.0945,181.377,166.5364,165.6321,123.9258,132.0045,135.4272,187.3269,145.1235,160.8171,213.205,123.8175,119.7889
2014-10-02,148.5944,188.8574,124.386,125.453,179.5723,165.3025,164.7536,123.1007,130.798,134.3397,186.509,143.514,161.2458,214.4641,123.9316,119.8363
2014-10-03,148.4857,186.9535,124.5672,125.5593,179.3025,166.2089,164.9595,123.6015,131.1826,134.5756,186.672,142.7486,161.4153,213.0076,123.1811,119.9462
2014-10-06,148.9874,189.854,124.9548,125.6746,179.4582,166.0655,164.7724,123.7032,131.9748,134.8826,189.2065,143.2152,164.2262,217.4386,122.7552,119.9274
2014-10-07,143.8122,189.2493,124.4094,125.4269,176.0969,165.0185,165.3137,122.8625,130.6334,133.2491,190.1998,142.7654,163.1419,215.5541,121.4596,119.9288
2014-10-08,143.4505,188.4084,124.5625,125.591,175.2327,164.6656,164.7365,123.1826,130.9946,133.0977,191.2762,142.5335,164.8357,217.0699,120.7593,119.992
2014-10-09,141.4714,186.5564,124.8867,125.678,172.4718,163.6188,163.8842,123.0162,131.6113,133.0456,192.6153,142.1637,162.9356,215.9223,120.7443,119.9479
2014-10-10,141.5342,189.7237,125.5249,125.7549,173.1331,163.5369,164.2996,123.4835,132.293,133.9225,193.4521,143.7262,163.3404,216.9331,121.6293,119.9322
2014-10-13,138.347,187.8007,125.899,125.6837,172.5332,162.679,163.3437,123.5433,130.9396,133.4825,189.9315,144.8457,162.1323,212.284,121.2918,119.9578
2014-10-14,137.825,189.3103,125.4183,125.2125,172.6853,162.4809,163.1715,123.3787,130.473,133.2894,188.6011,143.7586,162.7426,213.2264,120.6668,119.9642
2014-10-15,136.8479,188.3488,125.2988,125.8257,172.7777,163.0589,163.9723,123.2076,130.8839,133.2599,188.3053,145.0452,161.8203,209.4769,121.0238,120.1075
2014-10-16,138.2423,188.7832,126.0812,125.8185,172.2053,161.9751,162.4679,123.1564,130.6188,133.7391,189.5436,145.6062,162.9865,217.0929,121.4194,120.0942
2014-10-17,141.1698,190.2866,125.8495,125.7306,170.7638,162.5679,162.734,122.4767,131.1666,133.6424,191.9155,148.045,166.8306,219.8718,121.547,120.14
2014-10-20,140.2035,187.8495,125.837,125.8323,170.0939,163.0026,163.1454,122.8251,130.6223,133.8996,191.7756,147.3227,166.7212,219.1289,121.5769,120.143
2014-10-21,141.7416,190.2804,125.9717,126.0936,170.3237,163.3682,163.3484,123.0073,131.8011,134.0697,194.4702,146.3735,167.8486,222.4794,122.464,120.1686
2014-10-22,141.5487,190.3312,125.7378,125.7031,170.0933,162.5718,163.0488,122.5516,131.2745,133.7967,193.2194,147.4504,167.3934,221.5383,121.9143,120.2183
2014-10-23,143.9363,192.2174,126.3443,126.7115,172.7429,164.0168,164.5341,123.428,132.4852,134.5573,193.198,146.9969,169.6116,224.4468,122.6038,120.2094
2014-10-24,144.1467,192.51,126.8576,127.167,173.9923,164.591,165.796,124.2685,133.418,135.182,194.6622,147.3484,168.7714,226.7676,121.82,120.1909
2014-10-27,142.9231,191.4303,126.7676,126.8348,173.8733,162.8966,164.9966,123.4898,132.0993,134.6919,195.0718,147.9904,168.315,227.4848,121.1185,120.1537
2014-10-28,143.0338,192.8068,126.8754,126.6242,174.1992,163.6074,165.1724,123.7958,132.6202,134.5451,196.2067,145.0144,169.3271,226.9507,120.8979,120.197
2014-10-29,140.7341,191.2411,127.3474,127.4302,175.3626,164.5803,165.4927,124.4486,133.6257,135.1036,195.589,146.0814,168.1793,220.2328,120.8111,120.2391
2014-10-30,144.9332,193.8644,127.3871,127.7275,177.5082,165.1951,166.2914,125.3305,134.4264,135.2289,197.9591,147.5958,170.9631,227.2772,121.1481,120.279
2014-10-31,147.6852,195.6303,127.0448,127.8491,177.6772,165.5748,167.9265,125.4416,135.2573,135.6911,197.8605,149.4808,172.662,228.6281,121.6206,120.2395
2014-11-03,148.3457,197.4717,127.452,128.0898,178.6592,166.1041,168.2914,125.9673,136.3016,136.2679,199.6277,147.8007,172.9398,231.2449,121.9214,120.2493
2014-11-04,148.7386,197.1151,127.4092,128.3299,180.1616,166.6158,168.7286,126.4433,137.7635,136.8735,200.581,147.203,173.3105,226.6908,121.8003,120.2257
2014-11-05,149.7771,199.7309,127.6531,129.136,181.6957,168.2687,171.2769,126.8485,138.632,137.5486,200.826,148.6359,174.0551,228.4516,122.2947,120.2298
2014-11-06,146.9721,197.299,127.8433,129.2074,180.5954,168.17,170.816,126.9669,138.0987,137.5874,199.0797,150.1378,171.8981,224.7304,121.9382,120.2622
2014-11-07,148.931,201.0201,127.6771,129.2331,183.8108,170.2352,171.8137,127.6117,138.8221,138.1316,199.9949,151.8816,170.9241,225.5114,122.8072,120.241
2014-11-10,146.6203,199.3233,128.1823,128.9438,180.5859,167.8637,169.7417,127.6149,138.0247,137.8077,201.3639,153.599,171.4654,225.4649,123.3517,120.2684
2014-11-11,144.0367,197.1338,127.7779,128.5819,179.7475,167.4648,168.7959,127.1211,137.5492,137.6229,199.1841,154.375,169.6515,216.8266,123.3419,120.3329
2014-11-12,143.4472,198.1404,127.9703,128.7847,179.7457,167.8282,169.4319,127.2388,137.803,138.1556,198.2769,155.7435,170.407,216.17,123.3322,120.3371
2014-11-13,141.2664,196.7439,128.5673,130.1125,180.1986,168.0066,170.7972,127.5768,138.1039,138.627,198.266,153.7304,171.7052,215.5247,123.7751,120.3603
2014-11-14,139.0881,195.8129,128.4836,130.5089,181.5847,168.5172,171.1612,128.2502,138.3968,138.3299,197.7734,151.2377,170.9622,212.051,123.1364,120.4428
2014-11-17,137.6878,194.1978,128.0937,130.2895,180.2528,167.6568,169.9465,127.0689,137.6852,137.8506,197.1488,150.7056,169.8136,210.5856,122.8649,120.3896
2014-11-18,135.5595,190.9084,127.8342,129.849,179.5734,166.4998,168.692,126.7892,137.5055,138.0041,195.9167,149.8954,166.9642,203.6405,122.7506,120.3966
2014-11-19,137.5359,193.3566,128.6385,131.4655,182.6618,168.5484,171.2312,128.0723,140.2811,139.2471,196.3078,149.9316,168.4932,205.2038,123.2237,120.3739
2014-11-20,136.2056,191.3592,128.9653,131.8354,183.079,169.1292,171.222,128.1148,139.8361,139.8395,195.4073,150.5868,168.1849,203.7729,122.9542,120.3637
2014-11-21,134.2077,191.0427,129.068,132.152,183.2296,169.0502,171.0961,128.3427,140.6162,139.8899,195.5395,148.9202,166.5224,200.6298,123.106,120.3726
2014-11-24,135.6718,191.2945,128.6135,131.5521,183.7557,168.3141,170.6926,128.6239,140.3681,139.8467,194.2717,147.7591,166.4925,201.8679,123.0891,120.3845
2014-11-25,135.0686,190.3797,128.931,131.2823,183.6258,166.5735,169.6447,128.7641,139.1299,138.8822,194.2072,147.326,165.7653,201.8809,123.4788,120.3748
2014-11-26,133.8115,189.6512,129.1162,130.8855,182.2382,165.0777,168.9644,128.2601,138.7738,138.6506,195.4319,148.6172,164.3887,200.0794,123.3007,120.3897
2014-11-27,135.0711,192.0535,128.7624,130.6033,183.0677,164.688,168.322,127.5609,139.3122,138.4752,195.6435,148.3437,165.8314,198.7662,123.7789,120.4297
2014-11-28,135.7202,191.996,128.9163,130.598,181.5492,164.4293,169.2264,127.1624,138.2453,138.4113,195.4072,148.8817,166.506,203.8893,123.6704,120.4884
2014-12-01,134.3608,188.8821,129.0328,131.1387,181.7325,164.0276,169.0003,127.1919,139.2997,138.2838,195.759,149.0233,164.8092,198.3288,123.0244,120.4461
2014-12-02,131.5951,185.5945,128.5369,130.2718,180.3299,163.1493,168.2554,126.6515,137.5165,137.8059,193.4279,148.5843,163.6621,192.118,122.0035,120.4397
2014-12-03,131.2421,185.2996,128.7637,131.0947,179.4118,162.9384,168.7641,127.0001,139.2912,138.0544,194.4324,147.2205,164.7384,190.1673,122.763,120.4833
2014-12-04,126.9879,182.2895,128.4834,131.0856,179.1046,162.0758,167.5469,126.4631,138.6461,137.8788,192.5823,149.0303,162.5676,182.0754,121.9839,120.5552
2014-12-05,127.2907,180.598,128.9555,131.8981,179.1695,161.5976,167.4704,126.6685,139.2087,137.6399,194.1246,150.6962,163.3065,182.4202,122.0048,120.5734
2014-12-08,129.526,182.014,129.0426,132.3645,182.1476,163.3949,168.8871,127.3504,140.3341,138.9755,195.4841,150.9294,165.6029,184.2895,122.0302,120.4418
2014-12-09,132.8199,183.6768,128.3991,131.653,183.0191,163.5449,168.4566,126.7295,140.7626,138.9466,196.0181,152.9252,168.3498,182.2352,122.3745,120.3606
2014-12-10,132.6924,184.0989,128.3651,131.9964,184.3982,163.4577,169.0668,126.9627,141.6501,139.1803,195.9513,151.0935,168.5878,181.7687,121.9091,120.3176
2014-12-11,130.988,184.2361,128.4803,132.3726,185.0877,164.4454,169.2224,126.8557,141.2097,139.6167,194.5199,151.4524,168.4458,181.0535,121.9696,120.2897
2014-12-12,131.0558,184.9393,128.6588,133.253,185.302,165.3423,170.3038,126.9497,143.0878,139.5563,195.4871,152.2183,167.9286,178.6772,122.3612,120.3142
2014-12-15,130.3417,182.7943,128.4623,132.4871,182.4724,164.0703,168.3312,126.1531,141.8227,138.7128,195.5173,150.3329,168.6751,178.2294,122.2045,120.3401
2014-12-16,129.5475,182.7807,128.7081,132.3278,180.1168,164.4411,168.6573,126.0688,141.6685,138.6997,197.3481,150.1797,169.0234,179.1321,122.2807,120.329
2014-12-17,130.0463,183.0451,128.3182,131.6294,178.6564,163.3264,168.0032,125.3832,141.2185,138.1638,196.9563,151.2239,168.1065,179.7516,121.8997,120.3129
2014-12-18,131.2824,185.1943,128.5298,131.9807,180.0067,163.6744,168.7387,125.781,142.8109,138.8323,197.2971,152.5913,169.6249,177.4589,122.7498,120.2846
2014-12-19,133.1767,186.8616,128.1606,131.7078,181.1235,164.1323,169.4208,125.9175,143.5159,138.5826,198.4604,152.6198,167.2386,178.6009,122.9793,120.3561
2014-12-22,133.2455,187.0942,128.8039,132.2936,181.7945,164.3534,169.6368,126.3179,143.6046,138.8875,197.7533,149.6329,170.4608,178.7801,123.7524,120.3652
2014-12-23,134.4654,189.8537,129.4907,133.3116,184.9219,165.5089,171.6837,127.2578,144.6075,139.7153,198.0276,150.1317,173.9275,179.3832,124.5236,120.3995
2014-12-24,133.9552,191.2072,129.5004,133.1142,184.6619,165.235,171.5447,127.0768,144.2889,139.8042,197.5881,150.681,175.6467,179.8564,124.2082,120.4655
2014-12-25,134.6592,192.4968,129.5,133.383,184.8353,166.0133,172.3686,127.3353,144.6858,139.5511,197.6045,150.7079,176.9215,180.2534,124.4746,120.479
2014-12-26,134.8991,191.5518,129.5978,133.4026,185.56,167.1552,173.3907,127.8911,144.896,139.71,196.7741,150.7138,175.5708,177.8917,124.2113,120.5128
2014-12-29,135.7702,191.8344,129.0049,132.4426,185.2683,167.1564,172.0616,128.1946,145.2293,139.4487,196.8108,151.9236,173.3609,177.5972,123.609,120.5251
2014-12-30,136.0934,193.8197,128.3163,131.8041,185.3221,166.2632,172.3056,127.677,144.1849,139.3083,195.934,151.8672,173.7618,180.0844,123.433,120.5376
2014-12-31,138.4706,196.6308,127.925,131.3462,183.7487,165.6992,171.7173,127.3946,145.4974,138.6933,199.0336,151.0286,174.7265,183.6108,123.7411,120.56
2015-01-01,137.7031,196.1935,128.4955,131.4501,183.6931,165.0989,171.2231,127.8058,146.2889,139.124,201.2828,149.6209,175.3686,183.9021,123.2953,120.5534
2015-01-02,134.6882,194.2281,129.1515,131.8832,184.8633,163.7966,169.9474,128.3254,146.3668,139.2268,202.0212,148.6095,174.8817,180.2281,123.2381,120.5786
2015-01-05,132.0845,192.7272,129.4654,132.5596,185.5821,163.5386,169.5561,127.6787,145.8427,139.7154,201.4141,148.5708,174.688,180.5368,122.365,120.5809
2015-01-06,134.4158,193.5645,130.3739,132.9259,185.5162,164.1871,169.7517,128.1927,146.2534,139.9472,203.0703,148.0009,174.8384,187.5787,122.7167,120.5626
2015-01-07,134.2778,192.6233,130.2955,132.6491,184.3809,162.4246,168.9429,128.1487,144.95,139.4723,202.9299,149.6392,175.9611,189.4418,122.8024,120.6213
2015-01-08,134.5934,191.0773,130.4882,132.6988,184.4424,161.5506,168.7727,128.2492,145.2889,139.3099,203.3069,151.1236,175.292,186.5227,122.8207,120.6866
2015-01-09,136.3366,193.6248,130.8945,133.0309,185.6096,162.3402,169.7601,129.1769,145.7807,139.1499,205.6589,153.8241,175.7301,189.84,123.5716,120.7342
2015-01-12,136.8981,193.4256,131.0399,133.0668,185.677,162.1962,169.243,128.7449,143.9209,138.5678,204.9067,155.3705,176.794,193.2516,124.0826,120.6915
2015-01-13,137.4826,192.0681,131.6509,133.7933,187.5616,164.0823,170.585,129.4516,143.7363,138.7335,204.6113,156.1777,176.1304,192.2844,124.4317,120.6726
2015-01-14,138.2926,193.9512,131.3348,133.9245,188.637,165.697,171.5026,129.7443,145.4816,138.7948,207.0129,152.9628,175.5936,192.748,124.1271,120.7051
2015-01-15,138.491,193.4708,131.665,134.1246,188.972,164.9962,171.0342,129.6681,145.1111,138.4639,206.5072,155.2508,175.5321,193.5273,123.882,120.7336
2015-01-16,139.001,194.9317,131.0655,133.2344,188.4162,163.898,170.2449,129.2694,145.2034,138.6697,205.2045,157.7927,176.0343,189.8733,124.2381,120.7789
2015-01-19,140.694,196.6742,131.1845,133.7535,190.0562,164.7735,171.8931,129.6901,145.4079,139.5886,207.0691,155.9465,177.1728,195.5189,125.2846,120.7472
2015-01-20,139.7921,194.2032,131.0419,134.0974,190.6598,165.8759,172.4925,130.0993,145.5493,139.6265,205.7997,156.9526,176.8499,189.6932,125.2156,120.7104
2015-01-21,140.6916,193.8868,131.1783,134.0776,190.6633,165.3115,171.9483,130.0441,145.615,139.716,204.8155,157.3187,177.9932,189.6926,125.2843,120.755
2015-01-22,144.9773,197.3968,131.5036,134.5443,192.8426,166.4103,172.633,130.5877,147.2765,140.2649,207.6109,159.4552,177.9586,195.5844,126.4558,120.7247
2015-01-23,145.0196,196.7216,131.1086,134.2753,193.7589,167.1813,173.6903,130.6955,146.8516,140.141,206.7656,159.538,175.7126,193.3406,126.1718,120.728
2015-01-26,145.529,196.9696,131.4564,134.4456,196.499,168.2125,174.3197,131.393,146.7134,140.661,206.8372,160.6437,176.2309,193.3156,125.6915,120.7824
2015-01-27,145.0293,195.1584,132.1204,135.1109,197.6595,167.6765,173.1879,131.6492,146.164,140.4668,207.0614,160.6696,178.036,193.5388,126.0785,120.7596
2015-01-28,149.1774,198.5579,131.9231,135.3692,201.3124,169.2493,174.3252,132.0026,147.8287,140.5382,208.4895,161.4962,179.7285,195.0496,126.0691,120.7446
2015-01-29,149.1119,200.8913,131.1203,134.5862,200.5323,167.9249,173.6966,131.2059,148.369,139.9041,210.3812,162.3125,178.7792,192.2762,126.4541,120.8087
2015-01-30,148.9782,202.2761,131.1419,134.3002,200.2938,167.8361,173.2562,131.3733,148.9181,140.0691,210.8852,163.9942,178.4038,191.8161,126.2864,120.8338
2015-02-02,147.0356,200.1498,130.9916,133.7501,199.7749,167.5959,172.6259,131.2149,148.3948,139.701,210.5407,161.587,176.7882,186.7511,125.8582,120.8072
2015-02-03,149.3141,202.1038,131.1843,133.9454,199.266,167.7576,172.5536,131.401,150.0888,140.0564,214.9693,163.4049,177.8193,191.1971,125.9867,120.8739
2015-02-04,149.6975,202.4326,130.5996,133.3255,198.6127,167.3137,171.8364,131.0509,149.2735,138.66,214.0835,161.05,177.2664,191.5829,125.652,120.9617
2015-02-05,150.4234,202.2607,130.4458,133.6447,200.2938,167.4387,171.7857,130.7773,150.1879,139.071,214.855,159.3698,175.7511,191.6501,125.9475,121.0185
2015-02-06,149.4743,203.8176,131.0651,133.5508,199.7799,166.654,171.7769,130.7017,149.1628,139.4838,215.7733,159.6933,178.8822,194.7192,125.9829,120.9445
2015-02-09,149.4321,204.4972,131.0466,133.7719,200.4914,167.9191,173.0082,131.0155,148.9184,139.3079,215.6713,158.335,178.1502,196.3361,125.974,121.0139
2015-02-10,151.09,204.7165,131.0144,133.5758,199.8404,168.2975,172.9191,130.8564,148.9076,139.2856,217.0791,158.1908,178.5852,198.2492,126.4085,121.088
2015-02-11,151.5561,205.2936,130.9505,133.1731,199.0487,167.4162,172.1188,130.6585,148.8337,139.1441,218.0069,158.8875,180.8683,198.9426,126.0083,121.0871
2015-02-12,154.9842,206.3,131.101,133.3631,199.8594,167.4335,172.0801,130.765,149.2598,139.4516,219.0749,158.3938,183.9632,204.3765,126.256,121.0025
2015-02-13,153.3334,203.3197,132.0392,133.8957,196.0538,167.4499,172.3851,130.8366,148.7045,138.874,221.8619,159.519,181.5896,207.0836,126.7042,121.0197
2015-02-16,156.3283,205.0358,132.1199,134.0626,198.2218,168.5558,174.0369,131.5496,149.4101,139.5233,223.5604,158.3982,181.2686,210.6415,127.5138,121.0493
2015-02-17,154.9017,205.081,132.6075,134.6935,198.8582,169.2241,174.6964,131.6745,148.8146,139.4245,224.8182,160.716,182.2055,209.0032,128.2714,121.1995
2015-02-18,155.7836,207.9963,132.6126,135.243,202.1509,170.1744,174.7063,131.7159,149.3312,140.0315,224.6339,158.5952,186.993,209.9623,128.8197,121.2283
2015-02-19,153.8536,205.2844,133.204,135.1757,200.2305,170.7746,175.1594,131.9595,148.119,140.1703,222.6365,157.5294,185.704,206.6553,129.4541,121.2487
2015-02-20,156.0459,206.3705,132.6082,134.5993,201.1232,170.4929,175.3195,131.7007,146.8748,139.5021,223.6441,157.5231,188.4841,210.7272,128.7846,121.266
2015-02-23,156.8123,209.0723,132.5864,134.4526,200.433,170.0574,175.8472,131.5508,146.9097,139.4544,222.5171,159.6726,190.3643,211.3567,129.1267,121.2168
2015-02-24,156.2327,208.167,132.1168,133.5799,197.5185,168.4778,174.4884,130.8524,145.0813,138.4741,221.2322,160.3968,194.7113,208.7327,129.3935,121.1925
2015-02-25,156.5976,209.2755,131.6926,133.6326,197.4019,167.9444,174.7189,130.0114,145.7415,138.553,219.9798,159.0631,193.6235,207.1615,130.1314,121.1498
2015-02-26,156.081,209.7015,131.5693,133.8579,198.9817,167.8734,174.3319,129.7878,145.689,138.2423,219.0673,156.86,192.5638,206.9884,130.409,121.1495
2015-02-27,155.8488,208.4299,132.068,134.2657,198.5576,167.7894,173.8564,129.7666,145.3896,138.4147,221.0564,157.1463,193.4344,209.0917,130.945,121.1684
2015-03-02,156.2685,210.4323,132.37,134.4574,199.9111,168.6696,173.6361,130.5714,146.0455,138.3117,222.0248,156.3339,192.7837,210.4763,131.6456,121.183
2015-03-03,154.8702,207.7776,132.4271,133.9045,199.2292,167.218,171.5192,130.1954,143.8962,137.3699,220.4397,156.6283,193.4426,209.8893,130.9705,121.2193
2015-03-04,155.0158,209.6593,132.1236,134.3113,201.5177,168.6167,173.3287,129.8585,143.9711,137.6012,220.1635,155.0022,194.6648,211.4273,130.1467,121.2255
2015-03-05,155.1915,211.0263,132.1335,134.1544,202.0555,166.6264,172.222,129.4962,143.6883,137.6489,219.0984,155.7248,198.328,213.2551,129.481,121.2283
2015-03-06,157.8304,212.906,131.9795,134.0043,204.1879,167.3333,172.2461,129.5728,143.9578,138.1105,219.0161,155.3602,199.4716,215.5349,129.8418,121.2776
2015-03-09,158.8137,214.9169,131.4635,133.0265,202.9267,165.713,171.7047,128.9203,142.7646,137.9313,217.8336,155.4658,200.6073,217.3499,130.5656,121.3378
2015-03-10,156.2591,213.9042,131.7261,132.9174,201.7002,164.942,171.2437,128.5998,141.354,137.0522,217.0878,156.6536,199.6421,215.1791,130.5372,121.3337
2015-03-11,155.6046,214.1179,131.9377,132.6926,200.549,163.8088,169.6191,128.2185,141.3873,137.3469,218.5063,156.8169,201.4305,215.4635,130.9365,121.3507
2015-03-12,156.7051,215.0449,132.4255,132.8871,200.0751,163.0893,169.1444,128.8228,142.841,137.17,220.9939,156.9852,202.1062,216.2227,131.3557,121.2972
2015-03-13,158.0731,218.051,132.2808,132.7012,199.9931,163.7393,169.6958,128.862,143.25,136.8121,222.7708,156.669,202.7594,218.8486,131.6575,121.2515
2015-03-16,156.0878,215.698,132.1306,132.0994,197.1513,162.7034,169.575,128.7379,142.33,136.5674,222.4688,154.8931,199.7472,219.1693,131.152,121.227
2015-03-17,153.8587,213.59,132.4501,132.8964,198.7817,163.7655,169.537,128.6565,143.0933,136.9524,222.1778,151.1416,198.7208,216.2113,130.4744,121.2846
2015-03-18,154.6989,213.7859,131.6918,132.1988,199.9236,163.8649,169.5549,128.6091,142.0207,136.7519,219.1045,149.8881,200.7295,214.7229,129.9749,121.3161
2015-03-19,152.3078,213.9866,131.0495,131.537,198.9276,162.6181,168.5289,128.0736,141.4044,135.7094,216.8208,151.6692,198.6442,210.2531,128.9581,121.3285
2015-03-20,154.3479,216.2185,130.5899,131.6335,200.5989,163.9041,169.291,128.1843,141.3095,135.5999,215.8932,152.8958,201.9421,210.1233,129.6215,121.2784
2015-03-23,153.5659,214.8107,131.0204,132.2252,201.9569,163.6124,169.81,128.4543,141.131,136.179,215.2796,151.7418,203.3894,209.6008,129.8334,121.257
2015-03-24,156.291,217.9228,130.5711,131.823,203.7792,163.9418,168.6156,128.4417,141.9703,136.4124,215.0482,150.4819,207.5468,208.6953,130.7274,121.2494
2015-03-25,156.4383,219.7954,130.7493,132.0378,203.813,164.247,169.6774,129.0188,142.896,137.2366,214.6906,149.9568,207.2057,210.9211,130.9397,121.2382
2015-03-26,156.4683,218.4477,130.3329,132.0411,205.3059,165.0635,169.5026,128.7974,143.1455,137.0721,212.0538,147.4061,206.5444,207.6848,129.9912,121.2313
2015-03-27,156.939,218.2879,130.3997,132.1174,206.2312,166.4105,169.8759,129.1481,143.5301,137.0213,212.5895,147.6963,206.3556,207.8693,128.966,121.2698
2015-03-30,158.3098,220.4575,130.7923,132.7947,206.4137,167.6542,170.9118,129.5791,144.2252,136.8639,212.7142,148.9485,210.1434,211.4101,128.6346,121.198
2015-03-31,157.4874,220.0895,130.9108,133.2635,205.4071,167.5771,171.5574,129.4002,143.6405,136.6319,212.5074,148.4142,210.2049,213.5724,129.2333,121.2418
2015-04-01,153.0237,215.7996,131.2292,133.626,202.7887,165.896,170.8529,129.2526,143.0564,136.5409,213.596,150.2967,209.8468,208.7536,129.0473,121.2832
2015-04-02,153.6301,217.8921,132.3737,134.6182,204.0856,167.2103,171.7152,129.994,144.0257,137.2239,214.6051,151.3603,210.8246,211.6801,129.9534,121.2922
2015-04-03,159.7298,225.0067,132.7647,135.3631,208.1186,169.9802,174.9229,131.1853,146.4447,137.9898,217.9032,148.9379,214.3999,218.8484,131.4079,121.3081
2015-04-06,158.7458,223.157,133.3112,135.1382,208.4864,169.3196,173.8296,131.494,146.0232,138.3468,218.1412,149.7711,213.8804,215.8924,131.5236,121.2886
2015-04-07,159.2947,222.9603,132.996,135.1598,209.6279,169.3884,173.6277,131.1364,146.7641,138.2275,218.7018,150.2145,212.3113,213.2014,131.3857,121.2618
2015-04-08,159.6475,223.1472,133.3075,135.6144,210.8991,169.3859,174.4568,131.6025,146.9975,139.021,217.8317,151.1047,213.7029,213.0218,131.7814,121.3304
2015-04-09,160.3684,222.4037,133.2445,135.921,212.6956,170.1269,175.0098,132.1288,147.4361,139.2067,216.5083,151.8143,212.3267,212.1847,131.4825,121.3453
2015-04-10,162.5553,223.7632,133.0518,135.4129,213.3964,170.6398,174.2504,132.3755,148.4283,139.1151,216.9041,152.1098,213.2139,211.6898,130.8721,121.3438
2015-04-13,160.6377,220.1736,132.8971,135.2156,211.8838,169.8473,173.6414,132.2323,148.1275,138.9929,218.0983,150.2321,210.7094,209.1586,130.7989,121.3632
2015-04-14,164.9939,224.4544,132.7778,134.9342,212.5689,170.7685,174.2846,132.4042,148.2069,138.628,216.9079,149.1033,214.2269,215.6873,130.891,121.3845
2015-04-15,163.2275,222.2199,132.7434,135.0424,213.4224,170.8441,173.6048,132.6737,146.7907,137.978,215.3372,147.8113,214.4011,216.2273,130.1475,121.2696
2015-04-16,164.6181,223.8849,132.7429,135.3804,215.3925,171.5434,173.9801,132.9372,146.5468,138.1996,214.5638,150.0636,215.9186,220.7905,129.806,121.3073
2015-04-17,162.7494,222.4234,132.4859,135.3522,213.4998,170.9172,173.1278,132.519,146.0025,137.8126,213.6929,148.9555,216.1478,220.1437,129.7194,121.3969
2015-04-20,160.6896,220.5316,132.5017,135.1073,213.2649,170.4201,171.5028,132.3327,145.9607,137.9065,213.1779,149.1377,215.8609,215.0337,129.4038,121.3806
2015-04-21,162.9312,222.8303,132.7503,135.2921,214.8912,171.7029,172.0591,132.5244,146.0133,138.3482,212.2355,147.2903,217.438,218.6509,130.2186,121.4721
2015-04-22,166.494,226.8255,132.3916,135.0585,217.4216,173.031,171.9271,132.5292,146.963,138.1866,212.9064,147.4624,218.7138,219.3022,130.894,121.4963
2015-04-23,166.2626,227.5001,132.3207,134.655,216.3819,173.0475,171.9259,132.3693,146.1018,138.5206,212.1965,147.6867,219.6655,222.7824,130.4097,121.489
2015-04-24,167.2528,228.4021,132.6579,135.1651,219.0156,173.1798,172.5865,132.8471,146.1642,138.4378,211.6026,147.8292,219.0593,222.4619,131.4371,121.4676
2015-04-27,163.5432,224.7532,133.0269,135.4877,217.7379,173.1667,171.9044,132.632,145.0066,138.9763,211.3022,147.0656,218.4443,222.1971,131.2448,121.4726
2015-04-28,160.9585,222.9288,132.6428,135.1687,217.1309,172.6727,171.4649,132.2298,144.0308,138.7742,211.806,147.8199,217.1569,219.3151,130.738,121.5654
2015-04-29,160.7524,222.6286,132.8566,135.7606,218.3997,174.3605,173.1166,132.7275,144.8384,139.4213,212.3171,147.7628,216.2372,219.0961,130.2459,121.5765
2015-04-30,158.3927,219.7851,133.0249,135.4834,216.7633,174.0655,173.3296,132.6783,143.4361,139.3127,210.4716,146.8988,211.8356,217.1284,130.4639,121.6391
2015-05-01,153.835,217.6796,133.2453,134.9629,215.6322,172.9445,171.8097,132.4137,141.7758,139.6952,208.1912,146.7663,211.0043,213.7451,129.8047,121.6703
2015-05-04,150.2149,214.4139,133.3059,135.2426,213.5188,171.8589,170.8564,131.7271,141.734,140.2367,207.723,144.6469,208.8186,211.6859,129.6902,121.7122
2015-05-05,152.0911,217.5125,133.5966,135.4381,215.7871,172.9787,171.7797,131.861,142.6623,141.343,209.3492,146.2597,208.0389,214.6886,130.2848,121.6776
2015-05-06,151.2327,216.2488,133.9956,135.724,217.4213,172.2083,171.0007,131.8576,142.9799,141.2036,211.4082,145.4301,207.8089,215.6327,128.856,121.6739
2015-05-07,152.8443,216.5825,133.264,134.9506,215.2259,172.1882,170.385,131.8445,143.5619,140.0187,212.5971,143.5932,207.3736,215.8579,128.5999,121.5957
2015-05-08,153.4543,217.4342,132.8319,134.5791,214.3502,172.1889,170.7741,131.8284,143.0715,139.3539,212.8528,143.5764,207.9138,216.0707,129.0427,121.5784
2015-05-11,153.7694,217.8986,133.2407,134.5132,213.9355,171.0967,170.8688,131.9702,142.2667,139.2998,211.566,144.4096,209.3553,217.0926,129.5646,121.6786
2015-05-12,152.9222,218.2909,132.9598,134.49,213.1958,171.1829,171.2533,131.5684,141.7678,139.5926,211.4208,145.3046,210.9306,219.4947,128.7387,121.7971
2015-05-13,151.9827,217.8376,132.481,134.1181,212.6043,170.1133,171.3472,130.9704,141.8824,139.2852,209.7795,144.3541,208.3003,213.559,129.1828,121.8127
2015-05-14,151.7273,217.6693,132.7888,134.6424,211.4665,170.198,172.4599,130.2762,142.205,139.6161,211.3251,144.0743,209.003,216.4562,128.626,121.8256
2015-05-15,150.6677,216.1866,132.6725,134.6148,211.2476,171.0151,173.7603,130.2746,141.5951,139.2789,210.1937,142.4821,207.9941,215.4791,127.481,121.776
2015-05-18,152.8894,217.368,133.2888,135.0279,211.2516,171.5672,173.8642,130.8348,141.9638,139.0231,212.5963,142.6734,208.6458,221.3686,128.3751,121.8002
2015-05-19,150.3966,216.41,133.8045,134.814,210.4623,170.964,173.5207,130.5844,140.3996,139.271,211.0013,141.354,204.6874,225.7059,127.8342,121.7572
2015-05-20,146.3024,212.1667,134.0732,135.3766,207.5684,171.2743,175.1348,131.1231,140.9313,139.2753,211.2831,139.9924,204.7688,218.1156,126.8201,121.7929
2015-05-21,147.6577,212.8127,134.688,136.1778,209.3749,171.8796,175.6216,131.8612,141.6227,139.708,213.2938,138.1663,207.7859,224.0458,126.6894,121.8052
2015-05-22,144.7251,211.0953,134.1655,135.7872,208.3136,171.4667,175.7404,131.9007,140.6796,139.1851,211.7936,138.6108,207.0335,218.4472,125.9547,121.8621
2015-05-25,146.0701,209.6924,134.8054,136.385,208.8026,172.1684,176.5122,132.552,141.287,139.8096,211.9305,138.0167,209.1568,218.2357,126.4038,121.9357
2015-05-26,148.4945,211.9632,135.0221,136.2457,210.3187,173.3476,178.398,133.7321,141.3662,140.1408,212.844,135.4845,210.9133,222.176,126.977,121.959
2015-05-27,151.9036,214.2194,134.091,135.2073,210.6417,173.2315,179.2393,133.6292,141.3665,140.2081,211.0516,137.7637,210.3232,222.0852,126.9358,121.9583
2015-05-28,153.8279,216.3205,134.0115,135.5222,210.8193,173.6578,180.415,133.5239,142.379,141.0682,212.8912,137.5729,212.1142,225.4482,127.7631,122.0103
2015-05-29,151.1294,214.921,134.7482,135.6332,208.5081,171.6402,179.052,133.4233,141.2462,140.5311,212.5017,137.9527,212.0628,225.6328,128.2336,122.0135
2015-06-01,153.7292,218.0119,134.322,135.1445,209.3444,171.565,178.6982,133.4264,142.4113,140.9296,214.6907,137.3659,212.5517,228.6155,128.6498,122.0388
2015-06-02,153.21,215.8797,133.9929,134.5894,206.2539,171.2233,178.2974,132.8642,141.2223,140.3409,213.6242,139.3911,210.2004,228.4744,128.4356,122.0398
2015-06-03,155.0154,214.5041,133.1727,133.6847,204.0251,170.6474,177.9879,132.5643,140.5429,139.4929,212.5534,138.9416,210.2636,229.4302,127.7593,122.0217
2015-06-04,158.7167,217.3904,133.4053,134.0829,205.5629,171.2093,179.4249,132.8345,140.6671,140.4678,211.7811,141.1689,213.8197,235.6248,128.6789,122.1505
2015-06-05,157.9219,215.9227,133.1196,133.3699,205.2886,170.9313,177.8226,132.8521,140.8616,140.5651,210.7383,137.9217,210.6351,233.0096,128.3365,122.0773
2015-06-08,157.0581,217.2174,133.5024,133.2424,203.8495,170.8839,176.6043,132.3722,140.6564,140.3813,214.1395,137.6063,210.4075,237.5474,128.6472,122.0401
2015-06-09,157.4915,217.6146,133.316,132.9926,203.4933,171.0858,176.9068,131.8489,140.2367,140.3973,213.5472,138.3368,209.0273,237.9781,128.7709,122.0585
2015-06-10,157.1098,216.7635,133.1572,132.6465,201.3231,170.6714,176.3284,131.6213,139.9289,139.8558,212.8739,140.5351,206.3907,236.9425,128.8775,122.0489
2015-06-11,156.6252,214.6532,133.9169,133.0104,200.7602,169.8495,175.5537,132.0677,140.4884,140.2323,213.1772,140.4107,206.1123,236.2602,128.9895,122.0835
2015-06-12,155.2393,213.6833,134.1289,132.7976,201.7741,170.4577,174.9062,132.302,139.6271,140.4275,212.6752,138.6844,203.7402,236.3514,129.1115,122.0235
2015-06-15,154.9787,214.2044,134.5095,133.1231,201.6949,171.6163,176.2185,132.8455,139.7731,140.6305,211.9726,139.8437,202.0782,236.9951,129.1024,122.1033
2015-06-16,158.5346,216.7507,133.7204,132.4707,203.5434,171.448,176.4322,132.4088,139.664,140.5569,211.9666,141.6626,199.2651,238.4014,130.3182,122.0334
2015-06-17,159.9359,216.4224,133.0238,132.7901,204.9273,173.1917,178.5182,132.1216,139.1681,140.5078,209.7542,142.5997,200.8933,238.3396,129.6046,122.0331
2015-06-18,161.2845,219.0224,133.0156,132.9791,204.2784,173.6573,178.8335,131.6512,139.1399,140.2872,211.008,146.0823,200.9405,242.4348,130.4675,122.0586
2015-06-19,158.4331,216.6967,133.3404,133.3818,203.9922,174.2818,179.3671,131.4286,138.6575,140.6388,210.1602,145.2812,196.5051,240.4984,130.5096,122.1823
2015-06-22,156.0955,215.2434,134.2035,133.4403,203.3937,172.9655,177.9096,131.7522,138.1211,140.5056,211.5117,147.7548,194.9002,238.6506,130.9259,122.14
2015-06-23,155.8413,215.5314,134.8339,133.986,204.7544,172.9697,178.8092,132.1951,137.714,140.3892,210.2948,148.7268,194.1377,240.3441,130.8805,122.2041
2015-06-24,152.0367,213.2374,134.798,133.6535,202.7022,171.3373,177.7286,131.5688,136.9924,139.7991,209.2137,144.9181,190.6112,239.4107,129.8006,122.2183
2015-06-25,151.4506,214.5983,134.8357,133.1595,202.5577,170.7672,177.2051,131.7922,136.6934,139.6959,209.2168,144.4428,190.6257,240.7621,129.4366,122.2092
2015-06-26,149.4001,214.6806,134.4377,132.5371,201.1578,170.5699,177.6804,131.5843,135.7356,139.7475,207.3481,144.3084,188.3092,239.9521,128.9722,122.2136
2015-06-29,151.0228,215.9223,133.7984,132.4099,202.5726,172.0097,178.5325,131.6004,135.6904,139.6115,207.9807,142.2966,188.1829,239.7255,130.1267,122.2481
2015-06-30,152.6543,217.8202,134.0227,132.1214,202.9878,171.7778,178.1364,132.2235,135.9396,139.8063,209.2335,141.2234,189.1208,246.8884,129.6809,122.2698
2015-07-01,155.6532,221.9699,135.0587,133.5981,208.9068,174.8756,180.3581,133.7888,138.3618,141.4431,211.6865,142.7772,190.3552,249.5815,130.729,122.2663
2015-07-02,154.7867,220.6962,134.7931,133.3108,205.8674,173.7603,179.4162,132.6956,138.4175,140.7172,213.1264,143.0918,187.2649,251.038,130.0826,122.3882
2015-07-03,153.6743,219.0694,136.2381,134.4084,205.2961,174.0749,179.4638,133.7783,139.1946,141.2922,214.6461,143.6238,188.5663,254.544,129.8188,122.3987
2015-07-06,152.6339,215.266,136.1223,134.2732,204.4898,174.245,179.251,133.8348,138.5803,141.3602,213.4646,145.5055,184.9355,254.5296,128.4144,122.3837
2015-07-07,152.4804,214.8324,136.5345,134.8516,206.4374,174.9526,179.9427,134.3226,138.4924,141.6856,211.6758,144.9627,185.25,251.3525,129.452,122.3143
2015-07-08,151.9589,216.6926,137.0518,135.2554,204.9018,174.8374,181.237,134.65,139.6868,142.1145,214.1116,144.477,187.4528,250.3729,130.1591,122.4476
2015-07-09,152.2678,215.589,136.8492,135.0334,204.1056,173.9266,180.5241,134.0378,139.1997,141.6095,214.4872,144.3105,185.74,253.3108,129.7132,122.5246
2015-07-10,152.7311,217.4807,136.7168,135.1282,204.6556,174.7338,181.2579,134.0518,139.0564,141.5184,215.3949,146.2822,186.1329,253.9946,130.3205,122.5612
2015-07-13,155.8316,218.9102,136.2588,134.8013,206.9175,174.4522,181.5988,134.382,139.3466,141.5609,215.5122,145.7927,185.9309,255.9877,130.7548,122.5925
2015-07-14,151.4966,215.7088,136.3516,134.8106,206.046,174.5361,181.2142,134.8808,138.6557,141.444,215.7034,143.5065,185.6541,249.9305,130.2891,122.6791
2015-07-15,151.7955,216.7553,136.3109,134.8234,207.7024,175.4572,180.6761,135.2119,139.3389,141.4494,217.6754,142.0202,184.1375,251.7813,130.1961,122.7184
2015-07-16,151.2177,216.0769,136.2385,134.9459,207.8545,175.4145,180.9893,135.1094,139.6348,141.6996,218.9739,140.5975,184.4757,250.6839,130.0216,122.736
2015-07-17,150.2262,216.541,136.0048,134.7777,206.8413,175.1525,181.4967,134.8138,140.1202,141.3203,220.2543,137.0953,183.9158,247.9543,130.2745,122.7387
2015-07-20,151.4746,220.4201,136.1831,136.224,209.8728,177.9865,184.2561,135.6438,142.982,142.1741,221.8906,139.7144,184.2635,247.5665,130.5014,122.7579
2015-07-21,148.6713,217.2001,136.726,137.6114,208.4904,178.217,185.2893,136.1141,144.0931,142.7391,222.6663,141.5074,183.2422,244.3102,130.71,122.7676
2015-07-22,147.9722,216.4286,136.7722,137.6083,207.9727,179.0862,185.7719,135.7215,143.3067,143.1867,223.4025,142.2489,182.2831,244.0206,131.2928,122.8176
2015-07-23,147.3471,216.318,136.9977,137.58,207.1373,179.0133,185.6792,135.7379,141.8109,143.3707,223.8656,144.6791,183.1023,249.1541,131.531,122.7314
2015-07-24,149.5518,219.342,137.1418,137.8849,210.5135,180.0018,186.0491,136.4084,143.3486,143.699,226.1849,146.2217,184.1627,252.3856,130.6512,122.7351
2015-07-27,152.2848,220.8343,137.3352,138.0528,212.7315,179.8878,186.1609,136.5259,143.5353,143.86,225.2405,148.8461,184.6206,254.606,131.0179,122.779
2015-07-28,151.2674,220.0604,137.8433,138.1461,213.3746,180.1315,185.7339,136.9475,143.5796,144.6492,225.838,149.8228,184.1164,254.8414,130.5849,122.8468
2015-07-29,151.6489,219.341,137.8468,138.3368,212.4776,180.3756,186.9509,136.9833,143.7285,145.1613,226.4926,150.0701,182.7049,255.6561,131.3553,122.9221
2015-07-30,149.5649,217.2109,138.485,138.5758,212.7973,179.3262,185.2579,137.1761,143.5525,146.0521,226.4849,150.408,182.1178,256.4999,130.8866,122.9637
2015-07-31,150.585,220.4674,138.5224,138.025,212.6549,178.9871,183.9434,137.1083,143.918,146.0054,228.6764,151.7104,181.9141,259.1561,131.6671,122.9586
2015-08-03,152.7799,224.2179,138.5227,137.8545,213.1666,179.2634,183.7663,137.2238,144.4224,146.3152,230.2099,152.1778,181.4162,267.0168,132.4626,122.953
2015-08-04,149.8194,221.6552,138.7196,137.3241,211.9368,178.6402,183.6368,137.3235,142.4455,145.9798,227.8586,151.3591,181.7926,262.632,131.7283,122.9343
2015-08-05,149.1826,223.154,139.6094,138.0577,212.3148,179.7672,185.3382,138.6549,143.7515,146.0136,229.6434,152.6167,180.7576,260.3568,132.4382,123.0094
2015-08-06,149.5376,225.4883,139.8888,137.7409,213.4114,179.322,183.8519,138.9022,143.5865,146.9807,230.3196,154.1685,182.1465,264.8181,132.7401,122.995
2015-08-07,149.9665,225.7616,140.6703,138.6639,214.3048,180.9513,184.7909,139.3113,144.7766,148.1312,231.3145,153.5406,183.2412,268.6311,132.438,122.9653
2015-08-10,152.0656,226.3965,140.6358,138.7501,214.2449,182.0634,186.2471,139.5876,144.2574,147.346,230.2859,155.8664,184.7424,272.6398,131.6056,122.9328
2015-08-11,150.2516,225.7822,140.0081,138.0814,213.0216,181.8728,186.1072,138.9354,143.76,147.0158,229.1872,157.7869,181.6503,267.475,130.8096,122.9321
2015-08-12,149.5422,225.196,138.9602,137.5988,211.1787,180.9151,186.4614,137.6879,143.0522,146.0989,230.1681,159.1107,179.3296,265.8976,130.6231,122.9724
2015-08-13,148.5852,223.5736,139.148,138.0902,211.2629,180.7498,187.794,138.5206,143.3926,146.2473,227.8499,158.0455,179.995,260.1524,131.0593,122.9555
2015-08-14,147.9864,223.7151,139.1559,137.8776,209.205,180.4745,187.1882,138.2883,143.1038,145.8226,229.3967,156.3842,178.7972,266.1914,130.7998,122.9857
2015-08-17,147.9848,224.0051,138.8331,138.256,211.3381,180.5936,187.9979,138.4851,144.2847,145.3643,228.9338,156.1278,178.1452,259.7544,130.4836,122.9641
2015-08-18,147.1078,223.1053,138.0621,137.4974,211.2477,180.2582,187.0207,137.7158,144.5449,145.6844,228.5402,154.3946,175.3918,254.1594,130.3439,122.9621
2015-08-19,146.595,221.8139,137.8302,136.592,207.9057,180.3561,185.4701,137.3501,142.7056,144.8526,227.6225,155.1201,175.0371,257.3749,130.121,122.9087
2015-08-20,144.3409,218.4341,138.052,136.9262,207.8092,180.4607,185.7935,136.9646,142.7794,145.497,227.3216,154.7503,172.8314,251.1269,129.9535,122.9058
2015-08-21,147.4325,219.9579,138.2684,137.4368,209.508,181.5977,187.0595,137.5878,143.1279,145.5263,227.3779,154.8639,174.2157,256.1828,130.7328,122.935
2015-08-24,150.1042,223.0676,138.2177,137.5997,209.7991,182.9868,188.2302,137.9172,144.4454,146.1422,229.6604,156.674,176.3067,260.5229,130.8788,122.9906
2015-08-25,148.2231,220.2355,137.9556,136.7627,207.8039,180.9864,186.665,137.418,143.2925,145.9975,228.9428,156.3705,174.207,258.8034,130.2313,123.0102
2015-08-26,148.6165,218.808,138.0682,136.9637,208.0186,180.6111,185.9985,137.4318,142.3664,145.289,228.087,158.3972,176.1649,259.7369,129.8793,123.0413
2015-08-27,149.0198,217.137,138.0608,136.5216,206.5615,178.7279,184.9601,137.485,141.9056,145.1255,227.8998,158.5316,176.3251,260.29,130.0124,123.0426
2015-08-28,145.7662,213.8131,137.8794,136.6524,204.8942,178.2326,185.2175,137.0131,140.7436,144.6533,225.8744,157.8173,174.7866,253.8128,130.1828,123.0634
2015-08-31,146.5858,212.1204,137.418,136.4271,204.4985,179.2116,186.2012,137.1914,140.6515,144.7437,225.4585,157.9202,173.0355,253.9575,129.6426,123.1439
2015-09-01,144.4457,210.412,137.4733,135.7636,202.6545,177.9063,183.9888,136.9873,139.925,144.893,224.9368,158.0468,170.8046,254.5048,129.0949,123.093
2015-09-02,145.6727,211.4627,137.5018,135.6549,202.247,178.2776,184.3914,136.8969,139.9824,144.7829,225.5643,156.7803,171.0673,256.656,129.695,123.1211
2015-09-03,145.8327,212.3939,137.2309,134.947,200.8024,177.3069,183.7004,136.9726,140.279,144.147,228.2045,158.136,171.0382,255.4113,129.5496,123.1054
2015-09-04,143.1397,211.0154,137.5447,135.4945,201.222,177.0966,183.5713,137.0403,140.8262,144.3539,226.5278,155.7446,171.1161,248.9554,129.3512,123.1022
2015-09-07,145.5306,213.3034,137.6129,135.9886,201.9942,178.9486,186.217,137.4785,142.3286,145.549,229.0564,157.8804,171.1233,248.4053,131.2091,123.0716
2015-09-08,147.0927,217.1059,136.3712,134.8544,202.4115,179.2566,186.3392,136.4306,141.722,145.3388,227.0984,157.395,170.7893,248.6352,131.533,123.065
2015-09-09,148.8728,218.9062,137.0194,135.0302,203.1111,179.3748,186.3208,136.331,141.8824,145.738,228.1122,158.0905,171.7616,251.6103,132.6241,123.0176
2015-09-10,145.3999,215.6606,137.7495,135.4001,202.5238,179.2806,185.5371,136.7381,141.0173,146.2991,225.6244,157.1845,171.8108,249.005,132.2834,122.9987
2015-09-11,146.1999,216.0792,138.3498,136.5181,204.023,179.1964,185.9118,137.098,141.9095,146.5746,228.2651,157.6494,173.5027,255.6676,132.0457,122.948
2015-09-14,145.5285,213.4924,138.2815,137.1879,205.1804,179.8705,185.3184,137.3947,142.3226,147.006,227.8874,157.6659,172.6726,256.7456,131.3083,122.9665
2015-09-15,146.904,214.2261,138.8231,137.7663,207.1658,180.7016,185.6937,137.8106,141.8782,147.6314,228.0188,158.5785,174.8929,263.8575,131.305,123.0172
2015-09-16,144.985,213.8423,139.2796,138.0749,206.6374,180.9001,185.8153,137.7932,142.0041,147.8625,229.5691,158.359,173.332,263.5931,131.3079,123.0659
2015-09-17,144.0052,214.9667,139.0981,138.03,207.0759,180.7917,185.1264,137.3159,141.7904,147.6527,228.3845,156.8217,173.1878,262.3105,131.7832,123.0421
2015-09-18,144.3761,215.2857,139.0666,138.7,206.8694,181.1486,185.581,137.706,143.8209,147.8842,229.5862,158.8935,171.364,258.3137,132.9831,122.9996
2015-09-21,150.0593,218.8374,138.7649,138.6232,208.344,183.3263,185.984,138.2967,145.4713,148.0926,231.2045,157.3229,173.5741,266.7297,133.4309,122.9855
2015-09-22,147.5507,216.1349,138.3757,137.5023,205.1378,181.5857,184.1961,137.7535,144.4292,148.1678,230.2423,155.6643,172.4022,263.3392,132.8291,122.8982
2015-09-23,145.8948,215.2097,138.3746,137.7347,205.6788,180.4175,183.2194,137.3111,144.343,148.7997,229.1871,156.8301,172.4194,261.2424,132.7371,122.8683
2015-09-24,146.6453,217.276,138.0446,137.6997,206.3745,181.0443,182.8948,137.3112,144.6046,148.2102,230.6368,155.5822,172.8983,264.513,132.8362,122.9666
2015-09-25,149.2562,221.6553,138.367,138.2151,209.1961,181.9543,183.3854,137.6605,145.8602,149.1812,233.1222,158.2875,174.38,271.6301,133.3295,123.0007
2015-09-28,150.4515,223.0095,137.3121,137.3412,210.6969,182.1443,184.0247,137.9027,146.0043,148.9177,233.6393,158.7821,175.3248,264.3484,133.4836,123.0509
2015-09-29,151.7791,223.2101,136.9592,137.1645,212.3729,183.2445,184.8118,138.1068,146.0659,149.1654,231.1937,156.9248,176.0249,263.5717,132.8509,123.0422
2015-09-30,152.0164,223.3299,137.1102,137.415,212.1552,183.2996,184.053,138.1896,147.1954,149.4742,232.5252,158.4332,174.895,264.8661,132.7932,123.0014
2015-10-01,152.3116,223.4732,137.6437,138.2823,215.461,185.4171,184.4571,138.7914,148.3235,150.1745,233.3406,159.0068,174.8465,263.6043,132.6571,123.0396
2015-10-02,153.0325,224.4119,136.5952,137.1902,215.615,184.1509,183.1922,137.7393,147.3827,149.8168,232.5341,158.5618,175.81,264.118,131.803,122.9865
2015-10-05,151.502,220.1743,137.6399,138.1465,212.8419,184.4282,183.2536,138.7101,147.2357,149.9846,233.1856,158.8476,176.6747,266.2815,132.1325,123.008
2015-10-06,150.7272,217.5879,137.2702,138.1695,211.4054,183.5299,182.6155,138.2169,147.4855,148.8919,233.5731,156.2449,176.8428,262.4257,131.5283,122.9934
2015-10-07,151.412,218.0055,137.1568,138.8395,212.6284,184.0188,183.4346,137.8152,148.2198,149.7205,232.8306,156.3142,177.0365,262.57,132.1739,123.0852
2015-10-08,151.4218,219.8961,136.9287,139.0241,212.0008,184.0096,184.6091,137.6754,148.669,149.4963,233.1868,156.2573,177.1131,264.1538,132.3028,123.1264
2015-10-09,150.7936,218.7197,136.7599,138.8988,212.3075,183.4661,184.3499,137.5883,148.4346,149.3936,233.9624,155.3511,178.5024,262.8539,131.4035,123.1375
2015-10-12,152.6182,219.6945,136.7342,139.1857,213.6186,184.305,184.8679,137.8547,149.2806,149.8851,234.2635,154.7989,179.5808,264.7847,131.6852,123.1227
2015-10-13,151.1492,218.3765,137.229,140.124,214.5011,184.7832,184.6612,137.3095,149.3891,150.3491,232.3759,155.6975,180.3225,261.0985,131.9716,123.1036
2015-10-14,149.5508,218.5596,137.6664,140.3182,214.8827,183.4777,185.0834,137.658,149.2395,150.5576,232.346,155.5135,178.3216,258.0418,133.4482,123.0418
2015-10-15,150.8078,220.1754,137.9305,140.0402,216.0824,183.869,185.0188,138.5023,149.1906,151.0428,232.8238,155.4784,180.6936,259.2228,133.9751,123.058
2015-10-16,151.0779,219.0127,137.9139,139.903,216.537,183.3316,184.5892,138.443,147.8961,151.4027,231.2236,156.6006,183.0248,261.4587,133.5111,123.0767
2015-10-19,152.0267,219.697,137.7848,140.215,217.5502,184.152,185.6187,138.6008,147.825,151.6506,231.3309,156.3884,184.1611,264.2673,133.7213,123.0727
2015-10-20,153.6922,222.5746,137.8912,140.3256,218.3146,185.4282,186.3791,138.685,148.641,152.0381,231.0529,156.8683,187.2069,264.2835,134.0131,123.0147
2015-10-21,155.8183,225.1951,137.3006,139.7823,219.6589,185.4429,185.8908,138.7131,149.8856,151.8917,232.5061,155.4483,186.2811,264.7957,134.0957,122.9988
2015-10-22,158.6391,227.2584,136.9309,139.8677,221.0358,186.2237,186.416,138.7539,150.1586,152.1176,230.8052,154.122,188.8499,271.451,133.6321,122.9115
2015-10-23,161.015,230.4542,137.339,140.4947,224.3557,187.8449,187.5851,139.6262,151.4211,153.3218,232.5239,156.2756,188.8265,279.0045,133.6351,122.9116
2015-10-26,161.5938,233.1194,136.6056,140.1051,225.6977,189.5288,188.9969,139.3028,151.1727,153.3524,230.5521,155.8462,189.4979,275.7697,133.6044,122.9096
2015-10-27,158.7177,228.2194,136.7753,140.5882,225.7221,190.2102,189.083,139.309,150.3089,153.704,227.7685,156.2716,188.5974,266.8779,133.6931,122.9415
2015-10-28,157.5291,226.3533,136.619,140.2353,223.4501,188.2338,187.3462,138.2443,149.7456,153.4509,228.7072,158.0297,187.0904,264.1233,134.2923,123.0004
2015-10-29,154.7081,223.107,136.6041,139.9578,222.2394,186.9746,185.9405,137.6465,148.4659,152.884,226.2969,159.2664,185.096,257.6798,133.9984,122.9818
2015-10-30,153.5464,221.1418,136.1199,139.9672,222.0209,187.2591,186.4457,137.378,148.3127,152.9248,224.773,159.4912,185.187,253.0373,133.2033,122.9433
2015-11-02,153.6376,218.0363,136.309,139.9114,221.2999,186.7196,186.5487,137.3264,148.6777,153.1528,224.9438,158.3573,183.5656,249.5909,132.8229,123.026
2015-11-03,151.0739,216.7557,136.6648,139.9748,219.7345,186.2486,185.2848,137.2917,148.8469,153.2323,225.5167,158.955,181.4851,246.5123,133.1444,122.9913
2015-11-04,150.9567,217.3655,136.4617,139.4849,219.1696,185.4011,184.7173,137.0041,148.5768,153.2412,225.5585,158.4382,180.5475,248.3295,132.8629,123.0575
2015-11-05,150.9018,217.5267,135.6136,138.749,217.6313,184.4623,183.9654,136.1465,149.1666,152.3114,225.8673,157.5559,177.5079,247.4019,131.5917,123.0559
2015-11-06,151.6837,219.1591,135.9834,138.6729,219.0611,186.2862,184.3536,137.216,149.6169,152.7393,226.5835,155.2061,179.0121,250.0833,131.1562,123.0961
2015-11-09,152.5981,219.5636,136.136,138.8082,219.1571,186.8232,184.4838,137.7255,149.1474,152.5594,227.133,155.4781,180.4295,253.2029,131.8425,123.0719
2015-11-10,154.1961,220.0316,135.7982,138.2648,218.9423,187.4449,184.9448,138.0336,149.4397,152.6895,226.0111,152.502,182.5699,252.3044,131.4646,123.1678
2015-11-11,152.556,216.212,135.7856,138.4361,220.9714,187.1333,183.5591,137.9623,149.2415,153.0086,225.0372,151.2781,179.5449,247.5638,131.196,123.1253
2015-11-12,151.1658,213.0495,136.7047,139.3541,218.8989,187.3251,183.9858,138.4237,148.8815,153.815,224.7952,151.3324,180.55,249.8047,131.7827,123.1365
2015-11-13,152.0912,213.4645,135.8406,138.2617,218.1273,187.0412,182.7276,137.4335,148.0088,153.1127,223.0595,151.4806,179.2468,248.9842,131.4165,123.1234
2015-11-16,151.828,210.665,136.1927,138.6166,215.9687,187.2101,183.1002,136.8202,146.3918,153.4107,222.0869,151.3009,179.4125,252.4888,132.4286,123.1855
2015-11-17,150.0971,209.2543,136.2439,138.5279,213.8908,186.3626,183.2634,136.9161,146.2767,153.1864,221.2408,151.9656,179.1477,248.7025,132.1752,123.1539
2015-11-18,150.9803,211.67,135.4931,137.6495,213.0636,185.9896,183.0583,136.5278,146.1088,152.152,219.8553,151.4996,179.0411,247.0889,132.3046,123.1339
2015-11-19,150.1012,209.9632,135.5351,138.2682,212.1412,186.0796,182.9943,136.4232,145.9005,151.6892,219.1978,151.822,179.9985,248.2694,131.8379,123.2103
2015-11-20,150.9957,211.1273,135.6073,138.4693,213.3178,186.3454,183.3749,136.8884,145.6483,152.3792,219.1264,152.8781,182.6863,251.032,132.3788,123.2886
2015-11-23,152.0348,212.6133,135.9333,138.696,213.2862,188.1627,184.9361,137.7884,146.5125,153.7575,221.8599,153.0389,185.6384,255.4375,132.3601,123.2698
2015-11-24,150.8439,213.9614,135.3912,138.5177,214.859,187.9015,185.1195,137.3009,147.4016,153.6736,223.2888,151.2227,182.4438,250.7527,132.4571,123.3372
2015-11-25,150.7737,212.1003,135.5128,138.2534,213.8406,186.3747,182.7429,136.4953,146.7867,152.8795,223.4455,152.6091,182.971,249.6699,132.0259,123.3563
2015-11-26,149.3378,208.3297,135.9336,139.022,214.8565,186.8311,183.4718,136.9518,146.9277,153.1622,222.1391,153.567,180.7601,243.5638,131.9766,123.4712
2015-11-27,147.5776,205.7546,135.6923,138.3218,213.6323,185.6636,182.0532,136.7133,146.3614,153.243,222.5808,153.0852,180.5715,239.5536,131.179,123.5035
2015-11-30,148.3407,207.3961,135.9468,138.9083,215.2246,186.6646,182.2959,136.8089,146.6172,153.6375,222.6486,152.1473,181.6194,243.8921,131.6942,123.5575
2015-12-01,149.6998,207.6024,136.2759,139.9494,218.336,188.0095,183.5359,137.361,147.8002,155.0729,222.6229,152.2569,183.2619,246.8594,131.4695,123.5285
2015-12-02,147.5396,206.2694,136.4312,140.0528,219.0631,187.9901,183.6158,137.7609,147.3635,155.2931,221.8753,149.6243,183.051,244.1626,131.3466,123.5098
2015-12-03,147.014,203.505,135.421,139.0129,217.6411,187.3821,182.7314,137.1529,146.4918,154.4562,221.1919,146.8223,181.2601,238.9344,130.9869,123.5904
2015-12-04,150.2039,205.4685,135.4083,138.853,219.021,187.3189,183.3526,137.1386,146.6961,154.3424,221.8703,146.8928,181.2206,241.916,131.9096,123.56
2015-12-07,150.913,207.8496,135.0706,137.6507,220.2509,185.7114,182.3531,137.2899,146.7475,154.5456,221.7566,147.3003,178.7326,240.2425,132.3226,123.5345
2015-12-08,152.206,207.0433,135.5052,138.0218,220.4583,185.8249,182.5934,137.7777,146.2037,153.8233,220.6378,148.9669,179.4423,242.7035,132.1529,123.5521
2015-12-09,151.5615,206.5775,135.1773,137.5376,219.3574,184.2196,180.4024,137.1669,146.3137,153.4602,220.6859,149.1459,179.0836,238.361,132.9249,123.5389
2015-12-10,151.1272,205.9775,135.2599,137.5623,220.1865,184.7489,179.9903,137.0535,145.3328,152.9246,220.5087,150.0291,180.4436,236.9773,132.7175,123.5674
2015-12-11,150.8754,205.4675,135.2739,137.4638,219.582,183.6365,180.4465,137.0998,144.9924,152.9904,218.0339,148.7946,180.5443,238.3627,132.0148,123.5735
2015-12-14,153.9304,208.028,135.2622,137.5052,221.6459,184.2417,180.9653,137.3017,144.86,153.541,216.2507,147.9538,182.1981,244.9252,132.6262,123.5298
2015-12-15,150.6387,205.3898,136.0003,138.2003,222.3399,183.8594,180.5253,138.2933,144.5197,154.1364,217.6625,146.0835,180.6569,245.9847,132.8345,123.5973
2015-12-16,148.2344,202.3025,136.5894,138.4448,222.1181,183.5068,179.9765,138.8283,144.2815,154.7416,217.0852,146.7328,181.699,241.9491,131.8312,123.5823
2015-12-17,148.8518,200.6826,137.0366,139.2068,223.9866,184.9976,180.8483,140.0013,144.4761,156.169,216.4672,147.1843,182.7892,243.853,132.1597,123.5997
2015-12-18,149.6738,201.4482,136.8534,140.0083,224.9866,185.7858,182.5825,140.527,145.4566,156.6301,216.8366,147.7815,184.7163,245.9378,132.0606,123.6075
2015-12-21,151.3694,202.9056,137.1192,140.435,225.4779,185.1981,181.6057,140.5557,145.55,157.0598,217.6398,150.8121,188.013,253.2983,132.2549,123.6485
2015-12-22,148.5958,199.5537,136.7359,139.6209,221.9356,183.1687,179.8624,139.417,144.2891,156.1291,214.7712,148.3579,186.5298,244.1583,132.703,123.655
2015-12-23,148.7645,198.6859,136.8188,139.4339,221.6204,182.2244,179.2141,139.1986,144.5392,156.9833,214.8927,149.0147,186.0693,242.5721,133.1618,123.6734
2015-12-24,146.6471,196.0885,137.2087,139.4287,217.9952,180.1725,176.8908,138.2192,143.4882,156.3438,216.0911,148.7843,185.8393,245.0622,133.1247,123.7759
2015-12-25,147.6098,195.484,137.6682,140.1238,218.7358,179.888,176.8429,138.4574,144.8548,157.0308,217.3334,149.9272,186.3581,244.5445,133.5261,123.8247
2015-12-28,148.4068,196.3748,138.0244,141.039,220.1697,180.9969,177.6274,138.6799,145.7576,157.924,218.5906,151.4758,189.3995,247.5066,133.3636,123.8567
2015-12-29,146.6166,195.8254,138.8539,141.0918,219.0587,180.1225,176.6943,139.5242,145.7611,158.3185,218.4051,150.7329,190.3576,246.3654,133.7788,123.8285
2015-12-30,144.2774,193.6275,139.1134,141.306,217.977,179.2893,176.1015,139.0849,145.1679,158.8384,217.908,149.5181,189.4469,246.5055,133.5679,123.7211
2015-12-31,143.2317,192.4198,138.8716,141.3491,217.1034,179.3125,176.1931,138.9579,144.5297,158.3344,216.6102,150.0105,188.4365,247.4358,132.6191,123.7949
2016-01-01,143.0137,192.0226,138.4915,140.3948,215.8839,178.4595,175.5068,138.3644,143.6095,157.8405,218.9569,149.009,185.5555,249.4222,132.4864,123.7686
2016-01-04,143.5369,192.7854,138.4855,140.6298,216.9259,178.9219,176.0487,138.8824,144.8402,158.1064,219.6469,148.3323,187.0069,246.9508,132.4243,123.7959
2016-01-05,146.0453,193.7301,138.8036,140.6462,218.3315,179.5772,175.6157,139.6158,144.8371,158.4896,221.0605,150.4998,188.5518,252.1513,132.9652,123.8036
2016-01-06,146.6201,194.8731,138.6396,139.9989,218.7372,178.8778,174.8523,139.8676,145.4007,158.6072,221.5208,152.5952,188.598,249.7557,132.5436,123.8276
2016-01-07,148.0846,194.9586,138.9634,140.4245,219.4338,178.5205,174.358,139.9874,146.2213,158.5812,222.3472,153.0324,191.7811,251.8261,131.9627,123.8299
2016-01-08,145.198,191.6375,139.6658,140.8243,218.3802,178.1978,174.0842,140.1818,145.0806,159.1429,219.7765,152.8561,192.1853,248.469,131.8707,123.8389
2016-01-11,148.6222,194.9272,139.2968,140.5869,219.938,178.3241,174.0213,140.0168,146.7439,159.5062,219.0202,152.7756,192.7941,248.6056,132.6248,123.9308
2016-01-12,149.541,193.0371,139.3002,140.3064,219.0305,177.2245,174.0291,140.4101,146.2782,159.4118,217.6623,151.0824,192.4842,249.1299,132.8441,124.0158
2016-01-13,149.8783,194.5219,138.7904,140.4372,220.0917,177.7006,174.5924,139.9085,146.9169,159.2442,219.3693,149.9369,194.8157,248.9305,132.3158,123.9924
2016-01-14,147.4488,191.9306,139.0255,140.583,217.5464,176.4553,173.5317,139.9023,146.8287,158.736,219.171,151.0992,194.1038,245.5855,131.8521,124.0801
2016-01-15,146.5677,192.5897,139.303,140.3717,215.4054,174.5198,173.1589,140.0904,145.8997,158.0931,219.1812,151.0317,197.9225,246.3731,132.4989,124.0253
2016-01-18,144.9692,192.4094,139.0429,140.214,215.2883,174.8694,173.2049,139.5189,145.1965,157.7023,217.8275,152.0338,198.1901,240.6519,132.4273,124.0289
2016-01-19,144.7842,191.7566,139.0888,140.6997,217.1725,175.7861,172.8781,139.2724,145.6825,158.673,217.9045,151.3747,199.3414,239.412,132.3513,124.0519
2016-01-20,146.5249,193.5425,139.5251,141.7519,220.9291,177.8599,174.5109,140.2156,146.3094,159.0386,219.7357,152.7617,199.0472,243.7498,133.2437,124.1203
2016-01-21,146.4608,195.5698,139.375,141.1731,220.2792,177.007,173.7786,139.5884,145.8883,159.1064,219.95,153.2721,200.4562,246.3163,132.8881,124.1705
2016-01-22,143.6719,193.2692,139.9945,141.5767,218.6953,176.6528,173.8966,140.5562,145.9494,158.9649,219.99,152.8418,199.5839,241.4519,133.2433,124.2214
2016-01-25,146.0493,194.4987,140.0577,141.4742,217.7161,177.4675,174.7474,141.4034,147.1041,159.3877,220.1793,153.4273,200.0613,244.9743,133.2639,124.2481
2016-01-26,143.9326,193.3297,139.7905,141.5096,218.8363,178.641,175.3568,141.5211,146.9207,159.4269,219.7358,152.0137,199.81,238.0611,132.8441,124.2589
2016-01-27,145.1147,195.8324,139.9469,141.7678,219.7024,177.703,175.3501,141.4227,147.5755,159.4079,219.0006,151.8515,201.4051,240.1303,133.5368,124.203
2016-01-28,151.0239,200.8213,139.3036,141.2229,223.4779,179.4922,176.4434,141.6681,148.9839,159.1689,222.077,152.0384,200.9708,246.5114,133.6012,124.2741
2016-01-29,149.5887,200.5199,138.7324,140.4985,221.0258,177.5179,175.5609,141.1472,148.0697,157.8114,222.3333,153.7151,198.9529,244.6236,133.5523,124.1982
2016-02-01,150.4503,202.3255,138.8575,140.404,220.2136,177.0281,175.1421,140.3609,148.9622,157.4305,223.5311,150.9731,198.5571,243.6784,134.8356,124.1758
2016-02-02,153.5103,204.5401,138.6053,140.2521,219.3777,177.0945,174.8348,139.5782,149.399,157.3604,225.9101,151.9692,199.7169,248.0239,136.258,124.2183
2016-02-03,153.5164,204.8844,138.4517,140.1047,220.5557,178.4061,174.8599,140.0021,149.6472,157.4177,227.971,151.2222,197.343,250.9046,135.4985,124.3125
2016-02-04,155.9834,206.8717,138.4336,140.6523,221.1404,178.5172,174.3953,139.6203,151.3491,157.3411,229.9025,154.2453,197.472,250.7534,137.1558,124.2545
2016-02-05,155.4134,206.1525,138.2441,140.3239,220.7388,178.1999,174.3591,139.8888,150.8459,158.0762,228.6783,153.1929,198.5532,251.5411,136.8164,124.3206
2016-02-08,153.8507,203.0962,138.5571,141.0531,220.254,177.7875,173.7268,139.2869,150.5247,158.0104,225.4779,154.0421,199.2959,246.0941,136.9244,124.2879
2016-02-09,155.9139,205.7198,138.0545,140.9304,220.8376,179.262,175.0533,139.5317,151.2828,157.5732,225.4048,154.6238,200.0808,246.1798,137.0506,124.2165
2016-02-10,155.6252,204.8662,138.2867,141.0858,221.3059,179.4975,175.8876,139.947,150.7235,157.4741,224.1073,154.9447,198.5028,247.2798,136.5383,124.2524
2016-02-11,153.5703,203.6988,138.4618,140.6936,218.5499,177.7043,175.1076,139.6979,149.7075,157.4294,224.0576,154.1569,199.3998,245.702,137.1545,124.3617
2016-02-12,154.7937,205.0933,138.2232,140.4848,217.9448,177.6556,176.0439,139.6193,149.1922,157.5926,224.4648,155.4819,201.267,246.8059,138.2288,124.4236
2016-02-15,152.8276,203.3109,138.4318,140.8113,217.3434,177.7028,176.2262,139.6078,149.4813,157.51,224.138,154.0749,199.4763,242.6812,138.1405,124.4678
2016-02-16,154.348,206.4354,137.8812,140.3031,218.3511,177.6214,176.7783,139.6403,149.8177,157.6327,223.652,157.0331,200.6748,241.996,138.1906,124.4103
2016-02-17,153.4383,205.8578,137.7074,140.3158,218.7207,176.9596,176.3564,139.558,150.1849,157.6194,222.1185,155.7424,199.5585,239.6175,137.8584,124.3722
2016-02-18,154.3938,207.2023,137.651,140.2973,220.24,177.7492,176.5695,139.2879,150.018,158.1805,221.783,156.9805,201.3195,241.1879,137.3856,124.4835
2016-02-19,155.1398,206.8191,137.7889,140.7259,218.7927,177.237,177.0213,139.2265,150.7459,158.2839,223.5558,158.2794,201.5597,241.4921,138.4204,124.4673
2016-02-22,154.1997,205.2338,137.1064,140.041,217.7241,177.5021,177.2517,138.5827,150.2033,158.1237,221.3644,157.3725,199.714,236.0097,137.7016,124.4686
2016-02-23,151.304,203.578,137.6296,140.3711,217.9248,177.9412,177.3651,139.1415,150.0749,158.8168,221.6539,156.8514,197.7761,233.7848,137.5344,124.5518
2016-02-24,152.7049,204.7214,138.1845,141.1973,220.9475,180.2522,178.9301,140.7796,151.694,159.7463,222.6463,157.1737,198.7386,234.9034,137.4177,124.5808
2016-02-25,155.3123,208.8005,138.4241,141.5673,222.9637,183.2004,180.7809,141.4511,153.3973,160.0171,225.406,155.4704,200.5472,236.2029,138.3971,124.5584
2016-02-26,154.6409,208.7538,138.224,140.8024,221.5623,182.5665,180.014,141.6988,153.4995,159.4116,224.0749,153.298,199.226,233.9477,137.7366,124.5407
2016-02-29,151.7564,207.7427,138.1904,140.4941,221.9395,181.7218,178.681,140.9081,152.2308,158.9375,222.0823,154.048,197.0029,228.2962,137.7045,124.5506
2016-03-01,151.6462,207.0027,138.4396,140.5177,221.3221,181.0752,178.164,141.1162,151.9923,158.0191,222.1001,153.0866,196.4835,229.5015,137.4867,124.539
2016-03-02,149.8855,206.1262,137.7565,139.6943,219.6053,180.2196,177.9372,141.1112,151.6533,158.3221,220.9955,152.1858,195.1227,225.743,137.2906,124.5015
2016-03-03,149.4388,204.2692,137.4363,139.4668,220.1108,180.1763,177.6968,140.8799,151.0693,158.1224,220.7612,149.8895,193.0821,226.4872,136.4213,124.4554
2016-03-04,149.8138,205.3174,137.2628,139.3309,218.7706,179.8017,177.9478,141.3309,152.698,158.1195,220.9759,150.9494,193.9296,223.6766,136.1633,124.461
2016-03-07,149.3068,204.5579,137.3939,139.5175,221.0792,180.5464,178.2306,141.8525,151.771,158.8708,217.8925,153.0069,194.6223,222.0521,136.0141,124.4249
2016-03-08,152.3515,205.1364,137.9113,140.1351,221.8997,181.2919,178.6693,141.903,151.7163,158.798,219.1836,155.8501,195.9054,227.4728,136.9308,124.3014
2016-03-09,156.0956,206.6642,137.9362,140.1706,221.7324,182.5551,180.277,142.6833,152.6276,158.4092,218.4789,156.7401,196.2828,229.5091,137.2634,124.4158
2016-03-10,158.2136,208.1213,137.689,139.745,222.4212,182.3318,179.7818,142.5995,152.9767,158.851,220.7621,157.9036,197.3072,234.1522,136.7156,124.5533
2016-03-11,158.7996,207.4469,138.2792,140.5111,224.3709,182.6778,179.634,143.335,153.7495,158.6087,221.5915,157.8544,197.9648,232.8566,137.1436,124.6734
2016-03-14,158.3802,206.8779,138.3716,140.6137,224.557,182.2852,180.2496,143.2472,153.9033,158.4595,221.7311,158.8084,196.3577,231.2173,136.7267,124.6064
2016-03-15,154.8174,202.9852,138.974,141.7878,225.7247,183.26,180.2472,143.3654,154.1287,158.9414,219.8939,157.2861,193.4136,225.9822,136.5926,124.6028
2016-03-16,153.3505,200.9872,138.9239,141.7362,227.4174,182.8265,179.3386,143.1697,153.1565,159.5871,217.6553,155.3546,191.5972,224.46,136.7617,124.5592
2016-03-17,152.9816,200.191,138.7094,140.8333,226.3359,182.621,179.1022,143.8466,151.5613,159.0518,216.5029,154.5735,190.77,222.5731,137.631,124.6029
2016-03-18,147.0107,197.1411,138.4712,140.6175,223.3165,180.9724,177.9322,142.6312,149.7978,157.8838,214.6541,152.3238,189.1933,216.2928,136.7167,124.4962
2016-03-21,146.4607,197.719,138.8777,141.354,224.883,182.0171,178.8379,143.2387,151.5106,159.0937,215.1244,151.2373,187.2116,216.6668,136.6721,124.4942
2016-03-22,145.7799,194.6568,138.5558,141.0059,223.4895,182.1326,178.6975,143.2899,150.5038,158.9108,214.5718,148.3566,186.7256,216.5371,136.1645,124.5154
2016-03-23,145.4566,191.8543,139.2533,141.9972,224.4608,182.3104,179.2989,143.9325,151.7489,159.3621,215.4618,146.9741,185.8249,215.4429,135.6476,124.5433
2016-03-24,147.9245,194.3352,138.7351,141.6577,224.1361,183.2007,179.9966,143.3973,153.5987,159.0215,217.7002,147.1092,184.7457,216.0855,135.1879,124.5093
2016-03-25,150.3426,196.3702,138.4444,140.6798,224.0036,183.1076,179.5198,143.2187,153.2329,159.1121,218.9887,148.3811,185.3554,218.9088,135.4698,124.5254
2016-03-28,150.2639,197.6456,138.3091,141.0124,223.3129,183.2662,179.7563,143.2266,153.7799,158.5942,219.6051,149.4113,186.8491,220.1301,135.2623,124.5798
2016-03-29,152.3031,198.7957,138.3276,140.9557,222.2135,182.5729,179.2813,142.6302,153.9211,158.4024,221.1467,151.3099,186.4958,223.4298,136.4426,124.6498
2016-03-30,155.2184,200.2826,137.5207,140.8378,224.2066,183.4042,179.5198,142.7251,155.9861,157.9147,220.3661,152.1574,186.2287,218.5955,136.386,124.5904
2016-03-31,157.3379,201.0174,137.8782,141.0618,224.5422,182.892,178.3147,142.4999,155.3083,157.2685,221.803,152.4806,188.4139,227.6677,136.1431,124.5465
2016-04-01,154.643,199.0069,137.4938,141.2478,223.1706,183.7438,179.3524,142.1146,154.2885,156.6613,219.8866,152.8193,185.3817,224.8544,135.6661,124.5899
2016-04-04,155.6315,201.2214,137.4098,140.8866,225.5431,183.9561,179.3685,142.7346,154.3238,156.7498,219.3894,152.9209,187.1682,225.1847,135.1709,124.6611
2016-04-05,155.0563,199.122,137.3516,141.1049,226.1293,184.7526,179.5581,142.4637,153.7873,156.3772,219.321,151.0953,186.4301,225.0045,134.3846,124.6559
2016-04-06,155.6908,196.9874,136.7796,140.3207,222.853,183.8927,179.3665,142.0031,154.0438,155.8075,220.7729,149.7955,185.2268,222.9136,133.8536,124.67
2016-04-07,157.394,197.2627,136.8219,140.4412,220.1457,182.5242,178.6587,141.5569,154.7238,155.2409,222.6746,152.3738,186.4303,226.911,133.9577,124.6958
2016-04-08,158.4034,198.5318,136.6622,140.668,223.1307,183.6545,179.2409,142.0475,156.1997,155.2254,222.0393,152.3864,186.2276,223.47,133.2867,124.8082
2016-04-11,161.4997,200.8154,136.8787,140.7745,226.1192,184.8894,179.7464,143.0779,158.1495,155.9449,222.9452,152.089,187.6897,221.293,134.2155,124.8186
2016-04-12,159.8451,199.6868,136.9644,140.817,226.9882,184.4484,178.2377,143.1761,158.3595,156.2008,222.2875,150.5988,188.3592,218.2182,133.9501,124.795
2016-04-13,161.8412,201.5849,137.5835,142.262,231.4196,186.5336,180.4939,144.1266,160.5896,157.6174,223.9416,151.5302,190.026,219.9626,134.1186,124.7853
2016-04-14,161.6097,200.0999,137.3071,141.7859,231.5027,185.4806,179.0073,143.1686,157.8044,156.8942,220.9604,150.5259,190.501,222.1411,134.2342,124.8509
2016-04-15,159.9916,198.0432,137.8496,142.283,230.949,184.9994,179.1988,143.504,158.6976,157.6322,220.7458,148.0875,188.2257,220.8951,134.1669,124.9556
2016-04-18,157.6323,195.3626,138.4713,142.5652,226.9954,183.9023,178.6445,143.6505,158.0827,157.2787,220.7067,147.2533,186.8333,222.1844,134.5915,124.9767
2016-04-19,159.2877,195.1494,138.2814,142.308,225.838,184.2303,179.0038,143.9884,158.0431,157.3274,222.023,144.5673,187.31,227.6363,134.627,125.0211
2016-04-20,158.9532,195.0207,138.6023,142.3915,225.8857,182.7778,177.6321,143.7698,157.7657,156.5267,223.384,144.4628,186.7237,229.2224,134.9653,124.936
2016-04-21,158.6709,195.3658,138.6708,141.6811,226.1321,181.3926,175.633,142.6489,155.261,156.1392,223.8504,144.3984,187.8647,231.1779,135.9532,124.9954
2016-04-22,158.8573,194.9561,138.712,141.8389,226.9662,181.8919,175.467,142.83,155.1505,155.9758,222.4185,148.4365,186.5063,228.6839,136.0391,125.0331
2016-04-25,155.5318,193.1698,138.4133,141.3725,224.3708,181.6876,175.1872,142.1045,152.9228,154.5629,220.0441,147.4837,185.4234,226.4549,135.0007,125.0879
2016-04-26,159.4972,197.3001,137.8779,140.4446,224.7659,182.1427,175.3842,142.4531,153.9637,154.4943,221.5265,148.0242,186.1993,233.1231,134.1326,125.107
2016-04-27,160.9444,200.6517,138.1207,141.0915,225.3938,182.794,175.8737,142.8694,155.9794,154.7621,224.808,147.7875,188.0075,236.0972,135.2917,125.1596
2016-04-28,163.6007,204.6438,137.8425,141.4568,229.0139,184.0599,177.0049,143.8931,157.5055,155.3715,224.363,150.4471,189.386,237.8068,135.6317,125.2626
2016-04-29,166.3689,207.9379,138.4544,142.3292,232.1422,185.3812,177.727,144.8665,159.6152,155.6754,224.3689,152.3834,192.8415,237.2869,136.1376,125.2836
2016-05-02,167.6304,208.2136,138.2089,142.5208,232.3784,185.5844,177.7577,144.3159,159.5075,155.7278,223.4434,152.9153,194.5767,236.5991,137.088,125.2515
2016-05-03,166.6373,208.3273,139.1266,143.252,232.3225,186.2777,177.6513,144.6179,160.2737,155.694,224.9689,152.5328,193.6869,237.0972,137.5688,125.2538
2016-05-04,163.513,203.875,139.0725,143.4079,232.4819,186.6395,176.9865,144.5861,159.1666,155.8481,222.8665,151.4263,190.2735,233.4292,136.9572,125.2826
2016-05-05,163.7623,203.5949,140.6644,144.1509,230.4047,186.3169,177.3893,145.4418,159.1116,156.3148,225.3275,151.7324,192.2558,239.7883,137.9315,125.277
2016-05-06,160.0669,200.0478,141.3356,144.2449,229.2455,185.0882,176.5993,145.7523,158.123,156.3913,222.8313,151.9728,188.6405,236.0157,137.5618,125.3151
2016-05-09,160.6556,198.1076,141.233,143.8162,229.5433,183.2725,175.1223,145.6611,156.3889,156.2032,218.9832,150.1587,188.9929,236.5182,138.1965,125.3979
2016-05-10,162.2928,197.4134,141.4048,143.7668,229.3608,182.4147,174.4627,145.5396,156.419,155.6763,221.4385,150.4984,190.9345,237.8023,138.1188,125.4241
2016-05-11,163.8282,199.8149,140.8397,143.3554,231.29,182.4002,173.9027,144.615,156.4337,155.3537,221.038,151.4332,191.9542,238.3936,137.4984,125.3469
2016-05-12,164.8325,201.3951,140.8427,143.172,231.3015,182.6521,173.9813,144.8338,157.1444,155.6826,221.0416,152.3307,192.2923,240.0826,137.1332,125.2725
2016-05-13,162.7156,198.6262,140.4067,142.8445,231.3731,180.5514,171.2808,144.0648,156.4655,154.8869,220.3014,153.13,192.3816,238.3085,134.8828,125.3611
2016-05-16,164.1319,199.4914,140.6267,142.3887,230.3177,180.0383,171.0931,143.8531,156.6798,154.5856,223.0978,151.4526,192.7103,241.5398,134.7217,125.4265
2016-05-17,164.608,201.1806,140.4515,141.6738,229.6856,178.397,169.1036,144.0561,157.2692,153.9286,223.9444,151.0311,193.325,242.4804,134.4893,125.3904
2016-05-18,163.731,200.8832,140.321,141.9523,231.1793,179.1946,169.7531,144.5995,158.6311,154.4558,225.6289,150.6595,190.7716,238.8216,134.535,125.4463
2016-05-19,165.5915,203.7815,140.8971,142.1513,230.147,180.4629,170.9502,145.3394,159.5266,154.6658,228.0303,149.9529,191.777,245.503,135.1842,125.4569
2016-05-20,165.6148,203.7069,141.0337,142.8114,231.7454,180.8271,171.6661,145.7121,159.732,155.0412,230.1674,150.9778,191.3185,249.0949,135.2684,125.4706
2016-05-23,169.5414,205.3253,141.3175,143.595,234.1478,183.2445,173.1066,145.6778,160.5924,155.7752,231.3245,152.8527,193.9732,252.538,135.9594,125.4601
2016-05-24,170.7294,203.7978,140.8143,142.8255,232.1887,183.1395,172.8552,145.3844,159.1271,155.527,231.2172,153.5578,194.1391,257.5841,134.9102,125.4694
2016-05-25,171.7589,202.0252,140.8782,142.6358,231.1818,182.4287,170.8983,145.4516,160.1235,155.2223,232.2468,155.805,193.3748,255.1415,134.6875,125.4472
2016-05-26,167.0237,197.5698,140.9527,142.1877,227.5923,180.5065,169.6949,144.4348,157.1824,154.4053,228.6896,154.6665,192.0006,251.694,134.0624,125.3907
2016-05-27,164.0055,196.3786,141.2792,142.178,224.7157,179.6694,169.8112,144.5464,156.5091,153.806,229.389,154.1894,194.355,249.5048,133.32,125.3912
2016-05-30,165.9545,195.9321,141.0201,141.9905,226.8086,180.1889,170.3823,144.6597,156.5194,154.3146,229.139,155.1692,193.1514,247.1327,133.8829,125.3966
2016-05-31,165.7193,196.0102,141.1912,142.6206,227.8231,180.2341,170.9105,144.8285,157.719,154.7255,228.9041,156.5374,194.2777,243.193,133.9657,125.4488
2016-06-01,167.2565,199.28,141.7349,142.9687,229.552,180.9125,171.6283,145.525,158.1522,155.738,228.8448,157.8949,197.3616,249.5356,134.1144,125.4263
2016-06-02,168.45,200.2966,142.1889,143.3604,232.3618,180.8625,170.9489,145.7156,159.2956,155.7537,231.9281,160.7891,197.6595,249.2757,133.9712,125.4219
2016-06-03,172.3763,203.1405,141.9677,143.2327,233.9175,181.7577,171.5358,145.9284,159.4164,155.5663,230.8963,163.7182,200.1895,252.1455,134.3463,125.4396
2016-06-06,175.6607,205.4919,142.7287,145.1024,238.3286,185.2737,174.5857,147.4932,162.2356,156.6876,233.0262,164.9491,202.5989,255.7548,134.5441,125.4737
2016-06-07,172.2581,204.5369,143.1209,145.4791,237.1545,184.3362,174.039,147.3728,161.6778,155.6668,234.5412,162.9671,202.4189,258.91,133.1775,125.4876
2016-06-08,172.924,208.0305,142.9472,145.1214,236.1882,184.264,174.8826,146.9746,160.8033,155.0097,235.3012,163.7397,203.3077,263.4334,133.7852,125.6262
2016-06-09,175.5312,210.3281,143.0954,145.6736,239.5845,187.0148,176.1159,147.8094,163.384,155.8915,237.0997,161.7973,206.1496,262.1499,133.4724,125.6963
2016-06-10,175.8869,209.6318,142.8887,145.7907,242.1819,187.8631,175.9278,147.9644,163.8906,155.6946,237.4846,162.0461,203.8612,258.7798,133.2868,125.6578
2016-06-13,177.2301,211.8062,142.8678,145.8344,245.1624,188.922,176.1902,148.6573,164.6005,156.2662,238.5393,160.5432,204.4377,261.3983,133.4631,125.6715
2016-06-14,180.549,214.8267,142.9767,145.2995,245.2458,189.9008,176.1003,148.9489,165.3152,156.3058,241.1946,160.8838,205.0341,263.6056,134.6195,125.7029
2016-06-15,184.9239,217.4112,142.9955,144.8347,247.0572,191.0025,177.2855,149.5149,165.0439,156.5717,242.6919,157.4915,207.5978,269.5001,135.4971,125.721
2016-06-16,185.0479,218.6655,143.1973,144.1969,244.657,188.944,174.6277,148.451,163.9381,155.3,244.9988,157.8675,210.5269,275.2033,135.0775,125.7347
2016-06-17,184.6444,217.639,143.3402,144.474,244.3815,189.8335,175.256,149.2647,165.2675,155.3133,244.9727,157.8168,210.7434,267.566,135.4446,125.7061
2016-06-20,187.5802,219.6997,143.3248,145.0908,248.2632,191.3127,176.103,149.908,167.0299,155.7134,246.3,154.0847,212.5054,268.8754,136.2082,125.6552
2016-06-21,186.6367,216.918,143.1617,144.4894,246.1873,189.3605,174.6561,149.3546,166.361,155.2237,246.4773,155.4129,210.5842,265.0027,136.0682,125.7176
2016-06-22,188.4032,218.2932,142.7368,144.5435,245.7067,189.3307,174.3933,148.9184,166.9383,154.6256,246.7143,156.6705,209.8246,269.3919,135.8156,125.6661
2016-06-23,183.6548,215.339,142.8224,144.6288,244.4512,188.2577,174.231,148.7524,166.0417,153.361,246.3244,156.1577,208.6978,259.1417,135.6061,125.5906
2016-06-24,181.8548,215.2108,142.4579,144.0925,242.0132,186.4806,173.4604,148.3024,165.5558,153.2716,246.0251,156.7584,208.1141,258.8578,135.4442,125.5719
2016-06-27,179.0369,214.4194,142.5004,144.2245,241.3651,185.5785,174.3147,148.1965,164.0749,153.4845,243.4306,156.1051,208.9812,259.5475,134.8709,125.5917
2016-06-28,182.1814,215.6079,142.9206,144.0269,242.4072,184.9405,174.0064,148.8746,164.4019,153.3501,244.176,156.9211,209.976,262.7444,135.1398,125.5926
2016-06-29,182.7891,218.2757,143.2198,144.0124,243.8434,184.9502,173.679,148.6932,163.5597,153.7687,244.9767,157.5736,210.4526,269.357,135.8399,125.662
2016-06-30,182.7444,218.9995,142.7673,144.1118,245.6621,186.6729,174.5722,149.1886,163.8927,153.8299,244.8991,159.946,208.2924,267.0223,135.8778,125.6175
2016-07-01,179.8948,216.8977,142.3444,143.7077,243.426,184.3342,174.1231,148.3766,163.0954,152.8552,244.1522,158.5941,206.2219,262.3778,135.5272,125.5768
2016-07-04,181.8095,218.5581,141.6095,143.4454,245.0167,184.5558,173.9854,148.1149,164.1295,153.4696,243.7745,161.2709,205.1498,259.4969,136.2571,125.5959
2016-07-05,186.6431,223.191,141.0286,143.0039,245.9163,184.8649,174.3095,147.4351,163.8156,153.1958,243.3802,163.6989,207.6142,265.6897,137.0271,125.7246
2016-07-06,184.3935,220.9915,141.6476,143.5984,247.0596,185.2471,172.9881,148.3495,164.3228,153.9511,244.8444,162.5464,206.8668,266.5737,137.0001,125.7772
2016-07-07,180.05,218.5311,141.9428,143.4793,244.501,183.7624,172.1098,148.2727,163.2996,154.1634,242.6784,163.2541,204.9094,261.8455,137.3946,125.7804
2016-07-08,177.072,212.7773,142.0111,143.5596,243.6564,182.4318,170.8084,148.0858,161.7476,153.863,240.9643,163.3909,202.7749,260.344,135.9127,125.8189
2016-07-11,177.2414,210.8669,142.6265,144.2309,242.2022,182.1962,171.3244,148.3234,162.0494,153.7231,242.7753,163.4158,203.6449,262.3797,135.9292,125.9236
2016-07-12,178.0505,209.7943,142.311,143.4684,239.7856,180.1832,169.5695,147.755,160.8349,152.2933,245.5383,164.9294,202.2074,265.0795,136.3398,125.9171
2016-07-13,177.2879,209.9343,142.2338,143.5276,237.0947,179.5865,168.7755,146.9008,160.8983,152.3951,247.1387,167.2535,205.0612,267.7093,135.8108,126.0101
2016-07-14,178.0571,208.916,142.1478,143.417,235.6659,179.1384,168.4165,146.5865,160.8768,152.8282,248.8033,168.8386,206.1336,268.0209,136.4029,125.9951
2016-07-15,176.8276,209.9612,142.4498,143.3684,236.6204,180.1769,169.4518,147.3267,160.8854,153.1529,249.348,168.9747,205.9409,265.8794,136.3073,125.9277
2016-07-18,175.3735,207.3947,142.2802,142.8675,235.5356,179.6714,168.6305,147.4447,160.9182,153.7602,250.0946,165.856,206.3559,264.3343,135.2878,125.8675
2016-07-19,178.4796,208.1875,141.8477,142.9046,236.1886,180.2359,168.6498,147.0674,161.0864,153.3373,248.7494,169.0868,205.4974,266.631,135.5592,125.7835
2016-07-20,184.9063,214.0757,142.4072,142.9249,238.427,181.4629,169.5243,148.116,161.6304,153.4186,251.3443,173.6627,210.0023,276.7506,136.7693,125.8111
2016-07-21,191.4213,215.8572,142.024,142.9284,240.3236,182.046,170.7118,148.4383,162.9258,153.4082,250.289,175.8435,211.325,279.4591,136.8153,125.8786
2016-07-22,190.7944,217.4691,142.1397,143.2028,243.2152,182.068,171.1471,148.72,163.9643,154.0506,249.7117,175.2108,209.9724,274.5119,137.6216,125.899
2016-07-25,192.7698,218.2847,141.6861,142.4383,242.8601,182.1658,171.3028,148.5301,162.6679,154.0937,248.2961,175.5147,213.0794,275.1745,137.8816,126.0077
2016-07-26,190.5981,219.5341,141.9595,142.9556,244.6781,182.5883,171.9677,148.9399,163.2868,154.0358,246.9611,173.6842,214.1731,272.0753,137.3008,125.9629
2016-07-27,187.3333,217.0372,142.164,142.5656,241.0676,182.0875,171.8861,148.1914,160.6923,153.659,245.232,174.1531,212.5114,270.8508,137.7593,125.9624
2016-07-28,187.7156,217.7806,142.3791,142.9347,241.4387,183.4406,172.8272,148.9753,160.8227,153.6609,243.8701,176.6972,214.0351,269.337,138.0317,126.0205
2016-07-29,188.0242,216.9625,142.9139,143.3379,241.3996,183.3796,173.0624,149.1207,161.1705,153.7002,244.2661,178.5158,212.6688,269.0443,138.1755,126.0454
2016-08-01,187.314,215.5463,142.4511,142.4856,241.3302,182.6117,171.5887,148.954,159.2095,152.6577,242.0931,176.4876,212.8227,269.5468,137.2113,126.0962
2016-08-02,184.0001,213.411,142.6297,141.9783,240.9699,180.7971,170.332,148.6581,157.6412,152.6376,238.9936,178.2846,211.7878,261.823,137.2008,126.1529
2016-08-03,184.5114,211.2831,142.5029,141.689,240.4623,179.7461,170.099,148.2921,157.1814,153.0199,238.2731,177.6653,211.209,263.3705,136.3495,126.187
2016-08-04,186.551,213.6242,143.1657,142.0674,239.4713,180.2736,170.9167,148.8665,157.6488,152.9363,242.104,178.1717,212.1326,271.2736,137.5387,126.0958
2016-08-05,183.4448,210.3882,143.2423,142.1037,239.1921,179.4764,169.6488,148.8772,156.9107,152.4508,242.1082,178.2396,209.17,269.7358,136.4358,126.1697
2016-08-08,183.9251,211.4774,143.3585,141.6548,237.4826,179.2043,169.6822,148.6331,156.8139,152.7739,244.5711,178.2902,210.0067,273.6645,136.3589,126.156
2016-08-09,182.1253,209.0569,142.7443,141.3282,233.8826,178.5646,170.0643,147.8501,155.7841,152.2342,243.5493,179.3625,208.8916,269.1944,136.6379,126.1135
2016-08-10,176.5876,206.7496,143.1199,141.0561,231.1358,176.5648,168.0252,147.4067,154.5327,151.674,243.3693,177.1567,209.6587,264.5612,136.2566,126.0722
2016-08-11,178.0866,209.4288,143.6049,140.9177,230.6392,175.8181,168.1044,147.3538,153.2974,151.5152,243.357,176.705,210.8434,276.033,136.766,126.0226
2016-08-12,176.194,206.563,142.884,141.0984,229.8897,175.1769,167.951,146.0891,153.8911,151.69,242.5635,173.6317,207.0246,273.0557,136.0017,125.9127
2016-08-15,174.6078,205.1828,142.9805,140.986,229.3655,173.8232,166.8096,145.9705,153.0854,151.4478,242.4196,171.9643,206.3577,275.1336,135.7313,125.9252
2016-08-16,169.8777,203.0005,142.8409,140.2433,226.6977,172.6538,166.3671,146.1772,151.367,150.8316,239.4673,169.4202,204.6353,269.5781,135.1982,125.9601
2016-08-17,170.7083,203.9023,143.1211,140.244,229.011,172.1442,165.6571,145.9536,151.845,151.3004,243.361,171.1343,206.1255,268.3962,135.5196,126.0833
2016-08-18,170.491,202.9518,143.2187,140.518,228.0751,171.8649,165.9647,146.1877,152.1274,151.2745,242.2326,171.8352,205.1727,267.0146,135.8662,126.1453
2016-08-19,169.3933,202.8415,143.0425,139.9829,227.5863,171.7156,165.2706,146.3205,151.9335,151.5915,242.5825,168.6422,206.4686,267.2474,135.2798,126.1849
2016-08-22,168.422,203.5166,143.0115,139.5828,228.1539,171.9431,165.2604,146.3742,151.0426,151.609,241.6598,167.7931,204.3509,266.1501,135.9244,126.2886
2016-08-23,169.8796,204.1671,142.4456,139.0766,226.5154,171.6183,164.8459,145.6171,150.6791,151.2534,241.1011,167.4772,205.3162,268.0105,136.1973,126.2623
2016-08-24,170.8392,206.4267,142.7816,139.2916,228.7101,171.5362,164.9839,145.7191,149.7974,151.6877,241.3972,168.2341,205.956,275.8187,136.9819,126.2543
2016-08-25,171.048,205.105,142.8018,139.4078,227.8595,172.3868,165.3298,145.3335,149.8191,151.9739,240.3157,166.9293,206.952,273.4288,137.0637,126.293
2016-08-26,173.8829,205.6979,142.839,138.9463,227.2874,173.2159,164.9301,146.3232,149.6904,151.8886,241.7561,166.2507,210.6784,278.45,137.1992,126.3064
2016-08-29,174.8366,206.44,143.1629,139.2915,225.839,173.304,165.8498,147.0518,150.7602,152.122,240.9916,164.5998,211.3773,280.2143,137.8673,126.2807
2016-08-30,174.6902,203.9577,143.4408,139.2644,224.7808,171.8632,165.4054,147.628,150.3776,152.3136,239.9879,165.3876,210.6159,279.8948,138.1704,126.3365
2016-08-31,178.623,207.2222,143.621,139.4499,226.756,174.436,167.1119,148.3749,150.9684,153.2551,241.0305,164.1377,211.2892,285.51,140.0886,126.3385
2016-09-01,173.0188,204.8117,143.6848,139.6713,224.5337,173.2717,166.633,148.6551,150.219,152.6623,240.3853,165.7132,209.0306,277.5836,140.5542,126.3626
2016-09-02,175.2439,205.1237,143.3484,138.8766,223.9801,172.3996,166.9425,148.6256,149.2983,151.9342,238.7547,165.1569,209.2272,279.2346,140.2372,126.4034
2016-09-05,175.7417,204.8092,143.077,138.3426,223.6236,172.7136,167.1219,149.0096,148.779,152.144,239.4958,163.992,211.1367,279.7381,140.0156,126.4448
2016-09-06,172.399,201.3443,143.6857,138.6829,221.1944,171.0582,166.7694,149.1439,148.0598,151.4929,240.3346,161.4783,211.2599,278.7217,139.5726,126.4142
2016-09-07,174.6738,204.426,143.0904,138.6285,224.6074,170.7125,166.8901,148.808,149.1311,152.2364,242.2883,163.9762,212.1528,280.0742,139.5332,126.3852
2016-09-08,172.9263,200.4726,142.819,138.4767,223.22,169.0709,165.7995,148.0617,147.5955,151.9037,238.2234,162.5209,211.5846,276.177,139.4989,126.4362
2016-09-09,172.648,200.2306,142.8093,138.2242,222.1495,168.7929,165.5286,148.0466,147.3597,151.4952,238.241,163.1807,209.488,278.1699,139.0198,126.4566
2016-09-12,171.8121,199.9099,142.4199,137.8664,221.7116,168.2887,165.8019,147.823,146.8901,151.5106,236.0903,165.0348,207.2416,275.3378,138.7555,126.4604
2016-09-13,173.9231,203.1456,141.7872,137.3865,223.1528,168.514,165.2904,147.4911,147.1277,150.6374,235.9306,163.9059,207.6299,278.637,138.4327,126.4852
2016-09-14,177.333,204.9058,141.6854,137.4114,224.4871,169.1087,166.0521,147.4811,147.1076,150.7681,236.472,163.3362,210.9405,283.7592,138.6861,126.5322
2016-09-15,176.1421,204.6032,141.6316,137.5083,224.1176,168.483,165.5398,147.1752,147.1941,150.7379,238.0215,163.5992,209.9784,284.6081,138.5899,126.547
2016-09-16,178.6612,206.1403,141.8759,137.9298,226.925,170.3273,166.6633,147.8904,147.8738,151.5316,238.6324,164.6215,210.9911,288.4244,138.4304,126.6023
2016-09-19,177.5324,205.0787,142.342,138.5013,227.0402,171.0118,166.7561,148.1395,148.3177,152.1487,237.4783,162.9761,210.8296,285.9199,139.0721,126.6417
2016-09-20,180.4444,207.3347,142.1045,138.1393,228.0428,171.6698,166.8777,148.3335,148.6269,152.3127,238.519,162.2882,212.5495,291.3475,138.9821,126.6423
2016-09-21,179.1625,204.5041,142.9928,138.7337,227.1307,171.8136,166.1731,148.5404,147.4391,152.1254,237.5281,165.0927,214.175,289.2166,139.7447,126.7451
2016-09-22,179.3543,203.1504,142.8024,139.1487,227.7368,172.8232,166.567,148.8507,146.3243,151.5788,234.0986,166.9417,214.6086,290.6658,139.5166,126.6862
2016-09-23,178.6772,202.38,143.1313,139.1546,229.1602,171.7283,165.3901,149.1151,146.8705,151.8882,233.0497,167.515,211.7718,287.6101,139.4814,126.6025
2016-09-26,178.5305,203.0452,142.7885,139.2196,229.9634,173.8143,166.5485,148.9937,147.2934,151.9208,233.3414,167.998,211.1592,282.5627,139.4456,126.673
2016-09-27,178.4515,204.1513,141.2671,137.9518,228.7997,173.6676,166.0956,148.2303,147.7139,151.4159,234.108,166.1056,208.45,278.0451,139.0715,126.6752
2016-09-28,178.2035,203.4188,141.6675,138.1679,228.7769,174.4953,166.0302,148.5624,147.8412,151.7281,233.8166,166.5083,209.5983,277.5646,138.6241,126.761
2016-09-29,177.5881,202.0136,142.0857,138.6345,226.346,174.8462,166.0528,148.9302,149.3617,151.9294,235.1276,165.0602,208.3995,276.7532,138.838,126.783
2016-09-30,176.6806,200.673,141.7117,137.8769,223.7709,172.4017,164.8477,148.1123,148.5976,151.173,233.657,163.0154,205.9638,277.0408,138.4577,126.7473
2016-10-03,177.614,201.0596,141.1612,137.4347,225.1081,172.9836,165.2499,148.1524,149.6327,151.3302,232.7158,162.8511,200.6102,272.2461,138.439,126.8049
2016-10-04,173.5803,197.7303,141.0216,136.666,224.7589,172.0563,163.2954,148.0641,148.6914,151.0165,231.5229,159.8197,197.1784,266.8954,136.8307,126.7981
2016-10-05,171.2681,196.1693,141.1869,136.9537,223.5648,171.1993,163.3867,148.2525,148.4211,151.3049,231.3679,158.1856,196.2682,267.9599,136.8683,126.7793
2016-10-06,171.8773,198.1878,141.5167,137.8448,225.8117,172.3309,165.1976,148.6797,149.8224,152.0024,230.8699,159.9645,196.1273,267.595,137.0196,126.7479
2016-10-07,169.3488,197.0895,141.7701,137.6461,224.4226,170.0678,163.9552,148.2473,147.927,151.001,229.1135,159.8747,194.9564,269.9253,136.8355,126.7807
2016-10-10,171.7689,199.501,142.1289,138.2798,225.6538,171.6731,165.7791,149.3957,149.3175,151.7645,230.6843,160.5255,197.2535,273.9554,137.4394,126.7391
2016-10-11,170.9807,199.995,142.0221,137.4961,224.7031,170.9142,164.9144,149.3395,147.9142,151.526,228.5512,163.1645,197.3558,274.6121,136.961,126.735
2016-10-12,172.7552,200.8588,141.4345,136.966,224.3063,171.7385,165.4056,149.0008,147.0102,151.6276,226.529,163.9388,196.3385,279.7841,136.71,126.7335
2016-10-13,173.0774,201.0769,141.6391,137.2617,224.5677,171.7726,164.8906,149.0001,148.2518,151.5916,227.4838,161.6185,194.7115,280.2759,137.0588,126.7464
2016-10-14,173.1552,201.4626,140.4598,136.3478,223.2882,171.5367,164.9859,148.2792,148.0321,150.8755,227.0225,161.8755,192.9187,279.3137,135.6203,126.7922
2016-10-17,173.2662,200.7485,140.0556,135.7849,223.2207,171.2613,163.4099,146.8162,147.1796,150.2502,227.6534,162.6579,190.9444,276.8631,135.9068,126.7444
2016-10-18,172.4504,199.9363,140.3042,136.81,224.3771,172.4425,164.4011,146.8682,147.5997,150.9341,227.6903,160.6014,193.9118,276.9397,135.8393,126.7811
2016-10-19,174.6923,200.3346,139.8174,136.2974,223.4982,171.7087,164.3849,146.7965,147.0499,149.9739,226.125,161.8379,192.7508,279.7331,135.8591,126.7332
2016-10-20,171.6339,201.3649,139.8246,136.279,222.4258,170.4347,164.3554,146.1908,146.6709,148.9247,227.6884,162.9203,191.4035,276.6233,136.0022,126.6631
2016-10-21,168.319,198.0778,140.6724,136.8862,221.6124,169.5648,163.136,146.0788,145.6068,148.6706,225.133,161.7822,190.19,274.8649,136.1583,126.654
2016-10-24,164.657,197.0324,141.3553,137.4201,220.1958,168.6976,162.9959,146.4295,145.1791,148.9861,224.8395,161.5016,191.0284,274.2092,136.4262,126.6184
2016-10-25,166.4021,199.2752,141.0253,137.7497,221.9719,169.7429,164.4309,146.8238,147.1415,148.5632,225.6066,165.0391,190.562,268.7596,136.1113,126.6036
2016-10-26,168.1451,199.6571,140.2383,137.4725,223.9818,170.3154,164.6351,146.5912,146.8944,148.8909,224.6582,165.2982,192.0096,270.4536,135.175,126.6214
2016-10-27,166.9633,199.2939,140.1427,137.0561,223.2823,170.2036,164.5772,146.3431,146.6708,149.0408,224.0351,166.9275,190.4781,269.7606,133.8355,126.5836
2016-10-28,168.088,198.5928,140.9254,137.403,222.0215,169.442,163.0363,146.4662,147.1649,149.2135,224.9987,168.8752,191.59,274.4373,134.0515,126.5936
2016-10-31,166.9656,197.7098,140.4602,136.8645,221.2479,170.0086,163.1526,146.6009,146.7112,149.0259,221.3561,169.4706,191.1225,268.6042,133.0956,126.6252
2016-11-01,163.8615,194.9707,140.1235,136.7889,221.2623,170.7844,163.7993,146.8238,146.8148,150.2462,220.3352,168.3522,188.4484,262.7729,132.2314,126.6555
2016-11-02,163.0857,193.8895,140.7557,136.7913,220.126,170.2765,163.1398,147.4,146.6203,150.5531,219.3286,165.531,189.7192,260.3287,133.5072,126.6655
2016-11-03,163.5996,193.2506,141.3268,137.7311,222.1737,170.0895,162.6104,147.5546,147.8296,151.663,222.0027,166.4418,190.5703,261.6944,134.2549,126.6638
2016-11-04,161.6297,191.8477,141.528,137.7752,221.8149,169.642,162.2102,147.2804,147.1133,151.4859,222.2562,164.4212,190.6184,261.9939,133.4788,126.7039
2016-11-07,164.8102,193.8131,141.1804,137.9316,223.4278,172.2047,163.3443,147.8745,148.0823,151.656,222.1458,163.9615,190.0808,263.6672,134.3556,126.8524
2016-11-08,162.7702,191.8834,141.604,138.2315,222.2155,172.5396,164.0185,148.1529,146.4331,151.1841,221.2412,163.1439,187.9435,267.3251,134.308,126.9166
2016-11-09,162.9286,192.8897,141.9893,138.4013,221.4872,172.168,164.1825,148.5403,147.61,151.3904,221.7848,162.8411,189.4286,262.662,135.5767,126.8316
2016-11-10,165.0671,194.0615,141.5694,138.9268,223.9449,173.347,164.457,147.8689,149.4225,151.5198,224.0887,162.9233,189.3111,262.6986,135.1416,126.9119
2016-11-11,166.4193,193.5179,141.3536,138.4317,223.542,173.7446,164.5077,148.0949,148.5329,150.9631,222.7014,160.2934,191.148,262.4738,135.3372,126.8865
2016-11-14,167.1542,197.0083,141.605,139.1165,228.7137,174.9335,164.9979,148.3262,149.4237,152.3801,222.4324,160.5815,192.4637,266.9918,135.0547,126.9142
2016-11-15,165.4256,195.5877,141.7445,139.4134,230.844,175.9057,165.3989,148.1905,149.3694,153.2442,222.0346,161.3724,189.9632,262.4965,134.7089,126.9779
2016-11-16,168.1911,197.8194,141.9889,139.463,229.9482,175.784,166.2412,148.5279,149.386,154.0039,223.9199,163.5028,191.6916,272.384,135.6228,127.008
2016-11-17,167.1575,198.5574,142.5377,139.2421,228.5554,174.7103,165.071,148.393,148.4905,153.5891,224.0248,164.848,191.2752,274.8908,136.177,127.0117
2016-11-18,167.5228,198.8307,141.8317,139.393,231.8305,175.4389,165.5431,148.0043,149.5421,153.8528,223.7596,161.6129,191.3864,268.1586,136.2356,126.942
2016-11-21,164.2308,194.7868,141.5503,139.4552,230.0226,175.835,165.3759,148.1138,149.0223,153.7512,222.4612,160.3546,189.3204,264.124,135.1081,126.964
2016-11-22,165.7269,194.7356,141.403,139.633,230.2301,176.2874,165.8587,148.1792,149.8318,154.1392,223.9422,160.122,189.8406,265.1313,135.2262,127.1236
2016-11-23,162.6478,193.9538,142.1576,140.5119,231.2177,176.2459,166.4463,148.6714,150.8124,155.0542,222.8492,159.2326,187.1099,260.551,135.6175,127.1118
2016-11-24,160.8854,192.8236,143.1227,141.6096,231.3822,176.7682,167.2136,149.4718,151.6063,155.7776,223.3838,159.3873,186.2306,259.9803,136.0976,127.1877
2016-11-25,164.4737,195.5136,143.0305,141.5304,233.6306,178.0152,167.3474,149.9805,152.2013,156.245,221.8917,160.339,189.7982,261.846,136.5122,127.1446
2016-11-28,167.1784,197.2715,142.7087,141.1526,235.4816,178.4037,166.869,149.6943,152.8573,156.3171,223.842,160.2751,189.5877,263.9614,136.6734,127.1395
2016-11-29,167.0065,197.6695,142.5907,141.6341,236.8491,178.8462,168.2961,150.1678,152.8448,156.3445,223.6015,161.2538,190.4474,265.3324,135.9653,127.2517
2016-11-30,167.4117,197.4292,142.6349,142.2055,236.3548,178.2174,168.0238,149.8271,153.6151,155.8144,222.8899,162.8303,190.2313,265.207,135.9954,127.2139
2016-12-01,168.3383,198.4249,142.1798,142.0181,235.1687,178.3744,168.3409,149.4713,153.1913,155.4049,221.6129,163.6924,191.3286,266.6583,136.2319,127.2729
2016-12-02,166.0426,196.4722,142.8549,143.1172,235.49,179.7739,169.0926,150.1454,153.9701,155.8065,221.2537,160.3443,189.6464,265.9968,136.159,127.3081
2016-12-05,165.6266,196.8565,142.5571,142.0998,234.6545,178.6371,167.8139,149.6239,153.0124,155.7885,219.9045,160.8777,189.9756,265.1029,135.5755,127.2531
2016-12-06,161.591,189.9698,142.8264,143.022,234.761,178.4374,167.4123,149.403,152.297,156.123,216.4725,157.3517,189.8363,256.9718,134.3877,127.2847
2016-12-07,162.3694,189.0272,143.0697,143.8247,235.9345,178.699,168.2455,149.6607,151.899,156.5875,215.5347,158.0407,191.2029,260.5398,134.6409,127.428
2016-12-08,162.1869,189.0541,142.4778,143.0826,235.1449,178.183,167.8232,148.9896,151.1177,155.7261,216.0798,158.2266,192.8226,256.2369,134.3908,127.4783
2016-12-09,160.77,187.8889,142.8666,143.6595,234.183,177.8926,167.4683,149.2603,151.2673,155.8874,216.312,157.8391,193.7012,257.9805,134.1685,127.5801
2016-12-12,164.7439,188.5819,143.0493,144.4308,235.466,178.7782,168.3723,150.0768,152.6469,156.4724,216.4865,158.8917,197.8801,261.5238,134.7896,127.5528
2016-12-13,166.6218,189.1515,142.1535,143.4546,236.2928,179.346,168.1496,149.8545,151.4915,155.7528,216.1936,160.7129,198.1654,260.7828,134.5853,127.5343
2016-12-14,164.7776,187.1127,142.4721,143.1675,234.6403,177.671,166.5337,149.6374,151.363,155.4682,216.4894,161.2821,195.0136,259.1506,134.1105,127.5145
2016-12-15,165.1655,187.0167,142.2356,142.4771,235.6428,177.2128,165.7981,149.6041,149.8907,155.3301,213.12,163.1274,195.0531,256.355,134.3232,127.5895
2016-12-16,166.706,187.8356,142.0968,142.1815,232.8287,176.7538,165.6843,149.4649,150.2584,155.0034,213.6137,163.9986,196.4362,258.1832,134.8603,127.5161
2016-12-19,166.8369,187.2419,142.5822,142.8067,233.9982,177.171,167.0441,150.5052,150.4506,154.4201,213.9232,163.2143,194.308,261.8003,134.0219,127.506
2016-12-20,169.1233,189.2039,142.3614,142.943,236.095,177.6202,166.5605,150.2024,152.2039,154.4968,214.6643,162.651,194.2531,261.7472,134.0935,127.5104
2016-12-21,166.7208,185.3324,141.8113,142.4187,234.3432,176.4472,166.4091,149.7345,150.9381,154.0713,213.6633,163.0507,189.2237,258.0896,133.1576,127.5117
2016-12-22,164.8268,184.071,142.347,142.6217,233.957,175.5892,166.0513,150.4243,151.0993,154.4099,212.7786,162.3001,188.3524,255.4837,133.437,127.4709
2016-12-23,164.3437,184.2378,141.963,142.4845,234.2788,175.6298,166.0945,150.0623,150.521,154.2077,212.8281,162.7228,186.5348,258.3627,132.9402,127.4641
2016-12-26,166.9923,184.7273,142.7702,143.0261,235.0163,176.2244,166.62,150.4868,150.5646,155.5169,212.6908,163.3582,189.0108,268.3577,132.8746,127.4004
2016-12-27,168.6751,186.383,142.5013,142.6413,237.2141,175.2792,166.2102,150.2627,150.1311,155.3771,213.1632,165.2513,189.3987,267.9799,133.8327,127.4422
2016-12-28,163.2165,181.5493,141.4591,141.0919,233.5417,172.8127,164.3243,149.3199,146.3892,154.6182,208.9447,166.2442,185.0951,262.967,132.3419,127.5138
2016-12-29,163.4278,182.1111,140.9684,141.4561,236.0953,172.9012,164.0147,149.2128,147.0909,154.561,208.1087,165.462,186.8165,260.1346,132.2665,127.5609
2016-12-30,163.5092,181.4997,140.3889,140.7101,235.3005,172.5756,164.536,148.9804,145.9961,154.8394,208.493,168.44,184.2281,263.4284,131.3952,127.5846
2017-01-02,163.3225,181.8746,140.8583,140.9871,235.8492,173.1899,164.2615,149.1967,145.8322,154.8355,210.3201,169.5012,185.8656,264.4167,131.7128,127.6302
2017-01-03,160.3664,180.3794,140.6023,139.7848,233.7131,172.8871,163.4895,149.232,143.6371,154.5527,206.6747,169.1726,183.9073,259.9445,131.25,127.6395
2017-01-04,165.9762,182.875,139.8417,139.4207,236.204,174.3064,165.3478,149.6206,144.3773,154.7457,207.3192,167.8567,184.8689,266.5067,131.0606,127.6386
2017-01-05,170.9621,186.7611,139.7761,139.4974,238.4986,176.0437,166.3955,149.5495,145.4651,155.4181,207.8706,167.9494,187.0918,272.1041,132.0155,127.6122
2017-01-06,168.7093,184.0311,139.5108,138.7141,236.5069,174.4773,165.1008,149.6164,143.3891,154.7351,208.184,169.6502,185.2943,270.2291,132.2244,127.6826
2017-01-09,167.2426,182.0768,139.5104,138.6152,235.5516,172.7883,164.2151,149.3024,143.4794,155.0344,206.9987,166.7486,184.6631,268.1526,131.8755,127.6805
2017-01-10,169.4478,186.4073,140.1437,139.4826,237.858,174.3051,165.241,149.5728,144.0187,155.3552,208.9586,169.3762,187.5821,276.457,132.956,127.6902
2017-01-11,166.0992,184.314,140.6541,139.7037,237.0515,173.8804,164.1124,149.5807,143.8756,155.1411,209.3521,168.6666,183.5008,274.4773,132.8111,127.6806
2017-01-12,167.7042,184.1065,140.4212,140.5219,237.2895,174.3188,165.5505,149.3625,144.7857,154.8556,210.1143,168.8588,185.034,272.6026,133.5274,127.6938
2017-01-13,165.3377,183.6039,140.65,140.2829,235.9476,172.6291,164.0438,148.6031,144.1251,154.6698,210.273,170.0649,183.13,269.8943,134.266,127.7369
2017-01-16,164.5267,184.2266,139.8468,139.4534,236.2772,172.0202,164.0114,147.6536,142.7354,154.1174,211.0083,168.9173,181.6143,269.4763,134.3841,127.7161
2017-01-17,165.6792,186.8865,139.6158,139.5054,237.6399,173.1181,164.854,147.5322,143.0426,154.0692,209.6451,166.1743,181.3606,270.8438,135.2406,127.752
2017-01-18,165.5686,185.8435,138.6989,138.5023,237.1007,173.1255,163.7414,146.4801,142.2065,153.4728,209.3253,163.0886,177.4444,269.5152,135.1538,127.7794
2017-01-19,169.9215,187.6182,138.0762,138.027,236.7925,173.3588,164.0957,145.7718,142.6843,153.4702,209.4973,162.9013,178.4255,271.8425,136.075,127.8279
2017-01-20,165.7268,184.7745,137.7526,137.4145,234.9853,172.8215,164.1118,145.6602,142.2847,153.4996,206.8925,160.805,175.2735,262.4953,134.6195,127.8652
2017-01-23,164.0874,185.2027,137.6848,137.0139,232.5613,172.3416,164.0908,145.3592,142.78,153.4766,208.2563,162.4724,173.3641,260.5858,134.007,127.92
2017-01-24,165.4372,186.3262,137.2229,136.4614,234.1052,173.6046,164.3093,146.1264,143.1986,153.8866,206.3002,162.6906,174.0499,256.4616,133.9443,127.9391
2017-01-25,165.385,186.2214,137.2521,135.9266,233.7259,172.8578,162.9178,145.9326,141.9845,153.841,204.5615,161.1541,175.641,260.4601,133.354,127.9744
2017-01-26,165.8241,186.2154,137.5152,136.071,233.2886,173.0331,163.3417,145.9497,141.874,153.4513,205.0071,160.1571,175.3187,262.4172,133.4646,127.9984
2017-01-27,165.5954,187.5371,137.827,135.8448,233.6486,172.3155,162.579,146.8078,142.9218,153.4678,208.7125,162.811,174.7222,263.9278,132.7736,127.9991
2017-01-30,165.355,188.2759,138.4975,136.9623,236.2994,174.079,164.4408,148.0772,143.9352,154.5461,208.7471,162.5506,174.0992,264.747,133.46,128.0931
2017-01-31,167.7807,188.3207,138.1435,136.4618,233.178,173.1386,163.7774,147.6215,144.0202,153.9408,209.9668,163.6932,174.7551,268.1699,133.884,128.1626
2017-02-01,165.873,186.4746,137.5113,135.9499,231.6158,172.0559,163.15,146.5061,143.2239,154.1241,209.1035,162.2302,172.1295,266.1517,133.7171,128.3067
2017-02-02,164.0581,185.5932,137.0143,135.2315,229.486,171.1829,163.0987,146.2509,142.4171,153.9412,209.524,162.2248,169.9458,265.7765,133.1658,128.3798
2017-02-03,165.423,186.7965,136.6085,135.122,228.958,171.8009,163.2253,145.4796,141.6524,153.2486,209.8668,163.9826,168.3232,270.5068,134.0437,128.385
2017-02-06,165.6924,186.2718,136.7487,135.3796,230.0521,171.7177,163.8878,145.9003,142.4343,153.7123,208.8837,160.9734,168.5609,267.6293,134.0822,128.4822
2017-02-07,166.6734,184.9093,136.8494,135.1326,229.9105,171.6415,163.7712,146.0738,142.0192,153.7541,208.8034,159.5528,168.2763,269.984,133.5629,128.521
2017-02-08,165.1072,184.4182,136.4285,134.3325,229.334,172.209,163.8901,146.149,141.6008,153.8654,209.4293,158.4801,166.4295,265.5629,133.2645,128.561
2017-02-09,163.0645,181.5563,136.5567,134.7045,228.1562,172.4501,164.0815,146.7111,141.3316,153.421,209.1134,156.846,165.0232,260.8294,133.9706,128.5708
2017-02-10,159.1479,180.7457,137.8213,135.7138,227.5315,172.2709,163.6601,147.1703,141.4929,153.2882,208.6001,155.5442,165.6102,259.0473,133.9345,128.5419
2017-02-13,156.3872,178.4791,137.326,135.0106,225.5963,170.452,162.2942,146.4656,139.625,152.4611,206.756,156.2485,163.3507,255.3171,133.8845,128.584
2017-02-14,154.0821,178.9816,137.4532,134.7601,227.1657,170.8324,162.0463,147.1874,138.3745,151.745,205.3318,154.8538,162.5974,252.6804,134.0284,128.6118
2017-02-15,151.3753,178.9083,137.3687,134.5404,226.9662,170.1928,162.0392,147.0011,137.8963,151.2416,205.8981,151.5248,162.62,248.1129,134.1162,128.6005
2017-02-16,149.7258,177.5186,138.0224,135.0908,228.0434,170.9446,162.1137,148.0017,138.602,151.6277,206.8766,151.2968,160.8996,244.5254,134.2396,128.6591
2017-02-17,151.472,181.1104,138.6117,135.6497,228.4928,171.056,162.8749,147.8487,140.3279,151.7078,208.8803,151.4688,163.7398,246.7455,134.5615,128.7298
2017-02-20,149.8232,178.0673,138.7376,135.9851,226.7065,170.9638,162.654,147.8963,139.765,151.4164,207.8442,148.6793,164.5439,246.9024,133.7399,128.8467
2017-02-21,153.3133,180.0856,138.6351,136.2841,229.2534,172.4789,164.0563,148.8078,141.7354,151.8008,209.5965,148.662,165.7838,246.8764,134.0142,128.908
2017-02-22,158.0638,183.7164,138.078,135.3549,230.7888,172.4496,164.2068,148.9429,142.3904,152.2717,210.3248,152.2513,165.313,251.4166,134.3775,128.8808
2017-02-23,161.2743,186.0767,137.6192,135.0217,234.4634,173.887,164.8162,149.3969,144.1425,153.17,209.8618,150.9718,166.1132,248.3942,134.1244,128.908
2017-02-24,160.2552,185.468,137.6566,135.7207,236.0925,173.7917,166.5926,149.6301,145.4106,154.018,211.0182,151.2248,167.4735,244.5376,132.9886,128.9086
2017-02-27,161.8826,187.5233,137.3138,135.7618,235.9126,174.5728,167.557,149.6454,146.3327,154.0831,212.4535,150.1709,167.7332,248.1464,133.3241,128.8413
2017-02-28,159.5695,186.9692,137.3367,136.0715,235.9179,175.1719,168.295,150.0121,146.526,153.9921,209.8537,149.5412,166.2697,242.2736,133.4599,128.8243
2017-03-01,159.5909,187.1394,137.1521,135.6404,235.6019,174.4865,168.307,150.5727,145.8489,153.6301,209.4563,150.284,165.5399,241.4015,134.2197,128.8206
2017-03-02,157.9384,185.5679,137.0392,135.2539,235.3489,173.3186,167.5378,150.4369,145.2308,153.2286,208.4317,148.5787,164.3033,237.2502,134.1399,128.7887
2017-03-03,163.0632,188.7326,137.1513,135.3036,239.5469,174.0886,167.1253,151.3428,146.5587,153.4187,209.9712,151.07,165.2135,242.8937,134.4788,128.7562
2017-03-06,166.9578,191.7498,137.1593,134.7264,240.1299,175.0156,167.9836,151.914,147.7806,153.6735,213.4834,152.2615,164.3253,247.9462,134.3908,128.7829
2017-03-07,167.7827,191.8942,136.981,134.4171,240.7847,175.1221,168.2172,151.8579,147.7344,154.3552,212.7689,151.5772,165.7847,245.9969,134.5082,128.8335
2017-03-08,169.6187,192.9466,136.7927,134.1845,240.6076,176.0223,168.8007,152.1315,148.2616,154.5465,214.069,151.7753,168.1464,246.912,134.0467,128.9068
2017-03-09,171.5953,195.4012,136.4702,133.9816,243.9113,177.1123,168.6063,152.2692,148.4314,154.4672,214.4734,151.4811,167.5035,250.2772,134.0481,128.8685
2017-03-10,170.1694,194.6254,137.146,134.0424,241.2098,175.7568,167.8673,152.2001,148.4091,154.4863,215.0195,150.8312,167.869,249.4924,134.8502,128.8635
2017-03-13,169.6449,192.6715,137.5778,134.3542,239.822,176.8558,167.9602,152.9086,147.5513,154.6243,213.9936,151.041,168.2566,252.5944,134.8805,128.8523
2017-03-14,168.7101,191.1907,136.8897,133.4726,236.5539,175.4475,167.1611,152.1823,146.4576,154.2442,211.9247,150.8469,167.8015,250.594,134.5644,128.8731
2017-03-15,167.0149,191.0111,136.1505,132.8838,233.6918,174.2666,166.7456,151.0463,145.1317,153.0736,210.1324,152.2003,166.2027,252.7176,133.2305,128.7932
2017-03-16,168.433,193.1098,136.532,133.3579,235.3705,175.1279,167.926,151.3284,145.4363,153.8834,212.3269,150.5919,168.934,257.6318,134.0978,128.7796
2017-03-17,168.574,191.6604,136.176,133.1922,235.1588,176.3417,168.7344,151.8341,145.9888,153.8914,212.8868,150.342,166.5213,253.9887,133.8299,128.8104
2017-03-20,168.7677,191.9822,136.1637,133.0746,235.2409,175.006,168.0474,151.7651,147.0919,153.8135,213.2788,150.5827,165.1614,251.5134,133.772,128.8591
2017-03-21,171.3905,194.8128,135.6949,132.1071,234.6977,174.4954,168.034,151.4702,146.2945,153.2227,211.9449,153.9799,165.8454,250.8587,134.62,128.9426
2017-03-22,172.6033,195.6569,135.5976,131.7181,234.3915,174.056,167.4671,151.0759,145.703,152.7679,214.077,151.6911,166.4768,253.9082,135.6241,128.9556
2017-03-23,169.6019,195.4242,135.7525,132.267,236.018,174.3129,167.4336,150.7087,146.1588,152.8793,213.6945,150.393,166.2319,249.2622,134.9817,128.9814
2017-03-24,173.5611,197.8674,135.2975,132.0783,237.6532,175.8013,168.6851,150.6609,147.1253,153.0124,215.4905,153.4048,166.2996,250.8667,134.9234,128.8903
2017-03-27,173.2417,196.4059,135.9003,132.7796,236.4324,174.5897,168.5851,150.9514,147.4017,152.8528,216.4035,155.78,167.6659,251.2633,135.1699,128.9469
2017-03-28,173.2423,196.5722,135.771,132.1032,234.2239,173.6526,167.7782,150.9928,146.7939,152.1203,215.0994,155.4612,168.7781,251.8535,134.561,128.9086
2017-03-29,174.5472,196.0951,135.6565,130.8489,231.6571,171.757,165.6166,150.8126,145.5651,151.2137,214.97,155.0014,169.7752,252.8733,134.6879,128.901
2017-03-30,172.3488,194.3572,135.6753,130.5389,228.6977,169.8024,164.4373,149.7908,145.2586,151.2197,216.2182,152.1125,167.5909,252.5678,135.2825,128.9696
2017-03-31,173.9886,196.8741,134.6463,129.614,229.8302,170.1376,164.6478,150.0424,145.3222,150.8246,217.3392,151.0823,168.9772,253.7382,134.365,128.8974
2017-04-03,175.485,199.1108,133.96,128.7364,232.0519,169.8293,164.411,150.1732,144.5481,150.8406,212.8698,151.6707,168.9958,250.0447,134.9337,128.9213
2017-04-04,178.7748,200.3726,134.0638,128.6908,230.7165,169.6566,165.438,150.8666,144.671,150.997,214.1655,151.6514,172.1471,257.6661,135.0694,129.0171
2017-04-05,178.2997,199.6499,133.6144,128.7921,230.5319,169.3187,166.0749,150.1015,144.7875,150.9417,214.668,151.898,174.7704,252.8503,134.6066,129.0481
2017-04-06,175.6472,198.3187,133.8461,129.2394,232.1959,168.9808,165.7922,150.2526,144.445,150.9996,214.8365,151.5804,172.8464,251.4839,134.5511,129.0514
2017-04-07,172.1327,193.2635,133.7473,129.1915,228.4467,167.8861,164.1112,149.4724,143.9954,150.3822,213.7302,151.6037,172.0536,246.3008,133.186,129.0214
2017-04-10,172.5593,193.0073,133.9254,130.2844,230.9945,169.7353,166.4213,150.2641,144.961,151.0317,211.5909,153.1291,172.1562,243.9142,132.9825,129.0172
2017-04-11,174.6207,194.3796,134.0888,130.7443,233.8982,171.3414,167.4664,151.2762,146.3496,152.0772,211.5449,152.0402,173.8441,243.9543,133.2799,129.0407
2017-04-12,175.2923,196.3355,134.3565,130.6638,234.5348,172.1284,168.0778,151.9953,147.1226,152.66,214.2041,150.9093,173.0768,248.5055,133.3474,128.9368
2017-04-13,174.2095,196.5963,134.6607,131.2056,235.2235,171.849,167.6742,151.7245,146.8906,152.527,214.3074,153.235,173.1085,247.9841,134.1111,128.9383
2017-04-14,176.1345,199.6614,134.6297,131.2407,240.2803,173.7208,167.921,152.5525,148.208,153.1149,214.2353,151.0012,172.6966,249.0889,133.7255,128.9413
2017-04-17,177.2438,201.97,133.8882,130.2248,237.8877,171.8983,167.5993,152.5559,148.9824,152.1993,215.2712,151.398,172.7998,247.995,133.4012,128.9279
2017-04-18,181.0836,203.7941,134.8515,130.7952,238.8065,172.8287,168.4831,153.9213,150.0994,152.4082,219.2655,150.8288,173.7714,255.6601,134.7698,128.9943
2017-04-19,179.9388,202.1077,134.6078,130.3692,236.773,172.0123,168.0622,153.7161,150.8426,151.8049,219.5001,148.0591,172.1568,248.085,134.9216,129.0062
2017-04-20,182.853,204.8499,134.3836,130.6833,239.3332,172.7644,169.3124,153.9967,152.1457,152.3825,220.3415,148.0559,174.7652,248.3226,135.6301,128.9217
2017-04-21,186.3823,207.2221,134.2393,130.5185,239.8004,172.4037,169.6748,154.6456,153.5345,152.6292,222.0548,146.3804,177.255,252.0359,135.808,129.0198
2017-04-24,187.9177,207.5079,134.7585,130.5599,237.6155,170.7889,168.2752,154.2185,154.3461,152.417,224.041,147.2398,179.0535,252.8889,136.7723,129.0525
2017-04-25,190.1689,209.4971,134.4252,130.3305,238.0829,171.2584,168.2548,154.0319,155.544,152.6465,225.9497,147.6805,179.499,253.7867,136.8708,129.0498
2017-04-26,195.4232,212.3052,133.9132,130.2889,240.7915,173.2137,169.1771,154.5375,155.6258,152.3705,225.9588,148.8793,181.5644,261.1467,136.4546,129.0757
2017-04-27,193.792,211.2149,133.5053,129.3264,238.7103,171.333,167.7163,153.2948,153.8226,152.0979,225.8029,149.8216,181.9852,261.6984,135.3845,129.1447
2017-04-28,193.9939,212.5093,132.9076,128.7096,239.6636,171.4158,167.7131,153.0334,152.8142,151.0621,224.4547,148.2948,182.4707,257.0525,136.0543,129.0883
2017-05-01,197.1283,214.4434,132.6374,128.0296,238.4959,171.5029,167.7535,152.4782,152.2087,150.4298,224.2124,149.0907,183.6417,259.4199,136.2535,129.1098
2017-05-02,192.0796,211.3349,132.4941,128.1125,237.9216,171.1524,167.17,152.1484,151.6173,150.9355,223.2705,149.3626,180.2739,254.9289,135.7968,129.1644
2017-05-03,193.8541,212.043,132.3905,128.1946,239.4736,172.5755,167.7459,151.9959,152.1996,151.171,223.466,148.8928,179.7719,253.335,136.1907,129.1912
2017-05-04,194.0157,210.8914,131.6812,127.2643,237.9649,172.4164,167.6757,151.2613,150.9719,150.8692,222.5258,147.5287,179.7053,252.822,135.1492,129.2819
2017-05-05,196.7834,212.628,131.1415,126.8123,239.8207,171.7418,167.5935,151.1678,149.9117,150.5589,220.2691,148.076,181.178,253.1892,136.2077,129.3461
2017-05-08,197.2602,213.0935,130.5414,126.0486,237.9973,170.4161,167.0388,150.4997,149.0551,150.0892,219.4132,148.0023,178.4598,256.8737,136.1239,129.4401
2017-05-09,199.515,215.354,129.6679,125.3434,239.6347,170.6359,166.7747,149.7773,149.1111,150.2353,218.9492,144.5413,177.0776,258.2301,136.6754,129.4828
2017-05-10,206.2075,219.1445,130.1498,126.1864,242.9492,172.7621,167.6197,150.9,152.643,150.7458,223.1291,143.9218,180.4585,262.5244,137.0946,129.4135
2017-05-11,213.2659,223.313,130.6347,126.7868,245.7872,173.9436,168.3978,151.5815,155.3067,151.6485,227.3778,143.435,182.1424,270.4094,138.5116,129.3758
2017-05-12,211.3696,223.6775,130.3482,126.4887,248.7826,174.1216,168.1485,151.6025,153.397,151.7935,223.9925,142.9502,181.8358,271.3461,137.8671,129.3711
2017-05-15,213.8841,225.632,130.7592,126.6676,250.0112,175.0939,168.8188,152.7282,154.4028,152.6213,226.8027,142.5513,184.0879,278.4135,137.4014,129.4674
2017-05-16,211.3387,224.4492,130.9422,127.1847,250.7341,175.3979,168.8112,153.1749,154.1045,153.0386,225.1696,142.4865,184.46,276.0219,138.0317,129.4147
2017-05-17,208.8285,221.3185,130.516,126.8633,250.117,175.3919,167.8835,152.3711,152.7373,152.4278,223.4209,141.2767,182.935,272.4881,137.1841,129.4518
2017-05-18,204.6953,218.7112,130.8749,127.1885,247.6027,173.9449,166.887,152.0001,153.0392,152.5678,224.9419,141.5541,182.4569,270.6558,136.6212,129.4275
2017-05-19,210.4242,220.1435,130.6593,126.8756,247.4323,174.0685,167.1411,151.8454,152.7492,152.8786,226.6466,143.1206,184.1375,278.3394,137.7345,129.4137
2017-05-22,210.0299,218.948,130.3177,126.7702,247.1308,174.0125,167.336,151.2869,151.7761,152.8413,224.144,141.4788,183.2928,278.083,137.9784,129.4548
2017-05-23,208.3648,216.499,131.1984,127.3866,247.5668,174.8561,167.8651,152.3562,152.6358,154.2965,226.941,142.1522,182.7158,278.8465,137.5563,129.4139
2017-05-24,208.0344,217.6549,131.4923,127.1059,247.9351,174.6405,168.5142,153.4269,152.8092,154.5019,226.3762,142.6542,181.5469,277.8265,137.5246,129.4001
2017-05-25,207.331,216.8254,131.3717,127.0807,247.1186,174.6171,168.8711,153.6389,153.5443,154.2797,225.9724,140.455,182.5101,273.4212,136.953,129.4057
2017-05-26,206.2255,214.7766,131.3728,126.9005,247.1016,173.6517,167.7585,153.1584,154.0291,154.5234,226.8216,139.7136,180.7855,268.25,136.9801,129.388
2017-05-29,206.2974,217.0353,131.2711,127.2878,247.2281,174.8364,168.8109,153.9459,156.1967,154.5647,226.7967,139.9881,179.2029,268.3548,136.4385,129.3622
2017-05-30,201.396,212.7901,131.2778,126.7977,242.8666,172.214,165.5194,152.8565,154.4017,153.4015,226.8011,139.6341,180.6943,267.3304,134.8908,129.3664
2017-05-31,197.3249,210.5425,131.5169,127.2419,242.2563,171.0259,166.0435,153.0028,153.9308,154.1191,225.8831,140.6648,181.2795,264.3608,134.4326,129.3543
2017-06-01,197.7499,211.6053,131.0907,126.8786,241.1972,171.5911,166.1628,153.0861,153.164,153.8597,226.3517,139.998,183.3471,267.8507,134.4022,129.3947
2017-06-02,195.43,209.8011,131.7592,127.7042,240.2101,172.0073,166.2134,153.4784,154.2882,154.1005,227.3303,139.7053,182.4692,267.1618,134.0572,129.3528
2017-06-05,196.0183,210.6915,131.4886,127.4142,241.6267,172.4388,165.6467,153.7752,155.7456,153.9733,227.6997,140.2922,181.2026,262.0307,133.4336,129.4418
2017-06-06,192.7455,208.6469,131.3149,127.2588,242.3718,171.7027,165.769,153.9467,154.0572,153.8157,226.5855,140.8966,179.1172,259.7729,133.0141,129.471
2017-06-07,192.7196,208.4913,131.2562,127.0431,242.907,172.0262,166.1665,154.3277,153.1022,153.8719,224.4592,140.5056,177.564,257.7664,134.3292,129.3851
2017-06-08,189.7116,204.6077,131.3115,127.1895,240.5413,171.2437,165.7226,154.3295,152.4577,153.2747,223.1364,141.3039,176.8522,252.6419,133.7835,129.4533
2017-06-09,190.3028,204.8933,131.2763,127.7686,240.8434,172.9695,167.2512,154.3187,153.7514,154.0257,225.0116,141.2733,176.7594,250.9474,134.4747,129.4633
2017-06-12,183.7249,201.7842,130.5728,127.1513,237.5164,171.3099,165.7398,153.1527,153.0536,153.482,223.8474,140.8741,174.6114,238.9528,133.9802,129.5724
2017-06-13,186.6843,204.7114,130.0568,127.5891,241.5529,173.1875,167.5583,153.156,154.0784,153.7486,223.3912,140.3458,176.9648,239.4797,133.6983,129.5511
2017-06-14,193.3985,211.4361,130.1436,127.8138,244.9431,174.6092,169.0559,153.831,155.2895,154.766,224.9275,140.4774,180.017,251.538,134.9025,129.6027
2017-06-15,196.7988,214.5979,129.8946,127.7537,246.6646,175.8575,170.9068,154.3057,157.4114,155.2496,225.3354,140.1735,179.5858,248.4214,135.4527,129.6573
2017-06-16,201.0411,216.8347,130.1852,127.5081,247.4199,176.2123,170.865,154.1282,156.5709,155.0619,225.3068,141.1099,181.2873,254.5057,136.1847,129.6673
2017-06-19,197.0851,215.0595,130.0222,127.6089,244.4481,174.3976,169.7893,152.6596,156.0435,154.4319,225.1516,140.3031,180.169,252.8446,136.0076,129.5922
2017-06-20,196.2274,213.6644,130.3903,128.2526,244.5634,174.9632,171.1148,153.3544,155.159,155.0069,223.2213,141.0049,183.1413,253.9137,136.0104,129.562
2017-06-21,196.101,213.0496,130.1104,127.7863,242.8198,174.1616,171.533,153.2192,153.8846,155.1614,223.2919,139.9006,183.4751,255.946,136.7298,129.5245
2017-06-22,195.1107,211.7475,129.9267,127.972,242.3148,174.6268,172.3479,153.4557,153.8288,154.9093,223.679,140.7136,182.8147,255.305,135.9056,129.5908
2017-06-23,199.0918,214.1946,130.1584,128.5524,246.2544,176.1022,174.3195,154.7156,154.3206,156.1737,223.5241,142.8652,184.53,260.1495,136.8492,129.627
2017-06-26,197.6775,213.6398,129.5004,128.3725,246.2208,176.9535,175.2492,154.5556,153.8229,156.1833,222.3301,142.604,185.9508,253.9442,136.8792,129.615
2017-06-27,193.8863,213.0201,129.6647,128.2981,246.161,176.136,175.6065,154.8998,153.7111,156.5712,222.4411,142.6729,184.2406,249.5205,136.6284,129.6802
2017-06-28,192.0394,211.9849,129.7325,127.9937,245.1288,175.5161,175.0272,155.3506,153.8726,155.792,223.6863,141.5721,182.8113,245.2729,136.5892,129.571
2017-06-29,185.5345,208.7699,130.083,128.4236,245.276,174.8821,174.9789,155.153,153.1471,155.5126,221.0442,139.8971,179.8659,238.2273,135.5253,129.526
2017-06-30,178.6006,205.205,130.313,128.6088,242.8203,175.8027,175.2065,155.2319,151.9267,155.7153,218.7173,138.9897,178.8606,229.6379,135.2933,129.5018
2017-07-03,181.7843,207.407,130.4951,128.94,244.0527,176.7517,177.4791,156.0515,152.6216,155.62,217.8657,138.2607,179.8991,231.6805,136.0171,129.4711
2017-07-04,181.8079,207.0925,130.7027,128.7128,243.4624,175.5471,176.7134,156.355,152.9444,155.4309,216.9883,139.7312,180.3491,228.7798,135.749,129.4299
2017-07-05,178.734,204.1494,130.6328,128.101,241.4399,174.5132,175.6979,156.3859,151.3057,154.7891,216.3614,140.2641,180.3754,224.7052,134.7784,129.5563
2017-07-06,181.4989,205.989,130.4346,128.6481,243.6687,176.3351,177.1539,156.2414,152.9369,155.1117,215.4098,140.5411,179.4447,225.5242,134.6639,129.5685
2017-07-07,184.0738,209.0065,130.2088,128.6548,246.6891,178.2595,179.1243,156.3553,153.097,155.3555,216.0015,140.5317,179.4349,227.0311,135.0832,129.6289
2017-07-10,183.054,205.463,129.7908,128.1168,245.0579,176.9415,177.1372,155.79,152.384,154.6585,213.5046,139.1287,175.0961,225.6528,134.4607,129.6689
2017-07-11,184.0698,206.3762,129.8778,128.0818,240.9669,177.2873,177.863,155.4777,153.3155,154.1962,215.8583,140.6614,175.3378,225.7237,135.0209,129.7138
2017-07-12,182.7751,204.7059,130.7399,129.1315,240.9271,177.2898,178.241,156.4954,154.4698,154.9784,215.9068,143.3265,175.7201,223.3667,135.4835,129.6928
2017-07-13,181.985,202.2356,131.7069,129.6782,239.2121,177.1951,177.2211,156.2524,153.6716,154.7454,216.2645,141.7105,175.3182,225.5871,136.5965,129.6824
2017-07-14,181.4762,201.8805,131.8057,129.8179,240.0796,177.2955,176.3045,156.009,154.0583,154.8849,216.6484,141.7053,173.7191,225.3129,136.6318,129.6642
2017-07-17,177.6105,199.4075,131.4904,130.1276,241.4677,178.1672,176.8512,155.5378,153.9237,155.2156,214.579,139.7165,170.9518,216.8922,136.6277,129.6653
2017-07-18,176.9971,199.2957,132.2537,130.6858,244.8127,178.3766,176.7184,156.1338,154.3827,155.5869,214.0646,143.0354,170.3076,215.5055,135.5917,129.6485
2017-07-19,178.0433,200.6136,132.8645,132.1027,249.9405,181.0197,179.5844,157.8425,155.8943,156.4664,212.8622,143.654,172.1493,213.5025,135.908,129.7355
2017-07-20,181.3928,201.4089,132.6833,131.9668,250.4305,180.7679,179.537,158.4658,157.7743,156.6178,215.5688,145.6044,170.2688,215.7639,135.7724,129.6846
2017-07-21,179.3021,199.6073,133.3632,132.8265,252.1627,181.4495,180.1903,159.2754,157.3828,156.707,214.5572,146.1613,171.1638,213.7069,135.3851,129.7484
2017-07-24,177.5386,198.2843,132.6876,132.1548,248.7244,180.8243,179.3608,158.7935,157.5193,155.635,212.91,147.3892,168.2273,206.9358,135.3074,129.7232
2017-07-25,179.0636,199.0467,132.3079,131.5526,250.3815,181.2291,178.7382,159.2687,156.4265,155.5389,210.2128,148.5378,168.9176,207.6655,135.1876,129.7073
2017-07-26,181.6943,200.7874,132.3223,131.4417,250.2166,181.1188,178.345,159.488,156.5776,155.2049,210.0845,150.6808,170.8674,208.4511,136.2127,129.6985
2017-07-27,183.1676,202.0571,131.9929,131.0716,251.4376,180.7477,177.5208,159.2622,156.809,155.0947,211.128,149.5161,169.7969,212.8819,135.5514,129.6328
2017-07-28,181.4997,201.8075,131.853,131.3005,252.5422,181.5876,178.7602,158.8955,156.6121,155.3954,208.4961,150.0864,168.9589,209.3223,134.9312,129.5623
2017-07-31,180.0209,200.8008,131.703,130.6458,251.9079,180.8537,177.8863,158.3393,154.2959,153.8963,206.7668,148.7704,166.8768,208.3447,134.9769,129.6083
2017-08-01,181.639,202.1765,132.2403,131.3702,253.2498,181.7086,178.5138,159.1077,154.5628,153.4757,206.5719,150.6932,168.9349,209.2903,135.9619,129.6747
2017-08-02,180.9766,201.5441,132.481,131.742,254.0395,181.7019,178.0878,159.3468,154.7103,153.5209,206.3075,148.6643,168.4184,210.4378,136.0272,129.7448
2017-08-03,179.7285,200.4953,133.0258,131.6357,253.8412,180.8576,176.044,159.8371,155.266,153.0913,207.8008,146.988,167.4193,209.3749,135.8803,129.6407
2017-08-04,175.4076,198.3356,132.8326,130.8915,251.492,179.0604,174.2444,158.6425,151.9945,152.5658,203.6461,148.2194,165.6169,204.3219,137.0892,129.7633
2017-08-07,173.6735,196.8616,132.29,130.4029,250.8142,177.8928,172.7334,157.9846,151.7801,152.0928,203.5037,147.3526,164.8361,201.7132,136.0714,129.6729
2017-08-08,171.465,195.3973,131.9746,129.674,248.3744,175.9175,171.6857,156.9471,149.4714,151.3762,201.406,146.8071,164.09,201.1733,136.0566,129.6626
2017-08-09,173.9108,198.4324,131.1754,128.7563,250.5016,174.8844,171.2807,156.4998,149.2527,150.2677,203.3006,145.4556,163.7583,202.024,136.3074,129.6588
2017-08-10,170.8469,196.1327,130.9797,128.1519,245.2718,174.1562,170.333,156.4209,148.2026,148.9496,204.0118,143.8914,162.3983,200.4255,136.2173,129.6548
2017-08-11,172.579,194.6303,131.2021,128.7316,244.6495,175.3645,171.1799,156.2643,148.8616,148.9311,204.5218,141.4508,161.4927,203.5217,136.2081,129.6434
2017-08-14,174.6219,195.5652,131.5617,129.1875,246.8736,177.5032,172.0901,156.8046,148.6828,149.1324,205.6574,139.9172,162.6825,210.2664,135.8695,129.6809
2017-08-15,173.8826,195.8031,132.6154,129.6901,246.6826,176.9564,172.4599,157.9924,148.5887,149.0786,205.9382,139.1459,162.071,214.9828,136.0546,129.6716
2017-08-16,174.0165,195.7268,133.1284,130.4881,249.199,178.2117,174.1592,159.7626,149.673,149.2122,204.9987,138.9483,159.8189,215.2661,135.8103,129.7238
2017-08-17,173.9959,195.6608,132.4956,129.7634,248.2637,177.2167,174.3673,159.6112,149.658,148.9871,202.7807,137.74,158.926,212.3055,135.255,129.7164
2017-08-18,172.3725,195.9249,131.9679,129.1115,247.3877,176.7994,173.8083,159.3073,149.2952,148.7656,203.0128,135.1726,158.3047,208.2399,136.1773,129.7745
2017-08-21,173.5313,197.8941,131.9755,129.676,249.7728,177.0285,174.7486,159.0565,150.1132,148.976,206.2348,133.5968,160.1693,211.8897,136.291,129.7467
2017-08-22,176.4732,201.5167,131.8828,129.2894,251.7405,177.1054,175.4004,160.0766,149.4563,148.6754,206.7054,133.4628,163.2286,217.7172,136.6013,129.7384
2017-08-23,173.4161,196.7922,131.7966,128.9852,249.7178,176.6529,175.1938,160.0802,147.8087,148.1074,205.8704,131.7616,162.3078,213.7314,135.6913,129.7825
2017-08-24,171.6871,196.496,132.6407,129.1197,248.8169,175.5319,174.8804,160.1959,147.508,148.1703,207.9564,131.3399,162.1628,215.3134,135.7222,129.9006
2017-08-25,172.5082,197.0119,133.2601,128.9857,247.8677,174.9221,173.9206,160.2589,146.7902,147.6636,208.7818,133.0722,162.0388,219.4223,135.998,129.8863
2017-08-28,171.5827,196.5007,132.834,128.7621,246.5964,175.1608,175.8171,159.8837,147.0161,147.6091,206.8268,131.6523,161.1746,212.7416,135.9876,129.9558
2017-08-29,169.8893,196.0713,132.9511,128.479,245.5346,173.9684,174.8431,159.9192,147.2646,147.9863,207.5525,131.3014,160.2696,212.2753,135.6725,129.9682
2017-08-30,171.5147,197.3767,132.9869,128.2684,243.5109,172.9733,174.5345,160.4659,147.9835,147.2752,207.9844,134.254,159.8917,214.7543,135.3863,129.9412
2017-08-31,173.1569,197.2693,132.656,128.1048,243.7564,172.1009,174.2117,160.1744,148.0977,146.9528,209.5292,133.2146,159.8314,216.929,135.514,129.9699
2017-09-01,172.5968,197.9066,132.4239,127.9691,243.7315,172.2811,174.0986,159.6041,147.1343,146.6369,209.6534,133.9169,158.9242,218.5204,135.7878,130.075
2017-09-04,177.6176,202.9155,131.8865,127.4042,244.1488,173.3485,175.9732,159.923,148.0208,146.608,211.2551,134.6649,160.2322,223.0103,136.3788,130.0322
2017-09-05,179.3611,203.2168,131.602,126.1785,241.9821,171.6011,174.8667,159.3236,146.8096,146.5483,212.978,134.7903,160.3418,229.3499,135.483,130.008
2017-09-06,179.7414,202.5881,131.7479,126.2354,242.2404,171.2305,175.0008,159.1779,146.588,146.7352,211.9769,136.7103,162.8558,224.9796,135.5734,130.0756
2017-09-07,172.6213,197.3351,131.7806,125.8072,239.6905,169.4522,172.7767,159.0037,144.9089,146.3612,210.5415,136.1447,160.4299,218.898,133.9118,130.1509
2017-09-08,170.2353,196.1666,131.4711,125.2111,238.5393,169.6284,172.3175,159.2031,144.1339,145.9522,211.1713,134.5888,159.5982,213.5071,134.5174,130.155
2017-09-11,173.9487,199.5253,130.9657,124.5868,238.9625,169.9416,171.974,159.2298,144.3701,145.1365,210.7111,135.7366,160.4709,215.856,134.7197,130.1512
2017-09-12,169.2476,195.9601,131.2938,124.6521,234.8928,167.9035,170.4069,158.319,143.2908,144.5957,210.719,134.4515,160.6805,214.6011,133.9536,130.1602
2017-09-13,169.4869,194.6936,131.3692,124.5485,235.0513,167.0694,169.1901,158.3019,143.115,144.4196,210.3848,135.5229,162.3856,214.1527,132.9898,130.1309
2017-09-14,169.1519,197.0774,131.0145,124.0464,232.7565,165.6332,169.2753,157.2017,142.1061,144.0115,209.1857,136.0307,161.7563,216.4206,134.0114,130.1069
2017-09-15,173.5434,198.6968,130.4124,123.3814,232.0341,165.8036,169.2836,156.7081,142.6837,144.0505,209.6519,137.6145,160.6486,221.0765,133.6322,130.1831
2017-09-18,173.919,199.805,130.5083,122.8749,230.8607,164.9405,169.0793,157.2849,142.6247,144.2642,210.329,136.5846,161.4487,223.521,133.725,130.1878
2017-09-19,170.7094,199.0014,129.9595,122.2919,230.2931,163.9862,168.182,156.5695,141.5108,142.9362,209.3966,134.9735,160.3978,220.2679,132.1499,130.1904
2017-09-20,168.7386,198.3273,130.1193,122.4764,228.4828,163.7951,167.943,156.1996,141.2626,141.7769,210.5118,135.2878,160.9139,217.6782,131.9563,130.2626
2017-09-21,170.3312,199.2235,130.0985,123.2116,231.2644,164.6528,169.0347,156.3402,142.1138,142.0197,211.0034,135.736,161.8431,218.5628,132.0399,130.3606
2017-09-22,167.9612,199.5527,128.7374,121.5157,228.2568,162.7311,167.5548,154.9221,140.4445,141.365,210.157,135.9992,161.2792,214.8456,131.2112,130.4545
2017-09-25,170.3415,200.6475,128.9203,122.0173,229.598,162.472,167.5391,154.5059,141.9122,142.1943,211.9743,138.9656,161.6922,214.7325,132.2453,130.4705
2017-09-26,174.3268,204.4367,128.492,121.9404,232.3622,163.273,167.8146,154.7734,144.0359,143.0292,213.4788,139.8009,161.5252,215.4558,133.154,130.5316
2017-09-27,174.1097,201.7121,128.4304,122.058,233.3922,162.8794,166.8644,155.0949,143.9628,142.851,210.5942,140.2672,163.7492,210.4483,132.2207,130.4961
2017-09-28,172.9561,199.4038,128.2858,121.7406,233.0961,162.5439,166.6091,155.3818,144.0327,143.0683,210.6013,134.9702,161.5947,207.1639,132.9392,130.5349
2017-09-29,173.9162,199.5896,128.6444,122.0286,233.0582,162.7171,166.3435,155.2213,143.84,143.4075,210.2779,138.6447,162.9439,207.3729,133.6407,130.549
2017-10-02,175.0602,201.232,129.4004,122.8711,234.4167,162.5216,167.0978,156.3685,145.1821,143.9718,213.2109,141.1486,164.8347,211.9685,133.5531,130.5084
2017-10-03,178.5981,204.8751,129.3292,122.5711,235.3745,162.475,166.7089,156.6224,145.3259,143.2527,214.5386,142.5519,166.627,215.8046,134.2881,130.5083
2017-10-04,181.8215,207.237,129.099,122.1523,232.4596,161.9178,166.8646,155.9556,145.2106,142.8375,216.9199,144.0554,168.3722,224.4,133.9476,130.5482
2017-10-05,177.5332,204.7928,129.3588,122.0733,230.6201,160.9126,165.8644,155.7938,143.3865,143.1556,213.8785,143.039,169.2234,224.4435,133.3573,130.6381
2017-10-06,181.7943,207.7434,129.4126,122.0632,228.7072,161.1244,166.8683,156.2995,144.2676,142.5514,216.329,145.1567,170.6644,229.4054,134.4424,130.6645
2017-10-09,181.484,208.1691,129.5273,122.5909,231.0311,161.7751,166.9844,156.4777,145.8615,142.7587,216.5766,145.5288,168.2921,227.2139,133.9092,130.7083
2017-10-10,180.0346,207.9799,130.3791,122.926,232.589,161.6891,165.5385,157.0238,145.6106,143.0884,215.2843,147.3767,164.9448,226.9334,135.2611,130.6766
2017-10-11,179.2575,208.0534,130.1862,123.2401,234.1031,161.638,166.0063,156.7112,145.2743,143.0915,214.3786,148.4887,164.8381,228.2094,134.431,130.7186
2017-10-12,182.6723,210.0809,130.2501,122.9444,236.3479,163.0831,167.7046,158.1206,145.8206,144.1034,215.5695,147.0809,164.7553,231.01,135.0928,130.8044
2017-10-13,184.2176,213.2768,130.5106,122.8778,235.4352,162.3756,168.1027,157.6988,145.9639,144.5302,216.7029,148.3034,165.4012,236.1218,135.9903,130.875
2017-10-16,180.3583,210.039,130.1901,122.4854,232.6328,161.3708,167.3585,157.2178,144.7347,144.0762,214.6804,147.866,164.9208,230.2375,135.5067,130.9504
2017-10-17,179.9756,207.2988,129.5882,122.6243,234.8591,162.5202,167.5524,156.8493,144.3092,143.6044,212.9059,147.3755,164.9796,224.5381,134.4833,130.8887
2017-10-18,179.6259,208.9692,129.6696,122.8302,236.93,162.1834,167.9586,156.5854,145.6706,144.0081,214.2385,145.0499,166.0988,220.7876,134.6213,130.7994
2017-10-19,181.1431,210.6216,129.321,122.3679,238.284,161.8663,168.2508,156.9764,145.4973,144.3922,213.8184,147.0145,166.2831,221.4514,134.6519,130.8021
2017-10-20,184.5612,209.3798,129.862,122.984,239.37,162.4868,168.0353,157.0771,146.5955,144.4799,215.5867,148.4565,168.6469,221.3733,134.7637,130.7908
2017-10-23,184.8151,210.2302,129.785,122.5762,237.3231,161.2343,167.0106,156.7275,146.5666,143.5579,217.3031,152.1444,166.8585,220.1083,135.6481,130.8339
2017-10-24,181.2238,207.6317,129.8993,122.664,235.3144,160.3536,166.4477,156.9209,145.8622,143.4917,216.294,150.5819,167.2187,218.8316,135.1871,130.8026
2017-10-25,184.2904,208.1869,129.5118,122.3328,233.647,160.1155,166.4589,156.8023,145.6515,143.0547,217.0351,150.2298,167.2436,222.1681,136.4727,130.796
2017-10-26,190.0177,212.6544,129.1628,122.2918,236.3121,160.7282,166.9152,156.8395,146.9964,143.4508,217.5715,151.4396,168.7027,226.6677,137.287,130.7995
2017-10-27,193.5647,216.1782,128.7967,122.1893,238.1306,161.5473,167.6857,157.3746,148.4443,143.7999,219.0465,147.203,169.998,231.3642,137.5982,130.808
2017-10-30,191.7378,214.324,128.3669,122.2018,239.4479,160.5363,166.8504,156.409,146.836,143.1489,216.0699,148.7593,168.9208,229.6761,136.9066,130.8556
2017-10-31,188.3775,211.7209,128.7986,122.3092,238.0859,160.4924,165.976,156.4456,146.1048,143.1694,215.5708,148.1874,165.9277,229.9973,136.6682,130.8888
2017-11-01,187.2145,210.9264,128.5724,121.3963,235.352,158.6004,163.5169,155.3955,144.9587,142.4279,214.8398,148.7587,164.6038,228.2823,137.1125,130.7938
2017-11-02,190.5882,214.7947,128.4145,121.0359,236.8205,158.939,163.7324,155.3637,143.7388,141.8229,216.8879,150.6571,164.4397,236.6273,138.2974,130.8383
2017-11-03,195.4313,217.6127,127.9265,120.8741,238.437,160.2039,164.756,155.0998,144.3504,142.4924,216.4617,153.529,166.472,238.8747,138.2398,130.9423
2017-11-06,192.715,215.8968,128.0845,120.8197,236.4814,160.9076,164.5876,155.5045,143.655,142.1676,214.2156,152.7395,166.8103,235.2604,138.0414,130.9932
2017-11-07,186.8491,213.3241,127.8903,120.6365,234.5198,160.1517,163.8175,154.7866,142.2509,142.2523,212.9613,152.7835,166.3005,228.6295,138.2282,131.0239
2017-11-08,189.2329,216.9936,127.7486,120.7514,237.3166,161.484,165.5056,155.2398,143.2244,142.2743,213.6488,154.406,166.6925,227.8915,138.3042,131.0042
2017-11-09,191.4785,217.2707,128.178,121.1002,237.8867,161.3514,164.8462,154.8577,143.9597,142.4578,214.6372,153.5354,167.9543,231.9308,138.0556,131.1159
2017-11-10,192.1447,217.9587,128.344,120.9636,238.2101,161.1883,164.5449,155.2846,143.9787,141.8492,215.9336,156.2153,168.1628,231.7285,137.7053,131.1912
2017-11-13,191.882,216.8071,128.0454,120.8402,238.7754,161.2752,164.075,154.824,143.0771,141.4829,214.503,158.0261,167.6239,232.6491,136.4706,131.149
2017-11-14,189.7513,215.8821,127.9296,121.0806,238.6749,161.9924,165.13,154.5472,143.3868,141.6502,214.7677,157.6343,164.9598,230.9417,135.8643,131.1493
2017-11-15,193.7994,218.2899,127.9635,121.2884,239.9054,161.5818,165.4549,154.6847,144.395,141.4214,217.6664,161.5141,166.0333,238.7416,134.6123,131.2378
2017-11-16,196.3358,219.1581,127.7193,120.7907,238.167,161.1001,165.4325,154.4326,144.4707,141.2992,217.8661,161.4201,165.3652,240.2318,135.4931,131.2825
2017-11-17,196.5389,220.889,128.0558,120.5112,238.6566,160.0293,164.3982,154.7443,145.8309,141.727,219.9609,159.492,165.2556,237.6257,136.3908,131.3168
2017-11-20,200.2464,223.5431,128.1759,120.2362,237.8051,159.7486,164.4091,154.9706,146.5723,142.0245,221.0387,158.0606,167.6192,239.0658,138.1851,131.4156
2017-11-21,199.444,223.9844,127.9335,119.9043,235.7765,159.0501,164.2813,154.7195,145.3548,141.2977,219.37,158.8718,168.4027,240.092,138.1281,131.4651
2017-11-22,201.5554,225.6668,127.1252,119.5769,239.1343,159.6758,164.345,154.486,146.0307,141.8256,220.0674,155.488,169.2497,242.3578,136.9522,131.4822
2017-11-23,202.3283,225.7919,126.6762,118.8982,237.5708,159.3403,163.9133,154.038,145.5867,141.3786,219.9125,155.4704,168.6267,243.2159,136.3693,131.4417
2017-11-24,199.3869,221.8505,127.0393,118.9684,234.2144,158.009,162.5986,153.8803,145.6631,141.5826,220.5967,158.3815,167.043,242.3234,135.4823,131.4513
2017-11-27,202.1339,223.9713,126.4992,118.7682,236.4389,159.3054,164.3606,154.1196,146.4969,142.1797,220.3338,159.0296,164.125,242.9812,135.3874,131.482
2017-11-28,200.8455,223.4841,127.3555,119.8572,235.9567,158.8453,164.8061,154.5664,147.196,142.5639,219.2407,161.738,163.3023,243.6171,136.4783,131.5255
2017-11-29,198.9703,221.5851,127.6493,120.2267,235.7448,158.3558,164.3512,154.7075,147.2904,142.9185,218.7794,161.2438,164.2279,245.1126,135.3002,131.5512
2017-11-30,202.001,224.8548,128.0897,120.4748,237.3521,159.9311,165.5122,155.3848,148.1704,143.6906,220.2939,164.2152,164.7219,250.5325,135.3558,131.4658
2017-12-01,202.4373,223.8667,128.1759,120.3691,237.9526,159.9861,166.2233,155.2149,147.2801,143.3567,221.4855,163.7013,163.9492,250.9871,135.1995,131.5814
2017-12-04,206.1196,226.9438,127.7441,119.5856,236.6341,159.7386,165.8293,154.5674,147.1076,143.3431,222.4053,163.2344,165.7643,257.503,135.1489,131.5428
2017-12-05,203.4839,224.6174,127.9033,119.5057,235.8704,157.908,164.4371,153.6395,146.1185,142.6936,221.3429,161.8442,166.4517,252.99,135.1035,131.4998
2017-12-06,206.074,223.8947,128.158,119.6329,236.4215,158.1439,164.1672,154.0764,146.0078,142.6311,222.3201,162.3072,166.378,255.4289,136.1641,131.5467
2017-12-07,202.1011,219.2207,128.4411,120.0217,234.7764,158.0573,163.7474,153.6332,144.6699,142.8583,220.5563,161.3629,165.9205,253.5285,136.0343,131.5723
2017-12-08,199.1581,218.4101,128.512,120.2664,233.4583,157.8888,164.4438,153.247,144.712,143.2856,220.5423,161.1172,165.2551,252.2702,135.6469,131.6037
2017-12-11,195.9902,215.7045,128.9961,120.6388,234.302,156.6316,163.2885,153.6874,144.4502,143.4113,217.3943,160.3388,165.3947,250.5152,134.3793,131.6481
2017-12-12,198.7214,216.372,128.7072,120.4238,235.6187,156.797,163.4354,154.0585,144.4397,143.1197,215.7347,160.6373,166.927,250.4937,133.9823,131.6723
2017-12-13,192.9576,210.696,128.5993,120.5984,234.0335,156.4827,163.1223,153.6691,143.4195,143.4777,214.3906,161.0472,163.8446,243.0368,133.6852,131.6377
2017-12-14,191.9074,210.4965,128.9786,120.7709,234.7131,155.9779,163.3142,155.0903,144.4017,144.054,213.9656,159.8627,166.1314,238.6579,133.678,131.6651
2017-12-15,192.5656,208.943,128.624,121.2031,235.5603,156.295,163.7095,155.1501,144.7552,143.2378,212.7144,158.0412,166.3834,237.5366,133.0113,131.6581
2017-12-18,189.7609,204.3057,128.2564,121.0486,233.9568,155.65,163.549,154.4868,143.821,143.599,209.9975,157.5679,162.6643,233.3673,132.7281,131.5929
2017-12-19,189.4978,205.026,128.2959,121.1195,235.2711,155.4619,163.9119,155.0703,143.1538,143.7499,209.1307,158.1312,163.5668,235.9519,132.5871,131.5232
2017-12-20,192.1321,206.1125,128.3683,121.1441,234.3659,154.7873,163.4546,154.6101,143.7498,143.5636,209.3953,159.3773,165.0051,239.2881,132.5533,131.4212
2017-12-21,187.0474,204.394,128.4757,120.9318,231.4852,154.4908,162.9061,154.113,142.4154,143.3558,208.0173,161.1459,163.0434,234.9798,132.6426,131.4952
2017-12-22,186.7434,206.2362,128.6959,121.1655,232.689,154.6592,163.3422,154.0805,141.9014,143.177,209.0607,162.3956,165.0905,238.6868,132.1277,131.49
2017-12-25,187.9301,207.8461,129.3619,121.2667,231.8067,154.4,163.609,154.4842,142.6946,143.5562,210.6194,161.5544,165.0016,242.7732,132.6734,131.5199
2017-12-26,185.9842,204.9542,129.5864,121.8094,232.399,153.7723,163.0995,154.7781,143.8542,144.0456,212.7415,159.6595,163.6995,241.1892,132.1308,131.5033
2017-12-27,189.6964,206.7832,129.7886,122.175,234.9952,155.8578,165.6865,156.0493,144.6152,144.6054,212.7937,161.8154,162.0167,243.5206,132.8718,131.4441
2017-12-28,194.3082,208.4538,129.6332,122.4926,238.1195,157.0437,165.8528,156.2985,146.5367,144.5545,214.4312,156.211,162.8685,246.7039,133.2546,131.3753
2017-12-29,191.9585,208.8419,129.763,122.769,239.1612,158.0765,166.0566,156.5547,146.8821,145.2869,215.1945,157.4728,162.5087,243.6822,133.5356,131.3959
2018-01-01,190.8352,206.2862,130.0846,122.9809,238.124,157.7101,165.6324,157.3135,147.1298,145.3407,213.0936,157.0233,161.7313,240.3217,133.6436,131.4487
2018-01-02,191.9224,206.0265,130.1803,123.4162,239.2856,159.1653,166.3756,158.2011,148.047,146.033,214.5685,155.9687,162.4888,241.1986,134.0658,131.4502
2018-01-03,194.9779,207.6022,129.8648,123.2265,240.9848,159.7061,166.9163,158.049,147.6654,145.8669,214.8354,154.8701,161.2895,249.002,133.6733,131.5099
2018-01-04,196.2418,208.9236,130.2727,123.2399,240.1963,160.2879,166.9184,158.1148,147.3946,145.8398,215.6616,158.8894,162.569,253.0045,133.4399,131.4365
2018-01-05,196.1521,208.7815,130.6055,123.4712,238.8682,158.9319,166.0463,156.4519,146.8425,145.9715,214.8409,160.1318,163.2141,255.5936,133.761,131.4995
2018-01-08,196.6223,211.0211,129.9999,122.5283,237.7355,157.7988,164.9867,155.5292,145.6837,144.6958,214.5884,159.3028,164.5339,255.701,133.8224,131.5952
2018-01-09,199.0402,210.2017,130.3927,122.7463,236.6774,156.6615,164.6478,155.6554,146.0378,144.0836,216.3718,158.9314,166.2522,256.4591,134.7454,131.682
2018-01-10,197.6383,209.0115,130.8932,123.1726,236.2548,156.5878,164.1479,155.2128,145.182,144.0258,215.4606,158.7498,168.0413,255.0775,135.5126,131.706
2018-01-11,195.5322,209.5003,130.8507,123.6183,238.1155,157.3293,164.3794,155.5289,145.3548,144.3095,214.1305,158.0598,168.4056,255.3081,134.7418,131.7154
2018-01-12,199.9507,211.3135,131.3242,124.5644,238.9559,158.8617,166.1758,156.4332,147.6513,145.2866,215.5997,158.7197,172.9059,260.5577,134.3333,131.7237
2018-01-15,200.5156,212.4504,130.9206,124.2026,239.6074,159.4766,165.8334,156.3992,148.676,144.8813,214.7671,157.8851,172.3972,250.0812,135.5973,131.7381
2018-01-16,201.4665,212.312,130.5304,123.8375,240.539,158.9427,164.5745,156.0847,149.6566,144.6075,215.8678,157.2485,172.6194,246.0331,135.1628,131.7007
2018-01-17,201.9694,213.4533,130.6935,123.7039,240.3413,159.9685,165.3497,156.5426,149.2885,144.0762,216.0492,155.3823,172.4246,246.4475,135.7269,131.7919
2018-01-18,201.3066,210.5798,129.8399,123.1624,239.5179,159.8496,165.2216,155.7777,147.593,143.4455,213.1393,155.8923,169.7615,244.2403,135.1612,131.7684
2018-01-19,199.1069,208.8861,130.5046,124.2818,241.27,160.3226,165.4288,155.6022,147.6162,143.6721,213.3005,155.6729,169.8884,244.1439,135.0782,131.82
2018-01-22,199.3565,210.2216,130.1484,124.187,243.8035,161.2183,165.8301,155.5912,147.1954,143.885,212.5366,155.1123,169.9193,243.5151,135.4584,131.7452
2018-01-23,200.1406,211.4651,130.1645,124.387,244.647,161.3675,167.0878,155.9271,147.648,143.9961,211.869,156.0935,170.6302,240.2149,136.3489,131.6635
2018-01-24,198.6593,210.8055,130.4823,124.9475,245.5402,161.3899,166.7292,155.2872,147.8213,143.8433,212.7936,157.6868,169.1436,236.9287,137.1934,131.6561
2018-01-25,196.1081,208.8889,129.864,124.7087,244.4046,161.2996,166.5814,154.3392,146.8612,143.2211,211.4292,157.1296,167.12,232.5099,136.9768,131.7809
2018-01-26,197.0424,209.0068,130.0991,124.6694,242.3713,161.613,166.7738,154.5414,145.9645,142.633,211.5032,159.6331,169.8924,233.0476,137.5587,131.838
2018-01-29,197.4686,207.6313,130.1729,125.4003,241.9244,161.8069,166.8079,154.019,146.9986,143.195,212.3618,158.243,170.9135,233.5332,138.067,131.8491
2018-01-30,197.2903,208.7222,130.6712,126.4408,242.5326,162.6462,167.8506,154.3784,149.2683,143.2042,214.399,159.0364,170.3998,230.0433,139.084,131.7755
2018-01-31,196.9966,208.812,130.5829,125.8193,239.7862,162.5249,167.1286,154.1038,149.2926,142.8024,216.3456,158.7019,169.7348,229.0918,139.2239,131.8001
2018-02-01,202.7522,214.0346,130.1606,125.2045,242.3304,163.0248,167.9575,154.6767,150.8928,142.5339,219.3354,159.153,168.3228,230.8364,140.4266,131.7453
2018-02-02,204.8135,214.5869,130.4259,125.3993,241.6747,162.8764,167.547,154.6832,151.0887,142.9059,219.8848,163.1618,170.0755,233.0125,141.1054,131.9283
2018-02-05,202.7138,213.0707,130.524,125.3901,241.5595,162.001,166.5777,153.7738,150.0098,142.9107,220.2789,163.3786,169.225,232.3502,141.4464,131.9573
2018-02-06,204.091,213.4255,130.2046,124.6314,240.2717,160.8467,167.0363,153.7551,149.3234,142.655,220.7728,161.6232,169.5486,231.9492,142.2552,131.9963
2018-02-07,205.5547,213.5927,129.9058,124.2556,240.7082,159.9322,166.3758,153.1566,148.9488,142.4566,219.4462,161.2587,167.9393,232.6151,142.677,131.9834
2018-02-08,209.3691,214.9653,129.5995,124.0907,240.8261,161.5251,168.2089,153.6413,148.5289,142.4617,220.1648,160.9036,171.1401,237.4698,142.2586,132.014
2018-02-09,205.6319,211.4436,129.1996,123.7614,239.2855,160.8706,168.0461,153.0321,147.8593,142.0465,217.2426,160.5037,167.9428,230.134,141.1791,131.9881
2018-02-12,202.6827,210.5613,129.4719,124.29,239.6993,160.8237,169.0668,153.1661,148.3719,142.2758,218.5186,159.3627,167.753,226.2523,141.1689,132.0261
2018-02-13,202.2112,210.6678,129.0435,123.7757,239.9287,160.1762,167.4307,152.6954,148.2645,141.4511,218.1034,158.2263,166.1469,224.0924,141.0468,132.0669
2018-02-14,206.2792,215.9266,129.3433,124.2602,240.6484,160.3182,168.5509,152.8837,149.1622,141.1938,220.3245,162.6425,166.406,231.2301,142.7151,132.013
2018-02-15,203.2248,216.1464,128.8883,123.6419,239.8342,159.9249,167.1532,152.467,148.8485,140.6763,219.7561,164.4255,165.7879,225.7016,141.9947,132.0689
2018-02-16,202.2393,214.7824,129.4446,123.8397,239.8454,159.879,167.8312,153.4626,148.9843,141.4813,219.4964,162.6811,168.2149,224.071,141.7657,132.1236
2018-02-19,199.9669,213.5066,129.2822,123.6769,238.0928,159.2415,167.5676,152.8199,147.8175,141.015,219.4302,163.2283,166.7444,223.2843,142.0862,132.2579
2018-02-20,202.5205,216.1622,129.9208,124.3327,238.2328,159.6836,167.6606,152.6274,147.2784,140.9374,218.6567,163.8348,172.4158,230.3826,142.8315,132.2274
2018-02-21,204.607,218.9071,129.4739,124.3251,240.0127,161.8968,169.7825,153.0005,147.1239,141.5465,217.2617,165.1058,171.8374,233.1939,143.1203,132.2825
2018-02-22,204.5597,218.1448,129.2253,124.4469,240.4568,162.0199,170.3647,153.3677,145.9267,141.0709,216.324,166.8567,171.8903,236.1423,142.7252,132.3015
2018-02-23,207.5366,220.87,129.3573,125.3836,242.5317,164.1411,172.283,154.2365,147.5092,141.4478,215.4665,168.247,173.1665,238.0766,143.3873,132.3112
2018-02-26,204.92,218.9616,129.3649,125.2442,240.9076,163.4368,170.6457,153.9358,146.6964,140.9302,213.9276,167.5945,172.0531,238.7119,142.5984,132.4041
2018-02-27,204.9825,219.9934,128.9237,124.9737,240.9349,163.0513,171.1511,153.2187,146.5256,141.0095,213.8929,166.9775,171.6745,239.7986,142.0832,132.4297
2018-02-28,206.0875,219.6774,128.905,124.8703,239.8701,163.224,171.9392,153.5751,146.4554,141.7557,214.5642,167.4046,172.1068,245.121,141.6122,132.3348
2018-03-01,207.4544,220.7096,128.2697,124.1942,239.3989,164.026,171.983,153.0758,146.0439,141.7865,212.8481,168.0654,172.3788,242.1037,141.9879,132.4296
2018-03-02,206.9908,219.9773,128.7612,124.9205,241.0129,164.7646,172.8126,154.1918,147.1802,141.824,212.46,169.1329,171.2726,238.062,142.3302,132.4063
2018-03-05,209.8811,217.1987,128.7099,125.3725,242.9163,166.0531,173.4945,154.2676,147.002,142.218,211.4625,169.4798,169.9621,239.8952,142.3927,132.4292
2018-03-06,203.3023,213.3433,128.3974,124.8869,243.0142,165.3267,172.4443,154.0832,145.9592,141.8306,208.2617,167.3787,166.8068,227.7655,141.6964,132.3492
2018-03-07,199.7998,211.7663,128.2857,125.0009,243.4784,165.1702,172.4679,153.4552,144.8821,141.6392,208.6685,167.6085,164.7955,224.6688,141.9985,132.3887
2018-03-08,204.5706,215.9131,128.4964,125.3424,243.0803,166.2077,174.0321,153.8119,145.1922,141.4991,210.8646,168.4345,167.7375,234.1691,143.0965,132.4984
2018-03-09,203.7289,213.6867,128.6051,126.3181,244.7662,166.7646,175.571,154.2284,146.3769,141.8871,210.4036,165.9135,165.1142,232.1843,143.1828,132.5696
2018-03-12,206.9072,217.498,128.3597,125.7289,244.7309,166.8904,175.9478,154.707,146.5174,141.5055,210.6225,168.1939,165.7753,233.3791,144.1894,132.5794
2018-03-13,205.3375,216.9001,129.2894,126.1577,244.2126,165.871,175.7695,155.2473,146.6526,141.7419,213.0282,168.1479,165.7239,237.0113,144.0777,132.5514
2018-03-14,202.0575,216.2356,129.7247,126.5878,244.3247,165.2945,175.5762,155.8673,147.0846,141.825,212.3526,169.1433,164.933,233.342,144.0892,132.616
2018-03-15,199.9484,215.7238,129.0817,125.257,243.5778,163.2735,174.6048,155.032,144.4711,141.075,209.1701,167.4392,165.5782,230.4705,143.0289,132.7578
2018-03-16,200.108,217.1017,129.0075,125.1316,243.2215,162.3208,174.2275,154.6802,144.9225,140.6003,209.1928,169.5031,166.2281,228.5757,142.7435,132.7571
2018-03-19,199.6066,217.0659,128.6768,124.7388,243.1123,161.7855,173.804,154.3064,144.7462,140.2204,208.3005,167.2435,167.5781,225.8996,141.9858,132.844
2018-03-20,203.0197,218.072,129.155,124.9175,242.9648,162.5108,174.7819,154.8622,145.3582,141.1076,211.1277,169.3116,167.8509,231.8013,142.5483,132.8784
2018-03-21,205.076,219.8287,129.2245,125.0986,244.4699,163.1451,175.3928,155.5301,146.2013,141.2202,210.9193,170.4253,168.0895,231.6432,142.973,132.9486
2018-03-22,207.6964,222.7945,129.8171,125.5514,247.9568,164.2471,176.1363,156.9603,146.8022,141.5643,211.102,169.4885,170.4989,234.2925,143.9934,132.8885
2018-03-23,213.3366,226.6219,130.2852,126.611,253.983,165.8945,178.3685,158.6857,148.8678,142.1284,212.5811,172.4974,170.6447,238.4066,144.8675,132.8973
2018-03-26,215.3524,225.5509,130.8296,127.2698,255.9108,167.1664,179.894,159.9216,149.5302,143.1015,213.3359,172.9081,171.5878,239.7476,145.2516,132.8393
2018-03-27,215.1654,226.8886,130.8451,127.8024,259.1077,168.5508,180.6761,160.5153,150.1799,143.0204,213.1051,171.9494,169.1988,241.8826,144.8301,132.8916
2018-03-28,214.5084,227.1143,131.3181,128.4028,259.8343,169.3878,180.5147,160.8809,151.0533,143.0454,214.4759,171.6224,169.5016,243.4391,144.4797,132.8731
2018-03-29,214.2618,226.7406,131.3596,128.6743,259.1058,169.7522,180.2536,160.376,150.6473,142.8186,213.9815,171.8243,170.668,243.0919,145.1674,132.7973
2018-03-30,218.2891,230.428,131.3126,129.0656,261.2244,171.2179,181.5413,160.5999,151.7263,143.1457,216.3198,171.1191,174.1132,248.7612,145.2774,132.8051
2018-04-02,221.2499,234.0856,131.7487,129.3611,262.3181,171.6017,181.3898,161.0263,152.0203,143.2759,218.5738,172.7914,176.7124,257.0313,145.9998,132.7528
2018-04-03,216.7172,228.0738,132.2046,129.7005,260.3894,171.7645,181.0427,161.1674,151.0079,143.5701,216.7737,171.4177,175.3874,252.6579,145.5905,132.7982
2018-04-04,217.4841,230.3313,132.7117,129.6358,261.5836,171.6427,180.6231,161.0177,150.667,144.1066,216.4781,169.588,176.5558,257.1535,146.0083,132.7824
2018-04-05,218.1699,232.6088,132.3515,129.2403,265.2348,172.084,181.2945,161.3903,150.6286,144.9082,215.6305,168.8901,174.2455,259.1945,145.6796,132.8055
2018-04-06,222.0901,237.6631,132.3148,129.892,268.6087,173.5062,182.9414,161.5159,152.0237,144.8966,218.5075,166.2786,176.5883,266.0366,146.3177,132.8935
2018-04-09,227.8528,242.46,132.1996,130.3419,274.5633,175.7921,184.6111,162.2108,154.4969,145.8977,217.9789,166.6131,177.1152,266.86,146.4679,132.9078
2018-04-10,225.9987,241.7533,132.7082,129.3886,267.3619,173.4278,182.3857,162.0503,153.8605,145.1452,219.1388,164.1237,176.744,271.4415,146.2783,132.8901
2018-04-11,228.9712,241.934,132.5651,129.075,266.8621,172.9747,181.5506,162.186,153.5193,145.1466,219.3821,165.3819,177.8209,277.1935,146.1762,132.8444
2018-04-12,229.3176,242.4902,132.206,128.6542,267.0642,173.0868,182.8333,161.6084,151.9959,145.5307,217.6897,163.5101,177.6413,279.0007,146.7033,132.8577
2018-04-13,230.4479,244.9918,132.4514,128.9615,269.1497,174.1389,183.2415,162.792,153.3201,145.4569,217.4873,164.1678,177.8479,277.3622,146.945,132.9852
2018-04-16,232.2181,246.6268,132.2583,129.2979,270.9702,175.3108,183.8831,163.1099,153.5718,145.3337,216.2491,166.1775,178.8407,280.0248,146.3363,133.0683
2018-04-17,237.0729,247.197,133.2033,130.6008,274.0497,177.3932,185.7682,164.3573,153.7322,146.0334,218.1445,168.1739,182.9176,291.9763,146.4613,133.15
2018-04-18,237.3024,248.8137,132.9302,130.2204,272.0836,176.6818,185.2993,163.5106,152.9766,145.3365,218.5459,170.1817,183.1935,295.593,146.2594,133.1792
2018-04-19,239.0179,251.8187,132.8309,130.1484,272.2405,176.8322,186.5188,163.9208,152.6717,145.0923,218.9223,170.9397,184.3013,298.9429,147.1492,133.1574
2018-04-20,244.5274,255.7718,132.173,129.6423,274.6382,177.3251,187.5186,163.5264,153.2081,145.0049,220.2135,171.0482,183.2881,304.5526,146.7858,133.154
2018-04-23,245.0586,255.7933,132.0523,129.8609,274.3022,176.736,188.384,163.4437,153.0296,144.8496,220.7233,172.3236,187.1194,304.94,146.2013,133.1824
2018-04-24,245.1978,255.3438,131.7547,130.0574,274.4157,176.7906,190.2249,164.397,154.089,144.5281,220.0077,171.3877,185.3675,301.3984,145.8275,133.2543
2018-04-25,250.3118,260.1703,131.821,129.814,275.0425,176.2743,190.9429,164.6296,153.9184,144.2019,221.5875,171.1733,187.3898,310.2229,147.0419,133.3572
2018-04-26,244.417,255.5487,131.7616,129.2879,273.722,173.9815,189.5538,163.6749,152.6137,144.2228,220.9779,168.4196,184.1742,304.8881,146.0258,133.4634
2018-04-27,247.9416,258.4474,132.1802,129.817,273.5715,175.0194,191.1889,163.8884,153.3317,144.3236,220.0418,169.8769,186.5408,307.841,146.769,133.4873
2018-04-30,253.5662,260.2512,132.5648,129.9452,272.1134,175.1061,191.0915,163.935,153.3489,143.9613,221.6233,169.3071,190.0476,318.8243,147.5974,133.4246
2018-05-01,253.8868,263.5345,132.5029,129.7697,272.8886,175.4316,192.3864,164.574,153.759,143.9811,222.8209,168.9428,190.2332,319.5401,147.7808,133.3748
2018-05-02,254.1395,263.1525,131.6848,129.4266,271.6076,174.9886,193.1355,164.0835,153.4958,143.7218,221.7562,169.7845,190.2182,317.4277,147.3167,133.4245
2018-05-03,252.5682,259.7776,132.0805,129.4113,272.6622,175.6405,193.8495,164.6886,152.4124,144.5956,219.5643,170.489,190.0216,311.2223,147.5892,133.4346
2018-05-04,253.547,261.3191,132.4637,130.6229,277.3217,177.2883,195.1701,165.6049,154.2903,145.0842,220.2107,168.0856,192.21,309.6419,147.9788,133.4555
2018-05-07,256.2273,259.9126,132.6077,131.0386,278.6358,178.7907,196.9278,166.7934,154.6467,145.6436,219.9658,168.0329,194.4226,308.9765,148.2782,133.4361
2018-05-08,252.832,257.8952,132.0027,130.277,276.2931,178.1042,196.5513,166.1399,154.2757,145.1312,219.7635,167.0626,192.2027,298.9641,148.0578,133.3511
2018-05-09,250.034,255.7486,132.5344,130.6604,276.8775,177.2002,196.1398,166.0267,154.698,145.4608,219.1314,166.7576,191.735,291.7472,148.3223,133.3471
2018-05-10,252.4565,258.2811,132.8945,131.3957,281.2159,178.15,197.2171,167.1282,155.7785,146.101,220.396,167.4134,193.9967,299.7799,147.0131,133.4024
2018-05-11,250.9115,254.9659,133.0543,131.4875,281.4121,177.6171,196.6079,167.2736,154.4035,145.8699,219.733,166.3423,194.2138,300.3468,146.9692,133.3735
2018-05-14,253.7276,255.5995,133.0701,131.418,280.2517,177.9571,198.5254,168.0432,155.5491,145.8959,220.6933,166.1142,192.9575,296.6215,148.2319,133.5372
2018-05-15,258.0882,260.9272,133.1741,131.724,281.281,178.6565,199.8136,168.7743,157.817,145.8947,223.2468,168.9636,193.536,299.3815,148.8159,133.6308
2018-05-16,255.8029,258.0772,133.003,131.3535,277.7801,177.8474,198.3341,168.2839,157.1835,145.7441,223.3076,167.3011,193.0131,301.957,148.048,133.5975
2018-05-17,261.3084,263.3678,132.7247,131.0931,279.6526,178.8827,198.5283,168.4682,159.902,145.9452,226.0709,168.3268,194.2808,298.6158,148.8591,133.5704
2018-05-18,263.2036,263.2752,131.7424,130.3898,277.1855,177.5924,198.02,167.4682,160.0199,145.2489,226.6459,171.5362,192.3144,296.1827,148.8918,133.5617
2018-05-21,266.9491,266.8694,131.9394,130.6768,278.1047,177.3504,198.7644,167.9199,160.9132,145.6248,228.0004,173.6671,195.2753,304.009,148.695,133.4682
2018-05-22,264.2944,262.752,132.1761,131.3348,277.229,178.2015,199.4072,168.8078,161.0271,145.4714,225.3884,175.1149,196.3902,294.3478,148.9941,133.46
2018-05-23,264.6373,262.8413,132.9794,132.4477,279.3223,178.1085,199.3724,169.7836,162.1065,145.9168,226.2086,177.6146,197.639,297.7559,149.2823,133.3895
2018-05-24,263.3883,261.6646,133.3944,132.5738,279.0381,177.6068,198.0322,169.7754,162.3593,146.0804,229.1553,176.1627,198.0318,300.4621,149.0795,133.3811
2018-05-25,264.847,262.718,132.6429,131.8934,279.0211,177.8853,198.7897,169.6754,163.0063,146.1553,229.2999,174.1102,196.2471,297.1293,148.9825,133.3774
2018-05-28,259.3415,263.4913,132.9962,131.7943,277.0933,176.7586,196.9598,169.1859,162.2538,146.0332,230.5568,175.6753,195.7196,295.875,149.7529,133.3514
2018-05-29,257.8871,261.7534,132.4597,131.1236,274.9839,175.1667,195.9604,168.1878,162.1776,146.142,229.0429,174.9443,195.8769,288.443,149.546,133.3392
2018-05-30,257.1203,261.8635,132.2467,130.9544,274.7256,175.3625,196.2811,168.3982,161.7205,146.3464,228.1597,176.3072,196.7802,287.8158,149.2585,133.3144
2018-05-31,254.1624,259.1484,133.1816,131.2343,272.1033,174.4379,195.8573,168.4381,160.5887,146.1643,229.0063,175.7332,196.8576,287.1599,150.5676,133.3013
2018-06-01,255.8903,262.7473,133.4226,131.7417,277.8776,176.6677,197.0297,169.0791,160.8761,146.4823,229.3416,175.3928,197.7265,288.8773,150.7785,133.317
2018-06-04,255.4726,262.4196,133.1495,131.9087,276.8095,176.4719,196.949,168.6913,161.5384,146.6079,229.8915,175.2723,197.5894,288.262,150.9141,133.4451
2018-06-05,254.3187,263.0587,133.4056,132.2111,281.4863,177.0994,197.5636,169.3979,160.773,147.1825,229.0101,174.5483,196.9162,290.241,150.8003,133.4623
2018-06-06,253.4112,263.637,132.9387,132.2677,282.3407,178.007,197.1487,169.1474,161.9101,147.2628,228.4907,173.2425,196.4231,287.3498,150.0088,133.529
2018-06-07,254.6076,260.7616,133.0619,132.5372,284.4497,177.9713,197.4665,169.7321,162.5636,147.2922,227.4823,172.5487,195.8403,282.8593,149.4276,133.5982
2018-06-08,258.3644,264.4284,133.2695,132.816,288.9145,179.5627,197.812,170.5802,163.4925,148.3768,227.3549,173.0641,197.7713,283.7776,150.8883,133.6092
2018-06-11,258.3547,264.5478,133.6254,133.0981,290.271,179.7744,197.9461,170.6185,164.5365,148.7389,229.5162,171.9409,195.9722,282.5891,151.3429,133.6618
2018-06-12,252.3412,261.229,133.6483,132.7258,285.5597,178.5236,196.9493,170.6462,163.9001,148.4346,230.4621,174.0757,195.8384,275.3269,151.0993,133.6772
2018-06-13,249.0202,257.4532,133.3129,132.6601,284.5875,178.8641,196.6699,170.1289,163.1511,148.5891,229.4819,172.1719,195.1464,271.6395,150.3453,133.7124
2018-06-14,246.7149,256.1666,132.7593,132.6595,283.8551,179.6917,197.6219,169.5953,162.8318,148.287,229.0404,169.5844,192.86,269.2994,150.2423,133.7295
2018-06-15,244.4439,254.8136,132.2757,132.7515,284.1842,180.1606,196.5432,169.0649,162.5733,148.0523,230.7106,171.0828,191.5257,269.9217,149.4595,133.7285
2018-06-18,243.0305,253.2164,131.9001,132.6798,284.05,179.782,196.0891,169.1366,163.1092,147.8225,229.9863,169.9975,189.729,265.1828,149.4345,133.7797
2018-06-19,246.9269,255.9042,131.4437,132.8841,287.2304,180.8602,197.2925,169.6124,164.9738,148.4829,229.8391,172.2575,192.6792,262.8317,149.0016,133.7933
2018-06-20,241.5229,253.102,131.7164,132.7604,284.1607,179.2178,196.3053,169.1929,163.4484,148.0746,229.1808,172.7276,191.2082,259.5597,149.3384,133.8139
2018-06-21,242.4697,254.0686,131.9106,132.588,286.1202,178.5008,196.2543,169.1858,163.3296,148.1466,231.3714,169.1203,191.1999,262.4032,149.5844,133.839
2018-06-22,246.6256,256.0214,131.3864,132.2281,286.5553,178.1349,195.9541,168.7589,164.4476,147.8118,230.9703,169.8089,191.5148,259.1505,150.5324,133.8056
2018-06-25,246.7673,252.9895,131.9237,132.6265,285.6839,179.0391,196.9648,169.5639,164.5681,148.0086,231.4007,170.3361,191.8928,255.9084,150.9782,133.8849
2018-06-26,247.9397,254.5967,131.5957,132.3446,284.6305,178.7625,196.2981,168.8681,164.0213,146.9829,232.3655,171.9958,193.1606,257.3228,150.9939,133.8746
2018-06-27,249.2994,256.4882,131.5747,132.7699,283.364,180.3202,197.3659,168.7539,165.5231,147.5343,233.3019,172.8371,194.3466,257.8532,151.5877,133.8961
2018-06-28,248.8184,256.6936,131.3468,132.6547,282.2212,179.8188,198.856,169.6268,166.4615,146.8955,233.633,171.8259,194.5682,254.2992,150.8552,133.9768
2018-06-29,252.2618,260.2253,131.2572,132.5861,284.5796,180.1545,199.3764,169.135,166.3817,147.7633,233.5299,171.8746,195.8035,258.8517,151.8521,133.976
2018-07-02,249.0971,257.5662,131.4643,132.1806,281.2836,178.3328,197.8477,169.1373,165.4897,147.7068,233.7073,172.0725,195.0336,257.8855,151.95,133.939
2018-07-03,248.5694,257.3464,131.7438,132.8571,281.9761,178.318,198.2789,168.7043,165.948,148.0234,234.5478,170.9624,193.0625,258.9101,153.3193,133.9365
2018-07-04,254.4801,262.7524,131.4377,133.1006,284.4647,179.2622,199.6934,168.9363,167.1921,147.8373,235.2591,171.9817,196.7505,263.879,153.3595,134.0201
2018-07-05,252.8523,262.1505,130.9878,132.6415,281.9851,178.9185,200.151,168.8506,167.619,147.4601,235.2357,169.9213,195.1745,260.4794,152.7697,134.1174
2018-07-06,249.8227,261.188,130.7335,131.9827,279.1383,177.9407,199.1426,168.0049,166.6471,147.0882,235.3931,169.5614,193.267,258.7246,152.5471,134.1468
2018-07-09,254.7269,264.4881,130.5663,132.2358,281.5114,179.6292,201.0858,168.6591,169.8954,147.782,237.5371,169.815,193.4446,256.7476,152.5234,134.0996
2018-07-10,251.4249,262.2366,131.7638,133.114,279.2125,179.7859,201.5663,169.3424,169.3454,148.005,240.0022,170.2881,196.322,257.9306,153.4054,134.1013
2018-07-11,255.7354,262.8395,131.0693,132.3842,278.1817,180.3236,201.1694,169.2151,168.3286,146.817,240.6885,173.4485,197.8104,260.5559,152.8107,134.1476
2018-07-12,253.6808,259.2336,130.7969,132.3839,277.4683,180.6388,200.7908,169.2332,168.8576,146.7082,239.6496,171.9585,195.2462,253.0219,152.8787,134.2175
2018-07-13,254.2553,257.9808,131.0548,133.0239,278.8557,181.3325,201.225,170.1634,170.1682,146.9741,242.0708,172.3343,192.5153,256.06,152.5871,134.2642
2018-07-16,251.374,258.251,131.0825,133.3131,279.3459,181.1989,201.0786,170.3122,170.6944,146.66,243.1889,170.207,190.39,255.8697,152.5983,134.3138
2018-07-17,251.9762,257.889,131.1717,133.3176,281.1408,180.6302,199.4085,170.2097,171.3951,147.0975,243.3475,169.2639,190.3606,255.9949,152.3635,134.3633
2018-07-18,250.4923,258.7707,131.1196,133.4552,278.484,179.9216,198.6412,168.9141,172.8579,147.1655,244.2902,167.5633,190.5456,255.8884,152.0083,134.3465
2018-07-19,246.6897,256.6644,130.9673,132.7066,275.7517,178.3638,196.8991,168.7782,170.6858,146.7847,241.4746,167.5595,191.7892,254.0109,151.4228,134.4786
2018-07-20,247.1439,257.6292,130.827,133.0952,277.3037,179.6281,197.6192,169.3457,171.5785,146.6083,239.2568,168.3245,191.1554,254.8842,150.2488,134.4895
2018-07-23,246.1243,253.4193,131.085,133.1269,277.4099,179.1074,196.2344,169.1039,170.5723,146.4175,238.5047,167.2707,189.3421,253.0857,150.5126,134.5263
2018-07-24,244.4009,253.0443,131.3603,133.5748,278.5795,179.2866,195.661,168.9867,171.6306,147.1459,238.5126,165.7745,188.7673,251.5222,150.6114,134.5704
2018-07-25,241.4093,250.5438,131.332,133.8211,279.9319,179.2575,196.5075,168.8174,171.5241,147.4378,236.8468,167.8813,186.1909,243.7456,150.4432,134.5758
2018-07-26,241.9985,252.1843,131.0263,133.8568,280.6853,179.5753,197.9081,169.3021,172.9466,147.6864,238.8934,167.1481,185.1348,241.8243,151.0273,134.5107
2018-07-27,244.8863,253.0043,130.3068,133.701,280.3026,180.4356,198.3031,168.6717,173.2986,147.187,238.7053,167.1174,186.766,242.3,150.4994,134.5232
2018-07-30,243.1622,251.6189,131.2116,134.2074,280.2199,179.7807,197.7805,169.0783,173.1049,147.5196,239.704,168.3881,187.1401,241.9214,151.291,134.5429
2018-07-31,246.3424,252.4381,132.4248,134.6265,279.3448,179.3874,196.2803,170.2556,173.5169,147.3543,243.9436,170.807,189.7075,249.9774,152.1088,134.5691
2018-08-01,240.2465,248.7332,132.9469,135.1503,279.4149,178.7917,195.2922,171.0022,174.2865,147.5351,243.7107,169.0492,189.2395,245.0334,150.5042,134.5531
2018-08-02,243.4596,248.1829,133.318,135.6141,278.4801,178.7664,196.3406,171.1392,175.2237,147.6651,246.2952,168.7016,190.1846,247.7774,151.2943,134.4971
2018-08-03,240.6572,248.9791,133.2303,135.4807,279.461,179.763,197.6904,170.9996,175.7765,148.1967,248.5842,166.3212,187.3925,245.9541,150.6048,134.5961
2018-08-06,242.2416,250.2384,133.1927,134.9661,277.1226,179.2843,197.0607,170.876,174.1037,147.1425,251.0632,166.623,189.1994,252.0756,151.1959,134.5673
2018-08-07,240.1533,248.2663,132.3743,133.7218,273.3636,177.4627,195.6016,169.7651,172.56,146.3395,251.5622,164.033,187.6505,251.7352,150.2793,134.6184
2018-08-08,243.5251,252.8397,132.1185,133.1503,273.1422,177.5377,195.0372,169.5671,172.1302,145.5974,251.9794,164.6966,191.5799,255.7653,150.3678,134.6749
2018-08-09,240.0824,251.1175,132.2373,132.9613,268.5947,176.5158,194.4393,169.3705,171.1959,145.6002,252.7505,164.0883,192.5359,257.1858,150.4988,134.689
2018-08-10,236.2384,246.9131,132.4484,132.9902,268.4798,176.4479,193.8585,170.1283,170.5947,145.2968,250.7892,164.1162,190.8247,251.4414,149.5429,134.6358
2018-08-13,238.2322,247.744,132.9028,133.3792,268.731,176.4963,194.4734,170.082,171.8991,145.2584,252.2413,163.5999,191.3397,252.539,149.3952,134.639
2018-08-14,234.3447,244.3838,133.6631,133.7895,266.8892,176.3253,193.9683,169.9202,170.922,145.3064,252.4724,163.7281,190.8673,251.9304,149.2057,134.661
2018-08-15,234.4891,245.7747,134.1667,134.3051,268.3532,176.557,194.593,171.3151,172.729,145.292,254.6133,163.1541,192.7729,251.3338,148.7859,134.6351
2018-08-16,230.7232,242.5333,134.0593,133.6064,265.9133,174.6565,192.0645,170.4714,170.0039,144.4953,253.0128,164.7772,192.5267,251.85,147.4339,134.651
2018-08-17,230.8525,244.0269,134.0183,133.3272,264.4525,173.2703,191.5057,170.1187,169.0829,144.5987,253.1648,166.7679,195.6316,255.1526,147.7435,134.6528
2018-08-20,228.9784,244.6479,134.161,133.3338,266.1981,173.3346,191.9112,170.2295,168.6926,144.9709,251.6518,166.9775,195.7087,251.3821,147.9426,134.6873
2018-08-21,227.5665,242.8512,134.6697,133.3721,265.6782,172.6386,191.1311,169.8763,167.8532,145.2141,252.0839,168.466,195.5825,252.3973,147.4513,134.7393
2018-08-22,231.7948,244.4571,134.0777,132.3345,264.7604,171.8552,188.9774,168.9929,167.022,144.8039,252.1792,170.6903,194.2645,257.8344,147.8518,134.8218
2018-08-23,234.8493,245.3498,134.1587,132.4621,265.6288,171.9799,189.0002,168.2253,167.0136,144.2556,252.8611,172.2969,195.0889,259.2432,147.801,134.8823
2018-08-24,233.3911,243.7648,133.7515,131.8678,263.331,170.8877,188.1417,167.2587,166.5373,143.8489,253.9491,171.6203,193.5065,257.4665,147.3957,134.9072
2018-08-27,231.7406,241.2326,133.685,131.947,262.4732,171.6667,187.6501,166.6285,166.7249,144.2785,252.9321,173.3335,191.6382,250.9704,147.8994,134.9311
2018-08-28,230.6428,239.5525,134.066,132.8757,262.3585,171.7061,188.4239,166.4933,167.8423,145.0024,251.2095,173.1563,191.5479,250.55,147.5515,134.8977
2018-08-29,230.7152,239.0562,134.9208,133.138,262.4635,171.5595,188.2169,167.1231,166.321,145.2693,251.8367,177.0448,191.7678,255.8055,148.4393,134.8871
2018-08-30,230.586,238.261,134.7215,133.7046,262.6814,172.2187,190.2905,167.7559,168.2328,145.6812,253.8792,179.7182,190.1383,252.413,147.9718,135.024
2018-08-31,233.0617,239.8098,134.2792,133.3489,264.1912,172.2262,190.0338,167.5184,168.4068,145.5389,251.2621,178.9285,192.877,249.505,147.8559,135.0466
2018-09-03,236.7797,240.2682,134.2001,133.2926,264.8656,172.8105,190.8838,168.1913,167.3277,145.7272,248.7919,181.1437,195.2172,251.8436,148.8849,135.1349
2018-09-04,234.981,241.4137,134.748,134.0603,267.1882,173.4034,191.5893,168.9049,167.6442,146.3209,249.4129,182.8496,196.6631,250.1799,149.825,135.1245
2018-09-05,237.5691,240.7129,135.3461,135.1887,268.3596,175.6721,193.9817,170.0654,169.1809,147.0367,250.3856,181.5296,199.7299,252.7073,149.5074,135.1077
2018-09-06,238.0675,240.9866,135.564,135.1925,267.6169,175.5298,194.7674,169.8164,170.2927,147.9594,251.5788,178.4934,198.5718,252.4502,150.1569,135.0762
2018-09-07,232.5213,238.1519,135.9202,135.8678,266.1632,175.0305,194.5883,169.3412,170.2501,147.9994,253.0933,180.2183,197.9707,247.3801,150.1615,135.1141
2018-09-10,226.3125,233.3372,136.3798,136.1658,263.7942,173.8629,193.8229,169.2917,169.1794,147.5766,250.2501,179.7145,195.2094,242.4748,149.4742,135.0649
2018-09-11,227.1387,234.7353,136.6633,136.7576,265.2301,175.009,194.7122,169.711,169.7878,148.1765,251.0499,181.2945,198.1624,244.2977,149.405,135.1105
2018-09-12,227.2238,237.5832,137.3273,137.7745,267.0253,175.9694,196.2645,170.9353,171.852,149.0123,252.5503,183.131,201.0082,243.9919,149.8728,135.1839
2018-09-13,227.2322,236.7305,137.6324,138.0861,268.6742,176.4847,196.4407,171.5397,172.5664,149.6812,253.4367,180.6523,201.9563,242.9185,150.0066,135.177
2018-09-14,228.6667,237.928,137.3153,137.7871,272.4804,176.5039,196.1832,172.2375,171.8555,149.3497,253.2082,179.4132,201.7088,245.5128,149.6662,135.2049
2018-09-17,235.0314,243.5625,137.616,138.4957,277.2301,178.9799,197.8426,173.288,173.9724,150.6222,254.2274,177.7061,204.2873,254.3822,150.4862,135.2414
2018-09-18,238.3177,244.9908,137.555,138.6153,278.7283,181.0647,200.1153,173.9956,174.5039,151.3852,251.5344,178.6706,203.4867,253.3553,151.3645,135.2934
2018-09-19,235.1221,241.2692,137.4578,138.4447,277.1305,180.5108,199.3933,173.566,172.9882,150.8718,249.092,175.9369,204.0101,249.7694,150.7998,135.2128
2018-09-20,229.3532,238.279,138.2596,139.3444,278.2028,180.6794,198.8479,173.7753,172.9121,151.7098,247.254,172.4488,203.3974,246.3557,150.9144,135.1729
2018-09-21,227.9409,237.3627,138.6855,138.8908,276.6602,179.7756,198.4803,174.7494,172.0853,152.2895,247.2632,170.067,204.3706,248.6856,150.851,135.1248
2018-09-24,232.8233,239.7215,138.3858,138.6898,277.9322,181.4307,200.1055,175.5317,172.8789,152.4127,249.6042,170.6951,203.392,254.414,150.7769,135.1429
2018-09-25,232.4963,240.6552,138.6225,139.032,278.6062,181.745,201.2134,176.1735,171.9982,151.9541,248.981,168.647,205.4828,256.5298,151.4102,135.1518
2018-09-26,228.6026,236.4637,139.2208,139.6084,277.1888,182.1404,201.2628,175.8704,169.9752,152.1751,247.1361,166.052,205.2787,257.9745,151.5904,135.2157
2018-09-27,225.3769,234.6637,139.8222,139.8211,277.3654,181.3164,199.7789,176.6126,170.4134,152.5073,249.0096,165.3364,202.7622,257.4307,151.633,135.1884
2018-09-28,227.5876,234.3582,139.3371,139.0844,275.2206,180.7931,199.4219,176.2245,171.1737,152.4628,249.0708,165.4914,202.8836,256.9719,150.4722,135.1964
2018-10-01,236.4159,241.8691,138.7419,139.3098,281.9857,183.4565,201.0199,176.9161,175.2899,152.9027,253.0104,167.0938,202.7237,260.7605,150.4879,135.2029
2018-10-02,232.041,239.1105,138.4321,139.2973,282.1156,182.6087,200.5888,176.2538,174.9536,152.6686,251.3551,167.7776,200.2702,251.7288,150.1027,135.198
2018-10-03,233.0113,240.3483,139.2228,140.3149,285.3762,183.716,201.6672,177.3877,175.746,153.2831,253.4032,168.0855,204.4311,254.2762,150.2534,135.2518
2018-10-04,234.7316,239.6166,139.2098,139.6915,281.7562,183.4826,200.9827,177.7128,175.0582,152.6038,250.7755,168.1021,203.1017,258.2913,149.6144,135.3753
2018-10-05,241.8877,244.9035,138.7366,139.8341,283.731,184.8834,202.7221,177.5774,176.7996,153.1257,253.86,168.1249,206.2899,266.4638,150.098,135.4069
2018-10-08,242.7247,244.92,138.7526,140.4692,286.9438,185.4323,204.5712,178.2139,177.0937,153.6065,252.2924,168.6123,204.8041,266.162,150.5771,135.4293
2018-10-09,235.942,240.5555,139.1914,140.7899,285.2864,184.5599,203.5791,178.9995,176.8135,153.7041,253.1988,167.2336,201.8025,264.012,149.7933,135.4708
2018-10-10,237.5428,241.4257,140.1255,141.6157,284.4192,185.1424,204.6293,180.089,178.9919,154.0451,257.0669,168.0137,203.8964,265.2268,150.3651,135.5271
2018-10-11,235.3455,239.615,140.1391,141.5636,281.98,184.9844,204.7191,179.5219,177.4397,153.9678,255.5674,167.8359,203.9563,265.409,150.4424,135.5225
2018-10-12,233.4469,239.7321,140.1415,141.6792,282.4991,184.3395,204.4102,179.0703,176.5229,153.5367,254.1324,167.7384,203.9696,266.9995,149.6851,135.5614
2018-10-15,233.3076,239.8248,138.9657,140.3363,281.4166,183.2433,202.9224,177.8454,175.1936,153.0888,252.0028,168.5852,204.5712,262.1033,149.1746,135.6307
2018-10-16,234.8216,240.8221,139.1008,140.0073,280.3122,183.5126,202.9005,177.9975,174.6363,153.2166,250.7932,166.3195,205.234,267.2051,149.2535,135.7009
2018-10-17,230.7996,240.0389,138.8678,139.8505,281.8914,183.3048,201.7515,177.4803,173.4477,153.6864,248.9687,165.967,203.1781,264.6339,149.3946,135.6908
2018-10-18,224.6881,232.0578,139.3663,139.929,279.599,181.5142,199.5827,176.4105,171.0336,153.747,247.7776,165.6717,200.6324,259.6879,148.8815,135.6447
2018-10-19,225.8149,231.7165,138.8944,139.0813,278.7499,180.4446,198.8323,176.3048,170.9241,153.1279,248.3533,162.8556,201.0912,255.9373,149.3268,135.6329
2018-10-22,231.8389,236.2243,139.4145,139.625,281.9707,181.7496,199.4653,177.3325,173.2833,153.5433,250.8428,164.6359,205.4685,259.9605,149.7171,135.6738
2018-10-23,226.9226,233.9585,139.3527,139.223,281.3462,180.3946,198.8482,177.3139,172.6755,153.0024,248.1575,163.4306,202.3537,250.8428,149.3188,135.6996
2018-10-24,223.3284,230.7386,140.0426,139.5907,278.5405,179.871,198.3702,176.9706,171.1525,153.0541,248.4621,163.5932,203.7993,252.5547,148.8076,135.7071
2018-10-25,223.5732,230.7523,140.073,139.0551,276.3059,177.9433,196.4881,176.1211,170.3956,152.7385,250.0599,165.9925,205.0938,251.2311,150.1168,135.6821
2018-10-26,227.4245,233.1395,140.4368,139.51,279.2892,178.6841,198.1186,177.1354,171.5311,153.3473,249.3997,166.2116,204.7228,254.8612,150.8306,135.692
2018-10-29,230.4949,237.9305,140.9977,139.8949,282.4111,179.1062,198.6847,177.541,172.2221,154.2491,250.3294,168.0103,209.6914,260.181,151.2172,135.7165
2018-10-30,230.0707,236.2258,140.9157,140.0832,281.2929,179.8258,198.7665,177.5814,173.4452,154.2197,252.4465,168.1562,207.5357,255.5187,151.8148,135.7191
2018-10-31,229.408,236.8268,140.5539,139.6158,281.103,179.7381,198.9124,177.8119,173.5999,153.8344,251.8468,167.1053,205.623,253.9898,151.2471,135.7085
2018-11-01,227.9429,236.392,141.0553,139.5783,278.3087,179.3548,199.141,178.4459,174.5447,154.637,252.3795,166.5172,204.6028,252.1655,152.0594,135.6778
2018-11-02,230.0189,238.5453,141.4336,140.1143,280.8267,180.4052,200.5512,178.4732,174.6126,154.8916,251.4917,166.2123,204.2004,252.6696,154.0098,135.7439
2018-11-05,227.0831,236.0885,142.3021,140.5618,282.1821,180.5967,201.3258,179.8433,173.7624,155.6755,251.0092,165.3013,203.3891,252.1651,154.0372,135.8261
2018-11-06,225.2011,235.1242,142.575,141.1761,284.6108,180.874,201.8785,179.9136,173.2169,155.513,250.1663,166.7341,204.3188,246.3819,154.6592,135.8904
2018-11-07,228.8693,235.5831,142.4374,141.5257,286.5959,182.2482,202.3502,179.9962,173.8283,155.2747,251.0264,166.7823,204.632,249.4228,154.6632,135.869
2018-11-08,232.1091,237.1475,141.7555,140.8086,285.3764,181.8545,201.9088,179.2436,174.6928,154.5004,252.7115,168.2382,200.6776,250.1902,154.8299,135.9166
2018-11-09,239.7572,244.2135,141.6968,141.3187,290.0479,182.9282,202.1534,178.7613,176.5808,154.7674,254.7127,168.5173,203.5926,259.6139,155.8409,136.0474
2018-11-12,244.2809,248.9612,142.089,141.4269,291.9369,184.7984,203.699,180.0439,177.471,155.1449,256.1112,168.3605,206.3456,262.8236,157.5051,136.0647
2018-11-13,247.1133,251.4299,142.6139,141.4878,292.0678,183.9804,203.9784,180.9882,177.7533,155.7198,257.4904,170.6491,208.0905,268.457,158.6497,136.0509
2018-11-14,245.2785,249.9914,142.5926,141.5433,288.6672,184.1011,204.6842,180.3144,177.9609,155.5579,258.0195,171.2819,205.9539,266.1148,158.6221,136.0882
2018-11-15,248.9945,255.01,142.5339,141.7524,293.2568,185.702,206.3887,181.592,180.0033,156.1955,259.8268,171.6299,205.2016,269.8422,158.6161,136.1322
2018-11-16,247.2812,251.9109,141.7876,141.1767,289.4674,184.6005,205.6328,180.4384,177.7781,155.8721,257.4941,172.2419,207.1573,269.1562,158.2225,136.0766
2018-11-19,242.3485,251.2808,140.8253,140.4237,288.8528,184.3219,205.4493,179.3826,176.1799,155.7391,254.8295,173.4322,204.0687,261.6364,158.1021,136.1447
2018-11-20,244.4166,253.4334,141.3772,141.4476,293.0739,185.8882,206.1367,180.2379,176.7854,156.0638,255.8625,176.2292,205.9957,264.0985,159.1141,136.13
2018-11-21,240.2153,248.8305,141.2924,141.0903,289.9582,184.5019,205.388,179.7745,176.0121,155.6573,255.9305,173.5905,205.3065,262.705,156.573,136.1286
2018-11-22,244.9166,251.7488,140.4427,140.7213,290.461,185.3377,205.4805,179.3526,177.3305,155.1285,256.0603,173.8113,206.4606,262.5581,156.5493,136.1563
2018-11-23,246.8804,253.559,140.8364,140.821,292.3679,186.0278,205.2241,180.4489,178.549,155.5951,257.8501,173.1238,208.1638,263.9597,156.8242,136.109
2018-11-26,246.9877,252.222,141.1448,141.0268,292.0323,185.4184,204.7733,180.8979,178.8053,155.3043,257.3919,170.1586,208.2101,263.7992,157.3121,136.1191
2018-11-27,249.4002,254.673,141.3549,141.4323,292.9297,186.3973,205.7099,181.7877,179.8274,155.3911,258.8668,170.5141,210.5133,266.8388,157.8139,136.121
2018-11-28,250.4324,253.8231,141.2415,141.2226,294.3787,186.1536,204.6171,181.8896,180.2553,155.5519,260.3205,168.7944,210.0428,269.1962,156.8005,136.0837
2018-11-29,245.1559,251.8064,142.0504,141.8195,295.1486,186.2469,204.3131,183.0179,180.6552,156.9017,259.8306,167.1654,209.8325,266.168,157.0562,136.0466
2018-11-30,244.3534,253.3523,142.632,142.3944,296.1985,186.5018,204.63,183.6682,181.0524,157.1353,261.7253,167.4072,210.2362,267.7085,158.1453,136.1066
2018-12-03,241.9737,253.6176,142.268,142.1898,295.3732,185.0733,203.4222,183.18,181.6139,156.9818,260.6852,167.671,209.3765,262.3313,158.6016,136.0977
2018-12-04,236.5117,251.8594,142.4076,142.1695,293.0074,183.8715,202.1707,181.9957,179.4806,156.8549,258.4155,168.3601,210.2379,260.5593,158.4539,136.0968
2018-12-05,238.753,251.4659,142.4929,142.4919,292.1558,184.6367,203.0561,181.707,179.3561,157.5009,258.5177,170.6245,212.6585,264.2743,158.4767,136.0698
2018-12-06,239.8905,250.6049,142.7322,141.9229,289.3817,183.3799,201.1844,181.0414,179.1817,157.6298,260.4329,171.9457,211.8614,268.5141,157.9943,136.1807
2018-12-07,238.0909,248.3883,142.3632,140.9779,286.4233,181.5075,199.4743,180.0756,177.4847,156.7002,261.3055,172.0576,210.7035,268.2652,157.2047,136.109
2018-12-10,233.1817,246.1354,141.6716,140.1541,283.3801,180.316,197.8765,179.4486,176.3262,156.0601,259.5141,172.7859,208.7839,261.3414,156.5841,136.201
2018-12-11,236.482,249.6308,141.9502,139.9764,283.797,180.9218,198.848,180.2207,177.1174,157.1316,260.4687,173.3713,210.3156,266.1435,157.1544,136.3308
2018-12-12,237.5403,250.6687,141.9297,140.693,287.2575,181.9255,200.3412,180.1359,178.4039,157.8556,260.7645,174.1128,209.918,265.7965,156.9314,136.3166
2018-12-13,237.5883,251.3795,142.2572,141.1664,290.1286,182.5006,201.5126,180.8049,178.5454,158.1156,260.5956,172.9793,210.349,266.1934,156.9622,136.3488
2018-12-14,232.6559,248.2136,142.4069,141.3771,289.6962,181.773,200.6548,180.2925,178.2335,158.5618,260.0006,173.0446,208.3141,261.3407,156.5449,136.3028
2018-12-17,235.8088,247.9772,141.9988,140.5575,288.8745,182.0295,200.0017,180.5659,178.3132,158.0884,260.8352,175.5399,205.5179,264.6541,155.2904,136.2073
2018-12-18,236.8948,248.8439,141.5903,139.9902,288.7024,181.7117,198.9989,180.7131,177.8321,157.5796,260.3863,176.9429,206.7813,263.5633,155.5947,136.1965
2018-12-19,235.6138,248.1614,142.2477,140.7371,288.8456,181.0797,199.7755,180.9622,178.6842,158.1277,261.3481,175.8554,206.1874,263.5157,156.21,136.2377
2018-12-20,242.749,252.6602,141.5111,140.9052,290.692,182.8974,201.8645,180.6203,180.4324,158.2624,262.8144,176.6038,206.4584,269.1135,157.0071,136.1761
2018-12-21,246.5549,256.1816,141.6057,140.2407,288.3596,182.6866,201.4134,180.3471,180.0325,157.9961,263.6072,180.2067,208.7043,272.0527,158.2225,136.2051
2018-12-24,249.0843,255.961,141.2734,139.987,286.1782,183.1861,202.4523,180.2748,180.4749,158.1847,260.5608,179.7772,209.244,271.6439,157.9449,136.2239
2018-12-25,243.6104,251.4861,141.3096,139.4308,284.6381,182.9737,200.1054,180.2676,178.5786,157.549,258.3004,178.8277,207.2507,267.5493,156.3909,136.2357
2018-12-26,242.4193,249.4454,141.3068,139.3119,283.6401,184.2035,200.3703,180.2218,179.2045,157.7407,257.6164,176.4286,204.7545,263.1447,155.9084,136.2236
2018-12-27,244.0725,254.1154,140.8129,138.934,285.0842,185.7538,200.4174,180.7371,180.6752,157.3967,257.9589,176.8639,204.5424,260.2663,156.5421,136.2313
2018-12-28,244.093,256.9213,140.8133,138.8326,285.8546,186.1051,201.2891,181.6337,180.648,157.4627,261.9824,178.3302,205.6791,263.3991,156.9762,136.2238
2018-12-31,245.442,258.0991,141.2661,138.8419,285.7489,186.6629,201.6074,181.9202,181.7092,158.1247,264.5348,176.0399,206.0067,267.122,156.7494,136.288
2019-01-01,246.7268,259.2051,141.2653,138.566,283.6647,186.6221,201.4252,182.0631,181.0902,158.2892,264.0592,177.2514,208.8774,269.4277,157.5699,136.2942
2019-01-02,249.9463,258.1447,141.1037,138.8984,286.6338,187.917,201.37,181.9423,181.6417,158.5641,265.3438,176.0069,209.2464,272.4103,157.0429,136.2335
2019-01-03,248.7956,256.742,141.549,139.3721,287.5306,187.8874,201.6317,182.2092,181.3482,158.8019,264.6128,176.9128,207.8257,274.1914,156.7558,136.1908
2019-01-04,246.5769,256.6536,142.2222,139.5561,285.6649,186.4364,200.3117,181.4627,181.2006,158.9368,266.7002,179.3299,209.4372,275.3398,156.684,136.1989
2019-01-07,245.6869,257.778,142.927,140.1222,286.9529,187.4412,201.6184,182.2536,181.5671,159.6405,266.6064,176.6715,210.5303,277.069,157.0696,136.2731
2019-01-08,247.1911,256.4581,142.9042,139.9602,284.2028,187.4813,201.7924,181.4561,180.0159,158.5071,268.8467,178.1102,209.9442,281.4258,157.2467,136.3521
2019-01-09,249.1908,259.7922,143.1053,140.4132,284.8251,187.7558,203.371,181.4548,181.7449,159.0971,269.5973,178.2764,211.0951,281.1511,158.4121,136.3394
2019-01-10,250.0991,263.4931,142.891,140.8023,288.9922,189.5916,204.6086,181.6237,182.7412,159.5891,268.3385,176.8346,211.876,281.1585,158.3384,136.3436
2019-01-11,251.1509,264.0103,143.5927,141.6775,289.8709,189.7063,204.1714,181.4899,184.3177,160.2938,268.6912,176.8369,211.2474,283.286,159.436,136.3764
2019-01-14,252.7445,263.6209,143.8925,142.001,291.1247,190.4663,205.5258,182.2769,185.1227,161.5154,268.2472,177.9496,214.0659,285.6096,157.8777,136.3837
2019-01-15,251.7266,263.5153,143.8274,141.762,290.8748,189.2283,204.9495,181.6238,183.9826,161.5874,266.6429,177.5917,215.0864,287.3585,157.4606,136.3963
2019-01-16,255.6552,266.7684,144.024,141.8272,294.1774,189.4872,204.5115,182.3252,185.9615,162.362,268.5605,180.1157,214.5964,286.654,158.8097,136.4809
2019-01-17,260.4492,268.9293,144.0061,142.1272,296.7691,191.1817,205.8161,182.5018,186.5673,162.2964,269.634,181.2498,215.2271,292.4344,158.2543,136.5378
2019-01-18,268.7612,276.0795,144.4638,142.6298,302.7621,193.6351,206.1841,183.4904,189.5282,162.3896,274.4723,180.1611,215.3741,300.6086,159.6017,136.5595
2019-01-21,273.0632,281.3074,143.8122,142.101,304.0667,192.7821,207.6342,182.914,190.6375,162.7673,274.1327,180.4044,215.3932,301.4873,160.015,136.6265
2019-01-22,277.2095,284.1835,143.6197,142.1237,306.9966,194.164,208.9315,183.8625,192.5652,162.9092,275.2988,178.7236,216.4931,299.0393,160.6047,136.5527
2019-01-23,277.9358,282.9513,144.1524,143.3056,307.6432,194.691,210.0061,183.5831,192.8543,162.9432,274.0511,181.1184,217.4474,300.0924,160.8817,136.571
2019-01-24,274.2726,280.0294,144.2351,143.0893,306.055,194.9151,209.6459,183.4096,191.5419,163.0819,273.9803,180.8339,215.0496,297.9389,160.9599,136.6152
2019-01-25,271.277,277.1938,144.2865,142.7746,302.874,192.6916,207.7269,182.505,190.765,162.3273,271.4176,181.0304,213.0063,294.2154,160.6636,136.6738
2019-01-28,274.4165,281.0043,144.5023,143.5548,306.0247,194.4043,209.1817,183.3268,192.7954,162.1832,274.2404,179.0747,215.9972,295.3692,161.3871,136.7327
2019-01-29,276.6112,281.7529,144.5199,143.6687,309.2951,195.4544,210.0006,184.1001,192.3766,162.5251,276.2762,177.4982,215.2591,301.3867,161.8052,136.7753
2019-01-30,275.1278,283.8039,144.913,143.8007,309.6883,196.0888,209.8923,184.4898,192.7192,162.5917,277.3661,177.9792,213.8671,301.6264,162.5583,136.7873
2019-01-31,279.478,283.8436,144.2435,143.6478,309.5065,197.4231,211.3138,184.3389,192.9426,162.442,274.273,179.6603,214.909,297.5249,162.9794,136.8253
2019-02-01,280.0169,285.1661,144.6211,143.7024,309.2297,197.9291,212.3296,184.4517,192.1885,163.2928,275.4482,181.3355,214.0147,303.5387,163.745,136.8628
2019-02-04,274.5458,281.2526,143.7831,142.2107,303.9943,195.4574,208.9212,182.6232,188.6934,162.2595,271.7893,181.4602,211.9119,301.194,162.6998,136.8637
2019-02-05,275.9197,284.3784,143.6734,142.3927,306.4521,197.0482,209.7232,182.7766,190.0624,162.7188,274.5488,183.6593,209.6694,301.8333,163.0975,136.9742
2019-02-06,280.2013,282.9964,143.4422,142.052,306.4521,197.2589,208.3396,182.7839,190.2956,163.1679,274.8514,182.7268,210.343,304.6369,163.531,137.012
2019-02-07,275.7591,278.4435,142.888,141.9469,304.6159,197.0756,208.433,182.4403,188.5026,162.7895,271.0521,181.9474,209.6279,302.1478,162.0208,137.0146
2019-02-08,273.4361,276.2818,143.8618,142.2935,303.642,195.3917,206.517,182.8401,187.8209,163.0306,269.4262,184.4792,210.9929,303.5352,161.8668,136.9978
2019-02-11,270.4145,272.1178,144.0295,142.5291,303.32,194.6431,206.5018,183.0438,187.1815,163.216,268.796,184.173,212.189,301.2076,160.4432,136.9926
2019-02-12,266.8222,271.4734,143.8652,141.7428,300.2475,192.245,205.8016,182.1357,186.9804,162.3681,269.2502,184.2528,210.1021,297.4317,158.647,136.9901
2019-02-13,269.4493,272.0362,144.5172,142.8037,302.243,193.8054,207.9901,183.503,189.8181,163.7244,271.0804,184.9854,210.91,294.5565,160.0729,137.0066
2019-02-14,271.5066,272.1803,145.2854,143.5105,303.3908,195.3244,208.5802,184.5907,191.2934,164.7166,271.65,188.4681,211.7875,294.8277,160.5494,136.9963
2019-02-15,267.8268,267.3142,145.3328,144.1664,303.8445,197.264,210.0365,185.4124,190.6764,165.3365,269.3675,187.809,211.228,289.7584,160.0544,137.0322
2019-02-18,263.8114,265.8962,145.4513,143.3439,301.0878,194.8861,208.3425,184.7825,189.4396,164.6596,271.1979,183.8086,209.6828,286.7725,160.6144,136.972
2019-02-19,268.187,270.2324,145.0207,143.3576,303.041,195.6028,209.7217,184.8821,190.9781,165.4377,271.3403,182.9074,209.3944,290.2625,161.7102,136.9887
2019-02-20,269.1031,273.3814,145.5937,143.3951,305.2275,195.5058,209.5443,186.2502,191.2822,166.2628,272.8775,183.7244,214.0351,293.3652,161.8989,137.0833
2019-02-21,266.5382,272.1491,145.9444,143.8695,305.8449,197.037,210.6713,186.878,192.4546,166.8216,273.5176,181.4142,212.1779,288.4988,162.1109,137.1141
2019-02-22,267.4457,273.5635,146.7557,144.42,305.956,197.8555,211.6876,187.5529,191.9738,167.1687,275.7058,182.9956,215.6616,292.8863,163.1599,137.0837
2019-02-25,267.0301,274.4172,146.4655,144.0612,306.5139,197.3458,210.7829,187.3496,191.9083,166.6218,274.6976,182.9162,217.2064,290.38,162.3334,137.1292
2019-02-26,272.2531,280.7643,145.9138,143.3239,307.9465,198.761,211.4282,187.5012,192.5509,166.7981,275.885,183.8885,219.9335,294.7709,162.3391,137.1655
2019-02-27,278.1099,282.4693,146.0745,144.1192,310.2454,201.3517,214.0484,188.7565,194.9433,167.407,276.2414,184.3934,221.2692,300.523,161.2906,137.2246
2019-02-28,274.89,278.9179,145.9013,144.0541,309.4321,199.8449,212.9858,188.2105,194.0724,167.3932,273.3261,186.3046,220.2449,291.9792,161.8886,137.2347
2019-03-01,275.587,277.7762,146.17,144.3611,310.7894,199.813,213.9017,188.5548,194.3897,167.7123,274.5259,186.4571,219.6434,292.1322,161.6455,137.3308
2019-03-04,277.0411,279.3496,146.3717,144.558,309.4395,199.9163,213.8604,188.7875,194.9875,167.7933,275.7276,185.5491,220.1157,299.2034,161.951,137.3294
2019-03-05,276.1118,279.6596,146.4545,144.2952,309.7682,199.312,211.9103,187.647,192.6991,167.0705,274.5816,186.488,221.6586,303.269,161.4991,137.2656
2019-03-06,275.7473,279.0996,146.2309,143.8996,308.7151,198.5686,210.9127,187.5367,193.9241,166.7949,276.9308,188.6724,217.8135,298.8142,161.5093,137.3087
2019-03-07,276.2618,280.469,145.8,144.0536,309.8715,200.7304,212.5376,187.7607,195.5399,167.0355,279.5735,187.7753,216.4895,298.3667,160.8159,137.375
2019-03-08,278.4131,284.0902,145.4903,143.9056,311.8977,200.1985,213.7105,187.7521,195.7884,167.9102,281.439,187.4962,218.2631,304.0184,160.8035,137.4338
2019-03-11,278.1501,285.5754,145.8774,144.313,310.9892,199.5898,212.8486,186.9386,195.9868,168.4794,283.3835,187.5744,221.3932,310.3814,160.9711,137.4706
2019-03-12,285.4754,290.9562,145.5307,144.1519,315.3104,201.2099,214.0814,187.5397,197.3797,168.6006,285.7785,189.3463,224.4439,312.4919,161.3356,137.5278
2019-03-13,291.2179,295.1442,145.5193,143.876,312.2851,199.7978,213.7056,187.1575,198.887,168.0936,288.4753,190.9835,228.0334,318.6308,161.6241,137.5691
2019-03-14,288.3757,294.0534,146.0225,144.1831,311.4908,200.4673,214.8732,187.9808,196.9054,167.9844,287.0584,191.5359,227.9782,324.4103,161.0951,137.6392
2019-03-15,294.3947,300.0796,146.3343,143.9507,312.7095,200.2571,215.2111,188.0529,198.1301,168.2766,288.2818,191.7215,228.9578,328.2195,163.0066,137.5651
2019-03-18,293.273,298.1075,145.662,143.5553,312.1724,202.0916,216.309,188.3982,197.7107,168.4831,281.6619,191.3434,227.9187,322.38,161.4308,137.5686
2019-03-19,294.5135,295.9474,145.6008,143.529,311.3355,201.1879,215.7861,188.7941,198.7705,168.5397,282.3428,190.6039,225.4631,321.3057,161.8173,137.6156
2019-03-20,291.6534,291.26,145.2176,143.3364,310.1606,201.094,216.5248,188.4397,196.7386,168.7591,277.7707,188.7935,223.6077,315.6484,162.3192,137.6293
2019-03-21,301.0857,298.2955,145.2133,142.8508,307.9854,200.9027,217.0141,188.3374,198.4252,168.4257,280.2875,192.8038,227.1174,326.0184,162.2645,137.6805
2019-03-22,302.0326,302.5373,145.116,142.6413,308.5176,201.0618,216.9351,189.4673,200.6247,168.6021,280.4367,194.0127,228.3993,319.4247,163.417,137.5675
2019-03-25,307.4768,305.445,145.3256,143.1885,313.9768,202.5368,218.252,190.5397,201.5708,169.5593,278.7929,198.5725,230.4024,319.8099,164.0918,137.5892
2019-03-26,315.4795,309.6817,144.4887,142.6541,317.4035,203.9758,218.8935,191.0036,202.543,170.0903,277.0348,202.236,230.6842,320.4755,164.5306,137.6383
2019-03-27,316.1059,310.0155,144.4529,142.7642,316.9508,204.6815,218.7204,191.2265,203.281,169.7244,277.4956,202.3978,232.0297,321.5766,163.6087,137.6193
2019-03-28,311.4157,306.6453,144.0512,142.5171,315.5641,204.3694,217.7918,190.6594,202.3261,168.7236,277.3082,202.1654,230.2435,314.1879,163.1686,137.6206
2019-03-29,309.5834,309.7298,144.009,141.9936,315.1301,204.4888,217.2478,191.2423,202.0659,168.7047,277.4578,206.5181,229.4557,315.9449,162.2559,137.7257
2019-04-01,310.8193,310.7731,144.2016,142.584,319.2577,204.7521,218.4884,191.7718,203.5292,169.3431,273.7966,209.1182,228.6628,312.0063,161.6733,137.7061
2019-04-02,311.4866,310.369,144.4056,143.0356,319.6528,204.0807,217.4888,191.4552,204.6077,169.0718,274.5442,207.9323,227.8249,312.8916,162.04,137.7471
2019-04-03,311.1856,313.5569,143.7489,143.5691,322.7092,205.4773,219.8319,191.0816,206.7496,169.8193,277.2362,209.394,227.9592,306.8115,162.7951,137.7606
2019-04-04,307.0872,311.6477,143.4964,143.2218,320.2671,203.7029,218.3224,190.4312,205.4368,169.0908,275.107,207.4361,228.0167,305.8342,162.1204,137.6675
2019-04-05,307.5754,314.5328,144.4021,144.3328,324.2603,205.0139,221.2976,191.9613,207.0836,170.5461,276.0322,205.4754,231.1382,309.7193,161.9623,137.6903
2019-04-08,308.4581,314.4146,144.7641,144.694,325.1934,206.1685,221.7973,192.1835,208.3209,170.894,278.3551,206.0242,233.3399,305.7972,162.0434,137.8114
2019-04-09,313.5331,316.7607,145.1801,144.4972,324.1005,205.1392,220.7045,192.6104,209.6762,171.2307,278.8469,212.5102,235.3584,307.3083,162.3563,137.8421
2019-04-10,312.3786,316.1736,145.8444,145.5303,324.063,206.9052,222.0823,192.9617,209.7626,171.5161,278.3635,213.707,235.2213,309.6156,163.0785,137.8199
2019-04-11,306.8638,316.8121,146.47,145.8994,323.6743,206.5924,222.0322,192.8962,208.938,172.066,278.2886,210.8441,237.0361,311.2623,163.2367,137.8175
2019-04-12,300.4401,309.2665,147.0227,146.2548,319.9992,204.9405,220.7467,192.4632,206.7109,171.928,276.512,208.7811,238.4926,307.635,163.3123,137.8101
2019-04-15,299.7392,307.6745,147.5971,147.3153,324.1248,206.4589,221.7386,193.5609,207.0641,172.7322,275.8977,209.5723,237.6251,311.1368,162.4494,137.7947
2019-04-16,296.7941,304.6391,147.7842,148.2552,325.8294,208.0952,224.3203,194.2868,207.2481,173.4519,272.2378,205.4699,237.3402,307.3882,162.1048,137.8358
2019-04-17,300.8552,309.1494,147.1015,147.7537,325.9848,209.3396,225.1007,193.6612,207.4793,172.3816,271.6004,204.755,237.1784,308.8377,162.204,137.8838
2019-04-18,308.5317,314.576,147.023,146.9625,327.1526,209.1763,224.0048,194.5944,208.5664,172.4705,274.4015,204.9744,239.7579,316.0392,162.954,137.9246
2019-04-19,310.8861,317.9864,147.0475,147.0532,332.6555,210.7876,224.4985,195.2709,208.711,172.899,273.1488,207.7276,240.4389,314.4146,163.2826,137.9497
2019-04-22,303.4541,310.8556,147.661,147.5355,332.3899,210.4412,223.5851,195.4133,205.7813,172.6623,273.4114,208.5003,236.9025,313.7633,163.2051,138.0266
2019-04-23,303.1621,312.4493,147.5991,147.768,333.539,211.4365,223.8609,195.6301,205.8459,172.4208,272.9424,207.3523,239.0534,315.6082,162.677,138.0263
2019-04-24,303.4078,311.6185,147.4379,148.0859,331.6522,211.1378,223.8027,194.9072,205.9918,172.2497,273.924,205.7241,242.781,318.9178,162.0774,138.0137
2019-04-25,304.6289,315.0251,147.3131,148.3578,331.7638,211.745,225.5883,194.4936,207.1005,172.0262,274.5645,205.5763,241.669,318.5043,162.791,138.1096
2019-04-26,306.3669,313.6417,147.8624,147.8038,326.6314,210.045,223.07,193.908,205.5962,171.6465,276.6779,204.7788,243.727,326.0988,163.7486,138.1499
2019-04-29,308.1013,314.5889,147.6337,147.5243,324.641,209.8393,224.3121,194.3279,206.4236,171.8158,276.2046,203.1885,244.2367,326.1096,163.866,138.1721
2019-04-30,306.2186,314.386,147.6506,147.1874,324.2859,208.392,223.6941,193.8864,205.7702,172.6227,276.2869,198.5085,243.2006,330.9126,163.8809,138.1205
2019-05-01,306.5726,313.1712,147.8144,147.0242,323.9595,208.1514,223.3816,194.7741,206.1558,172.637,276.5075,195.9977,242.7532,331.8194,163.5935,138.0261
2019-05-02,295.8563,306.1195,148.0877,146.8072,321.3374,205.6507,221.5002,194.5821,204.967,172.1349,275.0849,193.6903,238.3663,318.9434,162.9986,138.0562
2019-05-03,291.2899,301.157,148.2013,146.7853,318.1691,204.375,220.7539,193.6402,201.2071,171.3836,270.9081,195.1067,239.0998,317.2826,163.2415,138.0597
2019-05-06,293.9654,298.9271,148.2356,146.6807,318.0673,203.9438,220.4601,193.336,200.725,171.9372,271.0834,196.3976,237.0356,319.1709,164.1657,138.0835
2019-05-07,294.7497,300.4401,147.6156,145.707,317.356,203.1339,219.2129,191.3327,199.4066,171.865,271.1942,198.6362,233.0181,323.3642,163.5894,138.1669
2019-05-08,291.7119,295.6699,147.5301,145.9908,317.3219,202.717,218.9895,191.2197,198.4298,171.7895,267.3004,199.2238,232.6491,317.6084,162.8748,138.239
2019-05-09,292.5353,297.599,146.6126,144.9051,317.9901,202.6833,218.9758,190.8578,199.2984,171.8013,270.8805,201.0567,227.0116,315.1779,162.2085,138.2803
2019-05-10,289.7283,300.1073,146.4863,143.9727,318.38,201.9543,218.0612,191.1751,198.1019,171.4649,270.1371,200.4559,226.9885,314.7371,161.2201,138.3096
2019-05-13,290.4274,300.6338,147.0852,144.7043,318.3988,201.441,217.4346,191.4161,199.547,172.1742,268.6029,201.4628,229.3584,314.2522,162.126,138.319
2019-05-14,292.0886,302.5899,146.9157,144.5539,317.4639,202.6335,217.6624,191.1925,198.9324,171.8615,268.3135,203.8964,228.8605,317.0457,162.9471,138.3286
2019-05-15,292.3633,301.7935,147.5581,144.7356,316.3568,202.7295,217.6925,192.1446,198.6554,171.6387,270.1785,200.7261,231.2902,322.4101,162.847,138.3174
2019-05-16,296.9415,304.0451,147.35,145.083,319.1641,204.6457,218.8232,193.7415,200.6316,171.6918,271.0777,200.8059,234.4593,322.7854,162.7196,138.3487
2019-05-17,303.1788,305.6925,147.2944,145.424,320.1733,205.6292,220.2149,194.1109,202.8168,171.9578,272.8205,204.2998,235.1774,325.1805,162.4632,138.3156
2019-05-20,301.5065,305.4792,147.7247,145.9734,318.9974,205.156,219.4683,193.6671,203.7166,172.104,273.3214,204.6779,237.4713,326.1544,161.8605,138.4248
2019-05-21,297.781,302.6961,148.0751,146.267,318.8435,204.5463,218.2042,193.2607,203.6924,171.6357,273.4576,203.8127,238.9925,321.1502,160.8259,138.4001
2019-05-22,300.1403,304.2286,148.6654,147.4332,321.1167,205.2837,219.8514,194.3616,205.6666,171.8427,273.954,205.6947,241.6478,323.2184,160.7644,138.3764
2019-05-23,303.7974,306.2768,149.0396,148.1596,321.0191,207.0066,222.0951,195.3261,206.1892,171.2077,275.7637,205.5999,244.2628,325.8915,162.3793,138.4103
2019-05-24,304.8646,307.29,148.7351,148.404,322.1925,207.484,222.9342,195.1598,206.6024,171.2055,275.9495,202.4935,247.0395,329.7545,161.4351,138.4676
2019-05-27,298.4277,303.5917,148.5106,148.1919,316.0392,205.2378,222.3323,194.3923,205.7393,170.806,274.2636,203.9661,245.5129,323.6817,161.4705,138.476
2019-05-28,304.7096,308.9996,149.7527,149.6872,322.0771,208.5953,224.5089,195.9883,207.9892,172.222,275.8829,207.1191,248.7417,331.8356,162.6045,138.5237
2019-05-29,309.9035,311.3251,149.0802,149.1964,323.7392,209.9359,224.5149,195.9729,208.8282,171.8542,275.7604,206.9057,248.8883,331.5278,162.5123,138.4783
2019-05-30,309.3466,309.9883,148.9651,148.6255,321.8877,208.3326,223.8776,195.664,207.9751,171.8769,274.8746,206.1493,250.9605,327.8777,162.6709,138.5226
2019-05-31,308.1751,308.0803,149.286,149.1561,323.9729,207.8307,223.8432,196.2566,209.2199,172.7738,277.2568,202.2087,251.4119,327.375,162.8161,138.5881
2019-06-03,309.3183,309.2321,149.5697,149.0311,323.0608,207.4312,223.1624,196.5129,209.3031,172.1581,278.7718,201.9883,250.1851,329.245,163.8346,138.6897
2019-06-04,318.2364,313.7289,149.8156,148.5819,322.8852,206.7902,223.0157,197.0797,210.541,172.7686,282.0554,202.5199,255.4265,338.6979,164.6159,138.7019
2019-06-05,319.1917,315.3322,149.764,149.5105,327.0162,208.9999,224.4857,196.9174,212.4879,173.0589,284.0972,200.8393,254.2961,341.0439,163.858,138.7111
2019-06-06,315.4304,313.0635,150.1631,150.6267,329.5387,209.9396,225.1521,196.2962,212.4371,173.4873,282.6386,196.9199,251.9626,341.3336,163.8448,138.8171
2019-06-07,313.2472,314.2694,150.4302,150.0073,328.1461,208.269,223.7484,197.0368,211.3585,173.5373,283.6732,199.109,251.9293,342.3402,164.6149,138.7974
2019-06-10,312.3568,317.2502,151.4682,150.3833,330.206,207.7176,223.9866,197.9214,211.3993,174.4411,282.9018,202.7106,254.9634,337.5004,166.6736,138.744
2019-06-11,314.4264,319.9579,151.647,150.3709,328.6508,208.1303,225.2427,198.5522,211.4216,174.1438,283.0982,202.286,257.5157,341.5515,167.1025,138.7516
2019-06-12,319.1824,323.0611,151.6118,150.6394,329.8421,209.9381,228.4061,199.2598,212.2304,175.2142,281.1035,197.1509,258.8865,346.4161,168.4721,138.6851
2019-06-13,321.7761,324.1781,150.9758,150.7929,330.2487,209.6101,229.9726,198.7755,214.0755,175.4375,281.7046,197.3561,256.4468,346.9828,168.0367,138.6434
2019-06-14,317.8892,323.0653,150.61,150.0724,327.5791,208.5635,229.725,198.2514,213.0551,174.9319,283.6078,197.6594,252.0273,348.7161,166.6495,138.7115
2019-06-17,311.3756,321.8143,149.8244,148.3573,324.1298,207.026,227.5827,197.2896,210.2313,173.5309,279.9918,197.536,246.2476,338.2186,166.5723,138.7183
2019-06-18,313.7901,321.5604,150.1293,148.4094,324.3896,207.4459,226.4761,197.9304,210.6603,173.5673,283.5569,198.3635,246.0658,344.1706,166.8921,138.7191
2019-06-19,313.0195,319.4127,149.3645,147.2219,319.458,205.9985,225.0516,196.8824,208.881,172.453,282.9458,196.6225,242.9174,344.6918,166.8946,138.7281
2019-06-20,314.7347,320.2266,149.6703,147.3905,319.4428,207.8849,227.4948,198.1749,209.9795,172.4653,283.5497,194.6111,243.0313,340.8683,167.6726,138.6714
2019-06-21,308.3572,316.1739,149.9261,147.3788,317.2836,207.8447,227.3637,198.5491,209.7138,172.385,282.5039,194.2088,241.3129,334.893,165.9889,138.7315
2019-06-24,310.1109,319.2027,149.9237,147.6535,320.5897,208.2555,227.2817,198.4035,210.3382,172.6998,285.3705,194.9277,244.3773,335.4606,166.5445,138.7775
2019-06-25,305.6976,314.4072,150.0068,147.5814,321.6125,207.3731,226.2637,198.7555,208.5766,172.1094,283.6144,191.8567,243.8261,329.4386,166.2287,138.9094
2019-06-26,307.3478,311.1344,150.2085,147.8996,319.9018,209.5779,227.0929,199.073,208.5402,171.8955,280.8722,192.1229,242.943,325.0658,166.9881,138.9746
2019-06-27,310.4459,317.64,150.6302,149.0039,325.5474,212.1015,229.9257,199.8576,210.7212,172.663,283.6973,194.8389,242.743,333.526,166.4869,139.028
2019-06-28,315.7633,319.3671,150.4083,148.3623,322.8437,211.5014,228.9881,199.7108,212.3256,173.0164,287.159,195.6262,241.3511,336.4726,167.9703,139.041
2019-07-01,312.5185,317.5615,150.8266,148.3604,322.2655,210.6388,227.5798,199.8841,210.5644,172.5288,283.7281,193.8421,242.5071,335.6841,168.0036,139.1132
2019-07-02,310.665,317.6288,151.4808,148.6247,321.3519,209.9909,226.4028,199.2442,207.977,172.9661,282.7668,195.7331,243.0215,345.6899,169.0005,139.1111
2019-07-03,306.2871,315.757,151.1273,148.6435,320.4493,209.9725,225.5623,198.3784,206.3504,172.6334,280.8667,196.2112,243.0362,343.19,168.8872,139.1225
2019-07-04,298.1529,310.1934,151.4894,148.8734,318.6483,209.533,224.9132,198.5095,204.9141,172.5575,279.5163,196.2619,243.345,335.8751,167.6758,139.145
2019-07-05,304.9245,311.9878,151.2552,148.8421,320.5685,209.9331,224.9106,198.6941,205.8411,173.4201,278.624,195.8411,244.6657,340.32,168.9187,139.1317
2019-07-08,308.154,316.792,150.7004,148.1474,322.2088,210.3392,224.8729,198.8246,206.7188,173.7607,280.6356,196.5094,244.2757,342.5713,169.1967,139.1098
2019-07-09,311.8224,316.6544,149.9103,146.6164,316.9504,208.014,222.6743,197.7839,206.1787,172.9857,280.5712,198.1669,243.8729,343.4746,169.0616,139.1269
2019-07-10,311.5802,315.7761,150.6207,147.3248,318.6125,208.5775,223.8652,199.1731,206.8471,173.7403,282.5699,200.9159,244.2796,343.4828,169.447,139.169
2019-07-11,310.2743,316.5741,150.5402,146.8828,319.388,208.8622,223.9001,199.5278,207.1953,173.6924,280.132,201.6154,241.9921,338.6165,168.254,139.2125
2019-07-12,305.0959,313.2159,150.6861,146.8219,316.2244,207.7399,222.8516,199.1146,206.2876,173.2503,277.4059,203.3646,242.7949,329.0777,168.1984,139.2756
2019-07-15,306.2504,310.8756,150.1539,146.3662,315.5296,207.2654,222.2441,198.4831,205.951,173.018,277.5881,205.973,242.1886,326.7899,167.2252,139.2765
2019-07-16,306.4764,313.5522,149.4205,145.4519,316.9695,206.153,221.4307,197.9634,205.9341,173.3123,279.6153,204.3221,243.5904,325.6352,166.8043,139.3617
2019-07-17,305.3522,313.4083,149.1796,145.3904,315.4204,207.2221,221.0604,198.7074,206.8563,173.1977,279.8789,206.1466,244.2719,320.3349,167.1797,139.3544
2019-07-18,308.517,312.8154,149.4681,146.0627,317.2904,209.7812,222.4062,199.6079,208.7038,173.4539,283.9116,204.6,242.0494,320.5129,168.4799,139.3899
2019-07-19,303.556,312.0833,149.3874,146.0137,318.8019,209.6991,221.5435,199.4808,206.7489,173.1048,282.6162,207.3287,243.0314,316.3601,167.9936,139.413
2019-07-22,300.3651,309.7512,150.4652,146.9798,315.9312,209.743,221.3719,200.2012,208.5609,173.5095,286.4167,205.2125,241.9497,317.9683,168.7532,139.4325
2019-07-23,290.7468,302.5896,150.5728,147.2511,314.8062,208.9492,219.8072,199.8204,207.4546,173.0686,285.9402,207.2316,239.1531,308.8979,166.6315,139.5228
2019-07-24,292.6605,304.915,150.0253,147.0476,316.1632,209.6929,219.9419,199.3331,208.8208,172.5452,285.1763,204.7405,239.0294,305.2007,166.3944,139.5498
2019-07-25,295.8914,305.37,150.1908,147.2472,315.9415,209.5964,220.4908,199.2718,210.0426,172.1122,285.3515,203.0342,238.6482,307.586,166.0941,139.5881
2019-07-26,287.7236,302.1187,150.4036,147.2768,313.6831,207.3001,219.1721,198.5814,208.4396,171.518,284.8793,205.1365,234.5297,302.3906,166.2244,139.6203
2019-07-29,295.4611,308.458,150.0689,147.1375,314.6965,207.4575,220.4271,198.4049,209.4137,172.0627,284.511,205.3676,236.9923,311.7556,167.2534,139.6295
2019-07-30,294.5756,308.7873,150.5206,147.3658,310.3824,206.1599,219.3187,197.076,210.6158,171.774,288.6748,207.113,235.7926,313.1801,168.1315,139.6477
2019-07-31,297.3376,313.7621,150.3591,147.0605,310.9909,206.0258,218.3173,196.5312,210.2764,171.6579,291.28,208.8989,238.924,319.997,168.8317,139.6759
2019-08-01,294.3231,314.1354,149.4771,147.1804,310.9405,206.7955,219.9452,196.4439,213.5382,171.6609,293.6884,204.7521,237.9574,311.1993,167.3133,139.7102
2019-08-02,291.5455,311.3588,149.6822,147.0645,309.0884,205.7247,218.8447,195.3881,211.9093,172.1799,296.0271,206.1107,238.9315,314.0844,166.8213,139.7256
2019-08-05,287.9934,309.2333,150.6058,148.149,310.5351,205.996,219.1032,196.088,213.2917,172.4002,297.6054,204.7114,237.8796,307.8991,167.9073,139.7465
2019-08-06,290.7529,310.5439,150.3063,148.5621,311.6481,206.1245,219.2556,195.6363,215.0014,172.1535,297.6005,204.5257,238.149,307.8998,167.9074,139.7447
2019-08-07,292.0447,312.9448,149.626,147.9842,311.7132,205.6111,218.4519,195.2651,216.2368,172.1382,298.8549,204.9082,237.7338,306.6288,167.7152,139.7829
2019-08-08,297.9455,315.1722,149.4684,147.4428,312.5138,205.9164,217.0565,195.6433,216.898,172.0858,301.3098,203.8225,238.6595,310.0973,169.0579,139.8445
2019-08-09,293.9421,310.1285,149.3184,147.4276,312.2618,206.6554,217.815,195.5288,215.6722,171.9378,299.1561,198.8889,237.7097,304.9649,167.7101,139.9633
2019-08-12,296.9856,310.8871,148.9725,146.9011,312.8205,206.8078,218.2323,195.1321,216.427,172.1159,300.7483,198.6726,237.1292,304.3463,166.9906,139.9767
2019-08-13,297.6285,308.7339,148.7344,147.1461,311.6546,207.6012,218.6884,194.308,217.2934,171.8812,299.805,199.7686,235.9579,301.3903,166.141,140.0242
2019-08-14,295.5467,307.486,148.587,146.6786,309.9069,205.2848,216.8592,192.9686,215.5003,171.7309,299.4403,197.756,234.8763,305.1145,166.2301,140.1296
2019-08-15,290.4646,302.462,148.0211,146.1276,307.9395,205.0804,216.3819,193.3815,214.192,171.1524,295.439,195.8702,231.2165,300.6561,164.2896,140.1529
2019-08-16,291.3355,299.2171,147.5998,145.4046,305.8992,204.311,215.8677,193.4619,212.9522,170.9076,295.8133,195.1583,231.2349,300.5534,163.9611,140.1426
2019-08-19,296.4583,300.0533,147.4714,145.3473,307.149,205.1547,215.6981,194.044,215.1531,171.2834,295.4231,195.3142,231.2367,300.9917,163.5249,140.1668
2019-08-20,299.6449,302.9614,147.4885,145.3538,307.4701,205.6749,215.9867,193.938,215.1616,170.646,295.9004,194.9725,234.2456,301.8037,164.4474,140.2206
2019-08-21,294.7074,301.1314,146.9091,144.189,303.2328,204.1089,213.6294,193.129,213.642,169.8955,295.5948,194.84,233.0607,295.0995,164.5973,140.2583
2019-08-22,296.9119,300.5527,146.8521,143.9065,301.68,204.0357,213.7584,193.0542,212.3594,170.0656,294.9532,196.0178,235.4071,299.1865,164.536,140.321
2019-08-23,305.8596,304.5262,146.4452,143.5017,300.9064,204.3771,214.3068,192.8254,214.4693,170.77,296.417,195.2884,236.7415,305.348,165.5221,140.3483
2019-08-26,305.0223,306.4549,147.3722,144.5027,304.2739,205.3202,214.9214,193.6124,215.4522,171.1787,297.6073,196.2692,234.8451,309.326,165.7847,140.3396
2019-08-27,300.4865,301.8982,148.188,145.2515,302.053,204.2405,214.5776,193.8289,215.0523,171.2733,298.39,195.0553,231.9569,307.4071,167.6138,140.3084
2019-08-28,301.8038,300.0807,147.7072,144.6434,303.6898,203.7354,213.6406,193.2279,214.5838,172.3466,297.8666,193.1731,230.7606,306.826,167.5,140.3878
2019-08-29,305.1591,302.3964,147.8816,144.6988,303.5597,204.5069,213.6207,193.9902,216.1505,172.291,299.955,194.6683,233.2695,304.6073,168.8243,140.489
2019-08-30,304.6439,301.8352,147.3602,144.2329,303.665,204.2178,212.8536,193.3482,216.0263,171.4093,300.7073,192.8374,231.6534,300.4152,168.7734,140.4837
2019-09-02,305.2976,299.4419,147.0513,143.7623,300.3864,203.9243,211.5339,192.4977,216.2618,171.2348,301.21,191.9529,230.6622,298.7276,168.8559,140.5157
2019-09-03,302.056,298.0696,147.3581,143.6791,298.3107,202.4756,211.1621,192.1702,214.8232,170.7353,300.8608,194.1712,230.1169,301.2893,167.5189,140.5807
2019-09-04,294.7718,293.1525,147.1572,142.9936,292.4912,199.8,209.3127,190.9449,212.7047,169.3379,299.9757,193.396,228.5483,296.6498,166.1458,140.6157
2019-09-05,295.3595,291.5176,147.0102,143.0762,293.9002,201.5091,209.7038,191.2655,212.4037,169.6908,297.217,194.8963,227.258,292.9791,166.2726,140.7449
2019-09-06,288.1202,285.6651,146.7616,142.7983,290.0104,198.5313,207.672,189.6244,209.6018,169.3756,293.05,195.4401,224.9485,290.5188,165.4071,140.7271
2019-09-09,288.5408,290.6723,146.9948,143.1437,294.7518,199.5095,207.1402,189.1174,211.7499,170.0036,296.2001,196.1099,224.7775,288.477,165.9031,140.7755
2019-09-10,285.1002,290.9963,147.4845,143.8006,295.9327,199.8741,206.323,188.6565,211.2894,169.6411,294.7021,197.8409,223.2766,287.8388,166.1706,140.8663
2019-09-11,283.1786,289.3646,147.9094,144.1856,296.0946,198.8893,205.5496,188.5867,210.2851,169.8862,292.8318,197.781,225.9824,284.7803,167.5344,140.9005
2019-09-12,282.8662,287.1592,148.1074,144.2795,296.387,199.0096,205.7916,189.0544,210.4093,170.1259,293.0481,199.2785,227.9544,281.29,166.6246,140.9212
2019-09-13,286.4549,291.1513,148.6135,144.9224,299.5975,201.0152,207.7478,189.9036,212.4944,170.7392,297.7881,198.0547,228.7549,288.4122,166.172,140.9423
2019-09-16,286.2008,292.5407,148.7255,144.9015,295.982,199.8256,207.6351,189.9606,212.0207,169.7936,297.553,198.4167,229.088,289.5405,168.0397,140.9549
2019-09-17,288.1909,293.8385,148.0842,144.3337,294.6049,198.4104,207.1718,188.926,211.3401,169.4904,296.3596,199.2385,229.7484,289.1826,168.9911,140.9868
2019-09-18,287.8036,292.7938,147.867,144.2479,292.9315,197.9115,207.3573,188.5604,210.8757,168.9136,298.1451,197.4673,229.0067,289.8635,169.4515,140.9597
2019-09-19,287.547,291.3997,148.0283,144.0946,292.5779,196.4195,206.2291,187.8615,209.361,168.6101,296.7165,198.2939,228.7417,291.5657,169.4983,140.8579
2019-09-20,292.9521,294.2456,147.8979,144.4351,294.5338,197.5143,207.8908,187.9838,210.1503,169.2194,296.5174,199.853,230.3128,294.9077,170.5612,140.8098
2019-09-23,285.0258,285.278,147.7844,144.054,291.9299,196.0494,207.7097,188.1098,208.0629,168.5437,293.0059,196.1577,225.2474,285.0767,169.0711,140.8446
2019-09-24,283.5931,284.5496,147.4223,143.0262,288.2004,194.974,206.8248,187.0648,206.8647,168.3098,291.9014,194.9961,223.2927,283.7587,168.9063,140.8721
2019-09-25,285.9534,286.0483,147.7583,143.3051,289.4701,195.9974,209.2926,187.8816,207.816,169.4042,290.8251,193.3655,224.9862,284.9613,168.7987,140.8062
2019-09-26,287.0592,282.4136,147.7394,142.7186,287.0378,193.8857,208.8275,187.7158,206.0303,168.6783,288.7456,192.5248,225.6046,285.2543,168.1592,140.8162
2019-09-27,287.3072,278.652,148.9347,143.1272,283.1212,194.0266,208.2148,188.5118,206.2123,168.4222,288.3179,193.1133,225.7174,288.7211,167.5101,140.8287
2019-09-30,286.6148,277.4747,148.4572,142.7118,282.8096,192.8729,207.6135,187.9398,204.6089,167.7523,285.6452,192.3682,224.8807,284.8185,168.5384,140.8854
2019-10-01,286.9119,275.2276,148.0652,143.3174,284.2265,193.7599,208.514,187.5684,205.4548,167.7606,283.5067,189.94,224.0077,281.57,168.3247,140.806
2019-10-02,291.6808,279.5486,148.3279,143.2747,284.079,193.6994,207.9513,187.1943,205.4908,167.416,285.0758,191.7029,228.7674,289.8928,168.2737,140.8916
2019-10-03,285.8049,276.3091,147.4196,142.3954,282.2921,192.0223,205.7702,185.4569,203.8997,166.1261,281.8207,189.533,223.0801,282.5945,167.2588,140.9281
2019-10-04,286.6915,275.9594,147.3533,142.579,282.5772,191.6551,205.8752,185.4889,205.2185,166.4514,282.7578,188.9625,222.3174,282.2811,167.2127,140.9958
2019-10-07,285.7089,275.6738,146.7755,142.5289,284.7615,191.9411,206.2175,185.4804,205.6809,166.3863,279.6523,189.1371,219.7572,275.9271,166.9555,141.0108
2019-10-08,282.578,277.296,145.6652,141.4394,283.0941,191.7858,206.508,184.4109,203.9678,165.7344,279.6313,188.962,219.0643,274.08,165.9683,140.9406
2019-10-09,284.5439,279.8902,146.024,141.9192,284.7703,192.4512,207.4089,185.433,205.5005,165.6855,283.1805,190.5126,219.2247,278.9478,165.5231,140.9521
2019-10-10,285.9329,279.8808,146.2533,142.0687,283.0588,192.6009,207.9065,185.863,206.8028,165.8948,284.1406,191.6135,219.7121,279.954,165.2329,140.9311
2019-10-11,288.7985,285.8746,146.4521,142.3834,285.2488,193.2814,208.6699,186.2066,209.2253,165.8525,287.7006,192.7091,220.7171,282.8336,165.3908,140.9778
2019-10-14,289.0569,285.6285,145.9071,141.5135,286.3921,193.1981,207.142,185.8649,207.7708,166.0955,286.041,194.4023,214.9411,282.1247,166.545,141.0299
2019-10-15,286.1312,284.2227,146.2789,141.5543,286.2606,192.4371,206.6854,186.3,207.6912,165.76,285.7252,192.5758,214.3248,277.4446,166.9632,140.9712
2019-10-16,282.9376,283.5816,145.3795,141.1171,284.1146,191.836,207.4462,184.6863,206.9117,165.5484,288.0024,193.2714,212.4615,276.1469,165.9001,141.0142
2019-10-17,288.7588,287.1778,145.3397,140.6683,284.656,191.8148,207.7442,184.5237,206.8309,165.7487,289.6998,194.8493,213.3853,282.1621,166.4772,141.2169
2019-10-18,288.9824,288.6315,146.2417,140.9441,283.7692,191.312,208.0461,184.3774,205.6812,165.6739,290.5942,196.4875,215.9787,286.3006,167.2303,141.1885
2019-10-21,285.0091,283.8429,145.9851,141.5196,284.0879,192.4721,208.6917,184.4146,206.9004,165.6684,286.0649,193.4189,212.5929,277.9214,165.7866,141.1655
2019-10-22,285.6,282.9546,145.9218,142.0718,285.1544,192.8197,208.4622,183.7227,207.2337,165.3485,285.9243,194.9825,212.456,278.1978,165.2251,141.2851
2019-10-23,280.5412,277.0588,145.9997,141.9149,284.6649,191.3316,207.0109,184.08,206.6637,165.9675,283.0118,191.5149,209.399,273.9607,164.4128,141.3444
2019-10-24,284.234,279.1041,146.304,142.7634,287.424,192.9892,207.782,184.3204,207.298,166.2614,282.5632,194.1443,212.153,277.2242,164.9598,141.3422
2019-10-25,279.5349,273.9237,146.7303,143.8776,287.6398,194.0503,208.939,184.1792,208.191,166.4914,281.7468,193.5596,211.8507,270.9914,163.1092,141.4536
2019-10-28,277.3143,273.9653,147.2154,143.9883,285.9023,193.0637,209.5476,184.1747,207.6361,166.7396,280.9858,193.2262,213.6488,271.127,163.1957,141.4195
2019-10-29,282.4099,276.0161,146.0439,142.539,283.35,191.1671,208.1721,183.3931,206.5489,165.3526,282.9768,191.1877,214.963,277.3574,162.9767,141.4829
2019-10-30,281.4696,278.5165,146.6088,143.2752,284.9497,192.9976,210.0253,184.2752,208.0844,166.3726,283.3291,188.7733,215.5612,280.076,162.7982,141.4797
2019-10-31,283.639,281.1328,146.3349,142.8419,287.4119,192.7711,209.1289,183.7662,208.1364,166.4202,282.1105,189.616,214.837,279.0742,163.2053,141.4808
2019-11-01,283.3732,282.075,146.0358,142.3508,286.4395,192.0762,209.0608,183.7473,209.4906,166.2564,285.2699,187.9932,216.1003,272.6227,163.6779,141.6054
2019-11-04,284.6807,283.3445,146.0176,141.6316,286.5702,190.4629,206.3165,182.8497,208.6377,166.3642,286.0017,186.8378,217.3195,274.0151,164.8445,141.5981
2019-11-05,284.5494,283.6573,146.4874,142.2475,286.5218,190.4847,205.8946,182.4796,209.4767,167.2284,286.9968,185.9402,215.8135,280.2359,165.2629,141.6237
2019-11-06,289.6554,285.3083,147.255,143.209,288.0118,191.9033,207.3043,183.7672,211.1876,167.6323,288.8117,184.7879,218.725,285.5279,166.6927,141.6147
2019-11-07,294.6404,287.828,147.2538,143.6945,289.4823,194.4599,208.8338,184.2572,212.116,168.3623,289.824,184.0923,220.5791,292.2201,167.4303,141.6562
2019-11-08,300.4713,292.9933,146.8372,142.7948,289.4127,195.0711,208.9226,184.2078,213.6923,168.5529,291.3328,186.2118,221.8714,291.2768,167.9461,141.5956
2019-11-11,302.879,294.4035,146.8494,142.6976,287.6343,194.4503,209.6277,184.3732,214.028,168.8216,292.0627,186.8333,225.1366,292.7234,168.7027,141.6464
2019-11-12,297.6461,291.4969,146.5587,142.5196,288.2987,194.7703,210.0383,184.5608,212.8225,169.0069,287.3753,184.6765,223.2268,285.751,167.9663,141.5708
2019-11-13,297.7638,292.109,146.2483,142.3948,288.5477,195.264,210.8234,184.5017,211.9945,169.1234,288.2815,182.3644,222.0341,289.607,168.5343,141.6591
2019-11-14,297.5954,292.587,145.3658,141.7589,288.9233,194.8883,210.99,183.7199,211.3435,168.6192,287.7431,182.8151,220.6101,285.3296,168.3464,141.7491
2019-11-15,294.2521,290.9427,145.4066,142.0503,291.6224,194.6793,211.3471,184.2766,210.3909,168.6742,285.8128,180.0981,219.0293,285.4278,167.6975,141.6966
2019-11-18,289.4583,286.7342,144.7692,140.8979,286.2504,193.112,209.6608,183.1199,207.7789,168.0453,282.1631,180.1708,216.6458,282.5307,166.511,141.6112
2019-11-19,291.9054,285.5194,144.5415,141.077,288.0856,194.7689,211.0377,183.0899,208.4914,169.0086,279.9337,177.5677,217.004,277.5649,167.4046,141.6897
2019-11-20,292.2178,284.5909,144.9738,141.0649,289.9701,195.6483,210.4077,183.6755,208.1904,169.744,277.9564,177.3536,214.3257,277.203,168.1492,141.7024
2019-11-21,294.2063,284.9189,144.5892,141.0224,291.385,195.9973,211.0656,183.3813,208.2076,169.4203,278.5505,176.5649,212.4341,275.3588,169.402,141.7602
2019-11-22,296.7759,288.0902,144.5578,141.2252,295.3276,197.53,212.0961,183.788,209.116,170.5592,277.4477,176.3344,214.3507,276.9394,169.0582,141.7971
2019-11-25,299.9515,288.7053,144.8061,141.3069,292.508,195.9328,210.259,183.0907,209.7061,170.829,279.9755,179.1858,216.0942,284.961,169.5036,141.7983
2019-11-26,303.8624,290.0184,144.8151,141.0159,293.123,196.4556,210.6773,183.4149,209.853,172.0969,279.4199,182.0172,218.3248,286.6986,169.6134,141.7549
2019-11-27,299.361,285.476,144.9189,140.9304,290.7208,195.232,210.0528,183.5504,209.1822,171.8863,279.0613,181.0144,212.6797,284.5129,170.0091,141.7024
2019-11-28,295.4289,283.9697,143.947,140.8398,292.3241,195.5059,210.4271,181.9229,209.1069,172.1985,278.2133,179.5376,211.551,276.5782,169.0511,141.6991
2019-11-29,304.1222,290.5835,143.6923,140.9451,295.3033,196.8313,210.9121,182.1849,211.0152,172.3992,279.4122,182.601,213.3979,281.1184,170.7995,141.7492
2019-12-02,308.232,291.0104,144.4902,142.0644,296.1659,197.4516,211.7431,182.664,213.0506,173.1484,280.7445,184.3824,214.8649,284.5104,171.951,141.7661
2019-12-03,303.0269,287.7431,144.8168,141.7782,291.2697,195.7377,210.6326,182.4717,213.1331,172.9106,283.5343,183.402,213.4738,282.8848,171.2199,141.786
2019-12-04,301.2898,286.4421,145.5317,142.2199,289.1358,196.0112,210.9758,183.2453,212.7539,173.1465,284.488,184.0419,215.6443,286.6871,170.9113,141.8214
2019-12-05,302.525,287.0337,145.3011,142.6184,292.376,197.7271,212.2533,183.568,211.7415,173.6711,281.8801,183.3561,215.9698,292.5499,170.2376,141.897
2019-12-06,299.7183,285.6035,145.1744,143.0908,293.1146,198.6474,214.1484,184.1294,212.2874,173.9986,280.641,182.42,216.3515,284.166,170.9222,141.9272
2019-12-09,306.5772,290.1256,145.4049,143.7199,296.6419,200.1775,215.6948,185.0443,215.0146,175.006,283.675,183.0861,218.5592,289.2814,171.9336,141.9146
2019-12-10,304.3924,286.3438,145.6045,144.2468,295.4837,200.799,216.0137,184.7731,215.617,175.3077,284.5962,181.4679,217.2771,288.306,171.1567,141.9848
2019-12-11,296.9765,285.0098,145.9517,144.3377,293.7597,199.6313,213.6158,184.1132,213.5406,174.1696,283.2915,183.6588,217.1014,285.8638,170.9053,142.0723
2019-12-12,294.2746,283.8101,145.6526,143.6965,291.8388,198.0998,212.6755,183.632,212.2534,173.257,283.6195,182.3219,217.6066,285.4171,169.4582,142.0628
2019-12-13,291.536,281.1006,145.2862,142.7091,288.2042,196.0813,211.0859,182.6015,210.3312,172.9252,281.4893,183.8993,215.5734,284.3159,168.1915,142.1942
2019-12-16,290.0019,282.6555,145.2063,143.012,290.0593,197.2679,212.3948,182.4709,211.1213,172.9345,281.4289,183.6462,215.4446,280.6416,167.6424,142.1429
2019-12-17,286.1457,281.6054,145.9006,143.9843,291.6154,196.869,213.0475,182.4213,211.6268,173.8783,280.4185,184.4382,215.2668,277.8438,167.927,142.1311
2019-12-18,282.9023,284.136,145.971,143.6731,290.435,195.4313,212.4123,181.3785,211.3801,174.4793,280.1315,185.1996,213.3683,278.363,168.4435,142.0114
2019-12-19,277.7732,283.4717,145.116,142.8968,287.9772,193.1316,211.4287,180.5154,211.3117,173.4185,277.601,185.7107,211.3492,268.8377,167.4208,142.0115
2019-12-20,278.6362,281.8517,145.4258,142.9557,289.0593,193.8869,210.7985,180.6855,210.5773,173.8457,275.7849,183.9652,212.3058,269.1094,167.7054,141.9572
2019-12-23,278.5543,281.0357,146.0349,143.8117,288.847,195.1182,211.2118,181.4944,211.0633,173.3,276.6256,185.4901,214.971,268.5839,167.9768,141.9367
2019-12-24,279.195,280.9199,146.4039,144.6311,288.6149,197.2939,214.4327,182.6005,211.7452,174.2483,275.1989,186.3433,213.0408,272.3428,168.0884,142.0095
2019-12-25,275.2954,280.1538,147.132,144.988,288.97,197.2174,213.3534,182.6625,210.9727,175.1168,274.8439,188.4629,212.4144,272.6284,168.5168,142.0419
2019-12-26,277.2349,279.218,147.3476,144.8417,287.7797,196.3175,212.7439,182.8614,211.3483,175.7913,275.9826,186.7262,211.1062,276.0211,169.6311,142.1197
2019-12-27,276.2421,277.9191,148.1234,145.8299,289.9677,197.4451,213.2222,183.7775,211.7877,175.8711,277.3072,187.091,212.3121,276.4811,169.2889,142.1802
2019-12-30,278.7164,278.8685,148.001,145.4363,289.2035,197.9911,212.7393,183.8626,212.2213,175.2715,276.1496,185.6585,212.1963,276.5887,169.2611,142.1611
2019-12-31,279.5672,278.5265,148.7979,146.56,293.2809,199.3019,213.9846,184.6646,213.26,176.2703,278.8047,188.2635,209.2925,280.7456,169.5206,142.0762
2020-01-01,276.0908,278.8239,148.5425,146.3406,291.6946,198.944,212.9309,183.5308,212.489,175.9265,278.6259,187.4389,208.6908,281.7471,168.7318,142.098
2020-01-02,274.0164,275.7199,148.3756,146.8678,294.0598,199.8081,214.0917,183.8272,212.0514,176.0301,276.9391,188.5406,207.7325,276.2005,168.2842,142.1144
2020-01-03,263.5697,269.6209,148.5552,146.9856,291.6631,198.5703,212.9435,183.3457,210.0197,175.5729,274.9763,189.1793,204.3352,266.4666,167.6619,142.0733
2020-01-06,260.2565,267.8855,147.7741,145.7818,288.1279,196.4438,210.4161,181.6172,207.6147,175.0333,270.7885,189.6273,204.0794,262.5915,166.8571,142.1933
2020-01-07,255.628,263.8027,147.8578,145.7388,285.753,194.6828,209.6536,181.4076,205.968,174.5961,267.7864,187.0783,204.9612,259.8442,166.0053,142.2056
2020-01-08,249.3971,259.2519,147.973,145.824,282.2141,193.4269,208.476,180.9101,205.7285,174.0508,269.3371,186.1991,205.0595,252.768,165.3885,142.1813
2020-01-09,254.1382,259.9475,147.9479,145.5444,281.8548,194.2243,209.3055,180.9788,204.8655,174.8112,268.0233,187.2982,207.1088,257.0445,166.2586,142.1695
2020-01-10,259.1583,263.0197,147.7571,146.0276,285.2032,196.0641,210.9708,181.8366,207.8227,175.6354,270.7211,186.0172,208.49,257.1103,167.386,142.2806
2020-01-13,258.933,263.1821,147.1458,145.8429,285.8084,196.8326,211.1663,181.1891,206.1358,174.922,270.5503,189.4548,206.6369,255.9383,168.1429,142.3187
2020-01-14,263.5892,266.7301,146.4932,145.3811,289.8457,197.6783,211.6548,181.5739,207.3778,174.6492,271.9663,188.8937,205.4633,254.7938,168.8522,142.3367
2020-01-15,271.6986,270.542,145.7537,145.8188,291.9563,199.1793,213.6739,180.9957,209.2046,174.6792,273.4962,190.31,208.0161,262.4523,168.23,142.3319
2020-01-16,267.0281,267.6854,145.2954,145.3435,289.2911,198.3288,211.9974,179.1786,207.5261,173.4083,272.6703,192.0144,205.0234,255.8633,167.9714,142.3913
2020-01-17,264.6734,265.4808,146.0885,145.901,289.5139,197.0296,211.4246,179.1572,207.8003,173.2592,276.5795,194.0118,205.2152,256.0333,166.9029,142.4679
2020-01-20,264.644,266.7923,146.0491,146.0553,293.3017,198.5633,211.8989,179.2619,209.4175,173.8901,275.9764,193.9852,203.8549,250.5523,166.5998,142.4467
2020-01-21,266.4172,269.9976,146.1709,146.1917,293.047,198.3314,211.455,178.9982,210.5722,173.8342,277.4554,198.234,206.6594,251.5432,166.5488,142.4619
2020-01-22,264.8355,265.4426,146.3486,146.0498,291.1669,198.2059,210.5653,179.6026,210.1665,174.0131,275.6086,197.4202,206.763,247.9934,166.1657,142.3898
2020-01-23,259.3354,261.1569,146.3672,145.555,288.4503,196.6367,208.8548,178.7145,207.6517,172.5437,273.0715,197.4388,203.667,243.4652,165.0724,142.4014
2020-01-24,259.7427,260.2278,146.6607,145.3774,289.5639,195.9573,208.4613,179.3029,206.6099,173.0984,273.0587,198.9184,201.9376,247.0157,165.0057,142.4549
2020-01-27,256.5694,258.3234,147.3225,146.0244,287.3238,194.8685,207.9106,178.5791,205.1446,172.7099,272.6026,198.7472,203.2748,248.0287,165.8093,142.5147
2020-01-28,250.329,252.971,147.3385,146.2519,283.7335,192.938,207.6819,177.8948,203.9891,172.3781,273.7838,199.2009,199.1416,245.2048,165.6926,142.5356
2020-01-29,251.9097,252.1659,148.2071,147.623,287.7689,194.078,208.8271,179.1021,204.8209,173.5224,277.1131,198.5017,201.4728,251.6241,165.5226,142.5824
2020-01-30,247.6295,250.0369,147.8202,147.6424,287.1313,194.2801,208.7649,178.4166,205.0794,173.6939,275.3206,200.2504,197.549,244.3829,165.1805,142.6177
2020-01-31,247.7567,247.5584,147.8847,147.6889,288.2405,194.3829,209.086,179.4556,205.227,173.7957,274.2702,199.7263,196.9202,238.068,166.3088,142.7173
2020-02-03,249.3591,249.3444,148.5011,148.3538,289.8107,195.1789,209.4094,180.932,206.8542,174.2693,279.0581,200.3932,198.916,242.7247,166.6988,142.7442
2020-02-04,251.8395,249.6592,148.13,147.5497,287.9328,193.6141,207.5062,180.2295,205.225,172.4833,277.2035,199.2589,200.2274,246.7898,165.8293,142.79
2020-02-05,251.243,249.8641,148.1839,147.4417,287.2301,192.9566,206.9338,180.6239,204.4752,171.2215,279.5383,198.7376,200.1892,250.0356,165.5622,142.7637
2020-02-06,250.4507,248.5432,148.6638,147.6185,283.7752,191.3573,206.0923,180.3094,203.9459,170.9967,280.5595,199.7668,199.9141,254.0353,166.1583,142.6451
2020-02-07,250.4498,248.8471,149.7458,148.5869,285.0763,192.0378,206.7513,181.0126,205.3292,171.3405,281.1002,202.3309,199.7997,252.9581,166.5708,142.6475
2020-02-10,252.9292,248.5681,149.5917,148.3711,282.6489,191.4984,207.0764,180.5153,205.6684,171.3178,282.7966,201.9256,200.9395,255.3835,166.7004,142.62
2020-02-11,245.432,246.7263,149.9262,147.8769,279.8482,189.5187,205.041,180.0877,202.6397,170.8291,278.6263,202.9427,201.8384,250.6055,166.4098,142.6286
2020-02-12,247.2462,247.4339,149.4853,147.9387,280.9559,189.8214,205.6696,180.0941,202.1834,170.4792,277.1687,201.2604,201.8682,252.1595,167.1928,142.6276
2020-02-13,246.0969,247.9399,149.6939,148.9994,283.4018,190.9324,206.3145,180.3042,204.0866,171.1164,278.6859,202.4002,201.802,252.041,166.7382,142.6322
2020-02-14,247.6228,247.8547,150.2173,149.3172,286.1571,192.6271,207.829,181.5514,205.1445,171.7923,277.3353,200.6659,201.138,248.4989,167.212,142.6342
2020-02-17,249.9798,251.7398,149.4978,148.4808,286.9687,194.3692,209.461,181.802,206.4406,172.3243,278.4923,196.986,199.6121,246.6782,168.2549,142.6144
2020-02-18,255.3458,254.7653,149.0261,148.2002,289.5647,194.8556,209.8126,181.829,207.123,172.6355,275.8429,196.5135,198.9161,248.9206,169.1522,142.6715
2020-02-19,264.8061,260.7618,149.4063,148.8615,293.2212,195.9353,210.4273,182.5177,209.5766,172.8201,278.8219,198.2612,203.2311,257.4944,170.4249,142.7703
2020-02-20,272.8394,263.751,149.3676,149.0165,294.3776,197.3037,211.4447,182.6082,211.0936,173.0388,281.2851,200.9077,203.6608,262.7373,171.7545,142.8978
2020-02-21,277.6927,265.8481,149.5477,149.7516,296.7189,198.5103,212.899,183.0176,213.5038,174.1664,285.4938,200.5745,205.5331,265.4187,173.195,142.9847
2020-02-24,276.2646,264.3095,150.4248,150.406,294.843,198.1747,213.9906,183.9347,214.0784,174.79,287.558,203.1175,204.8591,267.1101,173.5935,143.0483
2020-02-25,279.2781,267.8869,150.2229,150.5605,296.1566,198.8822,214.881,183.8428,214.4911,174.8811,288.2308,203.2774,207.1167,270.3479,174.5536,142.961
2020-02-26,277.3567,266.6573,150.5434,151.3589,297.7648,199.627,214.9371,184.3531,216.3766,175.4277,289.2549,203.1074,207.6127,267.6224,173.7508,142.9799
2020-02-27,277.4635,267.2442,150.2747,151.1955,300.1305,199.4934,214.5084,184.6098,217.8657,175.0249,291.1791,203.6439,205.7036,262.9382,173.3545,142.9754
2020-02-28,282.5961,269.574,150.3533,151.6518,304.1346,199.9452,215.3932,185.8781,220.3209,175.3656,289.0344,204.9248,206.9232,264.2349,172.5316,143.004
2020-03-02,277.5672,268.5962,150.0258,150.7292,300.7122,197.9739,213.1181,185.4323,218.781,174.0494,287.9841,205.1249,206.106,260.5032,171.7602,143.0196
2020-03-03,271.2431,263.2648,149.7638,150.3073,298.4316,197.8286,211.4026,184.2914,216.3764,173.5328,284.8319,205.0653,202.5667,253.3305,171.4208,142.9474
2020-03-04,260.4689,255.8689,150.9248,151.3852,295.9112,197.4671,210.5751,184.1919,214.6967,174.0576,282.412,205.1736,201.8143,246.5985,170.7442,142.9618
2020-03-05,266.345,257.6646,150.5655,151.0785,296.6913,198.2127,211.3227,184.5048,215.0342,174.2266,281.3262,204.917,202.5456,250.0707,171.4727,142.9325
2020-03-06,266.4385,256.6443,151.2903,151.7702,297.4731,198.9359,212.2371,184.65,214.0591,174.09,280.6965,203.9303,205.4983,252.4933,170.6773,143.0653
2020-03-09,262.5813,254.3385,152.0442,152.5831,298.1342,198.8645,212.6872,185.1191,215.3161,174.7328,278.5636,202.8645,205.3188,248.0111,169.3174,143.0443
2020-03-10,260.0864,251.6981,152.176,152.8839,298.4272,199.3214,212.9319,185.2158,215.1705,174.9092,277.0301,199.6074,206.615,243.3017,168.8373,143.1169
2020-03-11,258.4729,252.4062,151.8853,152.4388,298.6884,198.4138,211.8994,184.8098,214.4229,174.24,275.7065,200.8999,205.25,242.9691,167.6649,143.2597
2020-03-12,253.1987,248.2569,152.1086,152.2603,295.3388,195.8511,210.3505,183.5476,212.408,173.6501,271.7611,197.5766,206.1816,239.6816,166.2483,143.3482
2020-03-13,252.5573,248.8956,152.5006,152.1682,294.801,195.2335,209.621,184.1452,213.6684,174.734,271.8809,195.7306,206.9688,239.1506,166.7014,143.3715
2020-03-16,248.1389,248.8319,153.0616,152.4883,295.7051,194.9427,209.3137,184.626,214.5293,174.9673,271.5315,191.1148,206.9985,237.3267,165.4407,143.3866
2020-03-17,251.3442,251.0679,152.711,152.3796,297.3115,194.0054,208.4479,183.7074,214.8905,174.9908,270.4749,191.1866,209.1379,240.6986,165.044,143.2177
2020-03-18,250.5427,249.4687,153.5088,152.4502,297.3435,192.4597,207.7519,184.2189,215.0978,175.5429,270.8811,190.3497,210.1499,241.715,163.9533,143.3491
2020-03-19,253.0785,249.3865,154.5803,153.1031,297.5381,192.6653,207.2073,184.3412,215.121,175.2054,274.1155,191.8837,211.8151,248.0167,163.759,143.3748
2020-03-20,252.5926,247.5218,155.0456,153.5795,297.8184,194.0832,207.2127,184.7618,215.2536,175.7738,271.6574,191.8532,212.7661,248.0328,162.7136,143.3535
2020-03-23,245.5184,243.0418,155.4053,153.8872,295.976,193.8096,206.6373,183.9875,213.5513,175.9783,268.0411,190.9066,211.4207,243.2686,161.2762,143.4354
2020-03-24,249.3085,244.3294,156.1676,154.4675,296.0096,194.3671,207.9028,184.4367,215.4965,177.0047,269.6779,191.2041,214.1212,247.6008,161.0057,143.4916
2020-03-25,249.6476,243.8789,155.9273,154.0401,294.7569,193.3222,206.9515,183.5749,215.4869,176.2979,270.593,189.5744,213.0159,248.0638,160.4285,143.4474
2020-03-26,249.8125,242.3065,156.9388,154.8879,294.9581,192.8132,206.6339,183.7679,215.6804,176.5668,269.961,189.6062,214.6089,251.8684,159.5863,143.4859
2020-03-27,247.319,238.9575,156.8378,154.4272,291.4896,191.275,204.9518,182.676,213.8484,176.1406,267.3352,190.7796,213.8132,250.3423,158.7437,143.439
2020-03-30,241.2718,234.2765,157.4569,155.2564,289.0597,192.3376,204.9143,182.3858,214.106,175.7118,265.3659,190.9225,211.1441,244.5507,156.7789,143.4838
2020-03-31,238.5572,232.2375,158.7249,156.5619,288.5795,192.05,204.9319,182.8743,215.2691,175.0463,265.1284,188.4119,211.6005,242.9584,156.3729,143.4212
2020-04-01,231.2826,225.1061,159.5289,157.0005,283.1731,190.4838,203.5799,182.903,213.9222,173.8469,263.601,188.0519,209.6028,238.7945,154.38,143.3868
2020-04-02,233.7592,227.2069,158.7983,156.0249,282.101,189.3018,202.6557,181.7013,214.3101,173.7235,262.1591,189.7875,210.5743,236.2456,154.5164,143.3695
2020-04-03,230.8497,225.9995,158.8076,156.1315,280.738,189.0128,202.4271,181.4855,214.1209,172.86,261.266,187.4157,208.6135,233.4603,154.3464,143.4021
2020-04-06,232.2301,226.7991,159.8876,157.3891,284.3348,189.9685,203.8288,182.4619,214.2496,173.9235,258.8006,187.7214,213.5046,235.6724,154.5089,143.3937
2020-04-07,235.4161,226.6094,159.9611,157.3656,285.4639,190.4999,204.6162,182.9048,213.6249,174.1025,254.6873,188.4515,215.4252,236.9549,153.8659,143.4103
2020-04-08,231.0897,221.7674,161.1789,158.3945,283.6416,189.8191,204.2095,182.9144,213.2106,173.9496,253.8517,184.8056,215.1756,235.3465,153.1475,143.487
2020-04-09,234.8502,221.8907,161.5386,159.3724,286.3084,191.885,206.001,183.3835,213.7532,174.0387,252.5751,186.9831,215.2281,238.5965,152.8405,143.4709
2020-04-10,227.7065,215.8492,161.5876,159.3929,282.4851,190.1089,203.775,183.0897,213.6062,173.2584,250.8366,183.0273,213.5443,233.2744,150.108,143.4916
2020-04-13,226.5199,213.1872,161.3179,159.4299,281.181,190.6332,204.4861,182.6552,212.5514,173.2295,249.0405,181.8366,213.0199,230.7007,149.7998,143.5044
2020-04-14,224.788,211.241,161.8764,159.9062,283.3117,190.4012,203.5671,182.6286,213.2885,173.2957,247.7331,181.1731,210.8181,224.3776,150.059,143.5552
2020-04-15,221.467,208.2711,162.9537,159.5348,279.9902,188.7854,202.1508,182.8885,212.2262,173.192,246.9981,180.1322,207.2654,224.8307,149.1415,143.518
2020-04-16,218.9169,205.7074,163.3913,159.055,276.0573,186.5377,200.2844,182.2643,210.3729,172.8622,245.3913,180.2686,206.3887,226.4554,148.3107,143.5441
2020-04-17,216.4061,203.0155,164.1734,159.7035,276.0061,186.9108,201.6926,183.1527,210.0271,174.5346,240.6887,180.4049,204.797,226.1902,147.2539,143.6706
2020-04-20,222.5484,207.5976,164.2462,159.7276,277.4775,187.9035,203.322,183.7338,212.3805,174.7272,242.1225,182.8387,207.3555,229.1027,147.7518,143.7163
2020-04-21,219.1699,204.6813,164.4971,160.1075,280.018,187.5917,203.0318,183.2723,211.7027,174.7428,240.4731,179.8813,204.073,224.8047,146.9808,143.714
2020-04-22,219.1357,203.263,164.7138,160.3412,280.496,187.2527,202.4603,182.4367,210.195,174.5775,238.4939,182.1584,202.2108,228.3919,145.7941,143.8297
2020-04-23,217.96,200.6251,165.55,161.5837,281.0573,186.8121,203.4168,182.8546,210.4761,173.584,238.9919,180.9533,202.9947,227.9735,144.6439,143.758
2020-04-24,217.3215,200.6572,166.0242,162.2876,283.6848,188.0749,204.5091,183.6418,212.0418,174.6627,237.2049,182.2286,203.1834,222.7737,144.6193,143.7928
2020-04-27,219.7336,200.5211,165.0343,161.9869,288.0895,189.3641,204.8274,184.1814,212.8029,174.9665,235.9844,180.5601,203.2492,219.6429,144.0352,143.8442
2020-04-28,216.0151,198.5584,166.3338,163.3332,287.7171,190.4213,206.5462,185.0991,213.3467,175.6557,233.888,177.6506,202.3962,218.2557,143.7432,143.8315
2020-04-29,219.5731,203.2323,167.1028,164.8005,294.2728,192.836,208.5486,186.1182,215.6899,176.6633,235.1295,178.0077,205.8981,222.7532,144.3232,143.786
2020-04-30,216.2064,198.43,166.9573,165.7441,293.7422,192.8554,208.621,185.0479,214.8043,176.3204,232.8534,175.5463,204.4706,218.5006,143.8035,143.8573
2020-05-01,213.6754,198.2837,166.6056,165.9439,294.1116,192.9418,207.9579,184.9712,216.1113,176.0755,232.3053,175.0683,201.9329,214.3697,143.5691,143.8229
2020-05-04,213.5671,196.8767,167.159,166.6513,294.7399,193.7674,208.8801,185.1295,217.4391,176.7869,233.3167,174.5341,199.9042,215.306,142.8042,143.7129
2020-05-05,209.5047,193.6757,168.4402,167.4578,292.6867,193.1957,208.465,185.8632,218.6529,176.8917,232.5914,171.9857,198.9529,210.967,142.097,143.684
2020-05-06,207.0958,190.9194,168.8247,167.7537,292.8019,192.661,208.7062,186.3166,218.2095,176.4432,231.6822,171.2345,196.6291,208.479,141.0254,143.7157
2020-05-07,205.0018,187.3113,169.437,167.9977,290.1302,192.4118,207.9209,186.0147,216.6724,175.9351,230.4261,171.2788,194.663,207.1066,140.802,143.7836
2020-05-08,207.2829,189.5667,169.653,168.4346,291.3663,192.7342,208.6845,186.1024,217.1972,176.3506,231.5691,172.4726,196.3177,212.2588,141.1933,143.8479
2020-05-11,210.0787,191.5931,168.8465,167.4461,293.8319,192.6625,208.8042,186.4589,217.3272,176.5685,231.3929,171.5239,197.6059,213.7138,140.5564,143.8436
2020-05-12,210.3554,191.4588,168.2902,166.7121,290.2331,191.3451,208.5693,186.0495,216.8168,176.5775,232.731,171.1442,199.5416,212.5641,141.6784,143.8964
2020-05-13,210.4615,190.9823,168.2109,166.4999,291.68,191.3334,208.0125,186.2086,215.9792,176.8641,231.4134,169.9458,197.3343,214.699,141.5762,143.9653
2020-05-14,210.5377,190.2949,168.297,166.0733,289.3828,191.3737,207.6953,185.9785,213.9883,176.4201,231.9089,171.6167,196.4977,217.5607,141.8418,143.9853
2020-05-15,210.6314,191.4411,169.1,166.3734,290.3547,192.4932,208.1761,186.4881,213.4593,177.0855,230.6377,171.9286,197.4115,220.1256,142.1241,144.0164
2020-05-18,210.2751,191.0575,168.089,165.6466,289.2525,192.1422,208.7235,185.9172,213.3202,177.3436,229.8481,174.391,196.2089,216.1318,141.8733,143.9562
2020-05-19,211.8481,194.9226,168.3166,165.9207,294.8239,193.9796,210.397,186.6406,215.2002,178.2897,231.3092,173.1614,194.4976,216.8436,142.5186,143.9985
2020-05-20,209.414,193.4804,169.0964,166.292,296.1471,194.166,210.1692,186.5811,213.8069,178.5561,231.8153,175.107,194.1887,212.2562,143.6572,144.1071
2020-05-21,211.8109,196.2107,169.7914,166.9,297.4737,195.6215,211.0812,187.1637,215.9118,178.6983,235.6076,174.2617,196.409,216.4453,143.7335,144.0501
2020-05-22,212.2537,194.7237,169.3189,167.0727,297.3722,196.02,212.138,186.68,216.4286,178.8105,233.6864,174.2898,197.0205,211.6479,143.5032,144.1101
2020-05-25,209.6535,191.9564,169.1744,166.1344,296.1642,193.6885,209.2818,185.8914,213.7056,177.5738,231.602,172.941,195.9134,208.598,143.0634,144.0717
2020-05-26,209.5612,193.1479,169.9224,167.0524,298.2178,195.4126,210.7203,187.4017,215.8162,178.5484,232.1991,170.6792,197.2388,208.7605,143.5139,144.0546
2020-05-27,214.4044,196.8065,169.257,167.013,302.1649,197.8265,212.1905,187.54,215.3209,179.1353,231.403,174.3644,197.6936,213.7196,144.642,143.9164
2020-05-28,211.9351,196.5446,169.2747,166.1185,299.6682,196.3903,210.2403,186.683,213.1869,178.4042,231.0417,171.1992,196.9389,214.4925,144.9499,143.8439
2020-05-29,210.7975,195.424,167.8237,164.9996,296.2258,195.7875,208.3411,185.307,211.3354,176.8569,229.1543,173.3072,196.5193,209.5245,145.319,143.906
2020-06-01,204.8506,192.6382,168.0044,164.0533,290.7423,192.8998,206.3343,184.496,207.5876,176.6546,227.9271,174.8679,196.4013,207.9258,145.1641,143.9398
2020-06-02,206.9081,193.3122,168.3707,164.4897,290.2931,194.5378,206.8198,184.7053,207.2052,176.4044,228.8284,174.6256,200.2372,212.3582,145.1542,143.9914
2020-06-03,202.8434,191.3557,167.7871,163.6053,287.1513,193.4319,205.6533,184.2098,205.4852,175.8656,228.8252,172.9432,197.3854,209.1016,145.3595,144.0085
2020-06-04,207.5279,194.0217,168.8684,165.2692,287.8392,194.9805,208.7783,185.7238,209.1742,177.4609,232.9103,173.4716,198.8764,216.3274,147.106,144.0993
2020-06-05,206.2299,194.5428,168.1088,164.4731,286.6375,194.9999,208.4906,185.6154,209.7478,177.7884,230.8037,172.0028,197.9966,212.0808,146.9555,144.1953
2020-06-08,205.5485,193.7924,168.5294,164.7733,289.4552,196.0981,208.7086,186.7162,211.6316,178.8899,231.4526,168.1694,195.3767,210.5273,146.7492,144.1471
2020-06-09,207.2736,195.0536,168.0976,165.4029,291.6018,199.2612,210.6519,186.6507,212.3633,179.244,232.3099,169.4698,195.4213,210.1817,147.6361,144.1977
2020-06-10,204.6329,194.4822,167.765,164.67,288.6367,197.1626,209.2665,186.0373,211.1717,178.3354,231.3154,172.0794,194.5898,208.1542,146.8496,144.1821
2020-06-11,202.3132,193.3354,167.3972,165.0278,291.1566,197.1735,208.4624,185.4144,211.1839,179.2909,229.0028,174.0673,193.8557,205.2256,145.948,144.2832
2020-06-12,203.93,194.367,166.854,164.4513,291.307,197.1383,207.0158,185.3339,212.583,178.2575,231.2241,170.9957,192.6203,204.984,146.3153,144.2709
2020-06-15,210.5352,196.9544,166.3719,164.6527,292.2422,197.8243,207.836,185.1649,215.0734,177.7943,232.8731,171.587,194.8305,208.7487,146.6673,144.1802
2020-06-16,212.7038,198.2594,165.8804,164.2405,294.8494,197.3278,207.0486,184.6836,215.6894,178.0122,231.9753,169.429,196.2485,206.4104,147.5206,144.1956
2020-06-17,217.6247,199.3855,165.7565,164.1592,296.8391,198.0092,207.7615,185.1723,215.9036,177.8226,233.0801,170.3389,194.7844,212.2229,147.68,144.1873
2020-06-18,222.0682,202.9028,166.3112,163.7005,298.1712,198.5444,209.0049,185.1299,213.8401,178.068,234.6431,173.3723,195.9176,220.3305,148.5707,144.2551
2020-06-19,221.246,202.373,166.4219,163.5402,297.1515,197.0682,208.08,185.3875,214.132,177.3204,236.1123,173.2287,196.6008,220.3859,147.7273,144.299
2020-06-22,217.154,199.1565,167.6918,164.6958,294.9859,196.5153,207.0597,185.3669,214.1443,177.4775,236.9963,173.4129,194.7582,220.2813,148.0841,144.2979
2020-06-23,215.1965,197.9409,167.4769,164.2247,293.7005,196.3278,207.6573,185.5503,212.7886,176.8003,236.4803,172.0339,192.7845,216.8724,148.538,144.3199
2020-06-24,215.6389,199.5812,166.7443,163.3668,293.4701,196.6583,207.821,185.4393,212.7418,176.128,235.0541,171.3786,191.5194,213.9058,148.8626,144.3493
2020-06-25,222.5633,204.533,167.2103,163.9532,296.6247,199.29,210.1214,186.671,216.0488,177.3249,237.4617,170.2677,194.5599,220.0957,149.7788,144.4198
2020-06-26,224.0175,203.3904,166.0552,163.041,293.536,198.9216,209.5792,185.7383,216.6335,177.0,238.4544,170.4569,191.8192,219.1329,149.5763,144.3885
2020-06-29,221.3386,202.4055,165.447,162.9036,293.1455,199.0142,209.2966,185.5826,216.7315,177.2524,237.8906,167.56,190.7823,217.1277,149.2858,144.4383
2020-06-30,220.5787,199.8873,165.1127,162.8029,291.8478,198.9746,209.206,184.9282,214.8149,176.9642,235.7314,169.1233,190.462,215.6199,149.0592,144.4695
2020-07-01,223.5324,201.4054,165.295,162.992,292.9049,199.6842,208.9801,184.3617,214.7557,176.7406,236.8937,171.0893,192.85,218.4268,149.3377,144.3661
2020-07-02,223.667,201.307,165.0529,163.1274,290.7667,199.0822,207.9132,183.5581,213.4916,176.1344,237.1091,175.167,194.5485,220.5142,149.8959,144.3878
2020-07-03,221.614,201.5835,164.4663,162.7716,290.4348,199.3359,207.9786,182.963,213.4982,176.2593,237.0211,177.7862,193.3886,214.3502,150.4693,144.3742
2020-07-06,222.6959,202.8965,163.4351,161.8024,289.8859,198.2981,207.2606,181.877,211.8644,175.421,234.0697,176.6833,194.4319,214.2264,150.6003,144.4663
2020-07-07,227.3604,206.2768,163.0115,161.3216,291.4009,198.8452,207.5622,181.9007,212.5607,175.4447,237.3097,177.6265,195.5062,215.9856,152.4956,144.5094
2020-07-08,228.4372,206.5174,163.2452,161.013,287.744,198.0772,207.5652,182.5918,213.1585,176.0145,238.258,175.9059,199.0857,217.9228,153.024,144.546
2020-07-09,230.9083,207.4537,163.5607,160.852,287.0586,198.4739,207.1481,183.1628,213.5338,175.1587,240.5865,174.9255,199.8197,219.4936,153.9931,144.5019
2020-07-10,230.1366,207.5205,163.9071,161.1235,288.5422,198.2425,206.2034,183.192,213.6399,174.9842,241.4839,176.5918,200.732,217.6172,154.177,144.6067
2020-07-13,228.4997,206.1042,163.7124,160.6278,287.3782,199.6059,206.3974,183.3028,212.5609,175.0831,240.3391,178.7336,198.4202,215.3958,153.5655,144.5681
2020-07-14,230.7172,204.2283,163.205,159.8846,287.6941,199.6091,205.2119,183.5739,212.1746,174.5689,238.5604,177.6607,197.4601,214.0759,152.9348,144.5554
2020-07-15,232.8492,205.971,163.0951,160.5789,290.3407,199.8761,205.9212,183.4867,214.2557,175.0332,237.417,177.1986,197.9362,213.5854,153.4938,144.529
2020-07-16,237.0842,208.7778,163.2469,161.4633,293.7989,202.1628,207.9,184.4513,217.2613,175.5614,238.6583,179.0008,199.9271,214.8772,153.3698,144.4291
2020-07-17,232.4392,206.2519,163.7877,162.0845,292.738,201.4494,207.2405,184.1427,215.6473,175.8097,238.3958,180.2353,201.2353,212.8262,153.6923,144.4746
2020-07-20,231.0791,205.4878,163.9871,162.4524,293.9385,202.7272,208.5565,185.5381,216.3218,176.4923,237.3221,179.7031,199.5177,210.866,153.7547,144.4554
2020-07-21,228.5144,201.5099,164.9589,162.6475,290.3259,201.2166,206.7613,185.2026,213.9839,176.2989,236.1362,180.3174,200.6725,211.5457,153.7367,144.4956
2020-07-22,222.3964,198.5389,164.7471,161.7499,289.5156,199.6274,205.7709,185.7946,212.022,176.2986,233.7721,178.24,197.6958,204.4053,153.6243,144.5191
2020-07-23,221.0711,199.1118,165.5624,162.0612,292.2333,199.8569,207.1185,187.3522,213.0023,177.576,234.3914,177.0995,196.9662,204.836,152.8755,144.6308
2020-07-24,224.864,201.2471,165.2661,162.6487,292.6944,200.8977,208.2346,187.1406,214.9345,177.4921,234.2369,177.4684,197.7723,209.0397,152.8283,144.4939
2020-07-27,225.1052,200.9121,164.6823,161.6159,290.4328,200.0074,206.8684,186.777,214.7425,177.8234,233.0926,174.0245,198.6212,207.9365,153.0388,144.5477
2020-07-28,228.4896,203.3206,164.0365,160.8773,290.6317,200.6396,206.541,186.5483,215.2862,177.2368,233.2859,172.525,200.7343,209.7989,152.5428,144.4882
2020-07-29,227.3419,200.4416,162.7813,159.4336,285.8791,198.4064,203.3514,183.4757,211.8638,176.1209,230.1446,174.2785,199.3694,209.8866,151.2316,144.4334
2020-07-30,228.7598,201.719,162.9109,160.8171,289.1665,202.4382,206.0969,183.7094,212.9589,176.9482,229.7496,173.4507,201.5164,210.5969,151.6773,144.4996
2020-07-31,230.1925,200.8259,162.7347,160.9147,289.4947,203.7399,207.1021,184.285,213.8674,177.5814,229.6317,171.9991,202.5231,210.1199,151.2328,144.5763
2020-08-03,229.8726,199.7926,162.3201,160.3315,290.6302,203.2241,207.7264,184.5585,212.514,177.4185,225.5049,173.9459,200.1437,203.2651,152.1696,144.6087
2020-08-04,233.5245,201.8448,161.8343,159.9032,291.1379,204.1724,208.4993,184.4982,212.784,177.5767,226.2429,174.9735,200.2423,205.0482,152.961,144.6303
2020-08-05,232.2973,200.9565,160.8009,159.0701,289.6611,203.4549,207.4298,183.9882,211.8611,176.7313,224.4923,177.6484,198.2543,201.6462,152.4589,144.6385
2020-08-06,236.0481,201.3534,160.3817,158.9414,290.5666,203.5398,207.7742,183.8074,211.8463,177.1093,226.4647,177.3063,197.8408,206.6171,152.9045,144.6318
2020-08-07,238.309,199.3955,160.0983,158.2834,290.9821,202.9055,206.461,183.8912,211.4537,177.365,226.4448,175.6238,197.7034,205.9426,153.1147,144.6828
2020-08-10,239.5446,199.2501,160.4386,158.5962,292.2785,203.578,207.2187,184.6899,211.9596,177.7473,226.6036,176.2144,196.6906,207.1924,153.1859,144.685
2020-08-11,234.3269,196.8341,160.498,159.0677,290.5305,203.2614,206.8487,184.4619,211.5767,176.9419,226.8908,174.5422,194.6936,206.4647,151.8091,144.8029
2020-08-12,235.3072,198.4306,159.918,158.6833,293.579,202.4292,205.8759,184.1097,211.2783,177.2079,227.0735,173.5716,195.1931,207.1001,152.4735,144.7397
2020-08-13,234.7965,198.6114,159.1236,158.1943,291.8818,201.8799,205.1865,183.5421,212.7096,176.8867,228.0701,174.0404,196.8333,199.7694,153.2126,144.8162
2020-08-14,234.984,198.2711,160.3766,159.1109,292.2672,203.7032,205.785,185.1042,212.8918,177.2529,227.7204,175.9496,194.2079,203.0025,154.2257,144.9172
2020-08-17,231.042,195.5237,161.1135,159.8278,292.6087,203.167,205.1436,185.5396,214.3424,178.2058,229.7477,174.6795,191.8391,200.2042,154.089,144.9151
2020-08-18,234.8735,196.9522,161.2486,159.4629,293.9786,202.8609,204.5837,185.4957,214.0055,177.5823,229.8268,174.7226,191.3178,204.5258,153.8971,145.0538
2020-08-19,234.8343,197.9309,160.6205,159.4849,295.2147,204.2252,205.9088,185.2623,213.4163,177.1176,228.2898,174.0124,190.1108,206.2983,152.9529,145.2066
2020-08-20,239.7594,200.1652,160.2459,158.6456,294.979,203.0808,205.3293,184.6577,214.6066,176.9384,231.8912,175.2958,190.5573,209.8451,152.6369,145.2246
2020-08-21,238.9623,199.9271,159.3762,157.6168,292.5631,202.357,204.9087,183.1672,213.1412,176.4727,230.4365,178.8063,188.8154,205.4311,152.8312,145.2869
2020-08-24,245.824,204.0991,159.9068,158.8065,298.5912,205.1762,208.0597,184.2582,217.013,177.8781,235.4402,178.9225,190.3798,209.7407,153.7426,145.2935
2020-08-25,250.6075,208.1104,160.5127,159.4346,303.2274,206.9985,209.9795,185.8523,219.1563,179.3846,236.272,176.6473,194.225,214.6089,154.3496,145.3806
2020-08-26,252.5721,209.4815,161.5052,159.8429,302.7045,207.3616,210.5539,186.8993,219.7665,179.9192,237.2239,179.4445,196.7571,217.1318,154.9891,145.4769
2020-08-27,247.4386,207.0029,160.8228,158.6971,298.3522,204.8945,209.1019,185.3672,216.977,178.5074,235.185,179.9337,194.7866,212.202,154.0565,145.4325
2020-08-28,245.582,205.9759,160.4763,158.1683,296.8979,204.0879,208.6361,184.2953,215.3957,177.7057,234.4254,179.0953,191.5903,211.576,153.893,145.4652
2020-08-31,244.3523,206.9093,160.8427,158.5539,297.3299,202.1713,207.0662,183.3476,216.7622,177.2066,235.1949,178.0457,192.3527,209.3964,154.2814,145.48
2020-09-01,239.1302,207.5611,161.5227,159.1153,296.172,200.8998,207.8975,183.4984,216.6615,177.5881,235.4301,177.5044,193.2888,206.8327,155.1171,145.5333
2020-09-02,236.0692,205.1718,161.5133,159.055,295.1952,200.667,208.2438,183.8734,215.0417,178.0047,232.9439,179.8224,193.2905,203.9067,154.7135,145.547
2020-09-03,240.2212,206.5537,161.4978,159.6967,298.6041,202.5259,210.8427,184.6762,217.0527,178.1196,233.6652,181.277,191.6822,203.2295,155.3098,145.5467
2020-09-04,244.5886,210.0375,161.8268,160.1921,299.7999,202.8692,211.6992,184.6753,217.9773,177.4633,237.5756,184.0337,193.1239,209.1353,156.111,145.5368
2020-09-07,244.3113,209.3536,162.0752,160.9413,300.2793,203.1515,212.3408,184.2969,218.323,177.6642,236.5781,186.0467,191.9912,206.2452,157.4002,145.5625
2020-09-08,246.1887,211.044,162.5465,161.2785,300.8027,203.0981,211.5345,184.3418,217.5423,177.1573,236.2596,187.4097,193.65,210.4098,158.584,145.6094
2020-09-09,247.0447,211.7864,162.5784,161.7953,302.1523,203.9645,213.2425,184.7428,218.8086,178.0122,236.5399,186.6238,195.8855,208.6594,159.1219,145.6712
2020-09-10,243.4104,212.4022,162.6399,162.094,301.6869,203.9917,213.0775,184.0342,218.6885,177.6812,236.5932,186.3003,195.4006,207.0008,159.0937,145.7988
2020-09-11,247.7934,216.5886,162.7517,162.5166,302.3794,204.8193,214.8601,184.8566,220.3872,178.6177,237.9832,185.8569,201.5597,211.778,159.9393,145.8134
2020-09-14,250.1006,217.5359,162.1616,161.4135,301.843,204.6579,213.837,184.28,219.5725,178.5363,237.8099,183.0328,201.9825,213.3961,160.0999,145.8564
2020-09-15,249.8393,216.1263,162.5251,161.3678,299.6872,202.503,213.026,183.9438,219.758,177.5186,239.2973,181.5563,201.9996,212.8303,159.9765,145.7816
2020-09-16,248.7887,217.2882,162.4045,160.7965,297.8461,201.7511,212.1873,183.332,219.9232,177.3182,239.9569,179.4522,204.3641,211.473,159.6068,145.9075
2020-09-17,254.8303,219.3657,162.3755,161.4699,299.793,203.1386,213.809,183.3985,221.8438,177.8009,241.2577,181.1552,206.2469,213.6423,160.8795,145.9521
2020-09-18,259.0716,220.8451,162.3467,161.2129,300.492,203.7065,213.7048,183.6047,221.8094,177.8883,239.6539,182.2479,206.5662,216.4062,161.3574,146.0003
2020-09-21,264.1773,224.6565,162.4123,160.5393,302.1816,204.5753,213.5948,184.5742,222.9073,179.0193,240.4269,182.7518,206.106,218.4497,163.6118,145.9933
2020-09-22,259.7217,219.0724,162.9601,160.7264,298.3718,203.9034,212.9255,184.9938,222.9901,178.7554,239.7574,183.2067,203.4111,211.3038,163.5417,146.0085
2020-09-23,257.6505,217.1967,163.4462,160.9925,295.3615,203.8904,212.7364,185.6228,222.9027,178.708,240.9967,182.1206,203.5945,210.6364,164.5534,146.052
2020-09-24,258.9691,217.1837,163.5641,161.1205,295.1216,203.5002,212.3965,185.8708,222.8682,178.6656,240.3138,182.7324,205.3415,212.3441,164.5218,146.0557
2020-09-25,256.2066,215.1392,163.7282,161.1681,292.514,202.8094,211.5897,185.864,223.4073,178.7404,240.2349,181.7508,203.5671,209.9165,164.7934,146.1164
2020-09-28,262.7354,216.5884,163.2277,160.3537,291.8175,202.808,211.2753,185.876,223.1601,177.7629,243.9232,183.8963,203.3694,215.3319,165.1938,146.1178
2020-09-29,262.3351,215.2411,163.2164,160.2108,291.316,202.1068,210.1412,185.4609,222.7427,177.7205,242.8523,185.548,202.482,212.4192,165.8863,146.1366
2020-09-30,259.9366,213.1982,162.7495,159.3148,289.0651,199.1367,209.2605,185.4781,220.6841,177.2726,241.0081,188.3765,200.4348,211.2189,165.2988,146.2243
2020-10-01,261.1701,212.756,162.5924,160.0584,291.6144,199.9249,209.3234,184.7473,219.8106,178.0773,240.4745,191.0531,200.2958,214.6065,166.0138,146.1868
2020-10-02,260.2452,212.1383,162.9187,159.3263,288.6637,198.6948,209.3093,184.5982,218.4282,178.6505,239.8233,188.6054,199.6362,217.2669,165.8941,146.1791
2020-10-05,263.9404,214.5022,162.6044,159.5284,292.2575,199.5849,209.5771,184.2017,220.0419,179.0194,239.0486,190.4864,200.6097,217.0019,165.3817,146.2273
2020-10-06,263.1447,215.5735,162.3969,159.0598,293.977,199.1517,208.4073,183.4659,219.5038,179.0888,239.1021,188.8573,200.444,215.3396,165.7753,146.3539
2020-10-07,266.4543,216.5788,161.6318,158.3354,294.173,199.5187,207.9909,183.4224,220.2513,178.9397,237.786,185.5689,199.8524,216.3038,165.5733,146.4468
2020-10-08,270.3203,218.9993,162.3552,158.8489,295.7612,200.698,209.0098,184.963,221.1377,179.2472,238.4932,186.4118,200.6976,219.2878,167.7018,146.5046
2020-10-09,263.2745,215.2843,163.4468,159.5809,293.5844,201.3161,208.9721,185.8957,219.4938,179.0989,237.1158,185.0319,200.7928,215.5796,168.1106,146.5827
2020-10-12,267.1425,215.7746,163.2151,159.3252,295.1457,202.513,209.4119,186.3595,218.5574,179.437,237.8456,186.9302,201.6213,219.9537,168.0387,146.6641
2020-10-13,268.9095,216.9425,162.2663,158.326,293.1957,200.5995,208.0224,185.3712,218.2797,179.0621,238.5005,186.9875,201.5663,221.4249,168.3954,146.6845
2020-10-14,269.0319,216.5504,162.1303,157.833,291.7582,199.8476,206.6634,184.9392,217.8622,178.9037,237.1508,186.869,200.7317,221.1025,168.5953,146.7228
2020-10-15,276.1639,220.4593,161.9477,157.6871,296.7876,200.7523,207.6261,185.8562,218.4141,179.5071,238.4276,189.4017,202.1561,225.2994,169.6664,146.7687
2020-10-16,275.4115,219.4238,162.1281,157.8167,296.9183,201.1091,207.458,186.1856,218.6588,180.4274,239.6229,191.9225,203.5677,223.8092,169.6263,146.8186
2020-10-19,274.4912,219.584,163.1433,158.6017,298.7985,202.3488,209.1948,187.3052,218.5189,181.3686,238.6116,197.8035,203.927,221.9506,170.0767,146.7946
2020-10-20,274.4855,219.2024,162.4099,158.4314,299.7817,202.7611,209.1772,187.1434,217.0683,180.2104,236.6476,200.9964,202.7654,221.9352,169.2033,146.7984
2020-10-21,269.9656,216.6691,162.2912,157.7198,295.7401,201.6225,207.988,186.5841,216.2845,179.7636,237.9256,199.2928,200.995,218.663,168.8326,146.6878
2020-10-22,269.3403,215.7385,162.0827,158.166,297.3126,202.4816,208.2358,186.0755,216.3446,180.4111,235.7543,198.7268,202.4797,217.1029,168.2696,146.7117
2020-10-23,267.5229,213.2461,162.7214,158.2657,296.0006,202.0844,207.8089,187.0138,216.7005,181.2689,237.3928,197.0752,203.0152,216.8334,167.9774,146.8031
2020-10-26,268.962,213.125,163.0104,158.4766,295.0769,201.0917,207.6672,186.5663,217.0765,181.5524,235.9115,197.1894,203.6603,217.3592,168.5825,146.7541
2020-10-27,272.924,214.6668,163.2634,158.4592,294.9387,201.4484,208.1105,187.555,219.2436,181.6762,239.1538,195.8838,204.4586,220.385,168.7383,146.8414
2020-10-28,278.8641,215.7571,163.1889,158.2158,293.9575,200.673,208.1888,188.1279,220.5285,182.0893,241.3839,196.3835,206.4962,225.5728,169.2084,146.8657
2020-10-29,278.4508,215.7928,162.8609,157.9229,294.0135,200.6537,208.7222,188.5718,220.8594,182.1303,240.8724,198.8974,205.6663,221.8192,169.1734,146.8256
2020-10-30,281.9343,213.9187,162.9659,158.2149,291.3197,201.6969,208.4171,188.4647,221.2925,182.278,241.786,197.3826,209.7742,223.1334,169.8873,146.9309
2020-11-02,283.9992,213.5955,163.0167,158.5555,292.0763,202.2955,209.1518,189.5993,221.3006,182.6514,241.0447,197.9655,211.9336,224.6658,170.3505,146.9429
2020-11-03,286.4457,214.9804,162.6433,159.2338,296.3739,205.0624,210.0047,189.9538,224.5484,182.7901,241.8917,199.2794,213.9902,218.6192,169.9559,146.8898
2020-11-04,285.4991,213.9396,162.2114,158.6534,295.5074,203.2554,208.9193,189.3599,224.505,182.2667,243.2152,194.4567,214.8771,216.9436,169.6545,146.8564
2020-11-05,289.8313,215.3568,161.4948,157.3911,295.2081,203.1997,208.2038,189.3133,224.5195,181.6389,242.2889,196.3946,214.1252,214.6138,169.8996,146.9561
2020-11-06,292.2867,215.656,161.1832,156.8063,292.2478,201.442,206.4437,188.4279,224.0565,180.2377,245.6671,199.4453,213.4197,219.3999,169.4186,146.9856
2020-11-09,293.473,216.6153,160.942,155.9355,291.6165,200.1343,205.3841,187.968,222.4534,179.9334,245.3946,199.5408,214.8715,219.8936,170.1586,146.9239
2020-11-10,290.8925,214.1762,161.5793,155.8382,288.4413,198.562,204.1547,187.3208,219.8857,180.0451,242.1691,198.8731,214.8256,221.5237,170.8096,146.9448
2020-11-11,294.3498,217.2154,161.8712,155.5936,288.3848,198.882,204.9609,188.5198,219.9954,179.8445,243.2824,199.5699,217.0516,224.1244,172.1925,146.9705
2020-11-12,303.5586,220.3238,161.6256,155.838,293.0181,200.5492,206.7056,189.3878,222.0123,179.7448,246.2278,200.8586,219.8268,225.8878,172.6902,147.0556
2020-11-13,304.4779,220.6058,161.7591,156.1652,295.2972,200.8742,206.1101,189.2876,223.4235,179.8078,246.8564,201.7242,221.5205,221.3204,173.1493,147.0968
2020-11-16,311.0656,222.3592,162.4847,156.5134,296.4723,200.2086,205.6213,188.5954,223.3281,180.3557,248.6443,202.9804,225.3261,227.5609,174.6757,147.071
2020-11-17,314.8929,224.6374,161.4728,155.324,295.5954,199.7583,205.6215,187.7184,223.5078,180.4247,250.3054,204.8001,227.6149,225.0597,175.2339,147.0998
2020-11-18,317.4162,225.9947,161.5189,155.1359,295.0407,198.9879,205.5726,187.4764,222.9167,180.2756,251.3121,205.6206,227.2388,229.4795,176.0336,147.1102
2020-11-19,312.7687,224.0171,161.3908,154.7076,292.0277,198.1919,204.2085,187.2775,221.3288,179.5216,253.4522,204.1523,224.9687,228.8262,176.8992,147.1376
2020-11-20,316.1467,227.9314,161.1085,154.6419,292.2461,198.8378,205.2439,187.0067,223.082,179.4171,256.7386,205.4557,226.1828,231.4708,176.8386,147.1286
2020-11-23,318.6307,229.0008,160.5097,154.2402,293.5073,198.9116,204.8721,187.1671,223.5228,179.1169,257.3376,206.5793,228.072,229.0189,177.0836,147.2136
2020-11-24,320.5021,231.2325,161.0199,154.726,294.8546,199.8478,204.585,187.8198,225.8844,179.6074,258.2547,204.4354,228.1464,229.6953,178.5544,147.1981
2020-11-25,319.0695,230.8278,160.3976,154.5231,294.9405,200.4981,205.3915,187.4597,226.9916,179.7687,256.176,203.9077,228.2751,220.7166,178.7018,147.2921
2020-11-26,324.6306,232.3642,160.3219,154.3251,295.759,202.0196,206.0186,188.1509,227.7897,180.0676,256.6788,201.8394,229.7564,224.5866,178.6226,147.3618
2020-11-27,318.2078,228.5175,160.3286,154.3468,294.8723,201.7441,205.4923,187.6804,225.8459,179.6005,255.0628,202.4706,226.2466,219.7423,178.4151,147.2664
2020-11-30,324.0662,230.2632,159.1919,153.6156,294.2646,202.1318,205.6731,186.6094,226.8155,178.8167,255.8557,203.3997,224.8499,221.9817,177.1779,147.3666
2020-12-01,317.9762,230.3299,159.0998,153.0734,293.0114,201.8135,204.3173,186.7,226.3888,178.7149,254.8394,204.6978,221.5481,217.4494,177.4889,147.3462
2020-12-02,317.1951,229.634,158.4314,152.9026,292.6034,202.1454,204.0231,185.9806,226.0764,177.8685,255.2457,203.6813,221.4562,215.657,177.0072,147.3984
2020-12-03,325.5628,236.9271,157.9451,152.806,299.7284,203.5769,205.0611,186.7648,228.8189,178.4668,256.6561,201.353,222.0259,219.9178,177.9816,147.3582
2020-12-04,321.5292,234.564,158.3082,153.2484,300.7371,204.2979,204.2121,186.3432,229.15,179.106,254.8538,200.3462,220.8284,215.3179,177.784,147.3898
2020-12-07,320.4223,233.4148,158.4085,153.307,304.4899,205.865,204.5848,186.9919,228.4577,180.2459,254.0447,200.2876,222.5387,211.856,177.7041,147.3025
2020-12-08,320.0698,234.212,158.4246,152.9582,305.1877,204.1932,203.58,187.2725,228.6359,180.1844,253.6652,200.7003,223.6347,208.8586,178.5278,147.3262
2020-12-09,325.3907,237.9114,157.8395,152.4074,303.9469,203.1398,203.9419,186.8914,228.9874,179.5248,254.3981,201.5533,226.7891,212.5639,178.5701,147.317
2020-12-10,327.6274,241.1158,157.9153,152.6388,306.3825,204.7575,204.7925,186.669,229.6809,179.884,260.1178,201.2449,227.4629,217.132,179.0215,147.2609
2020-12-11,331.5755,241.4772,157.998,152.5694,305.1022,203.8694,204.7239,186.37,228.8465,179.6809,260.0645,204.228,229.5288,223.2008,178.1211,147.1901
2020-12-14,334.3319,241.5457,157.6857,152.7624,302.7936,204.7759,205.3405,186.2981,231.7157,180.0216,261.8081,206.6086,228.2402,220.6508,178.9907,147.2458
2020-12-15,331.7184,240.0198,158.2199,152.864,304.165,204.2616,203.8229,186.1288,230.0131,179.032,262.0414,205.8918,226.103,220.4564,179.2638,147.1712
2020-12-16,329.2172,241.0692,158.4804,152.712,303.8888,203.4869,202.7034,186.4676,231.5552,179.1368,263.9997,203.2246,224.7737,219.8873,179.3813,147.1918
2020-12-17,327.8205,240.1212,158.5042,152.7061,303.3466,203.2636,203.5707,187.3607,232.3808,179.6339,264.8752,203.925,223.5472,218.8992,178.8517,147.1704
2020-12-18,322.176,239.002,158.4817,152.6434,302.675,203.2019,203.9143,187.0836,232.9822,180.1633,264.6907,203.251,219.0893,216.1439,177.8023,147.0908
2020-12-21,315.6618,237.1313,158.8377,152.5017,301.9621,203.0695,203.0456,187.5121,233.0499,180.4451,266.645,203.1413,215.8329,213.0845,177.27,147.0994
2020-12-22,320.5203,239.449,158.8226,152.8671,306.2048,204.5761,204.2099,187.3812,232.4014,181.2238,265.9648,202.2265,217.4334,216.8255,178.6976,147.028
2020-12-23,322.289,239.282,158.7067,152.878,308.1062,205.3936,204.303,187.7413,233.1761,181.7618,264.5513,202.2704,218.193,214.0702,178.8313,147.0883
2020-12-24,316.0206,237.6516,158.948,152.5115,304.4592,203.2659,202.5662,186.939,230.7766,180.9035,262.6864,203.1594,217.9627,211.5197,179.1816,147.1511
2020-12-25,316.6307,236.8963,158.9186,152.155,303.7823,202.6461,202.3043,186.984,230.8654,180.4049,265.9459,202.6747,215.4665,212.9716,178.7563,147.2036
2020-12-28,316.5704,236.2644,158.9476,151.9394,301.1929,202.4159,202.1323,187.1699,230.0332,179.5186,265.9555,204.6367,216.2366,212.5958,179.0163,147.2278
2020-12-29,312.4142,233.852,159.1972,151.8969,297.1038,200.994,201.8584,186.8939,230.0587,179.2399,267.4407,203.4728,215.9231,210.4614,178.9124,147.182
2020-12-30,313.156,232.5726,159.4019,152.3262,297.2127,202.0072,201.8451,186.6563,228.9807,179.0851,265.1585,206.2951,214.696,213.0484,178.5133,147.2278
2020-12-31,315.4573,232.7179,159.553,152.9717,299.4582,202.7219,201.4668,186.3752,230.6473,179.4954,266.7187,206.3984,216.2078,213.9135,178.2246,147.1291
2021-01-01,318.2735,236.3732,159.5512,152.5034,298.5338,202.5671,202.0243,186.6288,230.266,179.9522,266.694,207.7187,219.0493,217.3211,179.0848,147.181
2021-01-04,314.3276,234.7478,159.3359,151.9573,294.7764,201.6303,200.8878,185.3305,227.8983,179.4567,266.093,204.1273,217.5598,218.1294,179.6316,147.328
2021-01-05,315.0245,235.2235,159.5091,152.5405,296.8779,203.7388,202.9078,186.2549,229.8952,180.4521,265.9714,204.936,216.8512,216.0965,179.4168,147.3402
2021-01-06,317.3056,237.5749,160.1563,153.4277,299.9526,205.0035,205.3149,187.6744,231.5617,181.1165,267.5176,210.1857,215.576,219.0384,179.2314,147.2981
2021-01-07,319.9474,238.0024,159.964,153.2602,299.6945,205.6477,206.0778,187.6038,231.1669,181.1801,268.342,212.3513,214.7428,220.5468,179.7796,147.2499
2021-01-08,319.3232,237.1145,160.2104,153.5636,296.7492,205.4476,206.8469,187.6065,231.3146,181.907,267.1214,213.5246,215.602,221.5119,180.1603,147.2
2021-01-11,317.8326,233.4433,160.4906,154.1727,295.3696,204.2655,207.2555,187.0831,230.8987,182.286,266.7973,214.5072,215.1823,221.6001,179.8198,147.1731
2021-01-12,316.0474,230.7299,160.2148,154.3893,297.0478,204.5353,207.6446,187.2108,230.6157,182.5737,265.4409,212.469,215.9334,217.8004,178.9873,147.2692
2021-01-13,317.787,230.4289,160.1486,154.7653,296.8493,204.4842,207.5893,186.4567,230.7883,183.0102,267.386,213.2365,217.4427,222.0867,178.6198,147.302
2021-01-14,322.7185,231.5973,161.1602,155.5967,298.7355,206.3979,208.7264,187.7053,232.4298,183.866,269.5277,211.6914,219.1481,226.8729,179.5289,147.2788
2021-01-15,325.0242,233.8501,160.792,155.3295,302.279,206.7061,209.4832,188.6056,233.8368,184.8663,270.5912,210.1236,220.1864,226.227,179.5744,147.344
2021-01-18,329.5394,236.0253,161.4942,155.9095,303.7485,207.8283,210.3573,189.9433,234.5136,184.7299,272.7736,211.6438,224.0022,232.1852,179.3967,147.4191
2021-01-19,332.6662,238.2776,161.5959,155.5504,302.1594,208.1915,209.4476,189.7587,234.6642,183.7306,274.3927,210.4615,223.0014,235.6974,180.6933,147.4609
2021-01-20,324.3048,233.4803,161.3262,155.082,297.3872,207.2682,207.9126,189.3552,233.2738,182.6473,273.0972,209.0303,221.192,230.4479,178.8129,147.4237
2021-01-21,324.9237,233.8579,162.7246,156.4888,300.8796,209.2163,208.9679,190.4885,233.9996,183.3865,274.129,202.6683,221.6131,237.8807,179.076,147.3775
2021-01-22,325.0196,234.6707,163.0725,156.3167,302.5144,209.0577,209.3875,191.0098,235.1658,184.2443,273.4526,203.625,219.6753,236.0776,178.4182,147.421
2021-01-25,326.558,232.8024,163.3107,157.3395,306.6713,211.1142,211.2148,191.0416,235.4102,184.9425,273.5905,203.6368,218.2876,235.3394,178.6666,147.3085
2021-01-26,331.4985,236.2412,163.2947,157.4438,307.1104,212.1597,211.9496,190.5535,235.0051,184.3144,274.597,208.4624,219.4939,239.5298,179.4965,147.3311
2021-01-27,331.5412,237.1665,163.565,157.3012,309.1749,213.3041,212.099,191.0916,234.1016,184.8436,274.4248,206.9258,218.1722,241.8638,179.9229,147.4007
2021-01-28,330.5218,233.2953,164.1735,158.1131,310.7142,213.9522,211.7898,190.9255,233.5836,185.1258,274.7692,205.8063,217.429,241.4973,179.7423,147.4524
2021-01-29,323.6286,230.172,163.7885,157.9774,309.0109,215.3381,212.4626,190.5725,231.61,185.3326,270.9765,208.4189,215.0462,235.5781,178.6995,147.471
2021-02-01,317.4424,227.4934,164.4135,158.3862,307.3199,214.6821,212.4541,191.363,230.9012,184.6771,269.6758,206.6472,212.8319,231.2659,179.3744,147.5739
2021-02-02,311.3941,224.8514,165.6528,160.0248,308.6707,215.6447,212.8041,191.5625,229.9291,184.6105,270.4335,210.3161,211.5176,230.6675,179.5795,147.6398
2021-02-03,310.0402,222.8692,165.2343,159.2916,307.3799,214.3554,211.8383,190.9042,228.2091,183.719,271.2837,205.3934,211.8492,230.1675,178.9397,147.6354
2021-02-04,306.0238,221.1913,165.6989,159.2032,305.733,214.1009,211.6429,191.155,228.0124,183.978,272.2354,204.6759,210.8507,228.1257,178.4363,147.5664
2021-02-05,303.9265,219.1209,166.2871,159.6796,305.1821,213.7237,210.9804,191.2921,225.8879,184.8436,269.5381,204.1086,214.1977,231.9981,178.2533,147.6338
2021-02-08,296.1766,215.5877,166.3051,159.9618,305.1616,212.6895,210.2583,190.382,222.8885,185.1963,266.8215,204.2472,215.4537,228.6581,177.4481,147.5893
2021-02-09,292.2171,215.2359,166.7545,159.5791,302.5526,210.7819,209.302,190.2365,221.8096,185.0788,265.275,203.2494,216.0354,226.0672,178.0906,147.6251
2021-02-10,296.4045,216.9945,166.0814,159.8064,302.3706,213.6307,212.605,189.9314,222.3083,185.187,265.0895,202.5897,217.3636,227.0908,178.6359,147.6809
2021-02-11,293.7144,219.4811,165.9989,159.6837,303.5702,212.915,211.677,189.0874,221.1552,185.5075,265.5276,205.5645,218.167,228.5019,178.9797,147.7314
2021-02-12,298.687,221.3789,166.0025,159.3189,302.8948,211.845,211.431,188.9581,221.5521,185.8003,268.5428,203.7303,220.9927,236.1476,178.906,147.7179
2021-02-15,300.4861,220.961,166.2554,159.4194,304.038,211.8098,210.7223,188.5991,220.7414,185.641,268.0266,205.2806,221.9715,237.517,178.7675,147.8057
2021-02-16,307.4679,223.9085,166.9272,160.4667,309.4912,214.9663,212.8617,190.2232,222.0586,186.4845,269.6565,206.0683,224.5627,241.5416,180.7479,147.8961
2021-02-17,306.7396,223.1122,167.2218,160.8275,310.8682,215.264,213.3524,190.3037,222.629,187.2473,268.27,208.4037,222.8182,239.206,180.4439,147.9262
2021-02-18,304.2382,220.8456,167.5219,160.8337,309.063,213.4801,211.8619,189.4345,220.8594,185.8217,267.0389,209.1622,221.1766,236.0952,181.4095,147.9383
2021-02-19,304.8463,222.0742,167.7127,160.5495,309.5619,212.6364,210.8895,189.6404,220.6471,185.5854,266.1274,208.4281,220.8684,236.9581,181.9676,148.0424
2021-02-22,305.0672,221.9563,168.2422,160.9049,309.2589,213.6342,210.6705,189.7274,221.2082,186.4571,267.7257,208.4816,218.7727,240.6648,182.6026,148.1237
2021-02-23,307.6534,221.9362,168.4815,161.2876,306.8126,215.4016,211.8585,189.4749,221.9178,186.3644,268.5678,208.649,218.3564,241.4761,183.9722,148.1725
2021-02-24,305.5759,222.7473,168.2097,160.6666,305.3999,214.9848,212.3858,189.7522,221.1083,186.1965,267.1258,209.1212,218.6594,239.1325,183.8204,148.1555
2021-02-25,300.7679,218.2521,168.7217,160.8832,302.4266,214.7695,212.0686,189.77,220.6207,186.1521,266.3406,207.5616,217.2617,233.4219,183.7348,148.166
2021-02-26,303.7409,219.9748,168.4367,160.8986,302.9081,215.9445,212.3007,190.0608,223.1039,186.055,267.5297,207.0392,216.9301,233.0731,183.4527,148.1515
2021-03-01,301.8758,218.5099,169.1162,161.08,302.2275,215.9033,211.8945,190.362,221.0006,185.9467,267.0718,203.6029,216.5108,239.0104,183.2905,148.2014
2021-03-02,315.3105,224.6661,168.7286,161.0381,306.454,218.5157,214.2967,191.0373,223.8771,186.7659,271.839,207.7027,218.7508,246.68,184.2012,148.275
2021-03-03,315.1394,226.7687,168.1186,160.6376,306.2393,217.669,213.7458,190.7726,223.9439,186.2955,271.1988,208.1691,220.9834,244.3924,184.7928,148.2769
2021-03-04,315.3771,225.7721,167.9249,160.7831,305.5416,218.1704,214.2964,190.4991,222.7937,186.0978,271.7943,208.8108,223.5462,245.0334,184.8484,148.3402
2021-03-05,312.2901,225.9792,167.1008,159.5242,304.3996,217.1004,212.8947,189.5353,222.5726,186.0536,274.1476,208.5247,218.227,241.4462,185.1676,148.3419
2021-03-08,314.9255,228.0167,167.0349,159.5781,304.7669,217.9886,214.1383,190.368,223.8777,186.3025,275.8484,210.3265,217.9608,242.7183,185.9822,148.2026
2021-03-09,316.9622,228.7413,167.4945,160.3836,305.9742,217.5114,213.6926,189.8975,225.5506,186.8295,278.3723,209.5317,219.0215,244.9036,187.1962,148.2097
2021-03-10,328.5045,232.902,167.4645,160.5751,307.9089,218.5607,215.1702,190.8998,228.222,187.2555,279.2356,208.4835,224.0444,252.4479,187.2533,148.2682
2021-03-11,329.3807,233.6905,167.5012,161.2653,309.048,218.4449,215.4069,190.3666,228.1847,186.7371,279.0484,212.4082,224.6147,250.0862,189.2442,148.2657
2021-03-12,330.9705,233.9258,168.4764,161.6274,308.5225,217.7638,214.637,190.8774,229.0606,186.5757,280.7293,211.4577,225.9987,252.2081,190.0603,148.2255
2021-03-15,327.9609,231.8821,168.3081,161.4065,308.5918,217.0056,213.9276,190.3019,227.922,186.2196,278.4447,210.7739,224.4472,249.1192,189.2811,148.1767
2021-03-16,325.3011,229.8802,168.6437,161.1443,308.6403,216.9462,213.2089,190.1754,225.9069,186.3713,277.1503,209.9404,222.1384,247.7872,190.0483,148.1251
2021-03-17,327.5573,228.4578,168.4545,161.2425,306.3506,217.4139,213.531,189.5532,225.2965,185.8253,275.2293,211.7709,222.2447,248.1087,190.1344,148.1986
2021-03-18,331.6304,234.4004,168.4201,161.0118,309.3395,219.0742,215.7545,190.2676,225.9536,186.0208,277.0543,213.021,222.9561,251.9016,190.8204,148.0982
2021-03-19,329.2857,234.6975,168.8607,161.5612,310.9028,219.6361,215.9099,191.186,226.5462,185.9902,278.0296,213.4583,222.3204,252.3518,190.4326,148.1186
2021-03-22,320.6983,229.0555,169.3265,162.8864,310.3874,220.058,216.1073,191.4118,226.7574,186.2559,277.2735,213.2363,217.4446,247.8519,189.9008,148.1421
2021-03-23,321.9725,227.8587,169.1507,163.3306,312.3437,222.7675,218.4578,191.6853,228.0375,186.807,276.5645,212.0462,213.8612,244.1833,189.9286,148.2254
2021-03-24,325.516,229.8457,169.2454,163.4358,312.6234,222.5742,220.2152,192.4578,230.4993,187.5452,277.6923,208.7972,214.186,247.5194,189.5419,148.1886
2021-03-25,325.1114,234.2099,169.3155,163.6808,315.9461,223.3222,220.9562,193.0974,231.3221,187.7445,279.1561,211.8157,216.6202,247.6946,189.5249,148.2681
2021-03-26,324.2372,233.0147,169.5098,163.9927,313.8206,223.8706,221.7645,192.6104,229.959,187.5725,277.3623,213.7482,217.6395,249.1117,189.0258,148.3395
2021-03-29,322.7573,233.4455,169.8591,164.657,313.7206,223.1725,221.526,192.4629,231.073,187.6442,278.4156,214.4527,220.0517,247.3722,189.603,148.349
2021-03-30,327.9785,234.8527,169.3742,164.5636,315.9608,225.2107,222.3074,192.764,232.0403,188.6535,276.7134,217.3935,219.7344,248.0126,189.902,148.3751
2021-03-31,328.2414,234.3582,168.8335,164.4552,315.3739,225.0917,224.5182,192.5372,231.1831,189.5822,273.3038,219.8812,219.3664,246.9393,189.8876,148.3535
2021-04-01,327.7446,233.2398,168.8806,164.5528,315.0694,225.9158,225.4042,193.1592,231.314,190.5761,274.9926,219.2255,217.0905,252.2062,188.7732,148.3711
2021-04-02,329.8797,235.304,169.0404,163.7838,312.8706,225.7323,224.5424,193.3527,231.4552,190.4268,279.293,219.1616,220.1099,255.7727,188.6676,148.4691
2021-04-05,329.5223,236.2046,167.822,163.1298,314.1291,227.1994,227.0667,193.4144,231.4766,190.754,277.078,219.6703,218.3319,250.4627,187.785,148.5004
2021-04-06,329.6433,234.8361,167.5765,163.0054,312.2615,227.5055,226.3763,193.0749,230.6211,190.0554,275.7017,219.2026,216.0408,251.4937,188.2713,148.5319
2021-04-07,329.3588,234.8744,168.5523,163.7787,313.2439,229.2722,228.2955,194.0329,230.816,191.5014,274.824,217.6751,219.2339,252.299,188.6777,148.5274
2021-04-08,332.9253,238.5307,167.8974,163.7585,315.6018,230.0051,230.6285,194.5507,231.174,190.9453,273.5845,216.9146,218.727,254.0197,189.4743,148.5024
2021-04-09,331.476,238.087,167.372,163.5318,314.1504,228.9712,229.9355,194.0413,232.0767,190.6147,273.8612,213.917,219.0409,250.9698,189.3853,148.582
2021-04-12,332.8395,237.4341,167.8042,163.604,314.9822,230.2646,229.0883,194.9201,232.1874,190.5996,271.357,212.9354,218.8784,251.2591,189.3104,148.6222
2021-04-13,332.8094,237.8974,168.1735,163.2957,313.5332,229.7198,228.4401,194.4362,231.021,190.0126,274.3815,213.4378,219.0732,254.8361,189.3842,148.554
2021-04-14,339.1973,240.1687,169.0562,163.8442,316.2768,230.9826,229.1671,196.2423,232.1561,190.6158,275.8093,215.9642,221.8024,260.4461,190.1415,148.5952
2021-04-15,329.1811,235.9515,168.9245,163.008,314.2714,229.6319,228.5016,196.4327,229.1133,190.1214,274.3898,214.4915,219.7591,252.3519,189.1152,148.559
2021-04-16,330.7816,237.3369,169.4563,163.3178,314.2452,229.2551,227.8361,195.9231,228.6222,190.4005,275.7007,213.1294,221.6512,259.7327,189.6952,148.5529
2021-04-19,332.5812,237.3904,169.0668,163.0309,314.9064,229.0309,227.5652,195.8623,229.0198,190.0329,274.1087,211.8574,219.3394,260.088,189.2269,148.5437
2021-04-20,327.3196,235.5257,169.6533,162.7506,311.6888,226.0887,225.7495,195.1872,227.0401,189.6861,276.9818,211.2082,216.6425,263.8543,189.52,148.635
2021-04-21,319.5319,233.1663,169.5754,161.2839,307.8677,222.9277,222.4831,194.4665,223.3575,188.9887,274.4939,206.9336,214.5725,261.3883,189.7871,148.6236
2021-04-22,324.5834,234.6564,169.6196,161.1537,308.0786,222.893,221.7932,195.0816,225.4982,188.9762,276.8274,203.6699,213.9396,265.9362,190.3626,148.5715
2021-04-23,333.3725,239.4847,170.0507,160.5932,305.8714,222.3588,220.203,194.6515,226.0306,187.9439,279.9766,203.1749,219.9546,274.2405,191.7089,148.5727
2021-04-26,332.7217,239.3925,170.4029,160.9377,307.0318,224.0625,221.2129,195.1227,224.4176,188.7062,279.6416,204.3335,221.5317,279.419,191.3904,148.4748
2021-04-27,333.6384,241.8193,170.5782,161.2883,308.1999,224.9992,222.0097,195.683,225.9458,189.5256,280.6389,203.0406,222.079,282.6783,191.6786,148.4729
2021-04-28,331.5842,242.212,171.1242,161.5202,307.0184,225.9794,222.6125,195.5516,223.4107,190.3416,279.1866,204.4629,223.4065,288.9635,192.4119,148.5319
2021-04-29,327.2259,239.4211,171.6919,162.1004,308.3159,225.5252,222.5636,196.2026,224.3229,191.0372,278.5196,201.6011,221.031,287.5701,190.8471,148.5682
2021-04-30,324.0661,240.0517,172.2731,162.0631,308.2093,224.2165,221.461,195.492,223.0814,191.2388,279.9904,201.8346,220.0842,292.8056,190.5076,148.5353
2021-05-03,321.846,239.6803,171.6531,161.495,307.4231,223.0407,220.4723,194.6177,222.5646,190.3519,278.0205,199.1015,219.2351,290.6813,189.2748,148.4511
2021-05-04,317.6382,238.2683,173.1425,162.3743,307.1046,224.0039,221.203,196.0399,221.9108,190.8922,279.2738,201.0779,219.9654,291.671,189.527,148.4967
2021-05-05,322.5749,240.7854,173.469,162.8213,308.5393,225.7872,222.31,195.6559,222.4421,192.0205,280.6419,204.8684,220.2807,299.4672,189.9521,148.6695
2021-05-06,320.8598,238.7068,173.1373,162.6504,306.6931,225.6316,221.7943,195.8439,221.9385,191.5746,279.0432,204.9562,218.2252,299.5011,189.1166,148.6937
2021-05-07,321.9063,240.5192,172.2905,162.1054,306.0689,225.409,222.6045,195.6303,221.1468,191.447,277.9715,207.8376,217.4468,301.1647,189.1907,148.7165
2021-05-10,316.2857,235.3881,171.901,161.0597,300.5063,223.4784,220.6553,195.2188,219.07,190.4019,276.119,208.8412,215.7463,294.8074,187.5702,148.7867
2021-05-11,312.391,235.6289,172.0445,160.9481,299.183,221.1655,220.1989,194.4771,218.8832,190.6563,277.352,207.6038,216.2302,293.7186,187.6417,148.8253
2021-05-12,319.3705,239.9736,172.0658,161.5857,303.5119,224.6364,223.1145,195.5614,221.8283,192.1871,279.4319,207.0632,216.6992,296.733,189.3201,148.8381
2021-05-13,317.3852,241.8082,171.8877,162.0827,301.1372,224.1388,224.7476,194.8332,223.4401,192.3736,280.2265,208.0079,219.0312,295.7939,188.7188,148.8373
2021-05-14,309.3004,242.9767,171.8938,161.106,298.0635,223.007,224.287,194.9819,222.287,192.0041,279.9465,209.5128,213.6292,292.7941,188.3254,148.9076
2021-05-17,309.6774,241.8384,172.3814,161.8315,298.9167,223.8054,225.3893,195.6917,222.5233,192.725,280.9243,207.5977,214.0798,295.3432,189.0816,148.9205
2021-05-18,312.5223,241.9849,172.6314,161.4399,296.8841,223.5558,224.7003,195.2099,221.339,191.5519,283.2055,208.6792,214.2825,301.7781,188.6666,148.9041
2021-05-19,321.5576,246.6206,171.3706,160.4443,297.0362,223.8315,224.5877,194.7187,222.457,191.411,282.5881,208.8973,216.3053,308.616,188.2701,148.9607
2021-05-20,319.0357,245.9335,171.4288,160.0656,296.3291,224.2882,223.584,194.6124,220.3001,191.8475,281.1968,208.929,218.7708,309.0362,188.4055,148.9923
2021-05-21,326.6131,248.1203,170.8031,159.4947,298.5081,224.3969,223.851,194.6598,220.8194,191.4502,282.846,212.8658,217.5546,312.1028,188.4084,149.0434
2021-05-24,328.4431,245.8344,171.0395,159.6852,296.7431,224.291,223.1102,195.3011,222.1118,191.1184,283.0782,212.0697,219.3551,311.653,187.4567,149.1361
2021-05-25,325.9748,244.6149,170.5218,158.6618,295.7711,222.2849,222.2878,195.3077,220.2828,190.5189,280.203,209.3823,217.0326,310.061,186.7681,149.2724
2021-05-26,326.5382,242.9583,171.3964,159.1774,295.7732,222.7031,222.8536,195.4885,220.3466,190.5593,282.4967,206.4649,215.6207,313.5517,187.1873,149.2023
2021-05-27,324.4352,242.0181,170.6467,158.9889,295.4597,223.1899,222.9286,195.4799,220.5156,189.4998,280.1825,207.0792,210.8741,309.8714,186.1857,149.2449
2021-05-28,324.9467,244.6118,170.376,158.3769,294.2589,223.8325,222.8565,195.276,220.2419,189.1654,282.796,207.9632,211.7966,313.6887,185.6958,149.1767
2021-05-31,327.0076,246.2966,170.9248,159.0812,296.2007,226.3237,223.9091,196.2065,220.2433,190.046,283.2888,209.8673,213.2852,320.1417,186.563,149.2392
2021-06-01,333.6226,249.5848,171.0243,159.111,298.2693,226.8984,224.4046,195.7949,219.5949,189.7075,282.3497,213.2778,213.6385,327.0411,187.6005,149.2518
2021-06-02,337.3501,252.1138,171.2285,159.7495,301.8845,228.9931,226.5409,197.1883,219.8937,190.31,282.9911,215.7253,215.2485,334.6761,187.3317,149.3515
2021-06-03,333.635,250.7059,171.4001,160.1025,300.2662,228.3161,225.9198,197.0318,221.1174,190.8766,283.674,211.7502,214.406,332.6422,187.906,149.3322
2021-06-04,331.7007,247.3393,171.4332,159.6708,299.119,227.4508,225.1093,196.9935,221.0621,191.4873,282.0584,213.1962,210.8957,329.564,186.2729,149.4918
2021-06-07,331.1711,245.9094,171.2606,159.4147,298.1251,226.7361,224.7472,196.6725,218.8633,191.0684,280.1659,216.1349,209.9831,330.5753,186.6437,149.5134
2021-06-08,337.847,248.1491,171.8439,160.1427,300.9344,228.1661,226.4197,197.5855,220.1809,192.1612,279.3731,217.3703,213.1407,336.9933,186.7616,149.706
2021-06-09,337.4387,247.5538,172.454,160.9911,302.2916,228.8562,226.1112,197.7508,221.6893,192.567,281.6871,216.0892,211.3219,339.3583,187.1515,149.6663
2021-06-10,346.3592,249.5933,171.9122,160.3981,305.0655,228.4605,224.8835,197.3746,222.5751,192.845,284.1543,214.8594,213.2838,346.8317,186.8051,149.7654
2021-06-11,357.5705,252.2523,171.4023,159.4135,308.0011,228.0564,224.5123,198.1017,223.6926,193.4569,284.2367,214.132,214.5881,349.1335,187.827,149.8303
2021-06-14,358.3502,250.8013,171.0871,159.1827,308.9181,227.7222,223.6764,197.7409,223.0181,193.6654,284.1874,212.6578,214.5295,351.2022,187.2911,149.8519
2021-06-15,364.6109,253.1243,170.6955,159.6061,311.96,229.4395,224.4632,198.1021,225.1499,193.6782,284.9436,214.4691,215.1,351.9567,187.4954,149.9234
2021-06-16,365.5283,254.0585,170.482,159.574,312.051,228.3186,223.8982,197.1838,225.3757,193.5149,284.9761,213.7872,215.0946,353.0875,187.8899,149.9175
2021-06-17,360.4987,251.459,171.8142,160.1583,309.5092,227.1831,223.1363,197.8731,222.8611,193.2608,285.4847,213.9235,216.0625,359.8626,188.6887,149.9216
2021-06-18,367.3098,253.3961,172.0287,161.0071,312.0934,228.47,223.8107,198.2238,226.0792,194.2681,286.8478,217.8136,217.4006,362.9517,188.4781,149.9115
2021-06-21,371.826,256.7457,171.8185,160.3709,314.0204,228.1871,222.9547,198.6043,226.5244,194.232,288.325,217.0563,219.5494,364.7979,189.2269,149.9123
2021-06-22,372.5088,255.4805,172.2178,160.3949,314.0357,230.7674,223.4432,200.3665,226.5727,194.0044,284.3678,216.2233,217.8109,363.6748,188.6022,149.9312
2021-06-23,370.9008,256.6261,172.6365,161.8239,316.5028,233.896,226.8217,201.2918,228.455,194.5278,286.1061,218.6456,215.4546,362.5936,189.0099,149.9799
2021-06-24,362.7426,254.9289,172.704,161.8963,312.3686,233.2523,226.1489,200.4303,227.2277,193.0807,285.4216,220.1404,214.6224,355.4204,188.8783,150.0403
2021-06-25,362.7759,255.2413,172.4886,162.2174,312.85,234.9145,227.5625,201.6351,229.6756,193.3511,288.2845,221.2756,213.4432,351.4489,188.6926,149.9886
2021-06-28,365.2915,256.8479,173.456,162.8405,317.7942,236.5725,227.9076,202.9608,229.8987,194.1885,287.0435,219.3936,212.6699,358.1398,189.0865,150.0216
2021-06-29,367.3805,258.6556,173.5438,163.2947,319.2001,236.4397,227.929,203.162,230.6586,194.3273,287.8345,218.8369,215.299,363.6031,189.0262,150.0656
2021-06-30,372.4675,260.2609,173.7171,163.9028,322.9839,238.3182,228.5614,204.5886,232.0238,195.155,286.5479,217.2382,215.8523,369.7748,189.6021,150.1679
2021-07-01,377.0414,262.0575,173.4729,163.8709,324.9628,238.9673,228.9939,204.8793,231.8833,195.5936,285.394,218.5476,215.8114,378.6687,189.204,150.0931
2021-07-02,374.9899,263.2607,173.7089,163.9511,322.6458,238.862,227.8675,205.0034,233.5741,195.7738,287.073,216.0482,216.641,380.192,189.2745,150.2418
2021-07-05,363.7301,259.7347,174.0344,164.0313,319.4293,238.181,227.0976,204.7603,231.0026,194.5812,287.7329,215.8266,216.3424,374.3839,188.6335,150.2869
2021-07-06,360.3324,257.8721,174.3778,164.1277,317.7357,237.7875,226.3882,204.1654,229.7747,195.1432,287.4141,217.5988,219.3449,371.9953,188.5273,150.2369
2021-07-07,371.5645,260.7796,174.3468,164.0187,319.6307,239.0,227.074,204.4285,232.1241,195.7497,287.1998,218.0279,223.2814,371.8085,189.5241,150.2292
2021-07-08,371.409,262.55,174.2982,163.6646,320.2387,239.0522,227.2101,204.4592,232.2915,195.2362,287.8414,220.6018,223.0962,364.1803,190.3367,150.2789
2021-07-09,372.3365,261.2483,174.3675,163.7799,317.7073,238.8512,226.2222,203.7922,231.1604,194.5329,286.504,219.139,223.5632,368.7841,190.9664,150.3636
2021-07-12,372.1875,259.951,174.1247,163.4009,315.6145,238.0393,225.8388,202.6751,231.4897,194.6538,285.0757,222.1098,221.4606,362.0631,190.8327,150.4272
2021-07-13,366.6229,257.3774,174.2131,163.4669,315.688,236.6656,224.5625,202.8752,230.6954,194.5484,284.2118,219.9087,222.8842,358.7043,189.7291,150.5001
2021-07-14,365.7782,256.7317,174.7406,163.0722,312.5418,234.8076,224.3847,202.9171,230.3006,195.5762,284.5238,219.8015,223.7846,360.9785,190.1782,150.4794
2021-07-15,362.5871,254.1225,174.8619,163.1782,310.8255,233.817,223.7378,202.548,231.2176,195.5792,283.7878,217.2238,222.5144,355.146,189.5918,150.561
2021-07-16,363.468,254.3287,175.1172,163.1317,310.2162,232.6989,223.1301,203.41,231.7491,194.8657,284.8179,219.1404,223.0476,352.6137,190.4919,150.5596
2021-07-19,367.3771,257.5761,174.5413,162.5084,310.3541,233.5667,223.2071,202.3194,232.0622,194.7258,288.3015,218.5864,224.2081,353.2047,191.6129,150.5654
2021-07-20,365.872,257.2154,174.5292,162.4496,310.9795,234.4738,224.2467,201.9766,230.5884,195.3204,287.0423,217.3493,223.7058,354.3359,191.4765,150.6399
2021-07-21,366.1397,258.1924,174.8886,162.6473,312.4899,235.5598,224.9709,203.3179,230.6272,195.2755,287.1683,216.5503,225.0841,356.2714,191.2603,150.7055
2021-07-22,366.1995,258.2355,175.2139,162.7453,313.651,235.3916,224.4557,204.3675,231.4639,195.9469,287.0786,217.7322,225.8075,354.8858,191.4214,150.7479
2021-07-23,363.7998,258.1777,174.3251,161.3897,309.4663,234.2407,222.7026,202.7908,229.6074,194.5448,287.7367,218.6956,225.518,348.5929,191.8448,150.796
2021-07-26,361.1721,256.5215,174.4396,160.9988,308.0169,233.2803,222.3786,202.5997,227.2074,194.3771,286.3022,220.2055,223.935,349.0284,192.0606,150.7301
2021-07-27,360.2386,255.1894,174.1245,161.1671,308.1274,233.1566,222.5373,202.9628,227.9281,194.4076,286.7708,221.9664,224.3492,343.0978,192.1798,150.7123
2021-07-28,360.1745,252.2569,173.7785,160.4521,305.206,231.8586,221.4344,202.2833,227.2315,194.3575,285.3519,222.8793,222.397,341.656,191.2995,150.6775
2021-07-29,360.2871,254.1242,174.2655,160.6315,303.4855,233.0273,223.3696,203.4252,227.7711,194.3228,286.2532,221.7179,221.56,347.2373,191.4652,150.6616
2021-07-30,358.1762,253.9904,173.2369,159.4624,301.1344,231.3847,221.3125,203.0843,227.727,193.6412,286.4286,222.25,222.2285,338.6146,191.5277,150.8064
2021-08-02,360.6207,255.6034,172.8703,159.0054,301.6747,231.4434,220.3787,202.6219,229.2495,193.3821,287.3171,219.9027,221.9792,337.5416,190.9537,150.8327
2021-08-03,355.3461,254.1485,173.4459,159.0001,303.4568,231.2661,219.1771,203.0486,227.8331,193.3482,284.2132,220.446,222.3129,330.3136,190.6959,150.7642
2021-08-04,351.333,251.2466,173.666,158.7023,302.6586,230.3008,217.1059,203.2302,227.1111,192.8376,282.6659,221.432,222.2699,322.0525,190.4249,150.8276
2021-08-05,346.933,247.5653,173.7264,158.9565,302.7403,228.9899,215.4624,202.3493,226.9895,193.1079,282.8918,219.8557,222.3878,318.4685,189.2279,150.8483
2021-08-06,342.3979,246.2795,174.2453,158.4345,298.5512,226.9114,214.2623,201.8356,226.4063,193.4472,283.006,220.8633,223.4533,313.6825,189.4314,150.7807
2021-08-09,342.6435,248.3715,173.7995,158.0347,299.361,225.6252,213.7997,201.6831,227.0441,192.6219,284.8407,220.8323,221.8797,310.9149,190.2694,150.8113
2021-08-10,340.2742,248.1444,173.4126,157.8822,299.6082,225.2523,213.8719,201.1907,224.6173,192.9006,280.7912,218.2682,221.8415,316.005,189.9049,150.7875
2021-08-11,341.7075,249.9912,174.2068,158.4001,303.3877,225.1353,213.5397,201.7245,226.412,193.2327,283.211,216.7354,221.6148,315.4575,190.7936,150.8457
2021-08-12,332.9849,247.2547,174.1353,158.1052,299.7079,223.8024,213.1817,200.8595,225.891,193.5583,281.9256,215.1653,219.6871,305.209,190.9573,150.8995
2021-08-13,331.6708,243.9524,174.9083,158.4058,299.6475,222.9443,212.0884,201.5388,225.6634,193.5133,282.8617,215.7148,220.4864,302.558,190.7508,151.1195
2021-08-16,331.8353,242.9846,175.5833,159.3801,301.4362,223.226,213.5694,202.3355,224.876,194.8445,279.4578,220.4868,223.6389,303.7491,190.8512,151.0971
2021-08-17,330.7609,241.5262,175.1439,159.3743,299.4875,223.0749,212.5831,202.0138,225.1851,193.8242,279.2208,221.564,224.0435,301.0551,190.0441,151.1171
2021-08-18,338.6515,246.4499,174.5517,159.2862,300.5626,223.2867,213.0179,201.3831,226.4957,193.5018,278.9039,223.5783,227.8407,305.7046,190.6181,151.1485
2021-08-19,329.7044,239.2409,175.408,159.8807,297.7858,222.2939,212.5523,201.2686,223.558,192.948,278.8227,221.4175,225.9782,300.9092,191.1182,151.0744
2021-08-20,332.7444,241.6619,175.4927,159.0828,299.179,223.1625,212.5388,201.7987,222.7143,193.4656,280.3707,221.3736,226.6516,303.7508,191.9866,151.0425
2021-08-23,331.2308,240.0886,176.1917,160.04,300.4298,223.8388,213.0067,201.8783,221.4923,194.0786,281.4623,225.4688,229.0387,304.9517,192.5881,151.1225
2021-08-24,326.8658,236.4236,175.9755,160.0161,299.1532,221.7034,211.4704,200.0765,219.7885,193.9336,280.3585,225.2084,227.5142,300.4271,193.0222,151.1602
2021-08-25,323.3311,235.0696,175.8617,159.5639,297.8833,221.686,210.9631,199.7312,218.7682,193.5854,280.0485,225.0888,227.2403,296.4643,192.0242,151.1666
2021-08-26,324.228,234.2531,176.1662,160.204,298.2599,221.4474,211.8049,199.5141,218.9197,193.5094,282.8509,224.2339,228.2761,301.727,191.3624,151.1708
2021-08-27,332.2276,237.3188,176.2376,160.0877,301.1513,221.6903,211.4376,200.0637,220.2414,193.7408,283.8848,225.6294,228.7734,307.0434,192.3534,151.1884
2021-08-30,327.877,238.7908,175.46,159.7764,302.42,222.0408,212.2426,200.2223,220.2091,193.2448,282.0604,226.4809,227.4313,298.791,192.0684,151.1994
2021-08-31,327.1464,239.2334,174.9175,159.628,303.9657,221.0349,211.5927,198.7468,219.5692,193.0406,279.7311,226.6802,226.9151,297.2254,191.4134,151.2162
2021-09-01,326.449,240.5514,175.4769,160.0167,301.8341,221.7012,213.0289,199.7145,220.2853,193.3485,282.3744,230.5248,226.8202,299.6056,192.4496,151.0879
2021-09-02,333.5781,242.8522,175.4671,160.5972,303.998,223.3515,214.7644,200.909,222.7841,193.3371,286.8992,229.8038,227.9445,304.4615,193.4175,151.0787
2021-09-03,328.4728,240.6789,175.7518,161.2224,302.1651,223.4069,215.5128,201.1872,223.2041,194.4395,285.8004,230.0593,228.1554,300.9959,193.4093,151.0855
2021-09-06,318.5456,237.1717,176.3836,162.1427,300.7863,224.3568,216.7943,201.3121,222.0514,195.127,285.4833,230.1463,227.2578,293.2092,193.9923,151.1572
2021-09-07,319.7043,238.1745,176.8024,161.969,298.7447,222.4057,215.0312,201.1643,222.2335,194.9758,287.5549,231.5577,224.7604,297.6684,196.2928,151.226
2021-09-08,327.1147,241.3668,176.7043,162.2823,303.9504,224.3839,216.0255,202.6468,224.8363,195.514,289.4168,233.7067,225.8976,299.1022,196.5206,151.2561
2021-09-09,319.1916,236.4476,176.4621,162.3991,303.3887,224.4129,215.7977,202.9242,223.6541,195.5975,285.958,231.0909,225.489,289.0855,195.3621,151.2751
2021-09-10,316.2323,235.188,176.1759,162.2814,303.1467,225.3124,215.186,203.0355,223.3177,195.3782,284.9428,230.0019,222.8137,285.3068,195.7564,151.2935
2021-09-13,321.0553,237.1497,175.5244,161.9946,302.0629,226.7481,216.8505,203.2906,224.9025,195.7407,286.4282,230.805,224.6323,285.6471,196.0723,151.2826
2021-09-14,322.894,236.1733,175.2755,161.5907,304.3826,227.4913,216.5508,203.343,223.5336,195.7973,284.8599,229.2729,222.2936,286.1421,196.5053,151.2871
2021-09-15,325.662,236.5139,176.1872,163.4206,309.5002,230.6157,219.0067,204.9462,226.0206,197.1267,285.4793,229.6553,225.9269,286.399,196.4642,151.3749
2021-09-16,321.5685,237.277,176.0701,163.3123,308.9126,230.1797,219.4513,205.4673,226.5862,197.1999,284.2732,231.5222,226.4092,279.9052,196.2583,151.3142
2021-09-17,327.2741,240.8707,175.7911,162.899,308.0718,230.755,220.7659,206.0439,228.9763,196.5729,287.124,233.9627,225.3452,280.8046,196.6282,151.3025
2021-09-20,334.9715,247.7833,175.3867,163.011,308.9362,232.3837,222.637,205.4739,232.0365,196.915,289.0668,235.0474,226.4588,287.9653,196.8945,151.3814
2021-09-21,338.7398,247.9825,175.4136,162.9384,308.0839,232.8675,223.2521,205.3581,231.5539,196.9457,288.0845,237.9948,225.8379,288.7457,198.3573,151.471
2021-09-22,331.7264,247.3204,174.6108,162.7505,309.9574,233.5846,223.8379,204.6744,229.9257,197.3426,284.9313,236.5572,221.6691,284.179,197.8506,151.5414
2021-09-23,333.9865,249.8497,174.7846,162.7673,309.9709,234.2407,225.1741,204.799,229.7018,198.3288,285.0694,238.216,222.6788,290.5244,198.1006,151.6261
2021-09-24,335.4335,251.1357,174.9442,162.9285,312.0112,235.8774,226.1715,205.5785,229.2668,198.7436,283.8106,240.2224,223.6923,290.1218,199.0803,151.6329
2021-09-27,331.3615,250.1465,174.0336,162.512,314.0987,236.6452,226.3139,204.9383,228.3423,198.4738,280.1766,239.6973,219.9327,284.5901,197.2545,151.6222
2021-09-28,332.1238,249.5742,173.536,162.5034,315.3745,236.1522,227.1723,205.0321,228.9204,198.1043,280.7616,237.2952,221.2733,279.3868,197.6248,151.6591
2021-09-29,334.5173,250.0724,173.2669,162.3965,315.6731,237.3199,228.5568,204.4798,226.462,198.0703,276.8934,241.3775,221.7638,283.0199,197.4858,151.605
2021-09-30,336.1808,251.4769,173.456,162.8589,316.2604,237.7161,228.8171,204.4405,225.9328,197.851,277.3412,241.752,225.302,287.5706,197.7422,151.5584
2021-10-01,337.9564,251.7331,174.4112,163.9997,318.7834,239.3128,230.6818,205.6257,227.1154,199.5343,277.0882,240.9935,225.5083,290.0936,199.2844,151.6708
2021-10-04,332.9129,251.8741,174.3717,163.9975,318.0191,240.6781,231.7035,206.5186,226.6986,199.4007,280.1449,240.4667,225.6844,289.3048,198.7792,151.6943
2021-10-05,328.1968,248.372,174.4187,163.9647,317.7676,239.841,230.3165,206.4216,225.6201,199.4324,276.8045,239.7949,223.984,282.9899,198.7676,151.759
2021-10-06,327.1772,246.9295,174.7224,163.8821,312.2846,238.0323,230.4808,206.3415,224.4884,198.8016,277.5908,238.4664,227.1474,287.2219,198.6238,151.8044
2021-10-07,325.791,246.488,175.5262,163.8673,307.3078,236.9995,229.7349,206.6317,223.9615,198.1572,278.6877,238.8278,228.952,289.4583,199.5021,151.7768
2021-10-08,324.1014,247.0715,175.5056,163.6842,306.691,235.1418,228.8498,206.1205,223.7336,198.2189,279.6373,240.2811,228.2921,290.7353,199.476,151.7879
2021-10-11,321.6782,244.4906,176.1809,164.5475,306.6911,236.6398,230.3342,206.9823,224.443,198.9072,278.0489,238.7913,227.5448,287.1219,199.4269,151.7407
2021-10-12,326.5458,247.8842,175.7017,164.0168,307.4718,237.7063,230.8523,206.0004,223.4333,198.9681,280.1647,238.1869,227.6019,294.7081,200.649,151.8108
2021-10-13,324.3407,247.0705,175.9486,163.4511,304.7594,236.892,229.5995,206.0664,223.6593,199.0133,279.0583,237.667,225.1494,291.5645,200.916,151.7644
2021-10-14,326.496,247.7464,176.4252,165.3951,308.3754,240.2904,232.3948,207.2083,226.238,200.273,280.6552,240.779,223.842,295.2962,201.9431,151.7506
2021-10-15,324.8624,248.003,176.365,165.7664,309.4204,239.9132,232.5137,207.9394,227.6883,199.5796,283.9257,239.804,222.8273,294.9462,201.1599,151.8392
2021-10-18,326.5409,246.8537,175.9552,164.6358,309.4074,237.9184,229.8089,207.9215,226.3363,199.7281,281.3981,238.5668,222.5593,296.487,200.8354,151.7641
2021-10-19,325.6628,245.7988,175.1105,163.6452,307.0664,238.1475,229.6522,207.2902,225.1164,199.6789,276.6148,237.1441,218.7391,291.9008,201.5418,151.7906
2021-10-20,322.6922,243.5617,174.9789,163.2297,305.4197,236.9466,227.3514,206.1238,222.6752,198.9639,275.9552,238.1552,217.8801,291.6701,201.7505,151.8461
2021-10-21,332.6535,248.9246,174.1714,162.913,307.7193,237.8842,229.3168,205.867,224.234,199.3172,277.4674,238.0102,218.4827,300.7349,202.1529,151.8692
2021-10-22,330.1652,249.871,173.6101,161.6473,305.3435,235.5548,228.0276,205.3003,224.3747,200.0821,278.9272,236.9662,216.3425,296.0374,203.6814,151.8532
2021-10-25,329.2039,248.934,173.3269,161.3299,304.917,234.2725,226.8066,204.6744,223.7838,199.2011,279.1159,238.2789,215.3396,296.7667,202.112,151.841
2021-10-26,332.8447,250.7499,173.0635,161.1653,303.1716,234.966,226.8795,204.6364,225.0265,199.3708,280.9821,238.161,215.4814,303.8537,201.8163,151.8006
2021-10-27,339.2616,253.6977,173.3946,161.8152,307.1787,236.5048,228.5798,205.806,226.06,200.2558,279.3436,240.1585,214.4407,308.1795,204.0943,151.8131
2021-10-28,339.2519,250.5797,173.5854,162.4505,307.9443,237.5754,228.8917,206.724,226.3566,201.1873,279.1694,240.1705,213.4712,310.7975,203.7269,151.742
2021-10-29,344.445,254.1916,173.1591,162.6786,309.6427,239.0577,231.1728,206.681,228.1795,201.1702,280.3756,237.1991,213.691,313.306,204.5788,151.7809
2021-11-01,340.839,247.0199,172.3165,160.9628,304.1652,237.263,229.3735,205.5419,225.3795,200.2826,279.1903,237.1187,208.5837,305.8175,202.9671,151.8139
2021-11-02,338.1485,247.2349,172.6012,161.7766,304.4136,238.3813,229.8144,205.5948,225.6681,199.8656,277.1605,237.5954,209.5074,305.1803,202.2892,151.8585
2021-11-03,337.2666,247.9578,173.0011,162.0819,306.3337,237.9967,229.1539,205.973,227.6795,201.163,279.8086,237.7495,206.8667,307.7079,202.0584,151.8306
2021-11-04,339.5337,247.1044,173.4192,162.7172,308.7421,238.4443,229.3557,206.7847,228.3208,201.5572,280.316,239.2477,208.6649,305.3941,203.2652,151.7925
2021-11-05,330.0652,243.5497,173.5031,161.7243,304.0537,235.6577,227.6013,205.5538,225.5129,200.6471,279.7263,242.0537,203.7563,298.9907,202.4151,151.8432
2021-11-08,333.8704,246.4734,174.2891,162.532,306.0655,236.4935,228.3832,206.7405,226.7436,200.7912,282.1704,240.6561,206.5233,308.8738,202.389,151.9748
2021-11-09,334.1031,244.9443,174.2895,162.0144,304.534,235.53,228.1041,206.9758,227.044,201.613,281.9336,237.473,204.2213,307.9463,203.1182,152.0282
2021-11-10,334.5826,245.7986,173.8651,162.1876,301.7002,236.4308,229.4015,207.331,229.4287,202.1691,285.252,238.152,206.2219,308.4035,202.6439,152.0663
2021-11-11,336.4583,243.6737,173.5011,161.8547,300.8255,237.3982,229.6342,207.5219,229.6593,201.7142,282.9831,236.3648,204.8244,304.3531,202.1045,152.0232
2021-11-12,334.6275,242.0962,173.0192,161.1553,298.1459,235.9742,228.9876,207.2303,227.9831,201.1404,281.7923,237.8356,204.0449,301.2308,202.6259,152.0255
2021-11-15,332.7542,241.8439,172.9821,160.8686,299.6245,234.3102,227.598,206.6166,227.2581,200.6875,280.3757,234.4838,202.3978,299.5156,202.6695,152.088
2021-11-16,331.7208,237.4367,172.0122,160.2843,297.914,235.011,227.8179,206.4013,225.6544,200.4519,276.5381,232.9412,199.3623,295.2045,201.9807,152.0893
2021-11-17,339.439,240.8027,172.1997,160.4141,300.4089,236.1782,227.9893,206.4971,226.7939,201.2827,279.321,231.363,200.702,305.2137,203.0576,152.0394
2021-11-18,336.251,237.2576,171.7152,160.1104,298.9523,235.9468,227.19,205.6016,225.4684,201.5472,276.2557,228.6126,198.32,303.3042,202.2745,151.9684
2021-11-19,333.4871,237.1428,171.8286,160.1484,296.7467,235.5573,226.3461,205.8692,224.9982,201.2129,276.2285,226.0768,198.7758,307.6648,202.0952,152.0291
2021-11-22,334.8052,235.866,171.7323,159.6808,294.7268,234.868,225.0089,206.0221,222.8847,201.0889,274.4263,230.8412,199.3892,311.5694,202.3142,152.1169
2021-11-23,332.5829,233.69,171.343,158.8336,294.3234,233.4469,223.3654,205.2661,220.0005,201.2043,272.755,229.2132,196.1455,311.7279,203.5235,152.1358
2021-11-24,327.8474,234.4587,172.3919,159.786,294.4708,233.5912,223.4765,205.7193,220.7108,202.0705,274.7993,229.6879,195.2632,314.3612,204.5065,152.2125
2021-11-25,327.6774,234.1485,171.7703,160.1296,294.5464,234.6131,224.7378,205.3668,221.1598,202.0582,272.2192,231.8981,193.6817,313.1522,203.6431,152.2899
2021-11-26,328.7034,233.9705,172.1484,160.4407,293.6854,234.6743,224.1238,205.3808,221.854,202.2399,273.3906,231.2639,194.7664,313.8299,204.7194,152.4234
2021-11-29,329.2764,235.5066,172.5738,160.3939,292.8272,234.0216,223.743,205.8849,221.935,202.5417,272.8607,232.6808,197.4934,314.5895,205.4526,152.5471
2021-11-30,339.0656,241.0513,172.2466,159.8891,291.7702,235.0872,224.9313,207.1581,224.486,202.5628,275.6704,233.973,201.8154,320.2635,206.5901,152.5699
2021-12-01,339.2737,237.3697,172.8681,160.5827,292.4515,235.4734,225.4941,208.1214,223.43,202.6896,273.3297,232.3357,203.0942,317.7629,207.8149,152.5572
2021-12-02,343.0546,238.958,172.2516,159.8815,292.9507,234.6271,224.2418,208.0088,224.8783,202.1397,274.0201,230.5901,201.9702,319.6946,206.7865,152.523
2021-12-03,344.0555,239.1357,171.8287,159.2845,292.5152,233.7687,223.7859,207.4508,223.6738,200.8118,273.9875,229.3466,203.7201,314.7469,207.6829,152.5872
2021-12-06,343.4329,240.564,170.9096,158.5937,293.1834,234.0124,224.1849,206.8833,222.9735,200.2798,269.439,229.2501,204.726,307.1847,207.1776,152.5743
2021-12-07,344.2867,238.516,171.0968,158.4461,291.6836,234.4829,223.2375,207.202,222.4301,200.143,271.4773,229.1975,204.0929,313.4689,205.8278,152.5775
2021-12-08,341.6344,237.5261,171.3802,158.2874,291.1565,235.0643,223.4919,207.2746,221.7804,200.0373,270.4569,227.2791,204.3977,310.8909,204.5717,152.7169
2021-12-09,340.2996,236.5555,171.5643,159.0627,293.5664,236.4945,225.5555,208.2611,221.5545,201.118,268.0188,228.9945,205.1218,306.9943,205.3712,152.7362
2021-12-10,337.5056,234.9644,170.5651,158.3264,291.5907,234.6478,224.2815,206.5984,220.4366,199.8256,267.1506,227.6194,204.2675,300.3217,205.0984,152.7284
2021-12-13,333.1271,231.0886,170.157,158.314,289.1149,232.5728,223.7948,206.0002,218.4423,199.0788,267.1035,228.2425,204.0794,301.3656,203.6599,152.7283
2021-12-14,328.6734,230.021,170.571,159.2938,290.3804,233.7943,225.0871,206.7455,218.6467,199.7201,265.2775,225.8907,204.0468,298.798,203.9226,152.8663
2021-12-15,331.3403,233.6551,169.9873,158.8241,292.6592,234.9533,225.8559,206.7547,219.8679,199.8148,265.5796,224.0063,200.4496,301.9391,203.6981,152.8848
2021-12-16,324.6359,230.285,169.3971,158.1625,289.5407,231.6099,224.4963,205.3112,215.6541,198.6762,258.7524,223.66,201.0435,297.2522,202.9439,152.9207
2021-12-17,328.9671,233.2975,168.3111,157.3843,291.263,230.6324,223.9955,204.4915,216.8128,198.3533,259.0501,223.2935,201.4159,296.9974,202.2587,152.974
2021-12-20,332.6282,233.986,166.8332,156.5964,291.877,230.8531,225.3966,203.4797,216.3625,198.0902,260.0772,225.8925,200.4935,296.4007,201.435,152.9938
2021-12-21,337.1961,236.9315,166.7595,156.7663,293.9304,231.243,225.9083,203.3127,218.5214,198.0979,262.0024,223.6422,202.3269,300.0169,200.4466,153.0148
2021-12-22,336.6808,234.376,166.6711,157.0178,293.2887,231.5829,226.8784,204.6678,219.0774,198.7461,261.2416,222.6303,202.0702,299.3732,199.9159,153.0812
2021-12-23,346.4352,238.0115,166.8585,157.3753,297.781,233.0989,227.9585,205.277,219.4568,199.4003,262.7029,222.0509,205.0398,310.1906,201.0264,153.087
2021-12-24,347.2266,238.3548,166.8681,157.1056,296.5044,232.1104,229.0981,205.5329,219.9027,200.1105,262.4976,223.3274,205.7447,308.6895,201.0332,153.168
2021-12-27,337.2797,234.1721,167.3533,157.9081,295.8136,231.4796,229.0736,205.5842,218.1927,199.66,261.4532,223.8277,202.041,305.9695,200.4722,153.0975
2021-12-28,342.1736,238.0645,167.5919,158.3007,297.7209,232.9168,231.0418,207.041,219.5482,200.2595,264.0765,225.3288,203.6215,313.6808,201.2736,153.0849
2021-12-29,339.09,237.9663,168.2766,158.6318,299.4068,232.9266,230.7518,207.6242,219.4715,201.4917,262.9063,226.0196,205.3406,308.1574,202.5125,153.1203
2021-12-30,330.0044,233.5996,169.027,159.5139,299.3183,231.8095,229.1194,206.6701,217.8316,201.1993,262.3096,226.3653,203.1837,305.8781,201.4277,153.1996
2021-12-31,327.775,231.7108,169.75,159.6343,297.7829,231.4984,228.9485,207.6432,217.1665,200.8651,261.2769,226.7612,203.292,306.4426,200.382,153.1743
2022-01-03,329.7517,231.8441,169.8053,159.5378,299.4417,230.7449,229.0603,207.6562,217.2036,200.6118,262.0066,226.4024,201.5661,310.5014,199.2791,153.1236
2022-01-04,327.1139,233.66,169.7427,159.858,301.2746,230.6021,229.5016,207.1103,217.5352,201.1136,261.2867,226.5953,201.3827,309.0628,199.4665,153.1295
2022-01-05,330.7937,235.4131,170.0107,159.6252,298.6697,230.2706,229.2295,207.0646,215.5381,200.5759,263.6689,228.2642,203.3583,319.9353,201.8772,153.2024
2022-01-06,332.0282,235.8933,170.3475,160.2656,300.0954,231.8754,230.9809,207.2272,217.0712,202.1849,263.7901,224.7878,204.454,318.934,202.7997,153.2583
2022-01-07,330.6789,236.6208,169.024,158.5911,294.395,228.7772,229.1722,204.3503,213.9602,200.7116,263.8607,223.7687,203.7257,323.3389,202.8688,153.3263
2022-01-10,330.2083,233.6481,168.6844,158.8682,294.862,229.8583,229.1749,203.7756,212.7706,200.6644,263.2954,221.0943,203.3436,322.9088,203.3797,153.2056
2022-01-11,329.7306,235.0077,168.4769,158.555,292.8465,230.0386,230.0168,203.9073,212.3615,199.8258,264.4396,221.153,203.5941,326.0449,202.6961,153.2198
2022-01-12,335.2956,236.1679,168.4274,157.9238,290.0592,229.1749,228.857,203.524,212.7644,199.1962,265.271,222.8784,208.8465,328.1677,202.0649,153.1936
2022-01-13,341.8573,237.6278,167.865,157.3675,290.1908,228.6608,229.1141,203.9919,214.1906,199.5313,268.203,222.0315,210.2259,334.9558,201.0632,153.2804
2022-01-14,341.4034,235.6364,167.9551,157.6516,288.9554,227.9555,228.0993,203.5658,214.881,199.7288,268.2278,222.4018,208.0687,335.9543,201.0151,153.334
2022-01-17,342.6044,237.2866,167.191,157.0104,290.5107,228.5459,227.7186,202.9125,215.2168,199.3966,269.2504,222.2535,207.8789,331.376,200.8541,153.3007
2022-01-18,344.6554,236.2209,167.5827,157.6182,293.9157,229.9982,227.5101,204.2017,215.9785,200.2289,269.26,221.7431,210.1342,330.9718,200.7317,153.3421
2022-01-19,347.3712,236.3561,168.4401,158.4928,295.9261,231.2093,227.4143,204.1421,215.3855,200.4887,269.3332,222.2251,211.5621,338.2199,201.4858,153.3033
2022-01-20,341.7422,232.2137,168.9567,159.5257,296.9817,231.6187,226.5912,203.8409,215.3145,200.9806,267.9871,222.5591,211.5775,332.6107,200.5295,153.2617
2022-01-21,338.2512,228.8688,167.9779,158.3574,291.2869,228.6856,224.2883,201.7208,213.0059,198.9908,266.9884,220.8987,211.9375,328.3554,199.1034,153.34
2022-01-24,339.6119,228.6142,168.5767,158.7221,291.577,227.7353,223.5889,201.708,213.1772,198.4709,267.259,222.3995,212.3923,327.7583,199.9807,153.2976
2022-01-25,337.9407,228.6271,169.5499,159.2468,291.5852,228.3503,225.1155,203.7082,213.6475,198.9128,267.3701,224.4216,213.9565,325.9201,200.1887,153.3488
2022-01-26,343.2295,232.7353,168.8985,159.1164,292.3982,229.9999,226.9057,203.8522,214.352,198.6421,269.4162,226.4047,214.8243,328.2495,202.1163,153.4149
2022-01-27,347.8445,233.3634,169.0327,159.444,294.0339,231.7182,228.6576,204.6317,216.0531,199.6793,269.0286,225.2455,215.8614,327.5361,202.4327,153.474
2022-01-28,341.6408,229.7169,168.8729,159.2145,292.2579,230.0452,227.2521,203.9955,214.7429,199.1121,267.6069,223.3471,216.4665,321.877,200.6239,153.5877
2022-01-31,339.7832,230.3699,169.1456,159.2484,291.3226,229.3015,226.5087,203.1086,214.286,199.7303,266.9279,224.6143,218.6695,320.6848,201.4244,153.6531
2022-02-01,335.5532,229.1239,169.465,159.9028,293.9299,230.3434,228.0158,203.6517,213.0413,200.5471,263.7014,222.8695,216.1944,321.6553,201.0473,153.66
2022-02-02,338.1767,229.266,169.0463,159.6897,293.0034,230.9376,227.4443,203.4568,212.3645,200.9145,263.3218,227.3421,219.2058,325.8544,200.3831,153.7104
2022-02-03,336.6789,229.1621,168.3734,158.9123,289.677,231.0824,228.2581,203.337,211.936,200.5545,260.3253,226.5697,217.4563,320.8891,200.7222,153.6332
2022-02-04,334.2522,228.9737,168.3775,158.3034,287.7698,229.7466,225.9102,203.0403,211.3112,199.2163,259.695,226.2723,219.0362,318.5198,199.6039,153.6194
2022-02-07,336.6818,229.6038,169.3973,159.5015,288.8647,230.6732,227.1989,203.6885,212.3721,199.7879,261.2395,226.4601,222.1589,325.9037,199.3075,153.67
2022-02-08,334.4103,227.0808,169.4802,160.418,291.3209,232.0168,227.0831,204.3121,214.069,200.478,263.5404,224.9075,220.173,323.4215,198.8596,153.7173
2022-02-09,335.6169,226.1187,169.1626,160.2317,290.665,232.5656,227.7366,204.5239,214.4148,200.24,264.8752,222.0845,220.282,319.2408,199.8851,153.7823
2022-02-10,336.4773,226.7813,168.8603,160.3855,292.4537,233.237,228.5089,204.5514,214.7016,199.9013,263.3217,221.7592,221.1943,316.1848,199.5272,153.8875
2022-02-11,337.3457,226.3129,168.5642,160.323,294.1163,232.5643,227.8019,203.838,215.117,199.9242,261.3796,220.8348,221.0897,310.0548,199.9725,153.8838
2022-02-14,333.8015,225.1836,167.9561,160.3075,293.9996,232.3457,228.4546,203.78,216.8053,200.372,261.6199,220.163,220.9658,301.9155,198.2938,153.8248
2022-02-15,336.1458,226.2576,166.4211,159.4366,296.8175,233.2297,229.0669,203.2947,218.3358,200.0927,261.6197,219.0606,217.1809,297.699,196.0075,153.9255
2022-02-16,336.8896,227.2298,166.032,158.6632,295.7599,231.6482,228.5189,202.6108,217.2399,199.8068,260.7534,218.3812,218.5982,297.2059,196.5797,153.9061
2022-02-17,335.6349,225.0569,165.823,158.365,296.0618,232.3107,229.2368,202.466,217.0503,200.0596,261.0634,216.356,217.7526,291.1445,195.8931,153.9075
2022-02-18,334.4013,223.6794,166.358,159.327,296.4979,233.048,230.3515,203.5103,217.1971,199.5814,261.3314,219.2845,217.0736,293.8006,194.8075,153.9387
2022-02-21,332.069,223.4144,166.6876,159.1449,294.0608,230.9233,230.3086,202.8447,215.2044,199.5763,260.3181,222.9463,217.1997,296.3939,194.9965,153.9664
2022-02-22,332.6976,225.8059,165.7069,158.011,291.7746,230.9509,231.2051,202.6004,214.8819,199.8965,261.7083,223.4464,217.8928,297.1046,195.0966,154.0061
2022-02-23,336.5503,226.6758,165.7091,158.3506,293.4682,230.956,232.2356,202.1106,214.6671,200.2208,259.9311,223.0576,221.0498,298.0022,195.6913,154.0605
2022-02-24,331.4071,225.6694,166.2784,158.821,294.135,232.8621,233.5802,203.5708,214.3212,201.0412,258.6544,222.0537,220.962,294.2411,195.9347,154.0204
2022-02-25,326.4518,223.8766,166.5222,159.5226,295.7739,234.1762,234.506,203.784,214.5128,201.3898,256.3139,220.5747,220.1182,287.1099,195.4456,154.0794
2022-02-28,328.6734,224.522,167.2815,160.2453,297.3537,235.8827,236.6546,205.1541,215.6598,201.8647,257.2814,218.7666,219.0621,289.1291,196.5172,154.114
2022-03-01,326.7817,222.0617,167.0232,159.417,294.4066,235.03,236.7902,204.906,213.1994,201.7301,254.7683,219.3949,217.904,286.4032,196.7171,154.15
2022-03-02,328.8486,222.3245,167.5048,159.7796,292.2662,233.8386,236.1329,204.3222,213.6085,201.6513,259.3698,219.1179,221.2557,293.4504,197.0286,154.1105
2022-03-03,324.6737,220.3969,167.3941,160.4045,294.9127,235.1316,237.0972,204.298,213.4232,202.5532,254.8824,218.2976,222.1734,287.8985,195.0965,154.0831
2022-03-04,325.7038,220.4583,167.8475,160.4106,295.1101,234.1803,236.2256,204.2719,214.7416,203.8091,254.1986,216.1376,222.821,289.3147,194.5018,154.0551
2022-03-07,327.5102,221.3744,167.9582,160.5816,295.6863,234.3333,235.6172,203.5255,215.9165,203.9054,255.9227,218.4589,224.6115,289.2006,193.8464,154.064
2022-03-08,327.2277,221.6053,167.5577,160.6807,295.7773,235.4561,236.2272,203.4865,216.3488,203.5381,257.5122,217.416,223.9537,290.1477,193.4897,154.0585
2022-03-09,331.2806,223.3669,168.0685,160.5821,294.8782,235.0951,235.3945,204.242,217.893,203.2947,261.7179,217.1371,223.3697,297.7807,193.7085,154.1494
2022-03-10,337.9625,224.3566,168.4805,160.6049,293.7261,234.7951,234.915,204.7337,217.5382,202.8232,262.4907,216.79,228.4522,305.1388,194.8471,154.2057
2022-03-11,342.429,226.1246,168.2072,160.7519,294.1512,235.4473,235.1806,203.4316,218.2289,203.2012,264.4458,217.4339,228.2918,309.8706,195.7916,154.2618
2022-03-14,331.3233,220.5343,168.9277,161.7021,291.2406,233.966,233.4445,203.2672,216.6898,202.8994,263.6415,217.2283,228.0265,305.4319,195.2357,154.2389
2022-03-15,328.2741,221.5301,169.2385,161.9153,291.8256,233.459,233.6582,203.3142,216.3913,203.031,263.8912,218.314,230.2103,305.0006,194.6255,154.2776
2022-03-16,334.7057,223.8263,169.9128,162.8866,295.428,235.5635,235.5503,204.5497,218.6962,203.828,268.6276,219.5552,233.0139,312.7876,194.2619,154.3977
2022-03-17,334.2647,224.1196,170.221,163.4244,294.6255,236.2993,236.8327,204.5021,218.3641,203.8986,267.7498,222.4074,230.0455,317.0795,194.79,154.4315
2022-03-18,334.0089,223.0016,170.0552,163.2431,293.3347,236.912,235.8658,204.0088,218.6886,203.9924,266.5662,220.9347,227.7112,314.5268,195.4228,154.4176
2022-03-21,327.6798,220.9609,170.0468,162.7539,290.1656,236.1951,235.3584,204.078,216.7541,203.3213,265.1454,223.4916,225.3949,309.9507,194.9993,154.4757
2022-03-22,330.6537,224.5797,169.5946,162.5194,292.2194,237.5148,236.2105,204.3315,218.8884,203.4306,267.3578,223.6841,224.2183,309.8469,195.1754,154.4201
2022-03-23,329.682,223.8439,169.1882,162.3713,291.8091,237.5317,236.1982,204.0804,218.5472,202.6647,263.7131,220.0584,223.7724,306.209,194.7997,154.4819
2022-03-24,334.1959,225.2087,169.8591,163.5251,293.8353,238.5619,237.1816,205.0265,220.3165,203.2419,264.7937,220.2532,228.7202,308.9176,196.0651,154.5192
2022-03-25,336.949,228.1349,170.7671,164.8681,296.6354,240.7755,238.8566,205.2844,222.2558,203.4681,267.9454,220.1326,228.7752,312.864,197.9218,154.5434
2022-03-28,339.2033,228.1635,170.8434,164.9788,296.7947,240.3894,239.2213,205.668,223.4608,203.8729,270.3957,220.6401,229.7736,316.8211,196.6644,154.5188
2022-03-29,338.3961,227.7725,170.0718,164.4616,297.5346,240.5326,239.7185,205.8627,222.4428,203.8377,265.9604,219.2128,231.4845,311.7021,196.0633,154.4714
2022-03-30,334.5386,226.0155,169.9971,164.0515,297.051,240.2727,239.4598,206.5092,221.771,204.0159,265.6254,217.8831,231.7281,308.2354,194.6438,154.6134
2022-03-31,338.7856,227.5755,170.0727,164.0103,297.7075,241.0901,239.8514,206.8273,223.5788,204.2183,269.0261,218.2591,233.9568,310.4823,193.7866,154.6831
2022-04-01,339.0325,227.7592,169.9387,163.7154,293.2819,241.1603,240.4354,206.576,225.2975,204.9334,272.82,216.2398,232.1829,313.3872,194.416,154.6359
2022-04-04,339.3812,227.4519,169.7906,163.3212,292.1281,240.5135,239.8136,206.3898,224.397,205.0566,273.6907,216.9911,233.8518,315.3134,194.4119,154.6024
2022-04-05,339.4911,227.5088,169.601,163.1202,292.4259,240.0747,239.4606,205.3835,223.3672,204.8765,274.8016,217.8329,235.3526,315.283,194.3554,154.6673
2022-04-06,346.0104,229.7648,169.9769,164.202,297.0363,245.4313,243.3071,207.0223,225.9521,207.0402,276.943,219.3876,236.5239,317.6979,195.4396,154.7045
2022-04-07,350.5871,231.7443,170.0933,165.4207,299.5889,247.8465,245.2179,206.7133,228.2163,208.2647,278.6721,218.0873,239.4853,321.5417,196.5435,154.7239
2022-04-08,349.8026,231.2557,170.102,165.4537,299.557,246.8793,243.8336,206.1673,227.2749,208.1681,276.2385,218.2063,241.3757,320.0341,197.2698,154.7098
2022-04-11,355.131,234.0267,170.413,165.5173,300.2932,247.6566,245.5637,206.809,226.5746,208.7227,276.717,222.2473,245.0411,327.65,197.8056,154.8418
2022-04-12,357.2526,236.059,170.7907,165.3832,301.7781,246.1292,244.6779,206.6401,226.9552,207.7124,281.046,219.5225,246.1619,330.9012,198.3035,154.8086
2022-04-13,352.3003,234.3884,170.3056,164.8038,300.372,245.9153,244.7434,206.866,224.922,207.3769,279.8072,219.9481,242.7086,330.6785,197.3765,154.8696
2022-04-14,345.9839,230.5846,171.0455,165.612,299.3308,246.7595,245.276,207.88,226.5079,208.0532,280.6268,217.6058,243.2626,319.921,197.037,154.8339
2022-04-15,349.5943,235.7512,171.3918,165.7205,301.6439,247.6107,246.1189,208.6913,228.6419,208.8916,283.7439,217.8821,244.8057,326.6875,197.2144,154.8994
2022-04-18,354.1086,238.3325,172.0032,165.8438,303.2284,248.9834,246.5128,209.3698,230.3306,209.6512,284.6444,218.8153,245.992,329.65,197.2814,154.9454
2022-04-19,358.7436,239.6107,171.9943,166.1327,305.3301,251.0686,247.8703,209.9045,231.4822,210.4366,282.8267,218.9904,248.3124,330.1839,197.0218,154.9351
2022-04-20,368.0496,241.5937,171.64,166.0855,305.5694,252.4311,248.9988,209.7295,233.8353,210.5403,284.5133,216.3704,246.4548,334.5979,198.3582,155.0582
2022-04-21,362.7922,237.9468,172.1891,165.4401,300.6179,249.8339,246.9558,210.5504,231.688,210.879,281.8515,215.8254,247.679,329.3783,200.056,155.0545
2022-04-22,365.1882,239.2217,172.7668,165.7368,301.3058,249.4757,246.7158,209.8401,231.7706,212.0792,283.3887,218.3489,246.7259,336.9054,200.8123,155.0641
2022-04-25,359.7563,235.2586,172.5639,166.3955,301.1282,250.6663,247.9453,209.73,231.5491,211.6506,283.545,219.3069,243.7286,329.1856,200.0161,155.0769
2022-04-26,354.8202,232.7399,173.2182,167.2253,302.6129,250.4414,247.5396,210.505,230.9384,212.2592,282.2094,220.9065,242.4845,329.8443,199.1218,155.1411
2022-04-27,356.3215,232.9155,173.8016,167.1971,302.2172,250.0104,246.877,210.7438,232.8061,212.5903,284.7159,222.7666,240.5836,326.3559,199.8958,155.3033
2022-04-28,360.3545,233.1672,174.1476,166.8506,303.0748,250.9316,246.7153,212.4104,232.9862,212.0929,285.8122,221.426,240.1069,328.6609,200.4012,155.2688
2022-04-29,363.9711,232.8652,174.2766,166.4043,299.3515,250.1336,246.0438,212.0234,231.917,211.0188,287.3586,223.1253,242.4923,333.8486,200.5787,155.2713
2022-05-02,371.6944,238.6856,174.6644,167.1629,307.2048,252.7118,246.9558,213.3558,234.1857,211.7648,289.1706,225.17,243.3604,337.5106,202.809,155.3178
2022-05-03,371.1875,237.4317,173.9405,167.3358,309.0426,254.6949,247.8505,212.1261,233.1223,211.6727,287.4168,223.3375,240.9971,336.4629,202.299,155.3451
2022-05-04,372.634,241.0199,174.1539,167.5554,310.5498,255.1632,247.9413,213.036,234.9087,211.8353,290.7424,221.6725,244.4254,340.0951,202.6265,155.4161
2022-05-05,378.0855,241.1357,173.4511,167.3839,311.0635,256.2819,249.7921,212.9395,235.2926,212.5597,288.3053,220.6333,243.0495,340.654,203.5111,155.4136
2022-05-06,375.0619,242.6498,173.8986,168.2556,312.9851,256.304,250.556,213.8697,236.5531,213.1595,290.07,221.4512,241.7354,340.7388,204.963,155.3677
2022-05-09,374.8115,242.4859,173.779,167.8837,308.9754,255.5964,251.7756,213.6461,235.9468,212.7584,290.0886,222.7101,240.5976,343.6929,204.4257,155.4703
2022-05-10,365.999,239.931,173.3777,167.4416,305.9201,253.6377,250.4953,211.8128,234.6456,212.1537,288.2218,223.6439,239.2141,335.4778,202.3698,155.5441
2022-05-11,362.5713,238.979,174.2122,168.6264,307.024,254.3663,251.172,212.7585,235.2916,212.4261,289.2909,225.4995,238.2581,337.1474,202.1764,155.5745
2022-05-12,363.6734,241.4074,173.9092,169.153,306.3395,253.688,251.5768,211.2771,236.8948,211.3271,289.9544,223.6297,241.1329,339.7577,201.0894,155.5024
2022-05-13,369.4557,243.2832,173.1208,168.3082,305.3926,251.9587,251.4195,211.067,237.5584,210.4499,289.4734,226.3003,240.0381,339.7814,201.4137,155.4971
2022-05-16,367.7536,241.4595,173.9117,168.968,303.8769,251.1879,251.0113,210.4623,237.9434,210.0463,291.0143,223.0482,239.4117,341.2411,201.3802,155.5054
2022-05-17,370.4875,242.0468,173.2918,168.6977,305.3185,252.3125,252.0186,209.6442,237.7074,210.4892,288.7505,220.9789,238.5956,340.7396,201.3994,155.4709
2022-05-18,364.4038,238.9237,173.0324,168.379,301.9121,250.2694,250.916,208.7235,234.7577,209.9366,287.1747,219.2881,241.185,338.473,201.1187,155.5724
2022-05-19,364.8146,238.2271,173.5094,168.3535,300.5009,250.8645,249.7864,209.1639,235.3768,209.2534,287.9609,218.8115,241.3178,336.123,201.4981,155.5741
2022-05-20,360.4598,236.2642,174.0155,169.2767,298.2852,251.7427,250.833,208.905,233.3217,208.3288,286.9449,219.3873,242.3386,339.0688,201.4446,155.5524
2022-05-23,352.6088,235.1052,174.0174,169.4651,299.8338,252.0373,251.6814,208.8431,233.3729,208.228,286.1524,218.5876,242.4745,324.5867,200.7275,155.5426
2022-05-24,350.254,235.5157,173.3689,168.4759,297.4247,250.2792,250.6167,207.7252,233.4549,208.4354,287.5794,219.873,238.0117,320.6594,201.7221,155.6027
2022-05-25,354.94,235.578,172.4587,168.4559,299.9782,250.8416,250.8524,207.3506,234.8355,208.5276,283.5854,215.5915,235.6777,323.8624,200.1449,155.5404
2022-05-26,347.1394,233.2004,172.5159,168.1864,297.6429,250.6917,249.8978,206.6492,233.0014,208.6451,281.5768,213.2807,234.226,320.0124,199.6095,155.6058
2022-05-27,344.3902,230.7197,172.5128,168.3519,297.6686,250.5798,249.9618,206.8891,234.5255,209.1686,281.5154,209.8539,233.5266,314.985,197.9134,155.6156
2022-05-30,345.5822,233.3994,172.4882,168.0323,297.8081,251.1197,249.8393,206.7683,234.4719,209.1272,282.8951,207.0925,234.8368,318.8972,198.6726,155.6533
2022-05-31,345.4148,233.8716,172.8182,169.3172,298.218,253.0824,251.5218,206.5833,236.0198,210.2085,284.3384,210.8218,236.3884,321.4787,198.4514,155.6487
2022-06-01,342.3534,233.4821,173.9633,170.7334,296.033,254.2936,254.6591,207.6642,237.207,210.9925,286.7279,213.0543,237.1215,322.8902,199.1907,155.7056
2022-06-02,340.6547,237.2154,173.6797,170.0906,295.0386,253.2055,252.6185,205.7525,234.837,210.38,288.145,215.0039,236.1377,330.5822,200.5526,155.7119
2022-06-03,340.2064,239.5701,173.741,170.5335,296.3397,255.1382,254.8494,206.2162,235.6181,211.7506,290.4088,218.5358,235.0359,338.1574,199.433,155.6796
2022-06-06,337.2993,236.5459,173.9387,170.3615,293.0142,254.4338,254.9223,205.285,234.3596,212.0523,289.086,219.8245,231.4312,334.8735,200.1166,155.6248
2022-06-07,334.3739,235.9177,173.1804,169.7563,291.2351,253.4454,254.6603,204.5036,233.8782,212.0242,290.3583,224.1578,230.472,329.6878,199.5606,155.7096
2022-06-08,329.1961,234.8434,173.7462,170.7814,292.7556,255.6317,254.4548,204.5726,234.3943,212.5728,290.4247,223.5842,231.0347,326.7833,198.774,155.7275
2022-06-09,328.3338,232.9824,173.7596,171.0866,291.854,257.1647,254.3669,204.6141,234.4746,211.8675,291.8947,225.1208,229.8333,324.3541,198.5947,155.8189
2022-06-10,327.8066,229.2673,174.1123,171.1307,289.7839,256.2328,254.0233,205.7159,235.0322,212.195,292.5959,223.1054,228.6362,323.3039,198.5048,155.7974
2022-06-13,332.9713,230.4677,174.9248,171.3897,289.8502,256.0829,254.2072,206.4432,235.332,213.0035,294.6317,225.2549,232.0449,330.5257,199.664,155.7714
2022-06-14,334.2397,232.6442,175.4155,172.0605,292.7696,257.4608,256.5934,207.5029,236.6732,214.61,294.5356,225.5859,231.9997,333.8083,199.9397,155.7563
2022-06-15,339.8045,234.3023,176.2772,173.4009,295.5784,258.749,258.5692,208.9488,238.3598,214.6988,294.785,226.1258,234.5223,341.3384,200.1662,155.7897
2022-06-16,339.1154,233.38,176.4756,174.2083,297.3637,258.1806,258.4098,208.8505,237.2643,214.4756,292.1911,227.494,234.8723,344.7964,200.001,155.7516
2022-06-17,347.3874,235.8438,176.4553,174.7016,302.4028,259.3041,258.9596,209.1253,240.0977,214.9135,293.5343,226.201,234.5372,349.7504,199.7965,155.7472
2022-06-20,345.6263,232.3292,177.2055,175.2034,298.3241,258.1196,258.1504,208.2086,238.5103,214.0969,292.5807,227.8728,236.8163,349.2719,199.9396,155.7541
2022-06-21,348.7138,232.7373,176.7986,174.3224,298.2719,258.8049,258.4274,208.2801,239.1499,214.1798,293.3177,224.1222,234.3794,348.711,199.9631,155.7252
2022-06-22,354.9853,233.8679,177.0141,173.6992,296.7864,257.6951,257.7736,208.1414,238.6402,214.3285,294.8203,223.4345,237.3356,359.9764,199.5455,155.8321
2022-06-23,352.7516,232.6405,176.9268,174.0487,296.5711,256.7697,258.3545,207.9413,237.882,214.4765,293.2022,223.8244,235.3991,361.7287,199.5488,155.7435
2022-06-24,347.3677,230.5208,176.8569,173.7969,293.7114,257.3723,258.7609,207.6926,235.9154,213.7184,291.6567,224.9312,234.4889,357.5819,198.6816,155.7225
2022-06-27,345.0768,231.9169,176.2835,173.979,295.5791,258.5876,260.0036,207.3636,236.8141,214.0198,293.9214,225.8051,234.3025,350.6414,199.2776,155.763
2022-06-28,335.0396,225.59,176.5437,174.1226,292.0206,257.1046,258.8397,206.6682,235.2588,214.1774,293.7068,224.1042,232.4423,338.4533,199.3967,155.8718
2022-06-29,332.0003,225.5985,175.769,173.8508,294.9724,257.5905,259.9355,206.7454,235.4117,213.2397,293.2143,228.7064,231.1269,325.8701,197.5126,155.9447
2022-06-30,331.7367,224.0359,177.281,175.2618,293.6312,256.9333,260.9733,206.7922,234.783,213.1918,293.6392,229.7322,233.4047,331.6173,198.007,156.0474
2022-07-01,333.637,224.9674,176.3964,175.0708,293.1852,257.4592,261.1069,205.8108,236.5451,212.7923,294.8392,230.5363,230.9576,325.5624,199.4284,156.0345
2022-07-04,335.1349,224.0842,176.1596,175.3642,295.0058,257.0647,261.997,206.2701,237.809,212.8318,294.2704,227.199,232.507,326.0446,197.3696,156.035
2022-07-05,335.0481,223.6309,176.1607,174.8113,293.8374,255.2465,259.8481,205.7807,237.0694,212.3842,293.0073,224.6421,232.4363,327.0794,197.4577,156.1296
2022-07-06,334.1425,224.823,176.7706,175.9328,293.2754,257.5295,261.7088,205.9122,238.6981,212.6939,296.9906,224.2885,233.8392,328.8874,198.3446,156.2078
2022-07-07,327.5442,223.6585,175.7707,175.56,292.213,257.4594,261.9603,204.3696,237.244,212.7178,293.7493,222.6591,229.3405,321.5086,198.8114,156.1282
2022-07-08,333.2135,227.5741,176.4005,175.8927,294.3699,259.1118,263.0485,205.2235,239.6967,213.485,296.7163,224.3167,229.0462,327.7139,199.6877,156.1702
2022-07-11,331.1117,228.1556,177.1266,177.1022,296.197,259.0571,264.6454,205.3749,241.1378,215.0547,298.7056,225.7154,233.6626,324.9718,199.9956,156.1327
2022-07-12,330.2592,230.0409,176.4355,176.2446,293.8495,259.3549,264.8515,205.0138,241.8125,214.7462,298.7365,227.5844,232.9454,319.4338,200.2927,156.0318
2022-07-13,331.1102,231.2817,176.4757,176.6952,293.7212,258.4435,264.8218,204.7859,243.9362,215.2947,301.5044,229.6477,236.2152,318.0331,200.6611,156.045
2022-07-14,339.1881,233.9422,176.2551,176.1868,293.8247,258.0193,264.3354,204.7452,244.9625,215.0937,302.281,226.2302,237.7151,325.5334,201.5835,156.1127
2022-07-15,342.0278,234.7554,175.7759,175.9319,292.7381,259.0644,264.7435,204.6974,244.7034,214.9542,302.2217,226.8989,238.0565,328.6312,202.3147,156.151
2022-07-18,337.2246,232.6985,175.7082,176.1688,292.7918,258.7723,264.7555,204.2792,244.8913,215.1193,301.1948,226.3913,235.0955,321.1502,202.3901,156.1245
2022-07-19,343.7537,237.3817,175.5312,176.2477,298.8624,262.2573,266.5218,206.1038,246.1601,215.728,301.4053,225.4681,236.0204,324.3585,203.8578,156.0197
2022-07-20,340.732,236.5624,175.5827,177.155,301.9215,263.4582,267.6018,206.3624,247.614,216.7671,300.2267,223.5834,235.1259,319.3619,203.6001,155.9548
2022-07-21,340.3557,234.2014,176.6938,177.7814,301.3898,261.0789,265.3095,205.893,248.8235,216.6871,300.7856,224.6472,235.088,315.9378,203.9414,155.8894
2022-07-22,344.097,236.9998,175.7755,176.904,303.0162,260.8778,264.8799,204.288,246.563,216.8581,298.0311,224.0044,236.2647,318.8747,205.3846,155.8775
2022-07-25,349.1824,238.3638,176.6249,178.0341,308.779,264.3749,267.5031,205.9518,248.155,219.5723,298.3236,227.4407,237.1467,323.2948,205.8904,155.9139
2022-07-26,354.907,239.984,176.2017,178.417,313.1439,267.4198,269.6056,206.0578,249.3509,220.5247,299.3057,225.9863,239.1404,322.8968,206.8046,155.8423
2022-07-27,355.6348,243.1305,177.012,178.3316,312.6548,266.3248,269.3762,206.6619,248.5517,219.9802,302.6612,227.7816,241.1747,328.5805,208.4085,155.8512
2022-07-28,355.5736,241.9062,176.9965,178.3534,313.5178,265.5017,269.8134,207.3945,249.1848,220.4005,303.0211,227.9204,241.2838,327.1207,207.4252,155.9619
2022-07-29,360.0063,242.7036,177.0792,178.5801,317.9213,266.4803,269.6634,208.015,250.1296,221.0483,304.8535,225.4971,243.5046,328.5654,208.0009,155.8793
2022-08-01,356.8415,240.3516,177.4716,178.9379,320.216,265.7257,269.8336,209.1146,249.4343,221.9827,302.6864,225.5269,242.4171,326.1562,207.79,155.7412
2022-08-02,362.7565,241.8131,177.7021,179.6918,324.6128,268.3457,273.0284,209.8276,250.8826,223.5342,304.9476,222.3558,243.7694,331.2132,208.5024,155.8245
2022-08-03,363.1912,241.3836,178.1727,180.0952,326.3463,267.8505,271.3895,209.7075,250.2403,223.3911,308.3611,222.7742,244.0896,334.0457,209.9313,155.9089
2022-08-04,357.9504,239.7988,177.9343,179.8903,326.8038,268.5625,271.9588,210.4278,249.9772,223.6904,309.1871,224.5222,241.3965,325.3222,210.0863,155.8913
2022-08-05,351.9271,239.2158,178.2181,180.8386,327.9334,269.1972,273.5426,210.8067,250.0307,224.0532,307.1516,222.8624,238.7266,324.8692,209.4722,156.0244
2022-08-08,351.5461,241.7348,178.2398,180.7832,329.0314,270.1136,274.0851,210.483,250.9096,224.5815,307.253,224.4617,239.1262,319.552,210.7142,155.9686
2022-08-09,357.6,245.9641,178.0617,180.7923,332.0945,272.0372,275.7381,212.0859,253.4934,226.2576,307.4894,223.5487,242.2847,320.8882,212.3771,156.0316
2022-08-10,354.154,247.7117,177.8416,179.9134,331.3665,271.1136,274.5468,211.8887,251.0749,225.9824,303.5804,225.7913,244.6014,317.7219,212.5173,156.0692
2022-08-11,352.1595,247.014,177.7743,179.7621,329.4736,270.8864,274.2958,212.1611,253.484,226.1494,302.9665,226.8357,242.6996,309.9368,211.9012,155.9501
2022-08-12,358.8694,250.0261,178.1615,179.9356,331.4557,271.8106,275.7269,213.7424,254.7615,225.9971,305.5572,225.41,245.3543,314.4386,213.5554,155.9361
2022-08-15,350.0069,246.501,178.3212,179.9731,327.3767,271.5322,275.2902,213.2999,252.8713,225.8629,305.119,225.204,244.0954,310.318,213.1103,155.9533
2022-08-16,354.0635,248.1463,178.3041,180.3374,328.3159,271.714,276.2752,213.9943,253.2791,226.6503,302.723,227.103,247.4378,312.5052,214.419,156.0121
2022-08-17,349.7235,247.4823,178.2445,180.4523,329.4541,273.9493,276.9063,214.7432,252.4987,226.3326,301.0507,225.2192,247.3514,311.2129,212.4754,156.0459
2022-08-18,347.015,245.4463,178.8973,181.3275,326.8434,273.1961,277.7456,214.1275,252.8208,226.5971,300.5378,221.2795,250.2032,309.909,212.812,156.0101
2022-08-19,342.6547,244.3927,178.8108,181.519,328.3239,275.2851,278.5595,214.0551,252.5529,226.8297,298.9184,222.2603,246.8583,302.801,212.5809,156.084
2022-08-22,340.5974,246.2521,177.6665,180.9546,327.4997,274.8196,278.5903,212.8624,251.752,225.3753,296.1014,221.3109,247.8193,300.6127,211.2958,156.0653
2022-08-23,336.1774,241.432,177.687,181.2589,327.7681,274.6489,276.8354,213.2943,252.4357,225.1404,292.9542,218.1319,246.3923,287.4659,211.9615,156.0897
2022-08-24,342.4424,245.7362,177.1544,181.2444,333.1924,277.2909,277.274,213.1436,253.2617,226.0706,290.8058,218.2717,246.594,290.173,213.4301,156.1368
2022-08-25,346.9778,250.4335,177.2782,181.7391,335.946,282.0527,280.6158,214.0197,254.8009,226.3037,292.2511,219.114,248.0943,295.1482,213.1255,156.2414
2022-08-26,357.3133,256.4618,176.5689,181.6315,341.2786,281.8386,281.1637,213.1153,256.8569,227.2898,291.2947,221.8819,252.7787,297.5876,214.042,156.2517
2022-08-29,351.6759,256.8808,177.0677,181.7204,342.1902,281.4687,279.3774,212.6111,257.7202,227.8272,291.1752,219.9126,251.6711,291.9002,214.2306,156.1641
2022-08-30,352.8184,255.1223,177.2171,181.7285,339.7611,280.6734,279.417,212.2976,256.1306,228.4438,288.9734,218.0254,254.0389,298.8341,213.4662,156.1377
2022-08-31,350.1254,254.1,177.5121,181.7754,340.757,281.9261,278.7691,212.9576,256.419,228.1779,292.0807,220.5072,252.6038,296.1132,212.4382,156.0973
2022-09-01,355.704,254.5355,176.9053,181.4822,343.4739,283.9248,280.7033,213.6943,258.3268,228.2498,290.3649,221.0975,248.4617,293.6369,211.7013,156.1956
2022-09-02,350.9378,251.8989,177.3417,182.1567,342.7842,284.0536,281.84,214.6529,258.7787,229.1551,288.776,219.2528,246.9716,292.5962,210.7664,156.1695
2022-09-05,358.3323,256.1746,177.1552,181.8712,344.7634,285.9732,284.0204,216.1055,260.3754,230.4283,288.6254,220.0977,253.8874,296.7403,210.0886,156.1797
2022-09-06,353.8423,254.2167,177.169,181.3166,341.6099,281.2295,280.4902,214.1979,259.3503,229.7633,288.837,217.5215,252.4548,294.6072,210.2533,156.2112
2022-09-07,356.1795,254.2739,176.8213,181.5727,341.7153,282.407,281.8093,214.1428,260.6662,229.5572,290.667,216.3168,253.9681,292.5094,210.7412,156.207
2022-09-08,348.6901,251.5676,177.4092,182.117,340.0677,281.6651,280.426,214.1181,258.9204,229.847,288.2782,213.9046,257.0292,288.8381,211.2821,156.2995
2022-09-09,355.6416,254.7918,176.3881,181.2472,340.9004,281.8877,281.618,213.8629,260.688,229.3587,290.0585,212.5977,257.1498,293.0683,209.567,156.3044
2022-09-12,348.5739,251.9027,176.9418,181.9847,342.6238,281.4015,281.5012,213.7469,259.6354,229.0493,288.8001,213.9706,254.9868,286.5511,208.9285,156.3928
2022-09-13,340.8619,245.2959,176.9956,181.8247,338.1608,279.3365,279.5201,212.9455,257.5349,227.7508,287.1538,214.2328,250.4834,281.3922,207.0184,156.4408
2022-09-14,340.2504,247.3346,176.5719,181.8585,335.2492,277.8104,280.083,211.3558,256.7825,227.3702,286.3222,216.2669,249.5186,284.4266,208.4673,156.3056
2022-09-15,345.1018,249.9818,176.5706,181.2879,334.5268,276.1749,278.1151,210.2523,256.5977,227.2201,287.9085,216.7804,249.9578,291.3727,209.5586,156.362
2022-09-16,343.3146,248.5791,176.1138,181.0575,334.868,274.26,277.1842,209.6945,256.5721,227.4738,287.5041,216.8198,247.8426,290.0816,208.7488,156.3721
2022-09-19,345.04,250.5049,176.5266,181.0963,334.4766,274.2856,276.6337,209.811,254.5544,227.3988,285.9745,215.173,252.7751,297.7796,209.5876,156.4625
2022-09-20,340.0089,248.537,176.5178,181.4407,333.2991,274.8527,276.6739,210.3421,255.1863,227.1573,287.1681,211.9697,253.4728,293.1771,209.4115,156.3685
2022-09-21,339.018,249.5264,177.2597,181.3506,334.7567,274.297,274.8295,212.09,254.4031,227.0722,286.9184,214.1533,257.3886,294.4235,209.2794,156.335
2022-09-22,344.7644,250.2342,177.9002,182.2335,338.2922,276.7154,277.0752,213.9796,257.4655,228.249,288.0156,216.6881,258.0125,295.4189,208.9502,156.369
2022-09-23,346.6955,250.9528,176.3835,181.8234,339.6285,278.4995,278.8843,213.66,259.503,228.0049,286.8162,218.145,254.0547,289.0119,208.2032,156.2458
2022-09-26,346.8762,253.8201,176.8532,181.6088,338.3589,277.3193,277.1829,213.7626,258.962,227.1586,287.9695,218.1658,258.0872,290.6861,209.9203,156.2206
2022-09-27,344.1232,251.6078,177.4366,182.2118,339.4922,278.78,277.0069,214.0027,257.7123,226.8057,286.1434,218.1824,259.1669,289.5646,208.692,156.2143
2022-09-28,346.056,252.8055,179.2088,182.8979,340.6269,277.7459,275.5247,215.0221,257.8018,227.5527,291.6907,216.6759,261.7002,300.4323,210.1493,156.2325
2022-09-29,340.4705,251.9434,180.4736,184.2452,345.4892,280.348,275.7726,216.1601,259.3439,229.1828,293.7987,216.5449,260.1455,298.365,209.1377,156.2617
2022-09-30,331.7911,246.9852,180.3092,184.247,343.4481,280.5418,274.6125,216.1255,259.5313,229.8072,292.3569,211.3841,260.3998,289.9199,206.9356,156.1965
2022-10-03,332.7593,248.4756,179.5944,184.1136,344.9379,279.3317,274.5016,215.5404,260.1777,229.5539,293.3354,212.465,260.686,290.2154,206.5417,156.1093
2022-10-04,333.01,246.5594,179.2087,184.2053,344.4738,280.5068,274.9748,215.3239,260.1117,229.3051,292.3193,212.6621,260.159,288.0091,205.9246,156.0607
2022-10-05,341.0936,246.8646,179.0959,184.144,346.3324,280.8583,273.6516,215.1273,262.6499,229.685,291.0462,213.0086,260.3357,286.9169,206.5489,156.0946
2022-10-06,342.4458,249.5057,179.3576,185.0885,350.4696,282.3619,275.4907,215.2243,263.3777,231.2957,291.2487,216.2296,263.5582,290.2016,206.4556,156.0977
2022-10-07,339.0267,248.8747,179.6802,185.3234,351.6342,281.8001,276.1233,215.3161,262.5635,231.4884,290.6692,213.8307,264.9568,287.0851,206.5897,156.1676
2022-10-10,338.3517,249.9628,179.7026,185.306,353.1219,283.1737,277.7944,215.4969,263.3929,232.3649,293.3345,212.7599,263.9652,286.4015,206.5662,156.1126
2022-10-11,334.7598,249.8729,180.0529,186.0229,352.4364,284.0297,278.7197,215.2744,262.6064,231.679,291.2385,212.9193,263.8781,284.9656,206.8621,156.0466
2022-10-12,340.2414,253.6872,178.5662,184.6302,352.3676,282.5724,277.5467,213.9455,264.228,231.5974,293.326,213.7466,263.3417,287.3385,206.4209,155.987
2022-10-13,335.3471,252.79,178.1203,183.6047,348.7382,280.0093,275.9978,213.9049,263.4184,230.9764,293.7816,213.7242,259.5203,285.9575,205.7495,155.9503
2022-10-14,332.0031,250.6717,178.2538,183.734,346.3185,280.197,276.5757,212.8845,261.4413,231.0829,292.4604,214.4572,260.4415,285.483,204.9166,156.0262
2022-10-17,337.5661,253.126,177.9474,183.8045,349.1337,283.3928,277.7954,213.2679,262.9007,231.6774,291.5005,215.0689,262.3849,286.0081,205.1344,155.9653
2022-10-18,336.4925,253.006,178.4412,185.5934,355.1808,286.468,281.1596,214.5065,263.4065,232.4757,290.3264,210.6634,264.2983,286.4868,205.5361,155.9423
2022-10-19,341.7514,256.6076,178.1899,185.6954,359.3252,286.8348,282.127,214.3117,263.6488,232.8307,288.2748,209.994,261.6019,295.6777,205.611,155.9016
2022-10-20,341.5945,254.2773,178.3771,185.4783,359.1398,287.2137,281.8295,214.4554,263.5381,233.6304,289.4217,210.8967,256.4942,294.8018,206.1339,155.9543
2022-10-21,342.8476,256.4083,177.1554,184.149,358.7617,287.1141,281.9345,214.5046,262.4777,232.893,287.9229,211.9778,255.779,294.7599,205.3972,156.0535
2022-10-24,331.3047,251.5944,176.5885,183.0469,354.6889,285.7835,280.8692,214.0839,258.1311,231.7286,286.0197,210.4764,251.3829,284.6571,205.3424,156.1208
2022-10-25,326.4578,248.7499,176.358,182.7286,352.9694,285.9305,280.5959,212.3065,255.9525,230.7926,285.0194,206.355,246.5925,282.0337,204.7448,156.1421
2022-10-26,328.0395,250.3731,176.9635,183.768,354.9193,287.9113,283.5346,212.3982,257.584,231.0045,287.2025,209.4866,243.4381,284.4093,204.9376,156.1522
2022-10-27,328.083,250.1965,175.7488,181.9156,355.9716,287.9805,281.9191,211.6564,254.5907,230.3309,285.6002,205.9119,239.9692,285.6205,203.8222,156.2073
2022-10-28,326.9838,249.3342,175.052,180.7076,353.533,284.2797,279.4206,210.1919,251.6413,228.2416,284.3469,205.287,236.7209,288.5908,202.9666,156.2261
2022-10-31,321.5226,248.3869,174.3278,180.4537,353.4254,284.899,279.828,209.9229,251.9886,229.3071,281.984,204.3706,233.1938,283.4724,202.0249,156.2864
2022-11-01,323.908,248.6327,174.7742,181.6153,357.1142,287.8939,282.8112,210.5796,254.3577,230.0055,286.0595,202.9441,232.7596,283.5584,202.5084,156.2941
2022-11-02,325.8131,249.7074,175.5477,182.4757,357.0281,291.3262,283.6356,212.1109,254.3298,230.864,285.4748,203.682,235.3184,291.3885,203.2636,156.4297
2022-11-03,321.0092,249.3213,175.3164,181.7686,354.2583,290.9227,284.6912,212.6593,250.9411,229.8572,282.6879,205.012,234.3128,291.6032,202.6105,156.4549
2022-11-04,320.101,249.4671,174.961,180.818,353.9143,288.0897,282.8015,211.8263,249.9405,230.0739,282.1268,203.2947,236.0097,291.3665,201.7759,156.3943
2022-11-07,306.5761,242.0977,175.3788,181.1544,351.2512,286.9059,280.3616,211.5435,246.0457,229.7255,278.8984,202.6667,233.1154,281.9695,201.599,156.3116
2022-11-08,302.1236,241.6874,176.5445,181.9873,352.2723,287.1997,281.3508,212.3788,244.7277,229.903,279.2074,200.0091,235.4806,283.0713,201.7085,156.4319
2022-11-09,304.6062,244.6675,176.6136,181.8155,355.7905,288.8505,283.1428,212.917,244.1363,229.7607,278.8996,200.8769,234.9161,287.1158,201.2182,156.5094
2022-11-10,295.5736,239.2773,176.4293,182.0252,355.074,287.7716,281.4026,212.4371,242.0397,228.7115,276.5999,200.0291,231.8258,279.6631,199.5666,156.3959
2022-11-11,293.7073,235.9674,175.7145,181.654,353.6153,286.618,280.7268,211.1206,240.2894,226.8579,275.655,198.628,228.1314,278.1093,198.0427,156.4015
2022-11-14,296.7535,237.6151,176.632,182.1159,354.3622,287.4422,282.1247,212.7452,241.294,226.9938,276.4499,199.1545,229.7781,283.8057,197.606,156.371
2022-11-15,294.2742,237.4612,175.9949,182.1156,353.2608,286.6082,282.1338,211.9695,240.6917,227.1542,277.8799,200.0752,230.4717,284.0104,197.4769,156.5124
2022-11-16,295.3471,238.0077,175.3349,182.6363,353.2708,287.8984,285.0325,211.5925,241.2406,227.8363,277.4309,198.6527,232.0211,284.6986,198.0777,156.4603
2022-11-17,294.1587,238.652,176.052,184.0718,353.7056,289.0578,287.1435,212.5965,242.1539,228.0066,275.5429,199.1935,234.7319,286.9208,197.5394,156.5691
2022-11-18,291.7145,237.3487,176.6365,184.1205,349.8252,287.6525,285.6548,212.4139,240.8658,227.4018,275.2567,195.6258,237.641,292.878,196.2546,156.5613
2022-11-21,290.1945,236.2118,176.0509,184.3615,353.9106,288.0428,286.1425,212.4285,240.4177,227.1657,272.8735,195.6214,238.0889,288.8981,194.4683,156.5623
2022-11-22,288.8047,236.3998,176.5784,184.8553,354.6289,286.6788,284.2391,212.4648,240.4379,227.2648,272.5188,195.2105,240.0719,290.2152,194.8628,156.6422
2022-11-23,284.3494,233.2275,177.0528,185.6562,352.3883,286.825,284.3736,213.0325,240.6786,227.5518,270.4098,193.4778,240.8085,286.1694,194.5114,156.6146
2022-11-24,282.8137,230.2583,176.749,185.3178,352.4466,287.5091,284.8757,213.0647,240.6466,227.9062,270.1502,191.7188,237.3589,279.4666,194.7013,156.4819
2022-11-25,278.6207,229.2868,176.9743,185.0986,353.8921,287.6597,283.7083,213.5166,239.2002,227.6096,270.0392,190.8248,237.4129,274.2993,194.9246,156.5605
2022-11-28,283.595,231.4131,177.2293,184.956,351.7666,288.1007,284.3355,213.8715,241.2147,227.6489,272.9757,191.5286,236.5263,279.4198,195.8665,156.4395
2022-11-29,277.1775,227.5636,177.0774,184.6384,348.5664,284.3033,281.4336,212.3944,239.5251,226.6598,271.3623,191.9062,234.8647,272.479,195.1891,156.3492
2022-11-30,269.5479,224.1454,177.2194,184.9011,346.5005,282.1704,281.4872,212.1754,236.949,227.23,268.6901,188.7369,232.1138,271.4191,195.4565,156.3874
2022-12-01,269.4522,224.7235,176.9591,184.5197,347.0493,282.5291,281.4569,211.5449,235.6338,227.3629,270.548,189.817,233.8343,273.3631,194.9363,156.4413
2022-12-02,266.9697,223.247,177.3335,185.1414,350.077,283.9492,281.192,211.8868,235.2775,227.9765,268.8065,185.0462,234.0361,271.6713,195.068,156.4115
2022-12-05,271.8473,225.116,176.5723,185.3281,353.5741,286.406,281.6471,210.584,237.6618,228.4698,268.7464,182.8831,233.7634,269.7809,195.961,156.4367
2022-12-06,273.5801,224.1742,176.6634,184.8878,354.2032,286.7029,281.2196,211.5627,237.7726,229.2765,268.8517,180.4185,232.8641,272.5374,195.6618,156.5172
2022-12-07,269.3186,221.6611,176.2606,184.4508,350.4823,285.5706,281.1631,210.9315,236.2856,229.2425,268.7603,180.3958,232.2023,266.0388,196.6093,156.4679
2022-12-08,272.4493,221.4552,176.2136,184.2947,350.6077,284.7226,279.7371,211.118,236.4839,228.44,269.0923,180.0901,231.2029,270.7162,196.3618,156.5004
2022-12-09,268.9652,217.0357,176.3315,184.5389,352.0823,284.4756,277.9868,211.5207,236.0909,228.4751,269.5595,177.8015,228.5482,265.5219,196.0676,156.5701
2022-12-12,267.0194,215.5041,176.7267,184.6121,348.5266,284.9243,277.9252,211.2784,236.5064,227.8335,271.4207,178.858,225.3942,267.9878,193.8566,156.5633
2022-12-13,262.9962,212.6856,177.3134,185.0801,348.4444,283.8072,275.6985,211.6657,235.2976,228.0064,267.3194,179.2976,227.4951,262.104,194.2805,156.5025
2022-12-14,266.1622,216.6693,176.7649,184.4098,351.1352,284.5441,275.3246,212.3199,237.7455,228.2814,267.5009,179.4577,227.3019,265.093,192.7474,156.4897
2022-12-15,270.1347,216.5112,176.7586,183.8646,351.1788,285.4044,275.1167,212.878,238.1292,228.515,267.4137,178.8066,225.8208,268.0902,192.6279,156.533
2022-12-16,269.0324,215.3558,176.4771,183.3756,351.1912,285.5666,273.667,212.4088,237.3389,228.6675,266.4936,177.3631,224.2516,269.0147,191.4717,156.6432
2022-12-19,270.3795,214.3759,176.2287,182.5677,351.9527,283.8601,271.9066,212.4288,235.2428,228.7422,265.0609,174.0067,224.3916,275.3282,190.8945,156.5552
2022-12-20,270.5875,215.228,176.6021,183.5917,351.7396,284.2839,273.0278,212.2312,236.5066,228.3421,265.569,173.6892,225.877,276.1041,191.3536,156.5124
2022-12-21,264.3471,210.2361,176.9942,184.2429,349.5556,284.6627,272.8049,212.4664,234.3726,228.3681,263.8705,173.884,223.3668,273.7299,190.6782,156.5564
2022-12-22,264.2083,208.5241,177.5274,184.0385,349.4693,283.7503,270.9011,212.6799,233.771,228.7294,264.6106,175.2581,222.5062,277.5394,189.1463,156.6234
2022-12-23,262.2728,208.5143,177.9182,183.9136,345.9738,282.5258,271.1181,212.3567,234.3316,229.3694,265.4696,176.8488,221.9304,276.8236,188.8325,156.6808
2022-12-26,256.3887,208.1811,178.3071,183.6872,343.8742,279.793,268.2788,211.3353,232.7976,228.5141,266.1253,177.2334,221.2864,278.085,187.3804,156.6511
2022-12-27,257.8742,211.4811,176.729,182.6142,344.6569,281.5407,270.4058,211.0274,234.1437,229.2014,267.3983,174.0837,220.8327,279.2624,186.5744,156.5835
2022-12-28,258.3015,211.9863,175.5909,181.9543,345.1737,282.9745,270.1694,209.0187,234.0718,228.7035,266.4861,177.0384,216.2719,274.5709,186.3031,156.7078
2022-12-29,259.6414,211.6565,174.8257,181.0585,343.2496,280.7247,269.2374,208.3307,235.0521,227.8696,267.6573,178.0741,214.8648,273.7249,184.6453,156.7049
2022-12-30,259.5472,211.1454,174.9069,180.8216,343.9984,280.5069,268.5614,208.8675,235.105,228.2562,268.031,178.7141,215.9633,271.338,184.5687,156.6506
2023-01-02,264.6606,212.2859,174.6701,180.5864,342.2957,279.2023,268.5888,207.553,235.443,228.117,266.9842,178.433,217.8258,274.2633,185.4223,156.7263
2023-01-03,260.3418,210.2329,175.8181,182.0058,342.4384,277.4813,268.3945,208.4379,235.9535,228.8981,269.328,179.4659,219.0228,277.154,184.3035,156.7313
2023-01-04,259.278,209.1497,175.0295,180.4948,338.8852,275.2562,267.2809,207.1228,232.3564,227.4341,266.511,179.4015,218.0401,276.8772,183.7994,156.7401
2023-01-05,253.0275,205.4638,175.1116,180.4813,334.4484,275.0718,266.9538,206.7749,228.8007,226.5262,264.5599,179.428,217.4463,276.4436,182.9622,156.7229
2023-01-06,252.6835,206.4885,175.7636,180.8971,335.5002,275.6283,268.6625,207.5643,228.6921,227.2929,265.0987,181.5934,216.6844,276.8242,184.2225,156.7519
2023-01-09,249.4777,204.0994,176.5233,181.6753,335.7942,275.4538,269.1085,207.5575,228.4215,227.9254,264.2547,181.5441,214.9353,273.8401,184.1381,156.7536
2023-01-10,249.5703,203.9487,176.7453,181.7859,335.9281,274.9312,268.1442,207.3922,229.1834,228.583,266.9842,182.0096,213.2229,277.2477,184.1636,156.7396
2023-01-11,248.8483,202.4206,176.2997,180.513,333.3905,273.3471,265.7749,207.0863,228.1196,227.9124,267.6019,179.6861,212.5403,273.2287,184.7789,156.7122
2023-01-12,248.8748,202.0271,176.6792,180.4147,330.7738,270.5346,265.2177,206.8618,226.6311,227.9489,267.6851,179.0051,212.7953,279.2615,185.782,156.7737
2023-01-13,251.2925,200.6366,176.6122,179.9299,329.839,270.0989,263.9747,206.7584,226.6582,227.1953,266.5921,178.2463,212.6924,277.1341,185.8014,156.7716
2023-01-16,249.5377,199.5877,175.9801,179.1294,327.1074,267.8445,262.092,205.4833,226.9474,226.5539,265.8121,177.2779,207.6416,274.6648,185.3018,156.901
2023-01-17,247.1075,197.4344,176.0693,179.048,326.3673,267.3606,261.3994,205.4909,225.7077,227.0816,264.0378,175.4279,209.3823,271.5543,185.1678,156.9494
2023-01-18,245.1925,197.8632,176.4554,178.897,326.0749,266.0309,258.6534,204.1789,225.8305,227.1543,266.9884,173.7854,210.061,271.8053,185.2192,156.9771
2023-01-19,245.0673,197.3274,175.5119,177.2561,323.3095,262.4124,255.096,201.9663,223.1022,224.9268,266.6786,172.5711,207.6763,273.7222,184.8975,156.9311
2023-01-20,245.6473,195.801,175.7665,178.2158,321.0176,262.8998,256.9091,202.1237,224.9573,224.6492,267.9799,173.8865,206.1221,272.2557,185.123,156.9844
2023-01-23,245.1077,194.4855,175.3547,177.5678,317.6857,260.7981,254.5579,200.49,223.4346,223.9101,267.7657,176.1341,205.64,271.6451,185.4138,156.8874
2023-01-24,249.7984,197.2509,174.946,177.8968,319.7058,261.9453,256.0007,201.1032,225.9158,223.6542,267.6845,176.9844,208.1332,271.3633,185.8932,156.864
2023-01-25,250.7688,197.3928,175.3822,177.8854,320.1763,262.4149,255.5642,202.0434,227.1959,224.5496,268.2704,178.2823,208.1014,269.0389,186.7446,156.8141
2023-01-26,256.1234,198.9575,175.1102,178.535,322.6201,264.6046,257.7837,203.0894,228.6068,224.9142,271.0436,180.2831,211.6164,273.5481,187.1223,156.8862
2023-01-27,253.6181,198.3701,174.5769,178.1651,322.8839,263.266,255.6251,202.3362,228.684,223.2861,272.0861,179.9782,211.7127,266.3747,186.6349,156.8568
2023-01-30,245.5696,196.9636,173.9347,177.2285,317.9899,262.3976,254.6225,201.1351,226.4274,222.091,270.1166,176.7519,209.2424,260.3992,185.9237,156.9206
2023-01-31,241.0061,194.2659,173.9631,176.3767,315.4889,261.6316,253.7572,201.032,223.7231,223.0583,267.448,174.8498,207.8716,256.811,186.0915,157.0218
2023-02-01,240.4184,193.1999,174.1508,175.7608,312.4093,262.5287,254.0768,201.7851,223.1187,221.983,268.1027,174.2995,206.8537,254.8426,185.6938,157.0991
2023-02-02,239.8585,191.4788,173.7409,175.3337,309.2582,259.7416,253.7982,201.0696,223.4636,221.6407,267.2606,174.5656,206.9958,249.8138,185.4048,157.0867
2023-02-03,237.9754,191.0909,174.0244,174.671,305.9058,258.3885,251.7997,200.7987,222.5482,220.807,267.8413,174.6459,206.8642,248.3022,185.8641,157.2042
2023-02-06,241.998,193.4832,172.791,173.9368,308.153,257.8269,251.9747,200.6025,223.1434,220.8298,267.2559,172.513,209.1022,251.3275,185.383,157.1419
2023-02-07,240.705,193.8923,173.7057,174.3957,309.9513,258.3863,251.8279,201.0216,221.8671,221.5231,264.9888,172.611,209.8799,255.2582,185.1074,157.0557
2023-02-08,239.2589,194.4535,173.0046,173.1891,307.14,256.2199,251.3326,200.5331,222.2519,221.4994,264.4956,168.8324,208.2367,254.0244,184.4966,157.0455
2023-02-09,238.4336,193.5308,172.871,173.5747,307.0924,257.5071,251.0613,199.9334,221.8148,220.6545,264.7704,165.0851,206.6833,255.6919,184.7342,157.0889
2023-02-10,237.0212,192.2752,173.0683,173.8896,307.2049,257.5546,251.6026,200.574,222.612,221.483,263.5547,164.9958,204.9335,253.3368,184.5631,157.0099
2023-02-13,240.338,191.4138,172.3799,173.4758,306.3179,256.3064,250.4601,199.4358,223.3017,220.1685,265.2967,163.9969,205.8056,252.2773,184.2318,156.9886
2023-02-14,244.2793,192.6275,172.1497,173.769,309.4612,258.3508,251.1321,199.0125,225.5873,220.5451,266.8092,162.9705,206.7418,252.2119,183.5719,157.0935
2023-02-15,241.9539,192.6835,172.4517,174.4004,313.4285,258.8277,251.6328,198.9793,225.346,219.9555,266.5246,160.4354,205.0232,250.1573,183.5195,157.0415
2023-02-16,239.1435,192.5472,172.2714,174.6395,313.604,259.185,251.1541,198.3621,225.3771,219.1952,266.6421,159.5676,204.1456,245.9769,183.8625,157.0264
2023-02-17,237.6239,193.2542,172.4624,174.9193,313.9693,260.5917,251.8949,199.2757,226.1609,219.2933,266.303,158.693,204.4677,242.9009,184.6141,157.126
2023-02-20,240.3367,194.805,172.6718,175.2771,316.8126,261.4702,252.061,199.6602,227.1299,219.6031,264.5989,159.539,206.8207,242.507,184.9168,157.1946
2023-02-21,237.1114,192.7543,173.3794,175.996,317.46,261.6706,252.3116,200.3435,226.5013,219.7632,262.3536,160.0517,206.4511,239.0241,184.7217,157.2771
2023-02-22,237.9116,192.8001,173.5307,176.8183,318.2114,262.3453,252.5929,200.6887,228.7885,220.1059,264.7012,161.2798,209.1826,240.4289,182.9398,157.2999
2023-02-23,235.4462,191.459,173.2649,177.3909,314.4513,261.487,252.4592,199.2185,227.5666,219.0319,265.2491,160.9846,209.7097,242.414,183.205,157.2532
2023-02-24,236.712,190.6028,172.5317,177.1372,318.188,263.0766,252.3897,199.4296,228.7139,219.7663,263.1724,161.7525,206.5224,238.7523,182.0429,157.215
2023-02-27,242.0122,195.0114,172.1619,176.0706,318.9068,262.1856,252.0176,199.3848,228.0262,219.0499,263.7042,164.0182,207.3658,244.8724,183.3051,157.2822
2023-02-28,240.5813,193.7042,172.5676,176.1415,317.7831,261.0582,251.6415,199.0868,227.654,219.7668,263.9782,164.562,206.1539,243.0784,184.2029,157.4373
2023-03-01,237.055,190.3539,173.1742,175.2634,313.2978,259.2851,249.6114,199.8446,225.4008,219.2758,264.1893,163.1944,205.9711,242.1795,183.5599,157.45
2023-03-02,233.0144,188.8352,173.0127,175.7832,313.1916,259.8155,251.073,199.4835,225.9712,219.6639,264.2841,160.1624,202.4975,238.1599,183.5406,157.5556
2023-03-03,232.8789,190.4838,172.8915,175.4678,313.731,258.4744,250.0916,199.0982,225.3329,219.1912,264.2564,160.048,204.4204,238.4236,184.0858,157.5897
2023-03-06,230.0135,189.6303,172.984,175.473,311.1158,256.5895,249.1458,197.6401,224.4104,218.5786,263.4695,158.2037,204.2951,236.8958,184.3139,157.7063
2023-03-07,228.9433,189.0411,173.0211,175.8676,313.1214,256.3222,249.6874,197.6615,223.5514,218.6432,261.3689,157.4199,204.2905,237.9577,183.4874,157.6505
2023-03-08,225.2004,185.9269,173.273,176.4708,312.2611,256.8283,249.9498,198.2605,221.4693,218.1346,259.1074,158.8516,203.905,235.5179,183.1332,157.6786
2023-03-09,221.5061,186.6193,172.9732,175.938,309.7655,255.9301,249.385,197.5545,220.276,216.8083,260.4238,157.5211,202.8744,235.1531,182.9159,157.6743
2023-03-10,219.5195,185.1482,172.9879,176.3145,310.5944,256.9103,249.5812,197.6919,221.0433,216.4933,260.8759,156.6593,200.1253,230.3902,182.9237,157.7737
2023-03-13,213.4802,182.3459,173.1286,176.5325,308.2555,257.4167,249.2304,197.7136,220.5982,217.1045,260.1192,153.3531,197.7694,225.0308,183.2668,157.7832
2023-03-14,209.936,179.5587,173.2384,176.1247,305.0263,255.4624,247.023,197.2847,218.4457,216.3314,258.0612,154.4148,196.6647,221.6948,183.115,157.8036
2023-03-15,210.5946,178.7111,173.766,176.3729,305.479,256.1909,246.7356,197.5339,218.3282,216.9095,257.5561,153.2624,195.2017,224.9022,182.9754,157.8655
2023-03-16,213.8065,181.3118,172.8038,176.527,308.3182,259.08,249.5829,197.9225,219.1907,216.8429,256.4281,157.465,193.4029,225.285,183.6106,157.8589
2023-03-17,209.8803,177.9288,172.7164,176.1326,304.4313,255.7532,247.7124,196.6973,216.7819,214.9544,256.2922,158.2716,190.608,221.8714,183.3611,157.8512
2023-03-20,214.8282,180.6956,172.9956,176.8612,306.0223,258.0398,250.6273,197.9142,219.3868,215.7468,258.1048,158.5078,193.6349,226.2958,183.816,157.8249
2023-03-21,213.0332,180.7152,172.8646,177.3103,306.3887,258.5614,249.8734,197.392,221.6268,215.1403,255.9338,157.0044,190.5809,221.2534,183.4085,157.8985
2023-03-22,215.2076,182.2102,172.7288,177.6826,306.3548,258.7731,251.5331,196.4766,221.2669,214.5033,255.2224,156.229,188.7677,224.3975,185.4726,157.8799
2023-03-23,212.0334,181.4266,173.7126,178.2049,305.6566,258.3881,250.646,197.1524,222.6754,215.5328,257.603,155.4648,187.848,221.9843,186.1186,157.9337
2023-03-24,206.6985,178.8472,173.5684,177.7042,302.1264,255.2651,247.9555,196.726,221.3512,214.1876,256.4712,154.7903,185.0016,217.5841,185.7141,157.9683
2023-03-27,212.6993,181.2676,174.0407,178.4877,303.1118,257.001,249.6007,197.3305,223.6212,215.4455,261.3722,156.1606,188.6232,223.3725,187.9727,158.1233
2023-03-28,208.8566,180.632,174.35,179.14,305.0375,257.5669,249.5238,197.7332,224.2887,216.4131,260.1176,157.3358,187.2443,218.7698,187.6864,158.0585
2023-03-29,204.4661,177.6411,174.409,179.5256,302.2317,257.7171,250.2194,197.7309,224.6745,216.9514,257.3527,157.8917,187.8779,210.7064,186.3276,158.1238
2023-03-30,206.9129,177.9217,173.7433,178.3297,300.1511,257.2517,247.8602,197.4189,222.9645,215.6041,256.0995,158.8462,189.7896,213.3727,185.9162,158.1967
2023-03-31,206.2604,176.181,173.4828,177.837,299.4841,256.7132,247.2702,197.1291,222.5323,216.5939,254.5252,161.5737,188.5898,211.8496,184.3192,158.263
2023-04-03,204.4398,175.4322,172.7727,177.6825,297.6631,258.2961,247.878,197.1288,222.0728,217.4942,249.8024,161.7598,190.048,208.3333,183.9747,158.2748
2023-04-04,204.3664,173.5438,172.5769,178.0774,296.4725,258.2793,247.0371,196.0681,223.0386,218.0378,248.1832,159.6066,190.6641,207.4683,183.1319,158.2564
2023-04-05,208.2441,176.258,172.8471,179.3511,302.0849,260.3018,249.2593,197.1918,225.8721,219.0221,249.3343,155.9606,192.7329,210.7144,184.5472,158.2596
2023-04-06,202.0448,172.5133,172.9402,178.3429,295.4252,256.3613,247.1557,196.2515,221.8342,217.5689,246.9883,156.3514,190.764,206.7581,184.1324,158.2336
2023-04-07,202.5317,172.6061,173.9432,179.4759,296.2109,256.1415,247.1194,196.8396,223.5549,217.5491,248.6857,155.7161,194.0556,207.4876,184.0303,158.2029
2023-04-10,204.1394,170.7197,174.5671,179.9734,295.1252,255.8512,246.0047,196.7742,223.4407,216.6601,251.07,156.3361,192.813,212.2522,183.4151,158.1738
2023-04-11,202.3643,168.7773,175.0768,179.937,292.6931,254.8338,243.1374,195.912,222.9469,216.2157,250.9947,156.2453,192.178,210.1404,183.7126,158.2728
2023-04-12,199.0332,167.7031,176.0242,180.6805,292.5407,253.0612,242.2811,197.132,223.2803,216.9897,252.9288,155.3384,193.2451,213.7149,182.1166,158.2214
2023-04-13,200.1361,169.1705,175.6834,180.2304,291.2561,251.4096,240.9579,195.8173,223.7845,215.8619,253.9614,158.3587,195.7907,211.7897,181.7562,158.3461
2023-04-14,200.1107,169.1293,176.7101,181.8132,292.6369,253.652,244.1859,197.7109,225.392,216.0184,256.3351,160.505,197.3933,212.5803,181.035,158.3682
2023-04-17,199.9729,168.1382,176.8014,181.8951,293.1224,254.7102,243.6551,198.0314,225.0779,216.4011,256.8277,158.643,197.7936,214.9653,180.2185,158.3828
2023-04-18,200.0996,167.5677,175.9511,181.3214,292.305,255.1489,243.6509,197.0717,223.9906,215.8562,251.4751,157.6036,197.7071,212.3146,179.3923,158.3614
2023-04-19,200.382,166.1048,176.7921,182.0561,291.5074,255.6146,244.1043,197.4939,224.1631,215.6775,253.2388,153.7579,197.6529,215.6592,179.53,158.4198
2023-04-20,199.3823,166.0771,177.2833,182.0972,292.8808,255.0691,242.541,197.9868,225.308,216.5771,254.0984,153.994,197.684,213.9331,179.3339,158.4188
2023-04-21,196.84,164.1081,176.9797,181.4418,291.354,254.2072,240.821,197.7738,224.2192,215.7576,253.9931,151.5466,195.712,209.9977,179.4904,158.4783
2023-04-24,196.8088,163.7128,177.6335,182.0298,290.9145,252.6653,238.9745,197.9567,226.3256,215.4625,255.0177,151.4798,195.8945,209.6262,179.3379,158.4471
2023-04-25,198.0163,165.5399,178.2076,183.0513,292.4605,253.6646,240.1642,197.8925,227.6956,215.7045,257.9717,153.4021,197.1638,211.9783,180.1168,158.4873
2023-04-26,192.9222,164.3917,178.4158,182.8899,289.3653,253.1023,239.464,196.9041,226.0259,215.3381,254.7773,153.6429,194.8572,206.9103,180.3607,158.5435
2023-04-27,194.1677,164.5897,178.079,182.5623,287.3212,251.794,240.3757,196.2584,226.2703,214.1585,256.3752,153.2175,193.607,208.8413,179.6916,158.6203
2023-04-28,196.3976,165.4258,177.7927,182.0037,288.3289,252.6539,241.0931,196.9336,227.1179,215.0499,254.7443,153.6446,193.4682,207.3372,179.9691,158.7906
2023-05-01,194.2811,165.2082,177.8624,181.8549,287.5287,252.5143,241.5216,196.9086,226.5045,214.7528,253.1518,152.2837,193.5306,205.4797,179.3596,158.7926
2023-05-02,190.1736,162.0318,178.4415,182.1697,284.1845,250.6938,241.0584,196.7456,224.38,213.9724,251.734,152.7901,192.9064,203.0555,178.856,158.775
2023-05-03,194.4614,164.8342,178.1642,182.1248,287.7593,251.6545,243.0463,197.2494,225.7033,215.4552,254.1936,153.3647,193.6453,207.8775,179.6649,158.7824
2023-05-04,197.6601,167.7946,176.7857,180.3334,286.2148,249.937,242.1485,195.7896,225.3473,214.5608,255.5461,152.2484,195.3883,210.7542,179.7074,158.8278
2023-05-05,202.4407,169.1666,176.4866,180.7924,286.556,251.6032,244.9197,196.1608,226.8085,215.3475,257.0267,154.8491,198.1179,212.4841,181.1,158.8455
2023-05-08,204.1929,171.1097,177.2058,181.5497,288.1302,252.3758,245.3836,197.533,228.7444,215.8223,257.5243,156.3832,199.1772,216.4018,181.1547,158.7615
2023-05-09,204.0282,171.8888,176.8179,180.7247,287.0681,251.3701,243.7797,197.4542,227.9969,214.2649,258.4202,157.5453,198.8619,215.1587,181.5427,158.7849
2023-05-10,204.6944,172.7109,176.5325,180.7317,288.7551,251.2712,243.0312,197.1266,228.8405,214.533,255.8548,157.6789,199.4923,213.8611,181.1984,158.7483
2023-05-11,204.9902,172.4214,176.7075,181.1863,289.1004,252.0964,244.2796,197.7672,229.8896,214.5685,255.1101,156.4297,198.687,214.3389,180.5433,158.781
2023-05-12,204.0584,171.6524,177.4763,180.6748,285.1316,250.6163,243.471,198.0928,229.9562,214.6939,255.3119,155.2271,196.9914,214.1847,181.3344,158.7928
2023-05-15,204.4703,172.4615,178.5595,181.9465,287.9836,251.2336,244.6344,199.3232,232.0814,215.6725,255.0908,155.8218,197.3571,213.5494,182.0535,158.8978
2023-05-16,201.5644,171.2895,178.3451,181.357,284.4818,248.8474,243.2773,198.2884,229.9124,215.21,253.4836,156.0668,196.6604,212.7517,182.2991,158.8687
2023-05-17,198.7406,169.0773,179.6722,181.0111,281.0497,247.486,241.3055,199.3869,227.7741,214.9222,253.4796,156.0555,197.9483,213.5482,181.8663,158.9181
2023-05-18,196.3473,166.836,179.8312,180.6556,280.1226,245.1488,239.2374,198.8048,226.9866,215.0314,253.0446,154.9864,194.3692,211.6401,181.9978,158.9445
2023-05-19,193.1195,165.9686,179.1868,179.7417,280.3261,243.6224,237.7392,198.474,226.1132,215.4768,251.5532,151.5792,191.3584,209.8848,181.3276,158.8755
2023-05-22,190.4688,164.9732,179.3624,179.145,278.7642,241.409,236.5012,198.6072,225.048,214.9718,247.8315,150.5296,192.5863,206.3063,179.9842,158.8538
2023-05-23,192.1782,165.3276,178.2904,177.4845,273.0199,238.9347,233.9535,196.0637,222.8996,213.356,247.9581,151.2196,193.5686,208.7545,180.641,158.7885
2023-05-24,189.0803,163.7332,179.2537,177.6013,270.9181,236.8071,232.6224,196.1758,223.5591,213.9451,247.4978,149.7349,191.7556,207.2284,180.0129,158.7689
2023-05-25,194.1179,165.1701,179.7094,177.467,271.5463,237.8597,234.0387,196.8169,224.1741,214.9318,251.4336,149.7875,194.6544,214.0782,180.2763,158.8506
2023-05-26,192.1612,163.2828,179.1595,177.1031,272.3599,237.2258,234.0481,196.0893,221.8778,215.0777,248.1553,149.223,192.4546,212.2721,179.3316,158.878
2023-05-29,193.987,165.3954,179.3597,177.1983,272.5786,236.28,234.4178,196.2074,222.5732,214.3882,249.7332,150.0104,194.0473,214.687,179.9844,158.8857
2023-05-30,197.2019,167.2125,179.8542,177.2845,273.5856,237.7196,234.1279,196.9791,223.0932,214.4521,251.8652,151.9983,195.0267,218.5537,181.3671,158.9755
2023-05-31,198.3096,168.5586,179.6084,176.8186,273.1907,235.8866,233.871,196.4462,222.0375,214.2396,252.4536,152.7959,196.003,222.2343,181.9269,158.9851
2023-06-01,197.6021,167.6451,178.5731,176.1659,273.5925,235.393,232.7414,194.9549,220.8934,213.5401,248.6986,152.0075,195.3675,217.7447,180.9932,158.9942
2023-06-02,198.3223,168.5199,179.3259,177.061,277.2793,237.0422,233.1892,195.9342,221.2169,214.0277,249.3126,154.6471,196.3347,218.9758,181.1975,158.9314
2023-06-05,195.2924,166.7681,180.045,178.375,278.7704,237.0937,233.2407,197.2866,222.3726,215.028,247.3676,154.1196,197.2329,215.2733,180.9863,158.9721
2023-06-06,198.3953,169.0643,180.1324,179.1046,278.0964,238.9091,235.8492,198.0301,225.4361,216.365,251.1765,153.8476,198.3686,220.3858,182.2335,159.0013
2023-06-07,201.0765,170.8093,180.1069,180.0532,282.3773,240.7219,237.1081,198.3884,227.6169,217.5566,252.3549,152.3783,201.2462,221.4485,183.1524,159.0054
2023-06-08,203.938,172.1277,178.2349,178.4815,283.3132,243.7965,236.6477,197.9244,227.9867,215.8202,251.1601,154.8177,199.7236,214.306,182.822,159.0401
2023-06-09,200.0061,170.4146,178.104,178.0194,282.4668,243.1763,236.4771,198.1874,226.9587,216.1538,252.6737,156.8824,195.0804,210.738,182.8118,159.0866
2023-06-12,197.6844,168.2086,178.1522,178.3713,282.338,244.2105,237.6072,198.0952,226.8739,216.2235,253.8467,157.5766,192.0096,206.3097,182.7417,158.9828
2023-06-13,197.0817,168.4606,178.5004,177.9744,278.7474,241.2667,235.1352,196.7704,226.3207,215.8031,256.9602,155.4596,193.4142,208.913,184.3519,159.0292
2023-06-14,192.4168,164.7816,177.886,177.4211,275.5725,238.1973,232.4658,195.5414,224.3888,214.4636,253.6563,153.5274,191.2749,205.4457,182.2105,159.0408
2023-06-15,190.5525,165.1008,177.8536,177.9494,276.699,238.8593,233.094,195.8407,225.0912,215.1242,253.1311,153.0079,190.7739,201.5981,183.8543,159.0651
2023-06-16,186.3181,164.2347,177.6919,177.1146,273.3574,236.3017,231.3653,195.2625,223.8179,214.6364,253.088,152.157,188.8019,199.5933,183.5739,159.0455
2023-06-19,182.8428,162.5425,178.3934,177.4829,271.6331,236.0016,231.1609,195.5671,223.5095,215.4505,252.6036,152.1054,189.1237,196.4276,183.6549,159.103
2023-06-20,179.6938,160.1096,178.7349,177.2578,269.3348,233.719,229.0158,194.8943,220.9999,215.4268,251.2469,153.3016,190.043,194.8403,183.3778,159.0878
2023-06-21,181.6798,162.6358,178.3789,177.4999,268.6087,235.2967,229.917,195.0668,224.4039,215.6343,254.5004,150.1593,191.6299,198.5728,183.0516,159.0755
2023-06-22,188.4975,166.4694,176.8838,175.8407,270.7877,235.2984,230.1554,194.1941,225.8349,214.8156,256.9885,149.1674,189.9574,202.1008,183.6616,158.9962
2023-06-23,188.8846,166.559,176.0201,175.2515,273.2568,236.518,231.1428,194.3706,225.1996,214.8593,254.6715,148.1129,190.9958,197.1497,183.5088,159.0223
2023-06-26,189.118,166.315,175.3908,174.6175,272.0991,236.3262,231.0835,194.2428,225.1827,214.6351,255.8909,147.0808,191.1294,195.4495,183.9729,158.9964
2023-06-27,188.5003,164.7761,175.3287,173.6504,271.0155,235.0026,229.2629,194.2016,222.8143,214.0331,256.717,145.8833,189.9121,197.5346,183.3804,159.0552
2023-06-28,190.8257,167.126,175.5486,173.4292,272.2328,235.3141,229.3128,194.8123,222.4947,213.3221,258.5633,149.9427,191.8117,200.9719,182.9759,159.1959
2023-06-29,189.7106,165.4851,175.8261,173.2374,270.7359,234.2703,227.5488,194.9047,222.5031,212.8303,256.7041,149.3283,189.979,197.5469,183.5295,159.197
2023-06-30,191.6974,169.3224,175.6835,172.6561,272.642,233.7129,227.7615,194.3794,223.0411,212.7769,259.7683,149.8832,189.6145,199.6616,184.7992,159.3032
2023-07-03,193.898,168.9086,175.2401,172.345,271.5376,232.1901,226.8101,193.4925,222.4828,212.1841,257.9882,150.735,190.9156,202.407,183.7394,159.3086
2023-07-04,192.5498,166.562,174.127,171.0878,269.7721,231.3692,225.4983,192.9966,222.0543,212.1185,256.1083,151.2573,189.7696,196.1053,182.1598,159.3394
2023-07-05,190.1183,166.5452,173.8145,170.5948,267.4494,229.9058,225.4149,192.0465,221.0125,212.5571,255.3202,150.1549,189.9367,196.0017,181.8756,159.344
2023-07-06,192.2556,169.8036,174.2913,170.8261,266.8602,229.9181,225.8711,191.9467,222.1674,212.5013,258.4906,151.7078,192.6517,198.6361,183.8114,159.3421
2023-07-07,188.749,168.335,173.9213,169.5274,264.3244,226.8523,223.7162,190.341,217.8946,211.7133,257.0196,151.9764,192.4742,196.4753,184.055,159.3435
2023-07-10,184.4296,165.8486,174.3292,169.377,261.8315,227.0762,222.9726,189.6706,215.7419,211.129,255.2404,149.9467,192.874,193.3771,182.7136,159.3819
2023-07-11,186.2515,165.3595,174.3705,169.6896,262.773,228.2455,223.6686,190.2932,217.6471,212.2783,255.874,148.8261,193.56,194.4819,181.7935,159.3206
2023-07-12,184.2454,164.4958,174.0528,170.0376,264.9066,228.9242,223.2492,189.4475,215.5051,212.0268,252.1529,148.251,194.554,192.873,181.3157,159.3175
2023-07-13,184.2587,165.0749,174.413,170.384,266.0947,229.0058,224.5775,190.1313,214.3135,212.4091,251.986,148.7845,195.4757,196.6217,181.4237,159.2541
2023-07-14,181.3537,162.3569,176.2562,172.094,265.0149,228.0766,223.2693,191.2946,214.8093,213.5991,251.4548,146.6382,197.0216,199.5469,181.6176,159.2471
2023-07-17,187.2657,164.2712,176.5341,172.1786,265.642,227.9788,223.6271,191.4049,214.3196,213.3439,253.6351,147.7541,200.5788,205.9344,184.4871,159.2864
2023-07-18,188.08,163.8154,177.7398,173.4676,268.5835,228.9807,222.5249,192.1819,214.305,214.1404,255.258,147.9754,202.998,210.1793,185.3829,159.3548
2023-07-19,187.8486,164.6647,178.2921,173.4612,266.3119,229.224,222.8577,192.3769,214.87,213.4853,259.0609,149.9322,202.2777,211.6058,185.5766,159.3287
2023-07-20,189.0807,164.3559,178.7468,174.2365,266.9217,230.437,223.8239,192.9915,215.9879,214.3228,261.1436,149.6617,202.8247,216.4043,184.7596,159.2901
2023-07-21,188.948,164.7976,178.9612,174.5515,269.0318,231.1693,224.6972,193.7815,217.1964,215.8634,261.2811,147.7188,202.7868,215.6306,185.4346,159.2618
2023-07-24,184.6853,163.3498,180.044,174.8382,264.3899,228.6254,222.2982,193.8256,216.7917,215.3793,261.9333,147.0388,203.3789,216.4198,185.2759,159.3026
2023-07-25,186.6397,165.3966,179.4546,174.6084,263.7178,229.3339,223.6459,193.7009,216.7045,215.0821,259.8675,148.1001,206.6136,218.1417,185.0396,159.3184
2023-07-26,184.2478,164.8736,179.5538,175.4157,265.1758,231.1384,225.9593,193.4083,216.2441,216.3005,260.6507,148.2396,205.3291,217.3054,184.9834,159.2922
2023-07-27,183.2352,165.1477,179.6431,175.6225,265.4863,232.1729,227.7906,194.3927,216.6583,217.4317,259.4995,146.2619,207.7971,216.3687,184.5649,159.2554
2023-07-28,179.6175,162.6126,180.0864,176.304,266.8118,233.3028,227.0535,194.8249,215.5213,217.68,257.7727,145.2884,204.7032,213.9844,184.3659,159.2845
2023-07-31,177.7235,162.2842,179.1295,174.6874,263.2702,231.0005,225.5353,193.8132,215.0134,216.8103,255.3683,145.4437,202.8015,211.1516,181.8538,159.2563
2023-08-01,178.4011,162.2954,180.145,175.5274,264.4426,231.33,226.5946,194.6671,215.4142,218.0862,256.3034,147.8272,204.8918,211.2178,183.0162,159.2884
2023-08-02,177.1687,161.3843,179.9959,175.6073,264.0339,230.8223,225.3853,193.8549,215.554,218.2023,254.8607,149.5549,205.4082,208.4885,182.0369,159.2903
2023-08-03,177.6363,162.0108,180.0337,174.777,262.4905,230.9326,225.3166,194.121,214.8652,217.7571,253.9731,151.6438,203.1571,208.0257,182.5195,159.2714
2023-08-04,179.1502,161.5794,179.5106,173.8948,259.6821,229.2248,225.6798,193.2502,214.7979,217.6039,254.4988,150.7044,203.6636,207.2053,182.6623,159.3146
2023-08-07,180.7288,163.5064,178.9903,173.4958,258.7803,229.1559,226.7608,192.8717,214.5455,216.8239,252.1403,150.7527,204.2318,206.326,184.3587,159.2883
2023-08-08,180.7008,164.6817,178.2254,173.2675,257.7574,227.9696,226.7919,192.415,216.0459,217.2341,253.6259,152.1276,202.8938,207.253,184.1112,159.2797
2023-08-09,177.8761,162.9437,177.7591,172.8524,255.1644,227.2299,225.8326,191.1,213.8997,215.9554,253.858,154.6964,201.6278,207.5162,181.714,159.2968
2023-08-10,179.8435,163.9571,177.7123,173.4056,256.3842,228.2889,227.1343,190.7526,214.1293,214.6416,253.807,155.6475,203.1711,207.4105,181.999,159.2815
2023-08-11,182.9866,165.2043,177.7738,173.7977,256.1582,230.0864,229.8249,191.3137,214.054,215.1755,254.3432,155.3842,206.0979,213.9143,182.2504,159.3206
2023-08-14,182.8296,165.6879,177.5765,174.3295,256.5384,229.7639,230.598,191.0689,213.9701,214.7401,254.7589,156.4285,210.1921,212.6461,182.3634,159.3887
2023-08-15,188.1966,167.9609,177.8098,174.3843,255.6656,230.54,231.3767,191.8407,215.1306,215.1269,257.1308,159.3207,213.3978,221.2674,182.8382,159.3914
2023-08-16,191.2821,166.9978,177.7241,174.5055,255.3575,229.8449,229.9332,191.693,215.3805,215.1002,257.7945,162.1968,215.3374,225.386,182.1813,159.4931
2023-08-17,189.2149,164.2671,176.7956,173.1652,250.6313,226.8707,228.3283,190.748,212.8924,212.8663,258.0707,161.5259,212.5962,223.8563,181.3668,159.4953
2023-08-18,188.2373,164.0484,177.3425,173.8677,252.9868,227.9117,229.0339,191.289,213.3619,214.2463,258.0059,162.7741,211.6699,223.0101,181.4532,159.4204
2023-08-21,190.7503,166.0791,177.082,174.1112,255.048,228.2415,229.9532,191.7397,215.5264,214.894,258.1417,163.1803,212.357,223.2949,182.1191,159.3623
2023-08-22,187.0294,164.9958,177.5339,174.6107,252.4671,228.1221,230.775,191.6668,214.7231,214.5882,258.7521,164.6113,212.7338,219.9204,182.5085,159.4092
2023-08-23,185.881,164.3389,176.5414,173.5871,251.2382,228.6992,231.4106,191.0626,213.1348,213.6016,257.3302,163.7711,210.0622,215.7926,182.3077,159.4928
2023-08-24,185.0306,166.0369,177.0365,173.7186,252.348,229.1662,231.0379,190.4638,210.8686,213.9112,256.7375,165.4349,212.0339,218.5741,183.7132,159.4262
2023-08-25,185.6427,165.9255,177.1221,173.2403,252.0569,229.0642,230.6296,190.172,209.0642,213.155,255.7274,166.1902,212.9945,218.5198,184.0439,159.3682
2023-08-28,186.0344,167.6846,177.281,173.5163,253.8084,230.8787,232.0299,190.8092,209.3931,213.4057,255.2558,168.2,213.0689,218.5849,184.2859,159.3482
2023-08-29,186.6754,168.6947,177.4504,173.3083,252.4212,231.3154,232.118,190.6613,208.7931,213.6935,257.683,170.146,214.8028,220.965,185.4528,159.4927
2023-08-30,188.4805,169.7119,177.9147,173.8509,254.2391,233.8817,233.9814,192.0678,209.7725,213.9738,258.5228,167.8198,215.3226,222.7992,186.3572,159.5163
2023-08-31,187.9937,168.7367,178.2593,174.5563,254.0686,234.6877,235.2889,191.7301,208.9395,214.1126,259.0978,169.8808,215.9913,223.1181,186.4707,159.5826
2023-09-01,186.1411,168.1379,177.6321,173.3282,251.386,232.1479,234.2026,190.9416,206.541,212.111,257.6378,170.6463,216.9127,219.2134,185.7846,159.7073
2023-09-04,187.5,169.3172,177.1458,173.0175,251.9768,233.0097,234.886,190.2932,206.072,213.0135,258.6641,170.4444,215.8387,222.4489,186.9114,159.7212
2023-09-05,185.3131,168.6506,177.1323,172.88,251.7961,234.1753,236.3036,190.4568,205.2357,213.4122,254.1964,170.0868,215.6922,216.0014,186.8516,159.7151
2023-09-06,187.3198,169.0391,177.1565,172.8667,255.5449,234.8259,236.97,191.1437,204.6614,213.9457,252.477,172.6615,215.7022,215.7162,186.9773,159.7936
2023-09-07,190.277,168.3422,177.5335,173.2105,255.806,236.5426,238.5813,191.3447,204.0988,215.0777,250.272,172.9446,217.7467,218.2965,187.4788,159.7375
2023-09-08,189.9255,168.6579,178.6292,173.9106,258.8577,237.1048,238.6544,192.5242,205.4458,216.5536,252.1233,170.7461,216.7022,219.4735,187.9364,159.7872
2023-09-11,187.6647,165.9404,178.9457,173.6877,257.0459,235.8804,237.2885,192.6838,204.3339,216.1799,253.553,169.0137,214.4415,218.2638,188.2412,159.696
2023-09-12,190.3688,165.8612,179.5653,174.1236,259.6749,237.5758,239.1808,194.4077,204.3902,216.3733,252.5169,167.77,215.17,219.1176,189.0401,159.796
2023-09-13,190.0403,165.7917,179.7612,173.8411,257.496,236.5297,237.9395,194.2135,203.9408,214.6424,253.0963,168.7746,213.8082,221.2426,188.2138,159.8789
2023-09-14,188.2145,165.2658,180.7454,174.38,258.0489,236.8018,237.0974,195.0144,204.2501,215.9279,251.5352,168.1766,214.243,220.3422,188.6252,159.9205
2023-09-15,183.9372,164.7625,181.5292,174.356,257.0358,236.2204,236.6068,195.7194,203.2702,214.5414,252.9559,169.0068,213.4065,217.5389,187.6126,159.8422
2023-09-18,185.4046,166.5354,181.6248,174.2918,256.547,236.4021,237.2641,195.4181,204.8126,215.3238,255.7723,169.0466,214.0441,219.2635,188.129,159.9224
2023-09-19,185.7967,167.0959,182.5383,175.7927,261.0062,238.9976,239.4145,196.9445,206.3692,217.2188,257.3368,170.3129,212.883,221.9503,188.2234,159.9596
2023-09-20,188.0473,169.8494,182.3582,174.9936,259.5129,237.8302,238.9614,196.2842,205.2313,215.8855,259.7387,171.1632,214.2373,229.1266,188.7547,159.8964
2023-09-21,193.0205,171.2853,182.2741,176.3977,263.2713,239.9327,241.7204,195.9496,207.8414,217.4559,260.8484,173.4947,218.1892,227.3862,190.9154,159.8866
2023-09-22,192.15,170.0495,180.777,175.07,260.045,237.9877,240.3556,194.3858,206.3841,215.8984,259.0028,174.594,214.6101,223.4062,190.9846,159.8968
2023-09-25,191.9311,171.36,179.8647,174.7936,260.8345,237.6397,241.5431,193.5753,207.2263,216.3156,257.6649,175.5586,211.9647,220.1803,191.1204,159.995
2023-09-26,193.0441,171.9546,179.4269,174.318,259.883,236.311,240.5768,193.9462,207.1265,216.152,257.4036,176.427,214.0276,222.4766,191.1391,159.9599
2023-09-27,188.9601,169.7371,178.5308,172.6936,253.941,233.0356,237.8807,192.0985,204.4019,215.3457,255.5435,175.8795,212.7146,219.0148,190.8419,159.9247
2023-09-28,185.8307,168.8741,178.2293,172.9049,255.7796,232.8069,238.153,192.1234,204.11,215.5217,254.6683,176.8066,209.3329,214.7862,190.5509,159.942
2023-09-29,189.5144,170.9152,178.8114,174.1602,260.1419,235.4812,239.3884,194.1491,207.5066,217.196,256.5085,177.6584,211.355,217.2355,191.6887,159.9699
2023-10-02,188.9541,171.5352,178.4735,173.5804,258.7916,234.0125,238.9035,193.4233,205.964,216.485,257.3861,180.7621,211.6716,219.9259,190.9074,159.9819
2023-10-03,186.9737,170.0994,178.5141,174.0085,257.6278,233.5868,240.358,193.9182,205.891,216.935,257.9757,179.1766,210.365,220.659,190.7132,160.0283
2023-10-04,188.6272,171.4145,177.414,172.5252,257.7734,233.0849,240.326,194.0543,204.5548,216.8047,256.4901,179.4207,208.7684,221.7785,191.2538,160.0567
2023-10-05,187.3218,170.9034,177.6118,171.9524,255.577,232.8007,239.3213,193.5397,203.4227,217.2122,253.9254,179.9741,206.2478,220.8406,192.0661,160.0139
2023-10-06,191.9782,173.8829,178.1324,172.7192,258.712,234.1709,241.6541,194.3173,205.3711,218.5621,255.7147,183.3799,208.5623,225.8503,192.7325,160.0037
2023-10-09,192.1328,174.7449,178.3363,173.1189,259.3884,233.2809,241.8891,194.201,204.0269,218.5075,254.2674,180.83,213.2204,228.2476,194.1361,160.0171
2023-10-10,191.15,175.4571,177.3661,171.9153,259.6998,232.9645,240.6563,193.1419,202.7907,218.231,252.9658,180.4409,212.6444,229.3484,191.4923,159.9577
2023-10-11,189.5772,174.0936,177.7754,172.3454,256.9884,232.2727,240.1254,193.0166,203.0505,218.4489,253.3996,182.1046,212.9162,230.7806,190.7917,159.9303
2023-10-12,191.2669,176.899,178.2226,172.0744,257.9009,232.1868,239.0027,193.6733,203.4819,218.9236,253.3691,182.2905,214.4836,234.9793,191.7172,160.0368
2023-10-13,188.5822,175.6008,178.3123,171.7318,256.9905,230.464,238.1231,192.9582,201.2778,217.9895,251.409,183.7653,212.6615,231.5798,191.8029,160.13
2023-10-16,188.0386,175.3768,179.018,172.5289,258.8354,229.8915,239.0963,193.222,201.2926,219.7171,252.3453,183.3721,214.7795,233.958,191.8265,160.2269
2023-10-17,187.0017,174.4041,179.1911,172.4238,260.0934,228.9232,237.9176,193.1298,201.4526,220.0369,251.1111,180.9218,214.8676,231.0365,191.1881,160.1492
2023-10-18,190.8141,178.0511,179.2205,171.4425,258.9719,229.0874,239.9254,194.032,200.7439,219.7621,253.2806,184.3857,216.2626,237.4923,192.2865,160.2044
2023-10-19,193.4386,178.6832,179.4286,171.3432,256.8828,229.5273,239.5915,193.9029,200.8818,219.4169,254.0007,183.8606,217.6324,242.5784,192.9608,160.2743
2023-10-20,190.6805,177.2299,179.1244,170.3387,254.8935,227.7609,236.1225,194.0085,200.5318,218.7849,253.5662,183.8741,214.599,239.3982,192.167,160.3364
2023-10-23,197.9275,182.0917,178.3329,170.044,258.7559,228.4793,236.742,194.0911,202.5022,219.0765,255.4956,186.3096,218.0802,242.9595,194.0293,160.4086
2023-10-24,197.3616,181.8037,178.0448,168.5395,254.7983,226.0395,234.5636,193.4886,201.6898,218.2048,255.5769,186.7211,216.418,242.1117,193.6192,160.4373
2023-10-25,198.7392,180.9066,178.6672,169.2921,256.7347,227.7749,235.4592,194.1305,202.2332,218.7086,254.8895,185.6889,216.9572,243.071,193.2297,160.4372
2023-10-26,201.5298,181.7006,179.3015,169.7765,256.9966,227.1501,234.9422,194.8809,203.2519,220.0497,256.6812,187.5529,218.5332,252.6743,193.084,160.4704
2023-10-27,194.4905,178.5246,179.1039,169.9857,256.5469,227.7901,233.9905,194.6952,201.7632,219.7217,252.6444,186.8307,215.2028,243.1346,192.3489,160.4349
2023-10-30,194.7898,180.1145,178.14,169.8751,258.7961,229.2288,235.9523,194.6399,202.1606,219.4042,250.9102,187.2258,215.7542,238.5841,191.889,160.5432
2023-10-31,195.773,181.2562,177.8177,169.641,258.9257,228.4941,235.9049,194.8239,202.3259,219.6594,251.7397,188.3972,218.3534,243.0848,190.305,160.5437
2023-11-01,194.1535,181.8423,177.9695,169.6647,259.9676,230.0971,237.2158,195.3786,201.373,220.7373,253.3263,187.2045,218.606,246.444,189.7614,160.6355
2023-11-02,191.4548,179.3579,177.6347,169.8371,257.7416,230.0358,237.2224,195.1602,203.1573,220.2192,253.3658,185.5206,214.7781,239.4792,188.6507,160.5994
2023-11-03,188.6698,179.2695,178.6887,170.2682,256.3064,229.9601,236.5307,194.6574,202.3604,219.7558,253.364,186.5383,213.0815,240.9328,188.4028,160.636
2023-11-06,192.0352,180.0588,179.0663,170.7902,257.7377,231.4094,237.6526,195.4919,204.2168,220.6395,254.9705,185.0902,214.6573,244.8085,188.5541,160.5945
2023-11-07,189.9515,177.726,178.8276,170.4963,254.8487,229.198,236.6193,195.0255,203.2799,220.2269,253.9392,182.4124,213.2552,244.0682,188.6353,160.593
2023-11-08,185.5881,174.0539,179.399,171.0459,251.9896,228.3682,236.4845,194.5987,202.3632,219.9751,250.6253,182.9175,211.5505,236.0747,188.9173,160.5283
2023-11-09,187.0557,175.4524,179.3242,171.4366,253.3378,229.5842,238.9038,196.0266,203.2507,219.5788,251.2958,181.7884,212.8102,237.6118,188.8591,160.6584
2023-11-10,184.8793,172.8217,181.2362,173.1896,254.7334,229.344,238.9981,197.6795,204.5636,220.8341,252.3911,180.3104,212.3821,238.5511,188.4338,160.694
2023-11-13,183.691,171.9958,181.5203,173.5435,253.7978,228.273,239.2509,197.2527,205.1227,219.907,251.066,180.0618,211.551,234.1287,188.1261,160.6781
2023-11-14,183.8007,172.0524,182.1887,174.4552,254.5974,230.2011,240.5828,197.7687,203.7888,220.1536,248.1873,180.9571,214.7238,236.457,188.5332,160.7169
2023-11-15,185.9666,171.0319,181.9582,173.8065,254.1168,230.9078,240.2469,198.2246,204.7488,220.4088,246.6734,181.7503,212.092,232.7169,188.7791,160.7477
2023-11-16,181.5208,169.1769,183.1585,174.8951,253.9621,231.2877,239.881,198.112,203.9432,221.155,247.9453,177.456,211.5079,232.2881,189.8744,160.7625
2023-11-17,179.1535,168.221,183.5127,175.5642,253.8657,230.3777,240.3877,199.2678,204.3203,220.9272,247.0573,176.9239,213.153,230.5142,188.7901,160.7689
2023-11-20,176.8053,167.9016,183.6342,175.4629,254.296,228.4533,239.5726,198.3917,203.0522,221.1648,246.0326,177.9736,214.7202,229.9831,187.1038,160.7989
2023-11-21,178.8294,170.6124,183.7401,175.1761,253.7857,228.6908,239.8763,197.9487,202.7699,221.0365,248.0726,179.2471,215.9442,235.1967,188.5352,160.6904
2023-11-22,178.9578,170.6079,184.0617,175.7692,252.8284,228.3521,239.1801,196.7173,203.5992,220.6208,249.8922,179.6546,214.6969,238.4818,188.0767,160.7027
2023-11-23,174.7264,167.6917,185.0766,176.0142,249.2482,226.2454,237.4786,195.5436,202.7913,221.4404,250.8456,180.3761,212.2427,237.5014,187.6074,160.7442
2023-11-24,179.5177,169.2805,185.0962,175.8345,248.7626,227.8618,238.9067,195.591,203.8709,222.2985,251.4706,180.8503,213.4004,243.167,188.3168,160.7983
2023-11-27,179.8198,170.6609,185.1051,175.7071,250.6342,228.679,238.7295,196.7072,204.2969,222.3293,250.5248,181.3634,214.5042,241.8018,188.4908,160.8009
2023-11-28,178.5231,170.4537,185.1419,175.7425,251.0598,228.1731,239.0907,197.0046,203.1496,222.3962,248.2501,181.7669,216.2681,239.8006,188.5904,160.7789
2023-11-29,179.6348,170.7464,184.8283,175.3278,251.8152,227.776,238.9125,196.528,203.3243,223.3427,249.6624,180.2195,214.9374,242.7427,188.5875,160.8086
2023-11-30,180.9459,172.2998,185.3,175.8793,253.7545,228.6693,240.3753,197.1259,203.8686,224.1703,248.2718,181.4612,214.8337,245.0443,189.2475,160.95
2023-12-01,182.4144,175.2553,185.5365,175.14,252.4792,227.4533,239.9029,196.9198,204.1576,224.3254,250.5483,183.0307,218.0774,247.9486,189.854,160.9716
2023-12-04,181.5732,175.0994,184.9302,174.5338,249.2346,225.5989,239.2812,196.069,203.8005,222.611,250.2737,180.9744,215.3712,248.4832,189.9731,160.9111
2023-12-05,179.8135,173.1663,184.2886,173.6547,247.9063,225.0292,238.6672,195.3942,201.2043,221.6263,248.4077,181.3277,213.532,245.6218,189.3887,161.0049
2023-12-06,180.1762,172.7311,184.2946,173.9837,247.6073,225.9271,239.8239,195.7605,200.4895,221.5808,249.6981,180.9642,213.6068,248.6321,190.2163,161.1606
2023-12-07,177.0511,170.1013,184.1487,174.5078,247.5603,225.6843,240.0196,194.5608,200.0036,221.3275,248.3297,178.9533,211.491,242.2565,189.7267,161.2408
2023-12-08,178.7387,171.0897,183.506,173.9651,245.8977,227.0412,241.3825,195.2872,202.2489,219.9777,251.6873,178.9319,209.4975,242.055,188.1772,161.2163
2023-12-11,180.5064,170.5484,183.0978,174.3282,246.7077,227.2355,242.6783,194.9012,201.9318,220.3841,251.7664,182.5487,211.918,242.5078,187.8413,161.2844
2023-12-12,178.4137,168.7507,182.9707,174.0427,244.6711,225.5304,241.6658,193.9515,200.6729,220.2497,252.2658,180.3073,210.9146,242.3173,187.9276,161.4024
2023-12-13,180.7394,170.1142,182.2035,173.5931,243.8984,224.7786,241.1017,193.4399,202.7166,220.512,254.7699,177.781,212.1731,242.6701,188.7209,161.5219
2023-12-14,181.7186,172.6609,182.116,173.8193,245.7522,226.3461,243.1539,193.416,202.2835,222.029,255.4937,177.9095,214.9011,245.2915,190.5461,161.5818
2023-12-15,180.0892,170.3149,183.1908,174.7543,244.6494,226.7455,242.6668,194.2327,202.9297,222.5959,258.1267,177.948,216.6727,245.1619,190.0943,161.6367
2023-12-18,181.4737,170.9421,183.4205,175.1254,246.2637,228.5683,243.4246,195.0307,203.1277,223.5547,256.72,176.0007,219.3449,247.0212,190.6486,161.6794
2023-12-19,182.0108,171.6836,183.6154,175.2711,247.3368,229.5648,244.757,195.2019,202.8306,224.1668,258.5319,176.4364,220.2248,248.7868,191.0264,161.6853
2023-12-20,179.7598,172.0664,183.0602,174.3889,248.5473,229.0441,243.8411,195.5058,202.5105,223.6569,254.6683,174.6447,217.5966,243.8704,189.4616,161.76
2023-12-21,177.9581,170.7148,183.1528,174.6003,250.1729,228.5506,243.1317,196.0717,202.8243,224.4542,255.7706,172.1134,217.1574,241.9079,189.1575,161.7754
2023-12-22,175.6076,167.9516,182.9299,174.4965,249.3506,227.8607,242.7061,195.7652,202.04,224.4601,253.6861,173.9816,212.6026,236.2556,188.9446,161.783
2023-12-25,180.9097,170.2545,182.2689,174.983,253.4662,230.0865,243.8123,196.7115,206.7278,225.927,257.2899,175.008,212.8645,236.4109,189.531,161.7941
2023-12-26,179.6263,169.5206,182.1294,175.2707,252.4435,229.4272,243.7416,195.8132,205.4732,225.6609,256.161,175.4889,215.771,234.9844,189.7997,161.7504
2023-12-27,176.88,167.9678,182.0092,175.0787,251.3924,228.6563,244.5068,195.846,204.342,225.0943,254.1192,175.9333,214.9787,230.5644,188.5069,161.7337
2023-12-28,178.3311,168.3882,182.0799,175.5463,253.0473,229.7966,244.5487,195.6932,205.0089,226.3905,254.6632,176.9502,215.4618,231.5097,189.7478,161.7082
2023-12-29,177.3308,167.0014,182.1307,175.5564,250.8413,229.1069,243.3276,195.5699,204.0935,225.7561,252.1427,176.9939,215.464,232.9839,188.8034,161.8179
2024-01-01,175.9115,164.2575,181.7533,174.9568,246.0236,225.5833,243.4428,194.7302,202.4665,225.2086,252.5453,179.6302,214.2449,234.0874,187.3262,161.8995
2024-01-02,175.1506,163.8185,181.0633,175.0401,247.0274,226.1679,244.9855,194.9125,202.6701,225.3975,250.9952,179.0321,211.6555,233.7899,185.7123,162.0154
2024-01-03,177.16,164.4987,182.2951,176.7984,248.069,228.4301,246.7164,194.9731,204.254,226.1023,254.3364,181.8298,213.9695,239.5587,185.7956,161.9725
2024-01-04,177.1211,164.3916,181.3372,175.823,247.7681,227.9223,245.0033,193.3657,205.1638,226.506,255.2867,177.3345,211.2493,236.0601,186.2446,161.8922
2024-01-05,175.3533,162.6719,181.3382,175.6126,247.2836,226.095,242.7169,192.2158,202.6779,225.5273,254.1804,179.6125,211.9813,234.2396,186.0633,161.8479
2024-01-08,177.5502,163.304,182.2254,175.8085,247.7552,224.3353,241.3286,193.4695,204.4388,226.1164,256.8782,181.5524,214.2303,237.3902,186.266,161.7827
2024-01-09,173.3592,160.8776,181.9209,174.7191,245.3402,221.2845,238.9781,192.0435,201.0129,224.8729,254.4685,178.2669,211.0486,234.4304,186.1901,161.732
2024-01-10,172.6802,160.9632,180.8555,173.5527,243.1034,219.4267,237.6088,190.9449,199.6677,223.1034,252.6201,180.1089,211.4464,229.858,186.3162,161.6599
2024-01-11,175.853,163.8592,180.7725,173.6329,246.9079,219.9082,238.2573,191.7994,200.7571,223.8262,252.647,180.8524,212.7752,232.2236,187.3593,161.8248
2024-01-12,174.5774,163.4068,180.5989,174.1366,247.5928,220.0637,238.3841,191.1867,201.5447,223.4503,250.9002,181.1508,210.7976,228.1179,186.9828,161.8126
2024-01-15,174.1093,164.0694,180.7193,174.3045,247.4119,220.6375,238.0719,190.9775,201.1886,223.5363,250.8385,180.5363,212.0346,229.2008,187.7011,161.8414
2024-01-16,175.7504,164.4832,180.8786,175.0383,248.6445,221.2965,239.1236,191.6618,202.4587,223.9603,253.3612,180.9926,211.9218,233.1668,187.9737,161.8908
2024-01-17,172.7538,162.9171,181.2123,174.9749,246.7724,221.21,237.591,191.1257,201.8636,224.0328,252.6682,177.714,210.3197,233.1513,187.0438,161.9364
2024-01-18,174.9808,163.3274,181.0781,175.3097,248.3,223.2075,238.6776,191.605,202.908,225.2464,252.5576,174.5674,210.161,235.7485,188.1033,161.9658
2024-01-19,177.084,164.2204,181.002,175.1734,250.1243,224.1852,238.614,191.8758,202.1052,226.305,251.766,177.3462,213.3869,239.3912,188.0132,161.9112
2024-01-22,178.1449,165.5934,180.2146,174.3635,248.5481,222.8121,238.6188,191.4456,202.5102,226.0086,252.0618,177.7964,213.0102,239.2531,188.6649,161.9762
2024-01-23,181.7319,168.4198,180.2191,175.1061,250.8484,223.8878,239.0755,191.9392,205.2508,226.1506,255.736,178.5591,213.8058,245.3692,189.3092,162.0173
2024-01-24,183.2211,168.5807,180.2351,174.4069,248.614,222.1178,238.8793,191.8187,204.9507,226.4636,257.3587,178.4246,216.25,245.7753,190.7843,162.0204
2024-01-25,185.8029,170.2898,180.1633,175.0876,249.5485,222.4882,238.7475,190.5875,207.2704,226.6625,262.3162,178.84,215.0351,251.1055,191.4629,162.0227
2024-01-26,191.212,173.5919,178.5507,174.4748,251.7499,224.6153,241.5471,190.715,208.413,227.0612,261.7707,179.2627,217.4245,254.0561,191.3189,162.0219
2024-01-29,190.4431,171.8925,177.9278,173.2912,251.5704,223.8955,240.8465,190.1618,206.4924,226.2291,260.8892,180.8097,213.3141,249.4404,190.8016,161.9619
2024-01-30,188.1937,170.4465,178.7627,174.0884,249.5634,223.814,240.0501,189.9089,206.136,225.7996,262.9147,179.1024,214.7319,250.3377,191.4008,161.95
2024-01-31,186.8723,168.6706,179.9641,175.7466,251.2044,224.0395,240.511,190.4981,207.2221,226.3963,264.3198,176.4296,214.7099,251.7078,191.0984,162.0555
2024-02-01,189.8843,168.8642,180.6362,175.8893,251.8181,225.8337,241.5088,191.0664,206.2554,227.2279,265.8111,178.1446,216.2,258.7184,191.6592,162.0158
2024-02-02,188.6276,168.1054,181.1555,176.2845,250.1045,224.2569,239.0427,190.2812,205.2762,226.6466,264.8451,177.081,218.9275,260.1315,192.6845,162.0608
2024-02-05,191.2913,168.06,180.2406,176.0498,248.8795,223.9353,239.2027,189.8858,206.3753,225.6082,266.5102,176.7391,219.6272,261.0042,192.4562,161.9603
2024-02-06,195.07,169.7022,180.6682,176.9577,251.6408,225.7828,241.1906,190.5422,208.327,227.3554,269.3197,177.5179,220.9838,266.4892,193.3904,161.9903
2024-02-07,194.9118,169.786,181.1112,177.2936,250.7517,225.6234,240.9665,190.5168,207.514,226.9364,269.9216,177.9744,221.6605,270.3593,194.122,161.9931
2024-02-08,197.0486,173.002,181.4553,177.452,252.2936,227.2167,243.814,191.8029,207.6253,228.3675,268.0627,177.0551,225.4836,274.2722,195.6246,162.0086
2024-02-09,200.911,174.0549,180.6445,176.856,255.3559,227.3376,242.0192,191.4411,209.237,228.8641,272.2173,176.8781,224.8177,274.9544,196.4129,161.9437
2024-02-12,200.8941,173.0699,181.13,176.6805,255.9419,227.3453,242.693,192.6893,208.1887,228.5016,272.3039,174.6896,223.4978,277.8471,195.808,161.9317
2024-02-13,196.5898,170.0022,181.4499,176.9123,254.9411,226.2087,242.3848,193.3057,206.6063,227.8514,270.8506,175.4125,223.1537,274.8085,193.7456,161.8596
2024-02-14,195.5687,169.3121,181.7574,177.926,256.926,227.2267,244.4371,193.675,207.379,229.466,268.1106,174.7579,221.8179,272.975,193.6135,161.8987
2024-02-15,190.0596,167.5632,182.9554,179.121,255.8162,226.0496,243.8748,193.3052,207.352,229.0589,269.7163,174.5096,218.6168,271.7315,192.8433,161.9033
2024-02-16,189.4675,168.4911,182.4416,177.8177,254.5879,225.288,243.0872,193.4904,206.0399,228.3101,271.2715,173.9586,217.7024,275.0651,192.0739,161.9644
2024-02-19,188.448,167.0218,181.7202,177.5527,256.8383,227.0235,244.123,193.7617,205.1388,227.8013,269.8669,172.878,213.6151,270.1039,191.425,161.9734
2024-02-20,190.014,165.8857,182.6221,177.7609,257.2687,226.8937,243.7912,195.2359,205.6329,227.127,271.6014,170.9653,214.4565,270.1446,191.8973,161.9376
2024-02-21,184.4025,160.3021,182.7176,177.9578,253.1649,225.2775,242.6616,193.6138,202.2063,226.7462,267.4391,172.0915,210.6232,262.5366,192.2206,161.974
2024-02-22,185.1063,159.4317,181.9732,177.6205,252.8261,225.2402,242.626,192.4904,200.9326,225.647,265.2288,170.4797,210.3549,262.3915,191.6719,161.9742
2024-02-23,186.7371,158.6591,183.3531,178.9149,254.357,226.0425,243.8875,194.7021,202.4552,225.6195,267.7084,170.3652,211.4159,264.9377,191.8491,161.9181
2024-02-26,188.3795,159.5107,184.4184,180.2601,256.0061,228.4343,245.342,195.9164,204.7375,227.6607,269.0179,168.8445,213.3619,270.4982,192.2448,161.8669
2024-02-27,187.098,157.5683,184.7902,180.2119,253.7346,227.4249,243.1125,195.2149,204.1152,226.7935,268.2899,167.6556,215.013,267.3485,191.9234,161.9854
2024-02-28,189.1425,158.9024,184.9928,181.0083,256.1461,229.1246,243.9264,195.2357,205.2347,226.1739,269.1064,163.2521,215.2921,269.9478,193.2258,162.0675
2024-02-29,190.1907,160.0939,184.159,180.4538,256.7847,230.0328,244.563,195.4119,205.5849,225.7763,269.7835,164.5322,214.2054,269.3716,193.0108,162.0869
2024-03-01,196.8488,163.4056,184.3623,181.1832,260.7851,232.3662,246.0129,196.4032,209.8018,227.1661,276.1955,165.2274,215.0868,276.7775,194.0633,162.1758
2024-03-04,200.8051,163.1845,183.8793,179.7875,259.325,232.3722,245.4096,196.5906,210.3617,226.9287,278.1384,164.252,211.9681,278.2233,194.5774,162.1239
2024-03-05,202.252,162.332,182.7794,178.5893,256.1552,230.2487,242.8876,194.587,209.8807,225.6799,280.3966,164.7304,211.2453,276.8792,195.1461,162.1761
2024-03-06,197.7745,160.451,183.3678,179.7369,256.6245,231.1103,243.7763,195.0376,210.6878,226.9775,281.3616,163.05,210.8846,272.327,194.574,162.1276
2024-03-07,197.9784,161.0119,183.2032,179.2532,258.6953,231.2569,243.2471,195.6099,209.3945,227.7455,278.857,162.9222,212.1017,273.4692,194.6463,162.1046
2024-03-08,197.3866,161.4011,184.6247,180.0487,258.78,232.4336,242.3313,196.4474,209.883,227.0278,280.7162,165.0256,213.1376,273.9104,195.0901,162.0955
2024-03-11,193.9698,159.2931,184.8507,180.1749,257.3068,231.8126,240.5985,195.8614,209.9434,226.7564,281.1377,162.6472,211.7078,270.2432,194.1994,162.055
2024-03-12,194.6896,159.1921,185.9471,181.0982,256.4208,231.6195,239.534,195.6376,211.9725,226.6208,287.6077,161.9395,213.4094,273.5413,194.5417,161.9568
2024-03-13,202.0271,163.2265,185.4571,180.3862,258.4146,232.9046,240.2012,196.5084,212.2445,226.6655,289.6524,161.6843,219.6523,285.8445,194.9725,162.0
2024-03-14,200.4291,162.0052,185.0445,179.4382,255.3255,230.7836,238.7667,194.9417,210.3409,225.7203,287.694,159.3061,219.5664,282.3479,195.5801,161.9099
2024-03-15,200.9211,161.1034,185.5075,179.5658,255.5275,230.0881,237.4001,194.8997,210.6629,225.9621,290.8869,162.1023,218.7212,285.2076,194.6195,161.9267
2024-03-18,201.3063,160.4111,186.1072,179.8601,256.9801,230.8617,237.7792,195.7736,210.3309,225.9858,290.065,165.03,217.7836,284.1299,194.1845,161.9544
2024-03-19,203.2821,161.5233,185.409,179.4301,257.4755,232.5904,238.035,195.6313,210.5885,226.5358,289.6884,164.9233,219.9627,285.8913,193.8381,161.8502
2024-03-20,203.1219,162.1267,186.4645,180.5984,255.8697,232.466,239.4761,195.5886,210.6087,226.5125,288.2293,165.3589,223.7588,292.7859,192.9543,161.8722
2024-03-21,202.2221,162.2737,186.3955,179.9666,255.4795,231.0569,237.4831,194.6117,209.4543,224.8399,287.7101,164.829,223.2957,291.6983,192.3281,161.8811
2024-03-22,198.5986,160.4117,187.199,180.7294,256.2213,231.1062,236.591,194.9443,210.7593,224.8185,289.9246,165.0174,220.5027,284.8376,191.465,161.8814
2024-03-25,201.8879,163.2107,187.3845,180.6379,258.7469,233.9532,239.3096,196.9629,212.5909,225.6414,291.8799,164.5108,220.4009,288.1915,191.7359,161.9556
2024-03-26,201.7841,162.362,188.1987,181.513,260.987,237.0163,240.6493,198.7119,213.6825,226.6744,292.3894,161.5924,219.3995,286.9858,192.3477,162.0046
2024-03-27,207.7683,164.7019,187.8227,181.6072,262.5092,238.3342,241.6404,198.7287,215.8158,226.677,291.9607,162.5896,218.7644,294.2951,192.1099,161.9972
2024-03-28,209.9644,165.9936,187.8504,182.0513,263.8657,239.7488,242.5682,199.7444,217.9952,227.2585,293.6832,161.6739,219.9518,297.77,191.745,162.1147
2024-03-29,212.4087,165.9214,187.4303,181.6827,262.6768,239.3178,242.5523,200.3735,218.9501,226.8058,293.2673,161.1606,219.9925,299.5394,191.3949,162.1811
2024-04-01,211.38,164.0632,187.0844,181.0113,261.3529,239.0926,241.3109,200.3135,218.0833,226.2248,291.8833,160.3937,218.0795,297.342,190.3641,162.202
2024-04-02,206.8762,162.2562,187.4629,181.8516,260.0424,237.5986,241.0992,200.3168,220.368,227.6582,292.9725,158.0052,215.4527,292.2221,190.2589,162.1795
2024-04-03,207.5242,162.2288,186.6785,180.8178,260.3716,236.916,240.6714,200.3782,219.3088,227.3908,290.9156,157.8138,214.6973,289.3989,190.5468,162.2186
2024-04-04,208.5731,162.8503,185.9484,180.7519,261.4397,238.5142,241.2086,199.9449,219.0973,226.9239,293.9301,158.1057,214.0353,292.2667,190.447,162.2431
2024-04-05,207.115,162.6193,186.6422,181.3967,261.3435,238.6554,241.4961,200.2362,218.1691,227.3963,292.2078,158.2973,212.0384,298.3251,190.5282,162.3139
2024-04-08,208.0437,162.3409,186.2622,180.6796,257.9421,237.4964,240.7524,199.2906,218.0553,227.2267,292.6793,159.8328,212.652,295.77,191.6976,162.2555
2024-04-09,209.6703,162.7803,187.0464,180.1516,257.3577,236.1028,238.7986,199.8107,217.655,228.623,293.9438,162.0461,216.1247,300.1518,192.1078,162.22
2024-04-10,208.1838,163.7285,187.274,180.1085,256.9917,236.936,240.0792,199.8009,216.3764,228.0968,294.7938,163.1954,215.8858,301.8301,191.8332,162.2282
2024-04-11,211.4269,165.9502,187.148,180.1044,257.8099,237.1777,240.2205,200.2616,219.1258,228.2806,296.4878,163.4004,216.8717,302.9373,192.1145,162.3722
2024-04-12,210.0247,165.4945,188.7213,181.5206,256.3245,236.6281,240.7165,201.5903,219.9501,229.1048,299.2653,163.9117,219.6848,306.4716,193.7228,162.3061
2024-04-15,210.8466,165.5676,187.6312,180.4473,254.4061,235.3538,239.517,201.2805,219.1602,228.326,298.1295,162.2316,219.4884,308.4247,193.8822,162.3722
2024-04-16,212.0962,166.6748,187.7333,180.7453,255.2973,237.1192,241.527,201.816,220.1317,228.9089,300.9319,162.9351,220.1123,308.679,194.4093,162.423
2024-04-17,210.0037,165.087,187.3537,179.8316,253.5094,235.0715,240.0758,201.3479,220.3151,228.2502,300.2024,163.5699,214.8344,301.3544,193.7037,162.5206
2024-04-18,212.846,166.4147,187.2619,179.8319,253.4463,234.7402,241.0351,200.9922,221.2033,228.1666,300.267,165.6421,215.2315,303.9309,193.6078,162.5049
2024-04-19,215.7309,168.9204,187.89,181.0486,257.2273,237.3421,243.1143,202.0974,222.5368,230.0043,300.8191,165.9054,216.226,313.1496,194.7863,162.5932
2024-04-22,214.0436,166.5415,187.8879,180.6887,255.0859,236.5757,242.4248,202.0268,220.8101,229.4671,298.7731,167.8014,216.0533,311.4722,193.1566,162.6955
2024-04-23,209.5126,165.1901,187.7346,179.6781,253.0224,234.8871,240.8387,201.4144,219.6259,228.6209,297.5994,169.3504,211.3036,303.8239,192.0678,162.6294
2024-04-24,207.6701,164.4736,187.7903,180.0025,253.1607,235.0625,241.6823,201.8635,219.8418,229.0609,298.6573,169.251,212.6184,300.582,191.638,162.6781
2024-04-25,203.7514,161.0369,188.3124,180.3902,253.7705,235.7081,241.3482,202.4224,218.2293,229.2533,294.6815,167.1538,209.5685,295.0961,190.9498,162.6981
2024-04-26,203.9895,161.5133,187.8857,179.6694,252.3759,235.6522,241.8127,201.9586,216.0157,228.5177,295.7124,166.7009,210.4728,301.4334,190.2392,162.9242
2024-04-29,201.893,160.0228,188.1907,180.3471,251.9083,235.6658,241.3277,202.0606,216.57,228.6081,295.5308,170.1408,209.955,294.6578,190.604,162.8662
2024-04-30,201.2159,161.7822,188.087,181.1021,256.5083,236.1961,241.9255,201.8668,217.5581,229.3289,295.2776,171.1038,209.6125,291.8738,190.9213,162.8803
2024-05-01,199.0539,161.6676,188.7117,181.5247,257.5406,236.1617,241.8612,202.0992,216.9815,230.1812,294.621,173.58,208.3783,291.2948,191.1512,162.8563
2024-05-02,199.9238,163.0715,187.279,180.6217,258.1407,235.8563,242.2518,200.5677,216.4701,229.0321,296.1113,173.0481,208.7002,287.5828,191.5944,162.8645
2024-05-03,202.7587,165.8229,187.0586,179.5196,257.4279,236.6869,241.4445,200.6444,216.9877,227.9731,297.2368,171.8454,207.6166,288.0805,193.6517,162.8439
2024-05-06,202.1984,166.944,187.0728,178.9524,256.6972,234.4294,239.8509,200.0789,215.9499,228.1545,296.6257,171.0739,209.0545,294.0244,193.1115,162.9189
2024-05-07,200.2917,167.3656,186.6933,178.2096,254.9645,232.8298,237.8079,199.004,215.2404,229.3113,295.9985,170.4283,210.4751,295.6863,192.8632,162.8532
2024-05-08,198.4061,168.4452,188.3289,179.2882,257.4364,233.4115,238.9194,199.8581,215.6065,230.5815,295.2543,170.1336,213.695,295.7554,192.3042,162.9179
2024-05-09,201.2235,170.4682,187.5969,178.6389,259.5549,232.4301,239.6415,199.7809,216.0085,231.0385,294.3233,172.6808,213.4483,297.2179,191.9079,162.8617
2024-05-10,199.2057,168.2636,187.946,179.3433,258.9264,234.1986,239.632,199.8783,217.0452,231.5397,294.6003,171.0375,214.1929,290.9764,191.4172,162.9495
2024-05-13,199.2474,167.8369,187.2931,178.8925,258.6889,234.7589,239.3005,199.5889,215.8649,231.8365,291.9309,171.2203,213.9005,290.0505,192.034,162.9489
2024-05-14,197.56,166.493,187.2328,178.9442,257.4162,234.4624,239.002,199.9068,217.2452,232.2967,292.07,169.4898,211.1689,286.9207,191.7767,162.9279
2024-05-15,198.5277,166.5181,187.5091,179.1795,257.036,234.7084,237.8296,199.6534,217.0492,232.0746,289.7267,168.5837,213.2919,289.489,191.8468,163.0638
2024-05-16,197.8663,165.6194,187.4878,178.9803,255.3929,233.3067,236.8745,199.9563,217.987,232.9595,289.0002,167.7265,210.4168,288.8682,192.6984,163.0863
2024-05-17,197.8625,165.2791,186.0181,177.8629,254.6358,232.6789,235.0638,198.3711,217.8182,231.8876,286.6443,168.3667,209.4221,282.8509,191.3909,163.1301
2024-05-20,199.6507,165.8091,186.0568,176.6573,254.5445,232.7716,233.2473,198.6374,217.5732,232.1088,287.3218,166.3282,207.1853,287.4921,191.2238,163.1032
2024-05-21,198.3199,165.7753,185.3858,175.7282,252.2782,231.5629,233.0691,197.3199,215.1585,231.769,288.9454,166.1521,208.6446,287.2208,191.902,163.1815
2024-05-22,205.3384,168.6539,185.7046,175.2863,252.7265,231.1065,231.8198,197.4864,215.5495,231.8143,292.8004,167.4594,213.7589,301.0269,192.7566,163.1847
2024-05-23,208.0142,169.5949,185.6437,175.0839,254.6046,231.7009,233.1441,198.28,215.5051,232.7239,291.9801,168.6175,215.5083,300.5319,193.6639,163.232
2024-05-24,204.8119,167.2205,186.6189,175.6096,252.6329,231.8266,232.5922,198.2788,214.7584,232.6271,291.4552,169.0524,214.9304,296.2294,193.9901,163.1987
2024-05-27,201.5472,164.4977,185.8165,175.0923,252.8094,230.2299,231.2188,198.0497,212.4544,231.6457,286.3293,165.6678,212.3547,290.564,193.5655,163.2072
2024-05-28,199.3258,163.3297,184.0509,174.6263,251.2743,231.1677,232.5821,196.8509,211.4196,230.7784,282.8676,165.5304,210.4826,283.5215,192.7274,163.1723
2024-05-29,198.1315,164.4708,184.3885,174.8453,253.8728,231.5142,231.9006,197.7793,212.2422,231.5893,283.8822,166.2123,211.1033,283.8945,191.9414,163.1878
2024-05-30,201.2455,166.6629,183.1692,173.8803,254.4274,234.0265,233.3693,198.1243,213.6809,232.1839,282.5512,168.0652,212.6082,278.8505,191.8782,163.1493
2024-05-31,200.1343,168.977,183.1851,174.6285,256.083,235.6393,235.1022,198.6045,215.3202,232.6511,283.2443,167.4167,212.824,278.2048,192.5055,163.1302
2024-06-03,199.5805,168.4321,182.6121,173.7358,254.7221,234.2916,234.477,198.8086,214.1518,232.3663,278.9696,165.2072,211.4576,275.5785,193.2847,163.1617
2024-06-04,200.0295,168.0262,183.1721,174.8297,255.0112,236.3313,236.0298,198.5426,215.7297,232.9312,280.9909,163.9104,208.6687,279.9278,192.8784,163.1163
2024-06-05,200.3581,169.3788,183.3489,176.0445,256.5044,237.3159,236.971,198.2827,217.5788,233.2622,282.8101,165.3349,209.7705,282.3105,192.7776,163.0379
2024-06-06,202.3937,169.613,183.4381,175.9985,255.7228,238.2259,238.0012,199.3159,220.419,234.3125,284.2888,165.1685,208.8612,280.0383,193.117,163.1388
2024-06-07,196.2113,167.0218,183.5232,176.387,252.9496,238.3676,238.1309,198.9269,218.8416,234.1766,282.1931,160.8735,206.9968,276.815,192.8525,163.2034
2024-06-10,196.1391,168.2278,182.9061,175.9362,254.618,238.9251,238.184,198.7448,218.4083,234.8264,279.1621,159.0438,206.6128,278.4998,192.119,163.1887
2024-06-11,200.1759,169.7867,182.8714,175.8018,254.8289,240.1969,239.2969,199.7742,218.7754,235.0706,280.6534,159.2978,210.9916,284.2109,192.57,163.1667
2024-06-12,199.3421,168.642,183.4896,176.4731,255.8651,239.6509,238.5229,200.0762,218.1958,234.5766,279.1556,159.2617,212.1508,282.5077,192.8542,163.246
2024-06-13,205.5508,172.4594,183.4461,177.5251,260.9692,243.8193,243.1137,201.1942,220.881,236.3591,280.243,159.7961,214.3477,286.7632,194.7077,163.2508
2024-06-14,205.2949,172.9223,182.9178,176.3794,259.9369,242.6731,240.894,200.3552,219.3802,235.0731,280.5733,159.8949,214.6716,289.2615,193.1527,163.3245
2024-06-17,205.9452,174.4652,182.5056,176.2405,258.5335,242.5776,241.3006,199.6867,220.0986,234.9485,280.8167,160.3236,215.6306,291.4378,192.8137,163.4104
2024-06-18,203.9094,173.9535,182.0161,175.6893,257.1717,241.9598,240.5582,199.1561,219.4132,234.5977,279.4707,161.7563,214.7568,285.6817,192.819,163.3782
2024-06-19,201.6519,173.7526,182.2201,175.59,258.328,242.5266,240.0086,199.4117,217.6597,234.7554,277.7719,161.2436,214.4908,287.4633,192.0065,163.3492
2024-06-20,206.1421,175.2351,182.1901,176.2946,260.2064,245.1939,241.2792,199.2414,217.8862,234.5726,276.4597,162.0977,213.2007,293.1266,194.1825,163.3317
2024-06-21,209.9585,175.5949,182.6302,176.1422,259.3066,246.4819,242.9219,201.133,218.7832,235.4965,276.0351,162.8272,214.8809,294.8671,195.3,163.3786
2024-06-24,207.751,174.2245,183.223,176.7307,260.8791,246.9032,243.2757,201.2867,218.1146,235.8152,274.3783,160.4693,213.6682,294.853,194.2512,163.5569
2024-06-25,210.7447,176.9065,182.7427,176.6307,263.6135,248.8898,245.5563,201.6953,219.11,236.1921,273.3793,161.2557,213.7515,296.1162,194.1069,163.4502
2024-06-26,213.5829,177.5262,182.2889,176.3921,266.8652,250.8678,246.7532,202.784,219.1426,236.6116,272.7052,160.3078,216.9127,294.503,194.0005,163.4659
2024-06-27,211.7587,177.0935,181.9029,175.6014,266.8451,249.4385,245.6624,202.1998,217.8851,237.0529,271.967,160.1959,214.5711,291.7602,194.4871,163.3807
2024-06-28,211.6705,177.8103,182.6167,176.5537,268.5391,249.8114,246.2193,202.652,219.2653,237.9741,274.4146,160.1866,216.8463,291.1578,195.5666,163.4307
2024-07-01,219.6428,181.1408,182.8617,177.2222,269.9891,252.5659,248.4882,203.2,222.6898,239.608,278.4619,158.7543,219.7914,302.0945,197.3593,163.3637
2024-07-02,214.1974,178.7223,183.5905,178.1021,268.9329,253.3074,248.381,203.8657,222.7107,239.2217,277.6478,156.5078,217.8245,295.6021,197.4981,163.3986
2024-07-03,212.3408,177.9605,182.8187,177.4921,265.4959,252.2214,248.6408,201.9593,220.4415,237.7905,277.4123,157.5694,219.4113,292.5816,197.129,163.3039
2024-07-04,212.2002,176.6266,183.2917,177.5806,265.5836,251.8421,246.9067,201.9562,219.5607,237.859,275.0735,158.0084,219.9947,291.0678,197.6409,163.3697
2024-07-05,212.1112,177.6698,183.311,177.9772,265.5711,249.8172,246.4335,201.515,221.5656,237.5724,276.7256,158.2127,219.4558,289.515,198.3459,163.3422
2024-07-08,216.6674,179.1771,182.3008,178.3141,268.3194,251.8555,249.3309,201.9213,224.1903,237.2567,277.0114,159.7749,220.1369,284.5154,198.9489,163.2043
2024-07-09,212.3104,177.4707,182.8876,178.7583,266.6365,250.6019,248.5358,201.7092,224.2994,237.6768,278.1844,160.5698,219.1596,280.1886,198.9403,163.215
2024-07-10,213.4964,178.167,181.5617,177.4814,269.8193,250.3658,247.4556,201.4136,223.5452,237.8198,275.1196,157.2363,221.2747,275.9966,198.036,163.3595
2024-07-11,211.2409,175.7964,182.4805,178.3948,269.8616,249.9,246.4289,201.5973,223.7671,238.5314,273.5291,157.8762,221.5537,272.719,197.8554,163.363
2024-07-12,211.0587,174.9137,182.3633,177.7149,267.9288,250.56,247.2815,201.599,222.733,238.993,273.1395,157.0782,219.9399,275.2827,196.6029,163.3555
2024-07-15,213.3181,175.7391,182.8507,177.9303,266.7189,248.9449,247.5617,201.5913,223.8161,240.5581,274.284,155.9569,223.1991,282.1094,197.016,163.3232
2024-07-16,215.9901,178.2657,182.5726,177.3659,268.4134,249.732,246.601,201.8469,223.8925,239.4682,273.7473,156.9297,225.2161,283.0854,197.1369,163.2791
2024-07-17,216.2169,179.8062,182.2105,176.7093,268.7639,249.2371,247.0512,201.847,225.551,239.9852,275.0725,156.0922,219.9875,280.6311,198.1129,163.364
2024-07-18,216.1241,179.2774,181.7874,176.4811,268.081,251.3643,248.0876,201.7294,225.1998,239.0574,275.4032,156.1804,220.5486,278.685,196.5222,163.437
2024-07-19,219.473,179.7427,181.4143,175.9087,266.8319,250.0402,247.4115,201.462,225.4749,237.7337,273.6375,155.9007,220.4292,282.5866,195.5471,163.4443
2024-07-22,216.3052,177.3156,181.4371,175.564,266.4096,250.5202,247.7169,202.2289,225.716,238.1264,274.1359,155.0718,215.5868,276.0886,194.7098,163.4282
2024-07-23,211.6699,174.4071,180.9686,175.1299,262.2102,249.2368,246.0447,201.4477,224.4427,236.3448,273.0258,153.1853,215.5172,268.7623,193.9764,163.4512
2024-07-24,217.5666,177.5121,180.4482,173.3495,262.6113,248.1227,244.4807,201.5382,224.4842,236.144,274.507,152.7434,214.3898,275.5412,195.0944,163.3952
2024-07-25,219.0961,178.0877,180.2871,173.6278,267.5983,249.5707,245.7806,202.6425,224.5531,236.2865,272.3767,151.8633,214.4666,275.6737,194.042,163.4043
2024-07-26,218.8195,178.026,181.2946,174.6804,268.6667,250.3825,246.4298,203.4201,226.5268,236.8899,274.5779,151.4343,217.3836,272.6715,194.4855,163.3958
2024-07-29,219.9341,178.073,180.6759,174.3539,268.8817,250.5365,247.7307,202.662,226.1758,236.8716,272.9733,151.517,217.5995,269.7604,194.3765,163.4083
2024-07-30,225.4839,181.6468,179.8339,173.521,270.6173,251.9901,248.9255,202.3484,225.4655,236.9381,272.9482,152.0811,220.8721,277.5133,194.226,163.4437
2024-07-31,230.2838,183.3207,179.1574,173.2298,270.0289,251.0901,248.2118,201.8603,226.5003,236.5142,272.1554,154.8027,223.8319,277.9768,195.4162,163.4746
2024-08-01,226.4747,182.8707,178.5321,172.9615,270.5348,252.6603,249.4611,201.4414,226.598,237.4526,271.0571,151.2803,221.1881,270.3472,195.7863,163.4779
2024-08-02,225.5642,180.6185,178.9437,173.5285,269.2159,251.8831,249.4308,202.379,227.6461,238.0999,270.4605,152.5606,218.7965,269.1053,195.935,163.5352
2024-08-05,226.9166,180.3687,179.3512,174.4968,269.5478,252.2559,250.1136,202.6804,229.4496,238.927,271.8011,154.2116,220.824,271.1082,195.37,163.591
2024-08-06,228.6724,182.1849,178.9917,174.3887,269.4367,253.1871,249.5417,202.7452,231.231,238.5145,274.0306,156.6656,222.2068,272.2926,194.6195,163.5517
2024-08-07,226.2952,181.2065,179.3744,174.2441,268.8707,251.7884,248.761,202.2173,229.996,238.8263,275.6836,157.1381,223.4133,271.7684,193.8912,163.592
2024-08-08,227.6261,181.3427,178.6979,173.7131,267.0721,250.3504,247.9551,201.8447,230.2139,236.7049,275.7251,155.4273,221.0061,271.2414,194.8144,163.626
2024-08-09,232.3911,183.1417,178.369,174.6204,271.8955,252.1614,249.351,201.7499,234.0128,237.269,276.3456,153.167,221.4681,271.4541,194.6251,163.6078
2024-08-12,233.0742,184.2018,178.1781,174.5232,273.4518,252.0104,248.9852,200.8033,234.0115,237.5154,277.0964,151.7557,221.9689,270.4521,195.7776,163.6219
2024-08-13,231.0613,183.6375,178.9269,175.1487,272.856,251.8531,249.5987,200.4087,233.2646,238.4397,276.8605,151.7397,223.3921,270.8694,196.3838,163.5676
2024-08-14,232.1136,184.1462,177.879,174.295,272.5101,251.7371,248.8117,200.6672,232.7102,236.672,273.1894,152.7927,222.5393,267.5485,196.1312,163.5852
2024-08-15,227.1197,180.6472,178.554,175.2983,271.6418,253.3676,248.8443,200.6698,233.9167,237.2679,273.9454,151.6584,220.7401,259.1385,195.4178,163.7603
2024-08-16,226.4546,179.6777,178.5366,174.5607,269.411,252.6839,247.1082,200.5536,235.1502,236.97,274.7604,150.7161,220.0562,253.1619,195.3408,163.6787
2024-08-19,230.809,182.8064,178.5183,173.5936,269.2351,254.5737,247.9952,201.1652,235.0005,236.478,274.6202,151.2036,220.0105,256.9576,196.0847,163.728
2024-08-20,229.5289,181.3001,178.486,173.5632,267.4541,252.9333,247.9492,201.019,234.7276,236.9044,275.434,150.4877,220.4319,255.2199,196.7867,163.8732
2024-08-21,228.1406,182.2169,179.4264,174.5758,267.6106,255.4979,249.6001,201.519,236.5899,237.9861,278.7694,149.7261,220.6134,257.1954,196.756,163.8078
2024-08-22,230.0492,184.8361,179.7167,174.9807,270.2005,256.8041,249.6097,202.6493,237.819,238.2293,277.1555,151.0202,222.6171,257.2585,197.9674,163.8218
2024-08-23,228.6853,182.8284,179.4949,174.597,267.7835,255.3028,247.7769,201.2977,237.2137,236.6603,276.1014,150.1437,220.7026,255.0489,196.6995,163.8839
2024-08-26,232.6276,185.3268,179.9231,176.0982,271.3075,258.8072,250.6683,202.2003,239.2125,237.1463,276.0001,149.6629,222.4164,261.6697,197.0582,163.978
2024-08-27,232.9116,185.6587,180.9741,176.7134,269.4185,258.2244,250.3275,202.8846,239.266,237.1329,277.8503,152.466,225.3399,268.5407,196.5725,163.878
2024-08-28,233.0449,183.3723,182.1271,178.1922,271.1631,259.3697,252.3288,204.7769,241.0904,237.9572,278.4609,152.7002,226.9286,264.513,196.6614,163.9011
2024-08-29,237.5337,185.1882,182.13,178.8037,271.9855,259.5293,251.9608,205.4788,243.9665,238.9675,280.5857,154.092,230.2052,270.1556,197.4022,163.9403
2024-08-30,239.0707,186.9405,181.5399,178.4766,275.5226,260.4743,251.1014,204.9313,243.3747,238.7188,278.6072,153.6423,230.9701,269.9201,197.4284,163.8911
2024-09-02,241.8052,188.0756,180.6503,178.5951,276.6402,263.435,253.6962,205.2543,245.866,238.5564,280.4657,153.6293,230.731,267.97,196.6715,163.9002
2024-09-03,240.1264,188.3592,180.4884,177.927,277.6136,262.823,252.7593,205.5936,245.9936,238.4873,278.2014,154.5717,226.9088,263.8898,196.0596,163.869
2024-09-04,242.3153,191.354,180.7709,178.0159,277.7636,262.713,252.8203,206.3366,246.9683,237.9012,282.6373,155.813,228.0935,270.0993,197.072,163.9278
2024-09-05,240.3369,190.2582,180.6445,177.5997,275.1494,261.5216,251.7702,206.1442,247.4427,237.1061,283.2131,153.279,226.3348,268.7817,196.3959,163.8877
2024-09-06,239.7923,191.4252,180.092,177.1479,273.2576,261.8672,252.0788,205.6703,248.1275,236.0736,283.314,152.0064,227.0578,266.42,196.0011,163.9389
2024-09-09,238.4376,190.1722,180.594,176.8403,273.1022,261.8546,250.6857,206.0868,246.8353,235.9659,285.1365,153.7005,224.7478,267.7462,195.577,163.9704
2024-09-10,237.3977,189.0876,180.8933,176.9403,277.0404,263.9158,250.4109,207.181,245.676,236.66,281.6592,154.8843,220.5993,266.9636,194.8321,163.994
2024-09-11,234.8745,187.7839,180.3689,176.2816,275.841,263.704,249.3473,206.5247,244.0755,236.4838,281.1072,156.4817,217.2241,264.1772,194.7004,164.1067
2024-09-12,227.9105,185.4879,180.0923,176.2374,273.4833,262.0195,249.1838,204.7378,240.5917,235.7323,277.5396,156.1874,217.2132,260.6136,192.967,163.9872
2024-09-13,229.835,188.1174,179.7594,176.8426,275.8754,263.6981,251.0613,204.1139,241.9267,235.8514,278.6383,158.1521,215.4034,261.9392,194.0834,163.9538
2024-09-16,232.0333,190.848,180.1551,177.3303,277.8429,265.6209,253.8128,204.9444,243.6052,236.3737,282.6616,159.625,216.6282,264.2346,194.4765,163.9292
2024-09-17,234.3571,191.128,180.5815,178.251,280.5647,267.7108,255.5871,205.3756,244.4016,237.6288,283.748,159.2388,218.8282,266.177,195.2389,164.0032
2024-09-18,231.3627,190.2694,180.5388,178.0569,276.1815,265.6442,254.9857,204.3515,242.3238,236.2686,280.7296,161.9726,218.5416,264.9019,195.0453,164.1574
2024-09-19,230.5969,188.2664,180.67,178.9737,276.3541,266.0758,255.519,203.4595,242.4379,235.7665,281.7946,161.835,218.3963,263.4467,194.6297,164.1879
2024-09-20,233.1642,188.9046,180.3941,178.8944,275.9359,266.3904,255.958,203.3866,242.4561,235.4232,281.5582,160.2877,219.1863,266.555,195.4215,164.2769
2024-09-23,227.5048,185.1397,181.1948,179.113,272.9931,263.5848,254.0277,202.7093,239.776,235.2446,281.0434,159.5322,219.9813,264.9055,194.6896,164.4163
2024-09-24,229.8655,187.068,181.8667,179.9134,275.6664,264.7418,254.0325,203.4359,242.4866,236.2616,283.2244,159.9984,219.1556,268.2221,195.6588,164.4677
2024-09-25,227.6508,185.4283,182.215,179.7865,274.9765,264.0828,253.4171,204.3775,243.6627,237.3265,283.3021,157.5677,218.2078,263.7485,195.6692,164.5111
2024-09-26,226.2419,185.0192,181.6367,180.1197,275.7918,265.639,254.4953,204.6927,244.3958,237.1252,281.8033,155.9039,219.4198,258.4849,195.333,164.5875
2024-09-27,227.9891,185.781,181.8751,180.067,278.1802,265.6736,254.3991,205.062,243.8247,237.6372,282.3717,154.7464,219.3998,262.2044,196.0529,164.6502
2024-09-30,234.1854,189.894,182.1554,180.3409,279.5074,266.6717,256.361,205.5328,245.8243,237.7885,285.0988,156.8063,222.5193,269.3671,196.7288,164.6553
2024-10-01,232.5708,188.3732,181.7575,180.4644,279.3428,266.3841,255.4452,204.6372,245.8558,237.1573,284.5677,156.0922,222.655,263.908,196.5117,164.759
2024-10-02,231.8093,190.4265,181.9065,180.8975,282.3989,266.6069,256.1413,205.3062,245.8745,237.7145,285.2591,154.7828,223.7122,268.3868,196.3579,164.8642
2024-10-03,232.1612,191.686,181.7988,181.1588,285.4209,266.0836,255.1957,206.0276,248.0164,237.0361,287.4131,154.2848,222.4103,266.2858,196.8234,164.8334
2024-10-04,231.7259,188.9604,182.1245,181.9555,284.921,266.6429,253.8294,205.7089,248.2163,237.7781,285.8559,152.4268,225.3637,266.4753,196.2295,164.9924
2024-10-07,227.7545,187.3123,182.4401,182.3517,282.6412,266.1369,253.716,205.1715,247.998,237.6057,285.0385,152.4866,223.6433,263.5544,195.6931,165.0908
2024-10-08,226.3383,186.366,182.1371,181.8219,282.8497,265.8969,253.0065,204.2099,248.1897,237.2882,284.1976,150.0887,219.7714,259.508,194.7206,165.1155
2024-10-09,222.2067,183.9444,181.8418,181.0845,279.6519,264.4838,250.6844,204.3472,248.0853,236.0668,285.06,151.9001,218.9597,250.2287,193.8099,165.0787
2024-10-10,223.1418,185.7413,182.3454,181.7713,283.3601,264.6928,251.927,205.6388,248.5671,236.9301,285.1984,152.1708,220.0305,254.0676,194.123,165.0836
2024-10-11,227.021,186.5341,182.6595,180.9319,283.1096,263.1758,250.587,205.9594,248.0085,237.6603,287.8383,152.3239,219.9102,261.2323,195.1653,165.1379
2024-10-14,228.3214,187.7744,182.7615,181.6908,286.0952,265.5405,252.7278,207.0215,248.4799,238.5658,285.9367,152.2797,221.0893,262.0149,195.9913,165.2475
2024-10-15,228.7018,187.9968,183.6288,182.2598,286.5089,266.5671,253.5474,207.8831,250.3335,239.4061,288.0292,151.8826,222.0647,262.0151,195.8909,165.3107
2024-10-16,228.7079,187.0046,183.2359,182.3669,285.5234,266.6421,253.5549,206.5458,249.1544,239.4941,286.0977,151.5458,222.2264,261.7825,196.4993,165.2737
2024-10-17,230.9631,190.1207,183.8961,182.764,286.7154,266.7824,254.8126,207.4492,251.332,240.8191,285.8746,151.6254,224.8828,263.0216,198.0038,165.1854
2024-10-18,228.8153,188.1167,183.2576,181.8828,283.4454,264.4606,253.5227,205.9524,250.2756,241.1027,286.8144,150.3578,220.7478,260.16,199.405,165.1429
2024-10-21,229.5935,189.3504,182.8412,181.3155,282.8752,265.1045,255.6715,205.466,249.5662,241.6598,287.7807,150.2811,221.3728,261.8765,198.9719,165.0877
2024-10-22,225.1824,188.1445,182.8458,182.0965,282.6938,266.5666,256.5481,205.531,248.6574,241.3921,287.8093,148.3495,223.0291,258.0658,199.2388,165.0929
2024-10-23,222.3444,187.996,184.1886,183.2055,280.2755,266.3275,257.0642,205.8068,248.5067,242.9597,290.2232,149.2739,225.55,263.2956,199.8492,165.1398
2024-10-24,222.4411,189.2862,184.836,183.6617,279.2316,267.4199,259.009,206.4808,250.7402,243.2383,294.0871,148.2003,224.9671,264.0804,200.5138,165.2191
2024-10-25,225.8738,190.1962,185.8978,184.7323,279.7725,268.4796,260.4383,207.0687,250.727,243.364,295.2557,150.6402,227.8252,269.8023,202.0196,165.2839
2024-10-28,221.6146,187.722,186.6762,184.9878,278.3554,268.6906,258.2809,207.3402,250.5452,243.2562,294.5589,148.1376,226.942,266.7974,201.2699,165.3005
2024-10-29,219.7413,186.7206,187.6377,184.7997,277.0315,265.5232,256.0188,208.3934,249.8453,242.2985,296.9948,146.4685,228.8317,266.5323,201.909,165.2311
2024-10-30,218.5905,184.253,187.4809,183.9864,275.8522,264.8972,255.3623,208.7483,247.2296,241.0669,295.3957,145.0475,228.8205,264.9695,200.545,165.2356
2024-10-31,218.8862,185.0165,187.519,183.867,275.3291,264.0912,254.4262,208.3465,246.8739,241.279,294.308,145.7137,231.7022,263.5385,201.9264,165.1981
2024-11-01,219.5808,186.492,187.5919,184.1712,276.2902,264.5748,254.4062,208.9385,246.7141,241.6381,294.6153,146.2898,233.4627,269.2043,202.1721,165.2729
2024-11-04,220.9706,188.5613,186.811,182.7369,276.1259,262.6267,253.6058,207.9371,244.7324,240.9959,293.9891,147.0043,231.2536,274.3453,201.7959,165.3588
2024-11-05,218.822,187.3379,186.5526,182.3925,274.0695,260.9675,250.6836,207.1155,244.6779,240.9666,296.7661,147.4459,233.2307,273.1401,201.1499,165.3814
2024-11-06,220.3323,189.5343,185.7698,182.0594,275.3527,261.5661,251.3564,206.1175,243.3362,240.0958,294.4183,147.7183,232.1087,275.3547,201.8477,165.4342
2024-11-07,218.3345,187.8856,186.9513,183.3408,275.2274,261.9224,250.9715,206.859,244.0192,240.1966,291.7416,147.3775,233.2027,270.8542,202.9864,165.5874
2024-11-08,218.5442,187.8099,187.9053,184.2224,275.4139,263.2314,252.7752,207.5509,245.2374,240.4282,294.5469,148.2393,234.6225,268.2819,203.8714,165.5575
2024-11-11,220.6052,190.8381,188.248,184.3457,275.131,263.0892,252.9864,207.5929,246.0115,240.5757,296.7,149.8157,237.7487,270.3113,206.2811,165.5297
2024-11-12,217.8901,189.4253,188.5336,184.7183,273.2747,262.8093,252.398,206.8847,245.6111,240.5259,297.4271,148.3318,240.348,269.5672,205.4563,165.4354
2024-11-13,214.2254,187.0029,188.7414,184.8007,274.0268,262.0889,253.5653,206.3752,242.3621,241.1218,293.6341,148.2441,239.8586,266.2462,204.5024,165.5428
2024-11-14,211.7886,186.4761,189.2665,184.6482,272.753,262.6611,253.3904,207.2507,241.3129,241.6371,290.1239,147.6502,241.0112,263.7191,204.6524,165.5866
2024-11-15,217.9432,192.4876,189.185,185.5026,279.3039,265.6298,257.5771,208.945,244.7987,243.4797,293.3951,148.6614,244.9615,270.4164,205.645,165.677
2024-11-18,219.1003,192.5979,189.4287,185.7458,278.8251,266.2454,257.6618,209.3907,245.2101,243.0032,294.2076,148.7539,245.0331,274.0738,205.3006,165.675
2024-11-19,216.626,190.1958,188.6397,185.2884,275.5232,264.2954,256.2822,208.9807,246.2356,241.7133,295.4734,147.2283,243.6167,268.5845,203.8309,165.7893
2024-11-20,219.93,190.9959,187.848,185.204,277.0468,264.4502,257.1777,209.2857,247.6296,241.5975,294.1517,145.9519,244.5833,268.587,203.8766,165.8484
2024-11-21,221.7364,191.4831,188.1196,185.3517,276.3027,263.6843,257.2191,210.2187,249.297,241.9675,297.0346,145.3242,244.9079,269.9832,205.6891,165.9335
2024-11-22,221.5342,192.1342,187.6324,185.0257,276.3766,263.6528,257.5276,211.0293,249.8218,241.8033,296.7123,143.9494,244.6331,270.7032,205.1301,166.0307
2024-11-25,218.8792,192.6174,187.1855,184.8239,276.2797,262.3363,257.2382,210.1634,248.1259,240.4414,293.7883,144.6562,243.3731,266.9446,205.3966,166.001
2024-11-26,220.9199,194.1334,186.9744,184.2379,275.6957,262.1056,256.6715,210.3266,247.9782,238.2641,294.7863,142.7087,244.3498,267.655,206.1308,166.0398
2024-11-27,219.394,193.0224,187.4208,184.3254,275.2116,262.8198,257.3129,210.6806,247.3791,239.3848,295.4368,140.777,245.0377,267.2768,206.427,166.147
2024-11-28,221.4345,194.365,187.7306,184.3483,275.1289,262.5173,259.2704,210.9431,247.2137,238.9118,295.3793,141.2548,245.7168,269.23,206.9594,166.1181
2024-11-29,216.7401,193.7754,187.7741,183.5773,271.7815,259.4185,256.0372,209.0517,245.1347,238.367,292.7986,141.3616,246.229,265.4813,206.8002,166.0742
2024-12-02,214.2232,192.2895,189.1041,183.5515,269.2906,257.3128,252.7077,209.468,244.5659,237.9464,293.0679,141.4088,245.8191,268.7273,205.7525,166.0655
2024-12-03,211.012,190.0883,189.0289,183.1362,269.3466,258.0897,252.0563,210.2926,243.9904,237.9578,291.7253,140.8943,243.1051,263.9577,204.0969,166.1067
2024-12-04,209.4571,188.6096,189.4252,183.2362,268.1788,257.7511,251.4986,210.0699,244.4064,238.4058,295.4228,140.1521,243.5441,265.2904,202.514,166.0476
2024-12-05,210.9899,190.2038,189.3195,183.1339,268.7948,259.3907,253.1697,211.2697,244.1696,237.6307,295.8595,141.1306,242.2173,265.2011,204.5294,165.9534
2024-12-06,211.0747,189.0516,190.295,184.4909,267.3645,259.3709,255.502,212.8041,246.5179,237.6864,297.9081,140.3382,243.103,266.2232,204.6382,165.9611
2024-12-09,211.5232,189.6757,189.868,184.8481,270.2315,260.3371,256.7918,212.4285,246.7687,237.7685,297.9412,140.6146,242.4772,266.864,203.5038,165.994
2024-12-10,212.3047,189.0025,190.4822,186.0169,270.481,260.2996,257.8428,212.8183,246.1074,237.8275,297.1178,140.6132,246.5207,271.7557,203.6728,165.9773
2024-12-11,212.5634,188.479,191.3818,186.9527,271.9107,260.4744,257.8815,213.1643,246.1984,238.1196,298.8932,139.4098,248.6143,274.1314,204.3904,166.0563
2024-12-12,214.872,190.9635,191.7538,187.3403,272.0716,260.5302,258.8935,213.7167,247.8035,237.5877,301.9077,138.928,246.857,281.7849,205.1019,166.1069
2024-12-13,212.0711,188.1035,190.9073,186.1539,267.3402,258.8579,256.6224,212.3864,244.0958,235.7246,300.6154,140.622,245.5731,280.5625,204.0043,166.1626
2024-12-16,212.7976,187.8946,190.6291,186.1738,268.825,260.4673,258.7518,212.63,244.2354,235.9385,301.2444,140.1985,243.4079,277.2367,204.6592,166.1964
2024-12-17,213.5654,189.0331,190.0672,186.0111,270.1686,261.9292,259.8514,213.1814,245.6063,235.3305,300.9332,141.6005,240.0213,272.9059,204.8493,166.2818
2024-12-18,215.7325,190.1298,189.9633,185.7166,268.1926,261.0783,261.1574,213.2398,247.1096,235.2971,305.088,142.7649,237.9557,274.4257,206.2253,166.2383
2024-12-19,216.6644,191.0408,189.2869,185.6732,270.9122,262.7455,261.3945,213.4714,250.4646,236.6317,304.4223,142.7733,236.328,267.0196,206.3753,166.14
2024-12-20,215.5044,189.4023,189.573,185.9743,269.406,263.2925,260.8544,212.9085,251.4749,236.5878,306.4146,142.9057,234.6311,262.3067,207.0401,166.1554
2024-12-23,212.6939,187.4041,189.6465,185.7344,267.9786,261.1669,259.3997,212.9144,251.6856,236.8652,305.6215,141.0546,234.0921,259.7057,205.6627,166.1922
2024-12-24,209.7741,185.6052,190.1013,186.0697,263.9508,260.1594,258.8909,211.9713,251.6792,236.0383,304.0882,144.5373,235.9502,251.8086,205.2201,166.3405
2024-12-25,210.5166,186.2133,188.7145,185.0752,261.8709,259.8049,257.7248,210.2465,249.6473,234.0323,301.5274,144.2284,237.6447,250.181,205.8145,166.4164
2024-12-26,212.7111,189.8807,188.8643,185.202,263.5665,260.7217,258.4336,211.3291,250.6916,234.1293,300.744,143.1773,241.5587,252.1698,207.539,166.4223
2024-12-27,212.8148,189.1572,188.5367,185.096,262.544,259.8609,257.0017,211.1057,251.1127,233.1618,301.6465,141.3615,242.1616,252.5261,207.3252,166.4383
2024-12-30,211.3471,189.405,188.017,185.008,261.8679,259.2283,255.9441,210.3668,249.7706,232.6573,300.5439,139.7389,245.579,253.1062,207.4054,166.5773
2024-12-31,210.7157,187.9494,188.3729,186.0062,263.9056,260.9411,257.554,210.9334,249.6365,233.3835,299.0679,140.2775,243.6907,250.8072,208.2887,166.6456
2025-01-01,208.3793,187.5088,188.798,186.3018,262.5797,260.3084,256.7156,210.6382,249.2873,232.1247,299.7652,140.0911,246.3808,247.4582,208.1807,166.5842
2025-01-02,207.1055,184.9514,188.9838,186.4445,259.3743,258.3769,255.2459,210.0968,249.2286,231.7959,298.4258,138.9662,245.2237,248.6162,207.3503,166.6604
2025-01-03,206.4527,183.137,188.7023,186.1947,256.6474,256.9502,255.7802,209.2557,248.2408,231.1989,298.0693,141.314,244.2338,245.8092,206.9409,166.6999
2025-01-06,203.3131,179.5736,188.981,186.6944,254.967,255.866,253.9302,209.1864,246.5154,230.6612,298.4366,142.7781,244.1602,245.2241,206.1373,166.7687
2025-01-07,203.0617,178.7503,189.6433,187.6357,257.5541,256.5509,254.4049,209.7994,247.0636,231.8225,298.0677,141.8338,246.9766,244.4376,205.83,166.8664
2025-01-08,199.7881,176.6614,189.4472,187.455,254.8295,254.8265,252.4588,207.7045,245.3003,230.7341,298.8214,142.5698,245.8415,240.9624,205.5157,166.9795
2025-01-09,202.8872,177.92,188.4978,187.2508,254.6798,255.6176,253.7902,207.9431,247.2698,230.3304,300.738,142.4353,246.8326,241.9995,205.3922,166.9211
2025-01-10,205.0083,179.6515,188.3384,187.0657,253.644,256.0187,254.0552,207.1106,248.3058,231.3298,303.9932,140.7138,246.573,249.2625,205.8159,167.0414
2025-01-13,209.9752,182.3975,188.2188,187.2551,254.5516,257.5134,255.9286,206.8499,249.8559,231.3744,306.1251,139.0938,248.2737,256.8584,206.2666,167.0521
2025-01-14,215.2851,185.9966,188.1333,187.1334,257.0937,258.8451,256.4697,207.0246,251.9046,231.9728,308.812,138.9705,249.246,262.9691,207.1842,167.0197
2025-01-15,217.8458,186.4711,187.9216,186.776,256.0329,258.5026,256.8128,206.9481,251.5018,231.4147,308.7138,138.0632,251.5634,268.6992,206.0724,167.1138
2025-01-16,221.6926,188.7754,188.0264,187.3751,259.2936,259.2845,258.2576,208.356,255.1383,231.7911,310.9138,139.0322,253.0045,269.2138,206.0708,167.1017
2025-01-17,224.4936,189.7766,188.6575,187.9295,261.0356,258.9271,258.5398,209.0523,254.1302,232.5408,311.3119,142.3812,256.9301,275.4224,206.9881,167.1644
2025-01-20,221.4462,188.3316,188.703,187.6642,261.18,258.9677,257.5984,208.6262,250.9298,231.8241,305.3345,141.6349,255.6865,270.446,207.6263,167.1257
2025-01-21,227.2383,191.053,188.7405,187.655,263.1279,259.5216,257.8048,207.9261,251.9517,232.7739,307.1535,142.0748,260.0312,275.6787,208.9526,167.1016
2025-01-22,225.6864,189.4547,188.6101,187.8615,262.5006,258.7522,257.8886,208.1494,250.9438,231.7161,307.0803,140.9908,258.606,278.1533,207.7225,167.1673
2025-01-23,224.0155,188.8186,188.3577,187.5518,261.0066,258.0146,255.5219,206.5727,250.5464,231.4836,308.0251,138.7017,258.026,277.7259,208.2641,167.1673
2025-01-24,223.8039,188.8167,187.8384,187.1145,260.8326,257.2645,255.4597,205.9139,250.2908,231.4691,308.9007,138.0892,257.4762,276.8325,208.2455,167.2473
2025-01-27,226.8644,188.4046,188.1503,187.7696,261.5163,258.6499,258.3111,207.0367,252.1148,233.1868,313.0356,139.3761,258.4437,281.2671,207.9359,167.2053
2025-01-28,223.6344,186.2409,187.5575,187.467,259.7169,257.8929,258.5277,206.49,250.2755,233.0409,309.3297,137.5226,257.3127,278.063,207.4512,167.2421
2025-01-29,227.8017,187.5821,187.1021,187.3311,259.7868,259.3926,259.7834,207.111,251.5342,232.8538,312.3792,138.7382,256.1694,282.139,208.4783,167.2704
2025-01-30,225.861,188.0629,186.2263,185.4113,254.5902,256.2779,256.7311,205.5172,249.0611,231.9106,312.8516,138.5345,257.0264,286.1243,207.4859,167.354
2025-01-31,229.7558,190.7346,185.9172,185.2521,254.8959,254.5028,256.6997,204.4128,249.0884,231.0084,315.8507,138.3213,258.1526,294.8088,208.2286,167.4005
2025-02-03,228.9667,189.3806,185.4972,183.6238,254.0252,252.8098,254.7778,203.7414,246.645,231.4223,312.8862,138.7424,254.6412,293.1772,207.3914,167.425
2025-02-04,228.8283,188.1702,185.485,183.901,253.6952,252.7008,254.0836,203.4397,245.981,231.2475,315.4346,139.4584,255.5984,295.2542,207.4311,167.4277
2025-02-05,226.7234,188.381,185.2006,183.6136,250.7719,250.9372,251.4603,201.9503,246.3903,229.7858,319.4135,139.6676,255.4575,296.27,206.5861,167.6325
2025-02-06,226.9795,188.2434,184.8677,183.1017,249.8942,249.1645,250.4065,201.2362,246.153,228.7629,317.6864,139.48,255.4482,297.531,204.6126,167.5916
2025-02-07,226.3499,188.6544,185.1783,183.2735,247.9447,249.5138,250.596,201.1657,247.1096,229.0198,319.9605,138.0072,255.6357,299.9374,204.9918,167.6518
2025-02-10,221.8835,186.588,185.5128,183.0779,245.5395,247.5431,249.0482,200.5348,246.3605,229.7028,319.7322,136.93,255.6741,295.3086,205.0537,167.6938
2025-02-11,223.709,187.5214,185.7466,182.9149,244.9153,247.2669,247.548,200.6962,247.1018,229.8636,320.6433,136.3654,258.2565,298.6814,205.7804,167.719
2025-02-12,222.0505,187.139,185.3883,182.9808,245.7888,246.3604,247.4036,201.4134,248.6655,229.6589,322.5452,137.1807,258.1839,290.4043,206.0059,167.7708
2025-02-13,222.0739,187.989,185.5447,183.3857,248.2768,247.173,245.711,201.1645,248.2117,229.2219,320.1089,137.4845,258.0769,291.7938,206.1016,167.8806
2025-02-14,221.0371,185.7458,185.853,183.8576,248.8191,247.0212,247.1763,201.7777,247.5017,229.7472,317.614,138.1804,258.1849,285.8997,206.5573,167.9308
2025-02-17,226.6413,189.2425,185.6824,184.0035,249.7139,246.1311,247.1046,201.3336,251.8025,229.8833,322.7487,137.9553,258.8501,289.863,207.9939,167.9121
2025-02-18,228.15,189.5219,186.2525,184.4124,250.1606,247.6217,247.619,201.2427,253.2378,230.8113,323.5354,137.9066,256.7236,291.3866,208.5619,167.8756
2025-02-19,227.9409,190.1759,186.5192,184.7792,250.4072,247.3665,249.1972,202.5089,255.105,231.0963,323.555,141.164,256.2768,286.1759,208.825,167.9156
2025-02-20,225.5799,190.0933,186.0998,184.4071,247.4278,246.8143,250.2259,202.4258,254.9827,229.8936,323.7401,140.6827,254.9329,286.5787,206.9694,167.9454
2025-02-21,227.4074,192.3402,185.6282,184.4801,250.3826,247.632,251.4966,202.2965,254.644,229.7164,322.1305,141.729,253.9485,289.6151,206.72,168.0397
2025-02-24,230.2714,194.1977,184.7583,184.1013,250.0723,248.4842,253.0045,202.8826,255.2616,229.205,324.0071,142.3007,256.3173,292.4515,206.806,168.2316
2025-02-25,227.7948,191.5443,184.3467,184.2748,249.9143,248.7394,253.4723,203.3405,255.5596,229.9478,320.5484,141.761,255.7605,287.4409,205.0231,168.1725
2025-02-26,225.6595,192.0001,185.2006,185.0062,252.7319,248.5631,253.111,204.0857,255.6784,230.2795,321.891,142.2544,254.9308,287.3213,205.3092,168.161
2025-02-27,228.809,192.9123,186.161,185.8827,254.3292,248.1638,252.5852,204.8345,258.7696,231.4812,325.3939,141.9565,256.6196,290.9744,206.4874,168.1768
2025-02-28,228.6174,192.4379,185.9122,184.984,251.9596,245.8698,251.8339,204.34,257.3916,230.4866,327.4588,143.2736,253.53,291.8781,206.979,168.2162
2025-03-03,231.0836,192.9386,185.8336,185.6961,252.6941,246.1039,253.0864,204.9031,259.9598,230.8145,330.16,143.6867,251.786,294.1487,208.0842,168.1436
2025-03-04,234.3643,195.3268,186.3012,186.0328,253.0768,247.3927,255.3103,205.8657,259.9974,231.704,330.83,143.4729,254.5319,300.3943,210.5063,168.1438
2025-03-05,231.5662,194.6013,186.5922,185.4843,251.1641,246.8209,254.7022,205.5165,256.1445,231.0095,327.4744,141.2765,253.685,302.4982,211.3812,168.1924
2025-03-06,228.7158,190.9929,185.7822,184.0413,247.0948,244.3518,252.4275,204.5671,254.4708,231.2214,325.9542,139.9307,252.3828,298.4183,209.9192,168.2842
2025-03-07,229.3463,190.1589,186.1769,184.1097,246.8849,243.1211,251.3716,205.5164,253.9132,230.4752,327.1848,140.5373,253.2015,299.7183,210.7362,168.3605
2025-03-10,230.9025,190.7644,186.8421,184.0998,246.1295,242.8704,251.0659,205.9246,254.4751,230.6038,329.3274,143.7879,253.6474,299.1524,212.0649,168.3941
2025-03-11,231.9711,191.8111,187.3342,185.0697,246.23,244.2988,253.7202,206.8112,256.5743,231.924,330.4024,143.0682,254.2624,304.5339,212.1151,168.317
2025-03-12,233.5094,192.7822,187.5944,185.5913,247.61,244.0235,254.8976,207.2708,257.6537,232.3568,332.8443,142.7003,257.5133,303.5588,213.7264,168.2132
2025-03-13,230.77,189.7516,188.6677,186.4876,246.1754,244.6246,255.4333,208.344,257.5281,232.573,331.9174,143.4198,257.1842,299.9586,213.6112,168.2554
2025-03-14,233.2445,193.1746,187.7365,187.0182,249.801,247.1853,258.5382,208.906,261.1535,233.6025,334.4018,144.2365,258.8281,298.23,213.3151,168.3082
2025-03-17,234.1906,194.6648,187.5318,187.8526,248.2636,247.8173,260.8886,208.9145,264.1081,232.9306,337.4252,143.2888,259.9198,300.8964,213.0109,168.3094
2025-03-18,233.1965,194.3572,187.0118,186.6479,246.7476,245.3786,257.2412,208.4631,261.6026,231.5633,336.9472,143.4609,260.5224,301.6676,213.4677,168.2804
2025-03-19,234.4022,195.1099,186.4052,185.9231,246.5598,245.3936,256.6744,208.9076,261.8199,231.1294,336.021,144.0742,256.2521,303.4055,213.6316,168.307
2025-03-20,236.7149,197.0478,187.4729,187.3556,249.907,248.026,259.1549,209.9607,263.0005,232.1191,340.0696,145.3869,258.4187,308.0777,215.0164,168.3616
2025-03-21,239.2854,198.9808,187.4286,186.4738,246.139,246.0975,258.6045,209.6643,262.5081,230.7301,341.9685,147.2576,257.843,317.1673,214.8828,168.5112
2025-03-24,238.0983,199.1399,187.2293,186.4337,246.1242,246.3097,258.2214,208.5878,261.7695,229.9658,342.2685,146.3229,257.4408,315.2539,215.1869,168.5978
2025-03-25,245.171,201.9737,187.815,187.6089,249.217,247.935,260.7168,208.6869,262.864,231.3608,345.9004,147.1972,260.3468,326.9007,217.963,168.5524
2025-03-26,245.4643,202.4348,187.8534,187.2151,247.7438,246.8837,260.0241,208.7038,265.1403,230.269,349.0924,147.2673,259.8704,323.9734,216.4675,168.6112
2025-03-27,249.5641,203.0372,188.0014,186.9705,247.9381,249.3191,260.0608,208.9861,263.7527,229.8178,348.9063,145.8542,263.2227,331.1141,216.8437,168.5724
2025-03-28,251.3148,203.1532,187.2661,187.1456,248.1073,249.4263,260.5182,209.128,265.4934,229.8368,348.0045,146.5564,264.8771,331.118,215.5427,168.6003
2025-03-31,245.7631,200.3407,187.4859,187.0215,246.6313,249.0134,260.5769,209.3881,262.8858,229.8979,345.0173,146.428,261.9753,327.6006,214.7782,168.5602
2025-04-01,246.0265,199.9442,187.1176,187.1968,246.7562,250.9812,262.1387,209.6128,265.7547,230.8948,345.1316,145.4832,258.7626,322.3617,214.5296,168.5369
2025-04-02,253.1953,202.4957,185.9287,186.7379,251.1821,253.8521,264.1893,210.7919,268.2363,230.8027,345.5249,147.0193,257.5898,319.5394,214.8816,168.4654
2025-04-03,251.0484,201.3037,186.3693,187.1766,248.8769,252.8095,262.5743,209.0255,265.2555,229.7608,345.9609,147.8484,260.0545,321.8842,216.2489,168.4584
2025-04-04,249.0592,200.4575,186.2818,186.9869,248.2189,253.4664,264.2358,208.9994,265.6651,230.8639,344.4186,145.6852,258.2962,315.0977,217.1866,168.295
2025-04-07,251.3305,202.2166,186.4242,187.1425,247.765,253.0119,264.4134,209.7141,266.1286,230.2527,344.7346,146.2154,258.6864,321.6892,218.0096,168.3219
2025-04-08,256.488,204.8172,184.7081,184.9289,247.0082,251.7436,262.7141,208.4342,266.2373,229.2487,344.8232,146.611,258.5254,322.6465,217.2003,168.1879
2025-04-09,262.1105,206.8095,184.2711,185.3631,248.6999,253.0573,265.3644,208.6198,267.3293,229.6707,342.9885,145.8703,258.8806,332.1483,216.9048,168.1046
2025-04-10,261.6631,207.0443,184.184,184.9732,246.9853,250.9298,264.6562,208.5716,265.362,228.9015,342.481,147.6255,257.8274,336.955,217.5254,168.1182
2025-04-11,264.809,209.5853,183.3818,184.8248,248.8779,252.2634,265.4715,207.9879,266.1629,229.3973,340.0209,148.3312,261.1669,330.966,219.4176,168.1792
2025-04-14,256.4024,204.2362,184.0582,185.2032,246.9565,251.1562,262.8645,207.9838,263.6838,228.7163,335.9667,148.5375,260.8462,321.7468,217.5854,168.174
2025-04-15,255.6324,203.1384,184.1631,185.1893,244.6127,251.5827,261.6249,208.109,263.8084,227.6963,333.7732,149.3804,265.0016,314.6445,217.8206,168.1178
2025-04-16,256.1963,201.5483,183.4953,185.6272,244.9883,252.2082,262.7232,206.9169,262.7147,228.2609,330.2507,151.3526,263.7883,315.2803,217.2191,168.257
2025-04-17,260.6921,203.1712,183.6107,185.6186,246.0887,251.8987,260.8605,206.496,262.7958,227.5655,329.9933,154.7104,266.3296,319.819,217.2838,168.2961
2025-04-18,263.2753,204.0188,184.5775,186.487,247.6365,252.6309,262.6967,207.1916,263.6717,228.7533,331.019,153.2589,268.7731,324.8867,218.3595,168.3356
2025-04-21,276.0745,209.7123,185.2936,186.9742,250.1915,253.8387,264.0074,208.2029,266.7225,229.3774,336.5937,153.7278,276.2541,343.8023,219.8118,168.3009
2025-04-22,273.0787,206.5638,185.6008,187.547,251.2287,254.1251,263.9018,209.3706,268.1655,229.6423,336.7514,152.0018,274.1268,336.0008,219.1076,168.1747
2025-04-23,267.9823,205.0589,186.5999,187.8115,250.0503,253.1108,262.5294,210.1633,268.6895,230.2382,337.8979,152.4174,273.6922,333.3046,217.9264,168.1822
2025-04-24,277.4603,208.1383,186.7023,188.7369,253.5999,256.7549,265.8238,211.1755,271.6002,231.4458,340.0608,151.7356,280.1577,344.4202,217.4724,168.2407
2025-04-25,281.3293,210.6198,186.4397,188.1842,255.6339,257.5494,266.4988,211.7223,271.97,231.5789,342.8107,150.1077,277.7466,352.6354,217.7551,168.3042
2025-04-28,280.7441,206.9805,187.5424,189.4896,255.4735,257.1493,265.162,212.973,271.9231,231.1747,343.7947,149.7665,278.9336,356.1775,217.8114,168.2831
2025-04-29,282.183,206.6952,187.6946,190.328,256.418,255.8971,265.3319,212.1946,271.5369,231.0493,344.8864,150.6664,279.5343,364.7978,217.2788,168.3072
2025-04-30,282.5288,207.1549,187.3464,190.4999,255.5161,256.2704,267.522,211.6799,270.802,230.6239,342.3811,150.3697,280.4026,365.8877,217.0442,168.3329
2025-05-01,282.9015,207.4303,186.4904,190.0307,255.7867,255.509,266.9171,210.7434,269.3964,229.7442,338.7322,152.3752,279.3065,360.7892,217.9942,168.4333
2025-05-02,276.3037,203.5701,187.3112,191.1945,255.662,256.5162,267.3328,211.2579,270.0822,230.3483,338.7421,150.5903,277.5627,353.3098,216.4578,168.4995
2025-05-05,273.3505,204.0122,187.5743,191.5619,255.4844,257.514,267.3604,210.6085,270.1639,230.9891,338.6708,150.6748,277.2735,353.4592,215.9016,168.5211
2025-05-06,268.7151,202.2299,186.1351,189.4742,253.7905,255.7263,263.8535,209.256,267.6208,229.6501,335.9589,147.3503,272.2014,344.2883,215.2975,168.5847
2025-05-07,266.0875,200.2837,184.7054,188.2515,251.3686,255.3396,262.931,208.0604,264.8012,228.7198,334.3855,147.8065,269.8633,343.332,213.5215,168.5848
2025-05-08,270.6654,199.9889,184.2035,188.0376,253.4913,256.4403,263.4859,208.4337,265.7724,228.464,337.3166,145.9791,271.8733,343.6505,213.0331,168.5808
2025-05-09,263.3355,196.7191,185.3269,189.2844,254.4996,257.1569,262.9268,208.6035,263.0504,228.7686,332.3371,144.2623,273.386,336.2276,213.5195,168.6989
2025-05-12,265.8464,197.2271,185.1281,189.0069,253.6374,258.0953,263.3139,208.7276,263.9724,228.8828,332.1874,144.1029,271.4624,339.7465,213.3202,168.7112
2025-05-13,268.324,197.9085,185.4887,189.6762,255.9824,260.9919,264.9384,209.2491,263.9815,229.1535,333.5394,145.6713,272.481,342.485,213.7051,168.6155
2025-05-14,268.6252,201.6698,184.5904,188.4301,256.142,261.5677,265.6355,208.9435,264.9419,229.2916,335.2873,145.3187,269.1406,342.9441,213.5678,168.6261
2025-05-15,268.447,201.6375,184.3657,187.8729,256.3877,260.9286,264.5243,208.851,263.7848,228.3966,337.3142,145.8024,270.6359,341.2307,213.5817,168.5522
2025-05-16,260.4835,199.4545,184.5818,187.5764,251.3249,257.9157,264.2985,208.3319,260.1755,227.1132,337.8129,144.7508,271.6869,340.5425,213.0542,168.4725
2025-05-19,256.7161,197.4891,185.0469,188.3005,252.5875,259.0503,267.4632,210.1514,259.7844,227.7713,336.6109,143.304,270.079,337.2602,212.0165,168.4618
2025-05-20,253.5206,194.8775,184.833,187.8651,253.7564,256.4099,265.6759,209.0412,258.3842,228.9307,332.1368,142.3351,270.2344,327.6567,211.7283,168.3675
2025-05-21,249.3478,192.613,184.3297,186.725,250.4822,254.7288,265.5854,209.1405,256.7995,229.0069,328.4909,140.4958,266.7063,321.56,211.2915,168.4506
2025-05-22,248.2493,192.8715,184.9517,187.1654,250.9612,255.9653,266.4332,209.2631,256.2734,229.7957,329.49,140.4991,265.9182,322.7905,212.4628,168.4823
2025-05-23,242.8782,190.2365,184.0182,186.2184,246.7371,254.0802,264.4769,207.9885,255.1749,228.2317,327.7068,138.2238,264.1977,314.1503,211.246,168.4778
2025-05-26,245.654,192.0723,183.5619,186.0937,247.7403,254.3669,265.5207,207.8916,256.3615,227.9742,328.0975,135.6865,269.0974,314.8538,210.769,168.3818
2025-05-27,243.1096,191.71,183.5375,186.4051,247.2446,254.3411,265.9988,207.9168,255.7042,227.7267,326.819,134.6991,268.7572,313.9934,210.9865,168.3757
2025-05-28,245.1186,192.2454,183.9047,187.5292,249.6662,255.3206,266.6502,208.1332,255.2314,228.221,327.4907,134.2891,269.378,323.2968,212.3011,168.3793
2025-05-29,251.074,197.3967,182.6272,186.8079,252.2976,256.7536,268.7012,208.7681,258.7151,228.3226,329.1879,134.3459,269.6273,323.4291,212.8681,168.3642
2025-05-30,249.5102,195.3128,183.2696,186.9853,251.0516,254.6529,266.0058,208.6169,257.7425,227.5512,327.2108,134.9727,269.5032,326.1812,211.287,168.4181
2025-06-02,250.2651,195.822,182.7164,185.8455,249.8485,252.8413,263.9454,208.0714,256.7325,227.9186,327.416,135.8805,269.995,325.8467,212.6828,168.4372
2025-06-03,244.8872,192.1659,182.9928,186.4782,247.2817,253.25,264.1773,208.3932,256.1969,228.467,324.4938,135.8992,270.4652,318.8744,211.923,168.4238
2025-06-04,246.5828,192.479,183.153,186.2707,248.0707,252.5731,264.9999,209.4852,255.6546,228.7588,322.6799,135.4962,271.617,321.0477,212.1507,168.4016
2025-06-05,249.7846,195.0111,183.2016,186.7082,251.0952,253.7719,266.4559,210.0072,257.4423,229.224,323.3747,134.332,274.1724,322.1869,212.9408,168.4436
2025-06-06,244.5328,193.8639,182.9785,186.5638,250.9092,251.0859,264.3932,207.9442,255.5641,229.1584,321.181,134.5681,272.2741,318.5673,211.8905,168.4577
2025-06-09,238.5255,192.8667,183.3276,186.6769,247.4995,250.4806,261.8153,206.8918,254.2757,228.3662,321.5296,133.3924,269.5325,318.9557,212.5887,168.413
2025-06-10,236.2918,192.6802,184.0815,186.9209,249.2591,250.4178,261.9935,207.6445,254.8944,229.2872,322.9617,131.5112,268.6898,314.8539,213.1429,168.2883
2025-06-11,231.5594,190.8228,184.073,187.4795,251.4091,250.3072,261.7934,207.7118,254.1924,229.8491,321.8674,129.0361,266.5615,308.6682,213.5679,168.4133
2025-06-12,231.2721,189.9184,184.2445,188.7581,251.8527,250.3892,262.8825,207.7402,254.0091,230.1645,323.4398,130.8953,265.2353,316.7363,213.204,168.4867
2025-06-13,229.2836,188.3738,184.4537,188.1755,250.2283,248.8844,262.2712,207.2936,252.6072,230.0543,321.9291,130.2101,264.067,311.3694,213.6667,168.5869
2025-06-16,226.2773,185.296,184.4212,187.7084,247.0375,247.3648,260.6111,206.9999,250.9867,229.4707,319.2483,129.2052,264.4248,308.9041,212.1127,168.644
2025-06-17,225.5296,185.5056,184.3296,187.5707,247.1361,247.992,260.3044,206.6501,251.1719,230.091,318.1611,129.2987,264.5759,305.5818,212.3256,168.567
2025-06-18,222.2026,182.2463,183.9118,187.2385,246.1304,247.2753,261.0349,207.2928,249.9574,229.3733,314.643,128.7927,262.5549,297.5668,210.4192,168.574
2025-06-19,224.1642,182.5645,184.7463,188.2648,249.1541,248.9224,262.7199,209.1551,251.4691,231.134,314.7402,130.5538,262.908,300.9026,210.4112,168.6795
2025-06-20,221.9854,180.1552,185.3136,189.2281,248.1769,250.7383,265.4273,210.2158,250.6346,231.7612,317.0747,132.4353,262.2862,301.6399,209.9743,168.7362
2025-06-23,216.3739,178.6887,185.4296,189.8958,246.7433,250.8535,266.4203,209.1427,250.3464,230.873,317.8894,130.343,257.3449,297.5969,209.4224,168.6674
2025-06-24,220.3414,180.93,184.9083,189.3757,248.4278,253.0027,267.4188,209.7722,252.616,232.1695,319.7776,129.1213,257.6666,297.9493,210.8868,168.715
2025-06-25,219.7992,181.7601,185.2641,190.2168,248.9585,254.6463,270.1473,211.2349,252.7962,232.4686,318.0317,130.4516,259.1935,298.5178,211.0687,168.7071
2025-06-26,220.8486,180.4851,185.4098,190.78,248.3985,255.3105,270.2718,210.215,252.4306,231.9954,317.8914,130.2091,260.6928,298.0655,211.5357,168.6747
2025-06-27,221.4891,181.1969,185.7664,190.6166,247.3537,254.2818,269.9407,209.0331,251.5206,231.7673,320.1845,130.1399,260.7017,302.7319,212.0391,168.8342
2025-06-30,218.5631,179.6939,185.4422,190.2738,248.523,253.9178,269.8777,208.5551,251.6831,232.2974,320.8231,129.6416,255.0642,296.4849,210.8428,168.9983
2025-07-01,214.695,179.7538,184.2985,190.2625,250.3938,256.3006,271.0174,207.7898,251.1555,232.4787,316.0347,129.8391,252.5223,288.2436,209.4405,168.95
2025-07-02,214.7819,179.4029,184.3099,190.0576,251.1924,256.1146,270.3615,207.6136,249.6852,232.4889,314.1083,131.4184,251.9257,289.1082,208.9319,169.0158
2025-07-03,209.9741,177.9195,184.9268,189.7302,249.0032,254.6252,268.2307,207.2214,247.749,230.8622,313.5683,130.5135,249.5975,288.3014,207.089,169.0265
2025-07-04,205.7786,174.4499,185.2196,189.2587,247.9018,251.8633,265.9317,207.3085,245.569,229.7045,312.958,129.389,247.7193,283.2962,205.785,168.9201
2025-07-07,206.8327,173.7745,185.1867,188.8172,249.7071,252.4073,266.2911,207.8678,242.2962,229.372,309.4276,129.5187,249.8627,284.499,205.5991,168.9002
2025-07-08,209.5668,177.5267,185.3367,187.9956,249.2341,251.7101,265.0867,207.6629,244.6171,228.9662,314.5263,128.9513,250.0283,289.6484,205.7794,168.944
2025-07-09,210.5766,177.1739,185.4409,188.4954,249.4649,253.1533,266.2376,207.2486,244.1408,229.0728,311.7938,129.6951,251.7141,290.7133,205.1792,168.9213
2025-07-10,204.443,173.8597,185.3785,187.9555,247.8362,252.5564,266.1905,207.5538,240.3057,228.2692,308.5813,130.6147,246.5238,284.0132,204.3632,168.9635
2025-07-11,207.4153,175.1147,185.9328,188.2638,250.2591,255.0104,268.737,208.8945,241.8791,229.4187,309.5452,129.2614,246.3776,284.0582,205.6712,168.9669
2025-07-14,209.0068,177.1689,185.5682,188.2581,252.6418,257.3184,270.1798,209.5393,243.7834,229.5861,309.9945,129.422,248.0429,280.6063,205.302,169.0302
2025-07-15,209.5558,177.646,185.2552,188.1252,252.9116,256.1619,270.9939,210.2006,246.1306,229.8113,312.8394,130.6687,248.1241,274.3093,206.0278,169.0139
2025-07-16,208.67,178.3547,184.6534,186.8872,252.2336,254.2676,268.3801,209.177,245.0524,228.1887,312.0172,128.7158,248.8273,270.5592,205.9465,169.0182
2025-07-17,213.0513,181.0865,184.7531,187.272,255.0219,256.8135,270.7743,210.1608,247.3792,229.4625,315.621,129.2784,249.9168,276.4528,206.2897,169.0045
2025-07-18,213.3646,180.3976,185.4314,188.3737,256.4044,257.3322,271.1287,209.892,246.2755,229.9399,313.9017,129.9009,252.2012,279.6992,206.6804,169.1247
2025-07-21,208.7048,177.5906,186.3098,189.6611,255.3397,258.4809,271.1584,210.567,246.6532,230.9359,310.6193,127.8838,252.7974,275.4606,206.3319,169.1939
2025-07-22,204.2346,174.732,186.0208,188.2044,250.1659,255.8582,268.3004,209.4564,243.026,228.9157,307.664,127.1167,249.353,274.2498,204.3119,169.196
2025-07-23,203.8281,176.1935,185.4441,187.7802,251.0961,257.387,268.7256,210.0838,243.6812,228.4331,307.4811,129.17,252.1726,268.6107,203.2121,169.2385
2025-07-24,205.1316,177.9163,186.1396,189.0698,252.5843,261.3626,271.5253,210.82,245.847,229.0792,306.9349,130.2901,254.494,269.1216,202.9673,169.1746
2025-07-25,204.5021,177.4079,185.92,188.739,252.102,261.8556,271.4146,210.5341,246.5811,228.5845,305.0215,130.9178,251.122,262.776,202.64,169.2052
2025-07-28,204.1146,177.4645,185.592,188.5842,251.7236,260.3879,271.0935,209.9465,245.3829,228.6351,305.572,131.9049,253.9441,262.9984,202.952,169.3141
2025-07-29,206.7908,179.2186,185.3441,188.707,254.7181,259.8172,270.5399,209.5646,246.6872,228.8988,307.3463,131.8471,253.8579,268.0042,202.3803,169.2037
2025-07-30,207.3807,180.7992,186.1568,189.2322,254.978,260.6573,271.3429,209.386,246.4117,228.8271,308.3566,133.9543,254.9579,269.6446,203.6407,169.1833
2025-07-31,206.1908,180.6025,185.5963,188.8075,255.1843,262.9238,270.9092,209.6819,245.601,229.6708,303.8497,134.0942,252.6528,269.4603,202.9783,169.1444
2025-08-01,207.4615,180.7179,185.3716,188.1728,254.2291,261.9599,270.0105,209.3914,245.7868,230.216,303.8693,132.9949,253.1117,271.8176,202.8966,169.1118
2025-08-04,208.0791,180.8071,184.4121,187.2542,254.7249,261.8332,270.4123,209.2857,246.3457,229.829,302.9566,133.3349,249.1897,266.2024,202.6523,169.2509
2025-08-05,205.9782,180.5246,185.5625,188.1189,255.604,262.5476,271.5435,211.2621,246.2625,230.6184,303.27,130.7657,249.2131,268.6689,203.6813,169.3043
2025-08-06,204.5714,179.5582,185.3651,188.2366,256.1964,262.5337,271.3511,210.6857,246.7914,230.6937,303.2349,129.9169,246.9771,265.1035,203.192,169.2718
2025-08-07,201.227,178.5433,184.7994,187.2629,253.2848,260.3298,270.8775,209.9659,246.5675,230.7517,306.0752,131.2943,245.5471,259.8364,202.0147,169.3033
2025-08-08,198.1411,176.6783,184.9165,188.0432,252.4647,259.5474,272.3925,209.8127,247.5052,231.9883,304.451,131.0695,243.0929,255.5963,201.8325,169.2962
2025-08-11,198.2681,178.4547,184.8564,187.6513,253.8682,260.8727,272.9877,210.9437,247.1469,232.1544,304.3174,129.0326,245.4862,255.2814,202.7288,169.3215
2025-08-12,200.3351,180.6657,185.5064,188.8325,256.6072,263.0668,275.798,211.5869,249.0044,233.6696,307.5436,129.896,247.5104,258.3146,204.1843,169.3001
2025-08-13,206.2418,184.6629,185.184,188.6459,260.1952,263.872,275.208,211.7884,251.0906,233.348,308.4222,131.1383,253.6325,259.5822,204.8706,169.3245
2025-08-14,205.0148,183.921,185.9791,188.6663,260.1486,264.3246,273.7922,213.4385,252.1997,233.0457,312.2954,131.3871,251.268,259.041,204.5666,169.3974
2025-08-15,203.6454,182.5444,186.5945,188.7457,257.9452,262.505,272.4826,213.6951,250.492,232.7625,310.4852,131.0814,250.7633,262.6133,204.8108,169.435
2025-08-18,205.8111,184.9419,187.0376,189.3473,259.7018,263.4986,274.9248,214.0847,250.9915,233.3223,310.4301,132.6368,253.6421,263.8865,206.1231,169.4776
2025-08-19,206.524,184.5607,186.5798,188.998,258.0942,264.723,276.828,214.3337,251.0569,233.2221,308.6897,133.2561,251.1734,262.8109,206.0788,169.4146
2025-08-20,208.117,186.7321,186.7415,189.1803,259.2602,265.6523,276.5638,213.7001,251.8668,234.1206,310.3606,132.0502,251.7477,267.872,207.188,169.4422
2025-08-21,202.1882,183.6922,186.7985,188.9876,255.4578,263.8564,274.3191,212.4718,251.3529,233.6364,309.5279,133.0169,249.2881,258.5273,206.4466,169.3811
2025-08-22,200.9631,183.4335,186.6656,188.168,253.7255,261.626,272.9633,212.0448,251.199,233.5372,310.856,133.3024,246.8949,257.6204,206.2243,169.4395
2025-08-25,196.8107,180.5237,186.6438,187.7491,251.9774,260.4237,273.4268,211.8785,250.0716,234.0921,307.3535,132.557,243.7544,249.6308,205.5057,169.3803
2025-08-26,198.515,181.589,186.8356,187.9929,254.8021,259.6698,272.2306,211.2472,250.6068,234.1441,308.8426,131.4074,244.793,251.1505,206.1461,169.4478
2025-08-27,193.7352,179.5731,187.0488,187.4031,251.3489,257.8549,269.908,209.7178,248.9547,234.2761,308.2439,131.2995,241.6658,249.5965,204.75,169.4587
2025-08-28,193.5868,177.7124,186.8387,188.4089,251.1403,258.3438,270.2582,208.9779,249.4595,234.0471,309.6262,133.4167,243.7909,248.2197,203.8447,169.453
2025-08-29,194.5558,177.6997,186.7956,189.7878,255.5794,260.5771,273.6196,209.4336,251.2132,235.3636,305.9269,132.4812,241.7552,245.1153,204.5401,169.5221
2025-09-01,192.1339,176.5672,187.5819,190.4791,257.7746,260.214,273.1188,209.4774,248.9818,235.5777,304.0907,132.0536,243.0709,245.85,203.9095,169.5379
2025-09-02,192.5463,175.8648,186.9144,190.5736,258.7954,258.8258,272.075,209.2746,251.1226,235.8755,306.6355,131.6504,243.0949,245.0245,202.7131,169.5256
2025-09-03,191.5516,176.1467,187.4585,190.8166,260.4742,258.5614,269.9306,208.6626,249.4953,235.8306,307.2977,131.281,244.7962,248.3903,202.5959,169.5535
2025-09-04,194.2137,178.3853,187.7429,190.6342,261.1024,259.2443,270.0918,208.8532,249.6354,236.9931,307.3238,131.3406,246.9034,251.7505,204.9103,169.6079
2025-09-05,199.3774,183.6146,187.8024,190.9432,263.5742,260.2014,271.8869,209.0452,250.914,237.0753,312.529,134.4231,251.3939,261.6204,205.883,169.6452
2025-09-08,202.9854,186.8323,188.1511,190.5169,263.8178,259.7509,270.6927,209.8365,252.8987,237.3402,315.7258,135.6889,254.1879,268.2784,205.894,169.6109
2025-09-09,204.2364,187.1279,188.589,192.3242,264.169,261.024,272.8433,209.646,256.559,237.455,321.3281,135.2396,255.4171,270.3816,206.1453,169.5852
2025-09-10,208.5717,190.0765,188.4692,191.6899,263.3804,261.2687,272.7768,209.0717,256.0999,237.0489,323.208,137.8802,257.0027,274.8698,208.39,169.6024
2025-09-11,210.465,189.4424,188.6168,190.6348,259.761,258.5018,269.9306,207.976,254.6445,236.0703,324.8387,139.9373,259.3072,279.2278,207.5821,169.6708
2025-09-12,208.7027,188.704,188.0652,189.95,257.3242,256.9417,267.8897,207.1708,253.7367,234.6527,327.6453,139.9904,261.0388,278.6061,206.353,169.6283
2025-09-15,213.5343,192.3049,188.1657,189.6952,258.4235,259.2522,270.5769,208.1849,257.4664,236.1521,330.9491,140.0748,262.1725,278.5799,207.9448,169.4953
2025-09-16,211.3157,191.5981,188.8851,190.2242,256.4371,257.4965,269.8037,208.6196,258.3977,236.2694,331.8149,141.2166,261.3753,276.8606,208.8464,169.589
2025-09-17,212.3071,193.5789,188.5728,189.8993,257.3312,256.1773,270.1265,207.9785,257.784,235.7947,331.5971,138.4328,261.4633,282.6558,208.7922,169.4675
2025-09-18,212.5641,193.8444,188.6583,189.998,258.8458,256.2822,270.905,208.3816,259.0807,236.1009,334.3122,137.5811,259.5693,280.7938,209.1949,169.5004
2025-09-19,212.6721,194.074,188.035,189.1435,256.99,254.503,269.6626,207.9455,259.4966,235.4411,336.1687,139.4221,257.7167,280.3851,208.4581,169.5353
2025-09-22,211.4244,193.1833,188.2914,189.2595,258.4073,254.9589,269.4684,207.7578,259.5351,235.666,336.9259,139.714,255.3605,274.9011,209.0359,169.4797
2025-09-23,206.0926,192.1295,187.6979,189.325,258.677,254.3614,269.9445,207.348,259.4212,234.4778,336.3542,137.9605,250.6804,268.9301,207.111,169.4585
2025-09-24,206.747,193.5058,187.0255,188.6284,257.2971,253.6113,269.2691,206.3126,259.6942,234.2794,336.4065,137.6564,251.2469,269.3447,207.2595,169.3819
2025-09-25,208.2119,194.8984,186.7173,189.0906,259.36,255.1272,270.5124,207.025,262.4606,235.6157,335.7652,139.6622,254.3902,265.8594,206.8562,169.496
2025-09-26,202.1036,191.3443,187.0759,189.3999,258.4242,253.4241,268.9053,207.0272,262.1442,235.2598,334.2486,139.5557,249.9451,259.2757,204.8138,169.5505
2025-09-29,195.3903,186.5163,187.8196,189.1558,253.046,251.3615,267.3765,206.6439,258.6533,234.5062,328.5989,138.4663,247.7112,253.3693,204.0543,169.6062
2025-09-30,194.9071,186.696,187.3997,189.179,253.0846,253.4817,269.4097,206.322,259.5531,235.3481,328.0379,141.8791,246.9708,246.7285,204.1162,169.5609
2025-10-01,195.8645,185.8346,187.2255,189.0342,250.3884,252.1748,268.5253,205.7497,258.7114,234.1031,328.8667,142.4,246.4001,249.3955,204.9482,169.6159
2025-10-02,194.7269,185.3219,187.5916,189.0387,251.3383,250.0374,267.5745,205.5929,258.1798,233.7944,329.8813,140.4346,246.9506,245.8272,206.4392,169.4599
2025-10-03,195.3663,185.0874,187.3755,188.172,250.3771,248.0156,264.5395,204.9309,256.5986,233.3243,329.3056,139.9776,244.8041,249.0203,207.5607,169.4311
2025-10-06,194.8129,188.18,187.6485,189.5841,252.773,250.1941,266.1432,205.4279,259.1674,234.0266,334.6178,140.94,244.9983,252.4229,208.6648,169.5025
2025-10-07,192.4342,184.9757,188.4711,189.7867,250.9693,248.4865,264.8615,205.617,258.2062,233.8195,335.7797,142.5253,242.011,252.1635,207.5575,169.457
2025-10-08,193.1248,184.1499,187.8951,189.7088,253.8177,249.0555,265.9417,205.6924,257.7559,234.0604,332.1981,142.5606,241.4284,249.6764,205.8478,169.6072
2025-10-09,193.5391,185.7084,186.38,188.6061,255.6978,249.0778,266.7187,205.1503,258.2469,233.1646,330.8286,140.5476,239.1847,245.3305,204.8742,169.5841
2025-10-10,192.6126,184.4912,187.2825,189.2018,254.9472,247.5227,265.1475,204.7888,257.5894,233.8891,330.4883,139.2301,240.2572,249.0161,205.4567,169.5717
2025-10-13,190.9388,183.6401,187.8353,189.2022,256.912,247.076,263.2928,205.1078,257.7019,234.1256,328.0577,139.1711,238.6461,244.7324,204.872,169.5421
2025-10-14,194.048,188.0812,188.3191,189.7617,259.1674,247.3145,264.426,205.4871,258.2741,233.056,331.4509,140.5191,244.1999,252.4364,204.9419,169.5175
2025-10-15,186.594,183.5212,188.2004,189.3123,256.3133,246.3929,262.4355,204.763,253.5197,231.672,326.6932,138.878,241.1335,244.7666,204.467,169.3641
2025-10-16,186.9945,183.6608,187.5009,188.9986,255.8257,246.9661,262.5111,204.2492,252.759,230.6028,324.4053,138.2858,239.9298,242.542,205.5035,169.4447
2025-10-17,185.3074,181.6592,186.9829,188.9153,255.2931,246.9735,261.938,202.8507,251.0084,230.3986,325.9065,137.6827,236.9976,241.1569,206.1249,169.5316
2025-10-20,186.075,181.1387,187.5249,190.4136,257.494,249.296,262.6383,204.0543,254.3708,230.5909,327.3667,136.3871,235.9435,239.2429,206.9518,169.5261
2025-10-21,188.9598,182.3499,187.9281,190.1049,259.2162,249.7104,262.3185,205.0313,252.1584,230.3296,328.5846,135.4621,239.9101,246.9841,207.8262,169.5117
2025-10-22,188.9743,183.5299,187.5679,190.557,258.996,250.8524,263.9318,205.0435,252.7079,230.1662,325.8852,135.9977,241.6627,245.9172,208.0781,169.4609
2025-10-23,192.3283,185.5489,187.8234,191.0273,259.4312,251.9561,265.289,204.926,254.5158,230.521,331.266,136.4632,243.5615,252.9961,208.033,169.4843
2025-10-24,189.8804,184.5641,187.105,190.4475,257.3455,250.6752,263.8783,203.2488,252.9974,229.0191,330.8319,137.1417,241.3262,251.1377,206.5618,169.5077
2025-10-27,190.1669,183.5706,187.1147,189.8625,256.9997,251.0406,262.3497,203.2498,252.6865,228.5333,328.6952,136.6909,239.4564,246.0213,207.7999,169.3969
2025-10-28,190.6572,184.3364,187.5317,190.5611,258.511,251.0993,261.5424,203.5012,254.3709,228.3282,332.2067,133.9238,240.7411,248.0437,208.5298,169.5381
2025-10-29,189.1035,183.0605,187.5895,190.6574,256.4363,249.5696,260.1394,203.065,256.3424,228.38,334.8651,134.0112,237.7522,248.4226,206.758,169.5552
2025-10-30,190.7967,183.8514,187.3239,190.5457,259.4223,249.9111,260.336,204.0857,255.7061,227.7252,331.2359,134.1894,239.4119,248.7674,206.1942,169.4847
2025-10-31,190.0752,183.1149,186.7175,189.8319,260.8367,249.469,259.7682,203.4954,254.815,228.0274,329.247,135.5901,237.3178,244.0175,205.5197,169.5571
2025-11-03,190.3243,184.195,187.7921,190.5082,261.2961,249.6212,260.0867,203.7061,254.2046,228.1679,334.9569,135.1194,239.38,252.5644,205.6467,169.65
2025-11-04,192.4507,186.2236,187.315,190.4648,261.9824,250.7358,260.8739,202.7482,254.994,228.1212,336.7968,137.0833,238.1779,253.4314,206.7714,169.6141
2025-11-05,193.2539,186.5259,188.0309,191.9041,264.6896,252.6336,262.1821,203.6224,256.5847,228.4672,338.9833,138.2296,237.7769,253.5355,208.0383,169.6368
2025-11-06,191.9732,188.7235,188.477,191.6401,264.0496,253.1564,263.245,205.0821,256.3877,229.5326,340.8504,138.6426,237.5164,257.7769,208.6505,169.6758
2025-11-07,190.0916,189.0652,189.0291,192.0251,264.9654,253.2423,262.2516,205.6426,257.3231,229.2393,342.8343,138.9897,235.8223,254.5669,209.586,169.7184
2025-11-10,189.9595,190.3,189.2463,192.3427,265.2707,254.3735,263.1547,205.2928,258.4498,230.1453,346.7763,140.4112,236.2805,253.8698,210.2706,169.7231
2025-11-11,186.1468,187.4222,189.3464,192.5084,262.5966,254.0254,263.6544,205.0489,258.7429,230.5427,346.3349,137.7876,234.5,248.9546,209.4027,169.691
2025-11-12,187.7194,189.6783,190.4552,194.3422,264.8169,255.776,266.153,206.1606,263.3356,232.2012,353.1008,139.4896,237.2206,252.4702,209.4401,169.7305
2025-11-13,189.787,191.6708,191.4835,195.8899,268.4295,258.3346,269.582,208.1947,266.6489,233.1385,354.1106,138.868,236.9248,255.392,209.8494,169.6889
2025-11-14,190.0463,191.398,191.3856,197.0133,266.7206,260.2454,273.2891,208.1192,268.3804,234.0099,354.3459,140.15,235.5011,254.6561,210.9787,169.8562
2025-11-17,197.2777,195.3022,191.8656,196.9037,266.7577,260.8753,273.9236,207.7269,270.5683,235.4895,360.6936,141.7453,241.2672,263.3435,213.341,169.8479
2025-11-18,195.9417,193.7227,191.8731,196.3112,266.7849,261.908,274.6441,208.3213,269.4567,235.7752,357.3717,138.7721,236.3954,259.9264,213.8414,169.8455
2025-11-19,193.9478,194.2723,191.4033,195.4352,264.6309,259.4932,273.9763,207.769,267.7894,235.9767,355.7099,139.3202,237.8279,259.7917,213.576,169.8976
2025-11-20,195.5224,196.9065,191.4455,195.9084,266.4212,259.5435,274.106,207.4724,269.1197,235.8509,356.6126,138.9676,238.8343,265.2639,213.2759,169.8861
2025-11-21,197.8637,198.9769,189.7954,194.0751,265.6511,259.2397,273.1566,206.7234,270.1415,235.0766,358.3487,138.5737,237.4493,264.7891,212.4323,169.9254
2025-11-24,196.7664,198.394,189.9978,194.8755,266.7541,261.3539,274.7622,206.6788,271.4811,236.2626,360.0938,136.6609,236.921,266.8704,210.5621,169.9456
2025-11-25,198.7929,197.3068,189.7631,195.06,268.3043,262.5319,275.2242,208.0318,275.2974,238.1455,359.3694,135.1064,235.9534,266.3554,209.0216,169.9334
2025-11-26,199.8182,200.2445,189.9048,194.9758,265.4836,260.771,275.9205,207.6984,274.7516,237.3436,360.0514,137.1575,240.6206,271.1097,209.856,169.9392
2025-11-27,198.9219,198.0709,191.0513,195.74,265.1805,260.9916,275.4055,208.7522,273.8965,237.2845,359.5455,135.0761,242.051,273.6518,209.8595,169.9954
2025-11-28,201.5209,198.7163,190.8422,195.8645,264.9558,261.9746,276.1006,209.2418,276.4324,236.2286,361.8465,134.8784,241.8511,275.6988,208.5157,170.0628
2025-12-01,200.865,197.0548,191.603,195.4553,263.0075,260.569,274.0658,208.1904,273.7126,236.1185,361.4351,134.4716,242.5959,277.2504,208.861,170.1851
2025-12-02,194.2324,193.9971,192.0148,195.569,261.4549,259.836,273.1066,208.371,272.8025,235.5696,361.4979,131.8681,238.2848,269.4815,208.5777,170.169
2025-12-03,194.2742,193.1674,192.1196,195.7483,260.9903,260.763,274.313,208.4064,271.729,236.0086,362.6943,131.501,239.7916,272.0414,208.2532,170.121
2025-12-04,197.692,195.7917,191.9528,195.3475,260.7112,260.1689,273.306,207.4116,270.6629,235.8112,365.5083,132.2502,242.4231,283.8361,208.4473,170.2145
2025-12-05,199.921,195.5268,191.7506,194.8051,259.877,259.2458,271.8797,207.0688,272.0035,235.5046,370.323,133.3388,239.3827,286.5073,208.3244,170.174
2025-12-08,200.9392,195.0248,192.777,195.5188,260.5581,258.9712,270.5857,207.2153,272.5018,235.1502,374.115,133.8836,239.7274,289.3181,209.0629,170.1292
2025-12-09,203.4844,196.6721,193.4502,195.5163,262.6689,259.6332,269.236,208.1844,273.5956,235.5431,375.8763,132.3193,241.822,292.1785,210.3658,170.174
2025-12-10,201.1952,195.2964,193.5194,195.6803,261.6796,259.8958,268.9967,207.3324,272.3399,234.8706,372.4301,134.1449,240.0889,285.882,210.3871,170.2882
2025-12-11,200.3246,193.941,193.0689,195.4397,261.2333,260.7904,268.8412,207.1618,268.9286,233.7319,368.4868,134.3353,239.4939,288.5888,209.3948,170.4225
2025-12-12,204.754,196.8012,193.5918,195.0237,262.2286,261.1418,269.0146,209.2701,270.536,234.251,371.499,135.915,243.8665,291.5534,211.0093,170.4597
2025-12-15,203.495,196.3497,193.1886,195.1794,262.0752,260.5322,269.6214,209.2492,271.1418,233.971,366.9839,135.2321,243.2999,288.6364,209.7196,170.3493
2025-12-16,201.2937,194.6671,193.9732,196.9766,266.9968,264.6237,271.9612,210.9453,272.3601,234.657,366.7187,135.0614,242.5284,282.4673,208.7987,170.5036
2025-12-17,199.2022,193.4813,193.8064,197.4529,267.2787,263.8176,271.5923,209.9102,271.6657,234.3205,362.684,135.4616,242.6319,278.3079,208.0701,170.5554
2025-12-18,195.1978,190.1709,194.2068,197.1156,265.524,262.9985,269.641,210.2432,270.5032,234.4283,356.9389,135.7577,240.3815,271.7018,206.2213,170.6757
2025-12-19,197.9972,193.4773,194.6586,197.2986,266.0883,264.2668,271.4698,211.0311,271.422,234.3128,359.3099,134.644,242.1394,281.3977,205.8988,170.7183
2025-12-22,198.3612,193.4279,194.1793,196.4294,265.4936,263.3386,269.5823,209.9018,270.7722,233.8885,357.2613,132.5371,240.7628,281.1746,205.9605,170.7225
2025-12-23,198.9667,193.3614,194.2782,196.6628,265.1297,265.3153,271.1544,210.5879,269.0335,234.2979,353.5427,134.0346,243.0237,284.8189,205.4813,170.7678
2025-12-24,200.2671,195.4002,193.1679,195.9273,265.7654,265.2137,270.7039,209.671,268.561,233.5729,353.4995,135.1411,242.8913,285.0054,205.7511,170.8171
2025-12-25,201.8276,198.5757,192.303,194.5877,266.7355,264.7858,269.3422,209.4479,267.7246,233.5893,350.4397,136.0628,244.2521,282.9643,207.2204,170.9061
2025-12-26,202.0527,199.9576,192.5346,194.1365,266.5923,262.5828,267.2674,209.3864,267.8131,232.8026,353.6478,137.7911,244.4301,286.5975,206.5041,170.9232
2025-12-29,205.1948,202.7578,191.5363,192.8542,266.12,263.2428,268.9089,209.5329,266.6104,232.6479,353.7403,137.5924,247.8417,289.5136,207.0706,170.8809
2025-12-30,208.869,205.8096,191.6909,192.9308,269.4257,264.7425,270.2839,210.6901,267.0389,233.7548,353.8878,140.1879,252.1085,291.784,208.1935,170.8592
2025-12-31,212.8766,207.4282,190.6999,192.043,270.721,263.5629,270.0544,209.803,265.697,232.7423,354.31,141.6053,252.9248,294.9637,208.5467,170.9451
2026-01-01,213.8723,208.8309,191.4318,192.5561,272.5419,263.4062,270.4378,210.4527,266.7125,232.6367,355.0638,141.6312,252.6144,295.2919,209.746,170.9545
2026-01-02,215.6242,210.0642,190.3525,190.9612,271.5333,262.4102,270.0801,210.2761,267.2459,232.3019,354.6804,144.9367,249.0608,293.8694,208.331,170.8874
2026-01-05,215.3643,209.2914,190.7156,191.4692,269.3295,263.2527,270.3024,209.5654,266.8079,231.895,352.999,145.3444,248.5134,295.2136,208.918,170.9192
2026-01-06,213.5796,209.5888,191.2399,192.1677,270.9123,262.141,271.5752,209.4927,266.8609,232.5299,351.4381,146.631,248.4726,292.2691,209.0828,170.9132
2026-01-07,217.5462,211.7966,190.8599,192.4625,274.4622,265.0556,273.5732,210.1451,270.5623,233.7369,353.709,146.1932,247.722,292.2585,209.047,171.0549
2026-01-08,219.8906,213.7063,191.7382,193.6412,275.8798,265.8796,274.2304,210.8459,273.1924,234.156,358.9676,145.5945,249.9884,300.7442,208.8974,171.1344
2026-01-09,221.4229,215.2903,192.0263,194.8345,278.0847,266.8177,275.9408,211.3082,275.7178,234.6662,357.7453,145.7894,255.6191,295.8226,210.0085,171.1879
2026-01-12,221.004,214.6797,191.3213,194.7685,278.4091,266.1341,275.9378,208.9998,274.5034,235.4735,357.189,146.0899,253.3151,296.5438,210.2185,171.1182
2026-01-13,220.1995,213.733,190.9508,194.9148,280.1552,267.492,277.7171,208.5133,273.7135,235.9561,352.7189,145.3822,249.65,291.6192,210.607,171.216
2026-01-14,220.0852,214.8676,190.9548,194.5376,279.9734,266.2894,276.2447,209.034,274.629,236.6415,352.7169,146.4606,249.9618,294.1555,209.943,171.1709
2026-01-15,223.6645,215.6819,191.0665,194.4058,279.8711,268.3607,276.7915,209.7911,277.3345,236.9859,353.576,147.9353,247.2421,293.2253,210.7077,171.217
2026-01-16,222.2714,213.938,191.4729,195.0772,278.4357,268.3136,276.7488,209.4336,276.2021,236.1081,353.3327,150.3356,245.2527,290.9238,212.2304,171.2834
2026-01-19,220.53,213.9998,191.3674,194.0943,277.6248,267.5408,275.0517,209.9081,274.613,235.6183,353.7412,150.0749,245.7591,290.4598,211.6262,171.3743
2026-01-20,222.6594,215.4979,190.5235,193.3559,277.342,269.4078,275.5939,209.8283,274.6562,235.1436,356.8546,150.6573,242.0385,293.9611,212.2067,171.5794
2026-01-21,226.2377,216.3753,190.3084,192.1793,273.2557,266.3942,273.6495,208.6848,274.8714,233.8251,363.6345,151.2745,244.5961,301.2027,211.5155,171.5407
2026-01-22,229.9467,219.9722,190.0347,192.562,275.5721,268.0233,276.4816,209.1847,277.7986,234.0871,367.8206,153.4094,245.8882,301.5857,212.1406,171.5714
2026-01-23,232.3658,221.0473,188.6332,191.6849,277.9535,269.2108,276.7445,209.1214,278.3568,233.8196,361.6004,154.6424,246.9803,291.5138,212.1311,171.5434
2026-01-26,233.5122,222.1705,189.6308,192.7701,278.8086,271.0071,278.6212,209.7467,280.426,236.0501,366.6967,153.2055,249.2057,297.2866,213.4975,171.5205
2026-01-27,231.8303,223.0819,189.4306,191.7689,276.531,269.4499,276.9825,208.5196,279.0816,235.578,369.9041,154.8209,247.5396,297.8046,213.5879,171.4524
2026-01-28,230.0787,223.663,189.0007,191.1876,275.4163,268.8611,274.9292,207.2181,276.9398,235.9981,367.7212,153.83,248.7385,298.4932,214.6121,171.6082
2026-01-29,224.4389,221.2097,189.4826,191.9417,274.7315,268.0991,274.4265,206.9727,276.9846,236.8768,367.572,153.9036,247.9945,294.3542,213.5116,171.6008
2026-01-30,221.1977,219.1155,189.9937,192.3584,273.4685,267.6649,272.7294,206.7121,276.8337,235.8234,368.1421,152.7236,246.0818,288.75,214.6003,171.6302
2026-02-02,219.0943,217.3901,188.813,191.2155,271.9627,266.1669,270.0215,205.3487,274.5974,233.6988,362.7781,155.6137,244.6739,278.5128,213.9888,171.5792
2026-02-03,221.0054,215.9785,188.3264,191.1922,270.5933,267.1512,270.9807,204.7461,275.0559,233.6933,362.823,153.9684,243.1718,279.4899,214.2208,171.5873
2026-02-04,219.4402,213.8699,188.0819,190.7644,270.1486,266.5322,271.5552,205.5689,273.6473,233.8665,363.2486,154.1981,240.5012,278.6591,213.7895,171.6348
2026-02-05,221.1362,213.2489,187.6583,190.84,270.2885,268.5166,273.3454,206.0503,274.8581,233.6685,360.3012,154.8955,239.0731,272.354,214.6809,171.6162
2026-02-06,219.1341,213.8616,186.6596,190.0452,271.4041,267.982,273.3753,204.8692,273.226,233.2917,355.7094,153.0117,239.5021,266.455,214.1117,171.5795
2026-02-09,222.0547,214.5013,187.7803,190.5982,272.7507,267.5679,273.825,205.9582,273.1212,234.1168,357.6238,153.7467,243.4004,275.3042,213.5933,171.6186
2026-02-10,221.5881,216.1875,187.7501,190.4892,273.0938,266.9518,274.7925,206.1451,270.8742,234.3142,355.2905,152.0012,244.786,282.9527,213.4138,171.6784
2026-02-11,226.4653,218.7459,186.8416,189.4673,275.2469,268.1283,275.3231,206.6565,269.2564,232.7818,354.7191,152.158,243.8488,287.3006,214.3943,171.7534
2026-02-12,226.3451,221.4368,187.1045,190.4314,277.4305,268.6349,276.4892,206.6844,271.5245,234.3951,357.4742,151.587,245.0713,289.2964,215.7741,171.7694
2026-02-13,231.1611,227.5606,186.7947,190.7473,281.0367,272.0281,278.7536,206.962,275.7172,235.7214,362.6241,150.3543,244.8421,296.3355,216.6256,171.8187
2026-02-16,228.29,223.8165,186.4993,190.5094,278.2817,271.3588,278.0017,206.4725,274.2857,235.1451,357.9992,150.9408,243.0406,291.4436,215.1455,171.8425
2026-02-17,236.099,229.3687,185.3127,189.6147,281.5152,272.2801,279.7666,206.5474,276.1355,235.518,364.3974,151.5404,245.2207,299.6297,215.7052,171.885
2026-02-18,241.0315,235.1577,184.9092,189.604,283.9492,274.2521,282.361,207.1067,277.7388,235.4331,366.1564,153.9946,246.1714,308.0735,215.3842,171.8405
2026-02-19,241.7522,233.5199,185.2615,190.0629,285.3011,276.5748,283.116,207.5765,276.6712,234.8294,365.8449,153.3497,246.8151,311.8346,213.3586,171.9296
2026-02-20,239.2459,231.3429,184.7311,190.1499,288.4184,279.61,283.3364,207.1852,275.5439,235.8402,359.5697,151.5748,245.6369,303.2408,212.8428,171.9193
2026-02-23,236.8687,230.2162,184.9132,190.0406,289.0244,279.0438,284.3454,207.9738,274.7674,236.0061,359.1465,151.2429,245.6783,298.4501,212.5965,171.8802
2026-02-24,240.7786,231.9532,184.2865,188.9337,287.5107,276.4748,283.8139,207.8907,275.1469,235.0009,357.964,153.2269,246.7865,300.4028,211.8124,171.9389
2026-02-25,238.4665,230.5472,185.1274,190.4017,288.2926,278.3255,286.2297,209.0788,276.4834,235.5767,357.4568,152.8496,248.1782,294.7532,212.6155,172.0162
2026-02-26,236.9546,230.0211,185.5079,189.8467,285.1106,274.9809,285.1791,209.4687,277.0307,235.4624,360.4529,152.0935,246.2299,296.2907,212.5836,172.0363
2026-02-27,234.3858,227.6166,185.3999,189.6601,281.1958,273.3507,285.0525,209.3399,276.1659,234.7051,361.5727,152.8031,245.7436,294.6747,212.1067,171.9687
2026-03-02,236.3851,228.1204,185.72,189.5954,281.0955,274.0397,285.1844,210.31,277.4413,235.6606,364.6724,153.7132,246.5961,295.4557,213.3066,171.8402
2026-03-03,237.9569,228.9172,186.1047,189.9176,281.6134,276.1769,285.8002,210.9614,278.1929,236.2502,364.9796,154.3665,247.3797,296.6955,214.0723,171.8746
2026-03-04,239.3578,229.3315,185.5435,189.4516,281.2088,274.0669,284.2954,210.2407,278.0784,234.7906,364.199,155.0008,248.2278,293.6197,214.6628,171.8144
2026-03-05,233.4145,226.6489,186.2776,190.4237,280.5217,273.3492,283.5491,209.6984,276.8217,234.3923,362.9629,155.3537,245.1646,289.8917,214.7878,171.7244
2026-03-06,233.8204,230.0669,186.4731,190.6695,280.9536,274.1692,284.8407,208.5746,274.8544,234.2544,364.288,158.5004,245.727,297.2972,215.3885,171.7462
2026-03-09,231.3003,229.6131,186.9252,190.507,281.7079,274.4407,283.8313,209.1933,273.789,235.0595,362.3626,159.0675,246.3464,295.3559,214.821,171.7939
2026-03-10,239.7484,235.6578,187.1069,190.6101,285.1443,275.7893,284.738,209.5092,277.3921,235.4597,365.5653,159.2804,251.4154,302.5301,215.4384,171.858
2026-03-11,239.6979,236.9087,187.7896,191.7061,287.4278,275.091,284.9842,209.1763,277.4491,235.6542,366.3755,161.3222,253.6005,303.5923,216.613,171.8344
2026-03-12,244.6894,238.7419,187.7007,192.4798,290.5096,276.6073,286.2063,209.2835,279.1363,236.2416,369.2333,162.3231,257.4348,310.1699,216.4256,171.7784
2026-03-13,248.8796,243.1798,186.7738,191.7111,293.5098,278.5118,288.5857,209.0978,278.8369,236.7733,370.2993,161.3083,257.6209,316.0251,216.7915,171.8628
2026-03-16,248.8223,243.3507,186.7172,190.9985,293.0819,276.7669,286.959,208.7797,277.7462,236.0005,371.318,162.7278,259.2561,313.3567,216.8935,171.8907
2026-03-17,248.1313,243.9041,186.047,189.3249,288.7416,273.0765,285.0075,208.2332,278.8226,235.1822,373.9565,161.3329,257.2774,309.1035,217.2493,171.8585
2026-03-18,244.7123,242.9782,186.3654,189.422,286.624,271.8534,283.9677,207.6794,275.7346,235.4403,370.6729,161.9199,259.7503,311.8827,217.5437,171.7287
2026-03-19,251.1278,246.2236,185.7017,188.919,287.4891,271.9105,284.4256,207.4385,277.0191,235.0161,372.8896,163.0308,263.1743,313.6961,218.9344,171.7951
2026-03-20,246.6916,244.25,185.471,188.59,288.0737,271.6672,284.4904,207.0388,274.9798,234.1346,369.3935,163.036,256.3378,305.2917,219.3249,171.7845
2026-03-23,250.6095,243.9573,184.4929,187.9746,289.0787,271.3055,283.5647,206.5158,274.2078,233.272,368.1404,162.8209,253.6447,311.1955,218.5775,171.7911
2026-03-24,250.919,242.9244,185.0764,188.7965,290.2444,272.2216,284.2416,207.487,274.8305,232.6012,367.1378,163.9736,255.6572,308.2646,218.0776,171.7512
2026-03-25,257.0424,246.7786,184.0443,187.7899,290.4038,271.1604,283.8647,207.2578,276.9632,232.1119,366.4217,163.1769,259.0324,310.7526,217.7363,171.692
2026-03-26,256.0125,246.0469,183.5094,187.2348,287.6601,269.8942,283.7651,206.2914,276.1268,230.6357,364.6502,162.5956,261.9317,305.5872,216.7241,171.6694
2026-03-27,261.8343,250.5592,183.7018,187.9542,291.7041,273.2591,286.8155,207.6371,278.6766,232.4807,367.8875,161.8918,263.8955,313.4674,218.6521,171.6453
2026-03-30,268.7638,253.5899,183.3942,187.4568,293.0343,273.8745,286.7412,207.8218,279.0621,232.2453,368.0667,162.1674,266.0578,321.1366,219.0747,171.6874
2026-03-31,273.7752,254.3107,184.011,187.7511,295.9497,275.3476,288.5423,209.9311,281.2656,232.6468,371.6458,162.0599,265.6376,324.3809,219.2511,171.6072
2026-04-01,274.5561,255.066,184.0669,187.2487,294.5683,272.4372,285.8155,208.7053,281.2228,232.3988,375.7025,162.8988,266.591,326.3108,220.1217,171.7234
2026-04-02,271.7886,254.5544,184.7506,187.4005,292.4027,271.594,285.7548,208.9219,279.3555,231.8327,374.9881,162.3865,264.0965,331.5688,220.4633,171.7515
2026-04-03,266.0928,251.198,183.6691,186.7731,291.2701,269.5397,284.4213,207.0522,278.4102,232.5227,370.5464,159.4454,259.9552,325.6342,218.276,171.7999
2026-04-06,270.7761,254.4346,184.7181,187.4601,296.2933,271.4304,285.4239,209.9197,282.1952,233.7343,371.7477,159.5252,264.2689,325.2926,218.7549,172.0195
2026-04-07,273.2149,255.5374,184.2731,187.8924,297.7319,273.3867,287.2678,210.0246,284.7532,233.1991,370.3652,159.5981,264.5259,320.6299,218.2862,172.0171
2026-04-08,267.4188,250.1066,184.7076,187.729,295.1001,272.3032,284.7576,210.224,282.9837,232.6044,367.7306,158.6463,260.596,316.9686,216.495,172.0732
2026-04-09,268.4266,250.057,185.8408,188.1311,297.7712,274.7292,283.897,211.4434,283.2984,233.2336,370.6315,157.8903,261.1627,319.6475,216.6018,172.126
2026-04-10,268.5716,250.2806,186.8396,189.63,299.4872,277.1723,285.2691,213.5911,288.2195,234.8851,371.9799,158.1912,260.913,314.2857,218.3213,172.1334
2026-04-13,266.0988,248.3853,187.1577,190.1045,301.1311,280.4126,285.7658,214.6165,288.2311,235.808,371.1113,155.0636,257.8862,317.1981,216.7645,172.208
2026-04-14,264.2489,247.2591,186.4737,189.7691,300.7429,281.1008,286.6522,214.3783,287.9271,235.1594,368.3942,153.1998,257.992,312.6239,214.7821,172.1791
2026-04-15,266.4916,249.1516,186.3196,189.2426,301.0707,281.1166,286.9313,213.5924,286.5356,234.9743,367.6014,151.072,259.8388,314.9378,215.8963,172.255
2026-04-16,271.2313,254.0829,186.9948,189.9007,304.6327,281.8175,287.7682,214.6852,289.2963,235.1471,372.0216,150.1914,264.3845,323.9359,215.757,172.2822
2026-04-17,275.1651,256.5665,187.8265,190.9794,306.0094,284.1154,290.4511,216.1789,292.9031,237.0965,374.7981,150.7412,267.0276,326.1887,217.9885,172.263
2026-04-20,280.2113,258.8509,188.5845,191.4519,306.8947,282.9563,290.0029,216.745,295.2497,237.8285,378.793,152.3684,269.7437,332.5657,219.4389,172.3243
2026-04-21,283.8937,259.0447,188.1164,190.8614,306.5298,281.2973,288.1967,216.0664,295.3676,236.7889,376.5172,151.237,270.4037,332.9713,219.5985,172.371
2026-04-22,277.1171,256.239,188.3974,190.889,303.7112,278.7197,285.8762,214.9732,292.5359,236.7867,373.735,150.9833,268.7941,332.8303,219.1926,172.4703
2026-04-23,272.3082,253.4165,189.7672,191.4184,301.9866,278.5241,285.411,216.2226,290.2859,236.4997,373.0735,150.8481,269.4384,333.1093,219.0343,172.4498
2026-04-24,267.8044,248.6962,190.6002,192.5105,302.6548,278.5489,286.3036,217.3738,291.4599,236.9586,370.7416,149.5515,264.9461,324.5939,218.6965,172.4251
2026-04-27,267.2633,248.9394,190.3083,191.0489,301.8684,275.4059,282.8072,217.5658,290.1517,236.5353,367.0219,150.6601,264.301,319.589,219.3485,172.4435
2026-04-28,265.605,250.2854,190.9161,191.5537,304.5745,276.9266,281.7542,218.0862,291.3667,237.453,371.8482,152.8297,263.6201,316.5804,221.0183,172.3622
2026-04-29,265.1716,251.2656,191.3259,191.9405,307.7955,276.5206,280.4112,219.3396,291.2923,237.5773,372.9396,156.479,265.4879,315.5883,221.673,172.2736
2026-04-30,270.388,256.7186,191.9548,193.5537,312.1459,280.7256,283.4764,221.0696,295.0556,237.9099,379.3726,157.4887,267.6919,325.314,223.0298,172.4002
2026-05-01,272.9568,258.9393,192.2951,194.4495,315.8022,281.5779,283.6731,222.2237,298.5001,238.9402,382.0098,157.2839,271.8672,328.1005,222.5349,172.4296
2026-05-04,271.7167,256.8534,192.3364,194.0908,314.8667,280.959,284.0243,222.3646,297.7988,240.1685,382.7558,157.827,269.1205,329.9794,221.5299,172.3783
2026-05-05,274.4604,258.24,192.3516,195.0383,316.9283,283.4909,287.8127,223.624,300.9032,240.6899,381.0344,157.895,265.4063,333.5934,220.6587,172.394
2026-05-06,275.251,260.957,191.3987,194.8617,319.343,285.9566,290.9046,223.7178,299.5759,240.4928,380.3466,158.4081,266.0104,330.6084,222.3184,172.3785
2026-05-07,274.9065,260.667,191.1425,195.689,319.8687,287.8725,290.9132,222.4101,300.1998,240.0487,378.4982,158.469,264.7253,329.9364,222.1701,172.4497
2026-05-08,271.8427,257.6379,191.4723,195.599,317.2728,288.1369,290.6423,222.4687,299.7992,240.4579,378.4016,157.2546,263.6315,328.2834,221.0248,172.4521
2026-05-11,275.5005,260.9061,192.7269,196.6907,319.0917,289.0312,291.051,223.1755,303.0042,241.3409,384.6784,161.7698,265.2607,333.4772,222.07,172.5392
2026-05-12,274.8438,258.6255,192.8437,196.755,314.9027,287.554,289.72,221.8077,301.2056,241.625,384.0725,160.2889,267.0898,338.1794,223.0412,172.5864
2026-05-13,273.7379,259.1981,192.2721,196.9297,316.3467,288.2752,290.8232,223.0936,306.1661,242.4927,386.1522,158.9404,262.979,332.7353,222.2664,172.4482
2026-05-14,278.145,263.0968,192.1409,196.6203,318.1229,287.6405,290.9792,222.6881,307.5868,243.3323,390.1989,161.1005,261.3096,338.0272,224.0492,172.481
2026-05-15,284.519,265.8629,192.0165,196.6752,322.2701,289.942,291.4535,223.7308,310.1478,244.2036,392.2549,163.6603,261.4577,339.4281,225.2005,172.4711
2026-05-18,286.8051,270.7969,190.9064,195.4841,323.3127,289.5852,291.3051,222.9967,312.6416,244.4467,395.1685,164.6917,260.4604,339.3548,224.1243,172.4549
2026-05-19,280.9925,265.3115,190.6819,195.9996,322.7845,289.8936,291.2136,222.3716,311.4509,245.3921,387.492,165.0804,259.0252,330.5762,222.0631,172.5223
2026-05-20,281.1942,266.2411,190.6405,196.2587,324.0252,291.577,292.4944,221.8638,312.7916,246.3019,390.7593,163.9556,258.272,327.3699,223.4098,172.5925
2026-05-21,276.5201,263.8167,191.2592,195.9176,320.6082,289.6998,290.1426,221.2968,310.4302,245.0305,390.2912,164.6348,257.6891,321.2625,224.1021,172.6581
2026-05-22,273.5214,261.4431,191.4116,196.5145,319.0227,291.8954,291.1758,220.5133,309.098,245.3025,386.5565,165.1376,259.7901,317.2868,223.1351,172.6858
2026-05-25,265.9606,257.624,191.7773,196.2967,314.6123,290.0316,288.9713,220.0069,304.9175,244.3729,383.8083,164.6844,258.7511,316.2126,222.5116,172.5962
2026-05-26,265.5332,255.8587,192.5397,197.8002,316.3934,291.7174,290.8978,220.8068,306.8165,245.2664,387.096,165.3503,258.8062,314.4309,223.0794,172.6822
2026-05-27,268.2021,257.1388,193.5216,198.5582,318.6446,293.3261,291.6565,221.9203,308.1518,246.6996,388.8663,165.2721,259.2863,319.5788,224.7293,172.5481
2026-05-28,264.3782,256.1628,193.9365,199.1092,319.1339,291.614,291.5879,222.268,307.8881,246.7553,387.4629,167.101,258.7549,318.1946,223.2278,172.6024
2026-05-29,264.3123,260.0466,195.0548,199.7435,320.5196,291.6495,291.0324,223.7665,309.0822,247.5963,386.1371,169.2249,264.204,321.4495,223.639,172.6669
2026-06-01,265.7912,258.728,195.1613,200.4418,321.4208,293.9722,293.6511,224.6768,310.125,249.0506,383.4369,170.0035,264.0254,317.1511,225.3519,172.599
2026-06-02,261.5237,256.6853,195.2834,201.024,320.5746,293.1336,292.5659,223.4509,309.0282,248.4192,382.5558,167.3889,264.2294,318.3688,223.5084,172.7317
2026-06-03,261.0994,256.3443,195.01,200.8095,320.2316,294.4377,292.6846,223.7405,310.2553,249.0568,380.9456,168.5404,262.3024,312.6338,223.9082,172.8222
2026-06-04,262.9215,257.426,194.5336,200.2516,320.1396,294.7722,293.5103,223.501,308.5356,249.1261,379.4176,170.7244,260.432,313.6428,225.5162,172.8466
2026-06-05,267.3092,261.0969,192.7672,198.6639,318.8876,295.0619,292.628,222.605,308.791,247.9387,378.8573,171.1428,261.435,312.1626,226.9331,172.886
2026-06-08,264.3823,260.1907,193.3918,198.1267,317.7569,293.955,291.1428,224.1705,309.8837,249.0361,381.2402,171.5687,260.4847,306.7569,227.6075,172.9505
2026-06-09,263.4987,258.354,193.0579,198.0672,316.1466,294.5426,291.5416,224.3424,307.8794,247.6877,379.6835,172.5045,262.4718,303.454,227.5315,173.0176
2026-06-10,265.5418,261.8782,192.7787,197.7561,320.0781,296.8457,292.5582,224.755,307.1568,249.4959,381.112,171.64,264.3076,310.0173,227.7757,173.0937
2026-06-11,265.6447,261.0634,193.3148,197.6838,320.8726,294.8883,290.3951,224.6328,306.0873,249.2973,381.2258,171.2061,266.8409,312.8911,226.6311,173.1442
2026-06-12,265.6751,259.8144,193.3856,197.7687,323.2794,295.7972,290.865,225.7868,308.2519,250.6842,380.6109,169.3432,264.5241,309.3048,226.1346,173.0831
2026-06-15,263.7297,259.3122,194.2023,198.9635,326.0159,296.3939,290.3785,227.1327,309.1692,252.2183,379.278,169.3951,266.2014,311.8004,225.7121,173.0958
2026-06-16,264.1975,262.0961,194.7478,198.9211,326.3529,295.0915,288.8042,227.2535,308.654,252.6069,381.6676,169.3552,268.6744,317.7001,227.4869,173.0634
2026-06-17,262.6296,260.2527,195.785,200.4157,331.0559,297.3447,290.3594,229.0196,309.216,253.8167,382.4543,169.7848,270.3103,314.6129,227.4686,173.1067
2026-06-18,259.7954,258.9566,196.621,200.7283,329.3447,296.2259,290.2886,228.7499,308.3164,254.8915,383.4695,171.8654,268.769,318.528,226.3285,173.0762
2026-06-19,260.0821,260.2528,197.5017,201.1791,326.4576,295.8269,291.0082,228.9012,308.8878,256.0287,387.8333,172.8718,268.3897,326.2839,228.1277,173.1104
2026-06-22,260.9986,261.583,197.1876,200.0513,324.0124,295.4374,290.5267,227.5414,306.6448,255.9096,390.0211,172.7475,266.2719,328.2684,230.7799,172.9921
2026-06-23,265.0821,262.7013,197.0845,199.4681,323.1624,296.9942,291.2468,228.0503,306.1263,255.1053,387.8127,171.2017,271.6011,325.3267,232.4209,172.9666
2026-06-24,264.3673,263.5857,197.6921,199.6786,322.208,296.607,290.2614,227.9759,306.2392,255.6285,389.9575,172.2517,272.2297,328.0661,233.4181,173.0271
2026-06-25,264.6376,263.7958,197.6237,199.8623,324.0152,296.6379,290.0926,228.1048,308.8126,255.4154,391.7958,169.9544,271.8993,327.3778,231.538,172.9753
2026-06-26,271.0207,269.0778,197.733,200.0596,324.223,297.645,291.6348,228.8519,311.1594,255.607,396.2999,172.207,277.9193,332.971,233.789,172.9876
2026-06-29,270.8154,267.1287,196.4964,198.637,321.7995,297.5935,291.9274,227.3477,308.4459,255.4508,396.4716,171.254,276.9064,332.2801,232.3278,172.9058
2026-06-30,271.2538,265.995,196.0356,198.761,320.6358,298.2821,293.5203,228.5087,310.046,256.6879,397.5204,171.3349,275.6342,332.568,232.7886,172.8685
2026-07-01,270.0555,266.6494,196.7736,198.3947,315.7383,297.0334,292.0192,228.5781,308.94,256.6706,402.7271,171.9271,277.7053,339.8191,233.7032,172.9716
2026-07-02,273.258,270.6246,196.2068,197.4824,319.0878,297.548,292.3137,229.1681,310.5197,257.3386,401.8735,171.979,277.5744,339.4582,232.9899,172.9726
2026-07-03,269.9875,269.1667,195.8762,197.121,315.8668,295.8755,290.477,228.8485,309.635,255.7681,399.1305,172.4233,275.0699,334.2789,233.6633,172.9466
2026-07-06,269.345,269.4865,195.3396,196.2909,314.4814,295.6891,290.1833,228.0891,308.682,254.9723,398.5873,173.8319,273.1847,328.5334,234.4525,172.9915
2026-07-07,270.3849,271.2796,194.0487,195.5069,316.4385,297.1707,291.7456,227.656,308.181,255.1906,397.0482,175.5203,273.0961,323.256,234.2603,173.0455
2026-07-08,272.9353,273.2496,192.8435,195.1754,317.6058,299.1346,292.765,227.5085,310.2514,254.7791,396.4817,175.8181,270.9731,319.5885,234.5283,173.1534
2026-07-09,269.958,272.6586,192.8796,195.0104,317.3069,299.4458,293.8751,227.7469,310.4385,254.8022,396.2838,175.0536,269.1118,316.5872,232.6914,173.1213
2026-07-10,270.9823,272.2605,193.434,196.0614,319.4416,302.802,296.4141,229.0366,310.7323,257.0277,392.9032,176.8042,273.5871,316.6126,232.8245,173.1523
2026-07-13,280.9959,279.775,192.178,194.8338,321.6982,302.0069,296.4808,228.4432,314.0069,257.3777,397.4141,175.7418,275.7618,324.9104,234.1146,173.2532
2026-07-14,280.3318,279.1026,192.4982,195.0928,321.3922,303.8087,296.1344,228.5316,312.2171,256.6191,395.6204,175.5628,275.4085,327.839,234.1379,173.2179
2026-07-15,279.5738,276.9662,192.712,195.1158,318.753,302.8841,295.1527,228.5029,313.0951,256.5899,397.1557,174.312,277.5012,328.0069,232.8944,173.1974
2026-07-16,272.5715,275.6378,191.7043,193.6842,317.148,300.2599,293.6043,227.185,311.651,256.4793,390.1344,173.6676,273.9917,316.6414,230.0531,173.2415
2026-07-17,280.3798,277.7676,193.2897,195.1611,321.1985,301.945,294.7463,227.1623,312.529,258.6619,391.7733,174.2608,281.227,326.9461,232.1506,173.2747
2026-07-20,289.1335,281.7648,193.1223,195.0039,323.5891,304.2602,298.4292,228.2316,313.2393,259.1571,393.8989,176.5278,282.1418,334.0322,233.9781,173.2424
2026-07-21,296.0842,284.3195,193.5475,195.0251,323.6056,304.9944,299.6431,228.8952,313.0157,260.1226,392.528,177.4884,284.014,345.4263,235.5005,173.2642
2026-07-22,290.7268,281.7537,193.9141,194.969,321.1236,305.2723,299.6814,228.3885,309.0575,259.5857,391.2625,178.8977,286.1868,342.5359,234.7875,173.2166
2026-07-23,299.0903,283.6534,193.0467,194.0589,320.7311,303.9391,299.7061,228.017,307.7857,259.5198,389.9098,177.0614,289.9144,356.2347,234.7311,173.2224
2026-07-24,302.4438,282.7435,193.025,194.0507,321.2834,305.7624,301.7299,229.1696,307.6092,259.8758,387.7527,178.3614,289.2518,359.4484,233.6599,173.2815
2026-07-27,300.1853,279.798,192.4879,192.7293,318.7527,302.8515,297.2227,227.5692,306.1189,259.7246,388.1548,178.2253,287.069,356.983,232.537,173.241
2026-07-28,297.5869,279.9282,191.8529,191.0386,317.5174,299.954,293.3608,226.9104,304.2419,258.5468,386.3109,177.1882,286.6621,349.8773,232.6312,173.284
2026-07-29,292.2569,276.4441,191.058,190.2022,313.3029,297.8845,291.7249,225.6458,303.2168,257.4443,384.6347,174.0676,283.9429,342.9861,231.4399,173.3437
2026-07-30,283.2697,269.8874,192.0727,190.9894,311.5278,294.3166,288.6392,225.4195,301.5892,257.8005,382.0763,173.745,280.9076,334.2161,232.2902,173.3568
2026-07-31,287.9405,268.7789,191.4373,189.9149,308.8882,293.2642,287.1759,224.6579,301.326,257.475,382.2792,174.6056,277.6043,336.9329,233.2397,173.3926
2026-08-03,293.3266,273.3059,191.5464,190.3362,310.179,295.9279,290.4443,224.9056,300.9022,257.5398,382.6733,176.481,279.8673,347.979,233.8655,173.51
2026-08-04,290.7597,272.3103,191.448,189.8158,310.2534,296.3629,289.8963,225.0787,296.877,257.3511,380.331,178.2197,280.0766,349.0412,233.4975,173.5108
2026-08-05,290.7116,274.3526,191.4852,190.2654,310.1073,296.2326,290.3293,225.4107,297.5957,257.5802,383.6503,179.1061,284.6975,355.5805,232.5276,173.5524
2026-08-06,297.7698,279.4287,190.8411,189.8992,313.6343,297.9488,291.3892,226.5438,299.9341,256.6427,386.4869,180.185,286.5516,360.1339,232.0002,173.548
2026-08-07,292.6719,275.0493,191.7745,190.3876,310.4963,297.0709,288.976,226.5359,300.6252,256.0551,388.2641,179.5125,284.3335,354.1123,231.7506,173.653
2026-08-10,288.0327,274.2392,192.522,191.1979,307.8297,296.2521,289.3518,227.1851,302.1284,256.4009,390.5013,179.5911,284.8386,354.3818,231.0837,173.6697
2026-08-11,289.0491,273.7878,192.3614,191.1004,308.0056,296.4,288.3982,226.877,301.0413,256.3788,387.9474,179.3195,285.8986,354.3825,232.0999,173.8149
2026-08-12,292.0879,275.8538,192.0291,190.206,308.8471,295.2359,287.1249,226.6896,299.4489,255.0849,390.3875,180.4557,286.8296,356.875,232.9159,173.9211
2026-08-13,286.722,275.0647,190.8447,188.6471,304.2635,291.2556,285.9968,225.5853,297.7081,254.1137,389.3862,179.6139,282.1855,353.0389,231.8715,174.0082
2026-08-14,284.6851,275.8113,190.1578,187.4026,302.2558,288.6036,283.1282,224.4366,294.3374,251.7143,389.1357,177.9005,284.4742,351.8567,232.1814,173.9993
2026-08-17,286.0787,276.4626,190.0661,188.1207,308.4071,292.4841,285.8739,225.9008,295.5763,253.414,385.8212,175.2505,284.4142,347.0406,233.0453,174.0391
2026-08-18,285.3843,275.7215,190.5085,188.7074,310.3897,292.8629,285.7031,226.3481,296.5311,253.9682,385.68,174.4937,281.9242,344.9799,234.0645,174.1656
2026-08-19,288.0772,276.6233,190.5254,188.6265,307.9665,293.1058,285.8746,226.6791,297.8784,253.2984,389.7738,177.2253,280.0826,352.3201,233.3076,174.124
2026-08-20,285.0125,272.2984,190.9165,188.9382,306.734,291.1754,285.0705,226.9609,297.8325,252.8751,386.3764,175.7563,278.9102,346.2382,232.474,174.2143
2026-08-21,290.6358,274.2808,192.089,189.7951,306.0677,292.9518,286.5519,228.4234,300.6979,253.3081,389.4335,176.5491,281.6123,352.5134,234.2236,174.3683
2026-08-24,293.7694,275.9501,191.3277,189.9529,307.1804,296.1067,289.5673,228.7108,300.709,252.3959,388.9648,178.0796,281.7578,353.5625,233.9326,174.3314
2026-08-25,292.711,274.744,191.7122,190.2905,306.6196,297.1087,290.6746,229.6901,299.5143,252.7536,387.8621,178.8868,280.3515,357.0646,233.9863,174.3711
2026-08-26,289.5486,272.8789,192.6544,191.1492,306.0165,297.5163,290.1647,229.7037,300.3581,252.8609,386.1457,176.6516,278.8498,353.2581,234.6037,174.4162
2026-08-27,292.0525,273.992,192.6085,190.8697,304.9106,298.441,290.811,229.0564,300.7903,252.8008,392.8954,175.9003,278.8585,357.5289,235.3494,174.4843
2026-08-28,292.2323,276.1959,192.6618,190.0535,305.0867,297.2622,291.0502,229.5149,299.7691,252.6477,390.0227,173.6764,281.8963,356.4668,235.2337,174.4556
2026-08-31,294.4396,279.3333,192.117,189.5973,305.2001,298.0456,292.463,229.67,299.2304,251.7105,389.686,173.108,283.8428,360.5012,234.7731,174.4685
2026-09-01,295.5873,280.4084,191.9432,188.7572,305.0003,295.2453,290.2781,228.8847,299.1452,252.0856,390.1417,169.4479,284.7507,365.1426,234.5978,174.4497
2026-09-02,295.8707,282.7625,192.1567,189.6614,307.7493,298.9342,292.7054,230.0179,300.4135,253.2075,391.845,172.0122,286.1072,368.4129,233.9894,174.4619
2026-09-03,290.3872,280.7613,192.3908,189.7008,306.841,300.1773,294.2501,229.4038,297.7765,252.7531,391.6688,174.5349,281.6771,359.1766,234.91,174.4615
2026-09-04,290.4794,278.8797,192.9744,189.8607,306.038,297.9452,290.9372,228.0543,295.252,252.1193,392.907,174.7437,284.7643,369.9247,233.305,174.6015
2026-09-07,291.2977,279.9294,193.4602,189.323,304.8271,295.7054,289.8388,228.441,293.9183,252.0839,391.0963,172.2538,285.0705,373.8757,235.4508,174.5605
2026-09-08,288.3746,276.7699,194.0191,189.0341,299.4659,292.7856,288.4459,228.2564,291.6849,251.0168,391.3936,172.9224,283.6418,378.2185,235.1734,174.5223
2026-09-09,284.6373,271.0545,193.0669,187.9847,298.2235,291.9159,286.6469,227.192,286.7785,249.2384,387.6916,172.892,277.3931,372.0127,234.6499,174.6181
2026-09-10,292.6916,275.915,193.7319,189.0671,302.877,294.6655,288.6017,228.6054,288.5065,250.1784,394.2031,176.0727,280.63,388.2755,236.0053,174.6786
2026-09-11,297.9274,280.8619,192.7782,187.4618,302.5202,294.0495,287.2935,227.9413,288.396,249.544,394.9558,176.7829,282.2698,396.4341,234.914,174.7123
2026-09-14,298.765,281.2616,193.2413,187.996,305.0367,295.6757,289.1832,229.1607,288.3736,250.2141,396.7642,177.1921,281.0697,398.9493,235.8425,174.7556
2026-09-15,304.4796,287.139,192.8635,188.5102,310.4416,297.4662,289.8035,228.7383,291.1138,250.3002,398.601,175.9075,281.3945,402.6457,237.6372,174.8869
2026-09-16,304.2002,285.1603,193.3558,188.3405,308.5553,298.1528,289.4167,230.2334,290.58,250.0613,398.8011,174.5941,281.5454,407.1702,236.7401,174.9161
2026-09-17,304.5694,289.0757,192.7247,187.887,308.9765,296.9586,288.8032,230.4493,292.1032,248.8676,401.3402,175.3004,280.966,407.6027,236.549,174.8427
2026-09-18,304.2483,290.3019,193.0962,188.2245,310.0585,299.123,288.8055,230.9798,292.3497,249.1075,403.6786,174.6009,282.0086,409.1355,237.3289,174.9536
2026-09-21,302.524,289.463,193.4564,188.1789,305.9033,296.2045,286.1123,229.9353,290.608,248.0518,404.0387,177.1998,279.9803,415.0954,238.7273,175.0315
2026-09-22,302.8726,287.9944,193.8514,188.7237,305.8024,296.0504,286.3781,230.2805,291.018,248.0276,404.8234,176.6372,280.2653,413.6795,240.0052,175.0419
2026-09-23,309.2572,291.9338,193.3946,189.0537,307.0722,297.9054,288.6847,230.4645,293.0874,247.6229,406.6785,178.4512,282.1929,414.2909,242.2366,175.018
2026-09-24,301.0534,288.0913,193.9927,188.9383,303.241,295.3038,287.1019,230.5627,291.9776,247.6337,401.4791,178.5377,278.1468,401.9883,243.422,174.9438
2026-09-25,298.3752,286.6866,194.6625,189.5781,302.4986,296.5892,287.9249,230.2625,290.3082,247.9251,398.4687,179.6304,276.4367,407.1315,242.3375,174.9828
2026-09-28,299.9472,286.5216,195.4836,190.249,304.3339,297.5199,287.8949,230.9262,290.5363,247.9349,397.5949,179.8007,279.3673,409.6307,241.6538,174.9687
2026-09-29,303.8151,292.0937,195.7321,190.4108,308.8602,300.2967,289.9893,232.2746,292.0466,249.0761,398.884,180.4713,277.8567,414.6788,243.1486,175.0486
2026-09-30,300.1163,289.794,196.4033,190.4082,305.2619,300.1163,290.8827,232.5651,288.6371,248.3702,397.0929,181.3031,278.431,415.3702,243.7566,175.0042
